$date today $end
$timescale 1 ns $end
$scope module top $end
$var wire 8 0 u_blue_wire_recorder/gap_cnt $end
$var wire 8 1 u_blue_wire_recorder/vid_d_q2 $end
$var wire 8 2 u_blue_wire_recorder/vid_d_q1 $end
$var wire 1 3 u_blue_wire_recorder/vid_clk_q2 $end
$var wire 1 4 u_blue_wire_recorder/vid_clk_fall $end
$var wire 1 5 u_blue_wire_recorder/vid_clk $end
$var wire 1 6 u_blue_wire_recorder/line_gap $end
$var wire 1 7 u_blue_wire_recorder/fsync_armed $end
$var wire 3 8 u_blue_wire_recorder/st $end
$var wire 1 9 u_blue_wire_recorder/vid_fsync_q2 $end
$var wire 1 a u_blue_wire_recorder/vid_clk_q3 $end
$var wire 8 b u_blue_wire_recorder/vid_d $end
$var wire 1 c u_blue_wire_recorder/vid_fsync_q1 $end
$var wire 1 d u_blue_wire_recorder/vid_fsync_sync $end
$var wire 1 e u_blue_wire_recorder/vid_clk_q1 $end
$var wire 1 f u_blue_wire_recorder/frame_captured $end
$var wire 1 10 u_blue_wire_recorder/kick_first $end
$var wire 1 11 u_blue_wire_recorder/dumping $end
$var wire 1 12 u_blue_wire_recorder/vid_frame_sync_n $end
$var wire 1 13 u_record_video/throughput_overflow_error $end
$var wire 1 14 u_record_video/vid_clk $end
$var wire 1 15 u_record_video/line_wr_done $end
$var wire 1 16 u_record_video/hsync_bit0 $end
$var wire 1 17 u_record_video/vid_frame_sync_n $end
$var wire 1 18 u_record_video/vsync_frame_alarm $end
$var wire 1 19 u_record_video/hsync0_q $end
$var wire 16 1a u_record_video/lc_line_idx $end
$var wire 1 1b u_record_video/frame_start $end
$var wire 1 1c u_record_video/vsync0_q $end
$var wire 1 1d u_record_video/vs_hp_tick $end
$var wire 1 1e u_record_video/hsync_timeout_alarm $end
$var wire 1 1f u_record_video/hsync0_rise $end
$var wire 8 20 u_record_video/vid_d $end
$var wire 16 21 u_record_video/lc_gap $end
$var wire 1 22 u_record_video/vsync_bit0 $end
$var wire 1 23 u_record_video/line_just_done_sel $end
$var wire 1 24 u_record_video/valid $end
$var wire 1 25 u_record_video/line_sel $end
$var wire 1 26 u_record_video/vsync0_fall $end
$var wire 64 27 mipi_cam2_data $end
$var wire 6 28 mipi_cam2_type $end
$var wire 1 29 mipi_cam2_valid $end
$var wire 4 2a mipi_cam2_hsync $end
$var wire 4 2b mipi_cam2_cnt $end
$upscope $end
$enddefinitions $end
#0
$dumpvars
bx 0
bx 1
bx 2
x3
x4
x5
x6
x7
bx 8
x9
xa
bx b
xc
xd
xe
xf
x10
x11
x12
x13
x14
x15
x16
x17
x18
x19
bx 1a
x1b
x1c
x1d
x1e
x1f
bx 20
bx 21
x22
x23
x24
x25
x26
bx 27
bx 28
x29
bx 2a
bx 2b
$end
#0 $dumpon
b11111111 0
b10110001 1
b10110001 2
03
04
05
16
07
b100 8
19
0a
b10110001 b
1c
1d
0e
0f
010
111
112
013
014
015
016
117
018
019
b0000000000000000 1a
01b
01c
11d
01e
01f
b10110001 20
b0000000000000000 21
022
123
024
025
026
b0000000000000000000000000000000000000000000000000000000000000000 27
b000001 28
029
b0000 2a
b0000 2b
#1465
b000000 28
#1469
122
#1470
11c
#1503
b010010 28
#4028
b101010 28
#4034
116
11f
b0001 2a
#4035
119
01f
#4036
124
b0110010001011001011100100110000101100101011000010110111101010110 27
129
b1000 2b
#4037
11b
b0110100001010001011001000101110001101001010110110110001101010111 27
#4038
01b
b0101001101001101011000000110000001101110010110000110100001011100 27
#4039
024
b0000000000000000000000000000000000000000000000000000000000000000 27
029
b0000 2b
#4040
b0000000000000001 21
124
b0101011101001100010101000101001001011111010110100101100101010011 27
129
b1000 2b
#4041
b0000000000000000 21
024
b0000000000000000000000000000000000000000000000000000000000000000 27
029
b0000 2b
#4042
b0000000000000001 21
124
b0110110001100101011001010110001001101111010111000101100101011001 27
129
b1000 2b
#4043
b0000000000000000 21
b0110110001100001011101100110000001101110011000010110101001100000 27
#4044
024
b0000000000000000000000000000000000000000000000000000000000000000 27
029
b0000 2b
#4045
b0000000000000001 21
124
b0111111001010101011100010110001101110100011000100110101001010111 27
129
b1000 2b
#4046
b0000000000000000 21
024
b0000000000000000000000000000000000000000000000000000000000000000 27
029
b0000 2b
#4047
b0000000000000001 21
124
b1000001101100000011101000110000001111011011000010111001001011111 27
129
b1000 2b
#4048
b0000000000000000 21
024
b0000000000000000000000000000000000000000000000000000000000000000 27
029
b0000 2b
#4049
b0000000000000001 21
124
b0111110101101100011100000110000101110110010110100111101001100001 27
129
b1000 2b
#4050
b0000000000000000 21
b0110100001010001110011011000101110011001011101001000100001101011 27
#4051
024
b0000000000000000000000000000000000000000000000000000000000000000 27
029
b0000 2b
#4052
b0000000000000001 21
124
b0101001101001101011000000110000001101110010110000110100001011100 27
129
b1000 2b
#4053
b0000000000000000 21
024
b0000000000000000000000000000000000000000000000000000000000000000 27
029
b0000 2b
#4054
b0000000000000001 21
124
b0101011101001100010101000101001001011111010110100101100101010011 27
129
b1000 2b
#4055
b0000000000000000 21
024
b0000000000000000000000000000000000000000000000000000000000000000 27
029
b0000 2b
#4056
b0000000000000001 21
124
b0110110001100101011001010110001001101111010111000101100101011001 27
129
b1000 2b
#4057
b0000000000000000 21
b0110110001100001011101100110000001101110011000010110101001100000 27
#4058
024
b0000000000000000000000000000000000000000000000000000000000000000 27
029
b0000 2b
#4059
b0000000000000001 21
124
b0111111001010101011100010110001101110100011000100110101001010111 27
129
b1000 2b
#4060
b0000000000000000 21
024
b0000000000000000000000000000000000000000000000000000000000000000 27
029
b0000 2b
#4061
b0000000000000001 21
124
b1000001101100000011101000110000001111011011000010111001001011111 27
129
b1000 2b
#4062
b0000000000000000 21
024
b0000000000000000000000000000000000000000000000000000000000000000 27
029
b0000 2b
#4063
b0000000000000001 21
124
b0111110101101100011100000110000101110110010110100111101001100001 27
129
b1000 2b
#4064
b0000000000000000 21
b1111111111011101110011011000101110011001011101001000100001101011 27
#4065
024
b0000000000000000000000000000000000000000000000000000000000000000 27
029
b0000 2b
#4066
b0000000000000001 21
124
b1111111111111111111111111111111111111111111111111111111111111111 27
129
b1000 2b
#4067
b0000000000000000 21
024
b0000000000000000000000000000000000000000000000000000000000000000 27
029
b0000 2b
#4068
b0000000000000001 21
124
b1111111111111111111111111111111111111111111111111111111111111111 27
129
b1000 2b
#4069
b0000000000000000 21
024
b0000000000000000000000000000000000000000000000000000000000000000 27
029
b0000 2b
#4070
b0000000000000001 21
124
b1111111111111111111111111111111111111111111111111111111111111111 27
129
b1000 2b
#4071
b0000000000000000 21
#4072
024
b0000000000000000000000000000000000000000000000000000000000000000 27
029
b0000 2b
#4073
b0000000000000001 21
124
b1111111111111111111111111111111111111111111111111111111111111111 27
129
b1000 2b
#4074
b0000000000000000 21
024
b0000000000000000000000000000000000000000000000000000000000000000 27
029
b0000 2b
#4075
b0000000000000001 21
124
b1111111111111111111111111111111111111111111111111111111111111111 27
129
b1000 2b
#4076
b0000000000000000 21
024
b0000000000000000000000000000000000000000000000000000000000000000 27
029
b0000 2b
#4077
b0000000000000001 21
124
b1111111111111111111111111111111111111111111111111111111111111111 27
129
b1000 2b
#4078
b0000000000000000 21
#4079
024
b0000000000000000000000000000000000000000000000000000000000000000 27
029
b0000 2b
#4080
b0000000000000001 21
124
b1111111111111111111111111111111111111111111111111111111111111111 27
129
b1000 2b
#4081
b0000000000000000 21
024
b0000000000000000000000000000000000000000000000000000000000000000 27
029
b0000 2b
#4082
b0000000000000001 21
#4083
b0000000000000010 21
124
b1111111111111111111111111111111111111111111111111111111111111111 27
129
b1000 2b
#4084
b0000000000000000 21
024
029
b0000 2b
#4085
016
b0000000000000001 21
b0000 2a
#4086
019
b0000000000000010 21
b0000000000000000000000000000000000000000000000000000000000000000 27
#4087
b0000000000000011 21
#4088
b0000000000000100 21
#4089
b0000000000000101 21
#4090
b0000000000000110 21
#4091
b0000000000000111 21
#4092
b0000000000001000 21
#4093
b0000000000001001 21
#4094
b0000000000001010 21
#4095
115
b0000000000000001 1a
b0000000000000000 21
023
125
#4096
0c
012
015
017
b0000000000000001 21
#4097
b01100100 2
15
09
b01100100 b
0d
1e
114
b01100100 20
b0000000000000010 21
#4098
b01100100 1
13
05
1a
0e
014
b0000000000000011 21
#4099
b00000000 0
b01001001 1
b01011001 2
15
0a
b01011001 b
1e
114
b01011001 20
b0000000000000100 21
#4100
b00000001 0
b01011001 1
05
06
1a
0e
014
b0000000000000101 21
#4101
b00000000 0
b01110010 2
03
15
0a
b01110010 b
1e
114
b01110010 20
b0000000000000110 21
#4102
b00000001 0
b01110010 1
13
05
0e
014
b0000000000000111 21
#4103
b00000000 0
b01100001 2
03
15
b01100001 b
1e
114
b01100001 20
b0000000000001000 21
#4104
b00000010 0
b01100001 1
14
05
1a
0e
014
b0000000000001001 21
#4105
b00000000 0
b01100101 2
04
15
0a
b01100101 b
1e
114
b01100101 20
b0000000000001010 21
#4106
b00000010 0
b01100101 1
13
05
1a
0e
014
b0000000000000000 21
#4107
b00000011 0
b01100001 2
03
14
15
b01100001 b
1e
114
b01100001 20
b0000000000000001 21
#4108
b00000001 0
b01100001 1
13
04
05
0e
014
b0000000000000010 21
#4109
b00000000 0
b01101111 1
b01101111 2
15
0a
b01101111 b
1e
114
b01101111 20
b0000000000000011 21
#4110
b00000001 0
05
1a
0e
014
b0000000000000100 21
#4111
b00000000 0
b01010110 2
03
15
0a
b01010110 b
1e
114
b01010110 20
b0000000000000101 21
#4112
b00000001 0
b01010110 1
13
05
0e
014
b0000000000000110 21
#4113
b00000000 0
b01010111 2
03
15
b01010111 b
1e
114
b01010111 20
b0000000000000111 21
#4114
b00000010 0
b01010111 1
14
05
1a
0e
014
b0000000000001000 21
#4115
b00000000 0
b01100011 2
04
15
0a
b01100011 b
1e
114
b01100011 20
b0000000000001001 21
#4116
b00000010 0
b01100011 1
13
05
1a
0e
014
b0000000000001010 21
#4117
b00000011 0
b01011011 2
03
14
15
b01011011 b
1e
114
b01011011 20
#4118
b00000001 0
b01011011 1
13
04
05
0e
014
#4119
b00000000 0
b01111001 1
b01101001 2
15
0a
b01101001 b
1e
114
b01101001 20
#4120
b00000001 0
b01101001 1
05
1a
0e
014
#4121
b00000000 0
b01011100 2
03
15
0a
b01011100 b
1e
114
b01011100 20
#4122
b00000001 0
b01011100 1
13
05
0e
014
#4123
b00000000 0
b01100100 2
03
15
b01100100 b
1e
114
b01100100 20
#4124
b00000010 0
b01100100 1
14
05
1a
0e
014
#4125
b00000000 0
b01010001 2
04
15
0a
b01010001 b
1e
114
b01010001 20
#4126
b00000010 0
b01010001 1
13
05
1a
0e
014
#4127
b00000011 0
b01101000 2
03
14
15
b01101000 b
1e
114
b01101000 20
#4128
b00000001 0
b01101000 1
13
04
05
0e
014
#4129
b00000000 0
b01001100 1
b01011100 2
15
0a
b01011100 b
1e
114
b01011100 20
#4130
b00000001 0
b01011100 1
05
1a
0e
014
#4131
b00000000 0
b01101000 2
03
15
0a
b01101000 b
1e
114
b01101000 20
#4132
b00000001 0
b01101000 1
13
05
0e
014
#4133
b00000000 0
b01011000 2
03
15
b01011000 b
1e
114
b01011000 20
#4134
b00000010 0
b01011000 1
14
05
1a
0e
014
#4135
b00000000 0
b01101110 2
04
15
0a
b01101110 b
1e
114
b01101110 20
#4136
b00000010 0
b01101110 1
13
05
1a
0e
014
#4137
b00000011 0
b01100000 2
03
14
15
b01100000 b
1e
114
b01100000 20
#4138
b00000001 0
b01100000 1
13
04
05
0e
014
#4139
b00000000 0
15
0a
1e
114
#4140
b00000001 0
05
1a
0e
014
#4141
b00000000 0
b01001101 2
03
15
0a
b01001101 b
1e
114
b01001101 20
#4142
b00000001 0
b01001101 1
13
05
0e
014
#4143
b00000000 0
b01010011 2
03
15
b01010011 b
1e
114
b01010011 20
#4144
b00000010 0
b01010011 1
14
05
1a
0e
014
#4145
b00000000 0
04
15
0a
1e
114
#4146
b00000010 0
13
05
1a
0e
014
#4147
b00000011 0
b01011001 2
03
14
15
b01011001 b
1e
114
b01011001 20
#4148
b00000001 0
b01011001 1
13
04
05
0e
014
#4149
b00000000 0
b01011010 1
b01011010 2
15
0a
b01011010 b
1e
114
b01011010 20
#4150
b00000001 0
05
1a
0e
014
#4151
b00000000 0
b01011111 2
03
15
0a
b01011111 b
1e
114
b01011111 20
#4152
b00000001 0
b01011111 1
13
05
0e
014
#4153
b00000000 0
b01010010 2
03
15
b01010010 b
1e
114
b01010010 20
#4154
b00000010 0
b01010010 1
14
05
1a
0e
014
#4155
b00000000 0
b01010100 2
04
15
0a
b01010100 b
1e
114
b01010100 20
#4156
b00000010 0
b01010100 1
13
05
1a
0e
014
#4157
b00000011 0
b01001100 2
03
14
15
b01001100 b
1e
114
b01001100 20
#4158
b00000001 0
b01001100 1
13
04
05
0e
014
#4159
b00000000 0
b01000111 1
b01010111 2
15
0a
b01010111 b
1e
114
b01010111 20
#4160
b00000001 0
b01010111 1
05
1a
0e
014
#4161
b00000000 0
b01011001 2
03
15
0a
b01011001 b
1e
114
b01011001 20
#4162
b00000001 0
b01011001 1
13
05
0e
014
#4163
b00000000 0
03
15
1e
114
#4164
b00000010 0
14
05
1a
0e
014
#4165
b00000000 0
b01011100 2
04
15
0a
b01011100 b
1e
114
b01011100 20
#4166
b00000010 0
b01011100 1
13
05
1a
0e
014
#4167
b00000011 0
b01101111 2
03
14
15
b01101111 b
1e
114
b01101111 20
#4168
b00000001 0
b01101111 1
13
04
05
0e
014
#4169
b00000000 0
b01100010 1
b01100010 2
15
0a
b01100010 b
1e
114
b01100010 20
#4170
b00000001 0
05
1a
0e
014
#4171
b00000000 0
b01100101 2
03
15
0a
b01100101 b
1e
114
b01100101 20
#4172
b00000001 0
b01100101 1
13
05
0e
014
#4173
b00000000 0
03
15
1e
114
#4174
b00000010 0
14
05
1a
0e
014
#4175
b00000000 0
b01101100 2
04
15
0a
b01101100 b
1e
114
b01101100 20
#4176
b00000010 0
b01101100 1
13
05
1a
0e
014
#4177
b00000011 0
b01100000 2
03
14
15
b01100000 b
1e
114
b01100000 20
#4178
b00000001 0
b01100000 1
13
04
05
0e
014
#4179
b00000000 0
b01101010 1
b01101010 2
15
0a
b01101010 b
1e
114
b01101010 20
#4180
b00000001 0
05
1a
0e
014
#4181
b00000000 0
b01100001 2
03
15
0a
b01100001 b
1e
114
b01100001 20
#4182
b00000001 0
b01100001 1
13
05
0e
014
#4183
b00000000 0
b01101110 2
03
15
b01101110 b
1e
114
b01101110 20
#4184
b00000010 0
b01101110 1
14
05
1a
0e
014
#4185
b00000000 0
b01100000 2
04
15
0a
b01100000 b
1e
114
b01100000 20
#4186
b00000010 0
b01100000 1
13
05
1a
0e
014
#4187
b00000011 0
b01110110 2
03
14
15
b01110110 b
1e
114
b01110110 20
#4188
b00000001 0
b01110110 1
13
04
05
0e
014
#4189
b00000000 0
b01110001 1
b01100001 2
15
0a
b01100001 b
1e
114
b01100001 20
#4190
b00000001 0
b01100001 1
05
1a
0e
014
#4191
b00000000 0
b01101100 2
03
15
0a
b01101100 b
1e
114
b01101100 20
#4192
b00000001 0
b01101100 1
13
05
0e
014
#4193
b00000000 0
b01010111 2
03
15
b01010111 b
1e
114
b01010111 20
#4194
b00000010 0
b01010111 1
14
05
1a
0e
014
#4195
b00000000 0
b01101010 2
04
15
0a
b01101010 b
1e
114
b01101010 20
#4196
b00000010 0
b01101010 1
13
05
1a
0e
014
#4197
b00000011 0
b01100010 2
03
14
15
b01100010 b
1e
114
b01100010 20
#4198
b00000001 0
b01100010 1
13
04
05
0e
014
#4199
b00000000 0
b01100100 1
b01110100 2
15
0a
b01110100 b
1e
114
b01110100 20
#4200
b00000001 0
b01110100 1
05
1a
0e
014
#4201
b00000000 0
b01100011 2
03
15
0a
b01100011 b
1e
114
b01100011 20
#4202
b00000001 0
b01100011 1
13
05
0e
014
#4203
b00000000 0
b01110001 2
03
15
b01110001 b
1e
114
b01110001 20
#4204
b00000010 0
b01110001 1
14
05
1a
0e
014
#4205
b00000000 0
b01010101 2
04
15
0a
b01010101 b
1e
114
b01010101 20
#4206
b00000010 0
b01010101 1
13
05
1a
0e
014
#4207
b00000011 0
b01111110 2
03
14
15
b01111110 b
1e
114
b01111110 20
#4208
b00000001 0
b01111110 1
13
04
05
0e
014
#4209
b00000000 0
b01011111 1
b01011111 2
15
0a
b01011111 b
1e
114
b01011111 20
#4210
b00000001 0
05
1a
0e
014
#4211
b00000000 0
b01110010 2
03
15
0a
b01110010 b
1e
114
b01110010 20
#4212
b00000001 0
b01110010 1
13
05
0e
014
#4213
b00000000 0
b01100001 2
03
15
b01100001 b
1e
114
b01100001 20
#4214
b00000010 0
b01100001 1
14
05
1a
0e
014
#4215
b00000000 0
b01111011 2
04
15
0a
b01111011 b
1e
114
b01111011 20
#4216
b00000010 0
b01111011 1
13
05
1a
0e
014
#4217
b00000011 0
b01100000 2
03
14
15
b01100000 b
1e
114
b01100000 20
#4218
b00000001 0
b01100000 1
13
04
05
0e
014
#4219
b00000000 0
b01100100 1
b01110100 2
15
0a
b01110100 b
1e
114
b01110100 20
#4220
b00000001 0
b01110100 1
05
1a
0e
014
#4221
b00000000 0
b01100000 2
03
15
0a
b01100000 b
1e
114
b01100000 20
#4222
b00000001 0
b01100000 1
13
05
0e
014
#4223
b00000000 0
b10000011 2
03
15
b10000011 b
1e
114
b10000011 20
#4224
b00000010 0
b10000011 1
14
05
1a
0e
014
#4225
b00000000 0
b01100001 2
04
15
0a
b01100001 b
1e
114
b01100001 20
#4226
b00000010 0
b01100001 1
13
05
1a
0e
014
#4227
b00000011 0
b01111010 2
03
14
15
b01111010 b
1e
114
b01111010 20
#4228
b00000001 0
b01111010 1
13
04
05
0e
014
#4229
b00000000 0
b01011010 1
b01011010 2
15
0a
b01011010 b
1e
114
b01011010 20
#4230
b00000001 0
05
1a
0e
014
#4231
b00000000 0
b01110110 2
03
15
0a
b01110110 b
1e
114
b01110110 20
#4232
b00000001 0
b01110110 1
13
05
0e
014
#4233
b00000000 0
b01100001 2
03
15
b01100001 b
1e
114
b01100001 20
#4234
b00000010 0
b01100001 1
14
05
1a
0e
014
#4235
b00000000 0
b01110000 2
04
15
0a
b01110000 b
1e
114
b01110000 20
#4236
b00000010 0
b01110000 1
13
05
1a
0e
014
#4237
b00000011 0
b01101100 2
03
14
15
b01101100 b
1e
114
b01101100 20
#4238
b00000001 0
b01101100 1
13
04
05
0e
014
#4239
b00000000 0
b01101101 1
b01111101 2
15
0a
b01111101 b
1e
114
b01111101 20
#4240
b00000001 0
b01111101 1
05
1a
0e
014
#4241
b00000000 0
b01101011 2
03
15
0a
b01101011 b
1e
114
b01101011 20
#4242
b00000001 0
b01101011 1
13
05
0e
014
#4243
b00000000 0
b10001000 2
03
15
b10001000 b
1e
114
b10001000 20
#4244
b00000010 0
b10001000 1
14
05
1a
0e
014
#4245
b00000000 0
b01110100 2
04
15
0a
b01110100 b
1e
114
b01110100 20
#4246
b00000010 0
b01110100 1
13
05
1a
0e
014
#4247
b00000011 0
b10011001 2
03
14
15
b10011001 b
1e
114
b10011001 20
#4248
b00000001 0
b10011001 1
13
04
05
0e
014
#4249
b00000000 0
b10011011 1
b10001011 2
15
0a
b10001011 b
1e
114
b10001011 20
#4250
b00000001 0
b10001011 1
05
1a
0e
014
#4251
b00000000 0
b11001101 2
03
15
0a
b11001101 b
1e
114
b11001101 20
#4252
b00000001 0
b11001101 1
13
05
0e
014
#4253
b00000000 0
b01010001 2
03
15
b01010001 b
1e
114
b01010001 20
#4254
b00000010 0
b01010001 1
14
05
1a
0e
014
#4255
b00000000 0
b01101000 2
04
15
0a
b01101000 b
1e
114
b01101000 20
#4256
b00000010 0
b01101000 1
13
05
1a
0e
014
#4257
b00000011 0
b01011100 2
03
14
15
b01011100 b
1e
114
b01011100 20
#4258
b00000001 0
b01011100 1
13
04
05
0e
014
#4259
b00000000 0
b01111000 1
b01101000 2
15
0a
b01101000 b
1e
114
b01101000 20
#4260
b00000001 0
b01101000 1
05
1a
0e
014
#4261
b00000000 0
b01011000 2
03
15
0a
b01011000 b
1e
114
b01011000 20
#4262
b00000001 0
b01011000 1
13
05
0e
014
#4263
b00000000 0
b01101110 2
03
15
b01101110 b
1e
114
b01101110 20
#4264
b00000010 0
b01101110 1
14
05
1a
0e
014
#4265
b00000000 0
b01100000 2
04
15
0a
b01100000 b
1e
114
b01100000 20
#4266
b00000010 0
b01100000 1
13
05
1a
0e
014
#4267
b00000011 0
03
14
15
1e
114
#4268
b00000001 0
13
04
05
0e
014
#4269
b00000000 0
b01001101 1
b01001101 2
15
0a
b01001101 b
1e
114
b01001101 20
#4270
b00000001 0
05
1a
0e
014
#4271
b00000000 0
b01010011 2
03
15
0a
b01010011 b
1e
114
b01010011 20
#4272
b00000001 0
b01010011 1
13
05
0e
014
#4273
b00000000 0
03
15
1e
114
#4274
b00000010 0
14
05
1a
0e
014
#4275
b00000000 0
b01011001 2
04
15
0a
b01011001 b
1e
114
b01011001 20
#4276
b00000010 0
b01011001 1
13
05
1a
0e
014
#4277
b00000011 0
b01011010 2
03
14
15
b01011010 b
1e
114
b01011010 20
#4278
b00000001 0
b01011010 1
13
04
05
0e
014
#4279
b00000000 0
b01011111 1
b01011111 2
15
0a
b01011111 b
1e
114
b01011111 20
#4280
b00000001 0
05
1a
0e
014
#4281
b00000000 0
b01010010 2
03
15
0a
b01010010 b
1e
114
b01010010 20
#4282
b00000001 0
b01010010 1
13
05
0e
014
#4283
b00000000 0
b01010100 2
03
15
b01010100 b
1e
114
b01010100 20
#4284
b00000010 0
b01010100 1
14
05
1a
0e
014
#4285
b00000000 0
b01001100 2
04
15
0a
b01001100 b
1e
114
b01001100 20
#4286
b00000010 0
b01001100 1
13
05
1a
0e
014
#4287
b00000011 0
b01010111 2
03
14
15
b01010111 b
1e
114
b01010111 20
#4288
b00000001 0
b01010111 1
13
04
05
0e
014
#4289
b00000000 0
b01011001 1
b01011001 2
15
0a
b01011001 b
1e
114
b01011001 20
#4290
b00000001 0
05
1a
0e
014
#4291
b00000000 0
03
15
0a
1e
114
#4292
b00000001 0
13
05
0e
014
#4293
b00000000 0
b01011100 2
03
15
b01011100 b
1e
114
b01011100 20
#4294
b00000010 0
b01011100 1
14
05
1a
0e
014
#4295
b00000000 0
b01101111 2
04
15
0a
b01101111 b
1e
114
b01101111 20
#4296
b00000010 0
b01101111 1
13
05
1a
0e
014
#4297
b00000011 0
b01100010 2
03
14
15
b01100010 b
1e
114
b01100010 20
#4298
b00000001 0
b01100010 1
13
04
05
0e
014
#4299
b00000000 0
b01100101 1
b01100101 2
15
0a
b01100101 b
1e
114
b01100101 20
#4300
b00000001 0
05
1a
0e
014
#4301
b00000000 0
03
15
0a
1e
114
#4302
b00000001 0
13
05
0e
014
#4303
b00000000 0
b01101100 2
03
15
b01101100 b
1e
114
b01101100 20
#4304
b00000010 0
b01101100 1
14
05
1a
0e
014
#4305
b00000000 0
b01100000 2
04
15
0a
b01100000 b
1e
114
b01100000 20
#4306
b00000010 0
b01100000 1
13
05
1a
0e
014
#4307
b00000011 0
b01101010 2
03
14
15
b01101010 b
1e
114
b01101010 20
#4308
b00000001 0
b01101010 1
13
04
05
0e
014
#4309
b00000000 0
b01100001 1
b01100001 2
15
0a
b01100001 b
1e
114
b01100001 20
#4310
b00000001 0
05
1a
0e
014
#4311
b00000000 0
b01101110 2
03
15
0a
b01101110 b
1e
114
b01101110 20
#4312
b00000001 0
b01101110 1
13
05
0e
014
#4313
b00000000 0
b01100000 2
03
15
b01100000 b
1e
114
b01100000 20
#4314
b00000010 0
b01100000 1
14
05
1a
0e
014
#4315
b00000000 0
b01110110 2
04
15
0a
b01110110 b
1e
114
b01110110 20
#4316
b00000010 0
b01110110 1
13
05
1a
0e
014
#4317
b00000011 0
b01100001 2
03
14
15
b01100001 b
1e
114
b01100001 20
#4318
b00000001 0
b01100001 1
13
04
05
0e
014
#4319
b00000000 0
b01101100 1
b01101100 2
15
0a
b01101100 b
1e
114
b01101100 20
#4320
b00000001 0
05
1a
0e
014
#4321
b00000000 0
b01010111 2
03
15
0a
b01010111 b
1e
114
b01010111 20
#4322
b00000001 0
b01010111 1
13
05
0e
014
#4323
b00000000 0
b01101010 2
03
15
b01101010 b
1e
114
b01101010 20
#4324
b00000010 0
b01101010 1
14
05
1a
0e
014
#4325
b00000000 0
b01100010 2
04
15
0a
b01100010 b
1e
114
b01100010 20
#4326
b00000010 0
b01100010 1
13
05
1a
0e
014
#4327
b00000011 0
b01110100 2
03
14
15
b01110100 b
1e
114
b01110100 20
#4328
b00000001 0
b01110100 1
13
04
05
0e
014
#4329
b00000000 0
b01110011 1
b01100011 2
15
0a
b01100011 b
1e
114
b01100011 20
#4330
b00000001 0
b01100011 1
05
1a
0e
014
#4331
b00000000 0
b01110001 2
03
15
0a
b01110001 b
1e
114
b01110001 20
#4332
b00000001 0
b01110001 1
13
05
0e
014
#4333
b00000000 0
b01010101 2
03
15
b01010101 b
1e
114
b01010101 20
#4334
b00000010 0
b01010101 1
14
05
1a
0e
014
#4335
b00000000 0
b01111110 2
04
15
0a
b01111110 b
1e
114
b01111110 20
#4336
b00000010 0
b01111110 1
13
05
1a
0e
014
#4337
b00000011 0
b01011111 2
03
14
15
b01011111 b
1e
114
b01011111 20
#4338
b00000001 0
b01011111 1
13
04
05
0e
014
#4339
b00000000 0
b01110010 1
b01110010 2
15
0a
b01110010 b
1e
114
b01110010 20
#4340
b00000001 0
05
1a
0e
014
#4341
b00000000 0
b01100001 2
03
15
0a
b01100001 b
1e
114
b01100001 20
#4342
b00000001 0
b01100001 1
13
05
0e
014
#4343
b00000000 0
b01111011 2
03
15
b01111011 b
1e
114
b01111011 20
#4344
b00000010 0
b01111011 1
14
05
1a
0e
014
#4345
b00000000 0
b01100000 2
04
15
0a
b01100000 b
1e
114
b01100000 20
#4346
b00000010 0
b01100000 1
13
05
1a
0e
014
#4347
b00000011 0
b01110100 2
03
14
15
b01110100 b
1e
114
b01110100 20
#4348
b00000001 0
b01110100 1
13
04
05
0e
014
#4349
b00000000 0
b01110000 1
b01100000 2
15
0a
b01100000 b
1e
114
b01100000 20
#4350
b00000001 0
b01100000 1
05
1a
0e
014
#4351
b00000000 0
b10000011 2
03
15
0a
b10000011 b
1e
114
b10000011 20
#4352
b00000001 0
b10000011 1
13
05
0e
014
#4353
b00000000 0
b01100001 2
03
15
b01100001 b
1e
114
b01100001 20
#4354
b00000010 0
b01100001 1
14
05
1a
0e
014
#4355
b00000000 0
b01111010 2
04
15
0a
b01111010 b
1e
114
b01111010 20
#4356
b00000010 0
b01111010 1
13
05
1a
0e
014
#4357
b00000011 0
b01011010 2
03
14
15
b01011010 b
1e
114
b01011010 20
#4358
b00000001 0
b01011010 1
13
04
05
0e
014
#4359
b00000000 0
b01110110 1
b01110110 2
15
0a
b01110110 b
1e
114
b01110110 20
#4360
b00000001 0
05
1a
0e
014
#4361
b00000000 0
b01100001 2
03
15
0a
b01100001 b
1e
114
b01100001 20
#4362
b00000001 0
b01100001 1
13
05
0e
014
#4363
b00000000 0
b01110000 2
03
15
b01110000 b
1e
114
b01110000 20
#4364
b00000010 0
b01110000 1
14
05
1a
0e
014
#4365
b00000000 0
b01101100 2
04
15
0a
b01101100 b
1e
114
b01101100 20
#4366
b00000010 0
b01101100 1
13
05
1a
0e
014
#4367
b00000011 0
b01111101 2
03
14
15
b01111101 b
1e
114
b01111101 20
#4368
b00000001 0
b01111101 1
13
04
05
0e
014
#4369
b00000000 0
b01111011 1
b01101011 2
15
0a
b01101011 b
1e
114
b01101011 20
#4370
b00000001 0
b01101011 1
05
1a
0e
014
#4371
b00000000 0
b10001000 2
03
15
0a
b10001000 b
1e
114
b10001000 20
#4372
b00000001 0
b10001000 1
13
05
0e
014
#4373
b00000000 0
b01110100 2
03
15
b01110100 b
1e
114
b01110100 20
#4374
b00000010 0
b01110100 1
14
05
1a
0e
014
#4375
b00000000 0
b10011001 2
04
15
0a
b10011001 b
1e
114
b10011001 20
#4376
b00000010 0
b10011001 1
13
05
1a
0e
014
#4377
b00000011 0
b10001011 2
03
14
15
b10001011 b
1e
114
b10001011 20
#4378
b00000001 0
b10001011 1
13
04
05
0e
014
#4379
b00000000 0
b11001101 1
b11001101 2
15
0a
b11001101 b
1e
114
b11001101 20
#4380
b00000001 0
05
1a
0e
014
#4381
b00000000 0
b11011101 2
03
15
0a
b11011101 b
1e
114
b11011101 20
#4382
b00000001 0
b11011101 1
13
05
0e
014
#4383
b00000000 0
b11111111 2
03
15
b11111111 b
1e
114
b11111111 20
#4384
b00000010 0
b11111111 1
14
05
1a
0e
014
#4385
b00000000 0
04
15
0a
1e
114
#4386
b00000010 0
13
05
1a
0e
014
#4387
b00000011 0
03
14
15
1e
114
#4388
b00000001 0
13
04
05
0e
014
#4389
b00000000 0
15
0a
1e
114
#4390
b00000001 0
05
1a
0e
014
#4391
b00000000 0
03
15
0a
1e
114
#4392
b00000001 0
13
05
0e
014
#4393
b00000000 0
03
15
1e
114
#4394
b00000010 0
14
05
1a
0e
014
#4395
b00000000 0
04
15
0a
1e
114
#4396
b00000010 0
13
05
1a
0e
014
#4397
b00000011 0
03
14
15
1e
114
#4398
b00000001 0
13
04
05
0e
014
#4399
b00000000 0
15
0a
1e
114
#4400
b00000001 0
05
1a
0e
014
#4401
b00000000 0
03
15
0a
1e
114
#4402
b00000001 0
13
05
0e
014
#4403
b00000000 0
03
15
1e
114
#4404
b00000010 0
14
05
1a
0e
014
#4405
b00000000 0
04
15
0a
1e
114
#4406
b00000010 0
13
05
1a
0e
014
#4407
b00000011 0
03
14
15
1e
114
#4408
b00000001 0
13
04
05
0e
014
#4409
b00000000 0
15
0a
1e
114
#4410
b00000001 0
05
1a
0e
014
#4411
b00000000 0
03
15
0a
1e
114
#4412
b00000001 0
13
05
0e
014
#4413
b00000000 0
03
15
1e
114
#4414
b00000010 0
14
05
1a
0e
014
#4415
b00000000 0
04
15
0a
1e
114
#4416
b00000010 0
13
05
1a
0e
014
#4417
b00000011 0
03
14
15
1e
114
#4418
b00000001 0
13
04
05
0e
014
#4419
b00000000 0
15
0a
1e
114
#4420
b00000001 0
05
1a
0e
014
#4421
b00000000 0
03
15
0a
1e
114
#4422
b00000001 0
13
05
0e
014
#4423
b00000000 0
03
15
1e
114
#4424
b00000010 0
14
05
1a
0e
014
#4425
b00000000 0
04
15
0a
1e
114
#4426
b00000010 0
13
05
1a
0e
014
#4427
b00000011 0
03
14
15
1e
114
#4428
b00000001 0
13
04
05
0e
014
#4429
b00000000 0
15
0a
1e
114
#4430
b00000001 0
05
1a
0e
014
#4431
b00000000 0
03
15
0a
1e
114
#4432
b00000001 0
13
05
0e
014
#4433
b00000000 0
03
15
1e
114
#4434
b00000010 0
14
05
1a
0e
014
#4435
b00000000 0
04
15
0a
1e
114
#4436
b00000010 0
13
05
1a
0e
014
#4437
b00000011 0
03
14
15
1e
114
#4438
b00000001 0
13
04
05
0e
014
#4439
b00000000 0
15
0a
1e
114
#4440
b00000001 0
05
1a
0e
014
#4441
b00000000 0
03
15
0a
1e
114
#4442
b00000001 0
13
05
0e
014
#4443
b00000000 0
03
15
1e
114
#4444
b00000010 0
14
05
1a
0e
014
#4445
b00000000 0
04
15
0a
1e
114
#4446
b00000010 0
13
05
1a
0e
014
#4447
b00000011 0
03
14
15
1e
114
#4448
b00000001 0
13
04
05
0e
014
#4449
b00000000 0
15
0a
1e
114
#4450
b00000001 0
05
1a
0e
014
#4451
b00000000 0
03
15
0a
1e
114
#4452
b00000001 0
13
05
0e
014
#4453
b00000000 0
03
15
1e
114
#4454
b00000010 0
14
05
1a
0e
014
#4455
b00000000 0
04
15
0a
1e
114
#4456
b00000010 0
13
05
1a
0e
014
#4457
b00000011 0
03
14
15
1e
114
#4458
b00000001 0
13
04
05
0e
014
#4459
b00000000 0
15
0a
1e
114
#4460
b00000001 0
05
1a
0e
014
#4461
b00000000 0
03
15
0a
1e
114
#4462
b00000001 0
13
05
0e
014
#4463
b00000000 0
03
15
1e
114
#4464
b00000010 0
14
05
1a
0e
014
#4465
b00000000 0
04
15
0a
1e
114
#4466
b00000010 0
13
05
1a
0e
014
#4467
b00000011 0
03
14
15
1e
114
#4468
b00000001 0
13
04
05
0e
014
#4469
b00000000 0
15
0a
1e
114
#4470
b00000001 0
05
1a
0e
014
#4471
b00000000 0
03
15
0a
1e
114
#4472
b00000001 0
13
05
0e
014
#4473
b00000000 0
03
15
1e
114
#4474
b00000010 0
14
05
1a
0e
014
#4475
b00000000 0
04
15
0a
1e
114
#4476
b00000010 0
13
05
1a
0e
014
#4477
b00000011 0
03
14
15
1e
114
#4478
b00000001 0
13
04
05
0e
014
#4479
b00000000 0
15
0a
1e
114
#4480
b00000001 0
05
1a
0e
014
#4481
b00000000 0
03
15
0a
1e
114
#4482
b00000001 0
13
05
0e
014
#4483
b00000000 0
03
15
1e
114
#4484
b00000010 0
14
05
1a
0e
014
#4485
b00000000 0
04
15
0a
1e
114
#4486
b00000010 0
13
05
1a
0e
014
#4487
b00000011 0
03
14
15
1e
114
#4488
b00000001 0
13
04
05
0e
014
#4489
b00000000 0
15
0a
1e
114
#4490
b00000001 0
05
1a
0e
014
#4491
b00000000 0
03
15
0a
1e
114
#4492
b00000001 0
13
05
0e
014
#4493
b00000000 0
03
15
1e
114
#4494
b00000010 0
14
05
1a
0e
014
#4495
b00000000 0
04
15
0a
1e
114
#4496
b00000010 0
13
05
1a
0e
014
#4497
b00000011 0
03
14
15
1e
114
#4498
b00000001 0
13
04
05
0e
014
#4499
b00000000 0
15
0a
1e
114
#4500
b00000001 0
05
1a
0e
014
#4501
b00000000 0
03
15
0a
1e
114
#4502
b00000001 0
13
05
0e
014
#4503
b00000000 0
03
15
1e
114
#4504
b00000010 0
14
05
1a
0e
014
#4505
b00000000 0
04
15
0a
1e
114
#4506
b00000010 0
13
05
1a
0e
014
#4507
b00000011 0
03
14
15
1e
114
#4508
b00000001 0
13
04
05
0e
014
#4509
b00000000 0
15
0a
1e
114
#4510
b00000001 0
05
1a
0e
014
#4511
b00000000 0
03
15
0a
1e
114
#4512
b00000001 0
13
05
0e
014
#4513
b00000000 0
03
15
1e
114
#4514
b00000010 0
14
05
1a
0e
014
#4515
b00000000 0
04
15
0a
1e
114
#4516
b00000010 0
13
05
1a
0e
014
#4517
b00000011 0
03
14
15
1e
114
#4518
b00000001 0
13
04
05
0e
014
#4519
b00000000 0
15
0a
1e
114
#4520
b00000001 0
05
1a
0e
014
#4521
b00000000 0
03
15
0a
1e
114
#4522
b00000001 0
13
05
0e
014
#4523
b00000000 0
03
15
1e
114
#4524
b00000010 0
14
05
1a
0e
014
#4525
b00000000 0
04
15
0a
1e
114
#4526
b00000010 0
13
05
1a
0e
014
#4527
b00000011 0
03
14
15
1e
114
#4528
b00000001 0
13
04
05
0e
014
#4529
b00000000 0
15
0a
1e
114
#4530
b00000001 0
05
1a
0e
014
#4531
b00000000 0
03
15
0a
1e
114
#4532
b00000001 0
13
05
0e
014
#4533
b00000000 0
03
15
1e
114
#4534
b00000010 0
14
05
1a
0e
014
#4535
b00000000 0
04
15
0a
1e
114
#4536
b00000010 0
13
05
1a
0e
014
#4537
b00000011 0
03
14
15
1e
114
#4538
b00000001 0
13
04
05
0e
014
#4539
b00000000 0
15
0a
1e
114
#4540
b00000001 0
05
1a
0e
014
#4541
b00000000 0
03
15
0a
1e
114
#4542
b00000001 0
13
05
0e
014
#4543
b00000000 0
03
15
1e
114
#4544
b00000010 0
14
05
1a
0e
014
#4545
b00000000 0
04
0a
#4546
b00000010 0
#4547
b00000011 0
#4548
b00000101 0
#4549
b00000111 0
#4550
b00001000 0
#4551
b00001010 0
#4552
b00001011 0
#4553
b00001101 0
16
#4554
b00001111 0
#4555
b00010000 0
#4556
b00010010 0
#4557
b00010011 0
#4558
b00010101 0
#4559
b00010111 0
#4560
b00011000 0
#4561
b00011010 0
#4562
b00011011 0
#4563
b00011101 0
#4564
b00011111 0
#4565
b00100000 0
#4566
b00100010 0
#4567
b00100011 0
#4568
b00100101 0
#4569
b00100111 0
#4570
b00101000 0
#4571
b00101010 0
#4572
b00101011 0
#4573
b00101101 0
#4574
b00101111 0
#4575
b00110000 0
#4576
b00110010 0
#4577
b00110011 0
#4578
b00110101 0
#4579
b00110111 0
#4580
b00111000 0
#4581
b00111010 0
#4582
b00111011 0
#4583
b00111101 0
#4584
b00111111 0
#4585
b01000000 0
#4586
b01000010 0
#4587
b01000011 0
#4588
b01000101 0
#4589
b01000111 0
#4590
b01001000 0
#4591
b01001010 0
#4592
b01001011 0
#4593
b01001101 0
#4594
b01001111 0
#4595
b01010000 0
#4596
b01010010 0
#4597
b01010011 0
#4598
b01010101 0
#4599
b01010111 0
#4600
b01011000 0
#4601
b01011010 0
#4602
b01011011 0
#4603
b01011101 0
#4604
b01011111 0
#4605
b01100000 0
#4606
b01100010 0
#4607
b01100011 0
#4608
b01100101 0
#4609
b01100111 0
#4610
b01101000 0
#4611
b01101010 0
#4612
b01101011 0
#4613
b01101101 0
#4614
b01101111 0
#4615
b01110000 0
#4616
b01110010 0
#4617
b01110011 0
#4618
b01110101 0
#4619
b01110111 0
#4620
b01111000 0
#4621
b01111010 0
#4622
b01111011 0
#4623
b01111101 0
#4624
b01111111 0
#4625
b10000000 0
#4626
b10000010 0
#4627
b10000011 0
#4628
b10000101 0
#4629
b10000111 0
#4630
b10001000 0
#4631
b10001010 0
#4632
b10001011 0
#4633
b10001101 0
#4634
b10001111 0
#4635
b10010000 0
#4636
b10010010 0
#4637
b10010011 0
#4638
b10010101 0
#4639
b10010111 0
#4640
b10011000 0
#4641
b10011010 0
#4642
b10011011 0
#4643
b10011101 0
#4644
b10011111 0
#4645
b10100000 0
#4646
b10100010 0
#4647
b10100011 0
#4648
b10100101 0
#4649
b10100111 0
#4650
b10101000 0
#4651
b10101010 0
#4652
b10101011 0
#4653
b10101101 0
#4654
b10101111 0
#4655
b10110000 0
#4656
b10110010 0
#4657
b10110011 0
#4658
b10110101 0
#4659
b10110111 0
#4660
b10111000 0
#4661
b10111010 0
#4662
b10111011 0
#4663
b10111101 0
#4664
b10111111 0
#4665
b11000000 0
#4666
b11000010 0
#4667
b11000011 0
#4668
b11000101 0
#4669
b11000111 0
#4670
b11001000 0
#4671
b11001010 0
#4672
b11001011 0
#4673
b11001101 0
#4674
b11001111 0
#4675
b11010000 0
#4676
b11010010 0
#4677
b11010011 0
#4678
b11010101 0
#4679
b11010111 0
#4680
b11011000 0
#4681
b11011010 0
#4682
b11011011 0
#4683
b11011101 0
#4684
b11011111 0
#4685
b11100000 0
#4686
b11100010 0
#4687
b11100011 0
#4688
b11100101 0
#4689
b11100111 0
#4690
b11101000 0
#4691
b11101010 0
#4692
b11101011 0
#4693
b11101101 0
#4694
b11101111 0
#4695
b11110000 0
#4696
b11110010 0
#4697
b11110011 0
#4698
b11110101 0
#4699
b11110111 0
#4700
b11111000 0
#4701
b11111010 0
#4702
b11111011 0
#4703
b11111101 0
#4704
b11111111 0
#4789
116
11f
b0001 2a
#4790
119
01f
#4791
124
b0011011001101010001111100110101000110010011110010011100001110000 27
129
b1000 2b
#4792
b0000000000000000 21
b0011111001101001001101110111000000111110011001010011001001110010 27
#4793
b0011000101011111001111000110101100111011011010000011011001101001 27
#4794
b0011000001011111001011110101101100110101010110100011010001101010 27
#4795
024
b0000000000000000000000000000000000000000000000000000000000000000 27
029
b0000 2b
#4796
b0000000000000001 21
124
b0011110101110000001110110110101100110110011010010011001001101100 27
129
b1000 2b
#4797
b0000000000000000 21
024
b0000000000000000000000000000000000000000000000000000000000000000 27
029
b0000 2b
#4798
b0000000000000001 21
124
b0011010001110001001111010110111100110110011100100011100001101100 27
129
b1000 2b
#4799
b0000000000000000 21
b0011010001110011010000000111001000110001011101000011100001111000 27
#4800
024
b0000000000000000000000000000000000000000000000000000000000000000 27
029
b0000 2b
#4801
b0000000000000001 21
124
b0011100001101100001110110111001001000000011100010011100101101110 27
129
b1000 2b
#4802
b0000000000000000 21
024
b0000000000000000000000000000000000000000000000000000000000000000 27
029
b0000 2b
#4803
b0000000000000001 21
124
b0011101101111010010000100111110000110111011110110011101101110000 27
129
b1000 2b
#4804
b0000000000000000 21
024
b0000000000000000000000000000000000000000000000000000000000000000 27
029
b0000 2b
#4805
b0000000000000001 21
124
b0011111001101001111000101110101001100010100000110100011101111111 27
129
b1000 2b
#4806
b0000000000000000 21
b0011000101011111001111000110101100111011011010000011011001101001 27
#4807
024
b0000000000000000000000000000000000000000000000000000000000000000 27
029
b0000 2b
#4808
b0000000000000001 21
124
b0011000001011111001011110101101100110101010110100011010001101010 27
129
b1000 2b
#4809
b0000000000000000 21
024
b0000000000000000000000000000000000000000000000000000000000000000 27
029
b0000 2b
#4810
b0000000000000001 21
124
b0011110101110000001110110110101100110110011010010011001001101100 27
129
b1000 2b
#4811
b0000000000000000 21
024
b0000000000000000000000000000000000000000000000000000000000000000 27
029
b0000 2b
#4812
b0000000000000001 21
124
b0011010001110001001111010110111100110110011100100011100001101100 27
129
b1000 2b
#4813
b0000000000000000 21
b0011010001110011010000000111001000110001011101000011100001111000 27
#4814
024
b0000000000000000000000000000000000000000000000000000000000000000 27
029
b0000 2b
#4815
b0000000000000001 21
124
b0011100001101100001110110111001001000000011100010011100101101110 27
129
b1000 2b
#4816
b0000000000000000 21
024
b0000000000000000000000000000000000000000000000000000000000000000 27
029
b0000 2b
#4817
b0000000000000001 21
124
b0011101101111010010000100111110000110111011110110011101101110000 27
129
b1000 2b
#4818
b0000000000000000 21
024
b0000000000000000000000000000000000000000000000000000000000000000 27
029
b0000 2b
#4819
b0000000000000001 21
124
b1111111111111111111000101110101001100010100000110100011101111111 27
129
b1000 2b
#4820
b0000000000000000 21
b1111111111111111111111111111111111111111111111111111111111111111 27
#4821
024
b0000000000000000000000000000000000000000000000000000000000000000 27
029
b0000 2b
#4822
b0000000000000001 21
124
b1111111111111111111111111111111111111111111111111111111111111111 27
129
b1000 2b
#4823
b0000000000000000 21
024
b0000000000000000000000000000000000000000000000000000000000000000 27
029
b0000 2b
#4824
b0000000000000001 21
124
b1111111111111111111111111111111111111111111111111111111111111111 27
129
b1000 2b
#4825
b0000000000000000 21
024
b0000000000000000000000000000000000000000000000000000000000000000 27
029
b0000 2b
#4826
b0000000000000001 21
124
b1111111111111111111111111111111111111111111111111111111111111111 27
129
b1000 2b
#4827
b0000000000000000 21
#4828
024
b0000000000000000000000000000000000000000000000000000000000000000 27
029
b0000 2b
#4829
b0000000000000001 21
124
b1111111111111111111111111111111111111111111111111111111111111111 27
129
b1000 2b
#4830
b0000000000000000 21
024
b0000000000000000000000000000000000000000000000000000000000000000 27
029
b0000 2b
#4831
b0000000000000001 21
124
b1111111111111111111111111111111111111111111111111111111111111111 27
129
b1000 2b
#4832
b0000000000000000 21
024
b0000000000000000000000000000000000000000000000000000000000000000 27
029
b0000 2b
#4833
b0000000000000001 21
124
b1111111111111111111111111111111111111111111111111111111111111111 27
129
b1000 2b
#4834
b0000000000000000 21
#4835
024
b0000000000000000000000000000000000000000000000000000000000000000 27
029
b0000 2b
#4836
b0000000000000001 21
#4837
b0000000000000010 21
124
b1111111111111111111111111111111111111111111111111111111111111111 27
129
b1000 2b
#4838
b0000000000000000 21
024
029
b0000 2b
#4839
016
b0000000000000001 21
b0000 2a
#4840
019
b0000000000000010 21
b0000000000000000000000000000000000000000000000000000000000000000 27
#4841
b0000000000000011 21
#4842
b0000000000000100 21
#4843
b0000000000000101 21
#4844
b0000000000000110 21
#4845
b0000000000000111 21
#4846
b0000000000001000 21
#4847
b0000000000001001 21
#4848
b0000000000001010 21
#4849
115
b0000000000000010 1a
b0000000000000000 21
123
025
#4850
015
b0000000000000001 21
#4851
b01110000 2
15
b01110000 b
1e
114
b01110000 20
b0000000000000010 21
#4852
b01110000 1
13
05
0e
014
b0000000000000011 21
#4853
b00000000 0
b00111000 2
03
15
06
b00111000 b
1e
114
b00111000 20
b0000000000000100 21
#4854
b00000010 0
b00111000 1
14
05
1a
0e
014
b0000000000000101 21
#4855
b00000000 0
b01111001 2
04
15
0a
b01111001 b
1e
114
b01111001 20
b0000000000000110 21
#4856
b00000010 0
b01111001 1
13
05
1a
0e
014
b0000000000000111 21
#4857
b00000011 0
b00110010 2
03
14
15
b00110010 b
1e
114
b00110010 20
b0000000000001000 21
#4858
b00000001 0
b00110010 1
13
04
05
0e
014
b0000000000001001 21
#4859
b00000000 0
b01111010 1
b01101010 2
15
0a
b01101010 b
1e
114
b01101010 20
b0000000000001010 21
#4860
b00000001 0
b01101010 1
05
1a
0e
014
b0000000000000000 21
#4861
b00000000 0
b00111110 2
03
15
0a
b00111110 b
1e
114
b00111110 20
b0000000000000001 21
#4862
b00000001 0
b00111110 1
13
05
0e
014
b0000000000000010 21
#4863
b00000000 0
b01101010 2
03
15
b01101010 b
1e
114
b01101010 20
b0000000000000011 21
#4864
b00000010 0
b01101010 1
14
05
1a
0e
014
b0000000000000100 21
#4865
b00000000 0
b00110110 2
04
15
0a
b00110110 b
1e
114
b00110110 20
b0000000000000101 21
#4866
b00000010 0
b00110110 1
13
05
1a
0e
014
b0000000000000110 21
#4867
b00000011 0
b01110010 2
03
14
15
b01110010 b
1e
114
b01110010 20
b0000000000000111 21
#4868
b00000001 0
b01110010 1
13
04
05
0e
014
b0000000000001000 21
#4869
b00000000 0
b00110010 1
b00110010 2
15
0a
b00110010 b
1e
114
b00110010 20
b0000000000001001 21
#4870
b00000001 0
05
1a
0e
014
b0000000000001010 21
#4871
b00000000 0
b01100101 2
03
15
0a
b01100101 b
1e
114
b01100101 20
#4872
b00000001 0
b01100101 1
13
05
0e
014
#4873
b00000000 0
b00111110 2
03
15
b00111110 b
1e
114
b00111110 20
#4874
b00000010 0
b00111110 1
14
05
1a
0e
014
#4875
b00000000 0
b01110000 2
04
15
0a
b01110000 b
1e
114
b01110000 20
#4876
b00000010 0
b01110000 1
13
05
1a
0e
014
#4877
b00000011 0
b00110111 2
03
14
15
b00110111 b
1e
114
b00110111 20
#4878
b00000001 0
b00110111 1
13
04
05
0e
014
#4879
b00000000 0
b01111001 1
b01101001 2
15
0a
b01101001 b
1e
114
b01101001 20
#4880
b00000001 0
b01101001 1
05
1a
0e
014
#4881
b00000000 0
b00111110 2
03
15
0a
b00111110 b
1e
114
b00111110 20
#4882
b00000001 0
b00111110 1
13
05
0e
014
#4883
b00000000 0
b01101001 2
03
15
b01101001 b
1e
114
b01101001 20
#4884
b00000010 0
b01101001 1
14
05
1a
0e
014
#4885
b00000000 0
b00110110 2
04
15
0a
b00110110 b
1e
114
b00110110 20
#4886
b00000010 0
b00110110 1
13
05
1a
0e
014
#4887
b00000011 0
b01101000 2
03
14
15
b01101000 b
1e
114
b01101000 20
#4888
b00000001 0
b01101000 1
13
04
05
0e
014
#4889
b00000000 0
b00101011 1
b00111011 2
15
0a
b00111011 b
1e
114
b00111011 20
#4890
b00000001 0
b00111011 1
05
1a
0e
014
#4891
b00000000 0
b01101011 2
03
15
0a
b01101011 b
1e
114
b01101011 20
#4892
b00000001 0
b01101011 1
13
05
0e
014
#4893
b00000000 0
b00111100 2
03
15
b00111100 b
1e
114
b00111100 20
#4894
b00000010 0
b00111100 1
14
05
1a
0e
014
#4895
b00000000 0
b01011111 2
04
15
0a
b01011111 b
1e
114
b01011111 20
#4896
b00000010 0
b01011111 1
13
05
1a
0e
014
#4897
b00000011 0
b00110001 2
03
14
15
b00110001 b
1e
114
b00110001 20
#4898
b00000001 0
b00110001 1
13
04
05
0e
014
#4899
b00000000 0
b01111010 1
b01101010 2
15
0a
b01101010 b
1e
114
b01101010 20
#4900
b00000001 0
b01101010 1
05
1a
0e
014
#4901
b00000000 0
b00110100 2
03
15
0a
b00110100 b
1e
114
b00110100 20
#4902
b00000001 0
b00110100 1
13
05
0e
014
#4903
b00000000 0
b01011010 2
03
15
b01011010 b
1e
114
b01011010 20
#4904
b00000010 0
b01011010 1
14
05
1a
0e
014
#4905
b00000000 0
b00110101 2
04
15
0a
b00110101 b
1e
114
b00110101 20
#4906
b00000010 0
b00110101 1
13
05
1a
0e
014
#4907
b00000011 0
b01011011 2
03
14
15
b01011011 b
1e
114
b01011011 20
#4908
b00000001 0
b01011011 1
13
04
05
0e
014
#4909
b00000000 0
b00111111 1
b00101111 2
15
0a
b00101111 b
1e
114
b00101111 20
#4910
b00000001 0
b00101111 1
05
1a
0e
014
#4911
b00000000 0
b01011111 2
03
15
0a
b01011111 b
1e
114
b01011111 20
#4912
b00000001 0
b01011111 1
13
05
0e
014
#4913
b00000000 0
b00110000 2
03
15
b00110000 b
1e
114
b00110000 20
#4914
b00000010 0
b00110000 1
14
05
1a
0e
014
#4915
b00000000 0
b01101100 2
04
15
0a
b01101100 b
1e
114
b01101100 20
#4916
b00000010 0
b01101100 1
13
05
1a
0e
014
#4917
b00000011 0
b00110010 2
03
14
15
b00110010 b
1e
114
b00110010 20
#4918
b00000001 0
b00110010 1
13
04
05
0e
014
#4919
b00000000 0
b01111001 1
b01101001 2
15
0a
b01101001 b
1e
114
b01101001 20
#4920
b00000001 0
b01101001 1
05
1a
0e
014
#4921
b00000000 0
b00110110 2
03
15
0a
b00110110 b
1e
114
b00110110 20
#4922
b00000001 0
b00110110 1
13
05
0e
014
#4923
b00000000 0
b01101011 2
03
15
b01101011 b
1e
114
b01101011 20
#4924
b00000010 0
b01101011 1
14
05
1a
0e
014
#4925
b00000000 0
b00111011 2
04
15
0a
b00111011 b
1e
114
b00111011 20
#4926
b00000010 0
b00111011 1
13
05
1a
0e
014
#4927
b00000011 0
b01110000 2
03
14
15
b01110000 b
1e
114
b01110000 20
#4928
b00000001 0
b01110000 1
13
04
05
0e
014
#4929
b00000000 0
b00111101 1
b00111101 2
15
0a
b00111101 b
1e
114
b00111101 20
#4930
b00000001 0
05
1a
0e
014
#4931
b00000000 0
b01101100 2
03
15
0a
b01101100 b
1e
114
b01101100 20
#4932
b00000001 0
b01101100 1
13
05
0e
014
#4933
b00000000 0
b00111000 2
03
15
b00111000 b
1e
114
b00111000 20
#4934
b00000010 0
b00111000 1
14
05
1a
0e
014
#4935
b00000000 0
b01110010 2
04
15
0a
b01110010 b
1e
114
b01110010 20
#4936
b00000010 0
b01110010 1
13
05
1a
0e
014
#4937
b00000011 0
b00110110 2
03
14
15
b00110110 b
1e
114
b00110110 20
#4938
b00000001 0
b00110110 1
13
04
05
0e
014
#4939
b00000000 0
b01111111 1
b01101111 2
15
0a
b01101111 b
1e
114
b01101111 20
#4940
b00000001 0
b01101111 1
05
1a
0e
014
#4941
b00000000 0
b00111101 2
03
15
0a
b00111101 b
1e
114
b00111101 20
#4942
b00000001 0
b00111101 1
13
05
0e
014
#4943
b00000000 0
b01110001 2
03
15
b01110001 b
1e
114
b01110001 20
#4944
b00000010 0
b01110001 1
14
05
1a
0e
014
#4945
b00000000 0
b00110100 2
04
15
0a
b00110100 b
1e
114
b00110100 20
#4946
b00000010 0
b00110100 1
13
05
1a
0e
014
#4947
b00000011 0
b01111000 2
03
14
15
b01111000 b
1e
114
b01111000 20
#4948
b00000001 0
b01111000 1
13
04
05
0e
014
#4949
b00000000 0
b00111000 1
b00111000 2
15
0a
b00111000 b
1e
114
b00111000 20
#4950
b00000001 0
05
1a
0e
014
#4951
b00000000 0
b01110100 2
03
15
0a
b01110100 b
1e
114
b01110100 20
#4952
b00000001 0
b01110100 1
13
05
0e
014
#4953
b00000000 0
b00110001 2
03
15
b00110001 b
1e
114
b00110001 20
#4954
b00000010 0
b00110001 1
14
05
1a
0e
014
#4955
b00000000 0
b01110010 2
04
15
0a
b01110010 b
1e
114
b01110010 20
#4956
b00000010 0
b01110010 1
13
05
1a
0e
014
#4957
b00000011 0
b01000000 2
03
14
15
b01000000 b
1e
114
b01000000 20
#4958
b00000001 0
b01000000 1
13
04
05
0e
014
#4959
b00000000 0
b01100011 1
b01110011 2
15
0a
b01110011 b
1e
114
b01110011 20
#4960
b00000001 0
b01110011 1
05
1a
0e
014
#4961
b00000000 0
b00110100 2
03
15
0a
b00110100 b
1e
114
b00110100 20
#4962
b00000001 0
b00110100 1
13
05
0e
014
#4963
b00000000 0
b01101110 2
03
15
b01101110 b
1e
114
b01101110 20
#4964
b00000010 0
b01101110 1
14
05
1a
0e
014
#4965
b00000000 0
b00111001 2
04
15
0a
b00111001 b
1e
114
b00111001 20
#4966
b00000010 0
b00111001 1
13
05
1a
0e
014
#4967
b00000011 0
b01110001 2
03
14
15
b01110001 b
1e
114
b01110001 20
#4968
b00000001 0
b01110001 1
13
04
05
0e
014
#4969
b00000000 0
b01010000 1
b01000000 2
15
0a
b01000000 b
1e
114
b01000000 20
#4970
b00000001 0
b01000000 1
05
1a
0e
014
#4971
b00000000 0
b01110010 2
03
15
0a
b01110010 b
1e
114
b01110010 20
#4972
b00000001 0
b01110010 1
13
05
0e
014
#4973
b00000000 0
b00111011 2
03
15
b00111011 b
1e
114
b00111011 20
#4974
b00000010 0
b00111011 1
14
05
1a
0e
014
#4975
b00000000 0
b01101100 2
04
15
0a
b01101100 b
1e
114
b01101100 20
#4976
b00000010 0
b01101100 1
13
05
1a
0e
014
#4977
b00000011 0
b00111000 2
03
14
15
b00111000 b
1e
114
b00111000 20
#4978
b00000001 0
b00111000 1
13
04
05
0e
014
#4979
b00000000 0
b01110000 1
b01110000 2
15
0a
b01110000 b
1e
114
b01110000 20
#4980
b00000001 0
05
1a
0e
014
#4981
b00000000 0
b00111011 2
03
15
0a
b00111011 b
1e
114
b00111011 20
#4982
b00000001 0
b00111011 1
13
05
0e
014
#4983
b00000000 0
b01111011 2
03
15
b01111011 b
1e
114
b01111011 20
#4984
b00000010 0
b01111011 1
14
05
1a
0e
014
#4985
b00000000 0
b00110111 2
04
15
0a
b00110111 b
1e
114
b00110111 20
#4986
b00000010 0
b00110111 1
13
05
1a
0e
014
#4987
b00000011 0
b01111100 2
03
14
15
b01111100 b
1e
114
b01111100 20
#4988
b00000001 0
b01111100 1
13
04
05
0e
014
#4989
b00000000 0
b01010010 1
b01000010 2
15
0a
b01000010 b
1e
114
b01000010 20
#4990
b00000001 0
b01000010 1
05
1a
0e
014
#4991
b00000000 0
b01111010 2
03
15
0a
b01111010 b
1e
114
b01111010 20
#4992
b00000001 0
b01111010 1
13
05
0e
014
#4993
b00000000 0
b00111011 2
03
15
b00111011 b
1e
114
b00111011 20
#4994
b00000010 0
b00111011 1
14
05
1a
0e
014
#4995
b00000000 0
b01111111 2
04
15
0a
b01111111 b
1e
114
b01111111 20
#4996
b00000010 0
b01111111 1
13
05
1a
0e
014
#4997
b00000011 0
b01000111 2
03
14
15
b01000111 b
1e
114
b01000111 20
#4998
b00000001 0
b01000111 1
13
04
05
0e
014
#4999
b00000000 0
b10000011 1
b10000011 2
15
0a
b10000011 b
1e
114
b10000011 20
#5000
b00000001 0
05
1a
0e
014
#5001
b00000000 0
b01100010 2
03
15
0a
b01100010 b
1e
114
b01100010 20
#5002
b00000001 0
b01100010 1
13
05
0e
014
#5003
b00000000 0
b11101010 2
03
15
b11101010 b
1e
114
b11101010 20
#5004
b00000010 0
b11101010 1
14
05
1a
0e
014
#5005
b00000000 0
b11100010 2
04
15
0a
b11100010 b
1e
114
b11100010 20
#5006
b00000010 0
b11100010 1
13
05
1a
0e
014
#5007
b00000011 0
b01101001 2
03
14
15
b01101001 b
1e
114
b01101001 20
#5008
b00000001 0
b01101001 1
13
04
05
0e
014
#5009
b00000000 0
b00101110 1
b00111110 2
15
0a
b00111110 b
1e
114
b00111110 20
#5010
b00000001 0
b00111110 1
05
1a
0e
014
#5011
b00000000 0
b01101001 2
03
15
0a
b01101001 b
1e
114
b01101001 20
#5012
b00000001 0
b01101001 1
13
05
0e
014
#5013
b00000000 0
b00110110 2
03
15
b00110110 b
1e
114
b00110110 20
#5014
b00000010 0
b00110110 1
14
05
1a
0e
014
#5015
b00000000 0
b01101000 2
04
15
0a
b01101000 b
1e
114
b01101000 20
#5016
b00000010 0
b01101000 1
13
05
1a
0e
014
#5017
b00000011 0
b00111011 2
03
14
15
b00111011 b
1e
114
b00111011 20
#5018
b00000001 0
b00111011 1
13
04
05
0e
014
#5019
b00000000 0
b01111011 1
b01101011 2
15
0a
b01101011 b
1e
114
b01101011 20
#5020
b00000001 0
b01101011 1
05
1a
0e
014
#5021
b00000000 0
b00111100 2
03
15
0a
b00111100 b
1e
114
b00111100 20
#5022
b00000001 0
b00111100 1
13
05
0e
014
#5023
b00000000 0
b01011111 2
03
15
b01011111 b
1e
114
b01011111 20
#5024
b00000010 0
b01011111 1
14
05
1a
0e
014
#5025
b00000000 0
b00110001 2
04
15
0a
b00110001 b
1e
114
b00110001 20
#5026
b00000010 0
b00110001 1
13
05
1a
0e
014
#5027
b00000011 0
b01101010 2
03
14
15
b01101010 b
1e
114
b01101010 20
#5028
b00000001 0
b01101010 1
13
04
05
0e
014
#5029
b00000000 0
b00100100 1
b00110100 2
15
0a
b00110100 b
1e
114
b00110100 20
#5030
b00000001 0
b00110100 1
05
1a
0e
014
#5031
b00000000 0
b01011010 2
03
15
0a
b01011010 b
1e
114
b01011010 20
#5032
b00000001 0
b01011010 1
13
05
0e
014
#5033
b00000000 0
b00110101 2
03
15
b00110101 b
1e
114
b00110101 20
#5034
b00000010 0
b00110101 1
14
05
1a
0e
014
#5035
b00000000 0
b01011011 2
04
15
0a
b01011011 b
1e
114
b01011011 20
#5036
b00000010 0
b01011011 1
13
05
1a
0e
014
#5037
b00000011 0
b00101111 2
03
14
15
b00101111 b
1e
114
b00101111 20
#5038
b00000001 0
b00101111 1
13
04
05
0e
014
#5039
b00000000 0
b01001111 1
b01011111 2
15
0a
b01011111 b
1e
114
b01011111 20
#5040
b00000001 0
b01011111 1
05
1a
0e
014
#5041
b00000000 0
b00110000 2
03
15
0a
b00110000 b
1e
114
b00110000 20
#5042
b00000001 0
b00110000 1
13
05
0e
014
#5043
b00000000 0
b01101100 2
03
15
b01101100 b
1e
114
b01101100 20
#5044
b00000010 0
b01101100 1
14
05
1a
0e
014
#5045
b00000000 0
b00110010 2
04
15
0a
b00110010 b
1e
114
b00110010 20
#5046
b00000010 0
b00110010 1
13
05
1a
0e
014
#5047
b00000011 0
b01101001 2
03
14
15
b01101001 b
1e
114
b01101001 20
#5048
b00000001 0
b01101001 1
13
04
05
0e
014
#5049
b00000000 0
b00100110 1
b00110110 2
15
0a
b00110110 b
1e
114
b00110110 20
#5050
b00000001 0
b00110110 1
05
1a
0e
014
#5051
b00000000 0
b01101011 2
03
15
0a
b01101011 b
1e
114
b01101011 20
#5052
b00000001 0
b01101011 1
13
05
0e
014
#5053
b00000000 0
b00111011 2
03
15
b00111011 b
1e
114
b00111011 20
#5054
b00000010 0
b00111011 1
14
05
1a
0e
014
#5055
b00000000 0
b01110000 2
04
15
0a
b01110000 b
1e
114
b01110000 20
#5056
b00000010 0
b01110000 1
13
05
1a
0e
014
#5057
b00000011 0
b00111101 2
03
14
15
b00111101 b
1e
114
b00111101 20
#5058
b00000001 0
b00111101 1
13
04
05
0e
014
#5059
b00000000 0
b01111100 1
b01101100 2
15
0a
b01101100 b
1e
114
b01101100 20
#5060
b00000001 0
b01101100 1
05
1a
0e
014
#5061
b00000000 0
b00111000 2
03
15
0a
b00111000 b
1e
114
b00111000 20
#5062
b00000001 0
b00111000 1
13
05
0e
014
#5063
b00000000 0
b01110010 2
03
15
b01110010 b
1e
114
b01110010 20
#5064
b00000010 0
b01110010 1
14
05
1a
0e
014
#5065
b00000000 0
b00110110 2
04
15
0a
b00110110 b
1e
114
b00110110 20
#5066
b00000010 0
b00110110 1
13
05
1a
0e
014
#5067
b00000011 0
b01101111 2
03
14
15
b01101111 b
1e
114
b01101111 20
#5068
b00000001 0
b01101111 1
13
04
05
0e
014
#5069
b00000000 0
b00101101 1
b00111101 2
15
0a
b00111101 b
1e
114
b00111101 20
#5070
b00000001 0
b00111101 1
05
1a
0e
014
#5071
b00000000 0
b01110001 2
03
15
0a
b01110001 b
1e
114
b01110001 20
#5072
b00000001 0
b01110001 1
13
05
0e
014
#5073
b00000000 0
b00110100 2
03
15
b00110100 b
1e
114
b00110100 20
#5074
b00000010 0
b00110100 1
14
05
1a
0e
014
#5075
b00000000 0
b01111000 2
04
15
0a
b01111000 b
1e
114
b01111000 20
#5076
b00000010 0
b01111000 1
13
05
1a
0e
014
#5077
b00000011 0
b00111000 2
03
14
15
b00111000 b
1e
114
b00111000 20
#5078
b00000001 0
b00111000 1
13
04
05
0e
014
#5079
b00000000 0
b01110100 1
b01110100 2
15
0a
b01110100 b
1e
114
b01110100 20
#5080
b00000001 0
05
1a
0e
014
#5081
b00000000 0
b00110001 2
03
15
0a
b00110001 b
1e
114
b00110001 20
#5082
b00000001 0
b00110001 1
13
05
0e
014
#5083
b00000000 0
b01110010 2
03
15
b01110010 b
1e
114
b01110010 20
#5084
b00000010 0
b01110010 1
14
05
1a
0e
014
#5085
b00000000 0
b01000000 2
04
15
0a
b01000000 b
1e
114
b01000000 20
#5086
b00000010 0
b01000000 1
13
05
1a
0e
014
#5087
b00000011 0
b01110011 2
03
14
15
b01110011 b
1e
114
b01110011 20
#5088
b00000001 0
b01110011 1
13
04
05
0e
014
#5089
b00000000 0
b00110100 1
b00110100 2
15
0a
b00110100 b
1e
114
b00110100 20
#5090
b00000001 0
05
1a
0e
014
#5091
b00000000 0
b01101110 2
03
15
0a
b01101110 b
1e
114
b01101110 20
#5092
b00000001 0
b01101110 1
13
05
0e
014
#5093
b00000000 0
b00111001 2
03
15
b00111001 b
1e
114
b00111001 20
#5094
b00000010 0
b00111001 1
14
05
1a
0e
014
#5095
b00000000 0
b01110001 2
04
15
0a
b01110001 b
1e
114
b01110001 20
#5096
b00000010 0
b01110001 1
13
05
1a
0e
014
#5097
b00000011 0
b01000000 2
03
14
15
b01000000 b
1e
114
b01000000 20
#5098
b00000001 0
b01000000 1
13
04
05
0e
014
#5099
b00000000 0
b01100010 1
b01110010 2
15
0a
b01110010 b
1e
114
b01110010 20
#5100
b00000001 0
b01110010 1
05
1a
0e
014
#5101
b00000000 0
b00111011 2
03
15
0a
b00111011 b
1e
114
b00111011 20
#5102
b00000001 0
b00111011 1
13
05
0e
014
#5103
b00000000 0
b01101100 2
03
15
b01101100 b
1e
114
b01101100 20
#5104
b00000010 0
b01101100 1
14
05
1a
0e
014
#5105
b00000000 0
b00111000 2
04
15
0a
b00111000 b
1e
114
b00111000 20
#5106
b00000010 0
b00111000 1
13
05
1a
0e
014
#5107
b00000011 0
b01110000 2
03
14
15
b01110000 b
1e
114
b01110000 20
#5108
b00000001 0
b01110000 1
13
04
05
0e
014
#5109
b00000000 0
b00111011 1
b00111011 2
15
0a
b00111011 b
1e
114
b00111011 20
#5110
b00000001 0
05
1a
0e
014
#5111
b00000000 0
b01111011 2
03
15
0a
b01111011 b
1e
114
b01111011 20
#5112
b00000001 0
b01111011 1
13
05
0e
014
#5113
b00000000 0
b00110111 2
03
15
b00110111 b
1e
114
b00110111 20
#5114
b00000010 0
b00110111 1
14
05
1a
0e
014
#5115
b00000000 0
b01111100 2
04
15
0a
b01111100 b
1e
114
b01111100 20
#5116
b00000010 0
b01111100 1
13
05
1a
0e
014
#5117
b00000011 0
b01000010 2
03
14
15
b01000010 b
1e
114
b01000010 20
#5118
b00000001 0
b01000010 1
13
04
05
0e
014
#5119
b00000000 0
b01101010 1
b01111010 2
15
0a
b01111010 b
1e
114
b01111010 20
#5120
b00000001 0
b01111010 1
05
1a
0e
014
#5121
b00000000 0
b00111011 2
03
15
0a
b00111011 b
1e
114
b00111011 20
#5122
b00000001 0
b00111011 1
13
05
0e
014
#5123
b00000000 0
b01111111 2
03
15
b01111111 b
1e
114
b01111111 20
#5124
b00000010 0
b01111111 1
14
05
1a
0e
014
#5125
b00000000 0
b01000111 2
04
15
0a
b01000111 b
1e
114
b01000111 20
#5126
b00000010 0
b01000111 1
13
05
1a
0e
014
#5127
b00000011 0
b10000011 2
03
14
15
b10000011 b
1e
114
b10000011 20
#5128
b00000001 0
b10000011 1
13
04
05
0e
014
#5129
b00000000 0
b01100010 1
b01100010 2
15
0a
b01100010 b
1e
114
b01100010 20
#5130
b00000001 0
05
1a
0e
014
#5131
b00000000 0
b11101010 2
03
15
0a
b11101010 b
1e
114
b11101010 20
#5132
b00000001 0
b11101010 1
13
05
0e
014
#5133
b00000000 0
b11100010 2
03
15
b11100010 b
1e
114
b11100010 20
#5134
b00000010 0
b11100010 1
14
05
1a
0e
014
#5135
b00000000 0
b11111111 2
04
15
0a
b11111111 b
1e
114
b11111111 20
#5136
b00000010 0
b11111111 1
13
05
1a
0e
014
#5137
b00000011 0
03
14
15
1e
114
#5138
b00000001 0
13
04
05
0e
014
#5139
b00000000 0
15
0a
1e
114
#5140
b00000001 0
05
1a
0e
014
#5141
b00000000 0
03
15
0a
1e
114
#5142
b00000001 0
13
05
0e
014
#5143
b00000000 0
03
15
1e
114
#5144
b00000010 0
14
05
1a
0e
014
#5145
b00000000 0
04
15
0a
1e
114
#5146
b00000010 0
13
05
1a
0e
014
#5147
b00000011 0
03
14
15
1e
114
#5148
b00000001 0
13
04
05
0e
014
#5149
b00000000 0
15
0a
1e
114
#5150
b00000001 0
05
1a
0e
014
#5151
b00000000 0
03
15
0a
1e
114
#5152
b00000001 0
13
05
0e
014
#5153
b00000000 0
03
15
1e
114
#5154
b00000010 0
14
05
1a
0e
014
#5155
b00000000 0
04
15
0a
1e
114
#5156
b00000010 0
13
05
1a
0e
014
#5157
b00000011 0
03
14
15
1e
114
#5158
b00000001 0
13
04
05
0e
014
#5159
b00000000 0
15
0a
1e
114
#5160
b00000001 0
05
1a
0e
014
#5161
b00000000 0
03
15
0a
1e
114
#5162
b00000001 0
13
05
0e
014
#5163
b00000000 0
03
15
1e
114
#5164
b00000010 0
14
05
1a
0e
014
#5165
b00000000 0
04
15
0a
1e
114
#5166
b00000010 0
13
05
1a
0e
014
#5167
b00000011 0
03
14
15
1e
114
#5168
b00000001 0
13
04
05
0e
014
#5169
b00000000 0
15
0a
1e
114
#5170
b00000001 0
05
1a
0e
014
#5171
b00000000 0
03
15
0a
1e
114
#5172
b00000001 0
13
05
0e
014
#5173
b00000000 0
03
15
1e
114
#5174
b00000010 0
14
05
1a
0e
014
#5175
b00000000 0
04
15
0a
1e
114
#5176
b00000010 0
13
05
1a
0e
014
#5177
b00000011 0
03
14
15
1e
114
#5178
b00000001 0
13
04
05
0e
014
#5179
b00000000 0
15
0a
1e
114
#5180
b00000001 0
05
1a
0e
014
#5181
b00000000 0
03
15
0a
1e
114
#5182
b00000001 0
13
05
0e
014
#5183
b00000000 0
03
15
1e
114
#5184
b00000010 0
14
05
1a
0e
014
#5185
b00000000 0
04
15
0a
1e
114
#5186
b00000010 0
13
05
1a
0e
014
#5187
b00000011 0
03
14
15
1e
114
#5188
b00000001 0
13
04
05
0e
014
#5189
b00000000 0
15
0a
1e
114
#5190
b00000001 0
05
1a
0e
014
#5191
b00000000 0
03
15
0a
1e
114
#5192
b00000001 0
13
05
0e
014
#5193
b00000000 0
03
15
1e
114
#5194
b00000010 0
14
05
1a
0e
014
#5195
b00000000 0
04
15
0a
1e
114
#5196
b00000010 0
13
05
1a
0e
014
#5197
b00000011 0
03
14
15
1e
114
#5198
b00000001 0
13
04
05
0e
014
#5199
b00000000 0
15
0a
1e
114
#5200
b00000001 0
05
1a
0e
014
#5201
b00000000 0
03
15
0a
1e
114
#5202
b00000001 0
13
05
0e
014
#5203
b00000000 0
03
15
1e
114
#5204
b00000010 0
14
05
1a
0e
014
#5205
b00000000 0
04
15
0a
1e
114
#5206
b00000010 0
13
05
1a
0e
014
#5207
b00000011 0
03
14
15
1e
114
#5208
b00000001 0
13
04
05
0e
014
#5209
b00000000 0
15
0a
1e
114
#5210
b00000001 0
05
1a
0e
014
#5211
b00000000 0
03
15
0a
1e
114
#5212
b00000001 0
13
05
0e
014
#5213
b00000000 0
03
15
1e
114
#5214
b00000010 0
14
05
1a
0e
014
#5215
b00000000 0
04
15
0a
1e
114
#5216
b00000010 0
13
05
1a
0e
014
#5217
b00000011 0
03
14
15
1e
114
#5218
b00000001 0
13
04
05
0e
014
#5219
b00000000 0
15
0a
1e
114
#5220
b00000001 0
05
1a
0e
014
#5221
b00000000 0
03
15
0a
1e
114
#5222
b00000001 0
13
05
0e
014
#5223
b00000000 0
03
15
1e
114
#5224
b00000010 0
14
05
1a
0e
014
#5225
b00000000 0
04
15
0a
1e
114
#5226
b00000010 0
13
05
1a
0e
014
#5227
b00000011 0
03
14
15
1e
114
#5228
b00000001 0
13
04
05
0e
014
#5229
b00000000 0
15
0a
1e
114
#5230
b00000001 0
05
1a
0e
014
#5231
b00000000 0
03
15
0a
1e
114
#5232
b00000001 0
13
05
0e
014
#5233
b00000000 0
03
15
1e
114
#5234
b00000010 0
14
05
1a
0e
014
#5235
b00000000 0
04
15
0a
1e
114
#5236
b00000010 0
13
05
1a
0e
014
#5237
b00000011 0
03
14
15
1e
114
#5238
b00000001 0
13
04
05
0e
014
#5239
b00000000 0
15
0a
1e
114
#5240
b00000001 0
05
1a
0e
014
#5241
b00000000 0
03
15
0a
1e
114
#5242
b00000001 0
13
05
0e
014
#5243
b00000000 0
03
15
1e
114
#5244
b00000010 0
14
05
1a
0e
014
#5245
b00000000 0
04
15
0a
1e
114
#5246
b00000010 0
13
05
1a
0e
014
#5247
b00000011 0
03
14
15
1e
114
#5248
b00000001 0
13
04
05
0e
014
#5249
b00000000 0
15
0a
1e
114
#5250
b00000001 0
05
1a
0e
014
#5251
b00000000 0
03
15
0a
1e
114
#5252
b00000001 0
13
05
0e
014
#5253
b00000000 0
03
15
1e
114
#5254
b00000010 0
14
05
1a
0e
014
#5255
b00000000 0
04
15
0a
1e
114
#5256
b00000010 0
13
05
1a
0e
014
#5257
b00000011 0
03
14
15
1e
114
#5258
b00000001 0
13
04
05
0e
014
#5259
b00000000 0
15
0a
1e
114
#5260
b00000001 0
05
1a
0e
014
#5261
b00000000 0
03
15
0a
1e
114
#5262
b00000001 0
13
05
0e
014
#5263
b00000000 0
03
15
1e
114
#5264
b00000010 0
14
05
1a
0e
014
#5265
b00000000 0
04
15
0a
1e
114
#5266
b00000010 0
13
05
1a
0e
014
#5267
b00000011 0
03
14
15
1e
114
#5268
b00000001 0
13
04
05
0e
014
#5269
b00000000 0
15
0a
1e
114
#5270
b00000001 0
05
1a
0e
014
#5271
b00000000 0
03
15
0a
1e
114
#5272
b00000001 0
13
05
0e
014
#5273
b00000000 0
03
15
1e
114
#5274
b00000010 0
14
05
1a
0e
014
#5275
b00000000 0
04
15
0a
1e
114
#5276
b00000010 0
13
05
1a
0e
014
#5277
b00000011 0
03
14
15
1e
114
#5278
b00000001 0
13
04
05
0e
014
#5279
b00000000 0
15
0a
1e
114
#5280
b00000001 0
05
1a
0e
014
#5281
b00000000 0
03
15
0a
1e
114
#5282
b00000001 0
13
05
0e
014
#5283
b00000000 0
03
15
1e
114
#5284
b00000010 0
14
05
1a
0e
014
#5285
b00000000 0
04
15
0a
1e
114
#5286
b00000010 0
13
05
1a
0e
014
#5287
b00000011 0
03
14
15
1e
114
#5288
b00000001 0
13
04
05
0e
014
#5289
b00000000 0
15
0a
1e
114
#5290
b00000001 0
05
1a
0e
014
#5291
b00000000 0
03
15
0a
1e
114
#5292
b00000001 0
13
05
0e
014
#5293
b00000000 0
03
15
1e
114
#5294
b00000010 0
14
05
1a
0e
014
#5295
b00000000 0
04
15
0a
1e
114
#5296
b00000010 0
13
05
1a
0e
014
#5297
b00000011 0
03
14
15
1e
114
#5298
b00000001 0
13
04
05
0e
014
#5299
b00000000 0
03
0a
#5300
b00000001 0
#5301
b00000011 0
#5302
b00000100 0
#5303
b00000110 0
#5304
b00001000 0
#5305
b00001001 0
#5306
b00001011 0
#5307
b00001100 0
16
#5308
b00001110 0
#5309
b00010000 0
#5310
b00010001 0
#5311
b00010011 0
#5312
b00010100 0
#5313
b00010110 0
#5314
b00011000 0
#5315
b00011001 0
#5316
b00011011 0
#5317
b00011100 0
#5318
b00011110 0
#5319
b00100000 0
#5320
b00100001 0
#5321
b00100011 0
#5322
b00100100 0
#5323
b00100110 0
#5324
b00101000 0
#5325
b00101001 0
#5326
b00101011 0
#5327
b00101100 0
#5328
b00101110 0
#5329
b00110000 0
#5330
b00110001 0
#5331
b00110011 0
#5332
b00110100 0
#5333
b00110110 0
#5334
b00111000 0
#5335
b00111001 0
#5336
b00111011 0
#5337
b00111100 0
#5338
b00111110 0
#5339
b01000000 0
06
#5340
b01000001 0
16
#5341
b01000011 0
#5342
b01000100 0
#5343
b01000110 0
#5344
b01001000 0
#5345
b01001001 0
#5346
b01001011 0
#5347
b01001100 0
#5348
b01001110 0
#5349
b01010000 0
#5350
b01010001 0
#5351
b01010011 0
#5352
b01010100 0
#5353
b01010110 0
#5354
b01011000 0
#5355
b01011001 0
#5356
b01011011 0
#5357
b01011100 0
#5358
b01011110 0
#5359
b01100000 0
#5360
b01100001 0
#5361
b01100011 0
#5362
b01100100 0
#5363
b01100110 0
#5364
b01101000 0
#5365
b01101001 0
#5366
b01101011 0
#5367
b01101100 0
#5368
b01101110 0
#5369
b01110000 0
#5370
b01110001 0
#5371
b01110011 0
#5372
b01110100 0
#5373
b01110110 0
#5374
b01111000 0
#5375
b01111001 0
#5376
b01111011 0
#5377
b01111100 0
#5378
b01111110 0
#5379
b10000000 0
#5380
b10000001 0
#5381
b10000011 0
#5382
b10000100 0
#5383
b10000110 0
#5384
b10001000 0
#5385
b10001001 0
#5386
b10001011 0
#5387
b10001100 0
#5388
b10001110 0
#5389
b10010000 0
#5390
b10010001 0
#5391
b10010011 0
#5392
b10010100 0
#5393
b10010110 0
#5394
b10011000 0
#5395
b10011001 0
#5396
b10011011 0
#5397
b10011100 0
#5398
b10011110 0
#5399
b10100000 0
#5400
b10100001 0
#5401
b10100011 0
#5402
b10100100 0
#5403
b10100110 0
#5404
b10101000 0
#5405
b10101001 0
#5406
b10101011 0
#5407
b10101100 0
#5408
b10101110 0
#5409
b10110000 0
#5410
b10110001 0
#5411
b10110011 0
#5412
b10110100 0
#5413
b10110110 0
#5414
b10111000 0
#5415
b10111001 0
#5416
b10111011 0
#5417
b10111100 0
#5418
b10111110 0
#5419
b11000000 0
#5420
b11000001 0
#5421
b11000011 0
#5422
b11000100 0
#5423
b11000110 0
#5424
b11001000 0
#5425
b11001001 0
#5426
b11001011 0
#5427
b11001100 0
#5428
b11001110 0
#5429
b11010000 0
#5430
b11010001 0
#5431
b11010011 0
#5432
b11010100 0
#5433
b11010110 0
#5434
b11011000 0
#5435
b11011001 0
#5436
b11011011 0
#5437
b11011100 0
#5438
b11011110 0
#5439
b11100000 0
#5440
b11100001 0
#5441
b11100011 0
#5442
b11100100 0
#5443
b11100110 0
#5444
b11101000 0
#5445
b11101001 0
#5446
b11101011 0
#5447
b11101100 0
#5448
b11101110 0
#5449
b11110000 0
#5450
b11110001 0
#5451
b11110011 0
#5452
b11110100 0
#5453
b11110110 0
#5454
b11111000 0
#5455
b11111001 0
#5456
b11111011 0
#5457
b11111100 0
#5458
b11111110 0
#5459
b11111111 0
#5547
116
11f
b0001 2a
#5548
119
01f
#5549
124
b0110100001011000011000000101110001101010010101110110110101100010 27
129
b1000 2b
#5550
b0000000000000000 21
b0110011101100001011011000110000101101010010111100110101001010110 27
#5551
b0110000101100001011011100101011101101111010101110101111101011100 27
#5552
b0101111001010000011000000101010101011100011010010110001101011101 27
#5553
024
b0000000000000000000000000000000000000000000000000000000000000000 27
029
b0000 2b
#5554
b0000000000000001 21
124
b0110100001011111011001100101101101100111010111110110000001011011 27
129
b1000 2b
#5555
b0000000000000000 21
024
b0000000000000000000000000000000000000000000000000000000000000000 27
029
b0000 2b
#5556
b0000000000000001 21
124
b0110110101100111011101100101111101101100011000100111000101101110 27
129
b1000 2b
#5557
b0000000000000000 21
b0111010001100001011100100101010001100111011000110111001001100100 27
#5558
024
b0000000000000000000000000000000000000000000000000000000000000000 27
029
b0000 2b
#5559
b0000000000000001 21
124
b0111011001100110011000000110000001100110011001100101111101100010 27
129
b1000 2b
#5560
b0000000000000000 21
024
b0000000000000000000000000000000000000000000000000000000000000000 27
029
b0000 2b
#5561
b0000000000000001 21
124
b0111100110000110011100000110010101101111011011000111100101011100 27
129
b1000 2b
#5562
b0000000000000000 21
024
b0000000000000000000000000000000000000000000000000000000000000000 27
029
b0000 2b
#5563
b0000000000000001 21
124
b0110011101100001111111111111000111011100100000111001010101110010 27
129
b1000 2b
#5564
b0000000000000000 21
b0110000101100001011011100101011101101111010101110101111101011100 27
#5565
024
b0000000000000000000000000000000000000000000000000000000000000000 27
029
b0000 2b
#5566
b0000000000000001 21
124
b0101111001010000011000000101010101011100011010010110001101011101 27
129
b1000 2b
#5567
b0000000000000000 21
024
b0000000000000000000000000000000000000000000000000000000000000000 27
029
b0000 2b
#5568
b0000000000000001 21
124
b0110100001011111011001100101101101100111010111110110000001011011 27
129
b1000 2b
#5569
b0000000000000000 21
024
b0000000000000000000000000000000000000000000000000000000000000000 27
029
b0000 2b
#5570
b0000000000000001 21
124
b0110110101100111011101100101111101101100011000100111000101101110 27
129
b1000 2b
#5571
b0000000000000000 21
b0111010001100001011100100101010001100111011000110111001001100100 27
#5572
024
b0000000000000000000000000000000000000000000000000000000000000000 27
029
b0000 2b
#5573
b0000000000000001 21
124
b0111011001100110011000000110000001100110011001100101111101100010 27
129
b1000 2b
#5574
b0000000000000000 21
024
b0000000000000000000000000000000000000000000000000000000000000000 27
029
b0000 2b
#5575
b0000000000000001 21
124
b0111100110000110011100000110010101101111011011000111100101011100 27
129
b1000 2b
#5576
b0000000000000000 21
024
b0000000000000000000000000000000000000000000000000000000000000000 27
029
b0000 2b
#5577
b0000000000000001 21
124
b1111111111111111111111111111000111011100100000111001010101110010 27
129
b1000 2b
#5578
b0000000000000000 21
b1111111111111111111111111111111111111111111111111111111111111111 27
#5579
024
b0000000000000000000000000000000000000000000000000000000000000000 27
029
b0000 2b
#5580
b0000000000000001 21
124
b1111111111111111111111111111111111111111111111111111111111111111 27
129
b1000 2b
#5581
b0000000000000000 21
024
b0000000000000000000000000000000000000000000000000000000000000000 27
029
b0000 2b
#5582
b0000000000000001 21
124
b1111111111111111111111111111111111111111111111111111111111111111 27
129
b1000 2b
#5583
b0000000000000000 21
024
b0000000000000000000000000000000000000000000000000000000000000000 27
029
b0000 2b
#5584
b0000000000000001 21
124
b1111111111111111111111111111111111111111111111111111111111111111 27
129
b1000 2b
#5585
b0000000000000000 21
#5586
024
b0000000000000000000000000000000000000000000000000000000000000000 27
029
b0000 2b
#5587
b0000000000000001 21
124
b1111111111111111111111111111111111111111111111111111111111111111 27
129
b1000 2b
#5588
b0000000000000000 21
024
b0000000000000000000000000000000000000000000000000000000000000000 27
029
b0000 2b
#5589
b0000000000000001 21
124
b1111111111111111111111111111111111111111111111111111111111111111 27
129
b1000 2b
#5590
b0000000000000000 21
024
b0000000000000000000000000000000000000000000000000000000000000000 27
029
b0000 2b
#5591
b0000000000000001 21
124
b1111111111111111111111111111111111111111111111111111111111111111 27
129
b1000 2b
#5592
b0000000000000000 21
#5593
024
b0000000000000000000000000000000000000000000000000000000000000000 27
029
b0000 2b
#5594
b0000000000000001 21
#5595
b0000000000000010 21
124
b1111111111111111111111111111111111111111111111111111111111111111 27
129
b1000 2b
#5596
b0000000000000000 21
024
029
b0000 2b
#5597
016
b0000000000000001 21
b0000 2a
#5598
019
b0000000000000010 21
b0000000000000000000000000000000000000000000000000000000000000000 27
#5599
b0000000000000011 21
#5600
b0000000000000100 21
#5601
b0000000000000101 21
#5602
b0000000000000110 21
#5603
b0000000000000111 21
#5604
b0000000000001000 21
#5605
b0000000000001001 21
#5606
b0000000000001010 21
#5607
115
b0000000000000011 1a
b0000000000000000 21
023
125
#5608
015
b0000000000000001 21
#5609
b01110010 1
b01100010 2
13
15
b01100010 b
1e
114
b01100010 20
b0000000000000010 21
#5610
b01100010 1
05
1a
0e
014
b0000000000000011 21
#5611
b00000000 0
b01101101 2
03
15
06
0a
b01101101 b
1e
114
b01101101 20
b0000000000000100 21
#5612
b00000001 0
b01101101 1
13
05
0e
014
b0000000000000101 21
#5613
b00000000 0
b01010111 2
03
15
b01010111 b
1e
114
b01010111 20
b0000000000000110 21
#5614
b00000010 0
b01010111 1
14
05
1a
0e
014
b0000000000000111 21
#5615
b00000000 0
b01101010 2
04
15
0a
b01101010 b
1e
114
b01101010 20
b0000000000001000 21
#5616
b00000010 0
b01101010 1
13
05
1a
0e
014
b0000000000001001 21
#5617
b00000011 0
b01011100 2
03
14
15
b01011100 b
1e
114
b01011100 20
b0000000000001010 21
#5618
b00000001 0
b01011100 1
13
04
05
0e
014
b0000000000000000 21
#5619
b00000000 0
b01110000 1
b01100000 2
15
0a
b01100000 b
1e
114
b01100000 20
b0000000000000001 21
#5620
b00000001 0
b01100000 1
05
1a
0e
014
b0000000000000010 21
#5621
b00000000 0
b01011000 2
03
15
0a
b01011000 b
1e
114
b01011000 20
b0000000000000011 21
#5622
b00000001 0
b01011000 1
13
05
0e
014
b0000000000000100 21
#5623
b00000000 0
b01101000 2
03
15
b01101000 b
1e
114
b01101000 20
b0000000000000101 21
#5624
b00000010 0
b01101000 1
14
05
1a
0e
014
b0000000000000110 21
#5625
b00000000 0
b01010110 2
04
15
0a
b01010110 b
1e
114
b01010110 20
b0000000000000111 21
#5626
b00000010 0
b01010110 1
13
05
1a
0e
014
b0000000000001000 21
#5627
b00000011 0
b01101010 2
03
14
15
b01101010 b
1e
114
b01101010 20
b0000000000001001 21
#5628
b00000001 0
b01101010 1
13
04
05
0e
014
b0000000000001010 21
#5629
b00000000 0
b01001110 1
b01011110 2
15
0a
b01011110 b
1e
114
b01011110 20
#5630
b00000001 0
b01011110 1
05
1a
0e
014
#5631
b00000000 0
b01101010 2
03
15
0a
b01101010 b
1e
114
b01101010 20
#5632
b00000001 0
b01101010 1
13
05
0e
014
#5633
b00000000 0
b01100001 2
03
15
b01100001 b
1e
114
b01100001 20
#5634
b00000010 0
b01100001 1
14
05
1a
0e
014
#5635
b00000000 0
b01101100 2
04
15
0a
b01101100 b
1e
114
b01101100 20
#5636
b00000010 0
b01101100 1
13
05
1a
0e
014
#5637
b00000011 0
b01100001 2
03
14
15
b01100001 b
1e
114
b01100001 20
#5638
b00000001 0
b01100001 1
13
04
05
0e
014
#5639
b00000000 0
b01100111 1
b01100111 2
15
0a
b01100111 b
1e
114
b01100111 20
#5640
b00000001 0
05
1a
0e
014
#5641
b00000000 0
b01011100 2
03
15
0a
b01011100 b
1e
114
b01011100 20
#5642
b00000001 0
b01011100 1
13
05
0e
014
#5643
b00000000 0
b01011111 2
03
15
b01011111 b
1e
114
b01011111 20
#5644
b00000010 0
b01011111 1
14
05
1a
0e
014
#5645
b00000000 0
b01010111 2
04
15
0a
b01010111 b
1e
114
b01010111 20
#5646
b00000010 0
b01010111 1
13
05
1a
0e
014
#5647
b00000011 0
b01101111 2
03
14
15
b01101111 b
1e
114
b01101111 20
#5648
b00000001 0
b01101111 1
13
04
05
0e
014
#5649
b00000000 0
b01000111 1
b01010111 2
15
0a
b01010111 b
1e
114
b01010111 20
#5650
b00000001 0
b01010111 1
05
1a
0e
014
#5651
b00000000 0
b01101110 2
03
15
0a
b01101110 b
1e
114
b01101110 20
#5652
b00000001 0
b01101110 1
13
05
0e
014
#5653
b00000000 0
b01100001 2
03
15
b01100001 b
1e
114
b01100001 20
#5654
b00000010 0
b01100001 1
14
05
1a
0e
014
#5655
b00000000 0
04
15
0a
1e
114
#5656
b00000010 0
13
05
1a
0e
014
#5657
b00000011 0
b01011101 2
03
14
15
b01011101 b
1e
114
b01011101 20
#5658
b00000001 0
b01011101 1
13
04
05
0e
014
#5659
b00000000 0
b01110011 1
b01100011 2
15
0a
b01100011 b
1e
114
b01100011 20
#5660
b00000001 0
b01100011 1
05
1a
0e
014
#5661
b00000000 0
b01101001 2
03
15
0a
b01101001 b
1e
114
b01101001 20
#5662
b00000001 0
b01101001 1
13
05
0e
014
#5663
b00000000 0
b01011100 2
03
15
b01011100 b
1e
114
b01011100 20
#5664
b00000010 0
b01011100 1
14
05
1a
0e
014
#5665
b00000000 0
b01010101 2
04
15
0a
b01010101 b
1e
114
b01010101 20
#5666
b00000010 0
b01010101 1
13
05
1a
0e
014
#5667
b00000011 0
b01100000 2
03
14
15
b01100000 b
1e
114
b01100000 20
#5668
b00000001 0
b01100000 1
13
04
05
0e
014
#5669
b00000000 0
b01000000 1
b01010000 2
15
0a
b01010000 b
1e
114
b01010000 20
#5670
b00000001 0
b01010000 1
05
1a
0e
014
#5671
b00000000 0
b01011110 2
03
15
0a
b01011110 b
1e
114
b01011110 20
#5672
b00000001 0
b01011110 1
13
05
0e
014
#5673
b00000000 0
b01011011 2
03
15
b01011011 b
1e
114
b01011011 20
#5674
b00000010 0
b01011011 1
14
05
1a
0e
014
#5675
b00000000 0
b01100000 2
04
15
0a
b01100000 b
1e
114
b01100000 20
#5676
b00000010 0
b01100000 1
13
05
1a
0e
014
#5677
b00000011 0
b01011111 2
03
14
15
b01011111 b
1e
114
b01011111 20
#5678
b00000001 0
b01011111 1
13
04
05
0e
014
#5679
b00000000 0
b01110111 1
b01100111 2
15
0a
b01100111 b
1e
114
b01100111 20
#5680
b00000001 0
b01100111 1
05
1a
0e
014
#5681
b00000000 0
b01011011 2
03
15
0a
b01011011 b
1e
114
b01011011 20
#5682
b00000001 0
b01011011 1
13
05
0e
014
#5683
b00000000 0
b01100110 2
03
15
b01100110 b
1e
114
b01100110 20
#5684
b00000010 0
b01100110 1
14
05
1a
0e
014
#5685
b00000000 0
b01011111 2
04
15
0a
b01011111 b
1e
114
b01011111 20
#5686
b00000010 0
b01011111 1
13
05
1a
0e
014
#5687
b00000011 0
b01101000 2
03
14
15
b01101000 b
1e
114
b01101000 20
#5688
b00000001 0
b01101000 1
13
04
05
0e
014
#5689
b00000000 0
b01101110 1
b01101110 2
15
0a
b01101110 b
1e
114
b01101110 20
#5690
b00000001 0
05
1a
0e
014
#5691
b00000000 0
b01110001 2
03
15
0a
b01110001 b
1e
114
b01110001 20
#5692
b00000001 0
b01110001 1
13
05
0e
014
#5693
b00000000 0
b01100010 2
03
15
b01100010 b
1e
114
b01100010 20
#5694
b00000010 0
b01100010 1
14
05
1a
0e
014
#5695
b00000000 0
b01101100 2
04
15
0a
b01101100 b
1e
114
b01101100 20
#5696
b00000010 0
b01101100 1
13
05
1a
0e
014
#5697
b00000011 0
b01011111 2
03
14
15
b01011111 b
1e
114
b01011111 20
#5698
b00000001 0
b01011111 1
13
04
05
0e
014
#5699
b00000000 0
b01110110 1
b01110110 2
15
0a
b01110110 b
1e
114
b01110110 20
#5700
b00000001 0
05
1a
0e
014
#5701
b00000000 0
b01100111 2
03
15
0a
b01100111 b
1e
114
b01100111 20
#5702
b00000001 0
b01100111 1
13
05
0e
014
#5703
b00000000 0
b01101101 2
03
15
b01101101 b
1e
114
b01101101 20
#5704
b00000010 0
b01101101 1
14
05
1a
0e
014
#5705
b00000000 0
b01100100 2
04
15
0a
b01100100 b
1e
114
b01100100 20
#5706
b00000010 0
b01100100 1
13
05
1a
0e
014
#5707
b00000011 0
b01110010 2
03
14
15
b01110010 b
1e
114
b01110010 20
#5708
b00000001 0
b01110010 1
13
04
05
0e
014
#5709
b00000000 0
b01110011 1
b01100011 2
15
0a
b01100011 b
1e
114
b01100011 20
#5710
b00000001 0
b01100011 1
05
1a
0e
014
#5711
b00000000 0
b01100111 2
03
15
0a
b01100111 b
1e
114
b01100111 20
#5712
b00000001 0
b01100111 1
13
05
0e
014
#5713
b00000000 0
b01010100 2
03
15
b01010100 b
1e
114
b01010100 20
#5714
b00000010 0
b01010100 1
14
05
1a
0e
014
#5715
b00000000 0
b01110010 2
04
15
0a
b01110010 b
1e
114
b01110010 20
#5716
b00000010 0
b01110010 1
13
05
1a
0e
014
#5717
b00000011 0
b01100001 2
03
14
15
b01100001 b
1e
114
b01100001 20
#5718
b00000001 0
b01100001 1
13
04
05
0e
014
#5719
b00000000 0
b01100100 1
b01110100 2
15
0a
b01110100 b
1e
114
b01110100 20
#5720
b00000001 0
b01110100 1
05
1a
0e
014
#5721
b00000000 0
b01100010 2
03
15
0a
b01100010 b
1e
114
b01100010 20
#5722
b00000001 0
b01100010 1
13
05
0e
014
#5723
b00000000 0
b01011111 2
03
15
b01011111 b
1e
114
b01011111 20
#5724
b00000010 0
b01011111 1
14
05
1a
0e
014
#5725
b00000000 0
b01100110 2
04
15
0a
b01100110 b
1e
114
b01100110 20
#5726
b00000010 0
b01100110 1
13
05
1a
0e
014
#5727
b00000011 0
03
14
15
1e
114
#5728
b00000001 0
13
04
05
0e
014
#5729
b00000000 0
b01100000 1
b01100000 2
15
0a
b01100000 b
1e
114
b01100000 20
#5730
b00000001 0
05
1a
0e
014
#5731
b00000000 0
03
15
0a
1e
114
#5732
b00000001 0
13
05
0e
014
#5733
b00000000 0
b01100110 2
03
15
b01100110 b
1e
114
b01100110 20
#5734
b00000010 0
b01100110 1
14
05
1a
0e
014
#5735
b00000000 0
b01110110 2
04
15
0a
b01110110 b
1e
114
b01110110 20
#5736
b00000010 0
b01110110 1
13
05
1a
0e
014
#5737
b00000011 0
b01011100 2
03
14
15
b01011100 b
1e
114
b01011100 20
#5738
b00000001 0
b01011100 1
13
04
05
0e
014
#5739
b00000000 0
b01111001 1
b01111001 2
15
0a
b01111001 b
1e
114
b01111001 20
#5740
b00000001 0
05
1a
0e
014
#5741
b00000000 0
b01101100 2
03
15
0a
b01101100 b
1e
114
b01101100 20
#5742
b00000001 0
b01101100 1
13
05
0e
014
#5743
b00000000 0
b01101111 2
03
15
b01101111 b
1e
114
b01101111 20
#5744
b00000010 0
b01101111 1
14
05
1a
0e
014
#5745
b00000000 0
b01100101 2
04
15
0a
b01100101 b
1e
114
b01100101 20
#5746
b00000010 0
b01100101 1
13
05
1a
0e
014
#5747
b00000011 0
b01110000 2
03
14
15
b01110000 b
1e
114
b01110000 20
#5748
b00000001 0
b01110000 1
13
04
05
0e
014
#5749
b00000000 0
b10010110 1
b10000110 2
15
0a
b10000110 b
1e
114
b10000110 20
#5750
b00000001 0
b10000110 1
05
1a
0e
014
#5751
b00000000 0
b01111001 2
03
15
0a
b01111001 b
1e
114
b01111001 20
#5752
b00000001 0
b01111001 1
13
05
0e
014
#5753
b00000000 0
b01110010 2
03
15
b01110010 b
1e
114
b01110010 20
#5754
b00000010 0
b01110010 1
14
05
1a
0e
014
#5755
b00000000 0
b10010101 2
04
15
0a
b10010101 b
1e
114
b10010101 20
#5756
b00000010 0
b10010101 1
13
05
1a
0e
014
#5757
b00000011 0
b10000011 2
03
14
15
b10000011 b
1e
114
b10000011 20
#5758
b00000001 0
b10000011 1
13
04
05
0e
014
#5759
b00000000 0
b11001100 1
b11011100 2
15
0a
b11011100 b
1e
114
b11011100 20
#5760
b00000001 0
b11011100 1
05
1a
0e
014
#5761
b00000000 0
b11110001 2
03
15
0a
b11110001 b
1e
114
b11110001 20
#5762
b00000001 0
b11110001 1
13
05
0e
014
#5763
b00000000 0
b11111111 2
03
15
b11111111 b
1e
114
b11111111 20
#5764
b00000010 0
b11111111 1
14
05
1a
0e
014
#5765
b00000000 0
b01100001 2
04
15
0a
b01100001 b
1e
114
b01100001 20
#5766
b00000010 0
b01100001 1
13
05
1a
0e
014
#5767
b00000011 0
b01100111 2
03
14
15
b01100111 b
1e
114
b01100111 20
#5768
b00000001 0
b01100111 1
13
04
05
0e
014
#5769
b00000000 0
b01001100 1
b01011100 2
15
0a
b01011100 b
1e
114
b01011100 20
#5770
b00000001 0
b01011100 1
05
1a
0e
014
#5771
b00000000 0
b01011111 2
03
15
0a
b01011111 b
1e
114
b01011111 20
#5772
b00000001 0
b01011111 1
13
05
0e
014
#5773
b00000000 0
b01010111 2
03
15
b01010111 b
1e
114
b01010111 20
#5774
b00000010 0
b01010111 1
14
05
1a
0e
014
#5775
b00000000 0
b01101111 2
04
15
0a
b01101111 b
1e
114
b01101111 20
#5776
b00000010 0
b01101111 1
13
05
1a
0e
014
#5777
b00000011 0
b01010111 2
03
14
15
b01010111 b
1e
114
b01010111 20
#5778
b00000001 0
b01010111 1
13
04
05
0e
014
#5779
b00000000 0
b01111110 1
b01101110 2
15
0a
b01101110 b
1e
114
b01101110 20
#5780
b00000001 0
b01101110 1
05
1a
0e
014
#5781
b00000000 0
b01100001 2
03
15
0a
b01100001 b
1e
114
b01100001 20
#5782
b00000001 0
b01100001 1
13
05
0e
014
#5783
b00000000 0
03
15
1e
114
#5784
b00000010 0
14
05
1a
0e
014
#5785
b00000000 0
b01011101 2
04
15
0a
b01011101 b
1e
114
b01011101 20
#5786
b00000010 0
b01011101 1
13
05
1a
0e
014
#5787
b00000011 0
b01100011 2
03
14
15
b01100011 b
1e
114
b01100011 20
#5788
b00000001 0
b01100011 1
13
04
05
0e
014
#5789
b00000000 0
b01101001 1
b01101001 2
15
0a
b01101001 b
1e
114
b01101001 20
#5790
b00000001 0
05
1a
0e
014
#5791
b00000000 0
b01011100 2
03
15
0a
b01011100 b
1e
114
b01011100 20
#5792
b00000001 0
b01011100 1
13
05
0e
014
#5793
b00000000 0
b01010101 2
03
15
b01010101 b
1e
114
b01010101 20
#5794
b00000010 0
b01010101 1
14
05
1a
0e
014
#5795
b00000000 0
b01100000 2
04
15
0a
b01100000 b
1e
114
b01100000 20
#5796
b00000010 0
b01100000 1
13
05
1a
0e
014
#5797
b00000011 0
b01010000 2
03
14
15
b01010000 b
1e
114
b01010000 20
#5798
b00000001 0
b01010000 1
13
04
05
0e
014
#5799
b00000000 0
b01011110 1
b01011110 2
15
0a
b01011110 b
1e
114
b01011110 20
#5800
b00000001 0
05
1a
0e
014
#5801
b00000000 0
b01011011 2
03
15
0a
b01011011 b
1e
114
b01011011 20
#5802
b00000001 0
b01011011 1
13
05
0e
014
#5803
b00000000 0
b01100000 2
03
15
b01100000 b
1e
114
b01100000 20
#5804
b00000010 0
b01100000 1
14
05
1a
0e
014
#5805
b00000000 0
b01011111 2
04
15
0a
b01011111 b
1e
114
b01011111 20
#5806
b00000010 0
b01011111 1
13
05
1a
0e
014
#5807
b00000011 0
b01100111 2
03
14
15
b01100111 b
1e
114
b01100111 20
#5808
b00000001 0
b01100111 1
13
04
05
0e
014
#5809
b00000000 0
b01001011 1
b01011011 2
15
0a
b01011011 b
1e
114
b01011011 20
#5810
b00000001 0
b01011011 1
05
1a
0e
014
#5811
b00000000 0
b01100110 2
03
15
0a
b01100110 b
1e
114
b01100110 20
#5812
b00000001 0
b01100110 1
13
05
0e
014
#5813
b00000000 0
b01011111 2
03
15
b01011111 b
1e
114
b01011111 20
#5814
b00000010 0
b01011111 1
14
05
1a
0e
014
#5815
b00000000 0
b01101000 2
04
15
0a
b01101000 b
1e
114
b01101000 20
#5816
b00000010 0
b01101000 1
13
05
1a
0e
014
#5817
b00000011 0
b01101110 2
03
14
15
b01101110 b
1e
114
b01101110 20
#5818
b00000001 0
b01101110 1
13
04
05
0e
014
#5819
b00000000 0
b01100001 1
b01110001 2
15
0a
b01110001 b
1e
114
b01110001 20
#5820
b00000001 0
b01110001 1
05
1a
0e
014
#5821
b00000000 0
b01100010 2
03
15
0a
b01100010 b
1e
114
b01100010 20
#5822
b00000001 0
b01100010 1
13
05
0e
014
#5823
b00000000 0
b01101100 2
03
15
b01101100 b
1e
114
b01101100 20
#5824
b00000010 0
b01101100 1
14
05
1a
0e
014
#5825
b00000000 0
b01011111 2
04
15
0a
b01011111 b
1e
114
b01011111 20
#5826
b00000010 0
b01011111 1
13
05
1a
0e
014
#5827
b00000011 0
b01110110 2
03
14
15
b01110110 b
1e
114
b01110110 20
#5828
b00000001 0
b01110110 1
13
04
05
0e
014
#5829
b00000000 0
b01110111 1
b01100111 2
15
0a
b01100111 b
1e
114
b01100111 20
#5830
b00000001 0
b01100111 1
05
1a
0e
014
#5831
b00000000 0
b01101101 2
03
15
0a
b01101101 b
1e
114
b01101101 20
#5832
b00000001 0
b01101101 1
13
05
0e
014
#5833
b00000000 0
b01100100 2
03
15
b01100100 b
1e
114
b01100100 20
#5834
b00000010 0
b01100100 1
14
05
1a
0e
014
#5835
b00000000 0
b01110010 2
04
15
0a
b01110010 b
1e
114
b01110010 20
#5836
b00000010 0
b01110010 1
13
05
1a
0e
014
#5837
b00000011 0
b01100011 2
03
14
15
b01100011 b
1e
114
b01100011 20
#5838
b00000001 0
b01100011 1
13
04
05
0e
014
#5839
b00000000 0
b01100111 1
b01100111 2
15
0a
b01100111 b
1e
114
b01100111 20
#5840
b00000001 0
05
1a
0e
014
#5841
b00000000 0
b01010100 2
03
15
0a
b01010100 b
1e
114
b01010100 20
#5842
b00000001 0
b01010100 1
13
05
0e
014
#5843
b00000000 0
b01110010 2
03
15
b01110010 b
1e
114
b01110010 20
#5844
b00000010 0
b01110010 1
14
05
1a
0e
014
#5845
b00000000 0
b01100001 2
04
15
0a
b01100001 b
1e
114
b01100001 20
#5846
b00000010 0
b01100001 1
13
05
1a
0e
014
#5847
b00000011 0
b01110100 2
03
14
15
b01110100 b
1e
114
b01110100 20
#5848
b00000001 0
b01110100 1
13
04
05
0e
014
#5849
b00000000 0
b01110010 1
b01100010 2
15
0a
b01100010 b
1e
114
b01100010 20
#5850
b00000001 0
b01100010 1
05
1a
0e
014
#5851
b00000000 0
b01011111 2
03
15
0a
b01011111 b
1e
114
b01011111 20
#5852
b00000001 0
b01011111 1
13
05
0e
014
#5853
b00000000 0
b01100110 2
03
15
b01100110 b
1e
114
b01100110 20
#5854
b00000010 0
b01100110 1
14
05
1a
0e
014
#5855
b00000000 0
04
15
0a
1e
114
#5856
b00000010 0
13
05
1a
0e
014
#5857
b00000011 0
b01100000 2
03
14
15
b01100000 b
1e
114
b01100000 20
#5858
b00000001 0
b01100000 1
13
04
05
0e
014
#5859
b00000000 0
15
0a
1e
114
#5860
b00000001 0
05
1a
0e
014
#5861
b00000000 0
b01100110 2
03
15
0a
b01100110 b
1e
114
b01100110 20
#5862
b00000001 0
b01100110 1
13
05
0e
014
#5863
b00000000 0
b01110110 2
03
15
b01110110 b
1e
114
b01110110 20
#5864
b00000010 0
b01110110 1
14
05
1a
0e
014
#5865
b00000000 0
b01011100 2
04
15
0a
b01011100 b
1e
114
b01011100 20
#5866
b00000010 0
b01011100 1
13
05
1a
0e
014
#5867
b00000011 0
b01111001 2
03
14
15
b01111001 b
1e
114
b01111001 20
#5868
b00000001 0
b01111001 1
13
04
05
0e
014
#5869
b00000000 0
b01111100 1
b01101100 2
15
0a
b01101100 b
1e
114
b01101100 20
#5870
b00000001 0
b01101100 1
05
1a
0e
014
#5871
b00000000 0
b01101111 2
03
15
0a
b01101111 b
1e
114
b01101111 20
#5872
b00000001 0
b01101111 1
13
05
0e
014
#5873
b00000000 0
b01100101 2
03
15
b01100101 b
1e
114
b01100101 20
#5874
b00000010 0
b01100101 1
14
05
1a
0e
014
#5875
b00000000 0
b01110000 2
04
15
0a
b01110000 b
1e
114
b01110000 20
#5876
b00000010 0
b01110000 1
13
05
1a
0e
014
#5877
b00000011 0
b10000110 2
03
14
15
b10000110 b
1e
114
b10000110 20
#5878
b00000001 0
b10000110 1
13
04
05
0e
014
#5879
b00000000 0
b01101001 1
b01111001 2
15
0a
b01111001 b
1e
114
b01111001 20
#5880
b00000001 0
b01111001 1
05
1a
0e
014
#5881
b00000000 0
b01110010 2
03
15
0a
b01110010 b
1e
114
b01110010 20
#5882
b00000001 0
b01110010 1
13
05
0e
014
#5883
b00000000 0
b10010101 2
03
15
b10010101 b
1e
114
b10010101 20
#5884
b00000010 0
b10010101 1
14
05
1a
0e
014
#5885
b00000000 0
b10000011 2
04
15
0a
b10000011 b
1e
114
b10000011 20
#5886
b00000010 0
b10000011 1
13
05
1a
0e
014
#5887
b00000011 0
b11011100 2
03
14
15
b11011100 b
1e
114
b11011100 20
#5888
b00000001 0
b11011100 1
13
04
05
0e
014
#5889
b00000000 0
b11110001 1
b11110001 2
15
0a
b11110001 b
1e
114
b11110001 20
#5890
b00000001 0
05
1a
0e
014
#5891
b00000000 0
b11111111 2
03
15
0a
b11111111 b
1e
114
b11111111 20
#5892
b00000001 0
b11111111 1
13
05
0e
014
#5893
b00000000 0
03
15
1e
114
#5894
b00000010 0
14
05
1a
0e
014
#5895
b00000000 0
04
15
0a
1e
114
#5896
b00000010 0
13
05
1a
0e
014
#5897
b00000011 0
03
14
15
1e
114
#5898
b00000001 0
13
04
05
0e
014
#5899
b00000000 0
15
0a
1e
114
#5900
b00000001 0
05
1a
0e
014
#5901
b00000000 0
03
15
0a
1e
114
#5902
b00000001 0
13
05
0e
014
#5903
b00000000 0
03
15
1e
114
#5904
b00000010 0
14
05
1a
0e
014
#5905
b00000000 0
04
15
0a
1e
114
#5906
b00000010 0
13
05
1a
0e
014
#5907
b00000011 0
03
14
15
1e
114
#5908
b00000001 0
13
04
05
0e
014
#5909
b00000000 0
15
0a
1e
114
#5910
b00000001 0
05
1a
0e
014
#5911
b00000000 0
03
15
0a
1e
114
#5912
b00000001 0
13
05
0e
014
#5913
b00000000 0
03
15
1e
114
#5914
b00000010 0
14
05
1a
0e
014
#5915
b00000000 0
04
15
0a
1e
114
#5916
b00000010 0
13
05
1a
0e
014
#5917
b00000011 0
03
14
15
1e
114
#5918
b00000001 0
13
04
05
0e
014
#5919
b00000000 0
15
0a
1e
114
#5920
b00000001 0
05
1a
0e
014
#5921
b00000000 0
03
15
0a
1e
114
#5922
b00000001 0
13
05
0e
014
#5923
b00000000 0
03
15
1e
114
#5924
b00000010 0
14
05
1a
0e
014
#5925
b00000000 0
04
15
0a
1e
114
#5926
b00000010 0
13
05
1a
0e
014
#5927
b00000011 0
03
14
15
1e
114
#5928
b00000001 0
13
04
05
0e
014
#5929
b00000000 0
15
0a
1e
114
#5930
b00000001 0
05
1a
0e
014
#5931
b00000000 0
03
15
0a
1e
114
#5932
b00000001 0
13
05
0e
014
#5933
b00000000 0
03
15
1e
114
#5934
b00000010 0
14
05
1a
0e
014
#5935
b00000000 0
04
15
0a
1e
114
#5936
b00000010 0
13
05
1a
0e
014
#5937
b00000011 0
03
14
15
1e
114
#5938
b00000001 0
13
04
05
0e
014
#5939
b00000000 0
15
0a
1e
114
#5940
b00000001 0
05
1a
0e
014
#5941
b00000000 0
03
15
0a
1e
114
#5942
b00000001 0
13
05
0e
014
#5943
b00000000 0
03
15
1e
114
#5944
b00000010 0
14
05
1a
0e
014
#5945
b00000000 0
04
15
0a
1e
114
#5946
b00000010 0
13
05
1a
0e
014
#5947
b00000011 0
03
14
15
1e
114
#5948
b00000001 0
13
04
05
0e
014
#5949
b00000000 0
15
0a
1e
114
#5950
b00000001 0
05
1a
0e
014
#5951
b00000000 0
03
15
0a
1e
114
#5952
b00000001 0
13
05
0e
014
#5953
b00000000 0
03
15
1e
114
#5954
b00000010 0
14
05
1a
0e
014
#5955
b00000000 0
04
15
0a
1e
114
#5956
b00000010 0
13
05
1a
0e
014
#5957
b00000011 0
03
14
15
1e
114
#5958
b00000001 0
13
04
05
0e
014
#5959
b00000000 0
15
0a
1e
114
#5960
b00000001 0
05
1a
0e
014
#5961
b00000000 0
03
15
0a
1e
114
#5962
b00000001 0
13
05
0e
014
#5963
b00000000 0
03
15
1e
114
#5964
b00000010 0
14
05
1a
0e
014
#5965
b00000000 0
04
15
0a
1e
114
#5966
b00000010 0
13
05
1a
0e
014
#5967
b00000011 0
03
14
15
1e
114
#5968
b00000001 0
13
04
05
0e
014
#5969
b00000000 0
15
0a
1e
114
#5970
b00000001 0
05
1a
0e
014
#5971
b00000000 0
03
15
0a
1e
114
#5972
b00000001 0
13
05
0e
014
#5973
b00000000 0
03
15
1e
114
#5974
b00000010 0
14
05
1a
0e
014
#5975
b00000000 0
04
15
0a
1e
114
#5976
b00000010 0
13
05
1a
0e
014
#5977
b00000011 0
03
14
15
1e
114
#5978
b00000001 0
13
04
05
0e
014
#5979
b00000000 0
15
0a
1e
114
#5980
b00000001 0
05
1a
0e
014
#5981
b00000000 0
03
15
0a
1e
114
#5982
b00000001 0
13
05
0e
014
#5983
b00000000 0
03
15
1e
114
#5984
b00000010 0
14
05
1a
0e
014
#5985
b00000000 0
04
15
0a
1e
114
#5986
b00000010 0
13
05
1a
0e
014
#5987
b00000011 0
03
14
15
1e
114
#5988
b00000001 0
13
04
05
0e
014
#5989
b00000000 0
15
0a
1e
114
#5990
b00000001 0
05
1a
0e
014
#5991
b00000000 0
03
15
0a
1e
114
#5992
b00000001 0
13
05
0e
014
#5993
b00000000 0
03
15
1e
114
#5994
b00000010 0
14
05
1a
0e
014
#5995
b00000000 0
04
15
0a
1e
114
#5996
b00000010 0
13
05
1a
0e
014
#5997
b00000011 0
03
14
15
1e
114
#5998
b00000001 0
13
04
05
0e
014
#5999
b00000000 0
15
0a
1e
114
#6000
b00000001 0
05
1a
0e
014
#6001
b00000000 0
03
15
0a
1e
114
#6002
b00000001 0
13
05
0e
014
#6003
b00000000 0
03
15
1e
114
#6004
b00000010 0
14
05
1a
0e
014
#6005
b00000000 0
04
15
0a
1e
114
#6006
b00000010 0
13
05
1a
0e
014
#6007
b00000011 0
03
14
15
1e
114
#6008
b00000001 0
13
04
05
0e
014
#6009
b00000000 0
15
0a
1e
114
#6010
b00000001 0
05
1a
0e
014
#6011
b00000000 0
03
15
0a
1e
114
#6012
b00000001 0
13
05
0e
014
#6013
b00000000 0
03
15
1e
114
#6014
b00000010 0
14
05
1a
0e
014
#6015
b00000000 0
04
15
0a
1e
114
#6016
b00000010 0
13
05
1a
0e
014
#6017
b00000011 0
03
14
15
1e
114
#6018
b00000001 0
13
04
05
0e
014
#6019
b00000000 0
15
0a
1e
114
#6020
b00000001 0
05
1a
0e
014
#6021
b00000000 0
03
15
0a
1e
114
#6022
b00000001 0
13
05
0e
014
#6023
b00000000 0
03
15
1e
114
#6024
b00000010 0
14
05
1a
0e
014
#6025
b00000000 0
04
15
0a
1e
114
#6026
b00000010 0
13
05
1a
0e
014
#6027
b00000011 0
03
14
15
1e
114
#6028
b00000001 0
13
04
05
0e
014
#6029
b00000000 0
15
0a
1e
114
#6030
b00000001 0
05
1a
0e
014
#6031
b00000000 0
03
15
0a
1e
114
#6032
b00000001 0
13
05
0e
014
#6033
b00000000 0
03
15
1e
114
#6034
b00000010 0
14
05
1a
0e
014
#6035
b00000000 0
04
15
0a
1e
114
#6036
b00000010 0
13
05
1a
0e
014
#6037
b00000011 0
03
14
15
1e
114
#6038
b00000001 0
13
04
05
0e
014
#6039
b00000000 0
15
0a
1e
114
#6040
b00000001 0
05
1a
0e
014
#6041
b00000000 0
03
15
0a
1e
114
#6042
b00000001 0
13
05
0e
014
#6043
b00000000 0
03
15
1e
114
#6044
b00000010 0
14
05
1a
0e
014
#6045
b00000000 0
04
15
0a
1e
114
#6046
b00000010 0
13
05
1a
0e
014
#6047
b00000011 0
03
14
15
1e
114
#6048
b00000001 0
13
04
05
0e
014
#6049
b00000000 0
15
0a
1e
114
#6050
b00000001 0
05
1a
0e
014
#6051
b00000000 0
03
15
0a
1e
114
#6052
b00000001 0
13
05
0e
014
#6053
b00000000 0
03
15
1e
114
#6054
b00000010 0
14
05
1a
0e
014
#6055
b00000000 0
04
15
0a
1e
114
#6056
b00000010 0
13
05
1a
0e
014
#6057
b00000011 0
03
14
#6058
b00000001 0
04
0a
#6059
b00000011 0
#6060
b00000100 0
#6061
b00000110 0
#6062
b00000111 0
#6063
b00001001 0
#6064
b00001011 0
#6065
b00001100 0
16
#6066
b00001110 0
#6067
b00001111 0
#6068
b00010001 0
#6069
b00010011 0
#6070
b00010100 0
#6071
b00010110 0
#6072
b00010111 0
#6073
b00011001 0
#6074
b00011011 0
#6075
b00011100 0
#6076
b00011110 0
#6077
b00011111 0
#6078
b00100001 0
#6079
b00100011 0
#6080
b00100100 0
#6081
b00100110 0
#6082
b00100111 0
#6083
b00101001 0
#6084
b00101011 0
#6085
b00101100 0
#6086
b00101110 0
#6087
b00101111 0
#6088
b00110001 0
#6089
b00110011 0
#6090
b00110100 0
#6091
b00110110 0
#6092
b00110111 0
#6093
b00111001 0
#6094
b00111011 0
#6095
b00111100 0
#6096
b00111110 0
#6097
b00111111 0
#6098
b01000001 0
#6099
b01000011 0
#6100
b01000100 0
#6101
b01000110 0
#6102
b01000111 0
#6103
b01001001 0
#6104
b01001011 0
#6105
b01001100 0
#6106
b01001110 0
#6107
b01001111 0
#6108
b01010001 0
#6109
b01010011 0
#6110
b01010100 0
#6111
b01010110 0
#6112
b01010111 0
#6113
b01011001 0
#6114
b01011011 0
#6115
b01011100 0
#6116
b01011110 0
#6117
b01011111 0
#6118
b01100001 0
#6119
b01100011 0
#6120
b01100100 0
#6121
b01100110 0
#6122
b01100111 0
#6123
b01101001 0
#6124
b01101011 0
#6125
b01101100 0
#6126
b01101110 0
#6127
b01101111 0
#6128
b01110001 0
#6129
b01110011 0
#6130
b01110100 0
#6131
b01110110 0
#6132
b01110111 0
#6133
b01111001 0
#6134
b01111011 0
#6135
b01111100 0
#6136
b01111110 0
#6137
b01111111 0
#6138
b10000001 0
#6139
b10000011 0
#6140
b10000100 0
#6141
b10000110 0
#6142
b10000111 0
#6143
b10001001 0
#6144
b10001011 0
#6145
b10001100 0
#6146
b10001110 0
#6147
b10001111 0
#6148
b10010001 0
#6149
b10010011 0
#6150
b10010100 0
#6151
b10010110 0
#6152
b10010111 0
#6153
b10011001 0
#6154
b10011011 0
#6155
b10011100 0
#6156
b10011110 0
#6157
b10011111 0
#6158
b10100001 0
#6159
b10100011 0
#6160
b10100100 0
#6161
b10100110 0
#6162
b10100111 0
#6163
b10101001 0
#6164
b10101011 0
#6165
b10101100 0
#6166
b10101110 0
#6167
b10101111 0
#6168
b10110001 0
#6169
b10110011 0
#6170
b10110100 0
#6171
b10110110 0
#6172
b10110111 0
#6173
b10111001 0
#6174
b10111011 0
#6175
b10111100 0
#6176
b10111110 0
#6177
b10111111 0
#6178
b11000001 0
#6179
b11000011 0
#6180
b11000100 0
#6181
b11000110 0
#6182
b11000111 0
#6183
b11001001 0
#6184
b11001011 0
#6185
b11001100 0
#6186
b11001110 0
#6187
b11001111 0
#6188
b11010001 0
#6189
b11010011 0
#6190
b11010100 0
#6191
b11010110 0
#6192
b11010111 0
#6193
b11011001 0
#6194
b11011011 0
#6195
b11011100 0
#6196
b11011110 0
#6197
b11011111 0
#6198
b11100001 0
#6199
b11100011 0
#6200
b11100100 0
#6201
b11100110 0
#6202
b11100111 0
#6203
b11101001 0
#6204
b11101011 0
#6205
b11101100 0
#6206
b11101110 0
#6207
b11101111 0
#6208
b11110001 0
#6209
b11110011 0
#6210
b11110100 0
#6211
b11110110 0
#6212
b11110111 0
#6213
b11111001 0
#6214
b11111011 0
#6215
b11111100 0
#6216
b11111110 0
#6217
b11111111 0
#6301
116
11f
b0001 2a
#6302
119
01f
#6303
124
b0011010001100011001110000111010000111010011010010011101101100110 27
129
b1000 2b
#6304
b0000000000000000 21
b0011101101110110001110010111001100110110011010010011001001110000 27
#6305
b0011010101101111001110010111010000110111011010000011001101110101 27
#6306
b0011001101100010001101100111010000111000011101110011011101111001 27
#6307
024
b0000000000000000000000000000000000000000000000000000000000000000 27
029
b0000 2b
#6308
b0000000000000001 21
124
b0011011001101110001110100111100100111001011011010011001001110000 27
129
b1000 2b
#6309
b0000000000000000 21
024
b0000000000000000000000000000000000000000000000000000000000000000 27
029
b0000 2b
#6310
b0000000000000001 21
124
b0011100101110111001101110111010100110111011101000011011101110000 27
129
b1000 2b
#6311
b0000000000000000 21
024
b0000000000000000000000000000000000000000000000000000000000000000 27
029
b0000 2b
#6312
b0000000000000001 21
124
b0011100001101110001110110110110000111101011100010011010101110000 27
129
b1000 2b
#6313
b0000000000000000 21
b0011111001101101001111000110101001000001011001100011010001011110 27
#6314
024
b0000000000000000000000000000000000000000000000000000000000000000 27
029
b0000 2b
#6315
b0000000000000001 21
124
b0100100001111000001111000111001001000000011010000011100101111001 27
129
b1000 2b
#6316
b0000000000000000 21
024
b0000000000000000000000000000000000000000000000000000000000000000 27
029
b0000 2b
#6317
b0000000000000001 21
124
b0011101101110110111111111111111111100010110010010101101010000100 27
129
b1000 2b
#6318
b0000000000000000 21
024
b0000000000000000000000000000000000000000000000000000000000000000 27
029
b0000 2b
#6319
b0000000000000001 21
124
b0011010101101111001110010111010000110111011010000011001101110101 27
129
b1000 2b
#6320
b0000000000000000 21
b0011001101100010001101100111010000111000011101110011011101111001 27
#6321
024
b0000000000000000000000000000000000000000000000000000000000000000 27
029
b0000 2b
#6322
b0000000000000001 21
124
b0011011001101110001110100111100100111001011011010011001001110000 27
129
b1000 2b
#6323
b0000000000000000 21
024
b0000000000000000000000000000000000000000000000000000000000000000 27
029
b0000 2b
#6324
b0000000000000001 21
124
b0011100101110111001101110111010100110111011101000011011101110000 27
129
b1000 2b
#6325
b0000000000000000 21
024
b0000000000000000000000000000000000000000000000000000000000000000 27
029
b0000 2b
#6326
b0000000000000001 21
124
b0011100001101110001110110110110000111101011100010011010101110000 27
129
b1000 2b
#6327
b0000000000000000 21
b0011111001101101001111000110101001000001011001100011010001011110 27
#6328
024
b0000000000000000000000000000000000000000000000000000000000000000 27
029
b0000 2b
#6329
b0000000000000001 21
124
b0100100001111000001111000111001001000000011010000011100101111001 27
129
b1000 2b
#6330
b0000000000000000 21
024
b0000000000000000000000000000000000000000000000000000000000000000 27
029
b0000 2b
#6331
b0000000000000001 21
124
b1111111111111111111111111111111111100010110010010101101010000100 27
129
b1000 2b
#6332
b0000000000000000 21
024
b0000000000000000000000000000000000000000000000000000000000000000 27
029
b0000 2b
#6333
b0000000000000001 21
124
b1111111111111111111111111111111111111111111111111111111111111111 27
129
b1000 2b
#6334
b0000000000000000 21
#6335
024
b0000000000000000000000000000000000000000000000000000000000000000 27
029
b0000 2b
#6336
b0000000000000001 21
124
b1111111111111111111111111111111111111111111111111111111111111111 27
129
b1000 2b
#6337
b0000000000000000 21
024
b0000000000000000000000000000000000000000000000000000000000000000 27
029
b0000 2b
#6338
b0000000000000001 21
124
b1111111111111111111111111111111111111111111111111111111111111111 27
129
b1000 2b
#6339
b0000000000000000 21
024
b0000000000000000000000000000000000000000000000000000000000000000 27
029
b0000 2b
#6340
b0000000000000001 21
124
b1111111111111111111111111111111111111111111111111111111111111111 27
129
b1000 2b
#6341
b0000000000000000 21
#6342
024
b0000000000000000000000000000000000000000000000000000000000000000 27
029
b0000 2b
#6343
b0000000000000001 21
124
b1111111111111111111111111111111111111111111111111111111111111111 27
129
b1000 2b
#6344
b0000000000000000 21
024
b0000000000000000000000000000000000000000000000000000000000000000 27
029
b0000 2b
#6345
b0000000000000001 21
124
b1111111111111111111111111111111111111111111111111111111111111111 27
129
b1000 2b
#6346
b0000000000000000 21
024
b0000000000000000000000000000000000000000000000000000000000000000 27
029
b0000 2b
#6347
b0000000000000001 21
124
b1111111111111111111111111111111111111111111111111111111111111111 27
129
b1000 2b
#6348
b0000000000000000 21
024
b0000000000000000000000000000000000000000000000000000000000000000 27
029
b0000 2b
#6349
b0000000000000001 21
#6350
b0000000000000010 21
124
b1111111111111111111111111111111111111111111111111111111111111111 27
129
b1000 2b
#6351
b0000000000000000 21
024
029
b0000 2b
#6352
016
b0000000000000001 21
b0000 2a
#6353
019
b0000000000000010 21
b0000000000000000000000000000000000000000000000000000000000000000 27
#6354
b0000000000000011 21
#6355
b0000000000000100 21
#6356
b0000000000000101 21
#6357
b0000000000000110 21
#6358
b0000000000000111 21
#6359
b0000000000001000 21
#6360
b0000000000001001 21
#6361
b0000000000001010 21
#6362
115
b0000000000000100 1a
b0000000000000000 21
123
025
#6363
015
b0000000000000001 21
#6364
b01110110 1
b01100110 2
13
15
b01100110 b
1e
114
b01100110 20
b0000000000000010 21
#6365
b01100110 1
05
1a
0e
014
b0000000000000011 21
#6366
b00000000 0
b00111011 2
03
15
06
0a
b00111011 b
1e
114
b00111011 20
b0000000000000100 21
#6367
b00000001 0
b00111011 1
13
05
0e
014
b0000000000000101 21
#6368
b00000000 0
b01101001 2
03
15
b01101001 b
1e
114
b01101001 20
b0000000000000110 21
#6369
b00000010 0
b01101001 1
14
05
1a
0e
014
b0000000000000111 21
#6370
b00000000 0
b00111010 2
04
15
0a
b00111010 b
1e
114
b00111010 20
b0000000000001000 21
#6371
b00000010 0
b00111010 1
13
05
1a
0e
014
b0000000000001001 21
#6372
b00000011 0
b01110100 2
03
14
15
b01110100 b
1e
114
b01110100 20
b0000000000001010 21
#6373
b00000001 0
b01110100 1
13
04
05
0e
014
b0000000000000000 21
#6374
b00000000 0
b00111000 1
b00111000 2
15
0a
b00111000 b
1e
114
b00111000 20
b0000000000000001 21
#6375
b00000001 0
05
1a
0e
014
b0000000000000010 21
#6376
b00000000 0
b01100011 2
03
15
0a
b01100011 b
1e
114
b01100011 20
b0000000000000011 21
#6377
b00000001 0
b01100011 1
13
05
0e
014
b0000000000000100 21
#6378
b00000000 0
b00110100 2
03
15
b00110100 b
1e
114
b00110100 20
b0000000000000101 21
#6379
b00000010 0
b00110100 1
14
05
1a
0e
014
b0000000000000110 21
#6380
b00000000 0
b01110000 2
04
15
0a
b01110000 b
1e
114
b01110000 20
b0000000000000111 21
#6381
b00000010 0
b01110000 1
13
05
1a
0e
014
b0000000000001000 21
#6382
b00000011 0
b00110010 2
03
14
15
b00110010 b
1e
114
b00110010 20
b0000000000001001 21
#6383
b00000001 0
b00110010 1
13
04
05
0e
014
b0000000000001010 21
#6384
b00000000 0
b01111001 1
b01101001 2
15
0a
b01101001 b
1e
114
b01101001 20
#6385
b00000001 0
b01101001 1
05
1a
0e
014
#6386
b00000000 0
b00110110 2
03
15
0a
b00110110 b
1e
114
b00110110 20
#6387
b00000001 0
b00110110 1
13
05
0e
014
#6388
b00000000 0
b01110011 2
03
15
b01110011 b
1e
114
b01110011 20
#6389
b00000010 0
b01110011 1
14
05
1a
0e
014
#6390
b00000000 0
b00111001 2
04
15
0a
b00111001 b
1e
114
b00111001 20
#6391
b00000010 0
b00111001 1
13
05
1a
0e
014
#6392
b00000011 0
b01110110 2
03
14
15
b01110110 b
1e
114
b01110110 20
#6393
b00000001 0
b01110110 1
13
04
05
0e
014
#6394
b00000000 0
b00111011 1
b00111011 2
15
0a
b00111011 b
1e
114
b00111011 20
#6395
b00000001 0
05
1a
0e
014
#6396
b00000000 0
b01110101 2
03
15
0a
b01110101 b
1e
114
b01110101 20
#6397
b00000001 0
b01110101 1
13
05
0e
014
#6398
b00000000 0
b00110011 2
03
15
b00110011 b
1e
114
b00110011 20
#6399
b00000010 0
b00110011 1
14
05
1a
0e
014
#6400
b00000000 0
b01101000 2
04
15
0a
b01101000 b
1e
114
b01101000 20
#6401
b00000010 0
b01101000 1
13
05
1a
0e
014
#6402
b00000011 0
b00110111 2
03
14
15
b00110111 b
1e
114
b00110111 20
#6403
b00000001 0
b00110111 1
13
04
05
0e
014
#6404
b00000000 0
b01110100 1
b01110100 2
15
0a
b01110100 b
1e
114
b01110100 20
#6405
b00000001 0
05
1a
0e
014
#6406
b00000000 0
b00111001 2
03
15
0a
b00111001 b
1e
114
b00111001 20
#6407
b00000001 0
b00111001 1
13
05
0e
014
#6408
b00000000 0
b01101111 2
03
15
b01101111 b
1e
114
b01101111 20
#6409
b00000010 0
b01101111 1
14
05
1a
0e
014
#6410
b00000000 0
b00110101 2
04
15
0a
b00110101 b
1e
114
b00110101 20
#6411
b00000010 0
b00110101 1
13
05
1a
0e
014
#6412
b00000011 0
b01111001 2
03
14
15
b01111001 b
1e
114
b01111001 20
#6413
b00000001 0
b01111001 1
13
04
05
0e
014
#6414
b00000000 0
b00110111 1
b00110111 2
15
0a
b00110111 b
1e
114
b00110111 20
#6415
b00000001 0
05
1a
0e
014
#6416
b00000000 0
b01110111 2
03
15
0a
b01110111 b
1e
114
b01110111 20
#6417
b00000001 0
b01110111 1
13
05
0e
014
#6418
b00000000 0
b00111000 2
03
15
b00111000 b
1e
114
b00111000 20
#6419
b00000010 0
b00111000 1
14
05
1a
0e
014
#6420
b00000000 0
b01110100 2
04
15
0a
b01110100 b
1e
114
b01110100 20
#6421
b00000010 0
b01110100 1
13
05
1a
0e
014
#6422
b00000011 0
b00110110 2
03
14
15
b00110110 b
1e
114
b00110110 20
#6423
b00000001 0
b00110110 1
13
04
05
0e
014
#6424
b00000000 0
b01110010 1
b01100010 2
15
0a
b01100010 b
1e
114
b01100010 20
#6425
b00000001 0
b01100010 1
05
1a
0e
014
#6426
b00000000 0
b00110011 2
03
15
0a
b00110011 b
1e
114
b00110011 20
#6427
b00000001 0
b00110011 1
13
05
0e
014
#6428
b00000000 0
b01110000 2
03
15
b01110000 b
1e
114
b01110000 20
#6429
b00000010 0
b01110000 1
14
05
1a
0e
014
#6430
b00000000 0
b00110010 2
04
15
0a
b00110010 b
1e
114
b00110010 20
#6431
b00000010 0
b00110010 1
13
05
1a
0e
014
#6432
b00000011 0
b01101101 2
03
14
15
b01101101 b
1e
114
b01101101 20
#6433
b00000001 0
b01101101 1
13
04
05
0e
014
#6434
b00000000 0
b00101001 1
b00111001 2
15
0a
b00111001 b
1e
114
b00111001 20
#6435
b00000001 0
b00111001 1
05
1a
0e
014
#6436
b00000000 0
b01111001 2
03
15
0a
b01111001 b
1e
114
b01111001 20
#6437
b00000001 0
b01111001 1
13
05
0e
014
#6438
b00000000 0
b00111010 2
03
15
b00111010 b
1e
114
b00111010 20
#6439
b00000010 0
b00111010 1
14
05
1a
0e
014
#6440
b00000000 0
b01101110 2
04
15
0a
b01101110 b
1e
114
b01101110 20
#6441
b00000010 0
b01101110 1
13
05
1a
0e
014
#6442
b00000011 0
b00110110 2
03
14
15
b00110110 b
1e
114
b00110110 20
#6443
b00000001 0
b00110110 1
13
04
05
0e
014
#6444
b00000000 0
b01110000 1
b01110000 2
15
0a
b01110000 b
1e
114
b01110000 20
#6445
b00000001 0
05
1a
0e
014
#6446
b00000000 0
b00110111 2
03
15
0a
b00110111 b
1e
114
b00110111 20
#6447
b00000001 0
b00110111 1
13
05
0e
014
#6448
b00000000 0
b01110100 2
03
15
b01110100 b
1e
114
b01110100 20
#6449
b00000010 0
b01110100 1
14
05
1a
0e
014
#6450
b00000000 0
b00110111 2
04
15
0a
b00110111 b
1e
114
b00110111 20
#6451
b00000010 0
b00110111 1
13
05
1a
0e
014
#6452
b00000011 0
b01110101 2
03
14
15
b01110101 b
1e
114
b01110101 20
#6453
b00000001 0
b01110101 1
13
04
05
0e
014
#6454
b00000000 0
b00110111 1
b00110111 2
15
0a
b00110111 b
1e
114
b00110111 20
#6455
b00000001 0
05
1a
0e
014
#6456
b00000000 0
b01110111 2
03
15
0a
b01110111 b
1e
114
b01110111 20
#6457
b00000001 0
b01110111 1
13
05
0e
014
#6458
b00000000 0
b00111001 2
03
15
b00111001 b
1e
114
b00111001 20
#6459
b00000010 0
b00111001 1
14
05
1a
0e
014
#6460
b00000000 0
b01110000 2
04
15
0a
b01110000 b
1e
114
b01110000 20
#6461
b00000010 0
b01110000 1
13
05
1a
0e
014
#6462
b00000011 0
b00110101 2
03
14
15
b00110101 b
1e
114
b00110101 20
#6463
b00000001 0
b00110101 1
13
04
05
0e
014
#6464
b00000000 0
b01110001 1
b01110001 2
15
0a
b01110001 b
1e
114
b01110001 20
#6465
b00000001 0
05
1a
0e
014
#6466
b00000000 0
b00111101 2
03
15
0a
b00111101 b
1e
114
b00111101 20
#6467
b00000001 0
b00111101 1
13
05
0e
014
#6468
b00000000 0
b01101100 2
03
15
b01101100 b
1e
114
b01101100 20
#6469
b00000010 0
b01101100 1
14
05
1a
0e
014
#6470
b00000000 0
b00111011 2
04
15
0a
b00111011 b
1e
114
b00111011 20
#6471
b00000010 0
b00111011 1
13
05
1a
0e
014
#6472
b00000011 0
b01101110 2
03
14
15
b01101110 b
1e
114
b01101110 20
#6473
b00000001 0
b01101110 1
13
04
05
0e
014
#6474
b00000000 0
b00101000 1
b00111000 2
15
0a
b00111000 b
1e
114
b00111000 20
#6475
b00000001 0
b00111000 1
05
1a
0e
014
#6476
b00000000 0
b01011110 2
03
15
0a
b01011110 b
1e
114
b01011110 20
#6477
b00000001 0
b01011110 1
13
05
0e
014
#6478
b00000000 0
b00110100 2
03
15
b00110100 b
1e
114
b00110100 20
#6479
b00000010 0
b00110100 1
14
05
1a
0e
014
#6480
b00000000 0
b01100110 2
04
15
0a
b01100110 b
1e
114
b01100110 20
#6481
b00000010 0
b01100110 1
13
05
1a
0e
014
#6482
b00000011 0
b01000001 2
03
14
15
b01000001 b
1e
114
b01000001 20
#6483
b00000001 0
b01000001 1
13
04
05
0e
014
#6484
b00000000 0
b01101010 1
b01101010 2
15
0a
b01101010 b
1e
114
b01101010 20
#6485
b00000001 0
05
1a
0e
014
#6486
b00000000 0
b00111100 2
03
15
0a
b00111100 b
1e
114
b00111100 20
#6487
b00000001 0
b00111100 1
13
05
0e
014
#6488
b00000000 0
b01101101 2
03
15
b01101101 b
1e
114
b01101101 20
#6489
b00000010 0
b01101101 1
14
05
1a
0e
014
#6490
b00000000 0
b00111110 2
04
15
0a
b00111110 b
1e
114
b00111110 20
#6491
b00000010 0
b00111110 1
13
05
1a
0e
014
#6492
b00000011 0
b01111001 2
03
14
15
b01111001 b
1e
114
b01111001 20
#6493
b00000001 0
b01111001 1
13
04
05
0e
014
#6494
b00000000 0
b00111001 1
b00111001 2
15
0a
b00111001 b
1e
114
b00111001 20
#6495
b00000001 0
05
1a
0e
014
#6496
b00000000 0
b01101000 2
03
15
0a
b01101000 b
1e
114
b01101000 20
#6497
b00000001 0
b01101000 1
13
05
0e
014
#6498
b00000000 0
b01000000 2
03
15
b01000000 b
1e
114
b01000000 20
#6499
b00000010 0
b01000000 1
14
05
1a
0e
014
#6500
b00000000 0
b01110010 2
04
15
0a
b01110010 b
1e
114
b01110010 20
#6501
b00000010 0
b01110010 1
13
05
1a
0e
014
#6502
b00000011 0
b00111100 2
03
14
15
b00111100 b
1e
114
b00111100 20
#6503
b00000001 0
b00111100 1
13
04
05
0e
014
#6504
b00000000 0
b01111000 1
b01111000 2
15
0a
b01111000 b
1e
114
b01111000 20
#6505
b00000001 0
05
1a
0e
014
#6506
b00000000 0
b01001000 2
03
15
0a
b01001000 b
1e
114
b01001000 20
#6507
b00000001 0
b01001000 1
13
05
0e
014
#6508
b00000000 0
b10000100 2
03
15
b10000100 b
1e
114
b10000100 20
#6509
b00000010 0
b10000100 1
14
05
1a
0e
014
#6510
b00000000 0
b01011010 2
04
15
0a
b01011010 b
1e
114
b01011010 20
#6511
b00000010 0
b01011010 1
13
05
1a
0e
014
#6512
b00000011 0
b11001001 2
03
14
15
b11001001 b
1e
114
b11001001 20
#6513
b00000001 0
b11001001 1
13
04
05
0e
014
#6514
b00000000 0
b11100010 1
b11100010 2
15
0a
b11100010 b
1e
114
b11100010 20
#6515
b00000001 0
05
1a
0e
014
#6516
b00000000 0
b11111111 2
03
15
0a
b11111111 b
1e
114
b11111111 20
#6517
b00000001 0
b11111111 1
13
05
0e
014
#6518
b00000000 0
03
15
1e
114
#6519
b00000010 0
14
05
1a
0e
014
#6520
b00000000 0
b01110110 2
04
15
0a
b01110110 b
1e
114
b01110110 20
#6521
b00000010 0
b01110110 1
13
05
1a
0e
014
#6522
b00000011 0
b00111011 2
03
14
15
b00111011 b
1e
114
b00111011 20
#6523
b00000001 0
b00111011 1
13
04
05
0e
014
#6524
b00000000 0
b01110101 1
b01110101 2
15
0a
b01110101 b
1e
114
b01110101 20
#6525
b00000001 0
05
1a
0e
014
#6526
b00000000 0
b00110011 2
03
15
0a
b00110011 b
1e
114
b00110011 20
#6527
b00000001 0
b00110011 1
13
05
0e
014
#6528
b00000000 0
b01101000 2
03
15
b01101000 b
1e
114
b01101000 20
#6529
b00000010 0
b01101000 1
14
05
1a
0e
014
#6530
b00000000 0
b00110111 2
04
15
0a
b00110111 b
1e
114
b00110111 20
#6531
b00000010 0
b00110111 1
13
05
1a
0e
014
#6532
b00000011 0
b01110100 2
03
14
15
b01110100 b
1e
114
b01110100 20
#6533
b00000001 0
b01110100 1
13
04
05
0e
014
#6534
b00000000 0
b00111001 1
b00111001 2
15
0a
b00111001 b
1e
114
b00111001 20
#6535
b00000001 0
05
1a
0e
014
#6536
b00000000 0
b01101111 2
03
15
0a
b01101111 b
1e
114
b01101111 20
#6537
b00000001 0
b01101111 1
13
05
0e
014
#6538
b00000000 0
b00110101 2
03
15
b00110101 b
1e
114
b00110101 20
#6539
b00000010 0
b00110101 1
14
05
1a
0e
014
#6540
b00000000 0
b01111001 2
04
15
0a
b01111001 b
1e
114
b01111001 20
#6541
b00000010 0
b01111001 1
13
05
1a
0e
014
#6542
b00000011 0
b00110111 2
03
14
15
b00110111 b
1e
114
b00110111 20
#6543
b00000001 0
b00110111 1
13
04
05
0e
014
#6544
b00000000 0
b01110111 1
b01110111 2
15
0a
b01110111 b
1e
114
b01110111 20
#6545
b00000001 0
05
1a
0e
014
#6546
b00000000 0
b00111000 2
03
15
0a
b00111000 b
1e
114
b00111000 20
#6547
b00000001 0
b00111000 1
13
05
0e
014
#6548
b00000000 0
b01110100 2
03
15
b01110100 b
1e
114
b01110100 20
#6549
b00000010 0
b01110100 1
14
05
1a
0e
014
#6550
b00000000 0
b00110110 2
04
15
0a
b00110110 b
1e
114
b00110110 20
#6551
b00000010 0
b00110110 1
13
05
1a
0e
014
#6552
b00000011 0
b01100010 2
03
14
15
b01100010 b
1e
114
b01100010 20
#6553
b00000001 0
b01100010 1
13
04
05
0e
014
#6554
b00000000 0
b00100011 1
b00110011 2
15
0a
b00110011 b
1e
114
b00110011 20
#6555
b00000001 0
b00110011 1
05
1a
0e
014
#6556
b00000000 0
b01110000 2
03
15
0a
b01110000 b
1e
114
b01110000 20
#6557
b00000001 0
b01110000 1
13
05
0e
014
#6558
b00000000 0
b00110010 2
03
15
b00110010 b
1e
114
b00110010 20
#6559
b00000010 0
b00110010 1
14
05
1a
0e
014
#6560
b00000000 0
b01101101 2
04
15
0a
b01101101 b
1e
114
b01101101 20
#6561
b00000010 0
b01101101 1
13
05
1a
0e
014
#6562
b00000011 0
b00111001 2
03
14
15
b00111001 b
1e
114
b00111001 20
#6563
b00000001 0
b00111001 1
13
04
05
0e
014
#6564
b00000000 0
b01111001 1
b01111001 2
15
0a
b01111001 b
1e
114
b01111001 20
#6565
b00000001 0
05
1a
0e
014
#6566
b00000000 0
b00111010 2
03
15
0a
b00111010 b
1e
114
b00111010 20
#6567
b00000001 0
b00111010 1
13
05
0e
014
#6568
b00000000 0
b01101110 2
03
15
b01101110 b
1e
114
b01101110 20
#6569
b00000010 0
b01101110 1
14
05
1a
0e
014
#6570
b00000000 0
b00110110 2
04
15
0a
b00110110 b
1e
114
b00110110 20
#6571
b00000010 0
b00110110 1
13
05
1a
0e
014
#6572
b00000011 0
b01110000 2
03
14
15
b01110000 b
1e
114
b01110000 20
#6573
b00000001 0
b01110000 1
13
04
05
0e
014
#6574
b00000000 0
b00110111 1
b00110111 2
15
0a
b00110111 b
1e
114
b00110111 20
#6575
b00000001 0
05
1a
0e
014
#6576
b00000000 0
b01110100 2
03
15
0a
b01110100 b
1e
114
b01110100 20
#6577
b00000001 0
b01110100 1
13
05
0e
014
#6578
b00000000 0
b00110111 2
03
15
b00110111 b
1e
114
b00110111 20
#6579
b00000010 0
b00110111 1
14
05
1a
0e
014
#6580
b00000000 0
b01110101 2
04
15
0a
b01110101 b
1e
114
b01110101 20
#6581
b00000010 0
b01110101 1
13
05
1a
0e
014
#6582
b00000011 0
b00110111 2
03
14
15
b00110111 b
1e
114
b00110111 20
#6583
b00000001 0
b00110111 1
13
04
05
0e
014
#6584
b00000000 0
b01110111 1
b01110111 2
15
0a
b01110111 b
1e
114
b01110111 20
#6585
b00000001 0
05
1a
0e
014
#6586
b00000000 0
b00111001 2
03
15
0a
b00111001 b
1e
114
b00111001 20
#6587
b00000001 0
b00111001 1
13
05
0e
014
#6588
b00000000 0
b01110000 2
03
15
b01110000 b
1e
114
b01110000 20
#6589
b00000010 0
b01110000 1
14
05
1a
0e
014
#6590
b00000000 0
b00110101 2
04
15
0a
b00110101 b
1e
114
b00110101 20
#6591
b00000010 0
b00110101 1
13
05
1a
0e
014
#6592
b00000011 0
b01110001 2
03
14
15
b01110001 b
1e
114
b01110001 20
#6593
b00000001 0
b01110001 1
13
04
05
0e
014
#6594
b00000000 0
b00111101 1
b00111101 2
15
0a
b00111101 b
1e
114
b00111101 20
#6595
b00000001 0
05
1a
0e
014
#6596
b00000000 0
b01101100 2
03
15
0a
b01101100 b
1e
114
b01101100 20
#6597
b00000001 0
b01101100 1
13
05
0e
014
#6598
b00000000 0
b00111011 2
03
15
b00111011 b
1e
114
b00111011 20
#6599
b00000010 0
b00111011 1
14
05
1a
0e
014
#6600
b00000000 0
b01101110 2
04
15
0a
b01101110 b
1e
114
b01101110 20
#6601
b00000010 0
b01101110 1
13
05
1a
0e
014
#6602
b00000011 0
b00111000 2
03
14
15
b00111000 b
1e
114
b00111000 20
#6603
b00000001 0
b00111000 1
13
04
05
0e
014
#6604
b00000000 0
b01011110 1
b01011110 2
15
0a
b01011110 b
1e
114
b01011110 20
#6605
b00000001 0
05
1a
0e
014
#6606
b00000000 0
b00110100 2
03
15
0a
b00110100 b
1e
114
b00110100 20
#6607
b00000001 0
b00110100 1
13
05
0e
014
#6608
b00000000 0
b01100110 2
03
15
b01100110 b
1e
114
b01100110 20
#6609
b00000010 0
b01100110 1
14
05
1a
0e
014
#6610
b00000000 0
b01000001 2
04
15
0a
b01000001 b
1e
114
b01000001 20
#6611
b00000010 0
b01000001 1
13
05
1a
0e
014
#6612
b00000011 0
b01101010 2
03
14
15
b01101010 b
1e
114
b01101010 20
#6613
b00000001 0
b01101010 1
13
04
05
0e
014
#6614
b00000000 0
b00101100 1
b00111100 2
15
0a
b00111100 b
1e
114
b00111100 20
#6615
b00000001 0
b00111100 1
05
1a
0e
014
#6616
b00000000 0
b01101101 2
03
15
0a
b01101101 b
1e
114
b01101101 20
#6617
b00000001 0
b01101101 1
13
05
0e
014
#6618
b00000000 0
b00111110 2
03
15
b00111110 b
1e
114
b00111110 20
#6619
b00000010 0
b00111110 1
14
05
1a
0e
014
#6620
b00000000 0
b01111001 2
04
15
0a
b01111001 b
1e
114
b01111001 20
#6621
b00000010 0
b01111001 1
13
05
1a
0e
014
#6622
b00000011 0
b00111001 2
03
14
15
b00111001 b
1e
114
b00111001 20
#6623
b00000001 0
b00111001 1
13
04
05
0e
014
#6624
b00000000 0
b01111000 1
b01101000 2
15
0a
b01101000 b
1e
114
b01101000 20
#6625
b00000001 0
b01101000 1
05
1a
0e
014
#6626
b00000000 0
b01000000 2
03
15
0a
b01000000 b
1e
114
b01000000 20
#6627
b00000001 0
b01000000 1
13
05
0e
014
#6628
b00000000 0
b01110010 2
03
15
b01110010 b
1e
114
b01110010 20
#6629
b00000010 0
b01110010 1
14
05
1a
0e
014
#6630
b00000000 0
b00111100 2
04
15
0a
b00111100 b
1e
114
b00111100 20
#6631
b00000010 0
b00111100 1
13
05
1a
0e
014
#6632
b00000011 0
b01111000 2
03
14
15
b01111000 b
1e
114
b01111000 20
#6633
b00000001 0
b01111000 1
13
04
05
0e
014
#6634
b00000000 0
b01011000 1
b01001000 2
15
0a
b01001000 b
1e
114
b01001000 20
#6635
b00000001 0
b01001000 1
05
1a
0e
014
#6636
b00000000 0
b10000100 2
03
15
0a
b10000100 b
1e
114
b10000100 20
#6637
b00000001 0
b10000100 1
13
05
0e
014
#6638
b00000000 0
b01011010 2
03
15
b01011010 b
1e
114
b01011010 20
#6639
b00000010 0
b01011010 1
14
05
1a
0e
014
#6640
b00000000 0
b11001001 2
04
15
0a
b11001001 b
1e
114
b11001001 20
#6641
b00000010 0
b11001001 1
13
05
1a
0e
014
#6642
b00000011 0
b11100010 2
03
14
15
b11100010 b
1e
114
b11100010 20
#6643
b00000001 0
b11100010 1
13
04
05
0e
014
#6644
b00000000 0
b11101111 1
b11111111 2
15
0a
b11111111 b
1e
114
b11111111 20
#6645
b00000001 0
b11111111 1
05
1a
0e
014
#6646
b00000000 0
03
15
0a
1e
114
#6647
b00000001 0
13
05
0e
014
#6648
b00000000 0
03
15
1e
114
#6649
b00000010 0
14
05
1a
0e
014
#6650
b00000000 0
04
15
0a
1e
114
#6651
b00000010 0
13
05
1a
0e
014
#6652
b00000011 0
03
14
15
1e
114
#6653
b00000001 0
13
04
05
0e
014
#6654
b00000000 0
15
0a
1e
114
#6655
b00000001 0
05
1a
0e
014
#6656
b00000000 0
03
15
0a
1e
114
#6657
b00000001 0
13
05
0e
014
#6658
b00000000 0
03
15
1e
114
#6659
b00000010 0
14
05
1a
0e
014
#6660
b00000000 0
04
15
0a
1e
114
#6661
b00000010 0
13
05
1a
0e
014
#6662
b00000011 0
03
14
15
1e
114
#6663
b00000001 0
13
04
05
0e
014
#6664
b00000000 0
15
0a
1e
114
#6665
b00000001 0
05
1a
0e
014
#6666
b00000000 0
03
15
0a
1e
114
#6667
b00000001 0
13
05
0e
014
#6668
b00000000 0
03
15
1e
114
#6669
b00000010 0
14
05
1a
0e
014
#6670
b00000000 0
04
15
0a
1e
114
#6671
b00000010 0
13
05
1a
0e
014
#6672
b00000011 0
03
14
15
1e
114
#6673
b00000001 0
13
04
05
0e
014
#6674
b00000000 0
15
0a
1e
114
#6675
b00000001 0
05
1a
0e
014
#6676
b00000000 0
03
15
0a
1e
114
#6677
b00000001 0
13
05
0e
014
#6678
b00000000 0
03
15
1e
114
#6679
b00000010 0
14
05
1a
0e
014
#6680
b00000000 0
04
15
0a
1e
114
#6681
b00000010 0
13
05
1a
0e
014
#6682
b00000011 0
03
14
15
1e
114
#6683
b00000001 0
13
04
05
0e
014
#6684
b00000000 0
15
0a
1e
114
#6685
b00000001 0
05
1a
0e
014
#6686
b00000000 0
03
15
0a
1e
114
#6687
b00000001 0
13
05
0e
014
#6688
b00000000 0
03
15
1e
114
#6689
b00000010 0
14
05
1a
0e
014
#6690
b00000000 0
04
15
0a
1e
114
#6691
b00000010 0
13
05
1a
0e
014
#6692
b00000011 0
03
14
15
1e
114
#6693
b00000001 0
13
04
05
0e
014
#6694
b00000000 0
15
0a
1e
114
#6695
b00000001 0
05
1a
0e
014
#6696
b00000000 0
03
15
0a
1e
114
#6697
b00000001 0
13
05
0e
014
#6698
b00000000 0
03
15
1e
114
#6699
b00000010 0
14
05
1a
0e
014
#6700
b00000000 0
04
15
0a
1e
114
#6701
b00000010 0
13
05
1a
0e
014
#6702
b00000011 0
03
14
15
1e
114
#6703
b00000001 0
13
04
05
0e
014
#6704
b00000000 0
15
0a
1e
114
#6705
b00000001 0
05
1a
0e
014
#6706
b00000000 0
03
15
0a
1e
114
#6707
b00000001 0
13
05
0e
014
#6708
b00000000 0
03
15
1e
114
#6709
b00000010 0
14
05
1a
0e
014
#6710
b00000000 0
04
15
0a
1e
114
#6711
b00000010 0
13
05
1a
0e
014
#6712
b00000011 0
03
14
15
1e
114
#6713
b00000001 0
13
04
05
0e
014
#6714
b00000000 0
15
0a
1e
114
#6715
b00000001 0
05
1a
0e
014
#6716
b00000000 0
03
15
0a
1e
114
#6717
b00000001 0
13
05
0e
014
#6718
b00000000 0
03
15
1e
114
#6719
b00000010 0
14
05
1a
0e
014
#6720
b00000000 0
04
15
0a
1e
114
#6721
b00000010 0
13
05
1a
0e
014
#6722
b00000011 0
03
14
15
1e
114
#6723
b00000001 0
13
04
05
0e
014
#6724
b00000000 0
15
0a
1e
114
#6725
b00000001 0
05
1a
0e
014
#6726
b00000000 0
03
15
0a
1e
114
#6727
b00000001 0
13
05
0e
014
#6728
b00000000 0
03
15
1e
114
#6729
b00000010 0
14
05
1a
0e
014
#6730
b00000000 0
04
15
0a
1e
114
#6731
b00000010 0
13
05
1a
0e
014
#6732
b00000011 0
03
14
15
1e
114
#6733
b00000001 0
13
04
05
0e
014
#6734
b00000000 0
15
0a
1e
114
#6735
b00000001 0
05
1a
0e
014
#6736
b00000000 0
03
15
0a
1e
114
#6737
b00000001 0
13
05
0e
014
#6738
b00000000 0
03
15
1e
114
#6739
b00000010 0
14
05
1a
0e
014
#6740
b00000000 0
04
15
0a
1e
114
#6741
b00000010 0
13
05
1a
0e
014
#6742
b00000011 0
03
14
15
1e
114
#6743
b00000001 0
13
04
05
0e
014
#6744
b00000000 0
15
0a
1e
114
#6745
b00000001 0
05
1a
0e
014
#6746
b00000000 0
03
15
0a
1e
114
#6747
b00000001 0
13
05
0e
014
#6748
b00000000 0
03
15
1e
114
#6749
b00000010 0
14
05
1a
0e
014
#6750
b00000000 0
04
15
0a
1e
114
#6751
b00000010 0
13
05
1a
0e
014
#6752
b00000011 0
03
14
15
1e
114
#6753
b00000001 0
13
04
05
0e
014
#6754
b00000000 0
15
0a
1e
114
#6755
b00000001 0
05
1a
0e
014
#6756
b00000000 0
03
15
0a
1e
114
#6757
b00000001 0
13
05
0e
014
#6758
b00000000 0
03
15
1e
114
#6759
b00000010 0
14
05
1a
0e
014
#6760
b00000000 0
04
15
0a
1e
114
#6761
b00000010 0
13
05
1a
0e
014
#6762
b00000011 0
03
14
15
1e
114
#6763
b00000001 0
13
04
05
0e
014
#6764
b00000000 0
15
0a
1e
114
#6765
b00000001 0
05
1a
0e
014
#6766
b00000000 0
03
15
0a
1e
114
#6767
b00000001 0
13
05
0e
014
#6768
b00000000 0
03
15
1e
114
#6769
b00000010 0
14
05
1a
0e
014
#6770
b00000000 0
04
15
0a
1e
114
#6771
b00000010 0
13
05
1a
0e
014
#6772
b00000011 0
03
14
15
1e
114
#6773
b00000001 0
13
04
05
0e
014
#6774
b00000000 0
15
0a
1e
114
#6775
b00000001 0
05
1a
0e
014
#6776
b00000000 0
03
15
0a
1e
114
#6777
b00000001 0
13
05
0e
014
#6778
b00000000 0
03
15
1e
114
#6779
b00000010 0
14
05
1a
0e
014
#6780
b00000000 0
04
15
0a
1e
114
#6781
b00000010 0
13
05
1a
0e
014
#6782
b00000011 0
03
14
15
1e
114
#6783
b00000001 0
13
04
05
0e
014
#6784
b00000000 0
15
0a
1e
114
#6785
b00000001 0
05
1a
0e
014
#6786
b00000000 0
03
15
0a
1e
114
#6787
b00000001 0
13
05
0e
014
#6788
b00000000 0
03
15
1e
114
#6789
b00000010 0
14
05
1a
0e
014
#6790
b00000000 0
04
15
0a
1e
114
#6791
b00000010 0
13
05
1a
0e
014
#6792
b00000011 0
03
14
15
1e
114
#6793
b00000001 0
13
04
05
0e
014
#6794
b00000000 0
15
0a
1e
114
#6795
b00000001 0
05
1a
0e
014
#6796
b00000000 0
03
15
0a
1e
114
#6797
b00000001 0
13
05
0e
014
#6798
b00000000 0
03
15
1e
114
#6799
b00000010 0
14
05
1a
0e
014
#6800
b00000000 0
04
15
0a
1e
114
#6801
b00000010 0
13
05
1a
0e
014
#6802
b00000011 0
03
14
15
1e
114
#6803
b00000001 0
13
04
05
0e
014
#6804
b00000000 0
15
0a
1e
114
#6805
b00000001 0
05
1a
0e
014
#6806
b00000000 0
03
15
0a
1e
114
#6807
b00000001 0
13
05
0e
014
#6808
b00000000 0
03
15
1e
114
#6809
b00000010 0
14
05
1a
0e
014
#6810
b00000000 0
04
15
0a
1e
114
#6811
b00000010 0
13
05
1a
0e
014
#6812
b00000011 0
03
14
#6813
b00000001 0
04
0a
#6814
b00000011 0
#6815
b00000100 0
#6816
b00000110 0
#6817
b00000111 0
#6818
b00001001 0
#6819
b00001011 0
#6820
b00001100 0
16
#6821
b00001110 0
#6822
b00001111 0
#6823
b00010001 0
#6824
b00010011 0
#6825
b00010100 0
#6826
b00010110 0
#6827
b00010111 0
#6828
b00011001 0
#6829
b00011011 0
#6830
b00011100 0
#6831
b00011110 0
#6832
b00011111 0
#6833
b00100001 0
#6834
b00100011 0
#6835
b00100100 0
#6836
b00100110 0
#6837
b00100111 0
#6838
b00101001 0
#6839
b00101011 0
#6840
b00101100 0
#6841
b00101110 0
#6842
b00101111 0
#6843
b00110001 0
#6844
b00110011 0
#6845
b00110100 0
#6846
b00110110 0
#6847
b00110111 0
#6848
b00111001 0
#6849
b00111011 0
#6850
b00111100 0
#6851
b00111110 0
#6852
b00111111 0
#6853
b01000001 0
#6854
b01000011 0
#6855
b01000100 0
#6856
b01000110 0
#6857
b01000111 0
#6858
b01001001 0
#6859
b01001011 0
#6860
b01001100 0
#6861
b01001110 0
#6862
b01001111 0
#6863
b01010001 0
#6864
b01010011 0
#6865
b01010100 0
#6866
b01010110 0
#6867
b01010111 0
#6868
b01011001 0
#6869
b01011011 0
#6870
b01011100 0
#6871
b01011110 0
#6872
b01011111 0
#6873
b01100001 0
#6874
b01100011 0
#6875
b01100100 0
#6876
b01100110 0
#6877
b01100111 0
#6878
b01101001 0
#6879
b01101011 0
#6880
b01101100 0
#6881
b01101110 0
#6882
b01101111 0
#6883
b01110001 0
#6884
b01110011 0
#6885
b01110100 0
#6886
b01110110 0
#6887
b01110111 0
#6888
b01111001 0
#6889
b01111011 0
#6890
b01111100 0
#6891
b01111110 0
#6892
b01111111 0
#6893
b10000001 0
#6894
b10000011 0
#6895
b10000100 0
#6896
b10000110 0
#6897
b10000111 0
#6898
b10001001 0
#6899
b10001011 0
#6900
b10001100 0
#6901
b10001110 0
#6902
b10001111 0
#6903
b10010001 0
#6904
b10010011 0
#6905
b10010100 0
#6906
b10010110 0
#6907
b10010111 0
#6908
b10011001 0
#6909
b10011011 0
#6910
b10011100 0
#6911
b10011110 0
#6912
b10011111 0
#6913
b10100001 0
#6914
b10100011 0
#6915
b10100100 0
#6916
b10100110 0
#6917
b10100111 0
#6918
b10101001 0
#6919
b10101011 0
#6920
b10101100 0
#6921
b10101110 0
#6922
b10101111 0
#6923
b10110001 0
#6924
b10110011 0
#6925
b10110100 0
#6926
b10110110 0
#6927
b10110111 0
#6928
b10111001 0
#6929
b10111011 0
#6930
b10111100 0
#6931
b10111110 0
#6932
b10111111 0
#6933
b11000001 0
#6934
b11000011 0
#6935
b11000100 0
#6936
b11000110 0
#6937
b11000111 0
#6938
b11001001 0
#6939
b11001011 0
#6940
b11001100 0
#6941
b11001110 0
#6942
b11001111 0
#6943
b11010001 0
#6944
b11010011 0
#6945
b11010100 0
#6946
b11010110 0
#6947
b11010111 0
#6948
b11011001 0
#6949
b11011011 0
#6950
b11011100 0
#6951
b11011110 0
#6952
b11011111 0
#6953
b11100001 0
#6954
b11100011 0
#6955
b11100100 0
#6956
b11100110 0
#6957
b11100111 0
#6958
b11101001 0
#6959
b11101011 0
#6960
b11101100 0
#6961
b11101110 0
#6962
b11101111 0
#6963
b11110001 0
#6964
b11110011 0
#6965
b11110100 0
#6966
b11110110 0
#6967
b11110111 0
#6968
b11111001 0
#6969
b11111011 0
#6970
b11111100 0
#6971
b11111110 0
#6972
b11111111 0
#7055
116
11f
b0001 2a
#7056
119
01f
#7057
124
b0110011001010001011000100101101101100011010111100110001101010111 27
129
b1000 2b
#7058
b0000000000000000 21
b0111010101011001011010100101011001100110010110100110010101010000 27
#7059
b0111100001011000011010000110000101100101010111010110001001010010 27
#7060
024
b0000000000000000000000000000000000000000000000000000000000000000 27
029
b0000 2b
#7061
b0000000000000001 21
124
b0110011101010101011010100110001001100000010100010101111101100011 27
129
b1000 2b
#7062
b0000000000000000 21
024
b0000000000000000000000000000000000000000000000000000000000000000 27
029
b0000 2b
#7063
b0000000000000001 21
124
b0110011001100001011010110101110101110001011001010111000001100101 27
129
b1000 2b
#7064
b0000000000000000 21
b0110011101101001011010110110100001100100010111110110111101100110 27
#7065
024
b0000000000000000000000000000000000000000000000000000000000000000 27
029
b0000 2b
#7066
b0000000000000001 21
124
b0111000101100111011010000110111101101010011010100110011101100001 27
129
b1000 2b
#7067
b0000000000000000 21
024
b0000000000000000000000000000000000000000000000000000000000000000 27
029
b0000 2b
#7068
b0000000000000001 21
124
b0111101001101111011001010110001101101001011001000110000101100011 27
129
b1000 2b
#7069
b0000000000000000 21
024
b0000000000000000000000000000000000000000000000000000000000000000 27
029
b0000 2b
#7070
b0000000000000001 21
124
b1000010001101001011101110110100001111010011011000110110001101011 27
129
b1000 2b
#7071
b0000000000000000 21
b0111010101011001111111111111111111111111110101001010011110000000 27
#7072
024
b0000000000000000000000000000000000000000000000000000000000000000 27
029
b0000 2b
#7073
b0000000000000001 21
124
b0111100001011000011010000110000101100101010111010110001001010010 27
129
b1000 2b
#7074
b0000000000000000 21
024
b0000000000000000000000000000000000000000000000000000000000000000 27
029
b0000 2b
#7075
b0000000000000001 21
124
b0110011101010101011010100110001001100000010100010101111101100011 27
129
b1000 2b
#7076
b0000000000000000 21
024
b0000000000000000000000000000000000000000000000000000000000000000 27
029
b0000 2b
#7077
b0000000000000001 21
124
b0110011001100001011010110101110101110001011001010111000001100101 27
129
b1000 2b
#7078
b0000000000000000 21
b0110011101101001011010110110100001100100010111110110111101100110 27
#7079
024
b0000000000000000000000000000000000000000000000000000000000000000 27
029
b0000 2b
#7080
b0000000000000001 21
124
b0111000101100111011010000110111101101010011010100110011101100001 27
129
b1000 2b
#7081
b0000000000000000 21
024
b0000000000000000000000000000000000000000000000000000000000000000 27
029
b0000 2b
#7082
b0000000000000001 21
124
b0111101001101111011001010110001101101001011001000110000101100011 27
129
b1000 2b
#7083
b0000000000000000 21
024
b0000000000000000000000000000000000000000000000000000000000000000 27
029
b0000 2b
#7084
b0000000000000001 21
124
b1000010001101001011101110110100001111010011011000110110001101011 27
129
b1000 2b
#7085
b0000000000000000 21
b1111111111111111111111111111111111111111110101001010011110000000 27
#7086
024
b0000000000000000000000000000000000000000000000000000000000000000 27
029
b0000 2b
#7087
b0000000000000001 21
124
b1111111111111111111111111111111111111111111111111111111111111111 27
129
b1000 2b
#7088
b0000000000000000 21
024
b0000000000000000000000000000000000000000000000000000000000000000 27
029
b0000 2b
#7089
b0000000000000001 21
124
b1111111111111111111111111111111111111111111111111111111111111111 27
129
b1000 2b
#7090
b0000000000000000 21
024
b0000000000000000000000000000000000000000000000000000000000000000 27
029
b0000 2b
#7091
b0000000000000001 21
124
b1111111111111111111111111111111111111111111111111111111111111111 27
129
b1000 2b
#7092
b0000000000000000 21
#7093
024
b0000000000000000000000000000000000000000000000000000000000000000 27
029
b0000 2b
#7094
b0000000000000001 21
124
b1111111111111111111111111111111111111111111111111111111111111111 27
129
b1000 2b
#7095
b0000000000000000 21
024
b0000000000000000000000000000000000000000000000000000000000000000 27
029
b0000 2b
#7096
b0000000000000001 21
124
b1111111111111111111111111111111111111111111111111111111111111111 27
129
b1000 2b
#7097
b0000000000000000 21
024
b0000000000000000000000000000000000000000000000000000000000000000 27
029
b0000 2b
#7098
b0000000000000001 21
124
b1111111111111111111111111111111111111111111111111111111111111111 27
129
b1000 2b
#7099
b0000000000000000 21
#7100
024
b0000000000000000000000000000000000000000000000000000000000000000 27
029
b0000 2b
#7101
b0000000000000001 21
124
b1111111111111111111111111111111111111111111111111111111111111111 27
129
b1000 2b
#7102
b0000000000000000 21
024
b0000000000000000000000000000000000000000000000000000000000000000 27
029
b0000 2b
#7103
b0000000000000001 21
#7104
b0000000000000010 21
124
b1111111111111111111111111111111111111111111111111111111111111111 27
129
b1000 2b
#7105
b0000000000000000 21
024
029
b0000 2b
#7106
016
b0000000000000001 21
b0000 2a
#7107
019
b0000000000000010 21
b0000000000000000000000000000000000000000000000000000000000000000 27
#7108
b0000000000000011 21
#7109
b0000000000000100 21
#7110
b0000000000000101 21
#7111
b0000000000000110 21
#7112
b0000000000000111 21
#7113
b0000000000001000 21
#7114
b0000000000001001 21
#7115
b0000000000001010 21
#7116
115
b0000000000000101 1a
b0000000000000000 21
023
125
#7117
015
b0000000000000001 21
#7118
b01010111 2
15
b01010111 b
1e
114
b01010111 20
b0000000000000010 21
#7119
b01010111 1
14
05
1a
0e
014
b0000000000000011 21
#7120
b00000000 0
b01100011 2
04
15
06
0a
b01100011 b
1e
114
b01100011 20
b0000000000000100 21
#7121
b00000010 0
b01100011 1
13
05
1a
0e
014
b0000000000000101 21
#7122
b00000011 0
b01011110 2
03
14
15
b01011110 b
1e
114
b01011110 20
b0000000000000110 21
#7123
b00000001 0
b01011110 1
13
04
05
0e
014
b0000000000000111 21
#7124
b00000000 0
b01110011 1
b01100011 2
15
0a
b01100011 b
1e
114
b01100011 20
b0000000000001000 21
#7125
b00000001 0
b01100011 1
05
1a
0e
014
b0000000000001001 21
#7126
b00000000 0
b01011011 2
03
15
0a
b01011011 b
1e
114
b01011011 20
b0000000000001010 21
#7127
b00000001 0
b01011011 1
13
05
0e
014
b0000000000000000 21
#7128
b00000000 0
b01100010 2
03
15
b01100010 b
1e
114
b01100010 20
b0000000000000001 21
#7129
b00000010 0
b01100010 1
14
05
1a
0e
014
b0000000000000010 21
#7130
b00000000 0
b01010001 2
04
15
0a
b01010001 b
1e
114
b01010001 20
b0000000000000011 21
#7131
b00000010 0
b01010001 1
13
05
1a
0e
014
b0000000000000100 21
#7132
b00000011 0
b01100110 2
03
14
15
b01100110 b
1e
114
b01100110 20
b0000000000000101 21
#7133
b00000001 0
b01100110 1
13
04
05
0e
014
b0000000000000110 21
#7134
b00000000 0
b01000000 1
b01010000 2
15
0a
b01010000 b
1e
114
b01010000 20
b0000000000000111 21
#7135
b00000001 0
b01010000 1
05
1a
0e
014
b0000000000001000 21
#7136
b00000000 0
b01100101 2
03
15
0a
b01100101 b
1e
114
b01100101 20
b0000000000001001 21
#7137
b00000001 0
b01100101 1
13
05
0e
014
b0000000000001010 21
#7138
b00000000 0
b01011010 2
03
15
b01011010 b
1e
114
b01011010 20
#7139
b00000010 0
b01011010 1
14
05
1a
0e
014
#7140
b00000000 0
b01100110 2
04
15
0a
b01100110 b
1e
114
b01100110 20
#7141
b00000010 0
b01100110 1
13
05
1a
0e
014
#7142
b00000011 0
b01010110 2
03
14
15
b01010110 b
1e
114
b01010110 20
#7143
b00000001 0
b01010110 1
13
04
05
0e
014
#7144
b00000000 0
b01111010 1
b01101010 2
15
0a
b01101010 b
1e
114
b01101010 20
#7145
b00000001 0
b01101010 1
05
1a
0e
014
#7146
b00000000 0
b01011001 2
03
15
0a
b01011001 b
1e
114
b01011001 20
#7147
b00000001 0
b01011001 1
13
05
0e
014
#7148
b00000000 0
b01110101 2
03
15
b01110101 b
1e
114
b01110101 20
#7149
b00000010 0
b01110101 1
14
05
1a
0e
014
#7150
b00000000 0
b01010010 2
04
15
0a
b01010010 b
1e
114
b01010010 20
#7151
b00000010 0
b01010010 1
13
05
1a
0e
014
#7152
b00000011 0
b01100010 2
03
14
15
b01100010 b
1e
114
b01100010 20
#7153
b00000001 0
b01100010 1
13
04
05
0e
014
#7154
b00000000 0
b01001101 1
b01011101 2
15
0a
b01011101 b
1e
114
b01011101 20
#7155
b00000001 0
b01011101 1
05
1a
0e
014
#7156
b00000000 0
b01100101 2
03
15
0a
b01100101 b
1e
114
b01100101 20
#7157
b00000001 0
b01100101 1
13
05
0e
014
#7158
b00000000 0
b01100001 2
03
15
b01100001 b
1e
114
b01100001 20
#7159
b00000010 0
b01100001 1
14
05
1a
0e
014
#7160
b00000000 0
b01101000 2
04
15
0a
b01101000 b
1e
114
b01101000 20
#7161
b00000010 0
b01101000 1
13
05
1a
0e
014
#7162
b00000011 0
b01011000 2
03
14
15
b01011000 b
1e
114
b01011000 20
#7163
b00000001 0
b01011000 1
13
04
05
0e
014
#7164
b00000000 0
b01111000 1
b01111000 2
15
0a
b01111000 b
1e
114
b01111000 20
#7165
b00000001 0
05
1a
0e
014
#7166
b00000000 0
b01100011 2
03
15
0a
b01100011 b
1e
114
b01100011 20
#7167
b00000001 0
b01100011 1
13
05
0e
014
#7168
b00000000 0
b01011111 2
03
15
b01011111 b
1e
114
b01011111 20
#7169
b00000010 0
b01011111 1
14
05
1a
0e
014
#7170
b00000000 0
b01010001 2
04
15
0a
b01010001 b
1e
114
b01010001 20
#7171
b00000010 0
b01010001 1
13
05
1a
0e
014
#7172
b00000011 0
b01100000 2
03
14
15
b01100000 b
1e
114
b01100000 20
#7173
b00000001 0
b01100000 1
13
04
05
0e
014
#7174
b00000000 0
b01100010 1
b01100010 2
15
0a
b01100010 b
1e
114
b01100010 20
#7175
b00000001 0
05
1a
0e
014
#7176
b00000000 0
b01101010 2
03
15
0a
b01101010 b
1e
114
b01101010 20
#7177
b00000001 0
b01101010 1
13
05
0e
014
#7178
b00000000 0
b01010101 2
03
15
b01010101 b
1e
114
b01010101 20
#7179
b00000010 0
b01010101 1
14
05
1a
0e
014
#7180
b00000000 0
b01100111 2
04
15
0a
b01100111 b
1e
114
b01100111 20
#7181
b00000010 0
b01100111 1
13
05
1a
0e
014
#7182
b00000011 0
b01100101 2
03
14
15
b01100101 b
1e
114
b01100101 20
#7183
b00000001 0
b01100101 1
13
04
05
0e
014
#7184
b00000000 0
b01100000 1
b01110000 2
15
0a
b01110000 b
1e
114
b01110000 20
#7185
b00000001 0
b01110000 1
05
1a
0e
014
#7186
b00000000 0
b01100101 2
03
15
0a
b01100101 b
1e
114
b01100101 20
#7187
b00000001 0
b01100101 1
13
05
0e
014
#7188
b00000000 0
b01110001 2
03
15
b01110001 b
1e
114
b01110001 20
#7189
b00000010 0
b01110001 1
14
05
1a
0e
014
#7190
b00000000 0
b01011101 2
04
15
0a
b01011101 b
1e
114
b01011101 20
#7191
b00000010 0
b01011101 1
13
05
1a
0e
014
#7192
b00000011 0
b01101011 2
03
14
15
b01101011 b
1e
114
b01101011 20
#7193
b00000001 0
b01101011 1
13
04
05
0e
014
#7194
b00000000 0
b01100001 1
b01100001 2
15
0a
b01100001 b
1e
114
b01100001 20
#7195
b00000001 0
05
1a
0e
014
#7196
b00000000 0
b01100110 2
03
15
0a
b01100110 b
1e
114
b01100110 20
#7197
b00000001 0
b01100110 1
13
05
0e
014
#7198
b00000000 0
03
15
1e
114
#7199
b00000010 0
14
05
1a
0e
014
#7200
b00000000 0
b01101111 2
04
15
0a
b01101111 b
1e
114
b01101111 20
#7201
b00000010 0
b01101111 1
13
05
1a
0e
014
#7202
b00000011 0
b01011111 2
03
14
15
b01011111 b
1e
114
b01011111 20
#7203
b00000001 0
b01011111 1
13
04
05
0e
014
#7204
b00000000 0
b01110100 1
b01100100 2
15
0a
b01100100 b
1e
114
b01100100 20
#7205
b00000001 0
b01100100 1
05
1a
0e
014
#7206
b00000000 0
b01101000 2
03
15
0a
b01101000 b
1e
114
b01101000 20
#7207
b00000001 0
b01101000 1
13
05
0e
014
#7208
b00000000 0
b01101011 2
03
15
b01101011 b
1e
114
b01101011 20
#7209
b00000010 0
b01101011 1
14
05
1a
0e
014
#7210
b00000000 0
b01101001 2
04
15
0a
b01101001 b
1e
114
b01101001 20
#7211
b00000010 0
b01101001 1
13
05
1a
0e
014
#7212
b00000011 0
b01100111 2
03
14
15
b01100111 b
1e
114
b01100111 20
#7213
b00000001 0
b01100111 1
13
04
05
0e
014
#7214
b00000000 0
b01100001 1
b01100001 2
15
0a
b01100001 b
1e
114
b01100001 20
#7215
b00000001 0
05
1a
0e
014
#7216
b00000000 0
b01100111 2
03
15
0a
b01100111 b
1e
114
b01100111 20
#7217
b00000001 0
b01100111 1
13
05
0e
014
#7218
b00000000 0
b01101010 2
03
15
b01101010 b
1e
114
b01101010 20
#7219
b00000010 0
b01101010 1
14
05
1a
0e
014
#7220
b00000000 0
04
15
0a
1e
114
#7221
b00000010 0
13
05
1a
0e
014
#7222
b00000011 0
b01101111 2
03
14
15
b01101111 b
1e
114
b01101111 20
#7223
b00000001 0
b01101111 1
13
04
05
0e
014
#7224
b00000000 0
b01101000 1
b01101000 2
15
0a
b01101000 b
1e
114
b01101000 20
#7225
b00000001 0
05
1a
0e
014
#7226
b00000000 0
b01100111 2
03
15
0a
b01100111 b
1e
114
b01100111 20
#7227
b00000001 0
b01100111 1
13
05
0e
014
#7228
b00000000 0
b01110001 2
03
15
b01110001 b
1e
114
b01110001 20
#7229
b00000010 0
b01110001 1
14
05
1a
0e
014
#7230
b00000000 0
b01100011 2
04
15
0a
b01100011 b
1e
114
b01100011 20
#7231
b00000010 0
b01100011 1
13
05
1a
0e
014
#7232
b00000011 0
b01100001 2
03
14
15
b01100001 b
1e
114
b01100001 20
#7233
b00000001 0
b01100001 1
13
04
05
0e
014
#7234
b00000000 0
b01100100 1
b01100100 2
15
0a
b01100100 b
1e
114
b01100100 20
#7235
b00000001 0
05
1a
0e
014
#7236
b00000000 0
b01101001 2
03
15
0a
b01101001 b
1e
114
b01101001 20
#7237
b00000001 0
b01101001 1
13
05
0e
014
#7238
b00000000 0
b01100011 2
03
15
b01100011 b
1e
114
b01100011 20
#7239
b00000010 0
b01100011 1
14
05
1a
0e
014
#7240
b00000000 0
b01100101 2
04
15
0a
b01100101 b
1e
114
b01100101 20
#7241
b00000010 0
b01100101 1
13
05
1a
0e
014
#7242
b00000011 0
b01101111 2
03
14
15
b01101111 b
1e
114
b01101111 20
#7243
b00000001 0
b01101111 1
13
04
05
0e
014
#7244
b00000000 0
b01101010 1
b01111010 2
15
0a
b01111010 b
1e
114
b01111010 20
#7245
b00000001 0
b01111010 1
05
1a
0e
014
#7246
b00000000 0
b01101011 2
03
15
0a
b01101011 b
1e
114
b01101011 20
#7247
b00000001 0
b01101011 1
13
05
0e
014
#7248
b00000000 0
b01101100 2
03
15
b01101100 b
1e
114
b01101100 20
#7249
b00000010 0
b01101100 1
14
05
1a
0e
014
#7250
b00000000 0
04
15
0a
1e
114
#7251
b00000010 0
13
05
1a
0e
014
#7252
b00000011 0
b01111010 2
03
14
15
b01111010 b
1e
114
b01111010 20
#7253
b00000001 0
b01111010 1
13
04
05
0e
014
#7254
b00000000 0
b01111000 1
b01101000 2
15
0a
b01101000 b
1e
114
b01101000 20
#7255
b00000001 0
b01101000 1
05
1a
0e
014
#7256
b00000000 0
b01110111 2
03
15
0a
b01110111 b
1e
114
b01110111 20
#7257
b00000001 0
b01110111 1
13
05
0e
014
#7258
b00000000 0
b01101001 2
03
15
b01101001 b
1e
114
b01101001 20
#7259
b00000010 0
b01101001 1
14
05
1a
0e
014
#7260
b00000000 0
b10000100 2
04
15
0a
b10000100 b
1e
114
b10000100 20
#7261
b00000010 0
b10000100 1
13
05
1a
0e
014
#7262
b00000011 0
b10000000 2
03
14
15
b10000000 b
1e
114
b10000000 20
#7263
b00000001 0
b10000000 1
13
04
05
0e
014
#7264
b00000000 0
b10100111 1
b10100111 2
15
0a
b10100111 b
1e
114
b10100111 20
#7265
b00000001 0
05
1a
0e
014
#7266
b00000000 0
b11010100 2
03
15
0a
b11010100 b
1e
114
b11010100 20
#7267
b00000001 0
b11010100 1
13
05
0e
014
#7268
b00000000 0
b11111111 2
03
15
b11111111 b
1e
114
b11111111 20
#7269
b00000010 0
b11111111 1
14
05
1a
0e
014
#7270
b00000000 0
04
15
0a
1e
114
#7271
b00000010 0
13
05
1a
0e
014
#7272
b00000011 0
03
14
15
1e
114
#7273
b00000001 0
13
04
05
0e
014
#7274
b00000000 0
b01011001 1
b01011001 2
15
0a
b01011001 b
1e
114
b01011001 20
#7275
b00000001 0
05
1a
0e
014
#7276
b00000000 0
b01110101 2
03
15
0a
b01110101 b
1e
114
b01110101 20
#7277
b00000001 0
b01110101 1
13
05
0e
014
#7278
b00000000 0
b01010010 2
03
15
b01010010 b
1e
114
b01010010 20
#7279
b00000010 0
b01010010 1
14
05
1a
0e
014
#7280
b00000000 0
b01100010 2
04
15
0a
b01100010 b
1e
114
b01100010 20
#7281
b00000010 0
b01100010 1
13
05
1a
0e
014
#7282
b00000011 0
b01011101 2
03
14
15
b01011101 b
1e
114
b01011101 20
#7283
b00000001 0
b01011101 1
13
04
05
0e
014
#7284
b00000000 0
b01110101 1
b01100101 2
15
0a
b01100101 b
1e
114
b01100101 20
#7285
b00000001 0
b01100101 1
05
1a
0e
014
#7286
b00000000 0
b01100001 2
03
15
0a
b01100001 b
1e
114
b01100001 20
#7287
b00000001 0
b01100001 1
13
05
0e
014
#7288
b00000000 0
b01101000 2
03
15
b01101000 b
1e
114
b01101000 20
#7289
b00000010 0
b01101000 1
14
05
1a
0e
014
#7290
b00000000 0
b01011000 2
04
15
0a
b01011000 b
1e
114
b01011000 20
#7291
b00000010 0
b01011000 1
13
05
1a
0e
014
#7292
b00000011 0
b01111000 2
03
14
15
b01111000 b
1e
114
b01111000 20
#7293
b00000001 0
b01111000 1
13
04
05
0e
014
#7294
b00000000 0
b01110011 1
b01100011 2
15
0a
b01100011 b
1e
114
b01100011 20
#7295
b00000001 0
b01100011 1
05
1a
0e
014
#7296
b00000000 0
b01011111 2
03
15
0a
b01011111 b
1e
114
b01011111 20
#7297
b00000001 0
b01011111 1
13
05
0e
014
#7298
b00000000 0
b01010001 2
03
15
b01010001 b
1e
114
b01010001 20
#7299
b00000010 0
b01010001 1
14
05
1a
0e
014
#7300
b00000000 0
b01100000 2
04
15
0a
b01100000 b
1e
114
b01100000 20
#7301
b00000010 0
b01100000 1
13
05
1a
0e
014
#7302
b00000011 0
b01100010 2
03
14
15
b01100010 b
1e
114
b01100010 20
#7303
b00000001 0
b01100010 1
13
04
05
0e
014
#7304
b00000000 0
b01101010 1
b01101010 2
15
0a
b01101010 b
1e
114
b01101010 20
#7305
b00000001 0
05
1a
0e
014
#7306
b00000000 0
b01010101 2
03
15
0a
b01010101 b
1e
114
b01010101 20
#7307
b00000001 0
b01010101 1
13
05
0e
014
#7308
b00000000 0
b01100111 2
03
15
b01100111 b
1e
114
b01100111 20
#7309
b00000010 0
b01100111 1
14
05
1a
0e
014
#7310
b00000000 0
b01100101 2
04
15
0a
b01100101 b
1e
114
b01100101 20
#7311
b00000010 0
b01100101 1
13
05
1a
0e
014
#7312
b00000011 0
b01110000 2
03
14
15
b01110000 b
1e
114
b01110000 20
#7313
b00000001 0
b01110000 1
13
04
05
0e
014
#7314
b00000000 0
b01110101 1
b01100101 2
15
0a
b01100101 b
1e
114
b01100101 20
#7315
b00000001 0
b01100101 1
05
1a
0e
014
#7316
b00000000 0
b01110001 2
03
15
0a
b01110001 b
1e
114
b01110001 20
#7317
b00000001 0
b01110001 1
13
05
0e
014
#7318
b00000000 0
b01011101 2
03
15
b01011101 b
1e
114
b01011101 20
#7319
b00000010 0
b01011101 1
14
05
1a
0e
014
#7320
b00000000 0
b01101011 2
04
15
0a
b01101011 b
1e
114
b01101011 20
#7321
b00000010 0
b01101011 1
13
05
1a
0e
014
#7322
b00000011 0
b01100001 2
03
14
15
b01100001 b
1e
114
b01100001 20
#7323
b00000001 0
b01100001 1
13
04
05
0e
014
#7324
b00000000 0
b01100110 1
b01100110 2
15
0a
b01100110 b
1e
114
b01100110 20
#7325
b00000001 0
05
1a
0e
014
#7326
b00000000 0
03
15
0a
1e
114
#7327
b00000001 0
13
05
0e
014
#7328
b00000000 0
b01101111 2
03
15
b01101111 b
1e
114
b01101111 20
#7329
b00000010 0
b01101111 1
14
05
1a
0e
014
#7330
b00000000 0
b01011111 2
04
15
0a
b01011111 b
1e
114
b01011111 20
#7331
b00000010 0
b01011111 1
13
05
1a
0e
014
#7332
b00000011 0
b01100100 2
03
14
15
b01100100 b
1e
114
b01100100 20
#7333
b00000001 0
b01100100 1
13
04
05
0e
014
#7334
b00000000 0
b01101000 1
b01101000 2
15
0a
b01101000 b
1e
114
b01101000 20
#7335
b00000001 0
05
1a
0e
014
#7336
b00000000 0
b01101011 2
03
15
0a
b01101011 b
1e
114
b01101011 20
#7337
b00000001 0
b01101011 1
13
05
0e
014
#7338
b00000000 0
b01101001 2
03
15
b01101001 b
1e
114
b01101001 20
#7339
b00000010 0
b01101001 1
14
05
1a
0e
014
#7340
b00000000 0
b01100111 2
04
15
0a
b01100111 b
1e
114
b01100111 20
#7341
b00000010 0
b01100111 1
13
05
1a
0e
014
#7342
b00000011 0
b01100001 2
03
14
15
b01100001 b
1e
114
b01100001 20
#7343
b00000001 0
b01100001 1
13
04
05
0e
014
#7344
b00000000 0
b01100111 1
b01100111 2
15
0a
b01100111 b
1e
114
b01100111 20
#7345
b00000001 0
05
1a
0e
014
#7346
b00000000 0
b01101010 2
03
15
0a
b01101010 b
1e
114
b01101010 20
#7347
b00000001 0
b01101010 1
13
05
0e
014
#7348
b00000000 0
03
15
1e
114
#7349
b00000010 0
14
05
1a
0e
014
#7350
b00000000 0
b01101111 2
04
15
0a
b01101111 b
1e
114
b01101111 20
#7351
b00000010 0
b01101111 1
13
05
1a
0e
014
#7352
b00000011 0
b01101000 2
03
14
15
b01101000 b
1e
114
b01101000 20
#7353
b00000001 0
b01101000 1
13
04
05
0e
014
#7354
b00000000 0
b01100111 1
b01100111 2
15
0a
b01100111 b
1e
114
b01100111 20
#7355
b00000001 0
05
1a
0e
014
#7356
b00000000 0
b01110001 2
03
15
0a
b01110001 b
1e
114
b01110001 20
#7357
b00000001 0
b01110001 1
13
05
0e
014
#7358
b00000000 0
b01100011 2
03
15
b01100011 b
1e
114
b01100011 20
#7359
b00000010 0
b01100011 1
14
05
1a
0e
014
#7360
b00000000 0
b01100001 2
04
15
0a
b01100001 b
1e
114
b01100001 20
#7361
b00000010 0
b01100001 1
13
05
1a
0e
014
#7362
b00000011 0
b01100100 2
03
14
15
b01100100 b
1e
114
b01100100 20
#7363
b00000001 0
b01100100 1
13
04
05
0e
014
#7364
b00000000 0
b01101001 1
b01101001 2
15
0a
b01101001 b
1e
114
b01101001 20
#7365
b00000001 0
05
1a
0e
014
#7366
b00000000 0
b01100011 2
03
15
0a
b01100011 b
1e
114
b01100011 20
#7367
b00000001 0
b01100011 1
13
05
0e
014
#7368
b00000000 0
b01100101 2
03
15
b01100101 b
1e
114
b01100101 20
#7369
b00000010 0
b01100101 1
14
05
1a
0e
014
#7370
b00000000 0
b01101111 2
04
15
0a
b01101111 b
1e
114
b01101111 20
#7371
b00000010 0
b01101111 1
13
05
1a
0e
014
#7372
b00000011 0
b01111010 2
03
14
15
b01111010 b
1e
114
b01111010 20
#7373
b00000001 0
b01111010 1
13
04
05
0e
014
#7374
b00000000 0
b01111011 1
b01101011 2
15
0a
b01101011 b
1e
114
b01101011 20
#7375
b00000001 0
b01101011 1
05
1a
0e
014
#7376
b00000000 0
b01101100 2
03
15
0a
b01101100 b
1e
114
b01101100 20
#7377
b00000001 0
b01101100 1
13
05
0e
014
#7378
b00000000 0
03
15
1e
114
#7379
b00000010 0
14
05
1a
0e
014
#7380
b00000000 0
b01111010 2
04
15
0a
b01111010 b
1e
114
b01111010 20
#7381
b00000010 0
b01111010 1
13
05
1a
0e
014
#7382
b00000011 0
b01101000 2
03
14
15
b01101000 b
1e
114
b01101000 20
#7383
b00000001 0
b01101000 1
13
04
05
0e
014
#7384
b00000000 0
b01100111 1
b01110111 2
15
0a
b01110111 b
1e
114
b01110111 20
#7385
b00000001 0
b01110111 1
05
1a
0e
014
#7386
b00000000 0
b01101001 2
03
15
0a
b01101001 b
1e
114
b01101001 20
#7387
b00000001 0
b01101001 1
13
05
0e
014
#7388
b00000000 0
b10000100 2
03
15
b10000100 b
1e
114
b10000100 20
#7389
b00000010 0
b10000100 1
14
05
1a
0e
014
#7390
b00000000 0
b10000000 2
04
15
0a
b10000000 b
1e
114
b10000000 20
#7391
b00000010 0
b10000000 1
13
05
1a
0e
014
#7392
b00000011 0
b10100111 2
03
14
15
b10100111 b
1e
114
b10100111 20
#7393
b00000001 0
b10100111 1
13
04
05
0e
014
#7394
b00000000 0
b11000100 1
b11010100 2
15
0a
b11010100 b
1e
114
b11010100 20
#7395
b00000001 0
b11010100 1
05
1a
0e
014
#7396
b00000000 0
b11111111 2
03
15
0a
b11111111 b
1e
114
b11111111 20
#7397
b00000001 0
b11111111 1
13
05
0e
014
#7398
b00000000 0
03
15
1e
114
#7399
b00000010 0
14
05
1a
0e
014
#7400
b00000000 0
04
15
0a
1e
114
#7401
b00000010 0
13
05
1a
0e
014
#7402
b00000011 0
03
14
15
1e
114
#7403
b00000001 0
13
04
05
0e
014
#7404
b00000000 0
15
0a
1e
114
#7405
b00000001 0
05
1a
0e
014
#7406
b00000000 0
03
15
0a
1e
114
#7407
b00000001 0
13
05
0e
014
#7408
b00000000 0
03
15
1e
114
#7409
b00000010 0
14
05
1a
0e
014
#7410
b00000000 0
04
15
0a
1e
114
#7411
b00000010 0
13
05
1a
0e
014
#7412
b00000011 0
03
14
15
1e
114
#7413
b00000001 0
13
04
05
0e
014
#7414
b00000000 0
15
0a
1e
114
#7415
b00000001 0
05
1a
0e
014
#7416
b00000000 0
03
15
0a
1e
114
#7417
b00000001 0
13
05
0e
014
#7418
b00000000 0
03
15
1e
114
#7419
b00000010 0
14
05
1a
0e
014
#7420
b00000000 0
04
15
0a
1e
114
#7421
b00000010 0
13
05
1a
0e
014
#7422
b00000011 0
03
14
15
1e
114
#7423
b00000001 0
13
04
05
0e
014
#7424
b00000000 0
15
0a
1e
114
#7425
b00000001 0
05
1a
0e
014
#7426
b00000000 0
03
15
0a
1e
114
#7427
b00000001 0
13
05
0e
014
#7428
b00000000 0
03
15
1e
114
#7429
b00000010 0
14
05
1a
0e
014
#7430
b00000000 0
04
15
0a
1e
114
#7431
b00000010 0
13
05
1a
0e
014
#7432
b00000011 0
03
14
15
1e
114
#7433
b00000001 0
13
04
05
0e
014
#7434
b00000000 0
15
0a
1e
114
#7435
b00000001 0
05
1a
0e
014
#7436
b00000000 0
03
15
0a
1e
114
#7437
b00000001 0
13
05
0e
014
#7438
b00000000 0
03
15
1e
114
#7439
b00000010 0
14
05
1a
0e
014
#7440
b00000000 0
04
15
0a
1e
114
#7441
b00000010 0
13
05
1a
0e
014
#7442
b00000011 0
03
14
15
1e
114
#7443
b00000001 0
13
04
05
0e
014
#7444
b00000000 0
15
0a
1e
114
#7445
b00000001 0
05
1a
0e
014
#7446
b00000000 0
03
15
0a
1e
114
#7447
b00000001 0
13
05
0e
014
#7448
b00000000 0
03
15
1e
114
#7449
b00000010 0
14
05
1a
0e
014
#7450
b00000000 0
04
15
0a
1e
114
#7451
b00000010 0
13
05
1a
0e
014
#7452
b00000011 0
03
14
15
1e
114
#7453
b00000001 0
13
04
05
0e
014
#7454
b00000000 0
15
0a
1e
114
#7455
b00000001 0
05
1a
0e
014
#7456
b00000000 0
03
15
0a
1e
114
#7457
b00000001 0
13
05
0e
014
#7458
b00000000 0
03
15
1e
114
#7459
b00000010 0
14
05
1a
0e
014
#7460
b00000000 0
04
15
0a
1e
114
#7461
b00000010 0
13
05
1a
0e
014
#7462
b00000011 0
03
14
15
1e
114
#7463
b00000001 0
13
04
05
0e
014
#7464
b00000000 0
15
0a
1e
114
#7465
b00000001 0
05
1a
0e
014
#7466
b00000000 0
03
15
0a
1e
114
#7467
b00000001 0
13
05
0e
014
#7468
b00000000 0
03
15
1e
114
#7469
b00000010 0
14
05
1a
0e
014
#7470
b00000000 0
04
15
0a
1e
114
#7471
b00000010 0
13
05
1a
0e
014
#7472
b00000011 0
03
14
15
1e
114
#7473
b00000001 0
13
04
05
0e
014
#7474
b00000000 0
15
0a
1e
114
#7475
b00000001 0
05
1a
0e
014
#7476
b00000000 0
03
15
0a
1e
114
#7477
b00000001 0
13
05
0e
014
#7478
b00000000 0
03
15
1e
114
#7479
b00000010 0
14
05
1a
0e
014
#7480
b00000000 0
04
15
0a
1e
114
#7481
b00000010 0
13
05
1a
0e
014
#7482
b00000011 0
03
14
15
1e
114
#7483
b00000001 0
13
04
05
0e
014
#7484
b00000000 0
15
0a
1e
114
#7485
b00000001 0
05
1a
0e
014
#7486
b00000000 0
03
15
0a
1e
114
#7487
b00000001 0
13
05
0e
014
#7488
b00000000 0
03
15
1e
114
#7489
b00000010 0
14
05
1a
0e
014
#7490
b00000000 0
04
15
0a
1e
114
#7491
b00000010 0
13
05
1a
0e
014
#7492
b00000011 0
03
14
15
1e
114
#7493
b00000001 0
13
04
05
0e
014
#7494
b00000000 0
15
0a
1e
114
#7495
b00000001 0
05
1a
0e
014
#7496
b00000000 0
03
15
0a
1e
114
#7497
b00000001 0
13
05
0e
014
#7498
b00000000 0
03
15
1e
114
#7499
b00000010 0
14
05
1a
0e
014
#7500
b00000000 0
04
15
0a
1e
114
#7501
b00000010 0
13
05
1a
0e
014
#7502
b00000011 0
03
14
15
1e
114
#7503
b00000001 0
13
04
05
0e
014
#7504
b00000000 0
15
0a
1e
114
#7505
b00000001 0
05
1a
0e
014
#7506
b00000000 0
03
15
0a
1e
114
#7507
b00000001 0
13
05
0e
014
#7508
b00000000 0
03
15
1e
114
#7509
b00000010 0
14
05
1a
0e
014
#7510
b00000000 0
04
15
0a
1e
114
#7511
b00000010 0
13
05
1a
0e
014
#7512
b00000011 0
03
14
15
1e
114
#7513
b00000001 0
13
04
05
0e
014
#7514
b00000000 0
15
0a
1e
114
#7515
b00000001 0
05
1a
0e
014
#7516
b00000000 0
03
15
0a
1e
114
#7517
b00000001 0
13
05
0e
014
#7518
b00000000 0
03
15
1e
114
#7519
b00000010 0
14
05
1a
0e
014
#7520
b00000000 0
04
15
0a
1e
114
#7521
b00000010 0
13
05
1a
0e
014
#7522
b00000011 0
03
14
15
1e
114
#7523
b00000001 0
13
04
05
0e
014
#7524
b00000000 0
15
0a
1e
114
#7525
b00000001 0
05
1a
0e
014
#7526
b00000000 0
03
15
0a
1e
114
#7527
b00000001 0
13
05
0e
014
#7528
b00000000 0
03
15
1e
114
#7529
b00000010 0
14
05
1a
0e
014
#7530
b00000000 0
04
15
0a
1e
114
#7531
b00000010 0
13
05
1a
0e
014
#7532
b00000011 0
03
14
15
1e
114
#7533
b00000001 0
13
04
05
0e
014
#7534
b00000000 0
15
0a
1e
114
#7535
b00000001 0
05
1a
0e
014
#7536
b00000000 0
03
15
0a
1e
114
#7537
b00000001 0
13
05
0e
014
#7538
b00000000 0
03
15
1e
114
#7539
b00000010 0
14
05
1a
0e
014
#7540
b00000000 0
04
15
0a
1e
114
#7541
b00000010 0
13
05
1a
0e
014
#7542
b00000011 0
03
14
15
1e
114
#7543
b00000001 0
13
04
05
0e
014
#7544
b00000000 0
15
0a
1e
114
#7545
b00000001 0
05
1a
0e
014
#7546
b00000000 0
03
15
0a
1e
114
#7547
b00000001 0
13
05
0e
014
#7548
b00000000 0
03
15
1e
114
#7549
b00000010 0
14
05
1a
0e
014
#7550
b00000000 0
04
15
0a
1e
114
#7551
b00000010 0
13
05
1a
0e
014
#7552
b00000011 0
03
14
15
1e
114
#7553
b00000001 0
13
04
05
0e
014
#7554
b00000000 0
15
0a
1e
114
#7555
b00000001 0
05
1a
0e
014
#7556
b00000000 0
03
15
0a
1e
114
#7557
b00000001 0
13
05
0e
014
#7558
b00000000 0
03
15
1e
114
#7559
b00000010 0
14
05
1a
0e
014
#7560
b00000000 0
04
15
0a
1e
114
#7561
b00000010 0
13
05
1a
0e
014
#7562
b00000011 0
03
14
15
1e
114
#7563
b00000001 0
13
04
05
0e
014
#7564
b00000000 0
15
0a
1e
114
#7565
b00000001 0
05
1a
0e
014
#7566
b00000000 0
03
0a
#7567
b00000001 0
#7568
b00000011 0
#7569
b00000101 0
#7570
b00000110 0
#7571
b00001000 0
#7572
b00001001 0
#7573
b00001011 0
#7574
b00001101 0
16
#7575
b00001110 0
#7576
b00010000 0
#7577
b00010001 0
#7578
b00010011 0
#7579
b00010101 0
#7580
b00010110 0
#7581
b00011000 0
#7582
b00011001 0
#7583
b00011011 0
#7584
b00011101 0
#7585
b00011110 0
#7586
b00100000 0
#7587
b00100001 0
#7588
b00100011 0
#7589
b00100101 0
#7590
b00100110 0
#7591
b00101000 0
#7592
b00101001 0
#7593
b00101011 0
#7594
b00101101 0
#7595
b00101110 0
#7596
b00110000 0
#7597
b00110001 0
#7598
b00110011 0
#7599
b00110101 0
#7600
b00110110 0
#7601
b00111000 0
#7602
b00111001 0
#7603
b00111011 0
#7604
b00111101 0
#7605
b00111110 0
#7606
b01000000 0
#7607
b01000001 0
#7608
b01000011 0
#7609
b01000101 0
#7610
b01000110 0
#7611
b01001000 0
#7612
b01001001 0
#7613
b01001011 0
#7614
b01001101 0
#7615
b01001110 0
#7616
b01010000 0
#7617
b01010001 0
#7618
b01010011 0
#7619
b01010101 0
#7620
b01010110 0
#7621
b01011000 0
#7622
b01011001 0
#7623
b01011011 0
#7624
b01011101 0
#7625
b01011110 0
#7626
b01100000 0
#7627
b01100001 0
#7628
b01100011 0
#7629
b01100101 0
#7630
b01100110 0
#7631
b01101000 0
#7632
b01101001 0
#7633
b01101011 0
#7634
b01101101 0
#7635
b01101110 0
#7636
b01110000 0
#7637
b01110001 0
#7638
b01110011 0
#7639
b01110101 0
#7640
b01110110 0
#7641
b01111000 0
#7642
b01111001 0
#7643
b01111011 0
#7644
b01111101 0
#7645
b01111110 0
#7646
b10000000 0
#7647
b10000001 0
#7648
b10000011 0
#7649
b10000101 0
#7650
b10000110 0
#7651
b10001000 0
#7652
b10001001 0
#7653
b10001011 0
#7654
b10001101 0
#7655
b10001110 0
#7656
b10010000 0
#7657
b10010001 0
#7658
b10010011 0
#7659
b10010101 0
#7660
b10010110 0
#7661
b10011000 0
#7662
b10011001 0
#7663
b10011011 0
#7664
b10011101 0
#7665
b10011110 0
#7666
b10100000 0
#7667
b10100001 0
#7668
b10100011 0
#7669
b10100101 0
#7670
b10100110 0
#7671
b10101000 0
#7672
b10101001 0
#7673
b10101011 0
#7674
b10101101 0
#7675
b10101110 0
#7676
b10110000 0
#7677
b10110001 0
#7678
b10110011 0
#7679
b10110101 0
#7680
b10110110 0
#7681
b10111000 0
#7682
b10111001 0
#7683
b10111011 0
#7684
b10111101 0
#7685
b10111110 0
#7686
b11000000 0
#7687
b11000001 0
#7688
b11000011 0
#7689
b11000101 0
#7690
b11000110 0
#7691
b11001000 0
#7692
b11001001 0
#7693
b11001011 0
#7694
b11001101 0
#7695
b11001110 0
#7696
b11010000 0
#7697
b11010001 0
#7698
b11010011 0
#7699
b11010101 0
#7700
b11010110 0
#7701
b11011000 0
#7702
b11011001 0
#7703
b11011011 0
#7704
b11011101 0
#7705
b11011110 0
#7706
b11100000 0
#7707
b11100001 0
#7708
b11100011 0
#7709
b11100101 0
#7710
b11100110 0
#7711
b11101000 0
#7712
b11101001 0
#7713
b11101011 0
#7714
b11101101 0
#7715
b11101110 0
#7716
b11110000 0
#7717
b11110001 0
#7718
b11110011 0
#7719
b11110101 0
#7720
b11110110 0
#7721
b11111000 0
#7722
b11111001 0
#7723
b11111011 0
#7724
b11111101 0
#7725
b11111110 0
#7726
b11111111 0
#7815
116
11f
b0001 2a
#7816
119
01f
#7817
124
b0011100001101010001011100110011000111010011001100011101101110000 27
129
b1000 2b
#7818
b0000000000000000 21
b0011101001110000001110010110101100111010011100010011010101100111 27
#7819
b0011101101101100001101000111000000110100011100100011100101110001 27
#7820
b0011100001111000001110010110110000110101011010110011101001110110 27
#7821
024
b0000000000000000000000000000000000000000000000000000000000000000 27
029
b0000 2b
#7822
b0000000000000001 21
124
b0011111101101100001110010110100000110101011011100011101001110100 27
129
b1000 2b
#7823
b0000000000000000 21
024
b0000000000000000000000000000000000000000000000000000000000000000 27
029
b0000 2b
#7824
b0000000000000001 21
124
b0011010110000001001111010111011000111000011001010011011110000000 27
129
b1000 2b
#7825
b0000000000000000 21
024
b0000000000000000000000000000000000000000000000000000000000000000 27
029
b0000 2b
#7826
b0000000000000001 21
124
b0011101101111011001101000111010000111010011010000011010001110110 27
129
b1000 2b
#7827
b0000000000000000 21
b0100000101111110001110000110010000111111011011000011101101110011 27
#7828
024
b0000000000000000000000000000000000000000000000000000000000000000 27
029
b0000 2b
#7829
b0000000000000001 21
124
b0101101010010101001111001000010000111111011111000011101101111110 27
129
b1000 2b
#7830
b0000000000000000 21
024
b0000000000000000000000000000000000000000000000000000000000000000 27
029
b0000 2b
#7831
b0000000000000001 21
124
b0011101001110000111111111111111111111111111111111011011011001100 27
129
b1000 2b
#7832
b0000000000000000 21
024
b0000000000000000000000000000000000000000000000000000000000000000 27
029
b0000 2b
#7833
b0000000000000001 21
124
b0011101101101100001101000111000000110100011100100011100101110001 27
129
b1000 2b
#7834
b0000000000000000 21
b0011100001111000001110010110110000110101011010110011101001110110 27
#7835
024
b0000000000000000000000000000000000000000000000000000000000000000 27
029
b0000 2b
#7836
b0000000000000001 21
124
b0011111101101100001110010110100000110101011011100011101001110100 27
129
b1000 2b
#7837
b0000000000000000 21
024
b0000000000000000000000000000000000000000000000000000000000000000 27
029
b0000 2b
#7838
b0000000000000001 21
124
b0011010110000001001111010111011000111000011001010011011110000000 27
129
b1000 2b
#7839
b0000000000000000 21
024
b0000000000000000000000000000000000000000000000000000000000000000 27
029
b0000 2b
#7840
b0000000000000001 21
124
b0011101101111011001101000111010000111010011010000011010001110110 27
129
b1000 2b
#7841
b0000000000000000 21
b0100000101111110001110000110010000111111011011000011101101110011 27
#7842
024
b0000000000000000000000000000000000000000000000000000000000000000 27
029
b0000 2b
#7843
b0000000000000001 21
124
b0101101010010101001111001000010000111111011111000011101101111110 27
129
b1000 2b
#7844
b0000000000000000 21
024
b0000000000000000000000000000000000000000000000000000000000000000 27
029
b0000 2b
#7845
b0000000000000001 21
124
b1111111111111111111111111111111111111111111111111011011011001100 27
129
b1000 2b
#7846
b0000000000000000 21
024
b0000000000000000000000000000000000000000000000000000000000000000 27
029
b0000 2b
#7847
b0000000000000001 21
124
b1111111111111111111111111111111111111111111111111111111111111111 27
129
b1000 2b
#7848
b0000000000000000 21
#7849
024
b0000000000000000000000000000000000000000000000000000000000000000 27
029
b0000 2b
#7850
b0000000000000001 21
124
b1111111111111111111111111111111111111111111111111111111111111111 27
129
b1000 2b
#7851
b0000000000000000 21
024
b0000000000000000000000000000000000000000000000000000000000000000 27
029
b0000 2b
#7852
b0000000000000001 21
124
b1111111111111111111111111111111111111111111111111111111111111111 27
129
b1000 2b
#7853
b0000000000000000 21
024
b0000000000000000000000000000000000000000000000000000000000000000 27
029
b0000 2b
#7854
b0000000000000001 21
124
b1111111111111111111111111111111111111111111111111111111111111111 27
129
b1000 2b
#7855
b0000000000000000 21
024
b0000000000000000000000000000000000000000000000000000000000000000 27
029
b0000 2b
#7856
b0000000000000001 21
124
b1111111111111111111111111111111111111111111111111111111111111111 27
129
b1000 2b
#7857
b0000000000000000 21
#7858
024
b0000000000000000000000000000000000000000000000000000000000000000 27
029
b0000 2b
#7859
b0000000000000001 21
124
b1111111111111111111111111111111111111111111111111111111111111111 27
129
b1000 2b
#7860
b0000000000000000 21
024
b0000000000000000000000000000000000000000000000000000000000000000 27
029
b0000 2b
#7861
b0000000000000001 21
124
b1111111111111111111111111111111111111111111111111111111111111111 27
129
b1000 2b
#7862
b0000000000000000 21
024
b0000000000000000000000000000000000000000000000000000000000000000 27
029
b0000 2b
#7863
b0000000000000001 21
#7864
b0000000000000010 21
124
b1111111111111111111111111111111111111111111111111111111111111111 27
129
b1000 2b
#7865
b0000000000000000 21
024
029
b0000 2b
#7866
016
b0000000000000001 21
b0000 2a
#7867
019
b0000000000000010 21
b0000000000000000000000000000000000000000000000000000000000000000 27
#7868
b0000000000000011 21
#7869
b0000000000000100 21
#7870
b0000000000000101 21
#7871
b0000000000000110 21
#7872
b0000000000000111 21
#7873
b0000000000001000 21
#7874
b0000000000001001 21
#7875
b0000000000001010 21
#7876
115
b0000000000000110 1a
b0000000000000000 21
123
025
#7877
015
b0000000000000001 21
#7878
b01110000 2
15
b01110000 b
1e
114
b01110000 20
b0000000000000010 21
#7879
b01110000 1
14
05
1a
0e
014
b0000000000000011 21
#7880
b00000000 0
b00111011 2
04
15
06
0a
b00111011 b
1e
114
b00111011 20
b0000000000000100 21
#7881
b00000010 0
b00111011 1
13
05
1a
0e
014
b0000000000000101 21
#7882
b00000011 0
b01100110 2
03
14
15
b01100110 b
1e
114
b01100110 20
b0000000000000110 21
#7883
b00000001 0
b01100110 1
13
04
05
0e
014
b0000000000000111 21
#7884
b00000000 0
b00101010 1
b00111010 2
15
0a
b00111010 b
1e
114
b00111010 20
b0000000000001000 21
#7885
b00000001 0
b00111010 1
05
1a
0e
014
b0000000000001001 21
#7886
b00000000 0
b01100110 2
03
15
0a
b01100110 b
1e
114
b01100110 20
b0000000000001010 21
#7887
b00000001 0
b01100110 1
13
05
0e
014
b0000000000000000 21
#7888
b00000000 0
b00101110 2
03
15
b00101110 b
1e
114
b00101110 20
b0000000000000001 21
#7889
b00000010 0
b00101110 1
14
05
1a
0e
014
b0000000000000010 21
#7890
b00000000 0
b01101010 2
04
15
0a
b01101010 b
1e
114
b01101010 20
b0000000000000011 21
#7891
b00000010 0
b01101010 1
13
05
1a
0e
014
b0000000000000100 21
#7892
b00000011 0
b00111000 2
03
14
15
b00111000 b
1e
114
b00111000 20
b0000000000000101 21
#7893
b00000001 0
b00111000 1
13
04
05
0e
014
b0000000000000110 21
#7894
b00000000 0
b01110111 1
b01100111 2
15
0a
b01100111 b
1e
114
b01100111 20
b0000000000000111 21
#7895
b00000001 0
b01100111 1
05
1a
0e
014
b0000000000001000 21
#7896
b00000000 0
b00110101 2
03
15
0a
b00110101 b
1e
114
b00110101 20
b0000000000001001 21
#7897
b00000001 0
b00110101 1
13
05
0e
014
b0000000000001010 21
#7898
b00000000 0
b01110001 2
03
15
b01110001 b
1e
114
b01110001 20
#7899
b00000010 0
b01110001 1
14
05
1a
0e
014
#7900
b00000000 0
b00111010 2
04
15
0a
b00111010 b
1e
114
b00111010 20
#7901
b00000010 0
b00111010 1
13
05
1a
0e
014
#7902
b00000011 0
b01101011 2
03
14
15
b01101011 b
1e
114
b01101011 20
#7903
b00000001 0
b01101011 1
13
04
05
0e
014
#7904
b00000000 0
b00101001 1
b00111001 2
15
0a
b00111001 b
1e
114
b00111001 20
#7905
b00000001 0
b00111001 1
05
1a
0e
014
#7906
b00000000 0
b01110000 2
03
15
0a
b01110000 b
1e
114
b01110000 20
#7907
b00000001 0
b01110000 1
13
05
0e
014
#7908
b00000000 0
b00111010 2
03
15
b00111010 b
1e
114
b00111010 20
#7909
b00000010 0
b00111010 1
14
05
1a
0e
014
#7910
b00000000 0
b01110001 2
04
15
0a
b01110001 b
1e
114
b01110001 20
#7911
b00000010 0
b01110001 1
13
05
1a
0e
014
#7912
b00000011 0
b00111001 2
03
14
15
b00111001 b
1e
114
b00111001 20
#7913
b00000001 0
b00111001 1
13
04
05
0e
014
#7914
b00000000 0
b01110010 1
b01110010 2
15
0a
b01110010 b
1e
114
b01110010 20
#7915
b00000001 0
05
1a
0e
014
#7916
b00000000 0
b00110100 2
03
15
0a
b00110100 b
1e
114
b00110100 20
#7917
b00000001 0
b00110100 1
13
05
0e
014
#7918
b00000000 0
b01110000 2
03
15
b01110000 b
1e
114
b01110000 20
#7919
b00000010 0
b01110000 1
14
05
1a
0e
014
#7920
b00000000 0
b00110100 2
04
15
0a
b00110100 b
1e
114
b00110100 20
#7921
b00000010 0
b00110100 1
13
05
1a
0e
014
#7922
b00000011 0
b01101100 2
03
14
15
b01101100 b
1e
114
b01101100 20
#7923
b00000001 0
b01101100 1
13
04
05
0e
014
#7924
b00000000 0
b00101011 1
b00111011 2
15
0a
b00111011 b
1e
114
b00111011 20
#7925
b00000001 0
b00111011 1
05
1a
0e
014
#7926
b00000000 0
b01110110 2
03
15
0a
b01110110 b
1e
114
b01110110 20
#7927
b00000001 0
b01110110 1
13
05
0e
014
#7928
b00000000 0
b00111010 2
03
15
b00111010 b
1e
114
b00111010 20
#7929
b00000010 0
b00111010 1
14
05
1a
0e
014
#7930
b00000000 0
b01101011 2
04
15
0a
b01101011 b
1e
114
b01101011 20
#7931
b00000010 0
b01101011 1
13
05
1a
0e
014
#7932
b00000011 0
b00110101 2
03
14
15
b00110101 b
1e
114
b00110101 20
#7933
b00000001 0
b00110101 1
13
04
05
0e
014
#7934
b00000000 0
b01111100 1
b01101100 2
15
0a
b01101100 b
1e
114
b01101100 20
#7935
b00000001 0
b01101100 1
05
1a
0e
014
#7936
b00000000 0
b00111001 2
03
15
0a
b00111001 b
1e
114
b00111001 20
#7937
b00000001 0
b00111001 1
13
05
0e
014
#7938
b00000000 0
b01111000 2
03
15
b01111000 b
1e
114
b01111000 20
#7939
b00000010 0
b01111000 1
14
05
1a
0e
014
#7940
b00000000 0
b00111000 2
04
15
0a
b00111000 b
1e
114
b00111000 20
#7941
b00000010 0
b00111000 1
13
05
1a
0e
014
#7942
b00000011 0
b01110100 2
03
14
15
b01110100 b
1e
114
b01110100 20
#7943
b00000001 0
b01110100 1
13
04
05
0e
014
#7944
b00000000 0
b00111010 1
b00111010 2
15
0a
b00111010 b
1e
114
b00111010 20
#7945
b00000001 0
05
1a
0e
014
#7946
b00000000 0
b01101110 2
03
15
0a
b01101110 b
1e
114
b01101110 20
#7947
b00000001 0
b01101110 1
13
05
0e
014
#7948
b00000000 0
b00110101 2
03
15
b00110101 b
1e
114
b00110101 20
#7949
b00000010 0
b00110101 1
14
05
1a
0e
014
#7950
b00000000 0
b01101000 2
04
15
0a
b01101000 b
1e
114
b01101000 20
#7951
b00000010 0
b01101000 1
13
05
1a
0e
014
#7952
b00000011 0
b00111001 2
03
14
15
b00111001 b
1e
114
b00111001 20
#7953
b00000001 0
b00111001 1
13
04
05
0e
014
#7954
b00000000 0
b01111100 1
b01101100 2
15
0a
b01101100 b
1e
114
b01101100 20
#7955
b00000001 0
b01101100 1
05
1a
0e
014
#7956
b00000000 0
b00111111 2
03
15
0a
b00111111 b
1e
114
b00111111 20
#7957
b00000001 0
b00111111 1
13
05
0e
014
#7958
b00000000 0
b10000000 2
03
15
b10000000 b
1e
114
b10000000 20
#7959
b00000010 0
b10000000 1
14
05
1a
0e
014
#7960
b00000000 0
b00110111 2
04
15
0a
b00110111 b
1e
114
b00110111 20
#7961
b00000010 0
b00110111 1
13
05
1a
0e
014
#7962
b00000011 0
b01100101 2
03
14
15
b01100101 b
1e
114
b01100101 20
#7963
b00000001 0
b01100101 1
13
04
05
0e
014
#7964
b00000000 0
b00101000 1
b00111000 2
15
0a
b00111000 b
1e
114
b00111000 20
#7965
b00000001 0
b00111000 1
05
1a
0e
014
#7966
b00000000 0
b01110110 2
03
15
0a
b01110110 b
1e
114
b01110110 20
#7967
b00000001 0
b01110110 1
13
05
0e
014
#7968
b00000000 0
b00111101 2
03
15
b00111101 b
1e
114
b00111101 20
#7969
b00000010 0
b00111101 1
14
05
1a
0e
014
#7970
b00000000 0
b10000001 2
04
15
0a
b10000001 b
1e
114
b10000001 20
#7971
b00000010 0
b10000001 1
13
05
1a
0e
014
#7972
b00000011 0
b00110101 2
03
14
15
b00110101 b
1e
114
b00110101 20
#7973
b00000001 0
b00110101 1
13
04
05
0e
014
#7974
b00000000 0
b01110110 1
b01110110 2
15
0a
b01110110 b
1e
114
b01110110 20
#7975
b00000001 0
05
1a
0e
014
#7976
b00000000 0
b00110100 2
03
15
0a
b00110100 b
1e
114
b00110100 20
#7977
b00000001 0
b00110100 1
13
05
0e
014
#7978
b00000000 0
b01101000 2
03
15
b01101000 b
1e
114
b01101000 20
#7979
b00000010 0
b01101000 1
14
05
1a
0e
014
#7980
b00000000 0
b00111010 2
04
15
0a
b00111010 b
1e
114
b00111010 20
#7981
b00000010 0
b00111010 1
13
05
1a
0e
014
#7982
b00000011 0
b01110100 2
03
14
15
b01110100 b
1e
114
b01110100 20
#7983
b00000001 0
b01110100 1
13
04
05
0e
014
#7984
b00000000 0
b00110100 1
b00110100 2
15
0a
b00110100 b
1e
114
b00110100 20
#7985
b00000001 0
05
1a
0e
014
#7986
b00000000 0
b01111011 2
03
15
0a
b01111011 b
1e
114
b01111011 20
#7987
b00000001 0
b01111011 1
13
05
0e
014
#7988
b00000000 0
b00111011 2
03
15
b00111011 b
1e
114
b00111011 20
#7989
b00000010 0
b00111011 1
14
05
1a
0e
014
#7990
b00000000 0
b01110011 2
04
15
0a
b01110011 b
1e
114
b01110011 20
#7991
b00000010 0
b01110011 1
13
05
1a
0e
014
#7992
b00000011 0
b00111011 2
03
14
15
b00111011 b
1e
114
b00111011 20
#7993
b00000001 0
b00111011 1
13
04
05
0e
014
#7994
b00000000 0
b01111100 1
b01101100 2
15
0a
b01101100 b
1e
114
b01101100 20
#7995
b00000001 0
b01101100 1
05
1a
0e
014
#7996
b00000000 0
b00111111 2
03
15
0a
b00111111 b
1e
114
b00111111 20
#7997
b00000001 0
b00111111 1
13
05
0e
014
#7998
b00000000 0
b01100100 2
03
15
b01100100 b
1e
114
b01100100 20
#7999
b00000010 0
b01100100 1
14
05
1a
0e
014
#8000
b00000000 0
b00111000 2
04
15
0a
b00111000 b
1e
114
b00111000 20
#8001
b00000010 0
b00111000 1
13
05
1a
0e
014
#8002
b00000011 0
b01111110 2
03
14
15
b01111110 b
1e
114
b01111110 20
#8003
b00000001 0
b01111110 1
13
04
05
0e
014
#8004
b00000000 0
b01010001 1
b01000001 2
15
0a
b01000001 b
1e
114
b01000001 20
#8005
b00000001 0
b01000001 1
05
1a
0e
014
#8006
b00000000 0
b01111110 2
03
15
0a
b01111110 b
1e
114
b01111110 20
#8007
b00000001 0
b01111110 1
13
05
0e
014
#8008
b00000000 0
b00111011 2
03
15
b00111011 b
1e
114
b00111011 20
#8009
b00000010 0
b00111011 1
14
05
1a
0e
014
#8010
b00000000 0
b01111100 2
04
15
0a
b01111100 b
1e
114
b01111100 20
#8011
b00000010 0
b01111100 1
13
05
1a
0e
014
#8012
b00000011 0
b00111111 2
03
14
15
b00111111 b
1e
114
b00111111 20
#8013
b00000001 0
b00111111 1
13
04
05
0e
014
#8014
b00000000 0
b10010100 1
b10000100 2
15
0a
b10000100 b
1e
114
b10000100 20
#8015
b00000001 0
b10000100 1
05
1a
0e
014
#8016
b00000000 0
b00111100 2
03
15
0a
b00111100 b
1e
114
b00111100 20
#8017
b00000001 0
b00111100 1
13
05
0e
014
#8018
b00000000 0
b10010101 2
03
15
b10010101 b
1e
114
b10010101 20
#8019
b00000010 0
b10010101 1
14
05
1a
0e
014
#8020
b00000000 0
b01011010 2
04
15
0a
b01011010 b
1e
114
b01011010 20
#8021
b00000010 0
b01011010 1
13
05
1a
0e
014
#8022
b00000011 0
b11001100 2
03
14
15
b11001100 b
1e
114
b11001100 20
#8023
b00000001 0
b11001100 1
13
04
05
0e
014
#8024
b00000000 0
b10100110 1
b10110110 2
15
0a
b10110110 b
1e
114
b10110110 20
#8025
b00000001 0
b10110110 1
05
1a
0e
014
#8026
b00000000 0
b11111111 2
03
15
0a
b11111111 b
1e
114
b11111111 20
#8027
b00000001 0
b11111111 1
13
05
0e
014
#8028
b00000000 0
03
15
1e
114
#8029
b00000010 0
14
05
1a
0e
014
#8030
b00000000 0
04
15
0a
1e
114
#8031
b00000010 0
13
05
1a
0e
014
#8032
b00000011 0
03
14
15
1e
114
#8033
b00000001 0
13
04
05
0e
014
#8034
b00000000 0
b01110000 1
b01110000 2
15
0a
b01110000 b
1e
114
b01110000 20
#8035
b00000001 0
05
1a
0e
014
#8036
b00000000 0
b00111010 2
03
15
0a
b00111010 b
1e
114
b00111010 20
#8037
b00000001 0
b00111010 1
13
05
0e
014
#8038
b00000000 0
b01110001 2
03
15
b01110001 b
1e
114
b01110001 20
#8039
b00000010 0
b01110001 1
14
05
1a
0e
014
#8040
b00000000 0
b00111001 2
04
15
0a
b00111001 b
1e
114
b00111001 20
#8041
b00000010 0
b00111001 1
13
05
1a
0e
014
#8042
b00000011 0
b01110010 2
03
14
15
b01110010 b
1e
114
b01110010 20
#8043
b00000001 0
b01110010 1
13
04
05
0e
014
#8044
b00000000 0
b00110100 1
b00110100 2
15
0a
b00110100 b
1e
114
b00110100 20
#8045
b00000001 0
05
1a
0e
014
#8046
b00000000 0
b01110000 2
03
15
0a
b01110000 b
1e
114
b01110000 20
#8047
b00000001 0
b01110000 1
13
05
0e
014
#8048
b00000000 0
b00110100 2
03
15
b00110100 b
1e
114
b00110100 20
#8049
b00000010 0
b00110100 1
14
05
1a
0e
014
#8050
b00000000 0
b01101100 2
04
15
0a
b01101100 b
1e
114
b01101100 20
#8051
b00000010 0
b01101100 1
13
05
1a
0e
014
#8052
b00000011 0
b00111011 2
03
14
15
b00111011 b
1e
114
b00111011 20
#8053
b00000001 0
b00111011 1
13
04
05
0e
014
#8054
b00000000 0
b01110110 1
b01110110 2
15
0a
b01110110 b
1e
114
b01110110 20
#8055
b00000001 0
05
1a
0e
014
#8056
b00000000 0
b00111010 2
03
15
0a
b00111010 b
1e
114
b00111010 20
#8057
b00000001 0
b00111010 1
13
05
0e
014
#8058
b00000000 0
b01101011 2
03
15
b01101011 b
1e
114
b01101011 20
#8059
b00000010 0
b01101011 1
14
05
1a
0e
014
#8060
b00000000 0
b00110101 2
04
15
0a
b00110101 b
1e
114
b00110101 20
#8061
b00000010 0
b00110101 1
13
05
1a
0e
014
#8062
b00000011 0
b01101100 2
03
14
15
b01101100 b
1e
114
b01101100 20
#8063
b00000001 0
b01101100 1
13
04
05
0e
014
#8064
b00000000 0
b00101001 1
b00111001 2
15
0a
b00111001 b
1e
114
b00111001 20
#8065
b00000001 0
b00111001 1
05
1a
0e
014
#8066
b00000000 0
b01111000 2
03
15
0a
b01111000 b
1e
114
b01111000 20
#8067
b00000001 0
b01111000 1
13
05
0e
014
#8068
b00000000 0
b00111000 2
03
15
b00111000 b
1e
114
b00111000 20
#8069
b00000010 0
b00111000 1
14
05
1a
0e
014
#8070
b00000000 0
b01110100 2
04
15
0a
b01110100 b
1e
114
b01110100 20
#8071
b00000010 0
b01110100 1
13
05
1a
0e
014
#8072
b00000011 0
b00111010 2
03
14
15
b00111010 b
1e
114
b00111010 20
#8073
b00000001 0
b00111010 1
13
04
05
0e
014
#8074
b00000000 0
b01111110 1
b01101110 2
15
0a
b01101110 b
1e
114
b01101110 20
#8075
b00000001 0
b01101110 1
05
1a
0e
014
#8076
b00000000 0
b00110101 2
03
15
0a
b00110101 b
1e
114
b00110101 20
#8077
b00000001 0
b00110101 1
13
05
0e
014
#8078
b00000000 0
b01101000 2
03
15
b01101000 b
1e
114
b01101000 20
#8079
b00000010 0
b01101000 1
14
05
1a
0e
014
#8080
b00000000 0
b00111001 2
04
15
0a
b00111001 b
1e
114
b00111001 20
#8081
b00000010 0
b00111001 1
13
05
1a
0e
014
#8082
b00000011 0
b01101100 2
03
14
15
b01101100 b
1e
114
b01101100 20
#8083
b00000001 0
b01101100 1
13
04
05
0e
014
#8084
b00000000 0
b00101111 1
b00111111 2
15
0a
b00111111 b
1e
114
b00111111 20
#8085
b00000001 0
b00111111 1
05
1a
0e
014
#8086
b00000000 0
b10000000 2
03
15
0a
b10000000 b
1e
114
b10000000 20
#8087
b00000001 0
b10000000 1
13
05
0e
014
#8088
b00000000 0
b00110111 2
03
15
b00110111 b
1e
114
b00110111 20
#8089
b00000010 0
b00110111 1
14
05
1a
0e
014
#8090
b00000000 0
b01100101 2
04
15
0a
b01100101 b
1e
114
b01100101 20
#8091
b00000010 0
b01100101 1
13
05
1a
0e
014
#8092
b00000011 0
b00111000 2
03
14
15
b00111000 b
1e
114
b00111000 20
#8093
b00000001 0
b00111000 1
13
04
05
0e
014
#8094
b00000000 0
b01110110 1
b01110110 2
15
0a
b01110110 b
1e
114
b01110110 20
#8095
b00000001 0
05
1a
0e
014
#8096
b00000000 0
b00111101 2
03
15
0a
b00111101 b
1e
114
b00111101 20
#8097
b00000001 0
b00111101 1
13
05
0e
014
#8098
b00000000 0
b10000001 2
03
15
b10000001 b
1e
114
b10000001 20
#8099
b00000010 0
b10000001 1
14
05
1a
0e
014
#8100
b00000000 0
b00110101 2
04
15
0a
b00110101 b
1e
114
b00110101 20
#8101
b00000010 0
b00110101 1
13
05
1a
0e
014
#8102
b00000011 0
b01110110 2
03
14
15
b01110110 b
1e
114
b01110110 20
#8103
b00000001 0
b01110110 1
13
04
05
0e
014
#8104
b00000000 0
b00110100 1
b00110100 2
15
0a
b00110100 b
1e
114
b00110100 20
#8105
b00000001 0
05
1a
0e
014
#8106
b00000000 0
b01101000 2
03
15
0a
b01101000 b
1e
114
b01101000 20
#8107
b00000001 0
b01101000 1
13
05
0e
014
#8108
b00000000 0
b00111010 2
03
15
b00111010 b
1e
114
b00111010 20
#8109
b00000010 0
b00111010 1
14
05
1a
0e
014
#8110
b00000000 0
b01110100 2
04
15
0a
b01110100 b
1e
114
b01110100 20
#8111
b00000010 0
b01110100 1
13
05
1a
0e
014
#8112
b00000011 0
b00110100 2
03
14
15
b00110100 b
1e
114
b00110100 20
#8113
b00000001 0
b00110100 1
13
04
05
0e
014
#8114
b00000000 0
b01111011 1
b01111011 2
15
0a
b01111011 b
1e
114
b01111011 20
#8115
b00000001 0
05
1a
0e
014
#8116
b00000000 0
b00111011 2
03
15
0a
b00111011 b
1e
114
b00111011 20
#8117
b00000001 0
b00111011 1
13
05
0e
014
#8118
b00000000 0
b01110011 2
03
15
b01110011 b
1e
114
b01110011 20
#8119
b00000010 0
b01110011 1
14
05
1a
0e
014
#8120
b00000000 0
b00111011 2
04
15
0a
b00111011 b
1e
114
b00111011 20
#8121
b00000010 0
b00111011 1
13
05
1a
0e
014
#8122
b00000011 0
b01101100 2
03
14
15
b01101100 b
1e
114
b01101100 20
#8123
b00000001 0
b01101100 1
13
04
05
0e
014
#8124
b00000000 0
b00101111 1
b00111111 2
15
0a
b00111111 b
1e
114
b00111111 20
#8125
b00000001 0
b00111111 1
05
1a
0e
014
#8126
b00000000 0
b01100100 2
03
15
0a
b01100100 b
1e
114
b01100100 20
#8127
b00000001 0
b01100100 1
13
05
0e
014
#8128
b00000000 0
b00111000 2
03
15
b00111000 b
1e
114
b00111000 20
#8129
b00000010 0
b00111000 1
14
05
1a
0e
014
#8130
b00000000 0
b01111110 2
04
15
0a
b01111110 b
1e
114
b01111110 20
#8131
b00000010 0
b01111110 1
13
05
1a
0e
014
#8132
b00000011 0
b01000001 2
03
14
15
b01000001 b
1e
114
b01000001 20
#8133
b00000001 0
b01000001 1
13
04
05
0e
014
#8134
b00000000 0
b01101110 1
b01111110 2
15
0a
b01111110 b
1e
114
b01111110 20
#8135
b00000001 0
b01111110 1
05
1a
0e
014
#8136
b00000000 0
b00111011 2
03
15
0a
b00111011 b
1e
114
b00111011 20
#8137
b00000001 0
b00111011 1
13
05
0e
014
#8138
b00000000 0
b01111100 2
03
15
b01111100 b
1e
114
b01111100 20
#8139
b00000010 0
b01111100 1
14
05
1a
0e
014
#8140
b00000000 0
b00111111 2
04
15
0a
b00111111 b
1e
114
b00111111 20
#8141
b00000010 0
b00111111 1
13
05
1a
0e
014
#8142
b00000011 0
b10000100 2
03
14
15
b10000100 b
1e
114
b10000100 20
#8143
b00000001 0
b10000100 1
13
04
05
0e
014
#8144
b00000000 0
b00101100 1
b00111100 2
15
0a
b00111100 b
1e
114
b00111100 20
#8145
b00000001 0
b00111100 1
05
1a
0e
014
#8146
b00000000 0
b10010101 2
03
15
0a
b10010101 b
1e
114
b10010101 20
#8147
b00000001 0
b10010101 1
13
05
0e
014
#8148
b00000000 0
b01011010 2
03
15
b01011010 b
1e
114
b01011010 20
#8149
b00000010 0
b01011010 1
14
05
1a
0e
014
#8150
b00000000 0
b11001100 2
04
15
0a
b11001100 b
1e
114
b11001100 20
#8151
b00000010 0
b11001100 1
13
05
1a
0e
014
#8152
b00000011 0
b10110110 2
03
14
15
b10110110 b
1e
114
b10110110 20
#8153
b00000001 0
b10110110 1
13
04
05
0e
014
#8154
b00000000 0
b11111111 1
b11111111 2
15
0a
b11111111 b
1e
114
b11111111 20
#8155
b00000001 0
05
1a
0e
014
#8156
b00000000 0
03
15
0a
1e
114
#8157
b00000001 0
13
05
0e
014
#8158
b00000000 0
03
15
1e
114
#8159
b00000010 0
14
05
1a
0e
014
#8160
b00000000 0
04
15
0a
1e
114
#8161
b00000010 0
13
05
1a
0e
014
#8162
b00000011 0
03
14
15
1e
114
#8163
b00000001 0
13
04
05
0e
014
#8164
b00000000 0
15
0a
1e
114
#8165
b00000001 0
05
1a
0e
014
#8166
b00000000 0
03
15
0a
1e
114
#8167
b00000001 0
13
05
0e
014
#8168
b00000000 0
03
15
1e
114
#8169
b00000010 0
14
05
1a
0e
014
#8170
b00000000 0
04
15
0a
1e
114
#8171
b00000010 0
13
05
1a
0e
014
#8172
b00000011 0
03
14
15
1e
114
#8173
b00000001 0
13
04
05
0e
014
#8174
b00000000 0
15
0a
1e
114
#8175
b00000001 0
05
1a
0e
014
#8176
b00000000 0
03
15
0a
1e
114
#8177
b00000001 0
13
05
0e
014
#8178
b00000000 0
03
15
1e
114
#8179
b00000010 0
14
05
1a
0e
014
#8180
b00000000 0
04
15
0a
1e
114
#8181
b00000010 0
13
05
1a
0e
014
#8182
b00000011 0
03
14
15
1e
114
#8183
b00000001 0
13
04
05
0e
014
#8184
b00000000 0
15
0a
1e
114
#8185
b00000001 0
05
1a
0e
014
#8186
b00000000 0
03
15
0a
1e
114
#8187
b00000001 0
13
05
0e
014
#8188
b00000000 0
03
15
1e
114
#8189
b00000010 0
14
05
1a
0e
014
#8190
b00000000 0
04
15
0a
1e
114
#8191
b00000010 0
b11111111 1
b11111111 2
13
04
05
06
07
b100 8
09
1a
b11111111 b
0c
0d
0e
0f
010
111
012
013
014
015
016
017
018
019
b0000000000000110 1a
01b
11c
11d
01e
01f
b11111111 20
b0000000000001010 21
122
123
024
025
026
b0000000000000000000000000000000000000000000000000000000000000000 27
b101010 28
029
b0000 2a
b0000 2b
$end
