Fri August 15 25 17:45:24 - Starting Efinity IP Manager RPC Service...

Fri August 15 25 17:45:28 - IP Manager RPC Server Connected.

DEBUG    : Initialising Efx::ConcurrencyControl with 4 threads [Debug]

INFO     : --max_threads set to 4 

Fri August 15 25 17:46:02 - Project loaded VM : 550.544 MB RSS : 225.516 MB

Fri August 15 25 17:46:12 - Running Efinity Debugger...

Fri August 15 25 19:16:29 - Efinity Debugger finished. Exit code = 0 Exit status : Normal

Fri August 15 25 19:16:36 - Running Efinity Debugger...

Fri August 15 25 19:28:23 - Efinity Debugger finished. Exit code = 0 Exit status : Normal

Fri August 15 25 19:28:27 - Running Efinity Debugger...

Fri August 15 25 19:32:24 - Efinity Debugger finished. Exit code = 0 Exit status : Normal

Fri August 15 25 19:32:26 - Running Efinity Debugger...

Fri August 15 25 19:35:23 - Efinity Debugger finished. Exit code = 0 Exit status : Normal

Fri August 15 25 19:35:25 - Running Efinity Debugger...

Fri August 15 25 19:45:17 - Efinity Debugger finished. Exit code = 0 Exit status : Normal

Fri August 15 25 19:45:35 - Running Efinity Debugger...

Fri August 15 25 19:58:21 - Running automated flow starting from synthesis...



Fri August 15 25 19:58:21 - Floorplan closed VM : 545.42 MB RSS : 255.212 MB



-------------------------------------------------------------------------

Synthesis

-------------------------------------------------------------------------

Fri August 15 25 19:58:21 - Synthesis flow working directory is /home/olle/efinity_p2/BRAM/work_syn


INFO     : --max_threads set to 4 

INFO     : Deleting any pre-existing troute trace files

INFO     : Deleting any pre-existing troute trace files

INFO     : Deleting any pre-existing troute trace files

Fri August 15 25 19:58:22 - /home/olle/efinix/efinity/2025.1/bin/efx_map --project "BRAM" --root "top_level" --write-efx-verilog "/home/olle/efinity_p2/BRAM/outflow/BRAM.map.v" --write-premap-module "/home/olle/efinity_p2/BRAM/outflow/BRAM.elab.vdb" --binary-db "/home/olle/efinity_p2/BRAM/outflow/BRAM.vdb" --device "T20F169" --family "Trion" --veri_option "verilog_mode=verilog_2k,vhdl_mode=vhdl_2008" --work-dir "/home/olle/efinity_p2/BRAM/work_syn" --output-dir "/home/olle/efinity_p2/BRAM/outflow" --project-xml "/home/olle/efinity_p2/BRAM/BRAM.xml" --I "/home/olle/efinity_p2/BRAM" --I "/home/olle/efinity_p2/BRAM/ip/BRAM_8192_bytes" --I "/home/olle/efinity_p2/BRAM/ip/micro_risc_v1"

Fri August 15 25 19:58:22 - Running /home/olle/efinix/efinity/2025.1/bin/efx_map...

INFO     : Efinix FPGA Synthesis.


INFO     : Version: 2025.1.110.2.15


INFO     : Compiled: Jun 21 2025.


INFO     : 


INFO     : Copyright (C) 2013 - 2025 Efinix, Inc. All rights reserved.



INFO     : Reading project database "/home/olle/efinity_p2/BRAM/BRAM.xml"


INFO     : Analyzing Verilog file '/home/olle/efinix/efinity/2025.1/sim_models/maplib/efinix_peri_lib.v' [VERI-1482]


INFO     : /home/olle/efinix/efinity/2025.1/sim_models/maplib/efinix_peri_lib.v(8): compiling module 'EFX_IBUF' [VERI-1018]


INFO     : /home/olle/efinix/efinity/2025.1/sim_models/maplib/efinix_peri_lib.v(16): compiling module 'EFX_OBUF' [VERI-1018]


INFO     : /home/olle/efinix/efinity/2025.1/sim_models/maplib/efinix_peri_lib.v(23): compiling module 'EFX_IO_BUF' [VERI-1018]


INFO     : /home/olle/efinix/efinity/2025.1/sim_models/maplib/efinix_peri_lib.v(33): compiling module 'EFX_CLKOUT' [VERI-1018]


INFO     : /home/olle/efinix/efinity/2025.1/sim_models/maplib/efinix_peri_lib.v(41): compiling module 'EFX_IREG' [VERI-1018]


INFO     : /home/olle/efinix/efinity/2025.1/sim_models/maplib/efinix_peri_lib.v(51): compiling module 'EFX_OREG' [VERI-1018]


INFO     : /home/olle/efinix/efinity/2025.1/sim_models/maplib/efinix_peri_lib.v(60): compiling module 'EFX_IOREG' [VERI-1018]


INFO     : /home/olle/efinix/efinity/2025.1/sim_models/maplib/efinix_peri_lib.v(75): compiling module 'EFX_IDDIO' [VERI-1018]


INFO     : /home/olle/efinix/efinity/2025.1/sim_models/maplib/efinix_peri_lib.v(87): compiling module 'EFX_ODDIO' [VERI-1018]


INFO     : /home/olle/efinix/efinity/2025.1/sim_models/maplib/efinix_peri_lib.v(99): compiling module 'EFX_GPIO_V1' [VERI-1018]


INFO     : /home/olle/efinix/efinity/2025.1/sim_models/maplib/efinix_peri_lib.v(124): compiling module 'EFX_GPIO_V2' [VERI-1018]


INFO     : /home/olle/efinix/efinity/2025.1/sim_models/maplib/efinix_peri_lib.v(149): compiling module 'EFX_GPIO_V3' [VERI-1018]


INFO     : /home/olle/efinix/efinity/2025.1/sim_models/maplib/efinix_peri_lib.v(186): compiling module 'EFX_PLL_V1' [VERI-1018]


INFO     : /home/olle/efinix/efinity/2025.1/sim_models/maplib/efinix_peri_lib.v(205): compiling module 'EFX_PLL_V2' [VERI-1018]


INFO     : /home/olle/efinix/efinity/2025.1/sim_models/maplib/efinix_peri_lib.v(231): compiling module 'EFX_PLL_V3' [VERI-1018]


INFO     : /home/olle/efinix/efinity/2025.1/sim_models/maplib/efinix_peri_lib.v(279): compiling module 'EFX_OSC_V1' [VERI-1018]


INFO     : /home/olle/efinix/efinity/2025.1/sim_models/maplib/efinix_peri_lib.v(285): compiling module 'EFX_OSC_V3' [VERI-1018]


INFO     : /home/olle/efinix/efinity/2025.1/sim_models/maplib/efinix_peri_lib.v(294): compiling module 'EFX_FPLL_V1' [VERI-1018]


INFO     : /home/olle/efinix/efinity/2025.1/sim_models/maplib/efinix_peri_lib.v(348): compiling module 'EFX_JTAG_V1' [VERI-1018]


INFO     : /home/olle/efinix/efinity/2025.1/sim_models/maplib/efinix_peri_lib.v(357): compiling module 'EFX_JTAG_CTRL' [VERI-1018]


INFO     : /home/olle/efinix/efinity/2025.1/sim_models/maplib/efinix_peri_lib.v(364): compiling module 'EFX_LVDS_RX_V1' [VERI-1018]


INFO     : /home/olle/efinix/efinity/2025.1/sim_models/maplib/efinix_peri_lib.v(381): compiling module 'EFX_LVDS_TX_V1' [VERI-1018]


INFO     : /home/olle/efinix/efinity/2025.1/sim_models/maplib/efinix_peri_lib.v(399): compiling module 'EFX_LVDS_RX_V2' [VERI-1018]


INFO     : /home/olle/efinix/efinity/2025.1/sim_models/maplib/efinix_peri_lib.v(426): compiling module 'EFX_LVDS_TX_V2' [VERI-1018]


INFO     : /home/olle/efinix/efinity/2025.1/sim_models/maplib/efinix_peri_lib.v(446): compiling module 'EFX_LVDS_BIDIR_V2' [VERI-1018]


INFO     : Reading project database "/home/olle/efinity_p2/BRAM/BRAM.xml"


INFO     : ***** Beginning Analysis ... *****


INFO     : default VHDL library search path is now "/home/olle/efinix/efinity/2025.1/sim_models/vhdl/packages/vhdl_2008" [VHDL-1504]


INFO     : Analyzing Verilog file '/home/olle/efinix/efinity/2025.1/sim_models/maplib/efinix_maplib.v' [VERI-1482]


INFO     : Analyzing Verilog file '/home/olle/efinix/efinity/2025.1/sim_models/maplib/efinix_peri_lib.v' [VERI-1482]


INFO     : Analyzing Verilog file '/home/olle/efinix/efinity/2025.1/sim_models/maplib/efinix_maplib.v' [VERI-1482]


INFO     : Analyzing Verilog file '/home/olle/efinix/efinity/2025.1/sim_models/maplib/efinix_peri_lib.v' [VERI-1482]


INFO     : Analyzing VHDL file '/home/olle/efinity_p2/BRAM/top_level.vhd' [VHDL-1481]


INFO     : Restoring VHDL unit 'ieee.std_logic_1164' from file '/home/olle/efinix/efinity/2025.1/sim_models/vhdl/packages/vhdl_2008/ieee/std_logic_1164.vdb' [VHDL-1493]


INFO     : Restoring VHDL unit 'std.standard' from file '/home/olle/efinix/efinity/2025.1/sim_models/vhdl/packages/vhdl_2008/std/standard.vdb' [VHDL-1493]


INFO     : Restoring VHDL unit 'std.textio' from file '/home/olle/efinix/efinity/2025.1/sim_models/vhdl/packages/vhdl_2008/std/textio.vdb' [VHDL-1493]


INFO     : Restoring VHDL unit 'ieee.numeric_std' from file '/home/olle/efinix/efinity/2025.1/sim_models/vhdl/packages/vhdl_2008/ieee/numeric_std.vdb' [VHDL-1493]


INFO     : /home/olle/efinity_p2/BRAM/top_level.vhd(6): analyzing entity 'top_level' [VHDL-1012]


INFO     : /home/olle/efinity_p2/BRAM/top_level.vhd(48): analyzing architecture 'behavior' [VHDL-1010]


INFO     : Analyzing VHDL file '/home/olle/efinity_p2/BRAM/eth_dp83825_udp.vhd' [VHDL-1481]


INFO     : /home/olle/efinity_p2/BRAM/eth_dp83825_udp.vhd(6): analyzing entity 'eth_dp83825_udp' [VHDL-1012]


INFO     : /home/olle/efinity_p2/BRAM/eth_dp83825_udp.vhd(29): analyzing architecture 'behavior' [VHDL-1010]


INFO     : Analyzing VHDL file '/home/olle/efinity_p2/BRAM/mdio_clause22.vhd' [VHDL-1481]


INFO     : /home/olle/efinity_p2/BRAM/mdio_clause22.vhd(9): analyzing entity 'mdio_clause22' [VHDL-1012]


INFO     : /home/olle/efinity_p2/BRAM/mdio_clause22.vhd(37): analyzing architecture 'rtl' [VHDL-1010]


INFO     : Analyzing Verilog file '/home/olle/efinity_p2/BRAM/ip/BRAM_8192_bytes/BRAM_8192_bytes.v' [VERI-1482]


INFO     : /home/olle/efinity_p2/BRAM/ip/BRAM_8192_bytes/BRAM_8192_bytes.v(758): analyzing included file '/home/olle/efinity_p2/BRAM/ip/BRAM_8192_bytes/bram_ini.vh' [VERI-1328]


INFO     : /home/olle/efinity_p2/BRAM/ip/BRAM_8192_bytes/BRAM_8192_bytes.v(758): back to file '/home/olle/efinity_p2/BRAM/ip/BRAM_8192_bytes/BRAM_8192_bytes.v' [VERI-2320]


INFO     : /home/olle/efinity_p2/BRAM/ip/BRAM_8192_bytes/BRAM_8192_bytes.v(985): analyzing included file '/home/olle/efinity_p2/BRAM/ip/BRAM_8192_bytes/bram_decompose.vh' [VERI-1328]


INFO     : /home/olle/efinity_p2/BRAM/ip/BRAM_8192_bytes/BRAM_8192_bytes.v(985): back to file '/home/olle/efinity_p2/BRAM/ip/BRAM_8192_bytes/BRAM_8192_bytes.v' [VERI-2320]


INFO     : Analyzing Verilog file '/home/olle/efinity_p2/BRAM/ip/micro_risc_v1/micro_risc_v1.v' [VERI-1482]


INFO     : Analysis took 0.160621 seconds.


INFO     : 	Analysis took 0.14 seconds (approximately) in total CPU time.


INFO     : Analysis virtual memory usage: begin = 124.564 MB, end = 132.756 MB, delta = 8.192 MB


INFO     : Analysis resident set memory usage: begin = 71.552 MB, end = 80.768 MB, delta = 9.216 MB


INFO     : 	Analysis peak resident set memory usage = 294.892 MB


INFO     : ***** Ending Analysis ... *****


INFO     : ***** Beginning Elaboration ... *****


INFO     : /home/olle/efinity_p2/BRAM/top_level.vhd(6): processing 'top_level(behavior)' [VHDL-1067]


WARNING  : /home/olle/efinity_p2/BRAM/top_level.vhd(100): using initial value '0' for 'system_uart_0_io_rxd' since it is never assigned [VHDL-1303]


WARNING  : /home/olle/efinity_p2/BRAM/top_level.vhd(103): using initial value for 'system_gpio_0_io_read' since it is never assigned [VHDL-1794]


INFO     : Restoring VHDL unit 'vl.vl_types' from file '/home/olle/efinix/efinity/2025.1/sim_models/vhdl/packages/vhdl_2008/vl/vl_types.vdb' [VHDL-1493]


INFO     : /home/olle/efinity_p2/BRAM/top_level.vhd(133): switching to Verilog mode to elaborate module 'micro_risc_v1' [VHDL-1399]


INFO     : /home/olle/efinity_p2/BRAM/ip/micro_risc_v1/micro_risc_v1.v(49): compiling module 'micro_risc_v1' [VERI-1018]


INFO     : /home/olle/efinity_p2/BRAM/ip/micro_risc_v1/micro_risc_v1.v(94): compiling module 'EfxSapphireSoc_2fa2c88f3c1f4868ba7cd09620d007ba' [VERI-1018]


INFO     : /home/olle/efinity_p2/BRAM/ip/micro_risc_v1/micro_risc_v1.v(5744): compiling module 'VexRiscv_2fa2c88f3c1f4868ba7cd09620d007ba' [VERI-1018]


INFO     : /home/olle/efinity_p2/BRAM/ip/micro_risc_v1/micro_risc_v1.v(6995): extracting RAM for identifier 'RegFilePlugin_regFile' [VERI-2571]


INFO     : /home/olle/efinity_p2/BRAM/ip/micro_risc_v1/micro_risc_v1.v(12219): compiling module 'InstructionCache_2fa2c88f3c1f4868ba7cd09620d007ba' [VERI-1018]


INFO     : /home/olle/efinity_p2/BRAM/ip/micro_risc_v1/micro_risc_v1.v(12325): extracting RAM for identifier 'banks_0' [VERI-2571]


INFO     : /home/olle/efinity_p2/BRAM/ip/micro_risc_v1/micro_risc_v1.v(12326): extracting RAM for identifier 'ways_0_tags' [VERI-2571]


INFO     : /home/olle/efinity_p2/BRAM/ip/micro_risc_v1/micro_risc_v1.v(11365): compiling module 'DataCache_2fa2c88f3c1f4868ba7cd09620d007ba' [VERI-1018]


INFO     : /home/olle/efinity_p2/BRAM/ip/micro_risc_v1/micro_risc_v1.v(11579): extracting RAM for identifier 'ways_0_tags' [VERI-2571]


INFO     : /home/olle/efinity_p2/BRAM/ip/micro_risc_v1/micro_risc_v1.v(11580): extracting RAM for identifier 'ways_0_data_symbol0' [VERI-2571]


INFO     : /home/olle/efinity_p2/BRAM/ip/micro_risc_v1/micro_risc_v1.v(11581): extracting RAM for identifier 'ways_0_data_symbol1' [VERI-2571]


INFO     : /home/olle/efinity_p2/BRAM/ip/micro_risc_v1/micro_risc_v1.v(11582): extracting RAM for identifier 'ways_0_data_symbol2' [VERI-2571]


INFO     : /home/olle/efinity_p2/BRAM/ip/micro_risc_v1/micro_risc_v1.v(11583): extracting RAM for identifier 'ways_0_data_symbol3' [VERI-2571]


WARNING  : /home/olle/efinity_p2/BRAM/ip/micro_risc_v1/micro_risc_v1.v(12191): system task 'display' is ignored for synthesis [VERI-1142]


INFO     : /home/olle/efinity_p2/BRAM/ip/micro_risc_v1/micro_risc_v1.v(11346): compiling module 'BufferCC_2fa2c88f3c1f4868ba7cd09620d007ba' [VERI-1018]


INFO     : /home/olle/efinity_p2/BRAM/ip/micro_risc_v1/micro_risc_v1.v(13149): compiling module 'EfxCPUSp1_2fa2c88f3c1f4868ba7cd09620d007ba' [VERI-1018]


WARNING  : /home/olle/efinity_p2/BRAM/ip/micro_risc_v1/micro_risc_v1.v(5832): net 'IBusCachedPlugin_cache_io_cpu_fetch_isRemoved' does not have a driver [VDB-1002]


WARNING  : /home/olle/efinity_p2/BRAM/ip/micro_risc_v1/micro_risc_v1.v(5845): net 'dataCache_1_io_cpu_writeBack_fence_SW' does not have a driver [VDB-1002]


WARNING  : /home/olle/efinity_p2/BRAM/ip/micro_risc_v1/micro_risc_v1.v(5846): net 'dataCache_1_io_cpu_writeBack_fence_SR' does not have a driver [VDB-1002]


WARNING  : /home/olle/efinity_p2/BRAM/ip/micro_risc_v1/micro_risc_v1.v(5847): net 'dataCache_1_io_cpu_writeBack_fence_SO' does not have a driver [VDB-1002]


WARNING  : /home/olle/efinity_p2/BRAM/ip/micro_risc_v1/micro_risc_v1.v(5848): net 'dataCache_1_io_cpu_writeBack_fence_SI' does not have a driver [VDB-1002]


WARNING  : /home/olle/efinity_p2/BRAM/ip/micro_risc_v1/micro_risc_v1.v(5849): net 'dataCache_1_io_cpu_writeBack_fence_PW' does not have a driver [VDB-1002]


WARNING  : /home/olle/efinity_p2/BRAM/ip/micro_risc_v1/micro_risc_v1.v(5850): net 'dataCache_1_io_cpu_writeBack_fence_PR' does not have a driver [VDB-1002]


WARNING  : /home/olle/efinity_p2/BRAM/ip/micro_risc_v1/micro_risc_v1.v(5851): net 'dataCache_1_io_cpu_writeBack_fence_PO' does not have a driver [VDB-1002]


WARNING  : /home/olle/efinity_p2/BRAM/ip/micro_risc_v1/micro_risc_v1.v(5852): net 'dataCache_1_io_cpu_writeBack_fence_PI' does not have a driver [VDB-1002]


WARNING  : /home/olle/efinity_p2/BRAM/ip/micro_risc_v1/micro_risc_v1.v(5853): net 'dataCache_1_io_cpu_writeBack_fence_FM[3]' does not have a driver [VDB-1002]


WARNING  : /home/olle/efinity_p2/BRAM/ip/micro_risc_v1/micro_risc_v1.v(6276): net 'IBusCachedPlugin_mmuBus_rsp_bypassTranslation' does not have a driver [VDB-1002]


WARNING  : /home/olle/efinity_p2/BRAM/ip/micro_risc_v1/micro_risc_v1.v(6302): net 'DBusCachedPlugin_mmuBus_rsp_bypassTranslation' does not have a driver [VDB-1002]


WARNING  : /home/olle/efinity_p2/BRAM/ip/micro_risc_v1/micro_risc_v1.v(6410): net 'IBusCachedPlugin_iBusRsp_output_payload_rsp_error' does not have a driver [VDB-1002]


WARNING  : /home/olle/efinity_p2/BRAM/ip/micro_risc_v1/micro_risc_v1.v(6412): net 'IBusCachedPlugin_iBusRsp_output_payload_isRvc' does not have a driver [VDB-1002]


WARNING  : /home/olle/efinity_p2/BRAM/ip/micro_risc_v1/micro_risc_v1.v(6656): net 'CsrPlugin_mtvec_mode[1]' does not have a driver [VDB-1002]


INFO     : /home/olle/efinity_p2/BRAM/ip/micro_risc_v1/micro_risc_v1.v(4743): compiling module 'DebugModule_2fa2c88f3c1f4868ba7cd09620d007ba' [VERI-1018]


INFO     : /home/olle/efinity_p2/BRAM/ip/micro_risc_v1/micro_risc_v1.v(4949): extracting RAM for identifier 'logic_progbufX_mem' [VERI-2571]


INFO     : /home/olle/efinity_p2/BRAM/ip/micro_risc_v1/micro_risc_v1.v(4719): compiling module 'BufferCC_5_2fa2c88f3c1f4868ba7cd09620d007ba' [VERI-1018]


INFO     : /home/olle/efinity_p2/BRAM/ip/micro_risc_v1/micro_risc_v1.v(4695): compiling module 'BufferCC_6_2fa2c88f3c1f4868ba7cd09620d007ba' [VERI-1018]


INFO     : /home/olle/efinity_p2/BRAM/ip/micro_risc_v1/micro_risc_v1.v(4669): compiling module 'BufferCC_8_2fa2c88f3c1f4868ba7cd09620d007ba' [VERI-1018]


INFO     : /home/olle/efinity_p2/BRAM/ip/micro_risc_v1/micro_risc_v1.v(4196): compiling module 'DebugTransportModuleTunneled_2fa2c88f3c1f4868ba7cd09620d007ba' [VERI-1018]


INFO     : /home/olle/efinity_p2/BRAM/ip/micro_risc_v1/micro_risc_v1.v(11282): compiling module 'FlowCCByToggle_2fa2c88f3c1f4868ba7cd09620d007ba' [VERI-1018]


WARNING  : /home/olle/efinity_p2/BRAM/ip/micro_risc_v1/micro_risc_v1.v(11316): system function call 'urandom' is not supported [VERI-1141]


WARNING  : /home/olle/efinity_p2/BRAM/ip/micro_risc_v1/micro_risc_v1.v(11317): system function call 'urandom' is not supported [VERI-1141]


INFO     : /home/olle/efinity_p2/BRAM/ip/micro_risc_v1/micro_risc_v1.v(13099): compiling module 'BufferCC_1_2fa2c88f3c1f4868ba7cd09620d007ba' [VERI-1018]


WARNING  : /home/olle/efinity_p2/BRAM/ip/micro_risc_v1/micro_risc_v1.v(13111): system function call 'urandom' is not supported [VERI-1141]


WARNING  : /home/olle/efinity_p2/BRAM/ip/micro_risc_v1/micro_risc_v1.v(13112): system function call 'urandom' is not supported [VERI-1141]


INFO     : /home/olle/efinity_p2/BRAM/ip/micro_risc_v1/micro_risc_v1.v(11196): compiling module 'FlowCCByToggle_1_2fa2c88f3c1f4868ba7cd09620d007ba' [VERI-1018]


INFO     : /home/olle/efinity_p2/BRAM/ip/micro_risc_v1/micro_risc_v1.v(13075): compiling module 'BufferCC_2_2fa2c88f3c1f4868ba7cd09620d007ba' [VERI-1018]


INFO     : /home/olle/efinity_p2/BRAM/ip/micro_risc_v1/micro_risc_v1.v(13051): compiling module 'BufferCC_3_2fa2c88f3c1f4868ba7cd09620d007ba' [VERI-1018]


INFO     : /home/olle/efinity_p2/BRAM/ip/micro_risc_v1/micro_risc_v1.v(4156): compiling module 'BmbDecoder_2fa2c88f3c1f4868ba7cd09620d007ba' [VERI-1018]


INFO     : /home/olle/efinity_p2/BRAM/ip/micro_risc_v1/micro_risc_v1.v(4020): compiling module 'BmbArbiter_2fa2c88f3c1f4868ba7cd09620d007ba' [VERI-1018]


INFO     : /home/olle/efinity_p2/BRAM/ip/micro_risc_v1/micro_risc_v1.v(11092): compiling module 'StreamArbiter_2fa2c88f3c1f4868ba7cd09620d007ba' [VERI-1018]


INFO     : /home/olle/efinity_p2/BRAM/ip/micro_risc_v1/micro_risc_v1.v(3748): compiling module 'BmbDecoder_1_2fa2c88f3c1f4868ba7cd09620d007ba' [VERI-1018]


INFO     : /home/olle/efinity_p2/BRAM/ip/micro_risc_v1/micro_risc_v1.v(3640): compiling module 'BmbOnChipRam_2fa2c88f3c1f4868ba7cd09620d007ba' [VERI-1018]


INFO     : /home/olle/efinity_p2/BRAM/ip/micro_risc_v1/micro_risc_v1.v(3672): extracting RAM for identifier 'ram_symbol0' [VERI-2571]


INFO     : /home/olle/efinity_p2/BRAM/ip/micro_risc_v1/micro_risc_v1.v(3673): extracting RAM for identifier 'ram_symbol1' [VERI-2571]


INFO     : /home/olle/efinity_p2/BRAM/ip/micro_risc_v1/micro_risc_v1.v(3674): extracting RAM for identifier 'ram_symbol2' [VERI-2571]


INFO     : /home/olle/efinity_p2/BRAM/ip/micro_risc_v1/micro_risc_v1.v(3675): extracting RAM for identifier 'ram_symbol3' [VERI-2571]


INFO     : /home/olle/efinity_p2/BRAM/ip/micro_risc_v1/micro_risc_v1.v(3414): compiling module 'BmbUnburstify_2fa2c88f3c1f4868ba7cd09620d007ba' [VERI-1018]


INFO     : /home/olle/efinity_p2/BRAM/ip/micro_risc_v1/micro_risc_v1.v(3053): compiling module 'BmbDecoder_2_2fa2c88f3c1f4868ba7cd09620d007ba' [VERI-1018]


INFO     : /home/olle/efinity_p2/BRAM/ip/micro_risc_v1/micro_risc_v1.v(2869): compiling module 'BmbClint_2fa2c88f3c1f4868ba7cd09620d007ba' [VERI-1018]


INFO     : /home/olle/efinity_p2/BRAM/ip/micro_risc_v1/micro_risc_v1.v(2377): compiling module 'BmbUartCtrl_2fa2c88f3c1f4868ba7cd09620d007ba' [VERI-1018]


INFO     : /home/olle/efinity_p2/BRAM/ip/micro_risc_v1/micro_risc_v1.v(10963): compiling module 'UartCtrl_2fa2c88f3c1f4868ba7cd09620d007ba' [VERI-1018]


INFO     : /home/olle/efinity_p2/BRAM/ip/micro_risc_v1/micro_risc_v1.v(12811): compiling module 'UartCtrlTx_2fa2c88f3c1f4868ba7cd09620d007ba' [VERI-1018]


INFO     : /home/olle/efinity_p2/BRAM/ip/micro_risc_v1/micro_risc_v1.v(12517): compiling module 'UartCtrlRx_2fa2c88f3c1f4868ba7cd09620d007ba' [VERI-1018]


INFO     : /home/olle/efinity_p2/BRAM/ip/micro_risc_v1/micro_risc_v1.v(13125): compiling module 'BufferCC_4_2fa2c88f3c1f4868ba7cd09620d007ba' [VERI-1018]


INFO     : /home/olle/efinity_p2/BRAM/ip/micro_risc_v1/micro_risc_v1.v(10809): compiling module 'StreamFifo_2fa2c88f3c1f4868ba7cd09620d007ba' [VERI-1018]


INFO     : /home/olle/efinity_p2/BRAM/ip/micro_risc_v1/micro_risc_v1.v(10857): extracting RAM for identifier 'logic_ram' [VERI-2571]


INFO     : /home/olle/efinity_p2/BRAM/ip/micro_risc_v1/micro_risc_v1.v(2165): compiling module 'BmbGpio2_2fa2c88f3c1f4868ba7cd09620d007ba' [VERI-1018]


INFO     : /home/olle/efinity_p2/BRAM/top_level.vhd(133): returning to VHDL mode to continue with elaboration [VHDL-1400]


INFO     : /home/olle/efinity_p2/BRAM/eth_dp83825_udp.vhd(6): processing 'eth_dp83825_udp(behavior)' [VHDL-1067]


WARNING  : /home/olle/efinity_p2/BRAM/eth_dp83825_udp.vhd(42): using initial value for 'mdio_wr_data' since it is never assigned [VHDL-1794]


INFO     : /home/olle/efinity_p2/BRAM/mdio_clause22.vhd(9): processing 'mdio_clause22(rtl)' [VHDL-1067]


INFO     : Elaboration took 0.347313 seconds.


INFO     : 	Elaboration took 0.32 seconds (approximately) in total CPU time.


INFO     : Elaboration virtual memory usage: begin = 132.756 MB, end = 167.572 MB, delta = 34.816 MB


INFO     : Elaboration resident set memory usage: begin = 80.768 MB, end = 116.992 MB, delta = 36.224 MB


INFO     : 	Elaboration peak resident set memory usage = 294.892 MB


INFO     : ***** Ending Elaboration ... *****


INFO     : ... Setting Synthesis Option: mode=speed


INFO     : ***** Beginning Reading Mapping Library ... *****


INFO     : Analyzing Verilog file '/home/olle/efinix/efinity/2025.1/sim_models/maplib/efinix_maplib.v' [VERI-1482]


INFO     : /home/olle/efinix/efinity/2025.1/sim_models/maplib/efinix_maplib.v(8): compiling module 'EFX_ADD' [VERI-1018]


INFO     : /home/olle/efinix/efinity/2025.1/sim_models/maplib/efinix_maplib.v(21): compiling module 'EFX_FF' [VERI-1018]


INFO     : /home/olle/efinix/efinity/2025.1/sim_models/maplib/efinix_maplib.v(38): compiling module 'EFX_COMB4' [VERI-1018]


INFO     : /home/olle/efinix/efinity/2025.1/sim_models/maplib/efinix_maplib.v(48): compiling module 'EFX_GBUFCE' [VERI-1018]


INFO     : /home/olle/efinix/efinity/2025.1/sim_models/maplib/efinix_maplib.v(57): compiling module 'EFX_LUT4' [VERI-1018]


INFO     : /home/olle/efinix/efinity/2025.1/sim_models/maplib/efinix_maplib.v(65): compiling module 'EFX_MULT' [VERI-1018]


INFO     : /home/olle/efinix/efinity/2025.1/sim_models/maplib/efinix_maplib.v(100): compiling module 'EFX_DSP48' [VERI-1018]


INFO     : /home/olle/efinix/efinity/2025.1/sim_models/maplib/efinix_maplib.v(156): compiling module 'EFX_DSP24' [VERI-1018]


INFO     : /home/olle/efinix/efinity/2025.1/sim_models/maplib/efinix_maplib.v(209): compiling module 'EFX_DSP12' [VERI-1018]


INFO     : /home/olle/efinix/efinity/2025.1/sim_models/maplib/efinix_maplib.v(262): compiling module 'EFX_RAM_4K' [VERI-1018]


INFO     : /home/olle/efinix/efinity/2025.1/sim_models/maplib/efinix_maplib.v(322): compiling module 'EFX_RAM_5K' [VERI-1018]


INFO     : /home/olle/efinix/efinity/2025.1/sim_models/maplib/efinix_maplib.v(394): compiling module 'EFX_DPRAM_5K' [VERI-1018]


INFO     : /home/olle/efinix/efinity/2025.1/sim_models/maplib/efinix_maplib.v(499): compiling module 'RAMB5' [VERI-1018]


INFO     : /home/olle/efinix/efinity/2025.1/sim_models/maplib/efinix_maplib.v(561): compiling module 'EFX_RAM_10K' [VERI-1018]


INFO     : /home/olle/efinix/efinity/2025.1/sim_models/maplib/efinix_maplib.v(653): compiling module 'EFX_RAM10' [VERI-1018]


INFO     : /home/olle/efinix/efinity/2025.1/sim_models/maplib/efinix_maplib.v(754): compiling module 'EFX_DPRAM10' [VERI-1018]


INFO     : /home/olle/efinix/efinity/2025.1/sim_models/maplib/efinix_maplib.v(884): compiling module 'EFX_SRL8' [VERI-1018]


INFO     : Reading Mapping Library took 0.0174288 seconds.


INFO     : 	Reading Mapping Library took 0.02 seconds (approximately) in total CPU time.


INFO     : Reading Mapping Library virtual memory usage: begin = 196.756 MB, end = 196.756 MB, delta = 0 MB


INFO     : Reading Mapping Library resident set memory usage: begin = 146.816 MB, end = 146.816 MB, delta = 0 MB


INFO     : 	Reading Mapping Library peak resident set memory usage = 294.892 MB


INFO     : ***** Ending Reading Mapping Library ... *****


INFO     : ... Pre-synthesis checks begin


WARNING  : The primary output port 'led2' wire 'led2' is not driven. [EFX-0256]


WARNING  : The primary output port 'CAM0_EN' wire 'CAM0_EN' is not driven. [EFX-0256]


WARNING  : The primary output port 'CAM1_EN' wire 'CAM1_EN' is not driven. [EFX-0256]


WARNING  : Removing redundant signal : io_cpu_prefetch_isValid. (/home/olle/efinity_p2/BRAM/ip/micro_risc_v1/micro_risc_v1.v:12221) [EFX-0200]


WARNING  : Removing redundant signal : io_cpu_prefetch_pc[31]. (/home/olle/efinity_p2/BRAM/ip/micro_risc_v1/micro_risc_v1.v:12223) [EFX-0200]


WARNING  : Removing redundant signal : io_cpu_prefetch_pc[30]. (/home/olle/efinity_p2/BRAM/ip/micro_risc_v1/micro_risc_v1.v:12223) [EFX-0200]


WARNING  : Removing redundant signal : io_cpu_prefetch_pc[29]. (/home/olle/efinity_p2/BRAM/ip/micro_risc_v1/micro_risc_v1.v:12223) [EFX-0200]


WARNING  : Removing redundant signal : io_cpu_prefetch_pc[28]. (/home/olle/efinity_p2/BRAM/ip/micro_risc_v1/micro_risc_v1.v:12223) [EFX-0200]


WARNING  : Removing redundant signal : io_cpu_prefetch_pc[27]. (/home/olle/efinity_p2/BRAM/ip/micro_risc_v1/micro_risc_v1.v:12223) [EFX-0200]


WARNING  : Removing redundant signal : io_cpu_prefetch_pc[26]. (/home/olle/efinity_p2/BRAM/ip/micro_risc_v1/micro_risc_v1.v:12223) [EFX-0200]


WARNING  : Removing redundant signal : io_cpu_prefetch_pc[25]. (/home/olle/efinity_p2/BRAM/ip/micro_risc_v1/micro_risc_v1.v:12223) [EFX-0200]


WARNING  : Removing redundant signal : io_cpu_prefetch_pc[24]. (/home/olle/efinity_p2/BRAM/ip/micro_risc_v1/micro_risc_v1.v:12223) [EFX-0200]


WARNING  : Removing redundant signal : io_cpu_prefetch_pc[23]. (/home/olle/efinity_p2/BRAM/ip/micro_risc_v1/micro_risc_v1.v:12223) [EFX-0200]


WARNING  : Removing redundant signal : io_cpu_prefetch_pc[22]. (/home/olle/efinity_p2/BRAM/ip/micro_risc_v1/micro_risc_v1.v:12223) [EFX-0200]


WARNING  : Removing redundant signal : io_cpu_prefetch_pc[21]. (/home/olle/efinity_p2/BRAM/ip/micro_risc_v1/micro_risc_v1.v:12223) [EFX-0200]


WARNING  : Removing redundant signal : io_cpu_prefetch_pc[20]. (/home/olle/efinity_p2/BRAM/ip/micro_risc_v1/micro_risc_v1.v:12223) [EFX-0200]


WARNING  : Removing redundant signal : io_cpu_prefetch_pc[19]. (/home/olle/efinity_p2/BRAM/ip/micro_risc_v1/micro_risc_v1.v:12223) [EFX-0200]


WARNING  : Removing redundant signal : io_cpu_prefetch_pc[18]. (/home/olle/efinity_p2/BRAM/ip/micro_risc_v1/micro_risc_v1.v:12223) [EFX-0200]


WARNING  : Removing redundant signal : io_cpu_prefetch_pc[17]. (/home/olle/efinity_p2/BRAM/ip/micro_risc_v1/micro_risc_v1.v:12223) [EFX-0200]


WARNING  : Removing redundant signal : io_cpu_prefetch_pc[16]. (/home/olle/efinity_p2/BRAM/ip/micro_risc_v1/micro_risc_v1.v:12223) [EFX-0200]


WARNING  : Removing redundant signal : io_cpu_prefetch_pc[15]. (/home/olle/efinity_p2/BRAM/ip/micro_risc_v1/micro_risc_v1.v:12223) [EFX-0200]


WARNING  : Removing redundant signal : io_cpu_prefetch_pc[14]. (/home/olle/efinity_p2/BRAM/ip/micro_risc_v1/micro_risc_v1.v:12223) [EFX-0200]


WARNING  : Removing redundant signal : io_cpu_prefetch_pc[13]. (/home/olle/efinity_p2/BRAM/ip/micro_risc_v1/micro_risc_v1.v:12223) [EFX-0200]


WARNING  : (The above message was generated too many times, subsequent similar messages will be muted.) [EFX-0200]


INFO     : ... Memory 'banks_0' is not initialized, assuming empty initial contents. (/home/olle/efinity_p2/BRAM/ip/micro_risc_v1/micro_risc_v1.v:12325) [EFX-0677]


INFO     : ... Memory 'ways_0_tags' is not initialized, assuming empty initial contents. (/home/olle/efinity_p2/BRAM/ip/micro_risc_v1/micro_risc_v1.v:12326) [EFX-0677]


INFO     : ... Memory 'ways_0_tags' is not initialized, assuming empty initial contents. (/home/olle/efinity_p2/BRAM/ip/micro_risc_v1/micro_risc_v1.v:11579) [EFX-0677]


INFO     : ... Memory 'ways_0_data_symbol0' is not initialized, assuming empty initial contents. (/home/olle/efinity_p2/BRAM/ip/micro_risc_v1/micro_risc_v1.v:11580) [EFX-0677]


INFO     : ... Memory 'ways_0_data_symbol1' is not initialized, assuming empty initial contents. (/home/olle/efinity_p2/BRAM/ip/micro_risc_v1/micro_risc_v1.v:11581) [EFX-0677]


INFO     : ... Memory 'ways_0_data_symbol2' is not initialized, assuming empty initial contents. (/home/olle/efinity_p2/BRAM/ip/micro_risc_v1/micro_risc_v1.v:11582) [EFX-0677]


INFO     : ... Memory 'ways_0_data_symbol3' is not initialized, assuming empty initial contents. (/home/olle/efinity_p2/BRAM/ip/micro_risc_v1/micro_risc_v1.v:11583) [EFX-0677]


WARNING  : Re-wiring to GND non-driven net 'IBusCachedPlugin_cache_io_cpu_fetch_isRemoved'. (/home/olle/efinity_p2/BRAM/ip/micro_risc_v1/micro_risc_v1.v:5832) [EFX-0201]


WARNING  : Re-wiring to GND non-driven net 'dataCache_1_io_cpu_writeBack_fence_SW'. (/home/olle/efinity_p2/BRAM/ip/micro_risc_v1/micro_risc_v1.v:5845) [EFX-0201]


WARNING  : Re-wiring to GND non-driven net 'dataCache_1_io_cpu_writeBack_fence_SR'. (/home/olle/efinity_p2/BRAM/ip/micro_risc_v1/micro_risc_v1.v:5846) [EFX-0201]


WARNING  : Re-wiring to GND non-driven net 'dataCache_1_io_cpu_writeBack_fence_SO'. (/home/olle/efinity_p2/BRAM/ip/micro_risc_v1/micro_risc_v1.v:5847) [EFX-0201]


WARNING  : Re-wiring to GND non-driven net 'dataCache_1_io_cpu_writeBack_fence_SI'. (/home/olle/efinity_p2/BRAM/ip/micro_risc_v1/micro_risc_v1.v:5848) [EFX-0201]


WARNING  : Re-wiring to GND non-driven net 'dataCache_1_io_cpu_writeBack_fence_PW'. (/home/olle/efinity_p2/BRAM/ip/micro_risc_v1/micro_risc_v1.v:5849) [EFX-0201]


WARNING  : Re-wiring to GND non-driven net 'dataCache_1_io_cpu_writeBack_fence_PR'. (/home/olle/efinity_p2/BRAM/ip/micro_risc_v1/micro_risc_v1.v:5850) [EFX-0201]


WARNING  : Re-wiring to GND non-driven net 'dataCache_1_io_cpu_writeBack_fence_PO'. (/home/olle/efinity_p2/BRAM/ip/micro_risc_v1/micro_risc_v1.v:5851) [EFX-0201]


WARNING  : Re-wiring to GND non-driven net 'dataCache_1_io_cpu_writeBack_fence_PI'. (/home/olle/efinity_p2/BRAM/ip/micro_risc_v1/micro_risc_v1.v:5852) [EFX-0201]


WARNING  : Re-wiring to GND non-driven net 'dataCache_1_io_cpu_writeBack_fence_FM[3]'. (/home/olle/efinity_p2/BRAM/ip/micro_risc_v1/micro_risc_v1.v:5853) [EFX-0201]


WARNING  : (The above message was generated too many times, subsequent similar messages will be muted.) [EFX-0201]


INFO     : ... Memory 'RegFilePlugin_regFile' is not initialized, assuming empty initial contents. (/home/olle/efinity_p2/BRAM/ip/micro_risc_v1/micro_risc_v1.v:6995) [EFX-0677]


INFO     : ... Memory 'logic_progbufX_mem' is not initialized, assuming empty initial contents. (/home/olle/efinity_p2/BRAM/ip/micro_risc_v1/micro_risc_v1.v:4949) [EFX-0677]


INFO     : Module Instance 'memory_arbiter' input pin 'io_inputs_0_payload_fragment_source[0]' is tied to constant (=0). [EFX-0266]


INFO     : Module Instance 'memory_arbiter' input pin 'io_inputs_1_payload_fragment_source[0]' is tied to constant (=0). [EFX-0266]


INFO     : Module Instance 'memory_arbiter' input pin 'io_inputs_1_payload_fragment_context[0]' is tied to constant (=0). [EFX-0266]


INFO     : Module Instance 'tx' input pin 'io_cts' is tied to constant (=0). [EFX-0266]


INFO     : ... Memory 'logic_ram' is not initialized, assuming empty initial contents. (/home/olle/efinity_p2/BRAM/ip/micro_risc_v1/micro_risc_v1.v:10857) [EFX-0677]


INFO     : Module Instance 'bridge_write_streamUnbuffered_queueWithOccupancy' input pin 'io_flush' is tied to constant (=0). [EFX-0266]


INFO     : Module Instance 'uartCtrl_1_io_read_queueWithOccupancy' input pin 'io_flush' is tied to constant (=0). [EFX-0266]


INFO     : Module Instance 'system_bridge_bmb_arbiter' input pin 'io_inputs_1_cmd_payload_fragment_data[0]' is tied to constant (=0). [EFX-0266]


INFO     : Module Instance 'system_bridge_bmb_arbiter' input pin 'io_inputs_1_cmd_payload_fragment_data[1]' is tied to constant (=0). [EFX-0266]


INFO     : Module Instance 'system_bridge_bmb_arbiter' input pin 'io_inputs_1_cmd_payload_fragment_data[2]' is tied to constant (=0). [EFX-0266]


INFO     : Module Instance 'system_bridge_bmb_arbiter' input pin 'io_inputs_1_cmd_payload_fragment_data[3]' is tied to constant (=0). [EFX-0266]


INFO     : Module Instance 'system_bridge_bmb_arbiter' input pin 'io_inputs_1_cmd_payload_fragment_data[4]' is tied to constant (=0). [EFX-0266]


INFO     : Module Instance 'system_bridge_bmb_arbiter' input pin 'io_inputs_1_cmd_payload_fragment_data[5]' is tied to constant (=0). [EFX-0266]


INFO     : Module Instance 'system_bridge_bmb_arbiter' input pin 'io_inputs_1_cmd_payload_fragment_data[6]' is tied to constant (=0). [EFX-0266]


INFO     : Module Instance 'system_bridge_bmb_arbiter' input pin 'io_inputs_1_cmd_payload_fragment_data[7]' is tied to constant (=0). [EFX-0266]


INFO     : Module Instance 'system_bridge_bmb_arbiter' input pin 'io_inputs_1_cmd_payload_fragment_data[8]' is tied to constant (=0). [EFX-0266]


INFO     : Module Instance 'system_bridge_bmb_arbiter' input pin 'io_inputs_1_cmd_payload_fragment_data[9]' is tied to constant (=0). [EFX-0266]


INFO     : Module Instance 'system_bridge_bmb_arbiter' input pin 'io_inputs_1_cmd_payload_fragment_data[10]' is tied to constant (=0). [EFX-0266]


INFO     : Module Instance 'system_bridge_bmb_arbiter' input pin 'io_inputs_1_cmd_payload_fragment_data[11]' is tied to constant (=0). [EFX-0266]


INFO     : Module Instance 'system_bridge_bmb_arbiter' input pin 'io_inputs_1_cmd_payload_fragment_data[12]' is tied to constant (=0). [EFX-0266]


INFO     : Module Instance 'system_bridge_bmb_arbiter' input pin 'io_inputs_1_cmd_payload_fragment_data[13]' is tied to constant (=0). [EFX-0266]


INFO     : Module Instance 'system_bridge_bmb_arbiter' input pin 'io_inputs_1_cmd_payload_fragment_data[14]' is tied to constant (=0). [EFX-0266]


INFO     : Module Instance 'system_bridge_bmb_arbiter' input pin 'io_inputs_1_cmd_payload_fragment_data[15]' is tied to constant (=0). [EFX-0266]


INFO     : Module Instance 'system_bridge_bmb_arbiter' input pin 'io_inputs_1_cmd_payload_fragment_data[16]' is tied to constant (=0). [EFX-0266]


INFO     : Module Instance 'system_bridge_bmb_arbiter' input pin 'io_inputs_1_cmd_payload_fragment_data[17]' is tied to constant (=0). [EFX-0266]


INFO     : Module Instance 'system_bridge_bmb_arbiter' input pin 'io_inputs_1_cmd_payload_fragment_data[18]' is tied to constant (=0). [EFX-0266]


INFO     : Module Instance 'system_bridge_bmb_arbiter' input pin 'io_inputs_1_cmd_payload_fragment_data[19]' is tied to constant (=0). [EFX-0266]


INFO     : Module Instance 'system_bridge_bmb_arbiter' input pin 'io_inputs_1_cmd_payload_fragment_data[20]' is tied to constant (=0). [EFX-0266]


INFO     : Module Instance 'system_bridge_bmb_arbiter' input pin 'io_inputs_1_cmd_payload_fragment_data[21]' is tied to constant (=0). [EFX-0266]


INFO     : Module Instance 'system_bridge_bmb_arbiter' input pin 'io_inputs_1_cmd_payload_fragment_data[22]' is tied to constant (=0). [EFX-0266]


INFO     : Module Instance 'system_bridge_bmb_arbiter' input pin 'io_inputs_1_cmd_payload_fragment_data[23]' is tied to constant (=0). [EFX-0266]


INFO     : Module Instance 'system_bridge_bmb_arbiter' input pin 'io_inputs_1_cmd_payload_fragment_data[24]' is tied to constant (=0). [EFX-0266]


INFO     : Module Instance 'system_bridge_bmb_arbiter' input pin 'io_inputs_1_cmd_payload_fragment_data[25]' is tied to constant (=0). [EFX-0266]


INFO     : Module Instance 'system_bridge_bmb_arbiter' input pin 'io_inputs_1_cmd_payload_fragment_data[26]' is tied to constant (=0). [EFX-0266]


INFO     : Module Instance 'system_bridge_bmb_arbiter' input pin 'io_inputs_1_cmd_payload_fragment_data[27]' is tied to constant (=0). [EFX-0266]


INFO     : Module Instance 'system_bridge_bmb_arbiter' input pin 'io_inputs_1_cmd_payload_fragment_data[28]' is tied to constant (=0). [EFX-0266]


INFO     : Module Instance 'system_bridge_bmb_arbiter' input pin 'io_inputs_1_cmd_payload_fragment_data[29]' is tied to constant (=0). [EFX-0266]


INFO     : Module Instance 'system_bridge_bmb_arbiter' input pin 'io_inputs_1_cmd_payload_fragment_data[30]' is tied to constant (=0). [EFX-0266]


INFO     : Module Instance 'system_bridge_bmb_arbiter' input pin 'io_inputs_1_cmd_payload_fragment_data[31]' is tied to constant (=0). [EFX-0266]


INFO     : Module Instance 'system_bridge_bmb_arbiter' input pin 'io_inputs_1_cmd_payload_fragment_mask[0]' is tied to constant (=0). [EFX-0266]


INFO     : Module Instance 'system_bridge_bmb_arbiter' input pin 'io_inputs_1_cmd_payload_fragment_mask[1]' is tied to constant (=0). [EFX-0266]


INFO     : Module Instance 'system_bridge_bmb_arbiter' input pin 'io_inputs_1_cmd_payload_fragment_mask[2]' is tied to constant (=0). [EFX-0266]


INFO     : Module Instance 'system_bridge_bmb_arbiter' input pin 'io_inputs_1_cmd_payload_fragment_mask[3]' is tied to constant (=0). [EFX-0266]


INFO     : Module Instance 'u_micro_risc_v1' input pin 'jtagCtrl_enable' is tied to constant (=1). [EFX-0266]


INFO     : ... Pre-synthesis checks end (Real time : 0s CPU user time : 1s CPU sys time : 0s MEM : 294892KB)


INFO     : ... NameSpace init begin


INFO     : ... NameSpace init end (Real time : 0s CPU user time : 1s CPU sys time : 0s MEM : 294892KB)


INFO     : ... Mapping design "top_level"


INFO     : ... Hierarchical pre-synthesis "InstructionCache_2fa2c88f3c1f4868ba7cd09620d007ba" begin


INFO     : ... Hierarchical pre-synthesis "InstructionCache_2fa2c88f3c1f4868ba7cd09620d007ba" end (Real time : 0s CPU user time : 1s CPU sys time : 0s MEM : 294892KB)


INFO     : ... Hierarchical pre-synthesis "DataCache_2fa2c88f3c1f4868ba7cd09620d007ba" begin


INFO     : ... Hierarchical pre-synthesis "DataCache_2fa2c88f3c1f4868ba7cd09620d007ba" end (Real time : 0s CPU user time : 1s CPU sys time : 0s MEM : 294892KB)


INFO     : ... Hierarchical pre-synthesis "BufferCC_2fa2c88f3c1f4868ba7cd09620d007ba" begin


INFO     : ... Hierarchical pre-synthesis "BufferCC_2fa2c88f3c1f4868ba7cd09620d007ba" end (Real time : 0s CPU user time : 1s CPU sys time : 0s MEM : 294892KB)


INFO     : ... Hierarchical pre-synthesis "EfxCPUSp1_2fa2c88f3c1f4868ba7cd09620d007ba" begin


INFO     : ... Hierarchical pre-synthesis "EfxCPUSp1_2fa2c88f3c1f4868ba7cd09620d007ba" end (Real time : 0s CPU user time : 1s CPU sys time : 0s MEM : 294892KB)


INFO     : ... Hierarchical pre-synthesis "VexRiscv_2fa2c88f3c1f4868ba7cd09620d007ba" begin


INFO     : ... Hierarchical pre-synthesis "VexRiscv_2fa2c88f3c1f4868ba7cd09620d007ba" end (Real time : 1s CPU user time : 2s CPU sys time : 0s MEM : 294892KB)


INFO     : ... Hierarchical pre-synthesis "DebugModule_2fa2c88f3c1f4868ba7cd09620d007ba" begin


INFO     : ... Hierarchical pre-synthesis "DebugModule_2fa2c88f3c1f4868ba7cd09620d007ba" end (Real time : 0s CPU user time : 2s CPU sys time : 0s MEM : 294892KB)


INFO     : ... Hierarchical pre-synthesis "BufferCC_5_2fa2c88f3c1f4868ba7cd09620d007ba" begin


INFO     : ... Hierarchical pre-synthesis "BufferCC_5_2fa2c88f3c1f4868ba7cd09620d007ba" end (Real time : 0s CPU user time : 2s CPU sys time : 0s MEM : 294892KB)


INFO     : ... Hierarchical pre-synthesis "BufferCC_6_2fa2c88f3c1f4868ba7cd09620d007ba" begin


INFO     : ... Hierarchical pre-synthesis "BufferCC_6_2fa2c88f3c1f4868ba7cd09620d007ba" end (Real time : 0s CPU user time : 2s CPU sys time : 0s MEM : 294892KB)


INFO     : ... Hierarchical pre-synthesis "BufferCC_8_2fa2c88f3c1f4868ba7cd09620d007ba" begin


INFO     : ... Hierarchical pre-synthesis "BufferCC_8_2fa2c88f3c1f4868ba7cd09620d007ba" end (Real time : 0s CPU user time : 2s CPU sys time : 0s MEM : 294892KB)


INFO     : ... Hierarchical pre-synthesis "BufferCC_1_2fa2c88f3c1f4868ba7cd09620d007ba" begin


INFO     : ... Hierarchical pre-synthesis "BufferCC_1_2fa2c88f3c1f4868ba7cd09620d007ba" end (Real time : 0s CPU user time : 2s CPU sys time : 0s MEM : 294892KB)


INFO     : ... Hierarchical pre-synthesis "FlowCCByToggle_2fa2c88f3c1f4868ba7cd09620d007ba" begin


INFO     : ... Hierarchical pre-synthesis "FlowCCByToggle_2fa2c88f3c1f4868ba7cd09620d007ba" end (Real time : 0s CPU user time : 2s CPU sys time : 0s MEM : 294892KB)


INFO     : ... Hierarchical pre-synthesis "BufferCC_2_2fa2c88f3c1f4868ba7cd09620d007ba" begin


INFO     : ... Hierarchical pre-synthesis "BufferCC_2_2fa2c88f3c1f4868ba7cd09620d007ba" end (Real time : 0s CPU user time : 2s CPU sys time : 0s MEM : 294892KB)


INFO     : ... Hierarchical pre-synthesis "BufferCC_3_2fa2c88f3c1f4868ba7cd09620d007ba" begin


INFO     : ... Hierarchical pre-synthesis "BufferCC_3_2fa2c88f3c1f4868ba7cd09620d007ba" end (Real time : 0s CPU user time : 2s CPU sys time : 0s MEM : 294892KB)


INFO     : ... Hierarchical pre-synthesis "FlowCCByToggle_1_2fa2c88f3c1f4868ba7cd09620d007ba" begin


INFO     : ... Hierarchical pre-synthesis "FlowCCByToggle_1_2fa2c88f3c1f4868ba7cd09620d007ba" end (Real time : 0s CPU user time : 2s CPU sys time : 0s MEM : 294892KB)


INFO     : ... Hierarchical pre-synthesis "DebugTransportModuleTunneled_2fa2c88f3c1f4868ba7cd09620d007ba" begin


INFO     : ... Hierarchical pre-synthesis "DebugTransportModuleTunneled_2fa2c88f3c1f4868ba7cd09620d007ba" end (Real time : 0s CPU user time : 2s CPU sys time : 0s MEM : 294892KB)


INFO     : ... Hierarchical pre-synthesis "BmbDecoder_2fa2c88f3c1f4868ba7cd09620d007ba" begin


INFO     : ... Hierarchical pre-synthesis "BmbDecoder_2fa2c88f3c1f4868ba7cd09620d007ba" end (Real time : 0s CPU user time : 2s CPU sys time : 0s MEM : 294892KB)


INFO     : ... Hierarchical pre-synthesis "StreamArbiter_2fa2c88f3c1f4868ba7cd09620d007ba" begin


INFO     : ... Hierarchical pre-synthesis "StreamArbiter_2fa2c88f3c1f4868ba7cd09620d007ba" end (Real time : 0s CPU user time : 2s CPU sys time : 0s MEM : 294892KB)


INFO     : ... Hierarchical pre-synthesis "BmbArbiter_2fa2c88f3c1f4868ba7cd09620d007ba" begin


INFO     : ... Hierarchical pre-synthesis "BmbArbiter_2fa2c88f3c1f4868ba7cd09620d007ba" end (Real time : 0s CPU user time : 2s CPU sys time : 0s MEM : 294892KB)


INFO     : ... Hierarchical pre-synthesis "BmbDecoder_1_2fa2c88f3c1f4868ba7cd09620d007ba" begin


INFO     : ... Hierarchical pre-synthesis "BmbDecoder_1_2fa2c88f3c1f4868ba7cd09620d007ba" end (Real time : 0s CPU user time : 2s CPU sys time : 0s MEM : 294892KB)


INFO     : ... Hierarchical pre-synthesis "BmbOnChipRam_2fa2c88f3c1f4868ba7cd09620d007ba" begin


INFO     : ... Hierarchical pre-synthesis "BmbOnChipRam_2fa2c88f3c1f4868ba7cd09620d007ba" end (Real time : 0s CPU user time : 2s CPU sys time : 0s MEM : 294892KB)


INFO     : ... Hierarchical pre-synthesis "BmbUnburstify_2fa2c88f3c1f4868ba7cd09620d007ba" begin


INFO     : ... Hierarchical pre-synthesis "BmbUnburstify_2fa2c88f3c1f4868ba7cd09620d007ba" end (Real time : 0s CPU user time : 2s CPU sys time : 0s MEM : 294892KB)


INFO     : ... Hierarchical pre-synthesis "BmbDecoder_2_2fa2c88f3c1f4868ba7cd09620d007ba" begin


INFO     : ... Hierarchical pre-synthesis "BmbDecoder_2_2fa2c88f3c1f4868ba7cd09620d007ba" end (Real time : 0s CPU user time : 2s CPU sys time : 0s MEM : 294892KB)


INFO     : ... Hierarchical pre-synthesis "BmbClint_2fa2c88f3c1f4868ba7cd09620d007ba" begin


INFO     : ... Hierarchical pre-synthesis "BmbClint_2fa2c88f3c1f4868ba7cd09620d007ba" end (Real time : 0s CPU user time : 2s CPU sys time : 0s MEM : 294892KB)


INFO     : ... Hierarchical pre-synthesis "UartCtrlTx_2fa2c88f3c1f4868ba7cd09620d007ba" begin


INFO     : ... Hierarchical pre-synthesis "UartCtrlTx_2fa2c88f3c1f4868ba7cd09620d007ba" end (Real time : 0s CPU user time : 2s CPU sys time : 0s MEM : 294892KB)


INFO     : ... Hierarchical pre-synthesis "BufferCC_4_2fa2c88f3c1f4868ba7cd09620d007ba" begin


INFO     : ... Hierarchical pre-synthesis "BufferCC_4_2fa2c88f3c1f4868ba7cd09620d007ba" end (Real time : 0s CPU user time : 2s CPU sys time : 0s MEM : 294892KB)


INFO     : ... Hierarchical pre-synthesis "UartCtrlRx_2fa2c88f3c1f4868ba7cd09620d007ba" begin


INFO     : ... Hierarchical pre-synthesis "UartCtrlRx_2fa2c88f3c1f4868ba7cd09620d007ba" end (Real time : 0s CPU user time : 2s CPU sys time : 0s MEM : 294892KB)


INFO     : ... Hierarchical pre-synthesis "UartCtrl_2fa2c88f3c1f4868ba7cd09620d007ba" begin


INFO     : ... Hierarchical pre-synthesis "UartCtrl_2fa2c88f3c1f4868ba7cd09620d007ba" end (Real time : 0s CPU user time : 2s CPU sys time : 0s MEM : 294892KB)


INFO     : ... Hierarchical pre-synthesis "StreamFifo_2fa2c88f3c1f4868ba7cd09620d007ba" begin


INFO     : ... Hierarchical pre-synthesis "StreamFifo_2fa2c88f3c1f4868ba7cd09620d007ba" end (Real time : 0s CPU user time : 2s CPU sys time : 0s MEM : 294892KB)


INFO     : ... Hierarchical pre-synthesis "BmbUartCtrl_2fa2c88f3c1f4868ba7cd09620d007ba" begin


INFO     : ... Hierarchical pre-synthesis "BmbUartCtrl_2fa2c88f3c1f4868ba7cd09620d007ba" end (Real time : 0s CPU user time : 2s CPU sys time : 0s MEM : 294892KB)


INFO     : ... Hierarchical pre-synthesis "BmbGpio2_2fa2c88f3c1f4868ba7cd09620d007ba" begin


INFO     : ... Hierarchical pre-synthesis "BmbGpio2_2fa2c88f3c1f4868ba7cd09620d007ba" end (Real time : 0s CPU user time : 2s CPU sys time : 0s MEM : 294892KB)


INFO     : ... Hierarchical pre-synthesis "EfxSapphireSoc_2fa2c88f3c1f4868ba7cd09620d007ba" begin


INFO     : ... Hierarchical pre-synthesis "EfxSapphireSoc_2fa2c88f3c1f4868ba7cd09620d007ba" end (Real time : 1s CPU user time : 3s CPU sys time : 0s MEM : 294892KB)


INFO     : ... Hierarchical pre-synthesis "micro_risc_v1" begin


INFO     : ... Hierarchical pre-synthesis "micro_risc_v1" end (Real time : 0s CPU user time : 3s CPU sys time : 0s MEM : 294892KB)


INFO     : ... Hierarchical pre-synthesis "mdio_clause22" begin


INFO     : ... Hierarchical pre-synthesis "mdio_clause22" end (Real time : 0s CPU user time : 3s CPU sys time : 0s MEM : 294892KB)


INFO     : ... Hierarchical pre-synthesis "eth_dp83825_udp" begin


INFO     : ... Hierarchical pre-synthesis "eth_dp83825_udp" end (Real time : 0s CPU user time : 3s CPU sys time : 0s MEM : 294892KB)


INFO     : ... Hierarchical pre-synthesis "top_level" begin


WARNING  : Mapping into logic memory block 'u_micro_risc_v1/u_EfxSapphireSoc/system_riscvJtag_debug_logic_dm/logic_progbufX_mem' (64 bits) (/home/olle/efinity_p2/BRAM/ip/micro_risc_v1/micro_risc_v1.v:4949) because size is too small (<=64) [EFX-0657]


INFO     : ... Clock Enable Synthesis Performed on 445 flops.


INFO     : ... Hierarchical pre-synthesis "top_level" end (Real time : 1s CPU user time : 4s CPU sys time : 0s MEM : 294892KB)


INFO     : ... Flat optimizations begin


INFO     : ... Flat optimizations end (Real time : 0s CPU user time : 5s CPU sys time : 0s MEM : 294892KB)


INFO     : ... Flat synthesis begin


INFO     : ... Flat synthesis end (Real time : 0s CPU user time : 5s CPU sys time : 0s MEM : 294892KB)


INFO     : ... Flat optimizations begin


INFO     : ... Flat optimizations end (Real time : 0s CPU user time : 5s CPU sys time : 0s MEM : 294892KB)


INFO     : ... Check and break combinational loops begin


INFO     : ... Check and break combinational loops end (Real time : 0s CPU user time : 5s CPU sys time : 0s MEM : 294892KB)


INFO     : ... Sequential Optimization begin


INFO     : ... Clock Network 'pll_clk' with 2314 loads will be considered for sequential optimization.


INFO     : ... Clock Network 'jtag_dummy_TCK' with 221 loads will be considered for sequential optimization.


INFO     : ... Clock Network 'clk' with 92 loads will be considered for sequential optimization.


INFO     : ... Sequential Optimization deduced 486 equivalent points.


INFO     : ... Sequential Optimization end (Real time : 15s CPU user time : 20s CPU sys time : 0s MEM : 294892KB)


INFO     : ... Setup for logic synthesis begin


INFO     : ... Setup for logic synthesis end (Real time : 0s CPU user time : 20s CPU sys time : 0s MEM : 294892KB)


INFO     : ... LUT mapping begin


INFO     : ... LS, strategy: 3, nd: 3233, ed: 10553, lv: 7, pw: 5987.91


INFO     : ... LUT mapping end (Real time : 12s CPU user time : 34s CPU sys time : 0s MEM : 294892KB)


INFO     : ... Post-synthesis Verific netlist creation begin


INFO     : ... Post-synthesis Verific netlist creation end (Real time : 0s CPU user time : 34s CPU sys time : 0s MEM : 294892KB)


INFO     : ... Postmap Retiming Optimization begin


INFO     : ... Clock Network 'pll_clk~pll_clk' with 2301 loads will be considered for retiming optimization.


INFO     : ... Clock Network 'jtag_dummy_TCK~jtag_dummy_TCK' with 220 loads will be considered for retiming optimization.


INFO     : ... Clock Network 'clk~clk' with 92 loads will be considered for retiming optimization.


INFO     : ... Performed 1 retime moves.


INFO     : ... Postmap Retiming Optimization end (Real time : 14s CPU user time : 48s CPU sys time : 0s MEM : 294892KB)


INFO     : ***** Beginning VDB Netlist Checker ... *****


WARNING  : /home/olle/efinity_p2/BRAM/top_level.vhd(11): Input/inout port phy_intr_n is unconnected and will be removed. [VDB-8003]


WARNING  : /home/olle/efinity_p2/BRAM/top_level.vhd(16): Input/inout port rmii_crs_dv is unconnected and will be removed. [VDB-8003]


WARNING  : /home/olle/efinity_p2/BRAM/top_level.vhd(17): Input/inout port rmii_rx_er is unconnected and will be removed. [VDB-8003]


WARNING  : /home/olle/efinity_p2/BRAM/top_level.vhd(18): Input/inout port rmii_rxd[1] is unconnected and will be removed. [VDB-8003]


WARNING  : /home/olle/efinity_p2/BRAM/top_level.vhd(21): Input/inout port mdio_i is unconnected and will be removed. [VDB-8003]


WARNING  : /home/olle/efinity_p2/BRAM/top_level.vhd(29): Input/inout port jtag_dummy_TMS is unconnected and will be removed. [VDB-8003]


WARNING  : /home/olle/efinity_p2/BRAM/top_level.vhd(30): Input/inout port jtag_dummy_SEL is unconnected and will be removed. [VDB-8003]


WARNING  : /home/olle/efinity_p2/BRAM/top_level.vhd(31): Input/inout port jtag_dummy_DRCK is unconnected and will be removed. [VDB-8003]


WARNING  : /home/olle/efinity_p2/BRAM/top_level.vhd(33): Input/inout port jtag_dummy_RUNTEST is unconnected and will be removed. [VDB-8003]


WARNING  : /home/olle/efinity_p2/BRAM/top_level.vhd(38): Input/inout port led4 is unconnected and will be removed. [VDB-8003]


WARNING  : Net u_micro_risc_v1/u_EfxSapphireSoc/system_cores_0_logic_cpu/IBusCachedPlugin_cache/lineLoader_address[0] is dangling. [VDB-8009]


WARNING  : Net u_micro_risc_v1/u_EfxSapphireSoc/system_cores_0_logic_cpu/IBusCachedPlugin_cache/lineLoader_address[1] is dangling. [VDB-8009]


WARNING  : Net u_micro_risc_v1/u_EfxSapphireSoc/system_cores_0_logic_cpu/IBusCachedPlugin_cache/lineLoader_address[2] is dangling. [VDB-8009]


WARNING  : Net u_micro_risc_v1/u_EfxSapphireSoc/system_cores_0_logic_cpu/IBusCachedPlugin_cache/lineLoader_address[3] is dangling. [VDB-8009]


WARNING  : Net u_micro_risc_v1/u_EfxSapphireSoc/system_cores_0_logic_cpu/IBusCachedPlugin_cache/lineLoader_address[4] is dangling. [VDB-8009]


WARNING  : Net u_micro_risc_v1/u_EfxSapphireSoc/system_cores_0_logic_cpu/IBusCachedPlugin_cache/lineLoader_address[5] is dangling. [VDB-8009]


WARNING  : Found 17 warnings in the post-synthesis netlist.


INFO     : VDB Netlist Checker took 0.0243048 seconds.


INFO     : 	VDB Netlist Checker took 0.04 seconds (approximately) in total CPU time.


INFO     : VDB Netlist Checker virtual memory usage: begin = 309.748 MB, end = 309.748 MB, delta = 0 MB


INFO     : VDB Netlist Checker resident set memory usage: begin = 223.86 MB, end = 223.988 MB, delta = 0.128 MB


INFO     : 	VDB Netlist Checker peak resident set memory usage = 294.892 MB


INFO     : ***** Ending VDB Netlist Checker ... *****


INFO     : Resource Summary 


INFO     : =============================== 


INFO     : EFX_ADD         : 	344


INFO     : EFX_LUT4        : 	3233


INFO     : EFX_FF          : 	2615


INFO     : EFX_RAM_5K      : 	40


INFO     : EFX_GBUFCE      : 	3


INFO     : =============================== 


INFO     : ... Post-Map Verilog Writer begin


INFO     : Writing netlist 'top_level' to Verilog file '/home/olle/efinity_p2/BRAM/outflow/BRAM.map.v' [VDB-1030]


INFO     : ... Post-Map Verilog Writer end (Real time : 0s CPU user time : 49s CPU sys time : 0s MEM : 294892KB)


INFO     : The entire flow of EFX_MAP took 46.7922 seconds.


INFO     : 	The entire flow of EFX_MAP took 49.64 seconds (approximately) in total CPU time.


INFO     : The entire flow of EFX_MAP virtual memory usage: begin = 88.404 MB, end = 309.748 MB, delta = 221.344 MB


INFO     : The entire flow of EFX_MAP resident set memory usage: begin = 27.264 MB, end = 223.988 MB, delta = 196.724 MB


INFO     : 	The entire flow of EFX_MAP peak resident set memory usage = 294.892 MB


Fri August 15 25 19:59:09 - /home/olle/efinix/efinity/2025.1/bin/efx_map finished. Exit code = 0 Exit status : Normal

Running synthesis flow done.

Fri August 15 25 19:59:09 - Start Debugger Flow



-------------------------------------------------------------------------

Debugger

-------------------------------------------------------------------------

Fri August 15 25 19:59:09 - Debugger flow working directory is /home/olle/efinity_p2/BRAM/work_syn


INFO     : --max_threads set to 4 

--------------------------------------------------------------

Start Debugger Step Generate Debugger Cores.

Fri August 15 25 19:59:10 - /home/olle/efinix/efinity/2025.1/bin/python3  -m "efx_dbg.DbgWizard" --device  "T20F169" --family  "Trion" --in_profile_name  "/home/olle/efinity_p2/BRAM/debug_profile.wizard.json" --out_dbg_vdb  "debug_top.post.vdb" --out_profile_name  "/home/olle/efinity_p2/BRAM/debug_profile.wizard.json" --out_dir  "work_dbg"

Fri August 15 25 19:59:10 - Running /home/olle/efinix/efinity/2025.1/bin/python3...

Fri August 15 25 19:59:10 - /home/olle/efinix/efinity/2025.1/bin/python3 finished. Exit code = 0 Exit status : Normal

Debugger Step Generate Debugger Cores. Done

--------------------------------------------------------------

--------------------------------------------------------------

Start Debugger Step Compile Debugger Cores.

Fri August 15 25 19:59:10 - /home/olle/efinix/efinity/2025.1/bin/efx_map  --allow-const-ram-index "0" --blackbox-error "1" --blast_const_operand_adders "1" --bram_output_regs_packing "1" --bram-push-tco-outreg "0" --create-onehot-fsms "0" --fanout-limit "0" --hdl-compile-unit "1" --hdl-loop-limit "20000" --infer-clk-enable "3" --infer-sync-set-reset "1" --enable-mark-debug "1" --max_ram "-1" --max_mult "-1" --max-bit-blast-mem-size "10240" --min-sr-fanout "0" --min-ce-fanout "0" --mode "speed" --mult-auto-pipeline "0" --mult-decomp-retime "0" --operator-sharing "0" --optimize-adder-tree "0" --optimize-zero-init-rom "1" --peri-syn-instantiation "0" --peri-syn-inference "0" --ram-decomp-mode "0" --retiming "1" --seq_opt "1" --seq-opt-sync-only "0" --use-logic-for-small-mem "64" --use-logic-for-small-rom "64" --max_threads "-1" --mult_input_regs_packing "1" --mult_output_regs_packing "1" --I "/home/olle/efinity_p2/BRAM" --I "/home/olle/efinity_p2/BRAM/ip/BRAM_8192_bytes" --I "/home/olle/efinity_p2/BRAM/ip/micro_risc_v1" --family "Trion" --device "T20F169" --root "edb_top" --v "/home/olle/efinity_p2/BRAM/work_dbg/debug_top.v" --write-postmap-module "/home/olle/efinity_p2/BRAM/work_dbg/debug_top.post.vdb" --gen-mark-debug-json "0" --work-dir "/home/olle/efinity_p2/BRAM/work_dbg" --output-dir "/home/olle/efinity_p2/BRAM/outflow"

Fri August 15 25 19:59:10 - Running /home/olle/efinix/efinity/2025.1/bin/efx_map...

INFO     : Efinix FPGA Synthesis.
INFO     : Version: 2025.1.110.2.15
INFO     : Compiled: Jun 21 2025.
INFO     : 
INFO     : Copyright (C) 2013 - 2025 Efinix, Inc. All rights reserved.


INFO     : Analyzing Verilog file '/home/olle/efinix/efinity/2025.1/sim_models/maplib/efinix_peri_lib.v' [VERI-1482]

INFO     : /home/olle/efinix/efinity/2025.1/sim_models/maplib/efinix_peri_lib.v(8): compiling module 'EFX_IBUF' [VERI-1018]
INFO     : /home/olle/efinix/efinity/2025.1/sim_models/maplib/efinix_peri_lib.v(16): compiling module 'EFX_OBUF' [VERI-1018]
INFO     : /home/olle/efinix/efinity/2025.1/sim_models/maplib/efinix_peri_lib.v(23): compiling module 'EFX_IO_BUF' [VERI-1018]
INFO     : /home/olle/efinix/efinity/2025.1/sim_models/maplib/efinix_peri_lib.v(33): compiling module 'EFX_CLKOUT' [VERI-1018]
INFO     : /home/olle/efinix/efinity/2025.1/sim_models/maplib/efinix_peri_lib.v(41): compiling module 'EFX_IREG' [VERI-1018]
INFO     : /home/olle/efinix/efinity/2025.1/sim_models/maplib/efinix_peri_lib.v(51): compiling module 'EFX_OREG' [VERI-1018]
INFO     : /home/olle/efinix/efinity/2025.1/sim_models/maplib/efinix_peri_lib.v(60): compiling module 'EFX_IOREG' [VERI-1018]
INFO     : /home/olle/efinix/efinity/2025.1/sim_models/maplib/efinix_peri_lib.v(75): compiling module 'EFX_IDDIO' [VERI-1018]
INFO     : /home/olle/efinix/efinity/2025.1/sim_models/maplib/efinix_peri_lib.v(87): compiling module 'EFX_ODDIO' [VERI-1018]
INFO     : /home/olle/efinix/efinity/2025.1/sim_models/maplib/efinix_peri_lib.v(99): compiling module 'EFX_GPIO_V1' [VERI-1018]
INFO     : /home/olle/efinix/efinity/2025.1/sim_models/maplib/efinix_peri_lib.v(124): compiling module 'EFX_GPIO_V2' [VERI-1018]
INFO     : /home/olle/efinix/efinity/2025.1/sim_models/maplib/efinix_peri_lib.v(149): compiling module 'EFX_GPIO_V3' [VERI-1018]
INFO     : /home/olle/efinix/efinity/2025.1/sim_models/maplib/efinix_peri_lib.v(186): compiling module 'EFX_PLL_V1' [VERI-1018]
INFO     : /home/olle/efinix/efinity/2025.1/sim_models/maplib/efinix_peri_lib.v(205): compiling module 'EFX_PLL_V2' [VERI-1018]
INFO     : /home/olle/efinix/efinity/2025.1/sim_models/maplib/efinix_peri_lib.v(231): compiling module 'EFX_PLL_V3' [VERI-1018]
INFO     : /home/olle/efinix/efinity/2025.1/sim_models/maplib/efinix_peri_lib.v(279): compiling module 'EFX_OSC_V1' [VERI-1018]
INFO     : /home/olle/efinix/efinity/2025.1/sim_models/maplib/efinix_peri_lib.v(285): compiling module 'EFX_OSC_V3' [VERI-1018]
INFO     : /home/olle/efinix/efinity/2025.1/sim_models/maplib/efinix_peri_lib.v(294): compiling module 'EFX_FPLL_V1' [VERI-1018]
INFO     : /home/olle/efinix/efinity/2025.1/sim_models/maplib/efinix_peri_lib.v(348): compiling module 'EFX_JTAG_V1' [VERI-1018]
INFO     : /home/olle/efinix/efinity/2025.1/sim_models/maplib/efinix_peri_lib.v(357): compiling module 'EFX_JTAG_CTRL' [VERI-1018]
INFO     : /home/olle/efinix/efinity/2025.1/sim_models/maplib/efinix_peri_lib.v(364): compiling module 'EFX_LVDS_RX_V1' [VERI-1018]
INFO     : /home/olle/efinix/efinity/2025.1/sim_models/maplib/efinix_peri_lib.v(381): compiling module 'EFX_LVDS_TX_V1' [VERI-1018]
INFO     : /home/olle/efinix/efinity/2025.1/sim_models/maplib/efinix_peri_lib.v(399): compiling module 'EFX_LVDS_RX_V2' [VERI-1018]
INFO     : /home/olle/efinix/efinity/2025.1/sim_models/maplib/efinix_peri_lib.v(426): compiling module 'EFX_LVDS_TX_V2' [VERI-1018]
INFO     : /home/olle/efinix/efinity/2025.1/sim_models/maplib/efinix_peri_lib.v(446): compiling module 'EFX_LVDS_BIDIR_V2' [VERI-1018]
INFO     : ***** Beginning Analysis ... *****
INFO     : default VHDL library search path is now "/home/olle/efinix/efinity/2025.1/sim_models/vhdl/packages/vhdl_2008" [VHDL-1504]
INFO     : Analyzing Verilog file '/home/olle/efinix/efinity/2025.1/sim_models/maplib/efinix_maplib.v' [VERI-1482]
INFO     : Analyzing Verilog file '/home/olle/efinix/efinity/2025.1/sim_models/maplib/efinix_peri_lib.v' [VERI-1482]

INFO     : Analyzing Verilog file '/home/olle/efinix/efinity/2025.1/sim_models/maplib/efinix_maplib.v' [VERI-1482]
INFO     : Analyzing Verilog file '/home/olle/efinix/efinity/2025.1/sim_models/maplib/efinix_peri_lib.v' [VERI-1482]
INFO     : Analyzing Verilog file '/home/olle/efinity_p2/BRAM/work_dbg/debug_top.v' [VERI-1482]

INFO     : /home/olle/efinity_p2/BRAM/work_dbg/debug_top.v(4544): undeclared symbol 'la_capture_mask', assumed default net type 'wire' [VERI-2561]

INFO     : /home/olle/efinity_p2/BRAM/work_dbg/debug_top.v(4914): undeclared symbol 'next_segment_pointer_eq', assumed default net type 'wire' [VERI-2561]
INFO     : /home/olle/efinity_p2/BRAM/work_dbg/debug_top.v(4915): undeclared symbol 'next_segment_msb_xor', assumed default net type 'wire' [VERI-2561]
INFO     : Analysis took 0.0616095 seconds.
INFO     : 	Analysis took 0.06 seconds (approximately) in total CPU time.
INFO     : Analysis virtual memory usage: begin = 124.564 MB, end = 127.636 MB, delta = 3.072 MB
INFO     : Analysis resident set memory usage: begin = 71.296 MB, end = 74.88 MB, delta = 3.584 MB
INFO     : 	Analysis peak resident set memory usage = 294.892 MB
INFO     : ***** Ending Analysis ... *****
INFO     : ***** Beginning Elaboration ... *****
WARNING  : /home/olle/efinity_p2/BRAM/work_dbg/debug_top.v(258): port 'probe39' remains unconnected for this instance [VERI-1927]
INFO     : /home/olle/efinity_p2/BRAM/work_dbg/debug_top.v(10): compiling module 'edb_top' [VERI-1018]

INFO     : /home/olle/efinity_p2/BRAM/work_dbg/debug_top.v(644): compiling module 'edb_la_top_renamed_due_excessive_length_1' [VERI-1018]

INFO     : /home/olle/efinity_p2/BRAM/work_dbg/debug_top.v(333): compiling module 'edb_adbg_crc32' [VERI-1018]

INFO     : /home/olle/efinity_p2/BRAM/work_dbg/debug_top.v(5645): compiling module 'compare_unit(WIDTH=11'b01,PIPE=1)' [VERI-1018]

INFO     : /home/olle/efinity_p2/BRAM/work_dbg/debug_top.v(5645): compiling module 'compare_unit(WIDTH=11'b011010,PIPE=1)' [VERI-1018]

INFO     : /home/olle/efinity_p2/BRAM/work_dbg/debug_top.v(5645): compiling module 'compare_unit(WIDTH=11'b010000,PIPE=1)' [VERI-1018]

INFO     : /home/olle/efinity_p2/BRAM/work_dbg/debug_top.v(5645): compiling module 'compare_unit(WIDTH=11'b0100,PIPE=1)' [VERI-1018]

INFO     : /home/olle/efinity_p2/BRAM/work_dbg/debug_top.v(5645): compiling module 'compare_unit(WIDTH=11'b0101,PIPE=1)' [VERI-1018]

INFO     : /home/olle/efinity_p2/BRAM/work_dbg/debug_top.v(5645): compiling module 'compare_unit(WIDTH=11'b0100000,PIPE=1)' [VERI-1018]

INFO     : /home/olle/efinity_p2/BRAM/work_dbg/debug_top.v(5850): compiling module 'trigger_unit(WIDTH=32'b0100111,PIPE=1)' [VERI-1018]

INFO     : /home/olle/efinity_p2/BRAM/work_dbg/debug_top.v(5850): compiling module 'trigger_unit(WIDTH=32'b0100111,PIPE=1,TRIGGER_IF_MASK_ZERO=1)' [VERI-1018]
WARNING  : /home/olle/efinity_p2/BRAM/work_dbg/debug_top.v(4536): actual bit length 32 differs from formal bit length 1 for port 'trigger_in' [VERI-1330]
INFO     : /home/olle/efinity_p2/BRAM/work_dbg/debug_top.v(5975): compiling module 'trigger_skipper' [VERI-1018]
INFO     : /home/olle/efinity_p2/BRAM/work_dbg/debug_top.v(4991): compiling module 'la_biu(CAPTURE_WIDTH=32'b010101110,CAPTURE_CONTROL=1)' [VERI-1018]
INFO     : /home/olle/efinity_p2/BRAM/work_dbg/debug_top.v(4733): compiling module 'fifo_with_read(DATA_WIDTH=32'b010101111)' [VERI-1018]
INFO     : /home/olle/efinity_p2/BRAM/work_dbg/debug_top.v(4683): compiling module 'fifo_address_trancode_unit' [VERI-1018]

INFO     : /home/olle/efinity_p2/BRAM/work_dbg/debug_top.v(554): compiling module 'edb_simple_dual_port_ram(DATA_WIDTH=32'b010101111,ADDR_WIDTH=10,RAM_INIT_FILE="")' [VERI-1018]
INFO     : /home/olle/efinity_p2/BRAM/work_dbg/debug_top.v(569): extracting RAM for identifier 'ram' [VERI-2571]

INFO     : /home/olle/efinity_p2/BRAM/work_dbg/debug_top.v(411): compiling module 'debug_hub' [VERI-1018]

WARNING  : /home/olle/efinity_p2/BRAM/work_dbg/debug_top.v(198): input port 'probe39[0]' remains unconnected for this instance [VDB-1053]
INFO     : Elaboration took 1.27281 seconds.
INFO     : 	Elaboration took 1.23 seconds (approximately) in total CPU time.
INFO     : Elaboration virtual memory usage: begin = 127.636 MB, end = 189.588 MB, delta = 61.952 MB
INFO     : Elaboration resident set memory usage: begin = 74.88 MB, end = 137.728 MB, delta = 62.848 MB
INFO     : 	Elaboration peak resident set memory usage = 294.892 MB
INFO     : ***** Ending Elaboration ... *****
INFO     : ... Setting Synthesis Option: mode=speed
INFO     : ***** Beginning Reading Mapping Library ... *****
INFO     : Analyzing Verilog file '/home/olle/efinix/efinity/2025.1/sim_models/maplib/efinix_maplib.v' [VERI-1482]
INFO     : /home/olle/efinix/efinity/2025.1/sim_models/maplib/efinix_maplib.v(8): compiling module 'EFX_ADD' [VERI-1018]
INFO     : /home/olle/efinix/efinity/2025.1/sim_models/maplib/efinix_maplib.v(21): compiling module 'EFX_FF' [VERI-1018]
INFO     : /home/olle/efinix/efinity/2025.1/sim_models/maplib/efinix_maplib.v(38): compiling module 'EFX_COMB4' [VERI-1018]
INFO     : /home/olle/efinix/efinity/2025.1/sim_models/maplib/efinix_maplib.v(48): compiling module 'EFX_GBUFCE' [VERI-1018]
INFO     : /home/olle/efinix/efinity/2025.1/sim_models/maplib/efinix_maplib.v(57): compiling module 'EFX_LUT4' [VERI-1018]
INFO     : /home/olle/efinix/efinity/2025.1/sim_models/maplib/efinix_maplib.v(65): compiling module 'EFX_MULT' [VERI-1018]
INFO     : /home/olle/efinix/efinity/2025.1/sim_models/maplib/efinix_maplib.v(100): compiling module 'EFX_DSP48' [VERI-1018]
INFO     : /home/olle/efinix/efinity/2025.1/sim_models/maplib/efinix_maplib.v(156): compiling module 'EFX_DSP24' [VERI-1018]
INFO     : /home/olle/efinix/efinity/2025.1/sim_models/maplib/efinix_maplib.v(209): compiling module 'EFX_DSP12' [VERI-1018]
INFO     : /home/olle/efinix/efinity/2025.1/sim_models/maplib/efinix_maplib.v(262): compiling module 'EFX_RAM_4K' [VERI-1018]
INFO     : /home/olle/efinix/efinity/2025.1/sim_models/maplib/efinix_maplib.v(322): compiling module 'EFX_RAM_5K' [VERI-1018]
INFO     : /home/olle/efinix/efinity/2025.1/sim_models/maplib/efinix_maplib.v(394): compiling module 'EFX_DPRAM_5K' [VERI-1018]
INFO     : /home/olle/efinix/efinity/2025.1/sim_models/maplib/efinix_maplib.v(499): compiling module 'RAMB5' [VERI-1018]
INFO     : /home/olle/efinix/efinity/2025.1/sim_models/maplib/efinix_maplib.v(561): compiling module 'EFX_RAM_10K' [VERI-1018]
INFO     : /home/olle/efinix/efinity/2025.1/sim_models/maplib/efinix_maplib.v(653): compiling module 'EFX_RAM10' [VERI-1018]
INFO     : /home/olle/efinix/efinity/2025.1/sim_models/maplib/efinix_maplib.v(754): compiling module 'EFX_DPRAM10' [VERI-1018]
INFO     : /home/olle/efinix/efinity/2025.1/sim_models/maplib/efinix_maplib.v(884): compiling module 'EFX_SRL8' [VERI-1018]
INFO     : Reading Mapping Library took 0.014745 seconds.
INFO     : 	Reading Mapping Library took 0.01 seconds (approximately) in total CPU time.
INFO     : Reading Mapping Library virtual memory usage: begin = 189.588 MB, end = 189.588 MB, delta = 0 MB
INFO     : Reading Mapping Library resident set memory usage: begin = 138.24 MB, end = 138.24 MB, delta = 0 MB
INFO     : 	Reading Mapping Library peak resident set memory usage = 294.892 MB
INFO     : ***** Ending Reading Mapping Library ... *****
INFO     : ... Pre-synthesis checks begin
WARNING  : Removing redundant signal : compared_in[0]. (/home/olle/efinity_p2/BRAM/work_dbg/debug_top.v:5651) [EFX-0200]
WARNING  : Removing redundant signal : mask_in[0]. (/home/olle/efinity_p2/BRAM/work_dbg/debug_top.v:5652) [EFX-0200]

WARNING  : Removing redundant signal : trigger_in. (/home/olle/efinity_p2/BRAM/work_dbg/debug_top.v:5862) [EFX-0200]
WARNING  : Removing redundant signal : trigger_in. (/home/olle/efinity_p2/BRAM/work_dbg/debug_top.v:5862) [EFX-0200]
INFO     : ... Memory 'ram' is not initialized, assuming empty initial contents. (/home/olle/efinity_p2/BRAM/work_dbg/debug_top.v:569) [EFX-0677]
WARNING  : Removing redundant signal : din[174]. (/home/olle/efinity_p2/BRAM/work_dbg/debug_top.v:4746) [EFX-0200]
WARNING  : Removing redundant signal : shift_i. (/home/olle/efinity_p2/BRAM/work_dbg/debug_top.v:5011) [EFX-0200]
WARNING  : Removing redundant signal : trig_out. (/home/olle/efinity_p2/BRAM/work_dbg/debug_top.v:5028) [EFX-0200]
WARNING  : Removing redundant signal : trig_out_ack. (/home/olle/efinity_p2/BRAM/work_dbg/debug_top.v:5029) [EFX-0200]
INFO     : Module Instance 'genblk2.global_capture_inst' input pin 'trigger_in' is tied to constant (=0). [EFX-0266]
WARNING  : Removing redundant signal : bscan_DRCK. (/home/olle/efinity_p2/BRAM/work_dbg/debug_top.v:1177) [EFX-0200]
WARNING  : Removing redundant signal : bscan_RESET. (/home/olle/efinity_p2/BRAM/work_dbg/debug_top.v:1178) [EFX-0200]
WARNING  : Removing redundant signal : bscan_RUNTEST. (/home/olle/efinity_p2/BRAM/work_dbg/debug_top.v:1179) [EFX-0200]
WARNING  : Removing redundant signal : bscan_SEL. (/home/olle/efinity_p2/BRAM/work_dbg/debug_top.v:1180) [EFX-0200]
WARNING  : Removing redundant signal : bscan_TMS. (/home/olle/efinity_p2/BRAM/work_dbg/debug_top.v:1184) [EFX-0200]
WARNING  : Removing redundant signal : trig_in_ack. (/home/olle/efinity_p2/BRAM/work_dbg/debug_top.v:1196) [EFX-0200]

WARNING  : Removing redundant signal : bscan_CAPTURE. (/home/olle/efinity_p2/BRAM/work_dbg/debug_top.v:416) [EFX-0200]
WARNING  : Removing redundant signal : bscan_DRCK. (/home/olle/efinity_p2/BRAM/work_dbg/debug_top.v:417) [EFX-0200]
WARNING  : Removing redundant signal : bscan_RUNTEST. (/home/olle/efinity_p2/BRAM/work_dbg/debug_top.v:419) [EFX-0200]
WARNING  : Removing redundant signal : bscan_TMS. (/home/olle/efinity_p2/BRAM/work_dbg/debug_top.v:424) [EFX-0200]
INFO     : Module Instance 'la0' input pin 'trig_in' is tied to constant (=0). [EFX-0266]
INFO     : Module Instance 'la0' input pin 'trig_out_ack' is tied to constant (=0). [EFX-0266]
WARNING  : Re-wiring to GND non-driven net 'la0.probe39[0]'. (/home/olle/efinity_p2/BRAM/work_dbg/debug_top.v:198) [EFX-0201]
WARNING  : Re-wiring to GND non-driven net 'la0.probe40[0]'. (/home/olle/efinity_p2/BRAM/work_dbg/debug_top.v:198) [EFX-0201]
WARNING  : Re-wiring to GND non-driven net 'la0.probe41[0]'. (/home/olle/efinity_p2/BRAM/work_dbg/debug_top.v:198) [EFX-0201]
WARNING  : Re-wiring to GND non-driven net 'la0.probe42[0]'. (/home/olle/efinity_p2/BRAM/work_dbg/debug_top.v:198) [EFX-0201]
WARNING  : Re-wiring to GND non-driven net 'la0.probe43[0]'. (/home/olle/efinity_p2/BRAM/work_dbg/debug_top.v:198) [EFX-0201]
WARNING  : Re-wiring to GND non-driven net 'la0.probe44[0]'. (/home/olle/efinity_p2/BRAM/work_dbg/debug_top.v:198) [EFX-0201]
WARNING  : Re-wiring to GND non-driven net 'la0.probe45[0]'. (/home/olle/efinity_p2/BRAM/work_dbg/debug_top.v:198) [EFX-0201]
WARNING  : Re-wiring to GND non-driven net 'la0.probe46[0]'. (/home/olle/efinity_p2/BRAM/work_dbg/debug_top.v:198) [EFX-0201]
WARNING  : Re-wiring to GND non-driven net 'la0.probe47[0]'. (/home/olle/efinity_p2/BRAM/work_dbg/debug_top.v:198) [EFX-0201]
WARNING  : Re-wiring to GND non-driven net 'la0.probe48[0]'. (/home/olle/efinity_p2/BRAM/work_dbg/debug_top.v:198) [EFX-0201]
WARNING  : (The above message was generated too many times, subsequent similar messages will be muted.) [EFX-0201]
INFO     : ... Pre-synthesis checks end (Real time : 0s CPU user time : 1s CPU sys time : 0s MEM : 294892KB)
INFO     : ... NameSpace init begin
INFO     : ... NameSpace init end (Real time : 0s CPU user time : 1s CPU sys time : 0s MEM : 294892KB)
INFO     : ... Mapping design "edb_top"
INFO     : ... Hierarchical pre-synthesis "edb_adbg_crc32" begin
INFO     : ... Hierarchical pre-synthesis "edb_adbg_crc32" end (Real time : 0s CPU user time : 2s CPU sys time : 0s MEM : 294892KB)
INFO     : ... Hierarchical pre-synthesis "compare_unit(WIDTH=11'b01,PIPE=1)" begin
INFO     : ... Hierarchical pre-synthesis "compare_unit(WIDTH=11'b01,PIPE=1)" end (Real time : 0s CPU user time : 2s CPU sys time : 0s MEM : 294892KB)
INFO     : ... Hierarchical pre-synthesis "compare_unit(WIDTH=11'b011010,PIPE=1)" begin
INFO     : ... Hierarchical pre-synthesis "compare_unit(WIDTH=11'b011010,PIPE=1)" end (Real time : 0s CPU user time : 2s CPU sys time : 0s MEM : 294892KB)
INFO     : ... Hierarchical pre-synthesis "compare_unit(WIDTH=11'b010000,PIPE=1)" begin
INFO     : ... Hierarchical pre-synthesis "compare_unit(WIDTH=11'b010000,PIPE=1)" end (Real time : 0s CPU user time : 2s CPU sys time : 0s MEM : 294892KB)
INFO     : ... Hierarchical pre-synthesis "compare_unit(WIDTH=11'b0100,PIPE=1)" begin
INFO     : ... Hierarchical pre-synthesis "compare_unit(WIDTH=11'b0100,PIPE=1)" end (Real time : 0s CPU user time : 2s CPU sys time : 0s MEM : 294892KB)
INFO     : ... Hierarchical pre-synthesis "compare_unit(WIDTH=11'b0101,PIPE=1)" begin
INFO     : ... Hierarchical pre-synthesis "compare_unit(WIDTH=11'b0101,PIPE=1)" end (Real time : 0s CPU user time : 2s CPU sys time : 0s MEM : 294892KB)
INFO     : ... Hierarchical pre-synthesis "compare_unit(WIDTH=11'b0100000,PIPE=1)" begin

INFO     : ... Hierarchical pre-synthesis "compare_unit(WIDTH=11'b0100000,PIPE=1)" end (Real time : 0s CPU user time : 2s CPU sys time : 0s MEM : 294892KB)
INFO     : ... Hierarchical pre-synthesis "trigger_unit(WIDTH=32'b0100111,PIPE=1)" begin

INFO     : ... Hierarchical pre-synthesis "trigger_unit(WIDTH=32'b0100111,PIPE=1)" end (Real time : 0s CPU user time : 2s CPU sys time : 0s MEM : 294892KB)
INFO     : ... Hierarchical pre-synthesis "trigger_unit(WIDTH=32'b0100111,PIPE=1,TRIGGER_IF_MASK_ZERO=1)" begin
INFO     : ... Hierarchical pre-synthesis "trigger_unit(WIDTH=32'b0100111,PIPE=1,TRIGGER_IF_MASK_ZERO=1)" end (Real time : 0s CPU user time : 2s CPU sys time : 0s MEM : 294892KB)
INFO     : ... Hierarchical pre-synthesis "trigger_skipper" begin

INFO     : ... Hierarchical pre-synthesis "trigger_skipper" end (Real time : 0s CPU user time : 2s CPU sys time : 0s MEM : 294892KB)
INFO     : ... Hierarchical pre-synthesis "fifo_address_trancode_unit" begin

INFO     : ... Hierarchical pre-synthesis "fifo_address_trancode_unit" end (Real time : 0s CPU user time : 2s CPU sys time : 0s MEM : 294892KB)
INFO     : ... Hierarchical pre-synthesis "edb_simple_dual_port_ram(DATA_WIDTH=32'b010101111,ADDR_WIDTH=10,RAM_INIT_FILE="")" begin

INFO     : ... Hierarchical pre-synthesis "edb_simple_dual_port_ram(DATA_WIDTH=32'b010101111,ADDR_WIDTH=10,RAM_INIT_FILE="")" end (Real time : 0s CPU user time : 2s CPU sys time : 0s MEM : 294892KB)
INFO     : ... Hierarchical pre-synthesis "fifo_with_read(DATA_WIDTH=32'b010101111)" begin

INFO     : ... Hierarchical pre-synthesis "fifo_with_read(DATA_WIDTH=32'b010101111)" end (Real time : 0s CPU user time : 2s CPU sys time : 0s MEM : 294892KB)
INFO     : ... Hierarchical pre-synthesis "la_biu(CAPTURE_WIDTH=32'b010101110,CAPTURE_CONTROL=1)" begin

INFO     : ... Hierarchical pre-synthesis "la_biu(CAPTURE_WIDTH=32'b010101110,CAPTURE_CONTROL=1)" end (Real time : 0s CPU user time : 2s CPU sys time : 0s MEM : 294892KB)
INFO     : ... Hierarchical pre-synthesis "edb_la_top_renamed_due_excessive_length_1" begin

INFO     : ... Hierarchical pre-synthesis "edb_la_top_renamed_due_excessive_length_1" end (Real time : 2s CPU user time : 3s CPU sys time : 0s MEM : 294892KB)
INFO     : ... Hierarchical pre-synthesis "debug_hub" begin

INFO     : ... Hierarchical pre-synthesis "debug_hub" end (Real time : 0s CPU user time : 3s CPU sys time : 0s MEM : 294892KB)
INFO     : ... Hierarchical pre-synthesis "edb_top" begin

INFO     : ... Clock Enable Synthesis Performed on 129 flops.

INFO     : ... Hierarchical pre-synthesis "edb_top" end (Real time : 0s CPU user time : 4s CPU sys time : 0s MEM : 294892KB)

INFO     : ... Flat optimizations begin

INFO     : ... Flat optimizations end (Real time : 1s CPU user time : 4s CPU sys time : 0s MEM : 294892KB)

INFO     : ... Flat synthesis begin

INFO     : ... Flat synthesis end (Real time : 0s CPU user time : 4s CPU sys time : 0s MEM : 294892KB)

INFO     : ... Flat optimizations begin

INFO     : ... Flat optimizations end (Real time : 0s CPU user time : 5s CPU sys time : 0s MEM : 294892KB)

INFO     : ... Check and break combinational loops begin

INFO     : ... Check and break combinational loops end (Real time : 0s CPU user time : 5s CPU sys time : 0s MEM : 294892KB)

INFO     : ... Sequential Optimization begin

INFO     : ... Clock Network 'la0_clk' with 1942 loads will be considered for sequential optimization.

INFO     : ... Clock Network 'bscan_TCK' with 1307 loads will be considered for sequential optimization.

INFO     : ... Sequential Optimization deduced 302 equivalent points.

INFO     : ... Sequential Optimization end (Real time : 12s CPU user time : 17s CPU sys time : 0s MEM : 294892KB)

INFO     : ... Setup for logic synthesis begin

INFO     : ... Setup for logic synthesis end (Real time : 0s CPU user time : 17s CPU sys time : 0s MEM : 294892KB)
INFO     : ... LUT mapping begin

INFO     : ... LS, strategy: 3, nd: 3070, ed: 9502, lv: 8, pw: 5439.98
INFO     : ... LUT mapping end (Real time : 11s CPU user time : 30s CPU sys time : 0s MEM : 294892KB)
INFO     : ... Post-synthesis Verific netlist creation begin

INFO     : ... Post-synthesis Verific netlist creation end (Real time : 0s CPU user time : 30s CPU sys time : 0s MEM : 294892KB)

INFO     : ... Postmap Retiming Optimization begin

INFO     : ... Clock Network 'la0_clk~la0_clk' with 1942 loads will be considered for retiming optimization.

INFO     : ... Clock Network 'bscan_TCK~bscan_TCK' with 1307 loads will be considered for retiming optimization.

INFO     : ... Performed 0 retime moves.
INFO     : ... Postmap Retiming Optimization end (Real time : 11s CPU user time : 41s CPU sys time : 0s MEM : 294892KB)

INFO     : ***** Beginning VDB Netlist Checker ... *****
WARNING  : /home/olle/efinity_p2/BRAM/work_dbg/debug_top.v(13): Input/inout port bscan_DRCK is unconnected and will be removed. [VDB-8003]
WARNING  : /home/olle/efinity_p2/BRAM/work_dbg/debug_top.v(15): Input/inout port bscan_RUNTEST is unconnected and will be removed. [VDB-8003]
WARNING  : /home/olle/efinity_p2/BRAM/work_dbg/debug_top.v(20): Input/inout port bscan_TMS is unconnected and will be removed. [VDB-8003]

WARNING  : Found 3 warnings in the post-synthesis netlist.
INFO     : VDB Netlist Checker took 0.0224905 seconds.
INFO     : 	VDB Netlist Checker took 0.04 seconds (approximately) in total CPU time.
INFO     : VDB Netlist Checker virtual memory usage: begin = 317.092 MB, end = 317.092 MB, delta = 0 MB
INFO     : VDB Netlist Checker resident set memory usage: begin = 229.132 MB, end = 229.26 MB, delta = 0.128 MB
INFO     : 	VDB Netlist Checker peak resident set memory usage = 294.892 MB
INFO     : ***** Ending VDB Netlist Checker ... *****

INFO     : Resource Summary 
INFO     : =============================== 
INFO     : EFX_ADD         : 	155
INFO     : EFX_LUT4        : 	3054
INFO     : EFX_FF          : 	3240
INFO     : EFX_RAM_5K      : 	35
INFO     : EFX_GBUFCE      : 	2
INFO     : =============================== 

INFO     : The entire flow of EFX_MAP took 39.3973 seconds.
INFO     : 	The entire flow of EFX_MAP took 42.31 seconds (approximately) in total CPU time.
INFO     : The entire flow of EFX_MAP virtual memory usage: begin = 88.404 MB, end = 317.092 MB, delta = 228.688 MB
INFO     : The entire flow of EFX_MAP resident set memory usage: begin = 27.264 MB, end = 229.26 MB, delta = 201.996 MB
INFO     : 	The entire flow of EFX_MAP peak resident set memory usage = 294.892 MB

Fri August 15 25 19:59:49 - /home/olle/efinix/efinity/2025.1/bin/efx_map finished. Exit code = 0 Exit status : Normal

Debugger Step Compile Debugger Cores. Done

--------------------------------------------------------------

--------------------------------------------------------------

Start Debugger Step Merge User design with Debugger Cores.

Fri August 15 25 19:59:49 - /home/olle/efinix/efinity/2025.1/bin/efx_map  --family "Trion" --device "T20F169" --gen-mark-debug-json "0" --allow-const-ram-index "0" --blackbox-error "1" --blast_const_operand_adders "1" --bram_output_regs_packing "1" --bram-push-tco-outreg "0" --create-onehot-fsms "0" --fanout-limit "0" --hdl-compile-unit "1" --hdl-loop-limit "20000" --infer-clk-enable "3" --infer-sync-set-reset "1" --enable-mark-debug "1" --max_ram "-1" --max_mult "-1" --max-bit-blast-mem-size "10240" --min-sr-fanout "0" --min-ce-fanout "0" --mode "speed" --mult-auto-pipeline "0" --mult-decomp-retime "0" --operator-sharing "0" --optimize-adder-tree "0" --optimize-zero-init-rom "1" --peri-syn-instantiation "0" --peri-syn-inference "0" --ram-decomp-mode "0" --retiming "1" --seq_opt "1" --seq-opt-sync-only "0" --use-logic-for-small-mem "64" --use-logic-for-small-rom "64" --max_threads "-1" --mult_input_regs_packing "1" --mult_output_regs_packing "1" --I "/home/olle/efinity_p2/BRAM" --I "/home/olle/efinity_p2/BRAM/ip/BRAM_8192_bytes" --I "/home/olle/efinity_p2/BRAM/ip/micro_risc_v1" --root "top_level" --vdb "/home/olle/efinity_p2/BRAM/outflow/BRAM.elab.vdb" --vdb "/home/olle/efinity_p2/BRAM/work_dbg/debug_top.post.vdb" --write-efx-verilog "/home/olle/efinity_p2/BRAM/work_dbg/BRAM.dbg.map.v" --binary-db "/home/olle/efinity_p2/BRAM/work_dbg/BRAM.dbg.vdb" --merge_vdbs=1 --conn "/home/olle/efinity_p2/BRAM/debug_profile.wizard.json" --work-dir "/home/olle/efinity_p2/BRAM/work_dbg" --output-dir "/home/olle/efinity_p2/BRAM/outflow"

Fri August 15 25 19:59:49 - Running /home/olle/efinix/efinity/2025.1/bin/efx_map...

INFO     : Efinix FPGA Synthesis.
INFO     : Version: 2025.1.110.2.15
INFO     : Compiled: Jun 21 2025.
INFO     : 
INFO     : Copyright (C) 2013 - 2025 Efinix, Inc. All rights reserved.


INFO     : Analyzing Verilog file '/home/olle/efinix/efinity/2025.1/sim_models/maplib/efinix_peri_lib.v' [VERI-1482]

INFO     : /home/olle/efinix/efinity/2025.1/sim_models/maplib/efinix_peri_lib.v(8): compiling module 'EFX_IBUF' [VERI-1018]
INFO     : /home/olle/efinix/efinity/2025.1/sim_models/maplib/efinix_peri_lib.v(16): compiling module 'EFX_OBUF' [VERI-1018]
INFO     : /home/olle/efinix/efinity/2025.1/sim_models/maplib/efinix_peri_lib.v(23): compiling module 'EFX_IO_BUF' [VERI-1018]
INFO     : /home/olle/efinix/efinity/2025.1/sim_models/maplib/efinix_peri_lib.v(33): compiling module 'EFX_CLKOUT' [VERI-1018]
INFO     : /home/olle/efinix/efinity/2025.1/sim_models/maplib/efinix_peri_lib.v(41): compiling module 'EFX_IREG' [VERI-1018]
INFO     : /home/olle/efinix/efinity/2025.1/sim_models/maplib/efinix_peri_lib.v(51): compiling module 'EFX_OREG' [VERI-1018]
INFO     : /home/olle/efinix/efinity/2025.1/sim_models/maplib/efinix_peri_lib.v(60): compiling module 'EFX_IOREG' [VERI-1018]
INFO     : /home/olle/efinix/efinity/2025.1/sim_models/maplib/efinix_peri_lib.v(75): compiling module 'EFX_IDDIO' [VERI-1018]
INFO     : /home/olle/efinix/efinity/2025.1/sim_models/maplib/efinix_peri_lib.v(87): compiling module 'EFX_ODDIO' [VERI-1018]
INFO     : /home/olle/efinix/efinity/2025.1/sim_models/maplib/efinix_peri_lib.v(99): compiling module 'EFX_GPIO_V1' [VERI-1018]
INFO     : /home/olle/efinix/efinity/2025.1/sim_models/maplib/efinix_peri_lib.v(124): compiling module 'EFX_GPIO_V2' [VERI-1018]
INFO     : /home/olle/efinix/efinity/2025.1/sim_models/maplib/efinix_peri_lib.v(149): compiling module 'EFX_GPIO_V3' [VERI-1018]
INFO     : /home/olle/efinix/efinity/2025.1/sim_models/maplib/efinix_peri_lib.v(186): compiling module 'EFX_PLL_V1' [VERI-1018]
INFO     : /home/olle/efinix/efinity/2025.1/sim_models/maplib/efinix_peri_lib.v(205): compiling module 'EFX_PLL_V2' [VERI-1018]
INFO     : /home/olle/efinix/efinity/2025.1/sim_models/maplib/efinix_peri_lib.v(231): compiling module 'EFX_PLL_V3' [VERI-1018]
INFO     : /home/olle/efinix/efinity/2025.1/sim_models/maplib/efinix_peri_lib.v(279): compiling module 'EFX_OSC_V1' [VERI-1018]
INFO     : /home/olle/efinix/efinity/2025.1/sim_models/maplib/efinix_peri_lib.v(285): compiling module 'EFX_OSC_V3' [VERI-1018]
INFO     : /home/olle/efinix/efinity/2025.1/sim_models/maplib/efinix_peri_lib.v(294): compiling module 'EFX_FPLL_V1' [VERI-1018]
INFO     : /home/olle/efinix/efinity/2025.1/sim_models/maplib/efinix_peri_lib.v(348): compiling module 'EFX_JTAG_V1' [VERI-1018]
INFO     : /home/olle/efinix/efinity/2025.1/sim_models/maplib/efinix_peri_lib.v(357): compiling module 'EFX_JTAG_CTRL' [VERI-1018]
INFO     : /home/olle/efinix/efinity/2025.1/sim_models/maplib/efinix_peri_lib.v(364): compiling module 'EFX_LVDS_RX_V1' [VERI-1018]
INFO     : /home/olle/efinix/efinity/2025.1/sim_models/maplib/efinix_peri_lib.v(381): compiling module 'EFX_LVDS_TX_V1' [VERI-1018]
INFO     : /home/olle/efinix/efinity/2025.1/sim_models/maplib/efinix_peri_lib.v(399): compiling module 'EFX_LVDS_RX_V2' [VERI-1018]
INFO     : /home/olle/efinix/efinity/2025.1/sim_models/maplib/efinix_peri_lib.v(426): compiling module 'EFX_LVDS_TX_V2' [VERI-1018]
INFO     : /home/olle/efinix/efinity/2025.1/sim_models/maplib/efinix_peri_lib.v(446): compiling module 'EFX_LVDS_BIDIR_V2' [VERI-1018]

INFO     : ... Setting Synthesis Option: mode=speed
INFO     : ***** Beginning Reading Mapping Library ... *****
INFO     : Analyzing Verilog file '/home/olle/efinix/efinity/2025.1/sim_models/maplib/efinix_maplib.v' [VERI-1482]
INFO     : /home/olle/efinix/efinity/2025.1/sim_models/maplib/efinix_maplib.v(8): compiling module 'EFX_ADD' [VERI-1018]
INFO     : /home/olle/efinix/efinity/2025.1/sim_models/maplib/efinix_maplib.v(21): compiling module 'EFX_FF' [VERI-1018]
INFO     : /home/olle/efinix/efinity/2025.1/sim_models/maplib/efinix_maplib.v(38): compiling module 'EFX_COMB4' [VERI-1018]
INFO     : /home/olle/efinix/efinity/2025.1/sim_models/maplib/efinix_maplib.v(48): compiling module 'EFX_GBUFCE' [VERI-1018]
INFO     : /home/olle/efinix/efinity/2025.1/sim_models/maplib/efinix_maplib.v(57): compiling module 'EFX_LUT4' [VERI-1018]
INFO     : /home/olle/efinix/efinity/2025.1/sim_models/maplib/efinix_maplib.v(65): compiling module 'EFX_MULT' [VERI-1018]
INFO     : /home/olle/efinix/efinity/2025.1/sim_models/maplib/efinix_maplib.v(100): compiling module 'EFX_DSP48' [VERI-1018]
INFO     : /home/olle/efinix/efinity/2025.1/sim_models/maplib/efinix_maplib.v(156): compiling module 'EFX_DSP24' [VERI-1018]
INFO     : /home/olle/efinix/efinity/2025.1/sim_models/maplib/efinix_maplib.v(209): compiling module 'EFX_DSP12' [VERI-1018]
INFO     : /home/olle/efinix/efinity/2025.1/sim_models/maplib/efinix_maplib.v(262): compiling module 'EFX_RAM_4K' [VERI-1018]
INFO     : /home/olle/efinix/efinity/2025.1/sim_models/maplib/efinix_maplib.v(322): compiling module 'EFX_RAM_5K' [VERI-1018]
INFO     : /home/olle/efinix/efinity/2025.1/sim_models/maplib/efinix_maplib.v(394): compiling module 'EFX_DPRAM_5K' [VERI-1018]

INFO     : /home/olle/efinix/efinity/2025.1/sim_models/maplib/efinix_maplib.v(499): compiling module 'RAMB5' [VERI-1018]
INFO     : /home/olle/efinix/efinity/2025.1/sim_models/maplib/efinix_maplib.v(561): compiling module 'EFX_RAM_10K' [VERI-1018]
INFO     : /home/olle/efinix/efinity/2025.1/sim_models/maplib/efinix_maplib.v(653): compiling module 'EFX_RAM10' [VERI-1018]
INFO     : /home/olle/efinix/efinity/2025.1/sim_models/maplib/efinix_maplib.v(754): compiling module 'EFX_DPRAM10' [VERI-1018]
INFO     : /home/olle/efinix/efinity/2025.1/sim_models/maplib/efinix_maplib.v(884): compiling module 'EFX_SRL8' [VERI-1018]
INFO     : Reading Mapping Library took 0.011515 seconds.
INFO     : 	Reading Mapping Library took 0.01 seconds (approximately) in total CPU time.
INFO     : Reading Mapping Library virtual memory usage: begin = 168.08 MB, end = 169.104 MB, delta = 1.024 MB
INFO     : Reading Mapping Library resident set memory usage: begin = 116.608 MB, end = 117.12 MB, delta = 0.512 MB
INFO     : 	Reading Mapping Library peak resident set memory usage = 294.892 MB
INFO     : ***** Ending Reading Mapping Library ... *****

INFO     : ... Pre-synthesis checks begin
WARNING  : The primary output port 'led2' wire 'led2' is not driven. [EFX-0256]
WARNING  : The primary output port 'CAM0_EN' wire 'CAM0_EN' is not driven. [EFX-0256]
WARNING  : The primary output port 'CAM1_EN' wire 'CAM1_EN' is not driven. [EFX-0256]
WARNING  : Removing redundant signal : io_cpu_prefetch_isValid. (/home/olle/efinity_p2/BRAM/ip/micro_risc_v1/micro_risc_v1.v:12221) [EFX-0200]
WARNING  : Removing redundant signal : io_cpu_prefetch_pc[31]. (/home/olle/efinity_p2/BRAM/ip/micro_risc_v1/micro_risc_v1.v:12223) [EFX-0200]
WARNING  : Removing redundant signal : io_cpu_prefetch_pc[30]. (/home/olle/efinity_p2/BRAM/ip/micro_risc_v1/micro_risc_v1.v:12223) [EFX-0200]
WARNING  : Removing redundant signal : io_cpu_prefetch_pc[29]. (/home/olle/efinity_p2/BRAM/ip/micro_risc_v1/micro_risc_v1.v:12223) [EFX-0200]
WARNING  : Removing redundant signal : io_cpu_prefetch_pc[28]. (/home/olle/efinity_p2/BRAM/ip/micro_risc_v1/micro_risc_v1.v:12223) [EFX-0200]
WARNING  : Removing redundant signal : io_cpu_prefetch_pc[27]. (/home/olle/efinity_p2/BRAM/ip/micro_risc_v1/micro_risc_v1.v:12223) [EFX-0200]
WARNING  : Removing redundant signal : io_cpu_prefetch_pc[26]. (/home/olle/efinity_p2/BRAM/ip/micro_risc_v1/micro_risc_v1.v:12223) [EFX-0200]
WARNING  : Removing redundant signal : io_cpu_prefetch_pc[25]. (/home/olle/efinity_p2/BRAM/ip/micro_risc_v1/micro_risc_v1.v:12223) [EFX-0200]
WARNING  : Removing redundant signal : io_cpu_prefetch_pc[24]. (/home/olle/efinity_p2/BRAM/ip/micro_risc_v1/micro_risc_v1.v:12223) [EFX-0200]
WARNING  : Removing redundant signal : io_cpu_prefetch_pc[23]. (/home/olle/efinity_p2/BRAM/ip/micro_risc_v1/micro_risc_v1.v:12223) [EFX-0200]
WARNING  : Removing redundant signal : io_cpu_prefetch_pc[22]. (/home/olle/efinity_p2/BRAM/ip/micro_risc_v1/micro_risc_v1.v:12223) [EFX-0200]
WARNING  : Removing redundant signal : io_cpu_prefetch_pc[21]. (/home/olle/efinity_p2/BRAM/ip/micro_risc_v1/micro_risc_v1.v:12223) [EFX-0200]
WARNING  : Removing redundant signal : io_cpu_prefetch_pc[20]. (/home/olle/efinity_p2/BRAM/ip/micro_risc_v1/micro_risc_v1.v:12223) [EFX-0200]
WARNING  : Removing redundant signal : io_cpu_prefetch_pc[19]. (/home/olle/efinity_p2/BRAM/ip/micro_risc_v1/micro_risc_v1.v:12223) [EFX-0200]
WARNING  : Removing redundant signal : io_cpu_prefetch_pc[18]. (/home/olle/efinity_p2/BRAM/ip/micro_risc_v1/micro_risc_v1.v:12223) [EFX-0200]
WARNING  : Removing redundant signal : io_cpu_prefetch_pc[17]. (/home/olle/efinity_p2/BRAM/ip/micro_risc_v1/micro_risc_v1.v:12223) [EFX-0200]
WARNING  : Removing redundant signal : io_cpu_prefetch_pc[16]. (/home/olle/efinity_p2/BRAM/ip/micro_risc_v1/micro_risc_v1.v:12223) [EFX-0200]
WARNING  : Removing redundant signal : io_cpu_prefetch_pc[15]. (/home/olle/efinity_p2/BRAM/ip/micro_risc_v1/micro_risc_v1.v:12223) [EFX-0200]
WARNING  : Removing redundant signal : io_cpu_prefetch_pc[14]. (/home/olle/efinity_p2/BRAM/ip/micro_risc_v1/micro_risc_v1.v:12223) [EFX-0200]
WARNING  : Removing redundant signal : io_cpu_prefetch_pc[13]. (/home/olle/efinity_p2/BRAM/ip/micro_risc_v1/micro_risc_v1.v:12223) [EFX-0200]
WARNING  : (The above message was generated too many times, subsequent similar messages will be muted.) [EFX-0200]
INFO     : ... Memory 'banks_0' is not initialized, assuming empty initial contents. (/home/olle/efinity_p2/BRAM/ip/micro_risc_v1/micro_risc_v1.v:12325) [EFX-0677]
INFO     : ... Memory 'ways_0_tags' is not initialized, assuming empty initial contents. (/home/olle/efinity_p2/BRAM/ip/micro_risc_v1/micro_risc_v1.v:12326) [EFX-0677]
INFO     : ... Memory 'ways_0_tags' is not initialized, assuming empty initial contents. (/home/olle/efinity_p2/BRAM/ip/micro_risc_v1/micro_risc_v1.v:11579) [EFX-0677]
INFO     : ... Memory 'ways_0_data_symbol0' is not initialized, assuming empty initial contents. (/home/olle/efinity_p2/BRAM/ip/micro_risc_v1/micro_risc_v1.v:11580) [EFX-0677]
INFO     : ... Memory 'ways_0_data_symbol1' is not initialized, assuming empty initial contents. (/home/olle/efinity_p2/BRAM/ip/micro_risc_v1/micro_risc_v1.v:11581) [EFX-0677]
INFO     : ... Memory 'ways_0_data_symbol2' is not initialized, assuming empty initial contents. (/home/olle/efinity_p2/BRAM/ip/micro_risc_v1/micro_risc_v1.v:11582) [EFX-0677]
INFO     : ... Memory 'ways_0_data_symbol3' is not initialized, assuming empty initial contents. (/home/olle/efinity_p2/BRAM/ip/micro_risc_v1/micro_risc_v1.v:11583) [EFX-0677]

WARNING  : Re-wiring to GND non-driven net 'IBusCachedPlugin_cache_io_cpu_fetch_isRemoved'. (/home/olle/efinity_p2/BRAM/ip/micro_risc_v1/micro_risc_v1.v:5832) [EFX-0201]
WARNING  : Re-wiring to GND non-driven net 'dataCache_1_io_cpu_writeBack_fence_SW'. (/home/olle/efinity_p2/BRAM/ip/micro_risc_v1/micro_risc_v1.v:5845) [EFX-0201]
WARNING  : Re-wiring to GND non-driven net 'dataCache_1_io_cpu_writeBack_fence_SR'. (/home/olle/efinity_p2/BRAM/ip/micro_risc_v1/micro_risc_v1.v:5846) [EFX-0201]
WARNING  : Re-wiring to GND non-driven net 'dataCache_1_io_cpu_writeBack_fence_SO'. (/home/olle/efinity_p2/BRAM/ip/micro_risc_v1/micro_risc_v1.v:5847) [EFX-0201]
WARNING  : Re-wiring to GND non-driven net 'dataCache_1_io_cpu_writeBack_fence_SI'. (/home/olle/efinity_p2/BRAM/ip/micro_risc_v1/micro_risc_v1.v:5848) [EFX-0201]
WARNING  : Re-wiring to GND non-driven net 'dataCache_1_io_cpu_writeBack_fence_PW'. (/home/olle/efinity_p2/BRAM/ip/micro_risc_v1/micro_risc_v1.v:5849) [EFX-0201]
WARNING  : Re-wiring to GND non-driven net 'dataCache_1_io_cpu_writeBack_fence_PR'. (/home/olle/efinity_p2/BRAM/ip/micro_risc_v1/micro_risc_v1.v:5850) [EFX-0201]
WARNING  : Re-wiring to GND non-driven net 'dataCache_1_io_cpu_writeBack_fence_PO'. (/home/olle/efinity_p2/BRAM/ip/micro_risc_v1/micro_risc_v1.v:5851) [EFX-0201]
WARNING  : Re-wiring to GND non-driven net 'dataCache_1_io_cpu_writeBack_fence_PI'. (/home/olle/efinity_p2/BRAM/ip/micro_risc_v1/micro_risc_v1.v:5852) [EFX-0201]
WARNING  : Re-wiring to GND non-driven net 'dataCache_1_io_cpu_writeBack_fence_FM[3]'. (/home/olle/efinity_p2/BRAM/ip/micro_risc_v1/micro_risc_v1.v:5853) [EFX-0201]
WARNING  : (The above message was generated too many times, subsequent similar messages will be muted.) [EFX-0201]
INFO     : ... Memory 'RegFilePlugin_regFile' is not initialized, assuming empty initial contents. (/home/olle/efinity_p2/BRAM/ip/micro_risc_v1/micro_risc_v1.v:6995) [EFX-0677]
INFO     : ... Memory 'logic_progbufX_mem' is not initialized, assuming empty initial contents. (/home/olle/efinity_p2/BRAM/ip/micro_risc_v1/micro_risc_v1.v:4949) [EFX-0677]
INFO     : Module Instance 'memory_arbiter' input pin 'io_inputs_0_payload_fragment_source[0]' is tied to constant (=0). [EFX-0266]
INFO     : Module Instance 'memory_arbiter' input pin 'io_inputs_1_payload_fragment_source[0]' is tied to constant (=0). [EFX-0266]
INFO     : Module Instance 'memory_arbiter' input pin 'io_inputs_1_payload_fragment_context[0]' is tied to constant (=0). [EFX-0266]
INFO     : Module Instance 'tx' input pin 'io_cts' is tied to constant (=0). [EFX-0266]
INFO     : ... Memory 'logic_ram' is not initialized, assuming empty initial contents. (/home/olle/efinity_p2/BRAM/ip/micro_risc_v1/micro_risc_v1.v:10857) [EFX-0677]
INFO     : Module Instance 'bridge_write_streamUnbuffered_queueWithOccupancy' input pin 'io_flush' is tied to constant (=0). [EFX-0266]
INFO     : Module Instance 'uartCtrl_1_io_read_queueWithOccupancy' input pin 'io_flush' is tied to constant (=0). [EFX-0266]
INFO     : Module Instance 'system_bridge_bmb_arbiter' input pin 'io_inputs_1_cmd_payload_fragment_data[0]' is tied to constant (=0). [EFX-0266]
INFO     : Module Instance 'system_bridge_bmb_arbiter' input pin 'io_inputs_1_cmd_payload_fragment_data[1]' is tied to constant (=0). [EFX-0266]
INFO     : Module Instance 'system_bridge_bmb_arbiter' input pin 'io_inputs_1_cmd_payload_fragment_data[2]' is tied to constant (=0). [EFX-0266]
INFO     : Module Instance 'system_bridge_bmb_arbiter' input pin 'io_inputs_1_cmd_payload_fragment_data[3]' is tied to constant (=0). [EFX-0266]
INFO     : Module Instance 'system_bridge_bmb_arbiter' input pin 'io_inputs_1_cmd_payload_fragment_data[4]' is tied to constant (=0). [EFX-0266]
INFO     : Module Instance 'system_bridge_bmb_arbiter' input pin 'io_inputs_1_cmd_payload_fragment_data[5]' is tied to constant (=0). [EFX-0266]
INFO     : Module Instance 'system_bridge_bmb_arbiter' input pin 'io_inputs_1_cmd_payload_fragment_data[6]' is tied to constant (=0). [EFX-0266]
INFO     : Module Instance 'system_bridge_bmb_arbiter' input pin 'io_inputs_1_cmd_payload_fragment_data[7]' is tied to constant (=0). [EFX-0266]
INFO     : Module Instance 'system_bridge_bmb_arbiter' input pin 'io_inputs_1_cmd_payload_fragment_data[8]' is tied to constant (=0). [EFX-0266]
INFO     : Module Instance 'system_bridge_bmb_arbiter' input pin 'io_inputs_1_cmd_payload_fragment_data[9]' is tied to constant (=0). [EFX-0266]
INFO     : Module Instance 'system_bridge_bmb_arbiter' input pin 'io_inputs_1_cmd_payload_fragment_data[10]' is tied to constant (=0). [EFX-0266]
INFO     : Module Instance 'system_bridge_bmb_arbiter' input pin 'io_inputs_1_cmd_payload_fragment_data[11]' is tied to constant (=0). [EFX-0266]
INFO     : Module Instance 'system_bridge_bmb_arbiter' input pin 'io_inputs_1_cmd_payload_fragment_data[12]' is tied to constant (=0). [EFX-0266]
INFO     : Module Instance 'system_bridge_bmb_arbiter' input pin 'io_inputs_1_cmd_payload_fragment_data[13]' is tied to constant (=0). [EFX-0266]
INFO     : Module Instance 'system_bridge_bmb_arbiter' input pin 'io_inputs_1_cmd_payload_fragment_data[14]' is tied to constant (=0). [EFX-0266]
INFO     : Module Instance 'system_bridge_bmb_arbiter' input pin 'io_inputs_1_cmd_payload_fragment_data[15]' is tied to constant (=0). [EFX-0266]
INFO     : Module Instance 'system_bridge_bmb_arbiter' input pin 'io_inputs_1_cmd_payload_fragment_data[16]' is tied to constant (=0). [EFX-0266]
INFO     : Module Instance 'system_bridge_bmb_arbiter' input pin 'io_inputs_1_cmd_payload_fragment_data[17]' is tied to constant (=0). [EFX-0266]
INFO     : Module Instance 'system_bridge_bmb_arbiter' input pin 'io_inputs_1_cmd_payload_fragment_data[18]' is tied to constant (=0). [EFX-0266]
INFO     : Module Instance 'system_bridge_bmb_arbiter' input pin 'io_inputs_1_cmd_payload_fragment_data[19]' is tied to constant (=0). [EFX-0266]
INFO     : Module Instance 'system_bridge_bmb_arbiter' input pin 'io_inputs_1_cmd_payload_fragment_data[20]' is tied to constant (=0). [EFX-0266]
INFO     : Module Instance 'system_bridge_bmb_arbiter' input pin 'io_inputs_1_cmd_payload_fragment_data[21]' is tied to constant (=0). [EFX-0266]
INFO     : Module Instance 'system_bridge_bmb_arbiter' input pin 'io_inputs_1_cmd_payload_fragment_data[22]' is tied to constant (=0). [EFX-0266]
INFO     : Module Instance 'system_bridge_bmb_arbiter' input pin 'io_inputs_1_cmd_payload_fragment_data[23]' is tied to constant (=0). [EFX-0266]
INFO     : Module Instance 'system_bridge_bmb_arbiter' input pin 'io_inputs_1_cmd_payload_fragment_data[24]' is tied to constant (=0). [EFX-0266]
INFO     : Module Instance 'system_bridge_bmb_arbiter' input pin 'io_inputs_1_cmd_payload_fragment_data[25]' is tied to constant (=0). [EFX-0266]
INFO     : Module Instance 'system_bridge_bmb_arbiter' input pin 'io_inputs_1_cmd_payload_fragment_data[26]' is tied to constant (=0). [EFX-0266]
INFO     : Module Instance 'system_bridge_bmb_arbiter' input pin 'io_inputs_1_cmd_payload_fragment_data[27]' is tied to constant (=0). [EFX-0266]
INFO     : Module Instance 'system_bridge_bmb_arbiter' input pin 'io_inputs_1_cmd_payload_fragment_data[28]' is tied to constant (=0). [EFX-0266]
INFO     : Module Instance 'system_bridge_bmb_arbiter' input pin 'io_inputs_1_cmd_payload_fragment_data[29]' is tied to constant (=0). [EFX-0266]
INFO     : Module Instance 'system_bridge_bmb_arbiter' input pin 'io_inputs_1_cmd_payload_fragment_data[30]' is tied to constant (=0). [EFX-0266]
INFO     : Module Instance 'system_bridge_bmb_arbiter' input pin 'io_inputs_1_cmd_payload_fragment_data[31]' is tied to constant (=0). [EFX-0266]
INFO     : Module Instance 'system_bridge_bmb_arbiter' input pin 'io_inputs_1_cmd_payload_fragment_mask[0]' is tied to constant (=0). [EFX-0266]
INFO     : Module Instance 'system_bridge_bmb_arbiter' input pin 'io_inputs_1_cmd_payload_fragment_mask[1]' is tied to constant (=0). [EFX-0266]
INFO     : Module Instance 'system_bridge_bmb_arbiter' input pin 'io_inputs_1_cmd_payload_fragment_mask[2]' is tied to constant (=0). [EFX-0266]
INFO     : Module Instance 'system_bridge_bmb_arbiter' input pin 'io_inputs_1_cmd_payload_fragment_mask[3]' is tied to constant (=0). [EFX-0266]

INFO     : Module Instance 'u_micro_risc_v1' input pin 'jtagCtrl_enable' is tied to constant (=1). [EFX-0266]
INFO     : ... Pre-synthesis checks end (Real time : 0s CPU user time : 0s CPU sys time : 0s MEM : 294892KB)
INFO     : ... NameSpace init begin
INFO     : ... NameSpace init end (Real time : 0s CPU user time : 0s CPU sys time : 0s MEM : 294892KB)
INFO     : ... Mapping design "top_level"
INFO     : ... Hierarchical pre-synthesis "InstructionCache_2fa2c88f3c1f4868ba7cd09620d007ba" begin

INFO     : ... Hierarchical pre-synthesis "InstructionCache_2fa2c88f3c1f4868ba7cd09620d007ba" end (Real time : 0s CPU user time : 0s CPU sys time : 0s MEM : 294892KB)
INFO     : ... Hierarchical pre-synthesis "DataCache_2fa2c88f3c1f4868ba7cd09620d007ba" begin

INFO     : ... Hierarchical pre-synthesis "DataCache_2fa2c88f3c1f4868ba7cd09620d007ba" end (Real time : 0s CPU user time : 0s CPU sys time : 0s MEM : 294892KB)
INFO     : ... Hierarchical pre-synthesis "BufferCC_2fa2c88f3c1f4868ba7cd09620d007ba" begin
INFO     : ... Hierarchical pre-synthesis "BufferCC_2fa2c88f3c1f4868ba7cd09620d007ba" end (Real time : 0s CPU user time : 0s CPU sys time : 0s MEM : 294892KB)
INFO     : ... Hierarchical pre-synthesis "EfxCPUSp1_2fa2c88f3c1f4868ba7cd09620d007ba" begin

INFO     : ... Hierarchical pre-synthesis "EfxCPUSp1_2fa2c88f3c1f4868ba7cd09620d007ba" end (Real time : 1s CPU user time : 0s CPU sys time : 0s MEM : 294892KB)
INFO     : ... Hierarchical pre-synthesis "VexRiscv_2fa2c88f3c1f4868ba7cd09620d007ba" begin

INFO     : ... Hierarchical pre-synthesis "VexRiscv_2fa2c88f3c1f4868ba7cd09620d007ba" end (Real time : 0s CPU user time : 1s CPU sys time : 0s MEM : 294892KB)
INFO     : ... Hierarchical pre-synthesis "DebugModule_2fa2c88f3c1f4868ba7cd09620d007ba" begin

INFO     : ... Hierarchical pre-synthesis "DebugModule_2fa2c88f3c1f4868ba7cd09620d007ba" end (Real time : 0s CPU user time : 1s CPU sys time : 0s MEM : 294892KB)
INFO     : ... Hierarchical pre-synthesis "BufferCC_5_2fa2c88f3c1f4868ba7cd09620d007ba" begin
INFO     : ... Hierarchical pre-synthesis "BufferCC_5_2fa2c88f3c1f4868ba7cd09620d007ba" end (Real time : 0s CPU user time : 1s CPU sys time : 0s MEM : 294892KB)
INFO     : ... Hierarchical pre-synthesis "BufferCC_6_2fa2c88f3c1f4868ba7cd09620d007ba" begin
INFO     : ... Hierarchical pre-synthesis "BufferCC_6_2fa2c88f3c1f4868ba7cd09620d007ba" end (Real time : 0s CPU user time : 1s CPU sys time : 0s MEM : 294892KB)
INFO     : ... Hierarchical pre-synthesis "BufferCC_8_2fa2c88f3c1f4868ba7cd09620d007ba" begin
INFO     : ... Hierarchical pre-synthesis "BufferCC_8_2fa2c88f3c1f4868ba7cd09620d007ba" end (Real time : 0s CPU user time : 1s CPU sys time : 0s MEM : 294892KB)
INFO     : ... Hierarchical pre-synthesis "BufferCC_1_2fa2c88f3c1f4868ba7cd09620d007ba" begin
INFO     : ... Hierarchical pre-synthesis "BufferCC_1_2fa2c88f3c1f4868ba7cd09620d007ba" end (Real time : 0s CPU user time : 1s CPU sys time : 0s MEM : 294892KB)
INFO     : ... Hierarchical pre-synthesis "FlowCCByToggle_2fa2c88f3c1f4868ba7cd09620d007ba" begin

INFO     : ... Hierarchical pre-synthesis "FlowCCByToggle_2fa2c88f3c1f4868ba7cd09620d007ba" end (Real time : 0s CPU user time : 1s CPU sys time : 0s MEM : 294892KB)
INFO     : ... Hierarchical pre-synthesis "BufferCC_2_2fa2c88f3c1f4868ba7cd09620d007ba" begin
INFO     : ... Hierarchical pre-synthesis "BufferCC_2_2fa2c88f3c1f4868ba7cd09620d007ba" end (Real time : 0s CPU user time : 1s CPU sys time : 0s MEM : 294892KB)
INFO     : ... Hierarchical pre-synthesis "BufferCC_3_2fa2c88f3c1f4868ba7cd09620d007ba" begin
INFO     : ... Hierarchical pre-synthesis "BufferCC_3_2fa2c88f3c1f4868ba7cd09620d007ba" end (Real time : 0s CPU user time : 1s CPU sys time : 0s MEM : 294892KB)
INFO     : ... Hierarchical pre-synthesis "FlowCCByToggle_1_2fa2c88f3c1f4868ba7cd09620d007ba" begin
INFO     : ... Hierarchical pre-synthesis "FlowCCByToggle_1_2fa2c88f3c1f4868ba7cd09620d007ba" end (Real time : 0s CPU user time : 1s CPU sys time : 0s MEM : 294892KB)
INFO     : ... Hierarchical pre-synthesis "DebugTransportModuleTunneled_2fa2c88f3c1f4868ba7cd09620d007ba" begin

INFO     : ... Hierarchical pre-synthesis "DebugTransportModuleTunneled_2fa2c88f3c1f4868ba7cd09620d007ba" end (Real time : 0s CPU user time : 1s CPU sys time : 0s MEM : 294892KB)
INFO     : ... Hierarchical pre-synthesis "BmbDecoder_2fa2c88f3c1f4868ba7cd09620d007ba" begin
INFO     : ... Hierarchical pre-synthesis "BmbDecoder_2fa2c88f3c1f4868ba7cd09620d007ba" end (Real time : 0s CPU user time : 1s CPU sys time : 0s MEM : 294892KB)
INFO     : ... Hierarchical pre-synthesis "StreamArbiter_2fa2c88f3c1f4868ba7cd09620d007ba" begin
INFO     : ... Hierarchical pre-synthesis "StreamArbiter_2fa2c88f3c1f4868ba7cd09620d007ba" end (Real time : 0s CPU user time : 1s CPU sys time : 0s MEM : 294892KB)
INFO     : ... Hierarchical pre-synthesis "BmbArbiter_2fa2c88f3c1f4868ba7cd09620d007ba" begin
INFO     : ... Hierarchical pre-synthesis "BmbArbiter_2fa2c88f3c1f4868ba7cd09620d007ba" end (Real time : 0s CPU user time : 1s CPU sys time : 0s MEM : 294892KB)
INFO     : ... Hierarchical pre-synthesis "BmbDecoder_1_2fa2c88f3c1f4868ba7cd09620d007ba" begin

INFO     : ... Hierarchical pre-synthesis "BmbDecoder_1_2fa2c88f3c1f4868ba7cd09620d007ba" end (Real time : 0s CPU user time : 1s CPU sys time : 0s MEM : 294892KB)
INFO     : ... Hierarchical pre-synthesis "BmbOnChipRam_2fa2c88f3c1f4868ba7cd09620d007ba" begin
INFO     : ... Hierarchical pre-synthesis "BmbOnChipRam_2fa2c88f3c1f4868ba7cd09620d007ba" end (Real time : 0s CPU user time : 1s CPU sys time : 0s MEM : 294892KB)
INFO     : ... Hierarchical pre-synthesis "BmbUnburstify_2fa2c88f3c1f4868ba7cd09620d007ba" begin
INFO     : ... Hierarchical pre-synthesis "BmbUnburstify_2fa2c88f3c1f4868ba7cd09620d007ba" end (Real time : 0s CPU user time : 1s CPU sys time : 0s MEM : 294892KB)
INFO     : ... Hierarchical pre-synthesis "BmbDecoder_2_2fa2c88f3c1f4868ba7cd09620d007ba" begin

INFO     : ... Hierarchical pre-synthesis "BmbDecoder_2_2fa2c88f3c1f4868ba7cd09620d007ba" end (Real time : 0s CPU user time : 1s CPU sys time : 0s MEM : 294892KB)
INFO     : ... Hierarchical pre-synthesis "BmbClint_2fa2c88f3c1f4868ba7cd09620d007ba" begin
INFO     : ... Hierarchical pre-synthesis "BmbClint_2fa2c88f3c1f4868ba7cd09620d007ba" end (Real time : 0s CPU user time : 1s CPU sys time : 0s MEM : 294892KB)
INFO     : ... Hierarchical pre-synthesis "UartCtrlTx_2fa2c88f3c1f4868ba7cd09620d007ba" begin

INFO     : ... Hierarchical pre-synthesis "UartCtrlTx_2fa2c88f3c1f4868ba7cd09620d007ba" end (Real time : 0s CPU user time : 1s CPU sys time : 0s MEM : 294892KB)
INFO     : ... Hierarchical pre-synthesis "BufferCC_4_2fa2c88f3c1f4868ba7cd09620d007ba" begin
INFO     : ... Hierarchical pre-synthesis "BufferCC_4_2fa2c88f3c1f4868ba7cd09620d007ba" end (Real time : 0s CPU user time : 1s CPU sys time : 0s MEM : 294892KB)
INFO     : ... Hierarchical pre-synthesis "UartCtrlRx_2fa2c88f3c1f4868ba7cd09620d007ba" begin

INFO     : ... Hierarchical pre-synthesis "UartCtrlRx_2fa2c88f3c1f4868ba7cd09620d007ba" end (Real time : 0s CPU user time : 1s CPU sys time : 0s MEM : 294892KB)
INFO     : ... Hierarchical pre-synthesis "UartCtrl_2fa2c88f3c1f4868ba7cd09620d007ba" begin

INFO     : ... Hierarchical pre-synthesis "UartCtrl_2fa2c88f3c1f4868ba7cd09620d007ba" end (Real time : 0s CPU user time : 1s CPU sys time : 0s MEM : 294892KB)
INFO     : ... Hierarchical pre-synthesis "StreamFifo_2fa2c88f3c1f4868ba7cd09620d007ba" begin

INFO     : ... Hierarchical pre-synthesis "StreamFifo_2fa2c88f3c1f4868ba7cd09620d007ba" end (Real time : 0s CPU user time : 1s CPU sys time : 0s MEM : 294892KB)
INFO     : ... Hierarchical pre-synthesis "BmbUartCtrl_2fa2c88f3c1f4868ba7cd09620d007ba" begin

INFO     : ... Hierarchical pre-synthesis "BmbUartCtrl_2fa2c88f3c1f4868ba7cd09620d007ba" end (Real time : 0s CPU user time : 1s CPU sys time : 0s MEM : 294892KB)
INFO     : ... Hierarchical pre-synthesis "BmbGpio2_2fa2c88f3c1f4868ba7cd09620d007ba" begin
INFO     : ... Hierarchical pre-synthesis "BmbGpio2_2fa2c88f3c1f4868ba7cd09620d007ba" end (Real time : 0s CPU user time : 1s CPU sys time : 0s MEM : 294892KB)
INFO     : ... Hierarchical pre-synthesis "EfxSapphireSoc_2fa2c88f3c1f4868ba7cd09620d007ba" begin

INFO     : ... Hierarchical pre-synthesis "EfxSapphireSoc_2fa2c88f3c1f4868ba7cd09620d007ba" end (Real time : 1s CPU user time : 2s CPU sys time : 0s MEM : 294892KB)
INFO     : ... Hierarchical pre-synthesis "micro_risc_v1" begin

INFO     : ... Hierarchical pre-synthesis "micro_risc_v1" end (Real time : 0s CPU user time : 2s CPU sys time : 0s MEM : 294892KB)
INFO     : ... Hierarchical pre-synthesis "mdio_clause22" begin

INFO     : ... Hierarchical pre-synthesis "mdio_clause22" end (Real time : 0s CPU user time : 3s CPU sys time : 0s MEM : 294892KB)
INFO     : ... Hierarchical pre-synthesis "eth_dp83825_udp" begin

INFO     : ... Hierarchical pre-synthesis "eth_dp83825_udp" end (Real time : 0s CPU user time : 3s CPU sys time : 0s MEM : 294892KB)
INFO     : ... Hierarchical pre-synthesis "edb_top" begin

INFO     : ... Hierarchical pre-synthesis "edb_top" end (Real time : 0s CPU user time : 3s CPU sys time : 0s MEM : 294892KB)
INFO     : ... Hierarchical pre-synthesis "top_level" begin

WARNING  : Mapping into logic memory block 'u_micro_risc_v1/u_EfxSapphireSoc/system_riscvJtag_debug_logic_dm/logic_progbufX_mem' (64 bits) (/home/olle/efinity_p2/BRAM/ip/micro_risc_v1/micro_risc_v1.v:4949) because size is too small (<=64) [EFX-0657]

INFO     : ... Clock Enable Synthesis Performed on 445 flops.

INFO     : ... Hierarchical pre-synthesis "top_level" end (Real time : 2s CPU user time : 4s CPU sys time : 0s MEM : 294892KB)

INFO     : ... Flat optimizations begin

INFO     : ... Flat optimizations end (Real time : 0s CPU user time : 5s CPU sys time : 0s MEM : 294892KB)

INFO     : ... Flat synthesis begin

INFO     : ... Flat synthesis end (Real time : 0s CPU user time : 5s CPU sys time : 0s MEM : 294892KB)

INFO     : ... Flat optimizations begin

INFO     : ... Flat optimizations end (Real time : 0s CPU user time : 5s CPU sys time : 0s MEM : 294892KB)

INFO     : ... Check and break combinational loops begin

INFO     : ... Check and break combinational loops end (Real time : 0s CPU user time : 5s CPU sys time : 0s MEM : 294892KB)

INFO     : ... Sequential Optimization begin

INFO     : ... Clock Network 'pll_clk' with 2314 loads will be considered for sequential optimization.

INFO     : ... Clock Network 'clk' with 2049 loads will be considered for sequential optimization.

INFO     : ... Clock Network 'jtag_inst1_TCK' with 1300 loads will be considered for sequential optimization.

INFO     : ... Clock Network 'jtag_dummy_TCK' with 221 loads will be considered for sequential optimization.

INFO     : ... Sequential Optimization deduced 1088 equivalent points.

INFO     : ... Sequential Optimization end (Real time : 20s CPU user time : 25s CPU sys time : 0s MEM : 294892KB)

INFO     : ... Setup for logic synthesis begin

INFO     : ... Setup for logic synthesis end (Real time : 0s CPU user time : 25s CPU sys time : 0s MEM : 294892KB)
INFO     : ... LUT mapping begin

INFO     : ... LS, strategy: 3, nd: 3241, ed: 10596, lv: 7, pw: 9087.32
INFO     : ... LUT mapping end (Real time : 12s CPU user time : 40s CPU sys time : 0s MEM : 294892KB)
INFO     : ... Post-synthesis Verific netlist creation begin

INFO     : ... Post-synthesis Verific netlist creation end (Real time : 0s CPU user time : 40s CPU sys time : 0s MEM : 294892KB)

INFO     : ... Postmap Retiming Optimization begin

INFO     : ... Clock Network 'pll_clk~pll_clk' with 2301 loads will be considered for retiming optimization.

INFO     : ... Clock Network 'clk~clk' with 1572 loads will be considered for retiming optimization.

INFO     : ... Clock Network 'jtag_inst1_TCK~jtag_inst1_TCK' with 1300 loads will be considered for retiming optimization.

INFO     : ... Clock Network 'jtag_dummy_TCK~jtag_dummy_TCK' with 220 loads will be considered for retiming optimization.

INFO     : ... Performed 0 retime moves.
INFO     : ... Postmap Retiming Optimization end (Real time : 20s CPU user time : 61s CPU sys time : 0s MEM : 294892KB)

INFO     : ***** Beginning VDB Netlist Checker ... *****
WARNING  : /home/olle/efinity_p2/BRAM/top_level.vhd(11): Input/inout port phy_intr_n is unconnected and will be removed. [VDB-8003]
WARNING  : /home/olle/efinity_p2/BRAM/top_level.vhd(16): Input/inout port rmii_crs_dv is unconnected and will be removed. [VDB-8003]
WARNING  : /home/olle/efinity_p2/BRAM/top_level.vhd(17): Input/inout port rmii_rx_er is unconnected and will be removed. [VDB-8003]
WARNING  : /home/olle/efinity_p2/BRAM/top_level.vhd(18): Input/inout port rmii_rxd[1] is unconnected and will be removed. [VDB-8003]
WARNING  : /home/olle/efinity_p2/BRAM/top_level.vhd(29): Input/inout port jtag_dummy_TMS is unconnected and will be removed. [VDB-8003]
WARNING  : /home/olle/efinity_p2/BRAM/top_level.vhd(30): Input/inout port jtag_dummy_SEL is unconnected and will be removed. [VDB-8003]
WARNING  : /home/olle/efinity_p2/BRAM/top_level.vhd(31): Input/inout port jtag_dummy_DRCK is unconnected and will be removed. [VDB-8003]
WARNING  : /home/olle/efinity_p2/BRAM/top_level.vhd(33): Input/inout port jtag_dummy_RUNTEST is unconnected and will be removed. [VDB-8003]
WARNING  : Input/inout port jtag_inst1_DRCK is unconnected and will be removed. [VDB-8003]
WARNING  : Input/inout port jtag_inst1_RUNTEST is unconnected and will be removed. [VDB-8003]
WARNING  : Input/inout port jtag_inst1_TMS is unconnected and will be removed. [VDB-8003]
WARNING  : Net u_micro_risc_v1/u_EfxSapphireSoc/system_cores_0_logic_cpu/IBusCachedPlugin_cache/lineLoader_address[0] is dangling. [VDB-8009]
WARNING  : Net u_micro_risc_v1/u_EfxSapphireSoc/system_cores_0_logic_cpu/IBusCachedPlugin_cache/lineLoader_address[1] is dangling. [VDB-8009]
WARNING  : Net u_micro_risc_v1/u_EfxSapphireSoc/system_cores_0_logic_cpu/IBusCachedPlugin_cache/lineLoader_address[2] is dangling. [VDB-8009]
WARNING  : Net u_micro_risc_v1/u_EfxSapphireSoc/system_cores_0_logic_cpu/IBusCachedPlugin_cache/lineLoader_address[3] is dangling. [VDB-8009]
WARNING  : Net u_micro_risc_v1/u_EfxSapphireSoc/system_cores_0_logic_cpu/IBusCachedPlugin_cache/lineLoader_address[4] is dangling. [VDB-8009]
WARNING  : Net u_micro_risc_v1/u_EfxSapphireSoc/system_cores_0_logic_cpu/IBusCachedPlugin_cache/lineLoader_address[5] is dangling. [VDB-8009]

WARNING  : Found 18 warnings in the post-synthesis netlist.
INFO     : VDB Netlist Checker took 0.027715 seconds.
INFO     : 	VDB Netlist Checker took 0.05 seconds (approximately) in total CPU time.
INFO     : VDB Netlist Checker virtual memory usage: begin = 333.344 MB, end = 333.344 MB, delta = 0 MB
INFO     : VDB Netlist Checker resident set memory usage: begin = 241.56 MB, end = 241.688 MB, delta = 0.128 MB
INFO     : 	VDB Netlist Checker peak resident set memory usage = 294.892 MB
INFO     : ***** Ending VDB Netlist Checker ... *****

INFO     : Resource Summary 
INFO     : =============================== 
INFO     : EFX_ADD         : 	498
INFO     : EFX_LUT4        : 	6153
INFO     : EFX_FF          : 	5393
INFO     : EFX_RAM_5K      : 	75
INFO     : EFX_GBUFCE      : 	4
INFO     : =============================== 
INFO     : ... Post-Map Verilog Writer begin
INFO     : Writing netlist 'top_level' to Verilog file '/home/olle/efinity_p2/BRAM/work_dbg/BRAM.dbg.map.v' [VDB-1030]

INFO     : ... Post-Map Verilog Writer end (Real time : 1s CPU user time : 63s CPU sys time : 0s MEM : 294892KB)

INFO     : The entire flow of EFX_MAP took 59.1017 seconds.
INFO     : 	The entire flow of EFX_MAP took 63.09 seconds (approximately) in total CPU time.
INFO     : The entire flow of EFX_MAP virtual memory usage: begin = 88.4 MB, end = 333.344 MB, delta = 244.944 MB
INFO     : The entire flow of EFX_MAP resident set memory usage: begin = 27.52 MB, end = 241.688 MB, delta = 214.168 MB
INFO     : 	The entire flow of EFX_MAP peak resident set memory usage = 294.892 MB

Fri August 15 25 20:00:49 - /home/olle/efinix/efinity/2025.1/bin/efx_map finished. Exit code = 0 Exit status : Normal

Debugger Step Merge User design with Debugger Cores. Done

--------------------------------------------------------------

--------------------------------------------------------------

Start Debugger Step Instantiate Jtag.

Fri August 15 25 20:00:49 - /home/olle/efinix/efinity/2025.1/bin/python3  "/home/olle/efinix/efinity/2025.1/scripts/efx_pt_jtag_util.py" --device "T20F169" --project "BRAM" --design_file "/home/olle/efinity_p2/BRAM/BRAM.peri.xml" --action "add" --jtag_user "JTAG_USER1" --output "/home/olle/efinity_p2/BRAM/BRAM.dbg.peri.xml"

Fri August 15 25 20:00:49 - Running /home/olle/efinix/efinity/2025.1/bin/python3...

Save db version: 20251999


== Load a design from file /home/olle/efinity_p2/BRAM/BRAM.peri.xml
INFO: Load design...
INFO: Periphery design is in sync with Efinity project
INFO: Load design...done.

== Create JTAG with default setting and pin name

== Assign JTAG_USER1 resource to new jtag
INFO: Check design...
INFO: Check design...done.

== Save Design to file: /home/olle/efinity_p2/BRAM/BRAM.dbg.peri.xml
INFO: Save as design...
INFO: Save as design...done.

Fri August 15 25 20:00:51 - /home/olle/efinix/efinity/2025.1/bin/python3 finished. Exit code = 0 Exit status : Normal

Debugger Step Instantiate Jtag. Done

--------------------------------------------------------------

Debugger Step Instantiate Jtag. Done

Fri August 15 25 20:00:51 - End Debugger Flow



-------------------------------------------------------------------------

Placement and Routing

-------------------------------------------------------------------------

Fri August 15 25 20:00:51 - Placement and routing flow working directory is /home/olle/efinity_p2/BRAM/work_pnr


INFO     : --max_threads set to 4 

Fri August 15 25 20:00:52 - /home/olle/efinix/efinity/2025.1/bin/python3  "/home/olle/efinix/efinity/2025.1/scripts/efx_run_pt_unified.py"  "BRAM.dbg"  "Trion"  "T20F169"

Fri August 15 25 20:00:52 - Running /home/olle/efinix/efinity/2025.1/bin/python3...

Load design file BRAM.dbg.peri.xml
Writing out summary report file
Writing out pinout file
Writing out interface config file
Writing out timing related file
Writing out verilog template file
Writing out option register file
Writing out boundary scan description file
Writing out LPF

Fri August 15 25 20:00:56 - /home/olle/efinix/efinity/2025.1/bin/python3 finished. Exit code = 0 Exit status : Normal

Fri August 15 25 20:00:56 - /home/olle/efinix/efinity/2025.1/bin/efx_pnr --circuit "BRAM" --family "Trion" --device "T20F169" --operating_conditions "C3" --pack --place --route --vdb_file "/home/olle/efinity_p2/BRAM/outflow/BRAM.dbg.vdb" --use_vdb_file "on" --place_file "/home/olle/efinity_p2/BRAM/outflow/BRAM.place" --route_file "/home/olle/efinity_p2/BRAM/outflow/BRAM.route" --sdc_file "/home/olle/efinity_p2/BRAM/const1.sdc" --sync_file "/home/olle/efinity_p2/BRAM/outflow/BRAM.interface.csv" --seed "1" --placer_effort_level "2" --max_threads "-1" --print_critical_path "10" --work_dir "/home/olle/efinity_p2/BRAM/work_pnr" --output_dir "/home/olle/efinity_p2/BRAM/outflow" --timing_analysis "on" --load_delay_matrix

Fri August 15 25 20:00:56 - Running /home/olle/efinix/efinity/2025.1/bin/efx_pnr...

INFO     : --max_threads set to 4 


           

           Efinix FPGA Placement and Routing.

           Version: 2025.1.110.2.15 

           Compiled: Jun 21 2025.

           

           Copyright (C) 2013 - 2025 Efinix, Inc. All rights reserved.


           

           The Tool Is Based on VPR of University of Toronto,

           a free open source code under MIT license.

           

           

INFO     : Running Placement and Routing for Family "Trion", Device "T20F169" ...


           

           ***** Beginning stage netlist pre-processing ... *****

INFO     : Successfully Read in Verific binary Netlist dump file "/home/olle/efinity_p2/BRAM/outflow/BRAM.dbg.vdb".


INFO     : ***** Beginning VDB Netlist Checker ... *****


WARNING  : /home/olle/efinity_p2/BRAM/top_level.vhd(11): Input/inout port phy_intr_n is unconnected and will be removed. [VDB-8003]


WARNING  : /home/olle/efinity_p2/BRAM/top_level.vhd(16): Input/inout port rmii_crs_dv is unconnected and will be removed. [VDB-8003]


WARNING  : /home/olle/efinity_p2/BRAM/top_level.vhd(17): Input/inout port rmii_rx_er is unconnected and will be removed. [VDB-8003]


WARNING  : /home/olle/efinity_p2/BRAM/top_level.vhd(18): Input/inout port rmii_rxd[1] is unconnected and will be removed. [VDB-8003]


WARNING  : /home/olle/efinity_p2/BRAM/top_level.vhd(29): Input/inout port jtag_dummy_TMS is unconnected and will be removed. [VDB-8003]


WARNING  : /home/olle/efinity_p2/BRAM/top_level.vhd(30): Input/inout port jtag_dummy_SEL is unconnected and will be removed. [VDB-8003]


WARNING  : /home/olle/efinity_p2/BRAM/top_level.vhd(31): Input/inout port jtag_dummy_DRCK is unconnected and will be removed. [VDB-8003]


WARNING  : /home/olle/efinity_p2/BRAM/top_level.vhd(33): Input/inout port jtag_dummy_RUNTEST is unconnected and will be removed. [VDB-8003]


WARNING  : Input/inout port jtag_inst1_DRCK is unconnected and will be removed. [VDB-8003]


WARNING  : Input/inout port jtag_inst1_RUNTEST is unconnected and will be removed. [VDB-8003]


WARNING  : Input/inout port jtag_inst1_TMS is unconnected and will be removed. [VDB-8003]


WARNING  : Net u_micro_risc_v1/u_EfxSapphireSoc/system_cores_0_logic_cpu/IBusCachedPlugin_cache/lineLoader_address[0] is dangling. [VDB-8009]


WARNING  : Net u_micro_risc_v1/u_EfxSapphireSoc/system_cores_0_logic_cpu/IBusCachedPlugin_cache/lineLoader_address[1] is dangling. [VDB-8009]


WARNING  : Net u_micro_risc_v1/u_EfxSapphireSoc/system_cores_0_logic_cpu/IBusCachedPlugin_cache/lineLoader_address[2] is dangling. [VDB-8009]


WARNING  : Net u_micro_risc_v1/u_EfxSapphireSoc/system_cores_0_logic_cpu/IBusCachedPlugin_cache/lineLoader_address[3] is dangling. [VDB-8009]


WARNING  : Net u_micro_risc_v1/u_EfxSapphireSoc/system_cores_0_logic_cpu/IBusCachedPlugin_cache/lineLoader_address[4] is dangling. [VDB-8009]


WARNING  : Net u_micro_risc_v1/u_EfxSapphireSoc/system_cores_0_logic_cpu/IBusCachedPlugin_cache/lineLoader_address[5] is dangling. [VDB-8009]


WARNING  : Found 18 warnings in the post-synthesis netlist.


INFO     : VDB Netlist Checker took 0.0284889 seconds.


INFO     : 	VDB Netlist Checker took 0.05 seconds (approximately) in total CPU time.


INFO     : VDB Netlist Checker virtual memory usage: begin = 228.66 MB, end = 245.072 MB, delta = 16.412 MB


INFO     : VDB Netlist Checker resident set memory usage: begin = 119.552 MB, end = 120.192 MB, delta = 0.64 MB


INFO     : 	VDB Netlist Checker peak resident set memory usage = 294.892 MB


INFO     : ***** Ending VDB Netlist Checker ... *****


INFO     : Reading core interface constraints file "/home/olle/efinity_p2/BRAM/outflow/BRAM.interface.csv"


INFO     : Successfully read core interface constraints file "/home/olle/efinity_p2/BRAM/outflow/BRAM.interface.csv"


INFO     : Found 0 constant generator nets.


INFO     : Pass 0: Swept away 6 nets with no fanout.


INFO     : logical_block #3(phy_intr_n) has no fanout.


INFO     : Removing input.


INFO     : logical_block #7(rmii_crs_dv) has no fanout.


INFO     : Removing input.


INFO     : logical_block #8(rmii_rx_er) has no fanout.


INFO     : Removing input.


INFO     : logical_block #9(rmii_rxd[1]) has no fanout.


INFO     : Removing input.


INFO     : logical_block #10(rmii_rxd[0]) has no fanout.


INFO     : Removing input.


INFO     : logical_block #22(jtag_dummy_TMS) has no fanout.


INFO     : Removing input.


INFO     : logical_block #23(jtag_dummy_SEL) has no fanout.


INFO     : Removing input.


INFO     : logical_block #24(jtag_dummy_DRCK) has no fanout.


INFO     : Removing input.


INFO     : logical_block #26(jtag_dummy_RUNTEST) has no fanout.


INFO     : Removing input.


INFO     : logical_block #35(jtag_inst1_DRCK) has no fanout.


INFO     : Removing input.


INFO     : logical_block #37(jtag_inst1_RUNTEST) has no fanout.


INFO     : Removing input.


INFO     : logical_block #42(jtag_inst1_TMS) has no fanout.


INFO     : Removing input.


WARNING  : logical_block u_micro_risc_v1/u_EfxSapphireSoc/system_cores_0_logic_cpu/IBusCachedPlugin_cache/lineLoader_address[0]~FF #256 has no fanout. Check synthesis flow


WARNING  : logical_block u_micro_risc_v1/u_EfxSapphireSoc/system_cores_0_logic_cpu/IBusCachedPlugin_cache/lineLoader_address[1]~FF #266 has no fanout. Check synthesis flow


WARNING  : logical_block u_micro_risc_v1/u_EfxSapphireSoc/system_cores_0_logic_cpu/IBusCachedPlugin_cache/lineLoader_address[2]~FF #267 has no fanout. Check synthesis flow


WARNING  : logical_block u_micro_risc_v1/u_EfxSapphireSoc/system_cores_0_logic_cpu/IBusCachedPlugin_cache/lineLoader_address[3]~FF #268 has no fanout. Check synthesis flow


WARNING  : logical_block u_micro_risc_v1/u_EfxSapphireSoc/system_cores_0_logic_cpu/IBusCachedPlugin_cache/lineLoader_address[4]~FF #269 has no fanout. Check synthesis flow


WARNING  : logical_block u_micro_risc_v1/u_EfxSapphireSoc/system_cores_0_logic_cpu/IBusCachedPlugin_cache/lineLoader_address[5]~FF #270 has no fanout. Check synthesis flow


INFO     : Pass 0: Swept away 12 blocks with no fanout.


INFO     : Pass 1: Swept away 0 nets with no fanout.


WARNING  : logical_block u_micro_risc_v1/u_EfxSapphireSoc/system_cores_0_logic_cpu/IBusCachedPlugin_cache/lineLoader_address[0]~FF #256 has no fanout. Check synthesis flow


WARNING  : logical_block u_micro_risc_v1/u_EfxSapphireSoc/system_cores_0_logic_cpu/IBusCachedPlugin_cache/lineLoader_address[1]~FF #266 has no fanout. Check synthesis flow


WARNING  : logical_block u_micro_risc_v1/u_EfxSapphireSoc/system_cores_0_logic_cpu/IBusCachedPlugin_cache/lineLoader_address[2]~FF #267 has no fanout. Check synthesis flow


WARNING  : logical_block u_micro_risc_v1/u_EfxSapphireSoc/system_cores_0_logic_cpu/IBusCachedPlugin_cache/lineLoader_address[3]~FF #268 has no fanout. Check synthesis flow


WARNING  : logical_block u_micro_risc_v1/u_EfxSapphireSoc/system_cores_0_logic_cpu/IBusCachedPlugin_cache/lineLoader_address[4]~FF #269 has no fanout. Check synthesis flow


WARNING  : logical_block u_micro_risc_v1/u_EfxSapphireSoc/system_cores_0_logic_cpu/IBusCachedPlugin_cache/lineLoader_address[5]~FF #270 has no fanout. Check synthesis flow


INFO     : Pass 1: Swept away 0 blocks with no fanout.


INFO     : Swept away 6 nets and 12 blocks in total.


INFO     : Removed 0 LUT buffers


INFO     : Sweept away 12 nodes


INFO     : Successfully created VPR logical netlist from Verific binary DataBase file "/home/olle/efinity_p2/BRAM/outflow/BRAM.dbg.vdb".


INFO     : Netlist pre-processing took 0.249067 seconds.


INFO     : 	Netlist pre-processing took 0.25 seconds (approximately) in total CPU time.


INFO     : Netlist pre-processing virtual memory usage: begin = 228.66 MB, end = 245.072 MB, delta = 16.412 MB


INFO     : Netlist pre-processing resident set memory usage: begin = 118.528 MB, end = 120.448 MB, delta = 1.92 MB


INFO     : 	Netlist pre-processing peak resident set memory usage = 294.892 MB


           ***** Ending stage netlist pre-processing *****

           

           ***** Beginning stage pre-packing ... *****

           ***** Ending stage pre-packing *****

           

           ***** Beginning stage packing ... *****

WARNING  : Packer found FF 'u_micro_risc_v1/u_EfxSapphireSoc/system_cores_0_logic_cpu/IBusCachedPlugin_cache/lineLoader_address[0]~FF' with no output net.


WARNING  : If possible, remove 'syn_preserve' attribute on FF output.


WARNING  : Packer found FF 'u_micro_risc_v1/u_EfxSapphireSoc/system_cores_0_logic_cpu/IBusCachedPlugin_cache/lineLoader_address[1]~FF' with no output net.


WARNING  : If possible, remove 'syn_preserve' attribute on FF output.


WARNING  : Packer found FF 'u_micro_risc_v1/u_EfxSapphireSoc/system_cores_0_logic_cpu/IBusCachedPlugin_cache/lineLoader_address[2]~FF' with no output net.


WARNING  : If possible, remove 'syn_preserve' attribute on FF output.


WARNING  : Packer found FF 'u_micro_risc_v1/u_EfxSapphireSoc/system_cores_0_logic_cpu/IBusCachedPlugin_cache/lineLoader_address[3]~FF' with no output net.


WARNING  : If possible, remove 'syn_preserve' attribute on FF output.


WARNING  : Packer found FF 'u_micro_risc_v1/u_EfxSapphireSoc/system_cores_0_logic_cpu/IBusCachedPlugin_cache/lineLoader_address[4]~FF' with no output net.


WARNING  : If possible, remove 'syn_preserve' attribute on FF output.


WARNING  : Packer found FF 'u_micro_risc_v1/u_EfxSapphireSoc/system_cores_0_logic_cpu/IBusCachedPlugin_cache/lineLoader_address[5]~FF' with no output net.


WARNING  : If possible, remove 'syn_preserve' attribute on FF output.


INFO     : Generate proto netlist for file "/home/olle/efinity_p2/BRAM/work_pnr/BRAM.net_proto" took 0.021427 seconds


INFO     : Creating IO constraints file '/home/olle/efinity_p2/BRAM/work_pnr/BRAM.io_place'


INFO     : Packing took 0.0691946 seconds.


INFO     : 	Packing took 0.06 seconds (approximately) in total CPU time.


INFO     : Packing virtual memory usage: begin = 245.072 MB, end = 245.072 MB, delta = 0 MB


INFO     : Packing resident set memory usage: begin = 121.216 MB, end = 121.728 MB, delta = 0.512 MB


INFO     : 	Packing peak resident set memory usage = 294.892 MB


           ***** Ending stage packing *****

           

INFO     : Read proto netlist file /home/olle/efinity_p2/BRAM/work_pnr/BRAM.net_proto


INFO     : Read proto netlist for file "/home/olle/efinity_p2/BRAM/work_pnr/BRAM.net_proto" took 0.015786 seconds


INFO     : Setup net and block data structure took 0.289921 seconds


WARNING  : Found 18 warnings in the post-synthesis netlist.


INFO     : Reading core interface constraints file "/home/olle/efinity_p2/BRAM/outflow/BRAM.interface.csv"


INFO     : Successfully read core interface constraints file "/home/olle/efinity_p2/BRAM/outflow/BRAM.interface.csv"


INFO     : logical_block u_micro_risc_v1/u_EfxSapphireSoc/system_cores_0_logic_cpu/IBusCachedPlugin_cache/lineLoader_address[0]~FF #256 has no fanout. Check synthesis flow


INFO     : logical_block u_micro_risc_v1/u_EfxSapphireSoc/system_cores_0_logic_cpu/IBusCachedPlugin_cache/lineLoader_address[1]~FF #266 has no fanout. Check synthesis flow


INFO     : logical_block u_micro_risc_v1/u_EfxSapphireSoc/system_cores_0_logic_cpu/IBusCachedPlugin_cache/lineLoader_address[2]~FF #267 has no fanout. Check synthesis flow


INFO     : logical_block u_micro_risc_v1/u_EfxSapphireSoc/system_cores_0_logic_cpu/IBusCachedPlugin_cache/lineLoader_address[3]~FF #268 has no fanout. Check synthesis flow


INFO     : logical_block u_micro_risc_v1/u_EfxSapphireSoc/system_cores_0_logic_cpu/IBusCachedPlugin_cache/lineLoader_address[4]~FF #269 has no fanout. Check synthesis flow


INFO     : logical_block u_micro_risc_v1/u_EfxSapphireSoc/system_cores_0_logic_cpu/IBusCachedPlugin_cache/lineLoader_address[5]~FF #270 has no fanout. Check synthesis flow


INFO     : logical_block u_micro_risc_v1/u_EfxSapphireSoc/system_cores_0_logic_cpu/IBusCachedPlugin_cache/lineLoader_address[0]~FF #256 has no fanout. Check synthesis flow


INFO     : logical_block u_micro_risc_v1/u_EfxSapphireSoc/system_cores_0_logic_cpu/IBusCachedPlugin_cache/lineLoader_address[1]~FF #266 has no fanout. Check synthesis flow


INFO     : logical_block u_micro_risc_v1/u_EfxSapphireSoc/system_cores_0_logic_cpu/IBusCachedPlugin_cache/lineLoader_address[2]~FF #267 has no fanout. Check synthesis flow


INFO     : logical_block u_micro_risc_v1/u_EfxSapphireSoc/system_cores_0_logic_cpu/IBusCachedPlugin_cache/lineLoader_address[3]~FF #268 has no fanout. Check synthesis flow


INFO     : logical_block u_micro_risc_v1/u_EfxSapphireSoc/system_cores_0_logic_cpu/IBusCachedPlugin_cache/lineLoader_address[4]~FF #269 has no fanout. Check synthesis flow


INFO     : logical_block u_micro_risc_v1/u_EfxSapphireSoc/system_cores_0_logic_cpu/IBusCachedPlugin_cache/lineLoader_address[5]~FF #270 has no fanout. Check synthesis flow


           ***** Beginning stage packed netlist loading ... *****

INFO     : Read proto netlist file /home/olle/efinity_p2/BRAM/work_pnr/BRAM.net_proto


INFO     : Read proto netlist for file "/home/olle/efinity_p2/BRAM/work_pnr/BRAM.net_proto" took 0.017376 seconds


INFO     : Setup net and block data structure took 0.291488 seconds


INFO     : Packed netlist loading took 0.311704 seconds.


INFO     : 	Packed netlist loading took 0.31 seconds (approximately) in total CPU time.


INFO     : Packed netlist loading virtual memory usage: begin = 274.376 MB, end = 274.376 MB, delta = 0 MB


INFO     : Packed netlist loading resident set memory usage: begin = 164.224 MB, end = 164.224 MB, delta = 0 MB


INFO     : 	Packed netlist loading peak resident set memory usage = 294.892 MB


           ***** Ending stage packed netlist loading *****

           

           ***** Beginning stage pre-placement ... *****

           

           ***** Ending stage pre-placement *****

           

INFO     : SDC file '/home/olle/efinity_p2/BRAM/const1.sdc' parsed successfully.


INFO     : 2 clocks (including virtual clocks), 0 inputs and 0 outputs were constrained.


           ***** Beginning stage initial placement ... *****

INFO     : Reading core interface constraints file "/home/olle/efinity_p2/BRAM/outflow/BRAM.interface.csv"


INFO     : Successfully read core interface constraints file "/home/olle/efinity_p2/BRAM/outflow/BRAM.interface.csv"


INFO     : Writing IO placement constraints to "/home/olle/efinity_p2/BRAM/outflow/BRAM.interface.io"


INFO     : Reading placement constraints from '/home/olle/efinity_p2/BRAM/outflow/BRAM.interface.io'.


INFO     : Reading placement constraints from '/home/olle/efinity_p2/BRAM/work_pnr/BRAM.io_place'.


WARNING  : phy_rst_n has no assigned placement; it will be placed randomly.


WARNING  : jtag_dummy_TDI has no assigned placement; it will be placed randomly.


WARNING  : jtag_dummy_TCK has no assigned placement; it will be placed randomly.


WARNING  : jtag_dummy_RESET has no assigned placement; it will be placed randomly.


WARNING  : jtag_dummy_CAPTURE has no assigned placement; it will be placed randomly.


WARNING  : jtag_dummy_SHIFT has no assigned placement; it will be placed randomly.


WARNING  : jtag_dummy_UPDATE has no assigned placement; it will be placed randomly.


WARNING  : jtag_dummy_TDO has no assigned placement; it will be placed randomly.


INFO     : 8 IOs will have random placement.


WARNING  : Clock source jtag_inst1_TCK does not use a dedicated clock pad, so extra clock insertion delay is added


           ***** Ending stage initial placement *****

           

           ***** Beginning stage placement ... *****

INFO     : Found 81 synchronizers as follows: 


INFO     : 	Synchronizer 0: 


INFO     :  u_micro_risc_v1/u_EfxSapphireSoc/system_riscvJtag_hard_noTap_tunnel_io_bus_cmd_payload_address[6]~FF


INFO     : 	Synchronizer 1: 


INFO     :  u_micro_risc_v1/u_EfxSapphireSoc/system_riscvJtag_hard_noTap_tunnel_io_bus_cmd_payload_address[5]~FF


INFO     : 	Synchronizer 2: 


INFO     :  u_micro_risc_v1/u_EfxSapphireSoc/system_riscvJtag_hard_noTap_tunnel_io_bus_cmd_payload_address[4]~FF


INFO     : 	Synchronizer 3: 


INFO     :  u_micro_risc_v1/u_EfxSapphireSoc/system_riscvJtag_hard_noTap_tunnel_io_bus_cmd_payload_address[3]~FF


INFO     : 	Synchronizer 4: 


INFO     :  u_micro_risc_v1/u_EfxSapphireSoc/system_riscvJtag_hard_noTap_tunnel_io_bus_cmd_payload_address[2]~FF


INFO     : 	Synchronizer 5: 


INFO     :  u_micro_risc_v1/u_EfxSapphireSoc/system_riscvJtag_hard_noTap_tunnel_io_bus_cmd_payload_address[1]~FF


INFO     : 	Synchronizer 6: 


INFO     :  u_micro_risc_v1/u_EfxSapphireSoc/system_riscvJtag_hard_noTap_tunnel_io_bus_cmd_payload_data[31]~FF


INFO     : 	Synchronizer 7: 


INFO     :  u_micro_risc_v1/u_EfxSapphireSoc/system_riscvJtag_hard_noTap_tunnel_io_bus_cmd_payload_data[30]~FF


INFO     : 	Synchronizer 8: 


INFO     :  u_micro_risc_v1/u_EfxSapphireSoc/system_riscvJtag_hard_noTap_tunnel_io_bus_cmd_payload_data[26]~FF


INFO     : 	Synchronizer 9: 


INFO     :  u_micro_risc_v1/u_EfxSapphireSoc/system_riscvJtag_hard_noTap_tunnel_io_bus_cmd_payload_data[25]~FF


INFO     : 	Synchronizer 10: 


INFO     :  u_micro_risc_v1/u_EfxSapphireSoc/system_riscvJtag_hard_noTap_tunnel_io_bus_cmd_payload_data[24]~FF


INFO     : 	Synchronizer 11: 


INFO     :  u_micro_risc_v1/u_EfxSapphireSoc/system_riscvJtag_hard_noTap_tunnel_io_bus_cmd_payload_data[23]~FF


INFO     : 	Synchronizer 12: 


INFO     :  u_micro_risc_v1/u_EfxSapphireSoc/system_riscvJtag_hard_noTap_tunnel_io_bus_cmd_payload_data[22]~FF


INFO     : 	Synchronizer 13: 


INFO     :  u_micro_risc_v1/u_EfxSapphireSoc/system_riscvJtag_hard_noTap_tunnel_io_bus_cmd_payload_data[21]~FF


INFO     : 	Synchronizer 14: 


INFO     :  u_micro_risc_v1/u_EfxSapphireSoc/system_riscvJtag_hard_noTap_tunnel_io_bus_cmd_payload_data[20]~FF


INFO     : 	Synchronizer 15: 


INFO     :  u_micro_risc_v1/u_EfxSapphireSoc/system_riscvJtag_hard_noTap_tunnel_io_bus_cmd_payload_data[19]~FF


INFO     : 	Synchronizer 16: 


INFO     :  u_micro_risc_v1/u_EfxSapphireSoc/system_riscvJtag_hard_noTap_tunnel_io_bus_cmd_payload_data[18]~FF


INFO     : 	Synchronizer 17: 


INFO     :  u_micro_risc_v1/u_EfxSapphireSoc/system_riscvJtag_hard_noTap_tunnel_io_bus_cmd_payload_data[17]~FF


INFO     : 	Synchronizer 18: 


INFO     :  u_micro_risc_v1/u_EfxSapphireSoc/system_riscvJtag_hard_noTap_tunnel_io_bus_cmd_payload_data[16]~FF


INFO     : 	Synchronizer 19: 


INFO     :  u_micro_risc_v1/u_EfxSapphireSoc/system_riscvJtag_hard_noTap_tunnel_io_bus_cmd_payload_data[15]~FF


INFO     : 	Synchronizer 20: 


INFO     :  u_micro_risc_v1/u_EfxSapphireSoc/system_riscvJtag_hard_noTap_tunnel_io_bus_cmd_payload_data[14]~FF


INFO     : 	Synchronizer 21: 


INFO     :  u_micro_risc_v1/u_EfxSapphireSoc/system_riscvJtag_hard_noTap_tunnel_io_bus_cmd_payload_data[13]~FF


INFO     : 	Synchronizer 22: 


INFO     :  u_micro_risc_v1/u_EfxSapphireSoc/system_riscvJtag_hard_noTap_tunnel_io_bus_cmd_payload_data[12]~FF


INFO     : 	Synchronizer 23: 


INFO     :  u_micro_risc_v1/u_EfxSapphireSoc/system_riscvJtag_hard_noTap_tunnel/logic_systemLogic_bus_rsp_ccToggle_io_output_payload_data[3]~FF


INFO     : 	Synchronizer 24: 


INFO     :  u_micro_risc_v1/u_EfxSapphireSoc/system_riscvJtag_hard_noTap_tunnel/logic_systemLogic_bus_rsp_ccToggle_io_output_payload_data[2]~FF


INFO     : 	Synchronizer 25: 


INFO     :  u_micro_risc_v1/u_EfxSapphireSoc/system_riscvJtag_hard_noTap_tunnel/logic_systemLogic_bus_rsp_ccToggle_io_output_payload_data[1]~FF


INFO     : 	Synchronizer 26: 


INFO     :  u_micro_risc_v1/u_EfxSapphireSoc/system_riscvJtag_hard_noTap_tunnel/logic_systemLogic_bus_rsp_ccToggle_io_output_payload_data[0]~FF


INFO     : 	Synchronizer 27: 


INFO     :  u_micro_risc_v1/u_EfxSapphireSoc/system_riscvJtag_hard_noTap_tunnel/logic_systemLogic_bus_rsp_ccToggle/system_riscvJtag_hard_noTap_tunnel_toplevel_debugCd_logic_outputReset_asyncAssertSyncDeassert_buffercc/buffers_0~FF


INFO     :  u_micro_risc_v1/u_EfxSapphireSoc/system_riscvJtag_hard_noTap_tunnel/logic_systemLogic_bus_rsp_ccToggle/system_riscvJtag_hard_noTap_tunnel_toplevel_debugCd_logic_outputReset_asyncAssertSyncDeassert_buffercc_io_dataOut~FF


INFO     : 	Synchronizer 28: 


INFO     :  u_micro_risc_v1/u_EfxSapphireSoc/system_riscvJtag_hard_noTap_tunnel/logic_systemLogic_bus_rsp_ccToggle/inputArea_target_buffercc/buffers_0~FF


INFO     :  u_micro_risc_v1/u_EfxSapphireSoc/system_riscvJtag_hard_noTap_tunnel/logic_systemLogic_bus_rsp_ccToggle/inputArea_target_buffercc_io_dataOut~FF


INFO     : 	Synchronizer 29: 


INFO     :  u_micro_risc_v1/u_EfxSapphireSoc/system_riscvJtag_hard_noTap_tunnel/logic_systemLogic_bus_rsp_ccToggle_io_output_payload_data[20]~FF


INFO     : 	Synchronizer 30: 


INFO     :  u_micro_risc_v1/u_EfxSapphireSoc/system_riscvJtag_hard_noTap_tunnel_io_bus_cmd_payload_data[29]~FF


INFO     : 	Synchronizer 31: 


INFO     :  u_micro_risc_v1/u_EfxSapphireSoc/system_riscvJtag_hard_noTap_tunnel_io_bus_cmd_payload_address[0]~FF


INFO     : 	Synchronizer 32: 


INFO     :  u_micro_risc_v1/u_EfxSapphireSoc/system_riscvJtag_hard_noTap_tunnel/logic_systemLogic_bus_rsp_ccToggle_io_output_payload_data[4]~FF


INFO     : 	Synchronizer 33: 


INFO     :  u_micro_risc_v1/u_EfxSapphireSoc/system_riscvJtag_hard_noTap_tunnel/logic_systemLogic_bus_rsp_ccToggle_io_output_payload_data[5]~FF


INFO     : 	Synchronizer 34: 


INFO     :  u_micro_risc_v1/u_EfxSapphireSoc/system_riscvJtag_hard_noTap_tunnel/logic_systemLogic_bus_rsp_ccToggle_io_output_payload_data[6]~FF


INFO     : 	Synchronizer 35: 


INFO     :  u_micro_risc_v1/u_EfxSapphireSoc/system_riscvJtag_hard_noTap_tunnel/logic_systemLogic_bus_rsp_ccToggle_io_output_payload_data[7]~FF


INFO     : 	Synchronizer 36: 


INFO     :  u_micro_risc_v1/u_EfxSapphireSoc/system_riscvJtag_hard_noTap_tunnel/logic_systemLogic_bus_rsp_ccToggle_io_output_payload_data[9]~FF


INFO     : 	Synchronizer 37: 


INFO     :  u_micro_risc_v1/u_EfxSapphireSoc/system_riscvJtag_hard_noTap_tunnel/logic_systemLogic_bus_rsp_ccToggle_io_output_payload_data[10]~FF


INFO     : 	Synchronizer 38: 


INFO     :  u_micro_risc_v1/u_EfxSapphireSoc/system_riscvJtag_hard_noTap_tunnel/logic_systemLogic_bus_rsp_ccToggle_io_output_payload_data[8]~FF


INFO     : 	Synchronizer 39: 


INFO     :  u_micro_risc_v1/u_EfxSapphireSoc/system_riscvJtag_hard_noTap_tunnel_io_bus_cmd_payload_data[28]~FF


INFO     : 	Synchronizer 40: 


INFO     :  u_micro_risc_v1/u_EfxSapphireSoc/system_riscvJtag_hard_noTap_tunnel_io_bus_cmd_payload_data[0]~FF


INFO     : 	Synchronizer 41: 


INFO     :  u_micro_risc_v1/u_EfxSapphireSoc/debugCd_logic_outputReset_asyncAssertSyncDeassert_buffercc/buffers_0~FF


INFO     :  u_micro_risc_v1/u_EfxSapphireSoc/debugCd_logic_outputReset_asyncAssertSyncDeassert_buffercc_io_dataOut~FF


INFO     : 	Synchronizer 42: 


INFO     :  u_micro_risc_v1/u_EfxSapphireSoc/system_riscvJtag_hard_noTap_tunnel/logic_systemLogic_bus_rsp_ccToggle_io_output_payload_data[16]~FF


INFO     : 	Synchronizer 43: 


INFO     :  u_micro_risc_v1/u_EfxSapphireSoc/system_riscvJtag_hard_noTap_tunnel/logic_systemLogic_bus_rsp_ccToggle_io_output_payload_data[17]~FF


INFO     : 	Synchronizer 44: 


INFO     :  u_micro_risc_v1/u_EfxSapphireSoc/system_riscvJtag_hard_noTap_tunnel_io_bus_cmd_payload_data[27]~FF


INFO     : 	Synchronizer 45: 


INFO     :  u_micro_risc_v1/u_EfxSapphireSoc/system_riscvJtag_hard_noTap_tunnel_io_bus_cmd_payload_write~FF


INFO     : 	Synchronizer 46: 


INFO     :  u_micro_risc_v1/u_EfxSapphireSoc/system_riscvJtag_hard_noTap_tunnel/logic_systemLogic_bus_rsp_ccToggle_io_output_payload_data[11]~FF


INFO     : 	Synchronizer 47: 


INFO     :  u_micro_risc_v1/u_EfxSapphireSoc/system_riscvJtag_hard_noTap_tunnel/logic_systemLogic_bus_rsp_ccToggle_io_output_payload_data[12]~FF


INFO     : 	Synchronizer 48: 


INFO     :  u_micro_risc_v1/u_EfxSapphireSoc/system_riscvJtag_hard_noTap_tunnel/logic_systemLogic_bus_rsp_ccToggle_io_output_payload_data[13]~FF


INFO     : 	Synchronizer 49: 


INFO     :  u_micro_risc_v1/u_EfxSapphireSoc/system_uart_0_io_logic/uartCtrl_1/rx/io_rxd_buffercc/buffers_0~FF


INFO     :  u_micro_risc_v1/u_EfxSapphireSoc/system_uart_0_io_logic/uartCtrl_1/rx/io_rxd_buffercc_io_dataOut~FF


INFO     : 	Synchronizer 50: 


INFO     :  u_micro_risc_v1/u_EfxSapphireSoc/system_riscvJtag_hard_noTap_tunnel/logic_systemLogic_bus_rsp_ccToggle_io_output_payload_data[14]~FF


INFO     : 	Synchronizer 51: 


INFO     :  u_micro_risc_v1/u_EfxSapphireSoc/io_asyncReset_asyncAssertSyncDeassert_buffercc/buffers_0~FF


INFO     :  u_micro_risc_v1/u_EfxSapphireSoc/io_asyncReset_asyncAssertSyncDeassert_buffercc_io_dataOut~FF


INFO     : 	Synchronizer 52: 


INFO     :  u_micro_risc_v1/u_EfxSapphireSoc/system_riscvJtag_hard_noTap_tunnel/logic_systemLogic_bus_rsp_ccToggle_io_output_payload_data[15]~FF


INFO     : 	Synchronizer 53: 


INFO     :  u_micro_risc_v1/u_EfxSapphireSoc/system_coreStopTime_buffercc/buffers_0~FF


INFO     :  u_micro_risc_v1/u_EfxSapphireSoc/system_coreStopTime_buffercc_io_dataOut~FF


INFO     : 	Synchronizer 54: 


INFO     :  u_micro_risc_v1/u_EfxSapphireSoc/system_riscvJtag_hard_noTap_tunnel/logic_systemLogic_bus_rsp_ccToggle_io_output_payload_data[18]~FF


INFO     : 	Synchronizer 55: 


INFO     :  u_micro_risc_v1/u_EfxSapphireSoc/system_riscvJtag_debug_systemReset_asyncAssertSyncDeassert_buffercc/buffers_0~FF


INFO     :  u_micro_risc_v1/u_EfxSapphireSoc/system_riscvJtag_debug_systemReset_asyncAssertSyncDeassert_buffercc_io_dataOut~FF


INFO     : 	Synchronizer 56: 


INFO     :  u_micro_risc_v1/u_EfxSapphireSoc/system_cores_0_logic_cpu/systemCd_logic_outputReset_buffercc/buffers_0~FF


INFO     :  u_micro_risc_v1/u_EfxSapphireSoc/system_cores_0_logic_cpu_debugBus_unavailable~FF


INFO     : 	Synchronizer 57: 


INFO     :  u_micro_risc_v1/u_EfxSapphireSoc/system_riscvJtag_hard_noTap_tunnel/logic_systemLogic_bus_rsp_ccToggle_io_output_payload_data[19]~FF


INFO     : 	Synchronizer 58: 


INFO     :  u_micro_risc_v1/u_EfxSapphireSoc/system_riscvJtag_hard_noTap_tunnel_io_bus_cmd_payload_data[9]~FF


INFO     : 	Synchronizer 59: 


INFO     :  u_micro_risc_v1/u_EfxSapphireSoc/system_riscvJtag_hard_noTap_tunnel/logic_systemLogic_bus_rsp_ccToggle_io_output_payload_data[29]~FF


INFO     : 	Synchronizer 60: 


INFO     :  u_micro_risc_v1/u_EfxSapphireSoc/system_riscvJtag_hard_noTap_tunnel_io_bus_cmd_payload_data[10]~FF


INFO     : 	Synchronizer 61: 


INFO     :  u_micro_risc_v1/u_EfxSapphireSoc/system_riscvJtag_hard_noTap_tunnel/logic_systemLogic_bus_rsp_ccToggle_io_output_payload_data[30]~FF


INFO     : 	Synchronizer 62: 


INFO     :  u_micro_risc_v1/u_EfxSapphireSoc/system_riscvJtag_hard_noTap_tunnel/logic_systemLogic_bus_rsp_ccToggle_io_output_payload_data[21]~FF


INFO     : 	Synchronizer 63: 


INFO     :  u_micro_risc_v1/u_EfxSapphireSoc/system_riscvJtag_hard_noTap_tunnel_io_bus_cmd_payload_data[1]~FF


INFO     : 	Synchronizer 64: 


INFO     :  u_micro_risc_v1/u_EfxSapphireSoc/system_riscvJtag_hard_noTap_tunnel_io_bus_cmd_payload_data[11]~FF


INFO     : 	Synchronizer 65: 


INFO     :  u_micro_risc_v1/u_EfxSapphireSoc/system_riscvJtag_hard_noTap_tunnel/logic_systemLogic_bus_rsp_ccToggle_io_output_payload_data[31]~FF


INFO     : 	Synchronizer 66: 


INFO     :  u_micro_risc_v1/u_EfxSapphireSoc/system_riscvJtag_hard_noTap_tunnel/logic_systemLogic_bus_rsp_ccToggle_io_output_payload_data[22]~FF


INFO     : 	Synchronizer 67: 


INFO     :  u_micro_risc_v1/u_EfxSapphireSoc/system_riscvJtag_hard_noTap_tunnel_io_bus_cmd_payload_data[2]~FF


INFO     : 	Synchronizer 68: 


INFO     :  u_micro_risc_v1/u_EfxSapphireSoc/system_riscvJtag_hard_noTap_tunnel/logic_systemLogic_bus_rsp_ccToggle_io_output_payload_data[23]~FF


INFO     : 	Synchronizer 69: 


INFO     :  u_micro_risc_v1/u_EfxSapphireSoc/system_riscvJtag_hard_noTap_tunnel_io_bus_cmd_payload_data[3]~FF


INFO     : 	Synchronizer 70: 


INFO     :  u_micro_risc_v1/u_EfxSapphireSoc/system_riscvJtag_hard_noTap_tunnel/logic_systemLogic_bus_rsp_ccToggle_io_output_payload_data[24]~FF


INFO     : 	Synchronizer 71: 


INFO     :  u_micro_risc_v1/u_EfxSapphireSoc/system_riscvJtag_hard_noTap_tunnel_io_bus_cmd_payload_data[4]~FF


INFO     : 	Synchronizer 72: 


INFO     :  u_micro_risc_v1/u_EfxSapphireSoc/system_riscvJtag_hard_noTap_tunnel/logic_systemLogic_bus_rsp_ccToggle_io_output_payload_data[25]~FF


INFO     : 	Synchronizer 73: 


INFO     :  u_micro_risc_v1/u_EfxSapphireSoc/system_riscvJtag_hard_noTap_tunnel_io_bus_cmd_payload_data[5]~FF


INFO     : 	Synchronizer 74: 


INFO     :  u_micro_risc_v1/u_EfxSapphireSoc/system_riscvJtag_hard_noTap_tunnel/logic_jtagLogic_dmiCmd_ccToggle/inputArea_target_buffercc/buffers_0~FF


INFO     :  u_micro_risc_v1/u_EfxSapphireSoc/system_riscvJtag_hard_noTap_tunnel/logic_jtagLogic_dmiCmd_ccToggle/inputArea_target_buffercc_io_dataOut~FF


INFO     : 	Synchronizer 75: 


INFO     :  u_micro_risc_v1/u_EfxSapphireSoc/system_riscvJtag_hard_noTap_tunnel/logic_systemLogic_bus_rsp_ccToggle_io_output_payload_data[26]~FF


INFO     : 	Synchronizer 76: 


INFO     :  u_micro_risc_v1/u_EfxSapphireSoc/system_riscvJtag_hard_noTap_tunnel_io_bus_cmd_payload_data[6]~FF


INFO     : 	Synchronizer 77: 


INFO     :  u_micro_risc_v1/u_EfxSapphireSoc/system_riscvJtag_hard_noTap_tunnel/logic_systemLogic_bus_rsp_ccToggle_io_output_payload_data[27]~FF


INFO     : 	Synchronizer 78: 


INFO     :  u_micro_risc_v1/u_EfxSapphireSoc/system_riscvJtag_hard_noTap_tunnel_io_bus_cmd_payload_data[7]~FF


INFO     : 	Synchronizer 79: 


INFO     :  u_micro_risc_v1/u_EfxSapphireSoc/system_riscvJtag_hard_noTap_tunnel/logic_systemLogic_bus_rsp_ccToggle_io_output_payload_data[28]~FF


INFO     : 	Synchronizer 80: 


INFO     :  u_micro_risc_v1/u_EfxSapphireSoc/system_riscvJtag_hard_noTap_tunnel_io_bus_cmd_payload_data[8]~FF


INFO     : Starting Global Placer with 4 threads ...


            ----------     -------  --------------     -------

             Iteration       WHPWL Worst Slack (ps) Convergence

            ----------     -------  --------------     -------

INFO     :           1    14931562           -3156         1.6%


INFO     :           2    12778229           -3113         2.1%


INFO     :           3    10584809           -3113         2.5%


INFO     :           4     8951497           -2882         3.1%


INFO     :           5     4616728           -3113         4.3%


INFO     :           6     2366734           -3156         9.1%


INFO     :           7     1147173           -3156        17.1%


INFO     :           8      689463           -4050        29.0%


INFO     :           9      531338           -5375        43.0%


INFO     :          10      481118           -6837        56.9%


INFO     :          11      446253           -7030        56.9%


INFO     :          12      456043           -7324        64.2%


INFO     :          13      449340           -7262        64.2%


INFO     :          14      463861           -6732        65.5%


INFO     :          15      449178           -6585        65.5%


INFO     :          16      454031           -6420        66.4%


INFO     :          17      437188           -6273        66.4%


INFO     :          18      449561           -6163        69.6%


INFO     :          19      428902           -6478        69.6%


INFO     :          20      446867           -6261        70.6%


INFO     :          21      427257           -6507        70.6%


INFO     :          22      441883           -6225        72.6%


INFO     :          23      422563           -6883        72.6%


INFO     :          24      436675           -6558        74.8%


INFO     :          25      416406           -7565        74.8%


INFO     :          26      429921           -6486        77.2%


INFO     :          27      416459           -7505        77.2%


INFO     :          28      423763           -6788        79.5%


INFO     :          29      415648           -6990        79.5%


INFO     :          30      426190           -6361        80.7%


INFO     :          31      411814           -6679        80.7%


INFO     :          32      423834           -7221        81.9%


INFO     :          33      410380           -7232        81.9%


INFO     :          34      423216           -7054        82.9%


INFO     :          35      410401           -6735        82.9%


INFO     :          36      420895           -6721        83.2%


INFO     :          37      406457           -7037        83.2%


INFO     :          38      416726           -6962        84.4%


INFO     :          39      406347           -6651        84.4%


INFO     :          40      419089           -6816        85.1%


INFO     :          41      405330           -6875        85.1%


INFO     :          42      418874           -6974        86.2%


INFO     :          43      404347           -7019        86.2%


INFO     :          44      415108           -6721        87.1%


INFO     :          45      405385           -6985        87.1%


INFO     :          46      415990           -7006        88.0%


INFO     :          47      405125           -7624        88.0%


INFO     :          48      414450           -7285        88.5%


INFO     :          49      403650           -7252        88.5%


INFO     :          50      412754           -6744        89.6%


INFO     :          51      404841           -7560        89.6%


INFO     :          52      412865           -7145        90.0%


INFO     :          53      403178           -7546        90.0%


INFO     :          54      410741           -7256        90.7%


INFO     :          55      405883           -7479        90.7%


INFO     :          56      413209           -6754        90.7%


INFO     :          57      404286           -7990        90.7%


INFO     :          58      410584           -6695        91.4%


INFO     :          59      407479           -6691        91.4%


INFO     :          60      412800           -7872        91.6%


INFO     :          61      408586           -7613        91.6%


INFO     :          62      412407           -7920        92.9%


INFO     :          63      409337           -7129        92.9%


INFO     :          64      413334           -7985        92.9%


INFO     :          65      412189           -7424        92.9%


INFO     :          66      409269           -6835        93.3%


INFO     :          67      409454           -7596        93.6%


INFO     :          68      411835           -7114        94.9%


INFO     :          69      406714           -7517        94.9%


INFO     :          70      408284           -6892        96.6%


INFO     :          71      410663           -8253        97.3%


INFO     :          72      412108           -7512        98.1%


INFO     : Starting Annealer


            ----------     -------  --------------     -------

             Iteration       WHPWL  Delay Max (ps)     R Limit

            ----------     -------  --------------     -------

INFO     :           0      192426           18309        30.0


INFO     :           1      173771           13763        28.7


INFO     :           2      165488           17455        27.4


INFO     :           3      157208           15163        25.9


INFO     :           4      153336           12667        24.5


INFO     :           5      148744           15823        23.0


INFO     :           6      145101           14841        21.5


INFO     :           7      143191           14716        20.1


INFO     :           8      140709           14669        18.7


INFO     :           9      139459           15268        17.4


INFO     :          10      137496           14888        16.2


INFO     :          11      135117           14686        15.1


INFO     :          12      132904           14685        14.0


INFO     :          13      132102           14685        13.0


INFO     :          14      130957           14685        12.0


INFO     :          15      129942           14333        11.1


INFO     :          16      129146           14333        10.3


INFO     :          17      128693           14423         9.5


INFO     :          18      127809           14333         8.8


INFO     :          19      126693           14333         8.1


INFO     :          20      125764           14350         7.5


INFO     :          21      124782           14350         6.9


INFO     :          22      124241           14350         6.4


INFO     :          23      123325           14350         6.0


INFO     :          24      122543           14350         5.5


INFO     :          25      121814           14350         5.1


INFO     :          26      120969           14350         4.7


INFO     :          27      120444           14350         4.3


INFO     :          28      119963           14350         4.0


INFO     :          29      119230           14350         3.7


INFO     :          30      118878           14350         3.4


INFO     :          31      118356           14350         3.2


INFO     :          32      117763           14350         2.9


INFO     :          33      117557           14350         2.7


INFO     :          34      117232           14350         2.5


INFO     :          35      116843           14194         2.3


INFO     :          36      116537           13929         2.1


INFO     :          37      116222           13929         2.0


INFO     :          38      116113           13929         1.8


INFO     :          39      115525           13928         1.7


INFO     :          40      115432           10466         1.5


INFO     :          41      115542           13928         1.4


INFO     :          42      115131           13928         1.3


INFO     :          43      114920           10235         1.2


INFO     :          44      114384           10865         1.1


INFO     : Counted delay computer calls: 102944
Placement successful: 9691 cells are placed


INFO     : Peak congestion smeared over 1/4 of the chip is 0.378315 at 7,66


INFO     : Congestion-weighted HPWL per net: 26.2535


INFO     : Post-placement cluster-level checks is successful


INFO     : Checks is successful


INFO     : Reading placement constraints from '/home/olle/efinity_p2/BRAM/outflow/BRAM.qplace'.


INFO     : Finished Realigning Types (881 blocks needed type change)


INFO     : Completed placement consistency check successfully.




INFO     : Successfully created FPGA place file '/home/olle/efinity_p2/BRAM/outflow/BRAM.place'


INFO     : Placement took 18.5768 seconds.


INFO     : 	Placement took 48.93 seconds (approximately) in total CPU time.


INFO     : Placement virtual memory usage: begin = 274.376 MB, end = 419.28 MB, delta = 144.904 MB


INFO     : Placement resident set memory usage: begin = 164.48 MB, end = 227.924 MB, delta = 63.444 MB


INFO     : 	Placement peak resident set memory usage = 294.892 MB


           ***** Ending stage placement *****

           

           

           Efinix FPGA Placement and Routing.

           Version: 2025.1.110.2.15 

           Compiled: Jun 21 2025.

           

           Copyright (C) 2013 - 2025 Efinix, Inc. All rights reserved.


           

           The Tool Is Based on VPR of University of Toronto,

           a free open source code under MIT license.

           

           

INFO     : Running Placement and Routing for Family "Trion", Device "T20F169" ...


           

           ***** Beginning stage routing graph generation ... *****

INFO     : Read ipin pattern from /home/olle/efinix/efinity/2025.1/arch/./routing/ipin_oph.xml


INFO     : Finished parsing ipin pattern file '/home/olle/efinix/efinity/2025.1/arch/./routing/ipin_oph.xdb'.


INFO     : Finished parsing switch_block file '/home/olle/efinix/efinity/2025.1/arch/./routing/sb_connectivity_subset.xdb'.


INFO     : BuildGraph process took 3.1623 seconds.


INFO     : 	BuildGraph process took 3 seconds (approximately) in total CPU time.


INFO     : BuildGraph process virtual memory usage: begin = 419.28 MB, end = 584.872 MB, delta = 165.592 MB


INFO     : BuildGraph process resident set memory usage: begin = 228.692 MB, end = 488.864 MB, delta = 260.172 MB


INFO     : 	BuildGraph process peak resident set memory usage = 488.864 MB


INFO     : check rr_graph process took 0.11639 seconds.


INFO     : 	check rr_graph process took 0.11 seconds (approximately) in total CPU time.


INFO     : check rr_graph process virtual memory usage: begin = 612.472 MB, end = 617.072 MB, delta = 4.6 MB


INFO     : check rr_graph process resident set memory usage: begin = 517.664 MB, end = 522.144 MB, delta = 4.48 MB


INFO     : 	check rr_graph process peak resident set memory usage = 522.144 MB


INFO     : Generated 1177500 RR nodes and 4449592 RR edges


INFO     : This design has 0 global control net(s). See /home/olle/efinity_p2/BRAM/outflow/BRAM.route.rpt for details.


INFO     : Routing graph took 3.36806 seconds.


INFO     : 	Routing graph took 3.19 seconds (approximately) in total CPU time.


INFO     : Routing graph virtual memory usage: begin = 419.28 MB, end = 617.072 MB, delta = 197.792 MB


INFO     : Routing graph resident set memory usage: begin = 228.052 MB, end = 522.4 MB, delta = 294.348 MB


INFO     : 	Routing graph peak resident set memory usage = 522.4 MB


           ***** Ending stage routing graph generation *****

           

           ***** Beginning stage routing ... *****

INFO     : SDC file '/home/olle/efinity_p2/BRAM/const1.sdc' parsed successfully.


INFO     : 2 clocks (including virtual clocks), 0 inputs and 0 outputs were constrained.


INFO     :  ---------      -------     --------------      -------------


INFO     :  Iteration      Overuse     Crit Path (ns)      Calc Time (s)


INFO     :  ---------      -------     --------------      -------------


INFO     :          1        33319              10.13               3.94


INFO     :          2         6394              10.05               5.29


INFO     :          3         2987              10.02               4.68


INFO     :          4         1195              10.02               4.42


INFO     :          5          529              10.02               4.48


INFO     :          6          245              9.915               4.77


INFO     :          7          148              9.892               4.13


INFO     :          8           73              9.994               3.68


INFO     :          9           28              10.19               4.56


INFO     :         10            9              10.18               3.04


INFO     :         11            3              10.92              0.423


INFO     :         12            2              10.74              0.298


INFO     :         13            0               10.8              0.336


           

INFO     : Successfully routed netlist after 13 routing iterations and 97637851 heapops


INFO     : Completed net delay value cross check successfully.


           ***** Beginning stage routing check ... *****

           ***** Ending stage routing check *****

           

INFO     : Serial number (magic cookie) for the routing is: 918897324


INFO     : Netlist fully routed.


INFO     : Successfully created FPGA route file '/home/olle/efinity_p2/BRAM/outflow/BRAM.route'


INFO     : Routing took 45.45 seconds.


INFO     : 	Routing took 45.82 seconds (approximately) in total CPU time.


INFO     : Routing virtual memory usage: begin = 617.072 MB, end = 904.856 MB, delta = 287.784 MB


INFO     : Routing resident set memory usage: begin = 522.4 MB, end = 767.136 MB, delta = 244.736 MB


INFO     : 	Routing peak resident set memory usage = 767.136 MB


           ***** Ending stage routing *****

           

           ***** Beginning stage final timing analysis ... *****

INFO     : SDC file '/home/olle/efinity_p2/BRAM/const1.sdc' parsed successfully.


INFO     : 2 clocks (including virtual clocks), 0 inputs and 0 outputs were constrained.


Maximum possible analyzed clocks frequency
 Clock Name  Period (ns)  Frequency (MHz)     Edge
  clk           14.809        67.527         (R-R)
  pll_clk       10.951        91.316         (R-R)

Geomean max period: 12.735

Setup (Max) Clock Relationship
  Launch Clock    Capture Clock   Constraint (ns)     Slack (ns)          Edge
    clk              clk               30.000           15.191           (R-R)
    pll_clk          clk                1.000           -0.641           (R-R)
    pll_clk          pll_clk            7.000           -3.951           (R-R)

Hold (Min) Clock Relationship
  Launch Clock    Capture Clock   Constraint (ns)     Slack (ns)          Edge
    clk              clk               0.000            0.119            (R-R)
    pll_clk          clk               0.000            0.329            (R-R)
    pll_clk          pll_clk           0.000            0.086            (R-R)


WARNING  : Clock domain between pll_clk (rising) and clk (rising) may not meet (slack: -0.641 ns) the setup (max) timing requirement


WARNING  : Clock domain between pll_clk (rising) and pll_clk (rising) may not meet (slack: -3.951 ns) the setup (max) timing requirement


INFO     : Write Timing Report to "/home/olle/efinity_p2/BRAM/outflow/BRAM.timing.rpt" ...


INFO     : final timing analysis took 0.63582 seconds.


INFO     : 	final timing analysis took 0.66 seconds (approximately) in total CPU time.


INFO     : final timing analysis virtual memory usage: begin = 904.856 MB, end = 904.856 MB, delta = 0 MB


INFO     : final timing analysis resident set memory usage: begin = 767.264 MB, end = 767.648 MB, delta = 0.384 MB


INFO     : 	final timing analysis peak resident set memory usage = 767.648 MB


           ***** Ending stage final timing analysis *****

           

           ***** Beginning stage bitstream generation ... *****

INFO     : Reading core interface constraints file "/home/olle/efinity_p2/BRAM/outflow/BRAM.interface.csv"


INFO     : Successfully read core interface constraints file "/home/olle/efinity_p2/BRAM/outflow/BRAM.interface.csv"


INFO     : Finished writing bitstream file /home/olle/efinity_p2/BRAM/work_pnr/BRAM.lbf.


INFO     : Bitstream generation took 0.572874 seconds.


INFO     : 	Bitstream generation took 0.56 seconds (approximately) in total CPU time.


INFO     : Bitstream generation virtual memory usage: begin = 904.856 MB, end = 904.856 MB, delta = 0 MB


INFO     : Bitstream generation resident set memory usage: begin = 767.648 MB, end = 768.544 MB, delta = 0.896 MB


INFO     : 	Bitstream generation peak resident set memory usage = 768.544 MB


           ***** Ending stage bitstream generation *****

           

INFO     : The entire flow of EFX_PNR took 72.9836 seconds.


INFO     : 	The entire flow of EFX_PNR took 104.15 seconds (approximately) in total CPU time.


INFO     : The entire flow of EFX_PNR virtual memory usage: begin = 119.636 MB, end = 904.856 MB, delta = 785.22 MB


INFO     : The entire flow of EFX_PNR resident set memory usage: begin = 38.528 MB, end = 768.544 MB, delta = 730.016 MB


INFO     : 	The entire flow of EFX_PNR peak resident set memory usage = 768.544 MB


Fri August 15 25 20:02:09 - /home/olle/efinix/efinity/2025.1/bin/efx_pnr finished. Exit code = 0 Exit status : Normal





-------------------------------------------------------------------------

Generating bitstream

-------------------------------------------------------------------------

Fri August 15 25 20:02:09 - Bitstream generation flow working directory is /home/olle/efinity_p2/BRAM/work_pnr


INFO     : --max_threads set to 4 

Fri August 15 25 20:02:10 - /home/olle/efinix/efinity/2025.1/bin/efx_pgm --source "/home/olle/efinity_p2/BRAM/work_pnr/BRAM.lbf" --dest "/home/olle/efinity_p2/BRAM/outflow/BRAM.hex" --device "T20F169" --family "Trion" --periph "/home/olle/efinity_p2/BRAM/outflow/BRAM.lpf" --interface_designer_settings "/home/olle/efinity_p2/BRAM/outflow/BRAM_or.ini" --enable_external_master_clock "off" --oscillator_clock_divider "DIV8" --active_capture_clk_edge "posedge" --spi_low_power_mode "on" --io_weak_pullup "on" --enable_roms "smart" --mode "active" --width "1" --release_tri_then_reset "on"

Fri August 15 25 20:02:10 - Running /home/olle/efinix/efinity/2025.1/bin/efx_pgm...

INFO     : Efinix FPGA Bitstream Generator.


INFO     : Version: 2025.1.110.2.15 


INFO     : Copyright (C) 2013 - 2025 Efinix, Inc. All rights reserved.


INFO     : Compiled: May  7 2025.


INFO     : Using source file "/home/olle/efinity_p2/BRAM/work_pnr/BRAM.lbf"


INFO     : Generating HEX programming file for device "T20F169", family "Trion"


INFO     : Using periphery source file "/home/olle/efinity_p2/BRAM/outflow/BRAM.lpf"


INFO     : Generating bit file: "/home/olle/efinity_p2/BRAM/outflow/BRAM.bit"


INFO     : HEX Generation Options Summary:


INFO     : 	Listing options specified to bitstream generation:


INFO     : 	spi_low_power_mode                       = on


INFO     : 	oscillator_clock_divider                 = DIV8


INFO     : 	io_weak_pullup                           = on


INFO     : 	enable_remote_update                     = off


INFO     : 	release_tri_then_reset                   = on


INFO     : Finished generating "/home/olle/efinity_p2/BRAM/outflow/BRAM.hex"


INFO     : Efinix Bitstream Generator took 1.03184 seconds.


INFO     : 	Efinix Bitstream Generator took 0.97 seconds (approximately) in total CPU time.


INFO     : Efinix Bitstream Generator virtual memory usage: begin = 35.092 MB, end = 93.388 MB, delta = 58.296 MB


INFO     : Efinix Bitstream Generator resident set memory usage: begin = 15.232 MB, end = 75.52 MB, delta = 60.288 MB


INFO     : 	Efinix Bitstream Generator peak resident set memory usage = 294.892 MB


Fri August 15 25 20:02:11 - /home/olle/efinix/efinity/2025.1/bin/efx_pgm finished. Exit code = 0 Exit status : Normal

Running hex generation flow done.

Fri August 15 25 20:02:11 - Running automated flow starting from synthesis done. Total duration = 3m 50.52s

Fri August 15 25 20:09:04 - Running automated flow starting from synthesis...



Fri August 15 25 20:09:04 - Floorplan closed VM : 582.916 MB RSS : 245.436 MB



-------------------------------------------------------------------------

Synthesis

-------------------------------------------------------------------------

Fri August 15 25 20:09:04 - Synthesis flow working directory is /home/olle/efinity_p2/BRAM/work_syn


INFO     : --max_threads set to 4 

INFO     : Deleting any pre-existing troute trace files

INFO     : Deleting any pre-existing troute trace files

INFO     : Deleting any pre-existing troute trace files

Fri August 15 25 20:09:05 - /home/olle/efinix/efinity/2025.1/bin/efx_map --project "BRAM" --root "top_level" --write-efx-verilog "/home/olle/efinity_p2/BRAM/outflow/BRAM.map.v" --write-premap-module "/home/olle/efinity_p2/BRAM/outflow/BRAM.elab.vdb" --binary-db "/home/olle/efinity_p2/BRAM/outflow/BRAM.vdb" --device "T20F169" --family "Trion" --veri_option "verilog_mode=verilog_2k,vhdl_mode=vhdl_2008" --work-dir "/home/olle/efinity_p2/BRAM/work_syn" --output-dir "/home/olle/efinity_p2/BRAM/outflow" --project-xml "/home/olle/efinity_p2/BRAM/BRAM.xml" --I "/home/olle/efinity_p2/BRAM" --I "/home/olle/efinity_p2/BRAM/ip/BRAM_8192_bytes" --I "/home/olle/efinity_p2/BRAM/ip/micro_risc_v1"

Fri August 15 25 20:09:05 - Running /home/olle/efinix/efinity/2025.1/bin/efx_map...

INFO     : Efinix FPGA Synthesis.


INFO     : Version: 2025.1.110.2.15


INFO     : Compiled: Jun 21 2025.


INFO     : 


INFO     : Copyright (C) 2013 - 2025 Efinix, Inc. All rights reserved.



INFO     : Reading project database "/home/olle/efinity_p2/BRAM/BRAM.xml"


INFO     : Analyzing Verilog file '/home/olle/efinix/efinity/2025.1/sim_models/maplib/efinix_peri_lib.v' [VERI-1482]


INFO     : /home/olle/efinix/efinity/2025.1/sim_models/maplib/efinix_peri_lib.v(8): compiling module 'EFX_IBUF' [VERI-1018]


INFO     : /home/olle/efinix/efinity/2025.1/sim_models/maplib/efinix_peri_lib.v(16): compiling module 'EFX_OBUF' [VERI-1018]


INFO     : /home/olle/efinix/efinity/2025.1/sim_models/maplib/efinix_peri_lib.v(23): compiling module 'EFX_IO_BUF' [VERI-1018]


INFO     : /home/olle/efinix/efinity/2025.1/sim_models/maplib/efinix_peri_lib.v(33): compiling module 'EFX_CLKOUT' [VERI-1018]


INFO     : /home/olle/efinix/efinity/2025.1/sim_models/maplib/efinix_peri_lib.v(41): compiling module 'EFX_IREG' [VERI-1018]


INFO     : /home/olle/efinix/efinity/2025.1/sim_models/maplib/efinix_peri_lib.v(51): compiling module 'EFX_OREG' [VERI-1018]


INFO     : /home/olle/efinix/efinity/2025.1/sim_models/maplib/efinix_peri_lib.v(60): compiling module 'EFX_IOREG' [VERI-1018]


INFO     : /home/olle/efinix/efinity/2025.1/sim_models/maplib/efinix_peri_lib.v(75): compiling module 'EFX_IDDIO' [VERI-1018]


INFO     : /home/olle/efinix/efinity/2025.1/sim_models/maplib/efinix_peri_lib.v(87): compiling module 'EFX_ODDIO' [VERI-1018]


INFO     : /home/olle/efinix/efinity/2025.1/sim_models/maplib/efinix_peri_lib.v(99): compiling module 'EFX_GPIO_V1' [VERI-1018]


INFO     : /home/olle/efinix/efinity/2025.1/sim_models/maplib/efinix_peri_lib.v(124): compiling module 'EFX_GPIO_V2' [VERI-1018]


INFO     : /home/olle/efinix/efinity/2025.1/sim_models/maplib/efinix_peri_lib.v(149): compiling module 'EFX_GPIO_V3' [VERI-1018]


INFO     : /home/olle/efinix/efinity/2025.1/sim_models/maplib/efinix_peri_lib.v(186): compiling module 'EFX_PLL_V1' [VERI-1018]


INFO     : /home/olle/efinix/efinity/2025.1/sim_models/maplib/efinix_peri_lib.v(205): compiling module 'EFX_PLL_V2' [VERI-1018]


INFO     : /home/olle/efinix/efinity/2025.1/sim_models/maplib/efinix_peri_lib.v(231): compiling module 'EFX_PLL_V3' [VERI-1018]


INFO     : /home/olle/efinix/efinity/2025.1/sim_models/maplib/efinix_peri_lib.v(279): compiling module 'EFX_OSC_V1' [VERI-1018]


INFO     : /home/olle/efinix/efinity/2025.1/sim_models/maplib/efinix_peri_lib.v(285): compiling module 'EFX_OSC_V3' [VERI-1018]


INFO     : /home/olle/efinix/efinity/2025.1/sim_models/maplib/efinix_peri_lib.v(294): compiling module 'EFX_FPLL_V1' [VERI-1018]


INFO     : /home/olle/efinix/efinity/2025.1/sim_models/maplib/efinix_peri_lib.v(348): compiling module 'EFX_JTAG_V1' [VERI-1018]


INFO     : /home/olle/efinix/efinity/2025.1/sim_models/maplib/efinix_peri_lib.v(357): compiling module 'EFX_JTAG_CTRL' [VERI-1018]


INFO     : /home/olle/efinix/efinity/2025.1/sim_models/maplib/efinix_peri_lib.v(364): compiling module 'EFX_LVDS_RX_V1' [VERI-1018]


INFO     : /home/olle/efinix/efinity/2025.1/sim_models/maplib/efinix_peri_lib.v(381): compiling module 'EFX_LVDS_TX_V1' [VERI-1018]


INFO     : /home/olle/efinix/efinity/2025.1/sim_models/maplib/efinix_peri_lib.v(399): compiling module 'EFX_LVDS_RX_V2' [VERI-1018]


INFO     : /home/olle/efinix/efinity/2025.1/sim_models/maplib/efinix_peri_lib.v(426): compiling module 'EFX_LVDS_TX_V2' [VERI-1018]


INFO     : /home/olle/efinix/efinity/2025.1/sim_models/maplib/efinix_peri_lib.v(446): compiling module 'EFX_LVDS_BIDIR_V2' [VERI-1018]


INFO     : Reading project database "/home/olle/efinity_p2/BRAM/BRAM.xml"


INFO     : ***** Beginning Analysis ... *****


INFO     : default VHDL library search path is now "/home/olle/efinix/efinity/2025.1/sim_models/vhdl/packages/vhdl_2008" [VHDL-1504]


INFO     : Analyzing Verilog file '/home/olle/efinix/efinity/2025.1/sim_models/maplib/efinix_maplib.v' [VERI-1482]


INFO     : Analyzing Verilog file '/home/olle/efinix/efinity/2025.1/sim_models/maplib/efinix_peri_lib.v' [VERI-1482]


INFO     : Analyzing Verilog file '/home/olle/efinix/efinity/2025.1/sim_models/maplib/efinix_maplib.v' [VERI-1482]


INFO     : Analyzing Verilog file '/home/olle/efinix/efinity/2025.1/sim_models/maplib/efinix_peri_lib.v' [VERI-1482]


INFO     : Analyzing VHDL file '/home/olle/efinity_p2/BRAM/top_level.vhd' [VHDL-1481]


INFO     : Restoring VHDL unit 'ieee.std_logic_1164' from file '/home/olle/efinix/efinity/2025.1/sim_models/vhdl/packages/vhdl_2008/ieee/std_logic_1164.vdb' [VHDL-1493]


INFO     : Restoring VHDL unit 'std.standard' from file '/home/olle/efinix/efinity/2025.1/sim_models/vhdl/packages/vhdl_2008/std/standard.vdb' [VHDL-1493]


INFO     : Restoring VHDL unit 'std.textio' from file '/home/olle/efinix/efinity/2025.1/sim_models/vhdl/packages/vhdl_2008/std/textio.vdb' [VHDL-1493]


INFO     : Restoring VHDL unit 'ieee.numeric_std' from file '/home/olle/efinix/efinity/2025.1/sim_models/vhdl/packages/vhdl_2008/ieee/numeric_std.vdb' [VHDL-1493]


INFO     : /home/olle/efinity_p2/BRAM/top_level.vhd(6): analyzing entity 'top_level' [VHDL-1012]


INFO     : /home/olle/efinity_p2/BRAM/top_level.vhd(48): analyzing architecture 'behavior' [VHDL-1010]


INFO     : Analyzing VHDL file '/home/olle/efinity_p2/BRAM/eth_dp83825_udp.vhd' [VHDL-1481]


INFO     : /home/olle/efinity_p2/BRAM/eth_dp83825_udp.vhd(6): analyzing entity 'eth_dp83825_udp' [VHDL-1012]


INFO     : /home/olle/efinity_p2/BRAM/eth_dp83825_udp.vhd(29): analyzing architecture 'behavior' [VHDL-1010]


INFO     : Analyzing VHDL file '/home/olle/efinity_p2/BRAM/mdio_clause22.vhd' [VHDL-1481]


INFO     : /home/olle/efinity_p2/BRAM/mdio_clause22.vhd(9): analyzing entity 'mdio_clause22' [VHDL-1012]


INFO     : /home/olle/efinity_p2/BRAM/mdio_clause22.vhd(37): analyzing architecture 'rtl' [VHDL-1010]


INFO     : Analyzing Verilog file '/home/olle/efinity_p2/BRAM/ip/BRAM_8192_bytes/BRAM_8192_bytes.v' [VERI-1482]


INFO     : /home/olle/efinity_p2/BRAM/ip/BRAM_8192_bytes/BRAM_8192_bytes.v(758): analyzing included file '/home/olle/efinity_p2/BRAM/ip/BRAM_8192_bytes/bram_ini.vh' [VERI-1328]


INFO     : /home/olle/efinity_p2/BRAM/ip/BRAM_8192_bytes/BRAM_8192_bytes.v(758): back to file '/home/olle/efinity_p2/BRAM/ip/BRAM_8192_bytes/BRAM_8192_bytes.v' [VERI-2320]


INFO     : /home/olle/efinity_p2/BRAM/ip/BRAM_8192_bytes/BRAM_8192_bytes.v(985): analyzing included file '/home/olle/efinity_p2/BRAM/ip/BRAM_8192_bytes/bram_decompose.vh' [VERI-1328]


INFO     : /home/olle/efinity_p2/BRAM/ip/BRAM_8192_bytes/BRAM_8192_bytes.v(985): back to file '/home/olle/efinity_p2/BRAM/ip/BRAM_8192_bytes/BRAM_8192_bytes.v' [VERI-2320]


INFO     : Analyzing Verilog file '/home/olle/efinity_p2/BRAM/ip/micro_risc_v1/micro_risc_v1.v' [VERI-1482]


INFO     : Analysis took 0.161193 seconds.


INFO     : 	Analysis took 0.16 seconds (approximately) in total CPU time.


INFO     : Analysis virtual memory usage: begin = 124.56 MB, end = 132.752 MB, delta = 8.192 MB


INFO     : Analysis resident set memory usage: begin = 71.936 MB, end = 80.896 MB, delta = 8.96 MB


INFO     : 	Analysis peak resident set memory usage = 294.892 MB


INFO     : ***** Ending Analysis ... *****


INFO     : ***** Beginning Elaboration ... *****


INFO     : /home/olle/efinity_p2/BRAM/top_level.vhd(6): processing 'top_level(behavior)' [VHDL-1067]


WARNING  : /home/olle/efinity_p2/BRAM/top_level.vhd(100): using initial value '0' for 'system_uart_0_io_rxd' since it is never assigned [VHDL-1303]


WARNING  : /home/olle/efinity_p2/BRAM/top_level.vhd(103): using initial value for 'system_gpio_0_io_read' since it is never assigned [VHDL-1794]


INFO     : Restoring VHDL unit 'vl.vl_types' from file '/home/olle/efinix/efinity/2025.1/sim_models/vhdl/packages/vhdl_2008/vl/vl_types.vdb' [VHDL-1493]


INFO     : /home/olle/efinity_p2/BRAM/top_level.vhd(133): switching to Verilog mode to elaborate module 'micro_risc_v1' [VHDL-1399]


INFO     : /home/olle/efinity_p2/BRAM/ip/micro_risc_v1/micro_risc_v1.v(49): compiling module 'micro_risc_v1' [VERI-1018]


INFO     : /home/olle/efinity_p2/BRAM/ip/micro_risc_v1/micro_risc_v1.v(94): compiling module 'EfxSapphireSoc_2fa2c88f3c1f4868ba7cd09620d007ba' [VERI-1018]


INFO     : /home/olle/efinity_p2/BRAM/ip/micro_risc_v1/micro_risc_v1.v(5744): compiling module 'VexRiscv_2fa2c88f3c1f4868ba7cd09620d007ba' [VERI-1018]


INFO     : /home/olle/efinity_p2/BRAM/ip/micro_risc_v1/micro_risc_v1.v(6995): extracting RAM for identifier 'RegFilePlugin_regFile' [VERI-2571]


INFO     : /home/olle/efinity_p2/BRAM/ip/micro_risc_v1/micro_risc_v1.v(12219): compiling module 'InstructionCache_2fa2c88f3c1f4868ba7cd09620d007ba' [VERI-1018]


INFO     : /home/olle/efinity_p2/BRAM/ip/micro_risc_v1/micro_risc_v1.v(12325): extracting RAM for identifier 'banks_0' [VERI-2571]


INFO     : /home/olle/efinity_p2/BRAM/ip/micro_risc_v1/micro_risc_v1.v(12326): extracting RAM for identifier 'ways_0_tags' [VERI-2571]


INFO     : /home/olle/efinity_p2/BRAM/ip/micro_risc_v1/micro_risc_v1.v(11365): compiling module 'DataCache_2fa2c88f3c1f4868ba7cd09620d007ba' [VERI-1018]


INFO     : /home/olle/efinity_p2/BRAM/ip/micro_risc_v1/micro_risc_v1.v(11579): extracting RAM for identifier 'ways_0_tags' [VERI-2571]


INFO     : /home/olle/efinity_p2/BRAM/ip/micro_risc_v1/micro_risc_v1.v(11580): extracting RAM for identifier 'ways_0_data_symbol0' [VERI-2571]


INFO     : /home/olle/efinity_p2/BRAM/ip/micro_risc_v1/micro_risc_v1.v(11581): extracting RAM for identifier 'ways_0_data_symbol1' [VERI-2571]


INFO     : /home/olle/efinity_p2/BRAM/ip/micro_risc_v1/micro_risc_v1.v(11582): extracting RAM for identifier 'ways_0_data_symbol2' [VERI-2571]


INFO     : /home/olle/efinity_p2/BRAM/ip/micro_risc_v1/micro_risc_v1.v(11583): extracting RAM for identifier 'ways_0_data_symbol3' [VERI-2571]


WARNING  : /home/olle/efinity_p2/BRAM/ip/micro_risc_v1/micro_risc_v1.v(12191): system task 'display' is ignored for synthesis [VERI-1142]


INFO     : /home/olle/efinity_p2/BRAM/ip/micro_risc_v1/micro_risc_v1.v(11346): compiling module 'BufferCC_2fa2c88f3c1f4868ba7cd09620d007ba' [VERI-1018]


INFO     : /home/olle/efinity_p2/BRAM/ip/micro_risc_v1/micro_risc_v1.v(13149): compiling module 'EfxCPUSp1_2fa2c88f3c1f4868ba7cd09620d007ba' [VERI-1018]


WARNING  : /home/olle/efinity_p2/BRAM/ip/micro_risc_v1/micro_risc_v1.v(5832): net 'IBusCachedPlugin_cache_io_cpu_fetch_isRemoved' does not have a driver [VDB-1002]


WARNING  : /home/olle/efinity_p2/BRAM/ip/micro_risc_v1/micro_risc_v1.v(5845): net 'dataCache_1_io_cpu_writeBack_fence_SW' does not have a driver [VDB-1002]


WARNING  : /home/olle/efinity_p2/BRAM/ip/micro_risc_v1/micro_risc_v1.v(5846): net 'dataCache_1_io_cpu_writeBack_fence_SR' does not have a driver [VDB-1002]


WARNING  : /home/olle/efinity_p2/BRAM/ip/micro_risc_v1/micro_risc_v1.v(5847): net 'dataCache_1_io_cpu_writeBack_fence_SO' does not have a driver [VDB-1002]


WARNING  : /home/olle/efinity_p2/BRAM/ip/micro_risc_v1/micro_risc_v1.v(5848): net 'dataCache_1_io_cpu_writeBack_fence_SI' does not have a driver [VDB-1002]


WARNING  : /home/olle/efinity_p2/BRAM/ip/micro_risc_v1/micro_risc_v1.v(5849): net 'dataCache_1_io_cpu_writeBack_fence_PW' does not have a driver [VDB-1002]


WARNING  : /home/olle/efinity_p2/BRAM/ip/micro_risc_v1/micro_risc_v1.v(5850): net 'dataCache_1_io_cpu_writeBack_fence_PR' does not have a driver [VDB-1002]


WARNING  : /home/olle/efinity_p2/BRAM/ip/micro_risc_v1/micro_risc_v1.v(5851): net 'dataCache_1_io_cpu_writeBack_fence_PO' does not have a driver [VDB-1002]


WARNING  : /home/olle/efinity_p2/BRAM/ip/micro_risc_v1/micro_risc_v1.v(5852): net 'dataCache_1_io_cpu_writeBack_fence_PI' does not have a driver [VDB-1002]


WARNING  : /home/olle/efinity_p2/BRAM/ip/micro_risc_v1/micro_risc_v1.v(5853): net 'dataCache_1_io_cpu_writeBack_fence_FM[3]' does not have a driver [VDB-1002]


WARNING  : /home/olle/efinity_p2/BRAM/ip/micro_risc_v1/micro_risc_v1.v(6276): net 'IBusCachedPlugin_mmuBus_rsp_bypassTranslation' does not have a driver [VDB-1002]


WARNING  : /home/olle/efinity_p2/BRAM/ip/micro_risc_v1/micro_risc_v1.v(6302): net 'DBusCachedPlugin_mmuBus_rsp_bypassTranslation' does not have a driver [VDB-1002]


WARNING  : /home/olle/efinity_p2/BRAM/ip/micro_risc_v1/micro_risc_v1.v(6410): net 'IBusCachedPlugin_iBusRsp_output_payload_rsp_error' does not have a driver [VDB-1002]


WARNING  : /home/olle/efinity_p2/BRAM/ip/micro_risc_v1/micro_risc_v1.v(6412): net 'IBusCachedPlugin_iBusRsp_output_payload_isRvc' does not have a driver [VDB-1002]


WARNING  : /home/olle/efinity_p2/BRAM/ip/micro_risc_v1/micro_risc_v1.v(6656): net 'CsrPlugin_mtvec_mode[1]' does not have a driver [VDB-1002]


INFO     : /home/olle/efinity_p2/BRAM/ip/micro_risc_v1/micro_risc_v1.v(4743): compiling module 'DebugModule_2fa2c88f3c1f4868ba7cd09620d007ba' [VERI-1018]


INFO     : /home/olle/efinity_p2/BRAM/ip/micro_risc_v1/micro_risc_v1.v(4949): extracting RAM for identifier 'logic_progbufX_mem' [VERI-2571]


INFO     : /home/olle/efinity_p2/BRAM/ip/micro_risc_v1/micro_risc_v1.v(4719): compiling module 'BufferCC_5_2fa2c88f3c1f4868ba7cd09620d007ba' [VERI-1018]


INFO     : /home/olle/efinity_p2/BRAM/ip/micro_risc_v1/micro_risc_v1.v(4695): compiling module 'BufferCC_6_2fa2c88f3c1f4868ba7cd09620d007ba' [VERI-1018]


INFO     : /home/olle/efinity_p2/BRAM/ip/micro_risc_v1/micro_risc_v1.v(4669): compiling module 'BufferCC_8_2fa2c88f3c1f4868ba7cd09620d007ba' [VERI-1018]


INFO     : /home/olle/efinity_p2/BRAM/ip/micro_risc_v1/micro_risc_v1.v(4196): compiling module 'DebugTransportModuleTunneled_2fa2c88f3c1f4868ba7cd09620d007ba' [VERI-1018]


INFO     : /home/olle/efinity_p2/BRAM/ip/micro_risc_v1/micro_risc_v1.v(11282): compiling module 'FlowCCByToggle_2fa2c88f3c1f4868ba7cd09620d007ba' [VERI-1018]


WARNING  : /home/olle/efinity_p2/BRAM/ip/micro_risc_v1/micro_risc_v1.v(11316): system function call 'urandom' is not supported [VERI-1141]


WARNING  : /home/olle/efinity_p2/BRAM/ip/micro_risc_v1/micro_risc_v1.v(11317): system function call 'urandom' is not supported [VERI-1141]


INFO     : /home/olle/efinity_p2/BRAM/ip/micro_risc_v1/micro_risc_v1.v(13099): compiling module 'BufferCC_1_2fa2c88f3c1f4868ba7cd09620d007ba' [VERI-1018]


WARNING  : /home/olle/efinity_p2/BRAM/ip/micro_risc_v1/micro_risc_v1.v(13111): system function call 'urandom' is not supported [VERI-1141]


WARNING  : /home/olle/efinity_p2/BRAM/ip/micro_risc_v1/micro_risc_v1.v(13112): system function call 'urandom' is not supported [VERI-1141]


INFO     : /home/olle/efinity_p2/BRAM/ip/micro_risc_v1/micro_risc_v1.v(11196): compiling module 'FlowCCByToggle_1_2fa2c88f3c1f4868ba7cd09620d007ba' [VERI-1018]


INFO     : /home/olle/efinity_p2/BRAM/ip/micro_risc_v1/micro_risc_v1.v(13075): compiling module 'BufferCC_2_2fa2c88f3c1f4868ba7cd09620d007ba' [VERI-1018]


INFO     : /home/olle/efinity_p2/BRAM/ip/micro_risc_v1/micro_risc_v1.v(13051): compiling module 'BufferCC_3_2fa2c88f3c1f4868ba7cd09620d007ba' [VERI-1018]


INFO     : /home/olle/efinity_p2/BRAM/ip/micro_risc_v1/micro_risc_v1.v(4156): compiling module 'BmbDecoder_2fa2c88f3c1f4868ba7cd09620d007ba' [VERI-1018]


INFO     : /home/olle/efinity_p2/BRAM/ip/micro_risc_v1/micro_risc_v1.v(4020): compiling module 'BmbArbiter_2fa2c88f3c1f4868ba7cd09620d007ba' [VERI-1018]


INFO     : /home/olle/efinity_p2/BRAM/ip/micro_risc_v1/micro_risc_v1.v(11092): compiling module 'StreamArbiter_2fa2c88f3c1f4868ba7cd09620d007ba' [VERI-1018]


INFO     : /home/olle/efinity_p2/BRAM/ip/micro_risc_v1/micro_risc_v1.v(3748): compiling module 'BmbDecoder_1_2fa2c88f3c1f4868ba7cd09620d007ba' [VERI-1018]


INFO     : /home/olle/efinity_p2/BRAM/ip/micro_risc_v1/micro_risc_v1.v(3640): compiling module 'BmbOnChipRam_2fa2c88f3c1f4868ba7cd09620d007ba' [VERI-1018]


INFO     : /home/olle/efinity_p2/BRAM/ip/micro_risc_v1/micro_risc_v1.v(3672): extracting RAM for identifier 'ram_symbol0' [VERI-2571]


INFO     : /home/olle/efinity_p2/BRAM/ip/micro_risc_v1/micro_risc_v1.v(3673): extracting RAM for identifier 'ram_symbol1' [VERI-2571]


INFO     : /home/olle/efinity_p2/BRAM/ip/micro_risc_v1/micro_risc_v1.v(3674): extracting RAM for identifier 'ram_symbol2' [VERI-2571]


INFO     : /home/olle/efinity_p2/BRAM/ip/micro_risc_v1/micro_risc_v1.v(3675): extracting RAM for identifier 'ram_symbol3' [VERI-2571]


INFO     : /home/olle/efinity_p2/BRAM/ip/micro_risc_v1/micro_risc_v1.v(3414): compiling module 'BmbUnburstify_2fa2c88f3c1f4868ba7cd09620d007ba' [VERI-1018]


INFO     : /home/olle/efinity_p2/BRAM/ip/micro_risc_v1/micro_risc_v1.v(3053): compiling module 'BmbDecoder_2_2fa2c88f3c1f4868ba7cd09620d007ba' [VERI-1018]


INFO     : /home/olle/efinity_p2/BRAM/ip/micro_risc_v1/micro_risc_v1.v(2869): compiling module 'BmbClint_2fa2c88f3c1f4868ba7cd09620d007ba' [VERI-1018]


INFO     : /home/olle/efinity_p2/BRAM/ip/micro_risc_v1/micro_risc_v1.v(2377): compiling module 'BmbUartCtrl_2fa2c88f3c1f4868ba7cd09620d007ba' [VERI-1018]


INFO     : /home/olle/efinity_p2/BRAM/ip/micro_risc_v1/micro_risc_v1.v(10963): compiling module 'UartCtrl_2fa2c88f3c1f4868ba7cd09620d007ba' [VERI-1018]


INFO     : /home/olle/efinity_p2/BRAM/ip/micro_risc_v1/micro_risc_v1.v(12811): compiling module 'UartCtrlTx_2fa2c88f3c1f4868ba7cd09620d007ba' [VERI-1018]


INFO     : /home/olle/efinity_p2/BRAM/ip/micro_risc_v1/micro_risc_v1.v(12517): compiling module 'UartCtrlRx_2fa2c88f3c1f4868ba7cd09620d007ba' [VERI-1018]


INFO     : /home/olle/efinity_p2/BRAM/ip/micro_risc_v1/micro_risc_v1.v(13125): compiling module 'BufferCC_4_2fa2c88f3c1f4868ba7cd09620d007ba' [VERI-1018]


INFO     : /home/olle/efinity_p2/BRAM/ip/micro_risc_v1/micro_risc_v1.v(10809): compiling module 'StreamFifo_2fa2c88f3c1f4868ba7cd09620d007ba' [VERI-1018]


INFO     : /home/olle/efinity_p2/BRAM/ip/micro_risc_v1/micro_risc_v1.v(10857): extracting RAM for identifier 'logic_ram' [VERI-2571]


INFO     : /home/olle/efinity_p2/BRAM/ip/micro_risc_v1/micro_risc_v1.v(2165): compiling module 'BmbGpio2_2fa2c88f3c1f4868ba7cd09620d007ba' [VERI-1018]


INFO     : /home/olle/efinity_p2/BRAM/top_level.vhd(133): returning to VHDL mode to continue with elaboration [VHDL-1400]


INFO     : /home/olle/efinity_p2/BRAM/eth_dp83825_udp.vhd(6): processing 'eth_dp83825_udp(behavior)' [VHDL-1067]


WARNING  : /home/olle/efinity_p2/BRAM/eth_dp83825_udp.vhd(42): using initial value for 'mdio_wr_data' since it is never assigned [VHDL-1794]


INFO     : /home/olle/efinity_p2/BRAM/mdio_clause22.vhd(9): processing 'mdio_clause22(rtl)' [VHDL-1067]


INFO     : Elaboration took 0.36041 seconds.


INFO     : 	Elaboration took 0.34 seconds (approximately) in total CPU time.


INFO     : Elaboration virtual memory usage: begin = 132.752 MB, end = 167.568 MB, delta = 34.816 MB


INFO     : Elaboration resident set memory usage: begin = 80.896 MB, end = 117.248 MB, delta = 36.352 MB


INFO     : 	Elaboration peak resident set memory usage = 294.892 MB


INFO     : ***** Ending Elaboration ... *****


INFO     : ... Setting Synthesis Option: mode=speed


INFO     : ***** Beginning Reading Mapping Library ... *****


INFO     : Analyzing Verilog file '/home/olle/efinix/efinity/2025.1/sim_models/maplib/efinix_maplib.v' [VERI-1482]


INFO     : /home/olle/efinix/efinity/2025.1/sim_models/maplib/efinix_maplib.v(8): compiling module 'EFX_ADD' [VERI-1018]


INFO     : /home/olle/efinix/efinity/2025.1/sim_models/maplib/efinix_maplib.v(21): compiling module 'EFX_FF' [VERI-1018]


INFO     : /home/olle/efinix/efinity/2025.1/sim_models/maplib/efinix_maplib.v(38): compiling module 'EFX_COMB4' [VERI-1018]


INFO     : /home/olle/efinix/efinity/2025.1/sim_models/maplib/efinix_maplib.v(48): compiling module 'EFX_GBUFCE' [VERI-1018]


INFO     : /home/olle/efinix/efinity/2025.1/sim_models/maplib/efinix_maplib.v(57): compiling module 'EFX_LUT4' [VERI-1018]


INFO     : /home/olle/efinix/efinity/2025.1/sim_models/maplib/efinix_maplib.v(65): compiling module 'EFX_MULT' [VERI-1018]


INFO     : /home/olle/efinix/efinity/2025.1/sim_models/maplib/efinix_maplib.v(100): compiling module 'EFX_DSP48' [VERI-1018]


INFO     : /home/olle/efinix/efinity/2025.1/sim_models/maplib/efinix_maplib.v(156): compiling module 'EFX_DSP24' [VERI-1018]


INFO     : /home/olle/efinix/efinity/2025.1/sim_models/maplib/efinix_maplib.v(209): compiling module 'EFX_DSP12' [VERI-1018]


INFO     : /home/olle/efinix/efinity/2025.1/sim_models/maplib/efinix_maplib.v(262): compiling module 'EFX_RAM_4K' [VERI-1018]


INFO     : /home/olle/efinix/efinity/2025.1/sim_models/maplib/efinix_maplib.v(322): compiling module 'EFX_RAM_5K' [VERI-1018]


INFO     : /home/olle/efinix/efinity/2025.1/sim_models/maplib/efinix_maplib.v(394): compiling module 'EFX_DPRAM_5K' [VERI-1018]


INFO     : /home/olle/efinix/efinity/2025.1/sim_models/maplib/efinix_maplib.v(499): compiling module 'RAMB5' [VERI-1018]


INFO     : /home/olle/efinix/efinity/2025.1/sim_models/maplib/efinix_maplib.v(561): compiling module 'EFX_RAM_10K' [VERI-1018]


INFO     : /home/olle/efinix/efinity/2025.1/sim_models/maplib/efinix_maplib.v(653): compiling module 'EFX_RAM10' [VERI-1018]


INFO     : /home/olle/efinix/efinity/2025.1/sim_models/maplib/efinix_maplib.v(754): compiling module 'EFX_DPRAM10' [VERI-1018]


INFO     : /home/olle/efinix/efinity/2025.1/sim_models/maplib/efinix_maplib.v(884): compiling module 'EFX_SRL8' [VERI-1018]


INFO     : Reading Mapping Library took 0.0164783 seconds.


INFO     : 	Reading Mapping Library took 0.01 seconds (approximately) in total CPU time.


INFO     : Reading Mapping Library virtual memory usage: begin = 196.752 MB, end = 196.752 MB, delta = 0 MB


INFO     : Reading Mapping Library resident set memory usage: begin = 146.944 MB, end = 146.944 MB, delta = 0 MB


INFO     : 	Reading Mapping Library peak resident set memory usage = 294.892 MB


INFO     : ***** Ending Reading Mapping Library ... *****


INFO     : ... Pre-synthesis checks begin


WARNING  : The primary output port 'led2' wire 'led2' is not driven. [EFX-0256]


WARNING  : The primary output port 'CAM0_EN' wire 'CAM0_EN' is not driven. [EFX-0256]


WARNING  : The primary output port 'CAM1_EN' wire 'CAM1_EN' is not driven. [EFX-0256]


WARNING  : Removing redundant signal : io_cpu_prefetch_isValid. (/home/olle/efinity_p2/BRAM/ip/micro_risc_v1/micro_risc_v1.v:12221) [EFX-0200]


WARNING  : Removing redundant signal : io_cpu_prefetch_pc[31]. (/home/olle/efinity_p2/BRAM/ip/micro_risc_v1/micro_risc_v1.v:12223) [EFX-0200]


WARNING  : Removing redundant signal : io_cpu_prefetch_pc[30]. (/home/olle/efinity_p2/BRAM/ip/micro_risc_v1/micro_risc_v1.v:12223) [EFX-0200]


WARNING  : Removing redundant signal : io_cpu_prefetch_pc[29]. (/home/olle/efinity_p2/BRAM/ip/micro_risc_v1/micro_risc_v1.v:12223) [EFX-0200]


WARNING  : Removing redundant signal : io_cpu_prefetch_pc[28]. (/home/olle/efinity_p2/BRAM/ip/micro_risc_v1/micro_risc_v1.v:12223) [EFX-0200]


WARNING  : Removing redundant signal : io_cpu_prefetch_pc[27]. (/home/olle/efinity_p2/BRAM/ip/micro_risc_v1/micro_risc_v1.v:12223) [EFX-0200]


WARNING  : Removing redundant signal : io_cpu_prefetch_pc[26]. (/home/olle/efinity_p2/BRAM/ip/micro_risc_v1/micro_risc_v1.v:12223) [EFX-0200]


WARNING  : Removing redundant signal : io_cpu_prefetch_pc[25]. (/home/olle/efinity_p2/BRAM/ip/micro_risc_v1/micro_risc_v1.v:12223) [EFX-0200]


WARNING  : Removing redundant signal : io_cpu_prefetch_pc[24]. (/home/olle/efinity_p2/BRAM/ip/micro_risc_v1/micro_risc_v1.v:12223) [EFX-0200]


WARNING  : Removing redundant signal : io_cpu_prefetch_pc[23]. (/home/olle/efinity_p2/BRAM/ip/micro_risc_v1/micro_risc_v1.v:12223) [EFX-0200]


WARNING  : Removing redundant signal : io_cpu_prefetch_pc[22]. (/home/olle/efinity_p2/BRAM/ip/micro_risc_v1/micro_risc_v1.v:12223) [EFX-0200]


WARNING  : Removing redundant signal : io_cpu_prefetch_pc[21]. (/home/olle/efinity_p2/BRAM/ip/micro_risc_v1/micro_risc_v1.v:12223) [EFX-0200]


WARNING  : Removing redundant signal : io_cpu_prefetch_pc[20]. (/home/olle/efinity_p2/BRAM/ip/micro_risc_v1/micro_risc_v1.v:12223) [EFX-0200]


WARNING  : Removing redundant signal : io_cpu_prefetch_pc[19]. (/home/olle/efinity_p2/BRAM/ip/micro_risc_v1/micro_risc_v1.v:12223) [EFX-0200]


WARNING  : Removing redundant signal : io_cpu_prefetch_pc[18]. (/home/olle/efinity_p2/BRAM/ip/micro_risc_v1/micro_risc_v1.v:12223) [EFX-0200]


WARNING  : Removing redundant signal : io_cpu_prefetch_pc[17]. (/home/olle/efinity_p2/BRAM/ip/micro_risc_v1/micro_risc_v1.v:12223) [EFX-0200]


WARNING  : Removing redundant signal : io_cpu_prefetch_pc[16]. (/home/olle/efinity_p2/BRAM/ip/micro_risc_v1/micro_risc_v1.v:12223) [EFX-0200]


WARNING  : Removing redundant signal : io_cpu_prefetch_pc[15]. (/home/olle/efinity_p2/BRAM/ip/micro_risc_v1/micro_risc_v1.v:12223) [EFX-0200]


WARNING  : Removing redundant signal : io_cpu_prefetch_pc[14]. (/home/olle/efinity_p2/BRAM/ip/micro_risc_v1/micro_risc_v1.v:12223) [EFX-0200]


WARNING  : Removing redundant signal : io_cpu_prefetch_pc[13]. (/home/olle/efinity_p2/BRAM/ip/micro_risc_v1/micro_risc_v1.v:12223) [EFX-0200]


WARNING  : (The above message was generated too many times, subsequent similar messages will be muted.) [EFX-0200]


INFO     : ... Memory 'banks_0' is not initialized, assuming empty initial contents. (/home/olle/efinity_p2/BRAM/ip/micro_risc_v1/micro_risc_v1.v:12325) [EFX-0677]


INFO     : ... Memory 'ways_0_tags' is not initialized, assuming empty initial contents. (/home/olle/efinity_p2/BRAM/ip/micro_risc_v1/micro_risc_v1.v:12326) [EFX-0677]


INFO     : ... Memory 'ways_0_tags' is not initialized, assuming empty initial contents. (/home/olle/efinity_p2/BRAM/ip/micro_risc_v1/micro_risc_v1.v:11579) [EFX-0677]


INFO     : ... Memory 'ways_0_data_symbol0' is not initialized, assuming empty initial contents. (/home/olle/efinity_p2/BRAM/ip/micro_risc_v1/micro_risc_v1.v:11580) [EFX-0677]


INFO     : ... Memory 'ways_0_data_symbol1' is not initialized, assuming empty initial contents. (/home/olle/efinity_p2/BRAM/ip/micro_risc_v1/micro_risc_v1.v:11581) [EFX-0677]


INFO     : ... Memory 'ways_0_data_symbol2' is not initialized, assuming empty initial contents. (/home/olle/efinity_p2/BRAM/ip/micro_risc_v1/micro_risc_v1.v:11582) [EFX-0677]


INFO     : ... Memory 'ways_0_data_symbol3' is not initialized, assuming empty initial contents. (/home/olle/efinity_p2/BRAM/ip/micro_risc_v1/micro_risc_v1.v:11583) [EFX-0677]


WARNING  : Re-wiring to GND non-driven net 'IBusCachedPlugin_cache_io_cpu_fetch_isRemoved'. (/home/olle/efinity_p2/BRAM/ip/micro_risc_v1/micro_risc_v1.v:5832) [EFX-0201]


WARNING  : Re-wiring to GND non-driven net 'dataCache_1_io_cpu_writeBack_fence_SW'. (/home/olle/efinity_p2/BRAM/ip/micro_risc_v1/micro_risc_v1.v:5845) [EFX-0201]


WARNING  : Re-wiring to GND non-driven net 'dataCache_1_io_cpu_writeBack_fence_SR'. (/home/olle/efinity_p2/BRAM/ip/micro_risc_v1/micro_risc_v1.v:5846) [EFX-0201]


WARNING  : Re-wiring to GND non-driven net 'dataCache_1_io_cpu_writeBack_fence_SO'. (/home/olle/efinity_p2/BRAM/ip/micro_risc_v1/micro_risc_v1.v:5847) [EFX-0201]


WARNING  : Re-wiring to GND non-driven net 'dataCache_1_io_cpu_writeBack_fence_SI'. (/home/olle/efinity_p2/BRAM/ip/micro_risc_v1/micro_risc_v1.v:5848) [EFX-0201]


WARNING  : Re-wiring to GND non-driven net 'dataCache_1_io_cpu_writeBack_fence_PW'. (/home/olle/efinity_p2/BRAM/ip/micro_risc_v1/micro_risc_v1.v:5849) [EFX-0201]


WARNING  : Re-wiring to GND non-driven net 'dataCache_1_io_cpu_writeBack_fence_PR'. (/home/olle/efinity_p2/BRAM/ip/micro_risc_v1/micro_risc_v1.v:5850) [EFX-0201]


WARNING  : Re-wiring to GND non-driven net 'dataCache_1_io_cpu_writeBack_fence_PO'. (/home/olle/efinity_p2/BRAM/ip/micro_risc_v1/micro_risc_v1.v:5851) [EFX-0201]


WARNING  : Re-wiring to GND non-driven net 'dataCache_1_io_cpu_writeBack_fence_PI'. (/home/olle/efinity_p2/BRAM/ip/micro_risc_v1/micro_risc_v1.v:5852) [EFX-0201]


WARNING  : Re-wiring to GND non-driven net 'dataCache_1_io_cpu_writeBack_fence_FM[3]'. (/home/olle/efinity_p2/BRAM/ip/micro_risc_v1/micro_risc_v1.v:5853) [EFX-0201]


WARNING  : (The above message was generated too many times, subsequent similar messages will be muted.) [EFX-0201]


INFO     : ... Memory 'RegFilePlugin_regFile' is not initialized, assuming empty initial contents. (/home/olle/efinity_p2/BRAM/ip/micro_risc_v1/micro_risc_v1.v:6995) [EFX-0677]


INFO     : ... Memory 'logic_progbufX_mem' is not initialized, assuming empty initial contents. (/home/olle/efinity_p2/BRAM/ip/micro_risc_v1/micro_risc_v1.v:4949) [EFX-0677]


INFO     : Module Instance 'memory_arbiter' input pin 'io_inputs_0_payload_fragment_source[0]' is tied to constant (=0). [EFX-0266]


INFO     : Module Instance 'memory_arbiter' input pin 'io_inputs_1_payload_fragment_source[0]' is tied to constant (=0). [EFX-0266]


INFO     : Module Instance 'memory_arbiter' input pin 'io_inputs_1_payload_fragment_context[0]' is tied to constant (=0). [EFX-0266]


INFO     : Module Instance 'tx' input pin 'io_cts' is tied to constant (=0). [EFX-0266]


INFO     : ... Memory 'logic_ram' is not initialized, assuming empty initial contents. (/home/olle/efinity_p2/BRAM/ip/micro_risc_v1/micro_risc_v1.v:10857) [EFX-0677]


INFO     : Module Instance 'bridge_write_streamUnbuffered_queueWithOccupancy' input pin 'io_flush' is tied to constant (=0). [EFX-0266]


INFO     : Module Instance 'uartCtrl_1_io_read_queueWithOccupancy' input pin 'io_flush' is tied to constant (=0). [EFX-0266]


INFO     : Module Instance 'system_bridge_bmb_arbiter' input pin 'io_inputs_1_cmd_payload_fragment_data[0]' is tied to constant (=0). [EFX-0266]


INFO     : Module Instance 'system_bridge_bmb_arbiter' input pin 'io_inputs_1_cmd_payload_fragment_data[1]' is tied to constant (=0). [EFX-0266]


INFO     : Module Instance 'system_bridge_bmb_arbiter' input pin 'io_inputs_1_cmd_payload_fragment_data[2]' is tied to constant (=0). [EFX-0266]


INFO     : Module Instance 'system_bridge_bmb_arbiter' input pin 'io_inputs_1_cmd_payload_fragment_data[3]' is tied to constant (=0). [EFX-0266]


INFO     : Module Instance 'system_bridge_bmb_arbiter' input pin 'io_inputs_1_cmd_payload_fragment_data[4]' is tied to constant (=0). [EFX-0266]


INFO     : Module Instance 'system_bridge_bmb_arbiter' input pin 'io_inputs_1_cmd_payload_fragment_data[5]' is tied to constant (=0). [EFX-0266]


INFO     : Module Instance 'system_bridge_bmb_arbiter' input pin 'io_inputs_1_cmd_payload_fragment_data[6]' is tied to constant (=0). [EFX-0266]


INFO     : Module Instance 'system_bridge_bmb_arbiter' input pin 'io_inputs_1_cmd_payload_fragment_data[7]' is tied to constant (=0). [EFX-0266]


INFO     : Module Instance 'system_bridge_bmb_arbiter' input pin 'io_inputs_1_cmd_payload_fragment_data[8]' is tied to constant (=0). [EFX-0266]


INFO     : Module Instance 'system_bridge_bmb_arbiter' input pin 'io_inputs_1_cmd_payload_fragment_data[9]' is tied to constant (=0). [EFX-0266]


INFO     : Module Instance 'system_bridge_bmb_arbiter' input pin 'io_inputs_1_cmd_payload_fragment_data[10]' is tied to constant (=0). [EFX-0266]


INFO     : Module Instance 'system_bridge_bmb_arbiter' input pin 'io_inputs_1_cmd_payload_fragment_data[11]' is tied to constant (=0). [EFX-0266]


INFO     : Module Instance 'system_bridge_bmb_arbiter' input pin 'io_inputs_1_cmd_payload_fragment_data[12]' is tied to constant (=0). [EFX-0266]


INFO     : Module Instance 'system_bridge_bmb_arbiter' input pin 'io_inputs_1_cmd_payload_fragment_data[13]' is tied to constant (=0). [EFX-0266]


INFO     : Module Instance 'system_bridge_bmb_arbiter' input pin 'io_inputs_1_cmd_payload_fragment_data[14]' is tied to constant (=0). [EFX-0266]


INFO     : Module Instance 'system_bridge_bmb_arbiter' input pin 'io_inputs_1_cmd_payload_fragment_data[15]' is tied to constant (=0). [EFX-0266]


INFO     : Module Instance 'system_bridge_bmb_arbiter' input pin 'io_inputs_1_cmd_payload_fragment_data[16]' is tied to constant (=0). [EFX-0266]


INFO     : Module Instance 'system_bridge_bmb_arbiter' input pin 'io_inputs_1_cmd_payload_fragment_data[17]' is tied to constant (=0). [EFX-0266]


INFO     : Module Instance 'system_bridge_bmb_arbiter' input pin 'io_inputs_1_cmd_payload_fragment_data[18]' is tied to constant (=0). [EFX-0266]


INFO     : Module Instance 'system_bridge_bmb_arbiter' input pin 'io_inputs_1_cmd_payload_fragment_data[19]' is tied to constant (=0). [EFX-0266]


INFO     : Module Instance 'system_bridge_bmb_arbiter' input pin 'io_inputs_1_cmd_payload_fragment_data[20]' is tied to constant (=0). [EFX-0266]


INFO     : Module Instance 'system_bridge_bmb_arbiter' input pin 'io_inputs_1_cmd_payload_fragment_data[21]' is tied to constant (=0). [EFX-0266]


INFO     : Module Instance 'system_bridge_bmb_arbiter' input pin 'io_inputs_1_cmd_payload_fragment_data[22]' is tied to constant (=0). [EFX-0266]


INFO     : Module Instance 'system_bridge_bmb_arbiter' input pin 'io_inputs_1_cmd_payload_fragment_data[23]' is tied to constant (=0). [EFX-0266]


INFO     : Module Instance 'system_bridge_bmb_arbiter' input pin 'io_inputs_1_cmd_payload_fragment_data[24]' is tied to constant (=0). [EFX-0266]


INFO     : Module Instance 'system_bridge_bmb_arbiter' input pin 'io_inputs_1_cmd_payload_fragment_data[25]' is tied to constant (=0). [EFX-0266]


INFO     : Module Instance 'system_bridge_bmb_arbiter' input pin 'io_inputs_1_cmd_payload_fragment_data[26]' is tied to constant (=0). [EFX-0266]


INFO     : Module Instance 'system_bridge_bmb_arbiter' input pin 'io_inputs_1_cmd_payload_fragment_data[27]' is tied to constant (=0). [EFX-0266]


INFO     : Module Instance 'system_bridge_bmb_arbiter' input pin 'io_inputs_1_cmd_payload_fragment_data[28]' is tied to constant (=0). [EFX-0266]


INFO     : Module Instance 'system_bridge_bmb_arbiter' input pin 'io_inputs_1_cmd_payload_fragment_data[29]' is tied to constant (=0). [EFX-0266]


INFO     : Module Instance 'system_bridge_bmb_arbiter' input pin 'io_inputs_1_cmd_payload_fragment_data[30]' is tied to constant (=0). [EFX-0266]


INFO     : Module Instance 'system_bridge_bmb_arbiter' input pin 'io_inputs_1_cmd_payload_fragment_data[31]' is tied to constant (=0). [EFX-0266]


INFO     : Module Instance 'system_bridge_bmb_arbiter' input pin 'io_inputs_1_cmd_payload_fragment_mask[0]' is tied to constant (=0). [EFX-0266]


INFO     : Module Instance 'system_bridge_bmb_arbiter' input pin 'io_inputs_1_cmd_payload_fragment_mask[1]' is tied to constant (=0). [EFX-0266]


INFO     : Module Instance 'system_bridge_bmb_arbiter' input pin 'io_inputs_1_cmd_payload_fragment_mask[2]' is tied to constant (=0). [EFX-0266]


INFO     : Module Instance 'system_bridge_bmb_arbiter' input pin 'io_inputs_1_cmd_payload_fragment_mask[3]' is tied to constant (=0). [EFX-0266]


INFO     : Module Instance 'u_micro_risc_v1' input pin 'jtagCtrl_enable' is tied to constant (=1). [EFX-0266]


INFO     : ... Pre-synthesis checks end (Real time : 0s CPU user time : 1s CPU sys time : 0s MEM : 294892KB)


INFO     : ... NameSpace init begin


INFO     : ... NameSpace init end (Real time : 0s CPU user time : 1s CPU sys time : 0s MEM : 294892KB)


INFO     : ... Mapping design "top_level"


INFO     : ... Hierarchical pre-synthesis "InstructionCache_2fa2c88f3c1f4868ba7cd09620d007ba" begin


INFO     : ... Hierarchical pre-synthesis "InstructionCache_2fa2c88f3c1f4868ba7cd09620d007ba" end (Real time : 0s CPU user time : 1s CPU sys time : 0s MEM : 294892KB)


INFO     : ... Hierarchical pre-synthesis "DataCache_2fa2c88f3c1f4868ba7cd09620d007ba" begin


INFO     : ... Hierarchical pre-synthesis "DataCache_2fa2c88f3c1f4868ba7cd09620d007ba" end (Real time : 0s CPU user time : 1s CPU sys time : 0s MEM : 294892KB)


INFO     : ... Hierarchical pre-synthesis "BufferCC_2fa2c88f3c1f4868ba7cd09620d007ba" begin


INFO     : ... Hierarchical pre-synthesis "BufferCC_2fa2c88f3c1f4868ba7cd09620d007ba" end (Real time : 0s CPU user time : 1s CPU sys time : 0s MEM : 294892KB)


INFO     : ... Hierarchical pre-synthesis "EfxCPUSp1_2fa2c88f3c1f4868ba7cd09620d007ba" begin


INFO     : ... Hierarchical pre-synthesis "EfxCPUSp1_2fa2c88f3c1f4868ba7cd09620d007ba" end (Real time : 0s CPU user time : 1s CPU sys time : 0s MEM : 294892KB)


INFO     : ... Hierarchical pre-synthesis "VexRiscv_2fa2c88f3c1f4868ba7cd09620d007ba" begin


INFO     : ... Hierarchical pre-synthesis "VexRiscv_2fa2c88f3c1f4868ba7cd09620d007ba" end (Real time : 1s CPU user time : 2s CPU sys time : 0s MEM : 294892KB)


INFO     : ... Hierarchical pre-synthesis "DebugModule_2fa2c88f3c1f4868ba7cd09620d007ba" begin


INFO     : ... Hierarchical pre-synthesis "DebugModule_2fa2c88f3c1f4868ba7cd09620d007ba" end (Real time : 0s CPU user time : 2s CPU sys time : 0s MEM : 294892KB)


INFO     : ... Hierarchical pre-synthesis "BufferCC_5_2fa2c88f3c1f4868ba7cd09620d007ba" begin


INFO     : ... Hierarchical pre-synthesis "BufferCC_5_2fa2c88f3c1f4868ba7cd09620d007ba" end (Real time : 0s CPU user time : 2s CPU sys time : 0s MEM : 294892KB)


INFO     : ... Hierarchical pre-synthesis "BufferCC_6_2fa2c88f3c1f4868ba7cd09620d007ba" begin


INFO     : ... Hierarchical pre-synthesis "BufferCC_6_2fa2c88f3c1f4868ba7cd09620d007ba" end (Real time : 0s CPU user time : 2s CPU sys time : 0s MEM : 294892KB)


INFO     : ... Hierarchical pre-synthesis "BufferCC_8_2fa2c88f3c1f4868ba7cd09620d007ba" begin


INFO     : ... Hierarchical pre-synthesis "BufferCC_8_2fa2c88f3c1f4868ba7cd09620d007ba" end (Real time : 0s CPU user time : 2s CPU sys time : 0s MEM : 294892KB)


INFO     : ... Hierarchical pre-synthesis "BufferCC_1_2fa2c88f3c1f4868ba7cd09620d007ba" begin


INFO     : ... Hierarchical pre-synthesis "BufferCC_1_2fa2c88f3c1f4868ba7cd09620d007ba" end (Real time : 0s CPU user time : 2s CPU sys time : 0s MEM : 294892KB)


INFO     : ... Hierarchical pre-synthesis "FlowCCByToggle_2fa2c88f3c1f4868ba7cd09620d007ba" begin


INFO     : ... Hierarchical pre-synthesis "FlowCCByToggle_2fa2c88f3c1f4868ba7cd09620d007ba" end (Real time : 0s CPU user time : 2s CPU sys time : 0s MEM : 294892KB)


INFO     : ... Hierarchical pre-synthesis "BufferCC_2_2fa2c88f3c1f4868ba7cd09620d007ba" begin


INFO     : ... Hierarchical pre-synthesis "BufferCC_2_2fa2c88f3c1f4868ba7cd09620d007ba" end (Real time : 0s CPU user time : 2s CPU sys time : 0s MEM : 294892KB)


INFO     : ... Hierarchical pre-synthesis "BufferCC_3_2fa2c88f3c1f4868ba7cd09620d007ba" begin


INFO     : ... Hierarchical pre-synthesis "BufferCC_3_2fa2c88f3c1f4868ba7cd09620d007ba" end (Real time : 0s CPU user time : 2s CPU sys time : 0s MEM : 294892KB)


INFO     : ... Hierarchical pre-synthesis "FlowCCByToggle_1_2fa2c88f3c1f4868ba7cd09620d007ba" begin


INFO     : ... Hierarchical pre-synthesis "FlowCCByToggle_1_2fa2c88f3c1f4868ba7cd09620d007ba" end (Real time : 0s CPU user time : 2s CPU sys time : 0s MEM : 294892KB)


INFO     : ... Hierarchical pre-synthesis "DebugTransportModuleTunneled_2fa2c88f3c1f4868ba7cd09620d007ba" begin


INFO     : ... Hierarchical pre-synthesis "DebugTransportModuleTunneled_2fa2c88f3c1f4868ba7cd09620d007ba" end (Real time : 0s CPU user time : 2s CPU sys time : 0s MEM : 294892KB)


INFO     : ... Hierarchical pre-synthesis "BmbDecoder_2fa2c88f3c1f4868ba7cd09620d007ba" begin


INFO     : ... Hierarchical pre-synthesis "BmbDecoder_2fa2c88f3c1f4868ba7cd09620d007ba" end (Real time : 0s CPU user time : 2s CPU sys time : 0s MEM : 294892KB)


INFO     : ... Hierarchical pre-synthesis "StreamArbiter_2fa2c88f3c1f4868ba7cd09620d007ba" begin


INFO     : ... Hierarchical pre-synthesis "StreamArbiter_2fa2c88f3c1f4868ba7cd09620d007ba" end (Real time : 0s CPU user time : 2s CPU sys time : 0s MEM : 294892KB)


INFO     : ... Hierarchical pre-synthesis "BmbArbiter_2fa2c88f3c1f4868ba7cd09620d007ba" begin


INFO     : ... Hierarchical pre-synthesis "BmbArbiter_2fa2c88f3c1f4868ba7cd09620d007ba" end (Real time : 0s CPU user time : 2s CPU sys time : 0s MEM : 294892KB)


INFO     : ... Hierarchical pre-synthesis "BmbDecoder_1_2fa2c88f3c1f4868ba7cd09620d007ba" begin


INFO     : ... Hierarchical pre-synthesis "BmbDecoder_1_2fa2c88f3c1f4868ba7cd09620d007ba" end (Real time : 0s CPU user time : 2s CPU sys time : 0s MEM : 294892KB)


INFO     : ... Hierarchical pre-synthesis "BmbOnChipRam_2fa2c88f3c1f4868ba7cd09620d007ba" begin


INFO     : ... Hierarchical pre-synthesis "BmbOnChipRam_2fa2c88f3c1f4868ba7cd09620d007ba" end (Real time : 0s CPU user time : 2s CPU sys time : 0s MEM : 294892KB)


INFO     : ... Hierarchical pre-synthesis "BmbUnburstify_2fa2c88f3c1f4868ba7cd09620d007ba" begin


INFO     : ... Hierarchical pre-synthesis "BmbUnburstify_2fa2c88f3c1f4868ba7cd09620d007ba" end (Real time : 0s CPU user time : 2s CPU sys time : 0s MEM : 294892KB)


INFO     : ... Hierarchical pre-synthesis "BmbDecoder_2_2fa2c88f3c1f4868ba7cd09620d007ba" begin


INFO     : ... Hierarchical pre-synthesis "BmbDecoder_2_2fa2c88f3c1f4868ba7cd09620d007ba" end (Real time : 0s CPU user time : 2s CPU sys time : 0s MEM : 294892KB)


INFO     : ... Hierarchical pre-synthesis "BmbClint_2fa2c88f3c1f4868ba7cd09620d007ba" begin


INFO     : ... Hierarchical pre-synthesis "BmbClint_2fa2c88f3c1f4868ba7cd09620d007ba" end (Real time : 0s CPU user time : 2s CPU sys time : 0s MEM : 294892KB)


INFO     : ... Hierarchical pre-synthesis "UartCtrlTx_2fa2c88f3c1f4868ba7cd09620d007ba" begin


INFO     : ... Hierarchical pre-synthesis "UartCtrlTx_2fa2c88f3c1f4868ba7cd09620d007ba" end (Real time : 0s CPU user time : 2s CPU sys time : 0s MEM : 294892KB)


INFO     : ... Hierarchical pre-synthesis "BufferCC_4_2fa2c88f3c1f4868ba7cd09620d007ba" begin


INFO     : ... Hierarchical pre-synthesis "BufferCC_4_2fa2c88f3c1f4868ba7cd09620d007ba" end (Real time : 0s CPU user time : 2s CPU sys time : 0s MEM : 294892KB)


INFO     : ... Hierarchical pre-synthesis "UartCtrlRx_2fa2c88f3c1f4868ba7cd09620d007ba" begin


INFO     : ... Hierarchical pre-synthesis "UartCtrlRx_2fa2c88f3c1f4868ba7cd09620d007ba" end (Real time : 0s CPU user time : 2s CPU sys time : 0s MEM : 294892KB)


INFO     : ... Hierarchical pre-synthesis "UartCtrl_2fa2c88f3c1f4868ba7cd09620d007ba" begin


INFO     : ... Hierarchical pre-synthesis "UartCtrl_2fa2c88f3c1f4868ba7cd09620d007ba" end (Real time : 0s CPU user time : 2s CPU sys time : 0s MEM : 294892KB)


INFO     : ... Hierarchical pre-synthesis "StreamFifo_2fa2c88f3c1f4868ba7cd09620d007ba" begin


INFO     : ... Hierarchical pre-synthesis "StreamFifo_2fa2c88f3c1f4868ba7cd09620d007ba" end (Real time : 0s CPU user time : 2s CPU sys time : 0s MEM : 294892KB)


INFO     : ... Hierarchical pre-synthesis "BmbUartCtrl_2fa2c88f3c1f4868ba7cd09620d007ba" begin


INFO     : ... Hierarchical pre-synthesis "BmbUartCtrl_2fa2c88f3c1f4868ba7cd09620d007ba" end (Real time : 0s CPU user time : 2s CPU sys time : 0s MEM : 294892KB)


INFO     : ... Hierarchical pre-synthesis "BmbGpio2_2fa2c88f3c1f4868ba7cd09620d007ba" begin


INFO     : ... Hierarchical pre-synthesis "BmbGpio2_2fa2c88f3c1f4868ba7cd09620d007ba" end (Real time : 0s CPU user time : 2s CPU sys time : 0s MEM : 294892KB)


INFO     : ... Hierarchical pre-synthesis "EfxSapphireSoc_2fa2c88f3c1f4868ba7cd09620d007ba" begin


INFO     : ... Hierarchical pre-synthesis "EfxSapphireSoc_2fa2c88f3c1f4868ba7cd09620d007ba" end (Real time : 1s CPU user time : 3s CPU sys time : 0s MEM : 294892KB)


INFO     : ... Hierarchical pre-synthesis "micro_risc_v1" begin


INFO     : ... Hierarchical pre-synthesis "micro_risc_v1" end (Real time : 0s CPU user time : 3s CPU sys time : 0s MEM : 294892KB)


INFO     : ... Hierarchical pre-synthesis "mdio_clause22" begin


INFO     : ... Hierarchical pre-synthesis "mdio_clause22" end (Real time : 0s CPU user time : 3s CPU sys time : 0s MEM : 294892KB)


INFO     : ... Hierarchical pre-synthesis "eth_dp83825_udp" begin


INFO     : ... Hierarchical pre-synthesis "eth_dp83825_udp" end (Real time : 0s CPU user time : 4s CPU sys time : 0s MEM : 294892KB)


INFO     : ... Hierarchical pre-synthesis "top_level" begin


WARNING  : Mapping into logic memory block 'u_micro_risc_v1/u_EfxSapphireSoc/system_riscvJtag_debug_logic_dm/logic_progbufX_mem' (64 bits) (/home/olle/efinity_p2/BRAM/ip/micro_risc_v1/micro_risc_v1.v:4949) because size is too small (<=64) [EFX-0657]


INFO     : ... Clock Enable Synthesis Performed on 450 flops.


INFO     : ... Hierarchical pre-synthesis "top_level" end (Real time : 1s CPU user time : 5s CPU sys time : 0s MEM : 294892KB)


INFO     : ... Flat optimizations begin


INFO     : ... Flat optimizations end (Real time : 0s CPU user time : 5s CPU sys time : 0s MEM : 294892KB)


INFO     : ... Flat synthesis begin


INFO     : ... Flat synthesis end (Real time : 0s CPU user time : 5s CPU sys time : 0s MEM : 294892KB)


INFO     : ... Flat optimizations begin


INFO     : ... Flat optimizations end (Real time : 0s CPU user time : 5s CPU sys time : 0s MEM : 294892KB)


INFO     : ... Check and break combinational loops begin


INFO     : ... Check and break combinational loops end (Real time : 0s CPU user time : 5s CPU sys time : 0s MEM : 294892KB)


INFO     : ... Sequential Optimization begin


INFO     : ... Clock Network 'pll_clk' with 2309 loads will be considered for sequential optimization.


INFO     : ... Clock Network 'jtag_dummy_TCK' with 221 loads will be considered for sequential optimization.


INFO     : ... Clock Network 'clk' with 107 loads will be considered for sequential optimization.


INFO     : ... Sequential Optimization deduced 485 equivalent points.


INFO     : ... Sequential Optimization end (Real time : 15s CPU user time : 20s CPU sys time : 0s MEM : 294892KB)


INFO     : ... Setup for logic synthesis begin


INFO     : ... Setup for logic synthesis end (Real time : 0s CPU user time : 21s CPU sys time : 0s MEM : 294892KB)


INFO     : ... LUT mapping begin


INFO     : ... LS, strategy: 3, nd: 3218, ed: 10612, lv: 7, pw: 6040.61


INFO     : ... LUT mapping end (Real time : 12s CPU user time : 35s CPU sys time : 0s MEM : 294892KB)


INFO     : ... Post-synthesis Verific netlist creation begin


INFO     : ... Post-synthesis Verific netlist creation end (Real time : 0s CPU user time : 35s CPU sys time : 0s MEM : 294892KB)


INFO     : ... Postmap Retiming Optimization begin


INFO     : ... Clock Network 'pll_clk~pll_clk' with 2301 loads will be considered for retiming optimization.


INFO     : ... Clock Network 'jtag_dummy_TCK~jtag_dummy_TCK' with 220 loads will be considered for retiming optimization.


INFO     : ... Clock Network 'clk~clk' with 107 loads will be considered for retiming optimization.


INFO     : ... Performed 0 retime moves.


INFO     : ... Postmap Retiming Optimization end (Real time : 14s CPU user time : 49s CPU sys time : 0s MEM : 294892KB)


INFO     : ***** Beginning VDB Netlist Checker ... *****


WARNING  : /home/olle/efinity_p2/BRAM/top_level.vhd(11): Input/inout port phy_intr_n is unconnected and will be removed. [VDB-8003]


WARNING  : /home/olle/efinity_p2/BRAM/top_level.vhd(16): Input/inout port rmii_crs_dv is unconnected and will be removed. [VDB-8003]


WARNING  : /home/olle/efinity_p2/BRAM/top_level.vhd(17): Input/inout port rmii_rx_er is unconnected and will be removed. [VDB-8003]


WARNING  : /home/olle/efinity_p2/BRAM/top_level.vhd(18): Input/inout port rmii_rxd[1] is unconnected and will be removed. [VDB-8003]


WARNING  : /home/olle/efinity_p2/BRAM/top_level.vhd(21): Input/inout port mdio_i is unconnected and will be removed. [VDB-8003]


WARNING  : /home/olle/efinity_p2/BRAM/top_level.vhd(29): Input/inout port jtag_dummy_TMS is unconnected and will be removed. [VDB-8003]


WARNING  : /home/olle/efinity_p2/BRAM/top_level.vhd(30): Input/inout port jtag_dummy_SEL is unconnected and will be removed. [VDB-8003]


WARNING  : /home/olle/efinity_p2/BRAM/top_level.vhd(31): Input/inout port jtag_dummy_DRCK is unconnected and will be removed. [VDB-8003]


WARNING  : /home/olle/efinity_p2/BRAM/top_level.vhd(33): Input/inout port jtag_dummy_RUNTEST is unconnected and will be removed. [VDB-8003]


WARNING  : /home/olle/efinity_p2/BRAM/top_level.vhd(38): Input/inout port led4 is unconnected and will be removed. [VDB-8003]


WARNING  : Net u_micro_risc_v1/u_EfxSapphireSoc/system_cores_0_logic_cpu/IBusCachedPlugin_cache/lineLoader_address[0] is dangling. [VDB-8009]


WARNING  : Net u_micro_risc_v1/u_EfxSapphireSoc/system_cores_0_logic_cpu/IBusCachedPlugin_cache/lineLoader_address[1] is dangling. [VDB-8009]


WARNING  : Net u_micro_risc_v1/u_EfxSapphireSoc/system_cores_0_logic_cpu/IBusCachedPlugin_cache/lineLoader_address[2] is dangling. [VDB-8009]


WARNING  : Net u_micro_risc_v1/u_EfxSapphireSoc/system_cores_0_logic_cpu/IBusCachedPlugin_cache/lineLoader_address[3] is dangling. [VDB-8009]


WARNING  : Net u_micro_risc_v1/u_EfxSapphireSoc/system_cores_0_logic_cpu/IBusCachedPlugin_cache/lineLoader_address[4] is dangling. [VDB-8009]


WARNING  : Net u_micro_risc_v1/u_EfxSapphireSoc/system_cores_0_logic_cpu/IBusCachedPlugin_cache/lineLoader_address[5] is dangling. [VDB-8009]


WARNING  : Found 17 warnings in the post-synthesis netlist.


INFO     : VDB Netlist Checker took 0.0290253 seconds.


INFO     : 	VDB Netlist Checker took 0.05 seconds (approximately) in total CPU time.


INFO     : VDB Netlist Checker virtual memory usage: begin = 313.32 MB, end = 313.32 MB, delta = 0 MB


INFO     : VDB Netlist Checker resident set memory usage: begin = 220.1 MB, end = 220.1 MB, delta = 0 MB


INFO     : 	VDB Netlist Checker peak resident set memory usage = 294.892 MB


INFO     : ***** Ending VDB Netlist Checker ... *****


INFO     : Resource Summary 


INFO     : =============================== 


INFO     : EFX_ADD         : 	344


INFO     : EFX_LUT4        : 	3216


INFO     : EFX_FF          : 	2627


INFO     : EFX_RAM_5K      : 	40


INFO     : EFX_GBUFCE      : 	3


INFO     : =============================== 


INFO     : ... Post-Map Verilog Writer begin


INFO     : Writing netlist 'top_level' to Verilog file '/home/olle/efinity_p2/BRAM/outflow/BRAM.map.v' [VDB-1030]


INFO     : ... Post-Map Verilog Writer end (Real time : 0s CPU user time : 49s CPU sys time : 0s MEM : 294892KB)


INFO     : The entire flow of EFX_MAP took 46.8121 seconds.


INFO     : 	The entire flow of EFX_MAP took 49.81 seconds (approximately) in total CPU time.


INFO     : The entire flow of EFX_MAP virtual memory usage: begin = 88.4 MB, end = 313.32 MB, delta = 224.92 MB


INFO     : The entire flow of EFX_MAP resident set memory usage: begin = 27.392 MB, end = 220.228 MB, delta = 192.836 MB


INFO     : 	The entire flow of EFX_MAP peak resident set memory usage = 294.892 MB


Fri August 15 25 20:09:52 - /home/olle/efinix/efinity/2025.1/bin/efx_map finished. Exit code = 0 Exit status : Normal

Running synthesis flow done.

Fri August 15 25 20:09:52 - Start Debugger Flow



-------------------------------------------------------------------------

Debugger

-------------------------------------------------------------------------

Fri August 15 25 20:09:52 - Debugger flow working directory is /home/olle/efinity_p2/BRAM/work_syn


INFO     : --max_threads set to 4 

--------------------------------------------------------------

Start Debugger Step Generate Debugger Cores.

Fri August 15 25 20:09:53 - /home/olle/efinix/efinity/2025.1/bin/python3  -m "efx_dbg.DbgWizard" --device  "T20F169" --family  "Trion" --in_profile_name  "/home/olle/efinity_p2/BRAM/debug_profile.wizard.json" --out_dbg_vdb  "debug_top.post.vdb" --out_profile_name  "/home/olle/efinity_p2/BRAM/debug_profile.wizard.json" --out_dir  "work_dbg"

Fri August 15 25 20:09:53 - Running /home/olle/efinix/efinity/2025.1/bin/python3...

Fri August 15 25 20:09:53 - /home/olle/efinix/efinity/2025.1/bin/python3 finished. Exit code = 0 Exit status : Normal

Debugger Step Generate Debugger Cores. Done

--------------------------------------------------------------

--------------------------------------------------------------

Start Debugger Step Compile Debugger Cores.

Fri August 15 25 20:09:53 - /home/olle/efinix/efinity/2025.1/bin/efx_map  --allow-const-ram-index "0" --blackbox-error "1" --blast_const_operand_adders "1" --bram_output_regs_packing "1" --bram-push-tco-outreg "0" --create-onehot-fsms "0" --fanout-limit "0" --hdl-compile-unit "1" --hdl-loop-limit "20000" --infer-clk-enable "3" --infer-sync-set-reset "1" --enable-mark-debug "1" --max_ram "-1" --max_mult "-1" --max-bit-blast-mem-size "10240" --min-sr-fanout "0" --min-ce-fanout "0" --mode "speed" --mult-auto-pipeline "0" --mult-decomp-retime "0" --operator-sharing "0" --optimize-adder-tree "0" --optimize-zero-init-rom "1" --peri-syn-instantiation "0" --peri-syn-inference "0" --ram-decomp-mode "0" --retiming "1" --seq_opt "1" --seq-opt-sync-only "0" --use-logic-for-small-mem "64" --use-logic-for-small-rom "64" --max_threads "-1" --mult_input_regs_packing "1" --mult_output_regs_packing "1" --I "/home/olle/efinity_p2/BRAM" --I "/home/olle/efinity_p2/BRAM/ip/BRAM_8192_bytes" --I "/home/olle/efinity_p2/BRAM/ip/micro_risc_v1" --family "Trion" --device "T20F169" --root "edb_top" --v "/home/olle/efinity_p2/BRAM/work_dbg/debug_top.v" --write-postmap-module "/home/olle/efinity_p2/BRAM/work_dbg/debug_top.post.vdb" --gen-mark-debug-json "0" --work-dir "/home/olle/efinity_p2/BRAM/work_dbg" --output-dir "/home/olle/efinity_p2/BRAM/outflow"

Fri August 15 25 20:09:53 - Running /home/olle/efinix/efinity/2025.1/bin/efx_map...

INFO     : Efinix FPGA Synthesis.
INFO     : Version: 2025.1.110.2.15
INFO     : Compiled: Jun 21 2025.
INFO     : 
INFO     : Copyright (C) 2013 - 2025 Efinix, Inc. All rights reserved.


INFO     : Analyzing Verilog file '/home/olle/efinix/efinity/2025.1/sim_models/maplib/efinix_peri_lib.v' [VERI-1482]
INFO     : /home/olle/efinix/efinity/2025.1/sim_models/maplib/efinix_peri_lib.v(8): compiling module 'EFX_IBUF' [VERI-1018]
INFO     : /home/olle/efinix/efinity/2025.1/sim_models/maplib/efinix_peri_lib.v(16): compiling module 'EFX_OBUF' [VERI-1018]
INFO     : /home/olle/efinix/efinity/2025.1/sim_models/maplib/efinix_peri_lib.v(23): compiling module 'EFX_IO_BUF' [VERI-1018]
INFO     : /home/olle/efinix/efinity/2025.1/sim_models/maplib/efinix_peri_lib.v(33): compiling module 'EFX_CLKOUT' [VERI-1018]
INFO     : /home/olle/efinix/efinity/2025.1/sim_models/maplib/efinix_peri_lib.v(41): compiling module 'EFX_IREG' [VERI-1018]
INFO     : /home/olle/efinix/efinity/2025.1/sim_models/maplib/efinix_peri_lib.v(51): compiling module 'EFX_OREG' [VERI-1018]
INFO     : /home/olle/efinix/efinity/2025.1/sim_models/maplib/efinix_peri_lib.v(60): compiling module 'EFX_IOREG' [VERI-1018]
INFO     : /home/olle/efinix/efinity/2025.1/sim_models/maplib/efinix_peri_lib.v(75): compiling module 'EFX_IDDIO' [VERI-1018]
INFO     : /home/olle/efinix/efinity/2025.1/sim_models/maplib/efinix_peri_lib.v(87): compiling module 'EFX_ODDIO' [VERI-1018]
INFO     : /home/olle/efinix/efinity/2025.1/sim_models/maplib/efinix_peri_lib.v(99): compiling module 'EFX_GPIO_V1' [VERI-1018]

INFO     : /home/olle/efinix/efinity/2025.1/sim_models/maplib/efinix_peri_lib.v(124): compiling module 'EFX_GPIO_V2' [VERI-1018]

INFO     : /home/olle/efinix/efinity/2025.1/sim_models/maplib/efinix_peri_lib.v(149): compiling module 'EFX_GPIO_V3' [VERI-1018]
INFO     : /home/olle/efinix/efinity/2025.1/sim_models/maplib/efinix_peri_lib.v(186): compiling module 'EFX_PLL_V1' [VERI-1018]
INFO     : /home/olle/efinix/efinity/2025.1/sim_models/maplib/efinix_peri_lib.v(205): compiling module 'EFX_PLL_V2' [VERI-1018]
INFO     : /home/olle/efinix/efinity/2025.1/sim_models/maplib/efinix_peri_lib.v(231): compiling module 'EFX_PLL_V3' [VERI-1018]
INFO     : /home/olle/efinix/efinity/2025.1/sim_models/maplib/efinix_peri_lib.v(279): compiling module 'EFX_OSC_V1' [VERI-1018]
INFO     : /home/olle/efinix/efinity/2025.1/sim_models/maplib/efinix_peri_lib.v(285): compiling module 'EFX_OSC_V3' [VERI-1018]
INFO     : /home/olle/efinix/efinity/2025.1/sim_models/maplib/efinix_peri_lib.v(294): compiling module 'EFX_FPLL_V1' [VERI-1018]
INFO     : /home/olle/efinix/efinity/2025.1/sim_models/maplib/efinix_peri_lib.v(348): compiling module 'EFX_JTAG_V1' [VERI-1018]
INFO     : /home/olle/efinix/efinity/2025.1/sim_models/maplib/efinix_peri_lib.v(357): compiling module 'EFX_JTAG_CTRL' [VERI-1018]
INFO     : /home/olle/efinix/efinity/2025.1/sim_models/maplib/efinix_peri_lib.v(364): compiling module 'EFX_LVDS_RX_V1' [VERI-1018]
INFO     : /home/olle/efinix/efinity/2025.1/sim_models/maplib/efinix_peri_lib.v(381): compiling module 'EFX_LVDS_TX_V1' [VERI-1018]
INFO     : /home/olle/efinix/efinity/2025.1/sim_models/maplib/efinix_peri_lib.v(399): compiling module 'EFX_LVDS_RX_V2' [VERI-1018]
INFO     : /home/olle/efinix/efinity/2025.1/sim_models/maplib/efinix_peri_lib.v(426): compiling module 'EFX_LVDS_TX_V2' [VERI-1018]
INFO     : /home/olle/efinix/efinity/2025.1/sim_models/maplib/efinix_peri_lib.v(446): compiling module 'EFX_LVDS_BIDIR_V2' [VERI-1018]
INFO     : ***** Beginning Analysis ... *****
INFO     : default VHDL library search path is now "/home/olle/efinix/efinity/2025.1/sim_models/vhdl/packages/vhdl_2008" [VHDL-1504]
INFO     : Analyzing Verilog file '/home/olle/efinix/efinity/2025.1/sim_models/maplib/efinix_maplib.v' [VERI-1482]
INFO     : Analyzing Verilog file '/home/olle/efinix/efinity/2025.1/sim_models/maplib/efinix_peri_lib.v' [VERI-1482]
INFO     : Analyzing Verilog file '/home/olle/efinix/efinity/2025.1/sim_models/maplib/efinix_maplib.v' [VERI-1482]

INFO     : Analyzing Verilog file '/home/olle/efinix/efinity/2025.1/sim_models/maplib/efinix_peri_lib.v' [VERI-1482]
INFO     : Analyzing Verilog file '/home/olle/efinity_p2/BRAM/work_dbg/debug_top.v' [VERI-1482]

INFO     : /home/olle/efinity_p2/BRAM/work_dbg/debug_top.v(4544): undeclared symbol 'la_capture_mask', assumed default net type 'wire' [VERI-2561]

INFO     : /home/olle/efinity_p2/BRAM/work_dbg/debug_top.v(4914): undeclared symbol 'next_segment_pointer_eq', assumed default net type 'wire' [VERI-2561]
INFO     : /home/olle/efinity_p2/BRAM/work_dbg/debug_top.v(4915): undeclared symbol 'next_segment_msb_xor', assumed default net type 'wire' [VERI-2561]

INFO     : Analysis took 0.0642024 seconds.
INFO     : 	Analysis took 0.06 seconds (approximately) in total CPU time.
INFO     : Analysis virtual memory usage: begin = 124.564 MB, end = 127.636 MB, delta = 3.072 MB
INFO     : Analysis resident set memory usage: begin = 71.296 MB, end = 75.008 MB, delta = 3.712 MB
INFO     : 	Analysis peak resident set memory usage = 294.892 MB
INFO     : ***** Ending Analysis ... *****
INFO     : ***** Beginning Elaboration ... *****
WARNING  : /home/olle/efinity_p2/BRAM/work_dbg/debug_top.v(258): port 'probe39' remains unconnected for this instance [VERI-1927]
INFO     : /home/olle/efinity_p2/BRAM/work_dbg/debug_top.v(10): compiling module 'edb_top' [VERI-1018]
INFO     : /home/olle/efinity_p2/BRAM/work_dbg/debug_top.v(644): compiling module 'edb_la_top_renamed_due_excessive_length_1' [VERI-1018]

INFO     : /home/olle/efinity_p2/BRAM/work_dbg/debug_top.v(333): compiling module 'edb_adbg_crc32' [VERI-1018]

INFO     : /home/olle/efinity_p2/BRAM/work_dbg/debug_top.v(5645): compiling module 'compare_unit(WIDTH=11'b01,PIPE=1)' [VERI-1018]

INFO     : /home/olle/efinity_p2/BRAM/work_dbg/debug_top.v(5645): compiling module 'compare_unit(WIDTH=11'b011010,PIPE=1)' [VERI-1018]

INFO     : /home/olle/efinity_p2/BRAM/work_dbg/debug_top.v(5645): compiling module 'compare_unit(WIDTH=11'b010000,PIPE=1)' [VERI-1018]

INFO     : /home/olle/efinity_p2/BRAM/work_dbg/debug_top.v(5645): compiling module 'compare_unit(WIDTH=11'b0100,PIPE=1)' [VERI-1018]

INFO     : /home/olle/efinity_p2/BRAM/work_dbg/debug_top.v(5645): compiling module 'compare_unit(WIDTH=11'b0101,PIPE=1)' [VERI-1018]

INFO     : /home/olle/efinity_p2/BRAM/work_dbg/debug_top.v(5645): compiling module 'compare_unit(WIDTH=11'b0100000,PIPE=1)' [VERI-1018]

INFO     : /home/olle/efinity_p2/BRAM/work_dbg/debug_top.v(5850): compiling module 'trigger_unit(WIDTH=32'b0100111,PIPE=1)' [VERI-1018]

INFO     : /home/olle/efinity_p2/BRAM/work_dbg/debug_top.v(5850): compiling module 'trigger_unit(WIDTH=32'b0100111,PIPE=1,TRIGGER_IF_MASK_ZERO=1)' [VERI-1018]
WARNING  : /home/olle/efinity_p2/BRAM/work_dbg/debug_top.v(4536): actual bit length 32 differs from formal bit length 1 for port 'trigger_in' [VERI-1330]
INFO     : /home/olle/efinity_p2/BRAM/work_dbg/debug_top.v(5975): compiling module 'trigger_skipper' [VERI-1018]
INFO     : /home/olle/efinity_p2/BRAM/work_dbg/debug_top.v(4991): compiling module 'la_biu(CAPTURE_WIDTH=32'b010101110,CAPTURE_CONTROL=1)' [VERI-1018]
INFO     : /home/olle/efinity_p2/BRAM/work_dbg/debug_top.v(4733): compiling module 'fifo_with_read(DATA_WIDTH=32'b010101111)' [VERI-1018]
INFO     : /home/olle/efinity_p2/BRAM/work_dbg/debug_top.v(4683): compiling module 'fifo_address_trancode_unit' [VERI-1018]

INFO     : /home/olle/efinity_p2/BRAM/work_dbg/debug_top.v(554): compiling module 'edb_simple_dual_port_ram(DATA_WIDTH=32'b010101111,ADDR_WIDTH=10,RAM_INIT_FILE="")' [VERI-1018]
INFO     : /home/olle/efinity_p2/BRAM/work_dbg/debug_top.v(569): extracting RAM for identifier 'ram' [VERI-2571]

INFO     : /home/olle/efinity_p2/BRAM/work_dbg/debug_top.v(411): compiling module 'debug_hub' [VERI-1018]
WARNING  : /home/olle/efinity_p2/BRAM/work_dbg/debug_top.v(198): input port 'probe39[0]' remains unconnected for this instance [VDB-1053]
INFO     : Elaboration took 1.29567 seconds.
INFO     : 	Elaboration took 1.25 seconds (approximately) in total CPU time.
INFO     : Elaboration virtual memory usage: begin = 127.636 MB, end = 189.588 MB, delta = 61.952 MB
INFO     : Elaboration resident set memory usage: begin = 75.008 MB, end = 137.728 MB, delta = 62.72 MB
INFO     : 	Elaboration peak resident set memory usage = 294.892 MB
INFO     : ***** Ending Elaboration ... *****
INFO     : ... Setting Synthesis Option: mode=speed
INFO     : ***** Beginning Reading Mapping Library ... *****
INFO     : Analyzing Verilog file '/home/olle/efinix/efinity/2025.1/sim_models/maplib/efinix_maplib.v' [VERI-1482]

INFO     : /home/olle/efinix/efinity/2025.1/sim_models/maplib/efinix_maplib.v(8): compiling module 'EFX_ADD' [VERI-1018]
INFO     : /home/olle/efinix/efinity/2025.1/sim_models/maplib/efinix_maplib.v(21): compiling module 'EFX_FF' [VERI-1018]
INFO     : /home/olle/efinix/efinity/2025.1/sim_models/maplib/efinix_maplib.v(38): compiling module 'EFX_COMB4' [VERI-1018]
INFO     : /home/olle/efinix/efinity/2025.1/sim_models/maplib/efinix_maplib.v(48): compiling module 'EFX_GBUFCE' [VERI-1018]
INFO     : /home/olle/efinix/efinity/2025.1/sim_models/maplib/efinix_maplib.v(57): compiling module 'EFX_LUT4' [VERI-1018]
INFO     : /home/olle/efinix/efinity/2025.1/sim_models/maplib/efinix_maplib.v(65): compiling module 'EFX_MULT' [VERI-1018]
INFO     : /home/olle/efinix/efinity/2025.1/sim_models/maplib/efinix_maplib.v(100): compiling module 'EFX_DSP48' [VERI-1018]
INFO     : /home/olle/efinix/efinity/2025.1/sim_models/maplib/efinix_maplib.v(156): compiling module 'EFX_DSP24' [VERI-1018]
INFO     : /home/olle/efinix/efinity/2025.1/sim_models/maplib/efinix_maplib.v(209): compiling module 'EFX_DSP12' [VERI-1018]
INFO     : /home/olle/efinix/efinity/2025.1/sim_models/maplib/efinix_maplib.v(262): compiling module 'EFX_RAM_4K' [VERI-1018]
INFO     : /home/olle/efinix/efinity/2025.1/sim_models/maplib/efinix_maplib.v(322): compiling module 'EFX_RAM_5K' [VERI-1018]
INFO     : /home/olle/efinix/efinity/2025.1/sim_models/maplib/efinix_maplib.v(394): compiling module 'EFX_DPRAM_5K' [VERI-1018]
INFO     : /home/olle/efinix/efinity/2025.1/sim_models/maplib/efinix_maplib.v(499): compiling module 'RAMB5' [VERI-1018]
INFO     : /home/olle/efinix/efinity/2025.1/sim_models/maplib/efinix_maplib.v(561): compiling module 'EFX_RAM_10K' [VERI-1018]
INFO     : /home/olle/efinix/efinity/2025.1/sim_models/maplib/efinix_maplib.v(653): compiling module 'EFX_RAM10' [VERI-1018]
INFO     : /home/olle/efinix/efinity/2025.1/sim_models/maplib/efinix_maplib.v(754): compiling module 'EFX_DPRAM10' [VERI-1018]
INFO     : /home/olle/efinix/efinity/2025.1/sim_models/maplib/efinix_maplib.v(884): compiling module 'EFX_SRL8' [VERI-1018]
INFO     : Reading Mapping Library took 0.0135496 seconds.
INFO     : 	Reading Mapping Library took 0.02 seconds (approximately) in total CPU time.
INFO     : Reading Mapping Library virtual memory usage: begin = 189.588 MB, end = 189.588 MB, delta = 0 MB
INFO     : Reading Mapping Library resident set memory usage: begin = 138.368 MB, end = 138.368 MB, delta = 0 MB
INFO     : 	Reading Mapping Library peak resident set memory usage = 294.892 MB
INFO     : ***** Ending Reading Mapping Library ... *****
INFO     : ... Pre-synthesis checks begin
WARNING  : Removing redundant signal : compared_in[0]. (/home/olle/efinity_p2/BRAM/work_dbg/debug_top.v:5651) [EFX-0200]
WARNING  : Removing redundant signal : mask_in[0]. (/home/olle/efinity_p2/BRAM/work_dbg/debug_top.v:5652) [EFX-0200]
WARNING  : Removing redundant signal : trigger_in. (/home/olle/efinity_p2/BRAM/work_dbg/debug_top.v:5862) [EFX-0200]
WARNING  : Removing redundant signal : trigger_in. (/home/olle/efinity_p2/BRAM/work_dbg/debug_top.v:5862) [EFX-0200]
INFO     : ... Memory 'ram' is not initialized, assuming empty initial contents. (/home/olle/efinity_p2/BRAM/work_dbg/debug_top.v:569) [EFX-0677]
WARNING  : Removing redundant signal : din[174]. (/home/olle/efinity_p2/BRAM/work_dbg/debug_top.v:4746) [EFX-0200]
WARNING  : Removing redundant signal : shift_i. (/home/olle/efinity_p2/BRAM/work_dbg/debug_top.v:5011) [EFX-0200]
WARNING  : Removing redundant signal : trig_out. (/home/olle/efinity_p2/BRAM/work_dbg/debug_top.v:5028) [EFX-0200]
WARNING  : Removing redundant signal : trig_out_ack. (/home/olle/efinity_p2/BRAM/work_dbg/debug_top.v:5029) [EFX-0200]

INFO     : Module Instance 'genblk2.global_capture_inst' input pin 'trigger_in' is tied to constant (=0). [EFX-0266]
WARNING  : Removing redundant signal : bscan_DRCK. (/home/olle/efinity_p2/BRAM/work_dbg/debug_top.v:1177) [EFX-0200]
WARNING  : Removing redundant signal : bscan_RESET. (/home/olle/efinity_p2/BRAM/work_dbg/debug_top.v:1178) [EFX-0200]
WARNING  : Removing redundant signal : bscan_RUNTEST. (/home/olle/efinity_p2/BRAM/work_dbg/debug_top.v:1179) [EFX-0200]
WARNING  : Removing redundant signal : bscan_SEL. (/home/olle/efinity_p2/BRAM/work_dbg/debug_top.v:1180) [EFX-0200]
WARNING  : Removing redundant signal : bscan_TMS. (/home/olle/efinity_p2/BRAM/work_dbg/debug_top.v:1184) [EFX-0200]
WARNING  : Removing redundant signal : trig_in_ack. (/home/olle/efinity_p2/BRAM/work_dbg/debug_top.v:1196) [EFX-0200]
WARNING  : Removing redundant signal : bscan_CAPTURE. (/home/olle/efinity_p2/BRAM/work_dbg/debug_top.v:416) [EFX-0200]
WARNING  : Removing redundant signal : bscan_DRCK. (/home/olle/efinity_p2/BRAM/work_dbg/debug_top.v:417) [EFX-0200]
WARNING  : Removing redundant signal : bscan_RUNTEST. (/home/olle/efinity_p2/BRAM/work_dbg/debug_top.v:419) [EFX-0200]
WARNING  : Removing redundant signal : bscan_TMS. (/home/olle/efinity_p2/BRAM/work_dbg/debug_top.v:424) [EFX-0200]
INFO     : Module Instance 'la0' input pin 'trig_in' is tied to constant (=0). [EFX-0266]
INFO     : Module Instance 'la0' input pin 'trig_out_ack' is tied to constant (=0). [EFX-0266]
WARNING  : Re-wiring to GND non-driven net 'la0.probe39[0]'. (/home/olle/efinity_p2/BRAM/work_dbg/debug_top.v:198) [EFX-0201]
WARNING  : Re-wiring to GND non-driven net 'la0.probe40[0]'. (/home/olle/efinity_p2/BRAM/work_dbg/debug_top.v:198) [EFX-0201]
WARNING  : Re-wiring to GND non-driven net 'la0.probe41[0]'. (/home/olle/efinity_p2/BRAM/work_dbg/debug_top.v:198) [EFX-0201]
WARNING  : Re-wiring to GND non-driven net 'la0.probe42[0]'. (/home/olle/efinity_p2/BRAM/work_dbg/debug_top.v:198) [EFX-0201]
WARNING  : Re-wiring to GND non-driven net 'la0.probe43[0]'. (/home/olle/efinity_p2/BRAM/work_dbg/debug_top.v:198) [EFX-0201]
WARNING  : Re-wiring to GND non-driven net 'la0.probe44[0]'. (/home/olle/efinity_p2/BRAM/work_dbg/debug_top.v:198) [EFX-0201]
WARNING  : Re-wiring to GND non-driven net 'la0.probe45[0]'. (/home/olle/efinity_p2/BRAM/work_dbg/debug_top.v:198) [EFX-0201]
WARNING  : Re-wiring to GND non-driven net 'la0.probe46[0]'. (/home/olle/efinity_p2/BRAM/work_dbg/debug_top.v:198) [EFX-0201]
WARNING  : Re-wiring to GND non-driven net 'la0.probe47[0]'. (/home/olle/efinity_p2/BRAM/work_dbg/debug_top.v:198) [EFX-0201]
WARNING  : Re-wiring to GND non-driven net 'la0.probe48[0]'. (/home/olle/efinity_p2/BRAM/work_dbg/debug_top.v:198) [EFX-0201]
WARNING  : (The above message was generated too many times, subsequent similar messages will be muted.) [EFX-0201]
INFO     : ... Pre-synthesis checks end (Real time : 0s CPU user time : 2s CPU sys time : 0s MEM : 294892KB)
INFO     : ... NameSpace init begin
INFO     : ... NameSpace init end (Real time : 0s CPU user time : 2s CPU sys time : 0s MEM : 294892KB)
INFO     : ... Mapping design "edb_top"
INFO     : ... Hierarchical pre-synthesis "edb_adbg_crc32" begin

INFO     : ... Hierarchical pre-synthesis "edb_adbg_crc32" end (Real time : 0s CPU user time : 2s CPU sys time : 0s MEM : 294892KB)
INFO     : ... Hierarchical pre-synthesis "compare_unit(WIDTH=11'b01,PIPE=1)" begin
INFO     : ... Hierarchical pre-synthesis "compare_unit(WIDTH=11'b01,PIPE=1)" end (Real time : 0s CPU user time : 2s CPU sys time : 0s MEM : 294892KB)
INFO     : ... Hierarchical pre-synthesis "compare_unit(WIDTH=11'b011010,PIPE=1)" begin
INFO     : ... Hierarchical pre-synthesis "compare_unit(WIDTH=11'b011010,PIPE=1)" end (Real time : 0s CPU user time : 2s CPU sys time : 0s MEM : 294892KB)
INFO     : ... Hierarchical pre-synthesis "compare_unit(WIDTH=11'b010000,PIPE=1)" begin
INFO     : ... Hierarchical pre-synthesis "compare_unit(WIDTH=11'b010000,PIPE=1)" end (Real time : 0s CPU user time : 2s CPU sys time : 0s MEM : 294892KB)
INFO     : ... Hierarchical pre-synthesis "compare_unit(WIDTH=11'b0100,PIPE=1)" begin
INFO     : ... Hierarchical pre-synthesis "compare_unit(WIDTH=11'b0100,PIPE=1)" end (Real time : 0s CPU user time : 2s CPU sys time : 0s MEM : 294892KB)
INFO     : ... Hierarchical pre-synthesis "compare_unit(WIDTH=11'b0101,PIPE=1)" begin
INFO     : ... Hierarchical pre-synthesis "compare_unit(WIDTH=11'b0101,PIPE=1)" end (Real time : 0s CPU user time : 2s CPU sys time : 0s MEM : 294892KB)
INFO     : ... Hierarchical pre-synthesis "compare_unit(WIDTH=11'b0100000,PIPE=1)" begin
INFO     : ... Hierarchical pre-synthesis "compare_unit(WIDTH=11'b0100000,PIPE=1)" end (Real time : 0s CPU user time : 2s CPU sys time : 0s MEM : 294892KB)
INFO     : ... Hierarchical pre-synthesis "trigger_unit(WIDTH=32'b0100111,PIPE=1)" begin

INFO     : ... Hierarchical pre-synthesis "trigger_unit(WIDTH=32'b0100111,PIPE=1)" end (Real time : 0s CPU user time : 2s CPU sys time : 0s MEM : 294892KB)
INFO     : ... Hierarchical pre-synthesis "trigger_unit(WIDTH=32'b0100111,PIPE=1,TRIGGER_IF_MASK_ZERO=1)" begin
INFO     : ... Hierarchical pre-synthesis "trigger_unit(WIDTH=32'b0100111,PIPE=1,TRIGGER_IF_MASK_ZERO=1)" end (Real time : 0s CPU user time : 2s CPU sys time : 0s MEM : 294892KB)
INFO     : ... Hierarchical pre-synthesis "trigger_skipper" begin

INFO     : ... Hierarchical pre-synthesis "trigger_skipper" end (Real time : 0s CPU user time : 2s CPU sys time : 0s MEM : 294892KB)
INFO     : ... Hierarchical pre-synthesis "fifo_address_trancode_unit" begin
INFO     : ... Hierarchical pre-synthesis "fifo_address_trancode_unit" end (Real time : 0s CPU user time : 2s CPU sys time : 0s MEM : 294892KB)
INFO     : ... Hierarchical pre-synthesis "edb_simple_dual_port_ram(DATA_WIDTH=32'b010101111,ADDR_WIDTH=10,RAM_INIT_FILE="")" begin

INFO     : ... Hierarchical pre-synthesis "edb_simple_dual_port_ram(DATA_WIDTH=32'b010101111,ADDR_WIDTH=10,RAM_INIT_FILE="")" end (Real time : 0s CPU user time : 2s CPU sys time : 0s MEM : 294892KB)
INFO     : ... Hierarchical pre-synthesis "fifo_with_read(DATA_WIDTH=32'b010101111)" begin

INFO     : ... Hierarchical pre-synthesis "fifo_with_read(DATA_WIDTH=32'b010101111)" end (Real time : 0s CPU user time : 2s CPU sys time : 0s MEM : 294892KB)
INFO     : ... Hierarchical pre-synthesis "la_biu(CAPTURE_WIDTH=32'b010101110,CAPTURE_CONTROL=1)" begin

INFO     : ... Hierarchical pre-synthesis "la_biu(CAPTURE_WIDTH=32'b010101110,CAPTURE_CONTROL=1)" end (Real time : 0s CPU user time : 2s CPU sys time : 0s MEM : 294892KB)
INFO     : ... Hierarchical pre-synthesis "edb_la_top_renamed_due_excessive_length_1" begin

INFO     : ... Hierarchical pre-synthesis "edb_la_top_renamed_due_excessive_length_1" end (Real time : 2s CPU user time : 3s CPU sys time : 0s MEM : 294892KB)
INFO     : ... Hierarchical pre-synthesis "debug_hub" begin
INFO     : ... Hierarchical pre-synthesis "debug_hub" end (Real time : 0s CPU user time : 3s CPU sys time : 0s MEM : 294892KB)
INFO     : ... Hierarchical pre-synthesis "edb_top" begin

INFO     : ... Clock Enable Synthesis Performed on 129 flops.

INFO     : ... Hierarchical pre-synthesis "edb_top" end (Real time : 0s CPU user time : 4s CPU sys time : 0s MEM : 294892KB)

INFO     : ... Flat optimizations begin

INFO     : ... Flat optimizations end (Real time : 1s CPU user time : 4s CPU sys time : 0s MEM : 294892KB)

INFO     : ... Flat synthesis begin

INFO     : ... Flat synthesis end (Real time : 0s CPU user time : 4s CPU sys time : 0s MEM : 294892KB)

INFO     : ... Flat optimizations begin

INFO     : ... Flat optimizations end (Real time : 0s CPU user time : 5s CPU sys time : 0s MEM : 294892KB)

INFO     : ... Check and break combinational loops begin

INFO     : ... Check and break combinational loops end (Real time : 0s CPU user time : 5s CPU sys time : 0s MEM : 294892KB)

INFO     : ... Sequential Optimization begin

INFO     : ... Clock Network 'la0_clk' with 1942 loads will be considered for sequential optimization.

INFO     : ... Clock Network 'bscan_TCK' with 1307 loads will be considered for sequential optimization.

INFO     : ... Sequential Optimization deduced 308 equivalent points.

INFO     : ... Sequential Optimization end (Real time : 12s CPU user time : 17s CPU sys time : 0s MEM : 294892KB)
INFO     : ... Setup for logic synthesis begin

INFO     : ... Setup for logic synthesis end (Real time : 0s CPU user time : 17s CPU sys time : 0s MEM : 294892KB)
INFO     : ... LUT mapping begin

INFO     : ... LS, strategy: 3, nd: 3037, ed: 9485, lv: 8, pw: 5450.51
INFO     : ... LUT mapping end (Real time : 12s CPU user time : 32s CPU sys time : 0s MEM : 294892KB)
INFO     : ... Post-synthesis Verific netlist creation begin

INFO     : ... Post-synthesis Verific netlist creation end (Real time : 0s CPU user time : 32s CPU sys time : 0s MEM : 294892KB)

INFO     : ... Postmap Retiming Optimization begin

INFO     : ... Clock Network 'la0_clk~la0_clk' with 1942 loads will be considered for retiming optimization.

INFO     : ... Clock Network 'bscan_TCK~bscan_TCK' with 1307 loads will be considered for retiming optimization.

INFO     : ... Performed 0 retime moves.

INFO     : ... Postmap Retiming Optimization end (Real time : 11s CPU user time : 43s CPU sys time : 0s MEM : 294892KB)

INFO     : ***** Beginning VDB Netlist Checker ... *****
WARNING  : /home/olle/efinity_p2/BRAM/work_dbg/debug_top.v(13): Input/inout port bscan_DRCK is unconnected and will be removed. [VDB-8003]
WARNING  : /home/olle/efinity_p2/BRAM/work_dbg/debug_top.v(15): Input/inout port bscan_RUNTEST is unconnected and will be removed. [VDB-8003]
WARNING  : /home/olle/efinity_p2/BRAM/work_dbg/debug_top.v(20): Input/inout port bscan_TMS is unconnected and will be removed. [VDB-8003]

WARNING  : Found 3 warnings in the post-synthesis netlist.
INFO     : VDB Netlist Checker took 0.0300213 seconds.
INFO     : 	VDB Netlist Checker took 0.05 seconds (approximately) in total CPU time.
INFO     : VDB Netlist Checker virtual memory usage: begin = 328.392 MB, end = 328.392 MB, delta = 0 MB
INFO     : VDB Netlist Checker resident set memory usage: begin = 236.564 MB, end = 236.564 MB, delta = 0 MB
INFO     : 	VDB Netlist Checker peak resident set memory usage = 294.892 MB
INFO     : ***** Ending VDB Netlist Checker ... *****

INFO     : Resource Summary 
INFO     : =============================== 
INFO     : EFX_ADD         : 	155
INFO     : EFX_LUT4        : 	3022
INFO     : EFX_FF          : 	3240
INFO     : EFX_RAM_5K      : 	35
INFO     : EFX_GBUFCE      : 	2
INFO     : =============================== 

INFO     : The entire flow of EFX_MAP took 41.0524 seconds.
INFO     : 	The entire flow of EFX_MAP took 44.2 seconds (approximately) in total CPU time.
INFO     : The entire flow of EFX_MAP virtual memory usage: begin = 88.404 MB, end = 328.392 MB, delta = 239.988 MB
INFO     : The entire flow of EFX_MAP resident set memory usage: begin = 27.264 MB, end = 236.564 MB, delta = 209.3 MB
INFO     : 	The entire flow of EFX_MAP peak resident set memory usage = 294.892 MB

Fri August 15 25 20:10:34 - /home/olle/efinix/efinity/2025.1/bin/efx_map finished. Exit code = 0 Exit status : Normal

Debugger Step Compile Debugger Cores. Done

--------------------------------------------------------------

--------------------------------------------------------------

Start Debugger Step Merge User design with Debugger Cores.

Fri August 15 25 20:10:34 - /home/olle/efinix/efinity/2025.1/bin/efx_map  --family "Trion" --device "T20F169" --gen-mark-debug-json "0" --allow-const-ram-index "0" --blackbox-error "1" --blast_const_operand_adders "1" --bram_output_regs_packing "1" --bram-push-tco-outreg "0" --create-onehot-fsms "0" --fanout-limit "0" --hdl-compile-unit "1" --hdl-loop-limit "20000" --infer-clk-enable "3" --infer-sync-set-reset "1" --enable-mark-debug "1" --max_ram "-1" --max_mult "-1" --max-bit-blast-mem-size "10240" --min-sr-fanout "0" --min-ce-fanout "0" --mode "speed" --mult-auto-pipeline "0" --mult-decomp-retime "0" --operator-sharing "0" --optimize-adder-tree "0" --optimize-zero-init-rom "1" --peri-syn-instantiation "0" --peri-syn-inference "0" --ram-decomp-mode "0" --retiming "1" --seq_opt "1" --seq-opt-sync-only "0" --use-logic-for-small-mem "64" --use-logic-for-small-rom "64" --max_threads "-1" --mult_input_regs_packing "1" --mult_output_regs_packing "1" --I "/home/olle/efinity_p2/BRAM" --I "/home/olle/efinity_p2/BRAM/ip/BRAM_8192_bytes" --I "/home/olle/efinity_p2/BRAM/ip/micro_risc_v1" --root "top_level" --vdb "/home/olle/efinity_p2/BRAM/outflow/BRAM.elab.vdb" --vdb "/home/olle/efinity_p2/BRAM/work_dbg/debug_top.post.vdb" --write-efx-verilog "/home/olle/efinity_p2/BRAM/work_dbg/BRAM.dbg.map.v" --binary-db "/home/olle/efinity_p2/BRAM/work_dbg/BRAM.dbg.vdb" --merge_vdbs=1 --conn "/home/olle/efinity_p2/BRAM/debug_profile.wizard.json" --work-dir "/home/olle/efinity_p2/BRAM/work_dbg" --output-dir "/home/olle/efinity_p2/BRAM/outflow"

Fri August 15 25 20:10:34 - Running /home/olle/efinix/efinity/2025.1/bin/efx_map...

INFO     : Efinix FPGA Synthesis.
INFO     : Version: 2025.1.110.2.15
INFO     : Compiled: Jun 21 2025.
INFO     : 
INFO     : Copyright (C) 2013 - 2025 Efinix, Inc. All rights reserved.


INFO     : Analyzing Verilog file '/home/olle/efinix/efinity/2025.1/sim_models/maplib/efinix_peri_lib.v' [VERI-1482]
INFO     : /home/olle/efinix/efinity/2025.1/sim_models/maplib/efinix_peri_lib.v(8): compiling module 'EFX_IBUF' [VERI-1018]
INFO     : /home/olle/efinix/efinity/2025.1/sim_models/maplib/efinix_peri_lib.v(16): compiling module 'EFX_OBUF' [VERI-1018]
INFO     : /home/olle/efinix/efinity/2025.1/sim_models/maplib/efinix_peri_lib.v(23): compiling module 'EFX_IO_BUF' [VERI-1018]
INFO     : /home/olle/efinix/efinity/2025.1/sim_models/maplib/efinix_peri_lib.v(33): compiling module 'EFX_CLKOUT' [VERI-1018]
INFO     : /home/olle/efinix/efinity/2025.1/sim_models/maplib/efinix_peri_lib.v(41): compiling module 'EFX_IREG' [VERI-1018]
INFO     : /home/olle/efinix/efinity/2025.1/sim_models/maplib/efinix_peri_lib.v(51): compiling module 'EFX_OREG' [VERI-1018]
INFO     : /home/olle/efinix/efinity/2025.1/sim_models/maplib/efinix_peri_lib.v(60): compiling module 'EFX_IOREG' [VERI-1018]
INFO     : /home/olle/efinix/efinity/2025.1/sim_models/maplib/efinix_peri_lib.v(75): compiling module 'EFX_IDDIO' [VERI-1018]
INFO     : /home/olle/efinix/efinity/2025.1/sim_models/maplib/efinix_peri_lib.v(87): compiling module 'EFX_ODDIO' [VERI-1018]
INFO     : /home/olle/efinix/efinity/2025.1/sim_models/maplib/efinix_peri_lib.v(99): compiling module 'EFX_GPIO_V1' [VERI-1018]
INFO     : /home/olle/efinix/efinity/2025.1/sim_models/maplib/efinix_peri_lib.v(124): compiling module 'EFX_GPIO_V2' [VERI-1018]
INFO     : /home/olle/efinix/efinity/2025.1/sim_models/maplib/efinix_peri_lib.v(149): compiling module 'EFX_GPIO_V3' [VERI-1018]
INFO     : /home/olle/efinix/efinity/2025.1/sim_models/maplib/efinix_peri_lib.v(186): compiling module 'EFX_PLL_V1' [VERI-1018]
INFO     : /home/olle/efinix/efinity/2025.1/sim_models/maplib/efinix_peri_lib.v(205): compiling module 'EFX_PLL_V2' [VERI-1018]
INFO     : /home/olle/efinix/efinity/2025.1/sim_models/maplib/efinix_peri_lib.v(231): compiling module 'EFX_PLL_V3' [VERI-1018]

INFO     : /home/olle/efinix/efinity/2025.1/sim_models/maplib/efinix_peri_lib.v(279): compiling module 'EFX_OSC_V1' [VERI-1018]
INFO     : /home/olle/efinix/efinity/2025.1/sim_models/maplib/efinix_peri_lib.v(285): compiling module 'EFX_OSC_V3' [VERI-1018]
INFO     : /home/olle/efinix/efinity/2025.1/sim_models/maplib/efinix_peri_lib.v(294): compiling module 'EFX_FPLL_V1' [VERI-1018]
INFO     : /home/olle/efinix/efinity/2025.1/sim_models/maplib/efinix_peri_lib.v(348): compiling module 'EFX_JTAG_V1' [VERI-1018]
INFO     : /home/olle/efinix/efinity/2025.1/sim_models/maplib/efinix_peri_lib.v(357): compiling module 'EFX_JTAG_CTRL' [VERI-1018]
INFO     : /home/olle/efinix/efinity/2025.1/sim_models/maplib/efinix_peri_lib.v(364): compiling module 'EFX_LVDS_RX_V1' [VERI-1018]
INFO     : /home/olle/efinix/efinity/2025.1/sim_models/maplib/efinix_peri_lib.v(381): compiling module 'EFX_LVDS_TX_V1' [VERI-1018]
INFO     : /home/olle/efinix/efinity/2025.1/sim_models/maplib/efinix_peri_lib.v(399): compiling module 'EFX_LVDS_RX_V2' [VERI-1018]
INFO     : /home/olle/efinix/efinity/2025.1/sim_models/maplib/efinix_peri_lib.v(426): compiling module 'EFX_LVDS_TX_V2' [VERI-1018]
INFO     : /home/olle/efinix/efinity/2025.1/sim_models/maplib/efinix_peri_lib.v(446): compiling module 'EFX_LVDS_BIDIR_V2' [VERI-1018]

INFO     : ... Setting Synthesis Option: mode=speed
INFO     : ***** Beginning Reading Mapping Library ... *****
INFO     : Analyzing Verilog file '/home/olle/efinix/efinity/2025.1/sim_models/maplib/efinix_maplib.v' [VERI-1482]

INFO     : /home/olle/efinix/efinity/2025.1/sim_models/maplib/efinix_maplib.v(8): compiling module 'EFX_ADD' [VERI-1018]
INFO     : /home/olle/efinix/efinity/2025.1/sim_models/maplib/efinix_maplib.v(21): compiling module 'EFX_FF' [VERI-1018]
INFO     : /home/olle/efinix/efinity/2025.1/sim_models/maplib/efinix_maplib.v(38): compiling module 'EFX_COMB4' [VERI-1018]
INFO     : /home/olle/efinix/efinity/2025.1/sim_models/maplib/efinix_maplib.v(48): compiling module 'EFX_GBUFCE' [VERI-1018]
INFO     : /home/olle/efinix/efinity/2025.1/sim_models/maplib/efinix_maplib.v(57): compiling module 'EFX_LUT4' [VERI-1018]
INFO     : /home/olle/efinix/efinity/2025.1/sim_models/maplib/efinix_maplib.v(65): compiling module 'EFX_MULT' [VERI-1018]
INFO     : /home/olle/efinix/efinity/2025.1/sim_models/maplib/efinix_maplib.v(100): compiling module 'EFX_DSP48' [VERI-1018]
INFO     : /home/olle/efinix/efinity/2025.1/sim_models/maplib/efinix_maplib.v(156): compiling module 'EFX_DSP24' [VERI-1018]
INFO     : /home/olle/efinix/efinity/2025.1/sim_models/maplib/efinix_maplib.v(209): compiling module 'EFX_DSP12' [VERI-1018]
INFO     : /home/olle/efinix/efinity/2025.1/sim_models/maplib/efinix_maplib.v(262): compiling module 'EFX_RAM_4K' [VERI-1018]
INFO     : /home/olle/efinix/efinity/2025.1/sim_models/maplib/efinix_maplib.v(322): compiling module 'EFX_RAM_5K' [VERI-1018]
INFO     : /home/olle/efinix/efinity/2025.1/sim_models/maplib/efinix_maplib.v(394): compiling module 'EFX_DPRAM_5K' [VERI-1018]
INFO     : /home/olle/efinix/efinity/2025.1/sim_models/maplib/efinix_maplib.v(499): compiling module 'RAMB5' [VERI-1018]
INFO     : /home/olle/efinix/efinity/2025.1/sim_models/maplib/efinix_maplib.v(561): compiling module 'EFX_RAM_10K' [VERI-1018]
INFO     : /home/olle/efinix/efinity/2025.1/sim_models/maplib/efinix_maplib.v(653): compiling module 'EFX_RAM10' [VERI-1018]
INFO     : /home/olle/efinix/efinity/2025.1/sim_models/maplib/efinix_maplib.v(754): compiling module 'EFX_DPRAM10' [VERI-1018]
INFO     : /home/olle/efinix/efinity/2025.1/sim_models/maplib/efinix_maplib.v(884): compiling module 'EFX_SRL8' [VERI-1018]
INFO     : Reading Mapping Library took 0.0196628 seconds.
INFO     : 	Reading Mapping Library took 0.02 seconds (approximately) in total CPU time.
INFO     : Reading Mapping Library virtual memory usage: begin = 168.084 MB, end = 169.108 MB, delta = 1.024 MB
INFO     : Reading Mapping Library resident set memory usage: begin = 116.608 MB, end = 117.12 MB, delta = 0.512 MB
INFO     : 	Reading Mapping Library peak resident set memory usage = 294.892 MB
INFO     : ***** Ending Reading Mapping Library ... *****

INFO     : ... Pre-synthesis checks begin
WARNING  : The primary output port 'led2' wire 'led2' is not driven. [EFX-0256]
WARNING  : The primary output port 'CAM0_EN' wire 'CAM0_EN' is not driven. [EFX-0256]
WARNING  : The primary output port 'CAM1_EN' wire 'CAM1_EN' is not driven. [EFX-0256]
WARNING  : Removing redundant signal : io_cpu_prefetch_isValid. (/home/olle/efinity_p2/BRAM/ip/micro_risc_v1/micro_risc_v1.v:12221) [EFX-0200]
WARNING  : Removing redundant signal : io_cpu_prefetch_pc[31]. (/home/olle/efinity_p2/BRAM/ip/micro_risc_v1/micro_risc_v1.v:12223) [EFX-0200]
WARNING  : Removing redundant signal : io_cpu_prefetch_pc[30]. (/home/olle/efinity_p2/BRAM/ip/micro_risc_v1/micro_risc_v1.v:12223) [EFX-0200]
WARNING  : Removing redundant signal : io_cpu_prefetch_pc[29]. (/home/olle/efinity_p2/BRAM/ip/micro_risc_v1/micro_risc_v1.v:12223) [EFX-0200]
WARNING  : Removing redundant signal : io_cpu_prefetch_pc[28]. (/home/olle/efinity_p2/BRAM/ip/micro_risc_v1/micro_risc_v1.v:12223) [EFX-0200]
WARNING  : Removing redundant signal : io_cpu_prefetch_pc[27]. (/home/olle/efinity_p2/BRAM/ip/micro_risc_v1/micro_risc_v1.v:12223) [EFX-0200]
WARNING  : Removing redundant signal : io_cpu_prefetch_pc[26]. (/home/olle/efinity_p2/BRAM/ip/micro_risc_v1/micro_risc_v1.v:12223) [EFX-0200]
WARNING  : Removing redundant signal : io_cpu_prefetch_pc[25]. (/home/olle/efinity_p2/BRAM/ip/micro_risc_v1/micro_risc_v1.v:12223) [EFX-0200]
WARNING  : Removing redundant signal : io_cpu_prefetch_pc[24]. (/home/olle/efinity_p2/BRAM/ip/micro_risc_v1/micro_risc_v1.v:12223) [EFX-0200]
WARNING  : Removing redundant signal : io_cpu_prefetch_pc[23]. (/home/olle/efinity_p2/BRAM/ip/micro_risc_v1/micro_risc_v1.v:12223) [EFX-0200]
WARNING  : Removing redundant signal : io_cpu_prefetch_pc[22]. (/home/olle/efinity_p2/BRAM/ip/micro_risc_v1/micro_risc_v1.v:12223) [EFX-0200]
WARNING  : Removing redundant signal : io_cpu_prefetch_pc[21]. (/home/olle/efinity_p2/BRAM/ip/micro_risc_v1/micro_risc_v1.v:12223) [EFX-0200]
WARNING  : Removing redundant signal : io_cpu_prefetch_pc[20]. (/home/olle/efinity_p2/BRAM/ip/micro_risc_v1/micro_risc_v1.v:12223) [EFX-0200]
WARNING  : Removing redundant signal : io_cpu_prefetch_pc[19]. (/home/olle/efinity_p2/BRAM/ip/micro_risc_v1/micro_risc_v1.v:12223) [EFX-0200]
WARNING  : Removing redundant signal : io_cpu_prefetch_pc[18]. (/home/olle/efinity_p2/BRAM/ip/micro_risc_v1/micro_risc_v1.v:12223) [EFX-0200]
WARNING  : Removing redundant signal : io_cpu_prefetch_pc[17]. (/home/olle/efinity_p2/BRAM/ip/micro_risc_v1/micro_risc_v1.v:12223) [EFX-0200]
WARNING  : Removing redundant signal : io_cpu_prefetch_pc[16]. (/home/olle/efinity_p2/BRAM/ip/micro_risc_v1/micro_risc_v1.v:12223) [EFX-0200]
WARNING  : Removing redundant signal : io_cpu_prefetch_pc[15]. (/home/olle/efinity_p2/BRAM/ip/micro_risc_v1/micro_risc_v1.v:12223) [EFX-0200]
WARNING  : Removing redundant signal : io_cpu_prefetch_pc[14]. (/home/olle/efinity_p2/BRAM/ip/micro_risc_v1/micro_risc_v1.v:12223) [EFX-0200]
WARNING  : Removing redundant signal : io_cpu_prefetch_pc[13]. (/home/olle/efinity_p2/BRAM/ip/micro_risc_v1/micro_risc_v1.v:12223) [EFX-0200]
WARNING  : (The above message was generated too many times, subsequent similar messages will be muted.) [EFX-0200]
INFO     : ... Memory 'banks_0' is not initialized, assuming empty initial contents. (/home/olle/efinity_p2/BRAM/ip/micro_risc_v1/micro_risc_v1.v:12325) [EFX-0677]
INFO     : ... Memory 'ways_0_tags' is not initialized, assuming empty initial contents. (/home/olle/efinity_p2/BRAM/ip/micro_risc_v1/micro_risc_v1.v:12326) [EFX-0677]
INFO     : ... Memory 'ways_0_tags' is not initialized, assuming empty initial contents. (/home/olle/efinity_p2/BRAM/ip/micro_risc_v1/micro_risc_v1.v:11579) [EFX-0677]
INFO     : ... Memory 'ways_0_data_symbol0' is not initialized, assuming empty initial contents. (/home/olle/efinity_p2/BRAM/ip/micro_risc_v1/micro_risc_v1.v:11580) [EFX-0677]
INFO     : ... Memory 'ways_0_data_symbol1' is not initialized, assuming empty initial contents. (/home/olle/efinity_p2/BRAM/ip/micro_risc_v1/micro_risc_v1.v:11581) [EFX-0677]
INFO     : ... Memory 'ways_0_data_symbol2' is not initialized, assuming empty initial contents. (/home/olle/efinity_p2/BRAM/ip/micro_risc_v1/micro_risc_v1.v:11582) [EFX-0677]
INFO     : ... Memory 'ways_0_data_symbol3' is not initialized, assuming empty initial contents. (/home/olle/efinity_p2/BRAM/ip/micro_risc_v1/micro_risc_v1.v:11583) [EFX-0677]

WARNING  : Re-wiring to GND non-driven net 'IBusCachedPlugin_cache_io_cpu_fetch_isRemoved'. (/home/olle/efinity_p2/BRAM/ip/micro_risc_v1/micro_risc_v1.v:5832) [EFX-0201]
WARNING  : Re-wiring to GND non-driven net 'dataCache_1_io_cpu_writeBack_fence_SW'. (/home/olle/efinity_p2/BRAM/ip/micro_risc_v1/micro_risc_v1.v:5845) [EFX-0201]
WARNING  : Re-wiring to GND non-driven net 'dataCache_1_io_cpu_writeBack_fence_SR'. (/home/olle/efinity_p2/BRAM/ip/micro_risc_v1/micro_risc_v1.v:5846) [EFX-0201]
WARNING  : Re-wiring to GND non-driven net 'dataCache_1_io_cpu_writeBack_fence_SO'. (/home/olle/efinity_p2/BRAM/ip/micro_risc_v1/micro_risc_v1.v:5847) [EFX-0201]
WARNING  : Re-wiring to GND non-driven net 'dataCache_1_io_cpu_writeBack_fence_SI'. (/home/olle/efinity_p2/BRAM/ip/micro_risc_v1/micro_risc_v1.v:5848) [EFX-0201]
WARNING  : Re-wiring to GND non-driven net 'dataCache_1_io_cpu_writeBack_fence_PW'. (/home/olle/efinity_p2/BRAM/ip/micro_risc_v1/micro_risc_v1.v:5849) [EFX-0201]
WARNING  : Re-wiring to GND non-driven net 'dataCache_1_io_cpu_writeBack_fence_PR'. (/home/olle/efinity_p2/BRAM/ip/micro_risc_v1/micro_risc_v1.v:5850) [EFX-0201]
WARNING  : Re-wiring to GND non-driven net 'dataCache_1_io_cpu_writeBack_fence_PO'. (/home/olle/efinity_p2/BRAM/ip/micro_risc_v1/micro_risc_v1.v:5851) [EFX-0201]
WARNING  : Re-wiring to GND non-driven net 'dataCache_1_io_cpu_writeBack_fence_PI'. (/home/olle/efinity_p2/BRAM/ip/micro_risc_v1/micro_risc_v1.v:5852) [EFX-0201]
WARNING  : Re-wiring to GND non-driven net 'dataCache_1_io_cpu_writeBack_fence_FM[3]'. (/home/olle/efinity_p2/BRAM/ip/micro_risc_v1/micro_risc_v1.v:5853) [EFX-0201]
WARNING  : (The above message was generated too many times, subsequent similar messages will be muted.) [EFX-0201]
INFO     : ... Memory 'RegFilePlugin_regFile' is not initialized, assuming empty initial contents. (/home/olle/efinity_p2/BRAM/ip/micro_risc_v1/micro_risc_v1.v:6995) [EFX-0677]
INFO     : ... Memory 'logic_progbufX_mem' is not initialized, assuming empty initial contents. (/home/olle/efinity_p2/BRAM/ip/micro_risc_v1/micro_risc_v1.v:4949) [EFX-0677]
INFO     : Module Instance 'memory_arbiter' input pin 'io_inputs_0_payload_fragment_source[0]' is tied to constant (=0). [EFX-0266]
INFO     : Module Instance 'memory_arbiter' input pin 'io_inputs_1_payload_fragment_source[0]' is tied to constant (=0). [EFX-0266]
INFO     : Module Instance 'memory_arbiter' input pin 'io_inputs_1_payload_fragment_context[0]' is tied to constant (=0). [EFX-0266]
INFO     : Module Instance 'tx' input pin 'io_cts' is tied to constant (=0). [EFX-0266]
INFO     : ... Memory 'logic_ram' is not initialized, assuming empty initial contents. (/home/olle/efinity_p2/BRAM/ip/micro_risc_v1/micro_risc_v1.v:10857) [EFX-0677]
INFO     : Module Instance 'bridge_write_streamUnbuffered_queueWithOccupancy' input pin 'io_flush' is tied to constant (=0). [EFX-0266]
INFO     : Module Instance 'uartCtrl_1_io_read_queueWithOccupancy' input pin 'io_flush' is tied to constant (=0). [EFX-0266]
INFO     : Module Instance 'system_bridge_bmb_arbiter' input pin 'io_inputs_1_cmd_payload_fragment_data[0]' is tied to constant (=0). [EFX-0266]
INFO     : Module Instance 'system_bridge_bmb_arbiter' input pin 'io_inputs_1_cmd_payload_fragment_data[1]' is tied to constant (=0). [EFX-0266]
INFO     : Module Instance 'system_bridge_bmb_arbiter' input pin 'io_inputs_1_cmd_payload_fragment_data[2]' is tied to constant (=0). [EFX-0266]
INFO     : Module Instance 'system_bridge_bmb_arbiter' input pin 'io_inputs_1_cmd_payload_fragment_data[3]' is tied to constant (=0). [EFX-0266]
INFO     : Module Instance 'system_bridge_bmb_arbiter' input pin 'io_inputs_1_cmd_payload_fragment_data[4]' is tied to constant (=0). [EFX-0266]
INFO     : Module Instance 'system_bridge_bmb_arbiter' input pin 'io_inputs_1_cmd_payload_fragment_data[5]' is tied to constant (=0). [EFX-0266]
INFO     : Module Instance 'system_bridge_bmb_arbiter' input pin 'io_inputs_1_cmd_payload_fragment_data[6]' is tied to constant (=0). [EFX-0266]
INFO     : Module Instance 'system_bridge_bmb_arbiter' input pin 'io_inputs_1_cmd_payload_fragment_data[7]' is tied to constant (=0). [EFX-0266]
INFO     : Module Instance 'system_bridge_bmb_arbiter' input pin 'io_inputs_1_cmd_payload_fragment_data[8]' is tied to constant (=0). [EFX-0266]
INFO     : Module Instance 'system_bridge_bmb_arbiter' input pin 'io_inputs_1_cmd_payload_fragment_data[9]' is tied to constant (=0). [EFX-0266]
INFO     : Module Instance 'system_bridge_bmb_arbiter' input pin 'io_inputs_1_cmd_payload_fragment_data[10]' is tied to constant (=0). [EFX-0266]
INFO     : Module Instance 'system_bridge_bmb_arbiter' input pin 'io_inputs_1_cmd_payload_fragment_data[11]' is tied to constant (=0). [EFX-0266]
INFO     : Module Instance 'system_bridge_bmb_arbiter' input pin 'io_inputs_1_cmd_payload_fragment_data[12]' is tied to constant (=0). [EFX-0266]
INFO     : Module Instance 'system_bridge_bmb_arbiter' input pin 'io_inputs_1_cmd_payload_fragment_data[13]' is tied to constant (=0). [EFX-0266]
INFO     : Module Instance 'system_bridge_bmb_arbiter' input pin 'io_inputs_1_cmd_payload_fragment_data[14]' is tied to constant (=0). [EFX-0266]
INFO     : Module Instance 'system_bridge_bmb_arbiter' input pin 'io_inputs_1_cmd_payload_fragment_data[15]' is tied to constant (=0). [EFX-0266]
INFO     : Module Instance 'system_bridge_bmb_arbiter' input pin 'io_inputs_1_cmd_payload_fragment_data[16]' is tied to constant (=0). [EFX-0266]
INFO     : Module Instance 'system_bridge_bmb_arbiter' input pin 'io_inputs_1_cmd_payload_fragment_data[17]' is tied to constant (=0). [EFX-0266]
INFO     : Module Instance 'system_bridge_bmb_arbiter' input pin 'io_inputs_1_cmd_payload_fragment_data[18]' is tied to constant (=0). [EFX-0266]
INFO     : Module Instance 'system_bridge_bmb_arbiter' input pin 'io_inputs_1_cmd_payload_fragment_data[19]' is tied to constant (=0). [EFX-0266]
INFO     : Module Instance 'system_bridge_bmb_arbiter' input pin 'io_inputs_1_cmd_payload_fragment_data[20]' is tied to constant (=0). [EFX-0266]
INFO     : Module Instance 'system_bridge_bmb_arbiter' input pin 'io_inputs_1_cmd_payload_fragment_data[21]' is tied to constant (=0). [EFX-0266]
INFO     : Module Instance 'system_bridge_bmb_arbiter' input pin 'io_inputs_1_cmd_payload_fragment_data[22]' is tied to constant (=0). [EFX-0266]
INFO     : Module Instance 'system_bridge_bmb_arbiter' input pin 'io_inputs_1_cmd_payload_fragment_data[23]' is tied to constant (=0). [EFX-0266]
INFO     : Module Instance 'system_bridge_bmb_arbiter' input pin 'io_inputs_1_cmd_payload_fragment_data[24]' is tied to constant (=0). [EFX-0266]
INFO     : Module Instance 'system_bridge_bmb_arbiter' input pin 'io_inputs_1_cmd_payload_fragment_data[25]' is tied to constant (=0). [EFX-0266]
INFO     : Module Instance 'system_bridge_bmb_arbiter' input pin 'io_inputs_1_cmd_payload_fragment_data[26]' is tied to constant (=0). [EFX-0266]
INFO     : Module Instance 'system_bridge_bmb_arbiter' input pin 'io_inputs_1_cmd_payload_fragment_data[27]' is tied to constant (=0). [EFX-0266]
INFO     : Module Instance 'system_bridge_bmb_arbiter' input pin 'io_inputs_1_cmd_payload_fragment_data[28]' is tied to constant (=0). [EFX-0266]
INFO     : Module Instance 'system_bridge_bmb_arbiter' input pin 'io_inputs_1_cmd_payload_fragment_data[29]' is tied to constant (=0). [EFX-0266]
INFO     : Module Instance 'system_bridge_bmb_arbiter' input pin 'io_inputs_1_cmd_payload_fragment_data[30]' is tied to constant (=0). [EFX-0266]
INFO     : Module Instance 'system_bridge_bmb_arbiter' input pin 'io_inputs_1_cmd_payload_fragment_data[31]' is tied to constant (=0). [EFX-0266]
INFO     : Module Instance 'system_bridge_bmb_arbiter' input pin 'io_inputs_1_cmd_payload_fragment_mask[0]' is tied to constant (=0). [EFX-0266]
INFO     : Module Instance 'system_bridge_bmb_arbiter' input pin 'io_inputs_1_cmd_payload_fragment_mask[1]' is tied to constant (=0). [EFX-0266]
INFO     : Module Instance 'system_bridge_bmb_arbiter' input pin 'io_inputs_1_cmd_payload_fragment_mask[2]' is tied to constant (=0). [EFX-0266]
INFO     : Module Instance 'system_bridge_bmb_arbiter' input pin 'io_inputs_1_cmd_payload_fragment_mask[3]' is tied to constant (=0). [EFX-0266]

INFO     : Module Instance 'u_micro_risc_v1' input pin 'jtagCtrl_enable' is tied to constant (=1). [EFX-0266]
INFO     : ... Pre-synthesis checks end (Real time : 0s CPU user time : 1s CPU sys time : 0s MEM : 294892KB)
INFO     : ... NameSpace init begin
INFO     : ... NameSpace init end (Real time : 0s CPU user time : 1s CPU sys time : 0s MEM : 294892KB)
INFO     : ... Mapping design "top_level"
INFO     : ... Hierarchical pre-synthesis "InstructionCache_2fa2c88f3c1f4868ba7cd09620d007ba" begin

INFO     : ... Hierarchical pre-synthesis "InstructionCache_2fa2c88f3c1f4868ba7cd09620d007ba" end (Real time : 0s CPU user time : 1s CPU sys time : 0s MEM : 294892KB)
INFO     : ... Hierarchical pre-synthesis "DataCache_2fa2c88f3c1f4868ba7cd09620d007ba" begin

INFO     : ... Hierarchical pre-synthesis "DataCache_2fa2c88f3c1f4868ba7cd09620d007ba" end (Real time : 0s CPU user time : 1s CPU sys time : 0s MEM : 294892KB)
INFO     : ... Hierarchical pre-synthesis "BufferCC_2fa2c88f3c1f4868ba7cd09620d007ba" begin
INFO     : ... Hierarchical pre-synthesis "BufferCC_2fa2c88f3c1f4868ba7cd09620d007ba" end (Real time : 0s CPU user time : 1s CPU sys time : 0s MEM : 294892KB)
INFO     : ... Hierarchical pre-synthesis "EfxCPUSp1_2fa2c88f3c1f4868ba7cd09620d007ba" begin

INFO     : ... Hierarchical pre-synthesis "EfxCPUSp1_2fa2c88f3c1f4868ba7cd09620d007ba" end (Real time : 0s CPU user time : 1s CPU sys time : 0s MEM : 294892KB)
INFO     : ... Hierarchical pre-synthesis "VexRiscv_2fa2c88f3c1f4868ba7cd09620d007ba" begin

INFO     : ... Hierarchical pre-synthesis "VexRiscv_2fa2c88f3c1f4868ba7cd09620d007ba" end (Real time : 1s CPU user time : 1s CPU sys time : 0s MEM : 294892KB)
INFO     : ... Hierarchical pre-synthesis "DebugModule_2fa2c88f3c1f4868ba7cd09620d007ba" begin

INFO     : ... Hierarchical pre-synthesis "DebugModule_2fa2c88f3c1f4868ba7cd09620d007ba" end (Real time : 0s CPU user time : 1s CPU sys time : 0s MEM : 294892KB)
INFO     : ... Hierarchical pre-synthesis "BufferCC_5_2fa2c88f3c1f4868ba7cd09620d007ba" begin
INFO     : ... Hierarchical pre-synthesis "BufferCC_5_2fa2c88f3c1f4868ba7cd09620d007ba" end (Real time : 0s CPU user time : 1s CPU sys time : 0s MEM : 294892KB)
INFO     : ... Hierarchical pre-synthesis "BufferCC_6_2fa2c88f3c1f4868ba7cd09620d007ba" begin
INFO     : ... Hierarchical pre-synthesis "BufferCC_6_2fa2c88f3c1f4868ba7cd09620d007ba" end (Real time : 0s CPU user time : 1s CPU sys time : 0s MEM : 294892KB)
INFO     : ... Hierarchical pre-synthesis "BufferCC_8_2fa2c88f3c1f4868ba7cd09620d007ba" begin
INFO     : ... Hierarchical pre-synthesis "BufferCC_8_2fa2c88f3c1f4868ba7cd09620d007ba" end (Real time : 0s CPU user time : 1s CPU sys time : 0s MEM : 294892KB)
INFO     : ... Hierarchical pre-synthesis "BufferCC_1_2fa2c88f3c1f4868ba7cd09620d007ba" begin
INFO     : ... Hierarchical pre-synthesis "BufferCC_1_2fa2c88f3c1f4868ba7cd09620d007ba" end (Real time : 0s CPU user time : 1s CPU sys time : 0s MEM : 294892KB)
INFO     : ... Hierarchical pre-synthesis "FlowCCByToggle_2fa2c88f3c1f4868ba7cd09620d007ba" begin

INFO     : ... Hierarchical pre-synthesis "FlowCCByToggle_2fa2c88f3c1f4868ba7cd09620d007ba" end (Real time : 0s CPU user time : 1s CPU sys time : 0s MEM : 294892KB)
INFO     : ... Hierarchical pre-synthesis "BufferCC_2_2fa2c88f3c1f4868ba7cd09620d007ba" begin
INFO     : ... Hierarchical pre-synthesis "BufferCC_2_2fa2c88f3c1f4868ba7cd09620d007ba" end (Real time : 0s CPU user time : 1s CPU sys time : 0s MEM : 294892KB)
INFO     : ... Hierarchical pre-synthesis "BufferCC_3_2fa2c88f3c1f4868ba7cd09620d007ba" begin
INFO     : ... Hierarchical pre-synthesis "BufferCC_3_2fa2c88f3c1f4868ba7cd09620d007ba" end (Real time : 0s CPU user time : 1s CPU sys time : 0s MEM : 294892KB)
INFO     : ... Hierarchical pre-synthesis "FlowCCByToggle_1_2fa2c88f3c1f4868ba7cd09620d007ba" begin
INFO     : ... Hierarchical pre-synthesis "FlowCCByToggle_1_2fa2c88f3c1f4868ba7cd09620d007ba" end (Real time : 0s CPU user time : 1s CPU sys time : 0s MEM : 294892KB)
INFO     : ... Hierarchical pre-synthesis "DebugTransportModuleTunneled_2fa2c88f3c1f4868ba7cd09620d007ba" begin

INFO     : ... Hierarchical pre-synthesis "DebugTransportModuleTunneled_2fa2c88f3c1f4868ba7cd09620d007ba" end (Real time : 0s CPU user time : 2s CPU sys time : 0s MEM : 294892KB)
INFO     : ... Hierarchical pre-synthesis "BmbDecoder_2fa2c88f3c1f4868ba7cd09620d007ba" begin
INFO     : ... Hierarchical pre-synthesis "BmbDecoder_2fa2c88f3c1f4868ba7cd09620d007ba" end (Real time : 0s CPU user time : 2s CPU sys time : 0s MEM : 294892KB)
INFO     : ... Hierarchical pre-synthesis "StreamArbiter_2fa2c88f3c1f4868ba7cd09620d007ba" begin
INFO     : ... Hierarchical pre-synthesis "StreamArbiter_2fa2c88f3c1f4868ba7cd09620d007ba" end (Real time : 0s CPU user time : 2s CPU sys time : 0s MEM : 294892KB)
INFO     : ... Hierarchical pre-synthesis "BmbArbiter_2fa2c88f3c1f4868ba7cd09620d007ba" begin
INFO     : ... Hierarchical pre-synthesis "BmbArbiter_2fa2c88f3c1f4868ba7cd09620d007ba" end (Real time : 0s CPU user time : 2s CPU sys time : 0s MEM : 294892KB)
INFO     : ... Hierarchical pre-synthesis "BmbDecoder_1_2fa2c88f3c1f4868ba7cd09620d007ba" begin

INFO     : ... Hierarchical pre-synthesis "BmbDecoder_1_2fa2c88f3c1f4868ba7cd09620d007ba" end (Real time : 0s CPU user time : 2s CPU sys time : 0s MEM : 294892KB)
INFO     : ... Hierarchical pre-synthesis "BmbOnChipRam_2fa2c88f3c1f4868ba7cd09620d007ba" begin
INFO     : ... Hierarchical pre-synthesis "BmbOnChipRam_2fa2c88f3c1f4868ba7cd09620d007ba" end (Real time : 0s CPU user time : 2s CPU sys time : 0s MEM : 294892KB)
INFO     : ... Hierarchical pre-synthesis "BmbUnburstify_2fa2c88f3c1f4868ba7cd09620d007ba" begin
INFO     : ... Hierarchical pre-synthesis "BmbUnburstify_2fa2c88f3c1f4868ba7cd09620d007ba" end (Real time : 0s CPU user time : 2s CPU sys time : 0s MEM : 294892KB)
INFO     : ... Hierarchical pre-synthesis "BmbDecoder_2_2fa2c88f3c1f4868ba7cd09620d007ba" begin

INFO     : ... Hierarchical pre-synthesis "BmbDecoder_2_2fa2c88f3c1f4868ba7cd09620d007ba" end (Real time : 0s CPU user time : 2s CPU sys time : 0s MEM : 294892KB)
INFO     : ... Hierarchical pre-synthesis "BmbClint_2fa2c88f3c1f4868ba7cd09620d007ba" begin

INFO     : ... Hierarchical pre-synthesis "BmbClint_2fa2c88f3c1f4868ba7cd09620d007ba" end (Real time : 0s CPU user time : 2s CPU sys time : 0s MEM : 294892KB)
INFO     : ... Hierarchical pre-synthesis "UartCtrlTx_2fa2c88f3c1f4868ba7cd09620d007ba" begin

INFO     : ... Hierarchical pre-synthesis "UartCtrlTx_2fa2c88f3c1f4868ba7cd09620d007ba" end (Real time : 0s CPU user time : 2s CPU sys time : 0s MEM : 294892KB)
INFO     : ... Hierarchical pre-synthesis "BufferCC_4_2fa2c88f3c1f4868ba7cd09620d007ba" begin
INFO     : ... Hierarchical pre-synthesis "BufferCC_4_2fa2c88f3c1f4868ba7cd09620d007ba" end (Real time : 0s CPU user time : 2s CPU sys time : 0s MEM : 294892KB)
INFO     : ... Hierarchical pre-synthesis "UartCtrlRx_2fa2c88f3c1f4868ba7cd09620d007ba" begin

INFO     : ... Hierarchical pre-synthesis "UartCtrlRx_2fa2c88f3c1f4868ba7cd09620d007ba" end (Real time : 0s CPU user time : 2s CPU sys time : 0s MEM : 294892KB)
INFO     : ... Hierarchical pre-synthesis "UartCtrl_2fa2c88f3c1f4868ba7cd09620d007ba" begin

INFO     : ... Hierarchical pre-synthesis "UartCtrl_2fa2c88f3c1f4868ba7cd09620d007ba" end (Real time : 0s CPU user time : 2s CPU sys time : 0s MEM : 294892KB)
INFO     : ... Hierarchical pre-synthesis "StreamFifo_2fa2c88f3c1f4868ba7cd09620d007ba" begin
INFO     : ... Hierarchical pre-synthesis "StreamFifo_2fa2c88f3c1f4868ba7cd09620d007ba" end (Real time : 0s CPU user time : 2s CPU sys time : 0s MEM : 294892KB)
INFO     : ... Hierarchical pre-synthesis "BmbUartCtrl_2fa2c88f3c1f4868ba7cd09620d007ba" begin

INFO     : ... Hierarchical pre-synthesis "BmbUartCtrl_2fa2c88f3c1f4868ba7cd09620d007ba" end (Real time : 0s CPU user time : 2s CPU sys time : 0s MEM : 294892KB)
INFO     : ... Hierarchical pre-synthesis "BmbGpio2_2fa2c88f3c1f4868ba7cd09620d007ba" begin

INFO     : ... Hierarchical pre-synthesis "BmbGpio2_2fa2c88f3c1f4868ba7cd09620d007ba" end (Real time : 0s CPU user time : 2s CPU sys time : 0s MEM : 294892KB)
INFO     : ... Hierarchical pre-synthesis "EfxSapphireSoc_2fa2c88f3c1f4868ba7cd09620d007ba" begin

INFO     : ... Hierarchical pre-synthesis "EfxSapphireSoc_2fa2c88f3c1f4868ba7cd09620d007ba" end (Real time : 1s CPU user time : 3s CPU sys time : 0s MEM : 294892KB)
INFO     : ... Hierarchical pre-synthesis "micro_risc_v1" begin

INFO     : ... Hierarchical pre-synthesis "micro_risc_v1" end (Real time : 1s CPU user time : 3s CPU sys time : 0s MEM : 294892KB)
INFO     : ... Hierarchical pre-synthesis "mdio_clause22" begin

INFO     : ... Hierarchical pre-synthesis "mdio_clause22" end (Real time : 0s CPU user time : 3s CPU sys time : 0s MEM : 294892KB)
INFO     : ... Hierarchical pre-synthesis "eth_dp83825_udp" begin

INFO     : ... Hierarchical pre-synthesis "eth_dp83825_udp" end (Real time : 0s CPU user time : 3s CPU sys time : 0s MEM : 294892KB)
INFO     : ... Hierarchical pre-synthesis "edb_top" begin

INFO     : ... Hierarchical pre-synthesis "edb_top" end (Real time : 0s CPU user time : 3s CPU sys time : 0s MEM : 294892KB)
INFO     : ... Hierarchical pre-synthesis "top_level" begin

WARNING  : Mapping into logic memory block 'u_micro_risc_v1/u_EfxSapphireSoc/system_riscvJtag_debug_logic_dm/logic_progbufX_mem' (64 bits) (/home/olle/efinity_p2/BRAM/ip/micro_risc_v1/micro_risc_v1.v:4949) because size is too small (<=64) [EFX-0657]

INFO     : ... Clock Enable Synthesis Performed on 450 flops.

INFO     : ... Hierarchical pre-synthesis "top_level" end (Real time : 1s CPU user time : 5s CPU sys time : 0s MEM : 294892KB)

INFO     : ... Flat optimizations begin

INFO     : ... Flat optimizations end (Real time : 0s CPU user time : 6s CPU sys time : 0s MEM : 294892KB)

INFO     : ... Flat synthesis begin

INFO     : ... Flat synthesis end (Real time : 0s CPU user time : 6s CPU sys time : 0s MEM : 294892KB)

INFO     : ... Flat optimizations begin

INFO     : ... Flat optimizations end (Real time : 0s CPU user time : 6s CPU sys time : 0s MEM : 294892KB)

INFO     : ... Check and break combinational loops begin

INFO     : ... Check and break combinational loops end (Real time : 0s CPU user time : 6s CPU sys time : 0s MEM : 294892KB)

INFO     : ... Sequential Optimization begin

INFO     : ... Clock Network 'pll_clk' with 2314 loads will be considered for sequential optimization.

INFO     : ... Clock Network 'clk' with 2064 loads will be considered for sequential optimization.

INFO     : ... Clock Network 'jtag_inst1_TCK' with 1300 loads will be considered for sequential optimization.

INFO     : ... Clock Network 'jtag_dummy_TCK' with 221 loads will be considered for sequential optimization.

INFO     : ... Sequential Optimization deduced 1012 equivalent points.

INFO     : ... Sequential Optimization end (Real time : 24s CPU user time : 31s CPU sys time : 0s MEM : 294892KB)
INFO     : ... Setup for logic synthesis begin

INFO     : ... Setup for logic synthesis end (Real time : 0s CPU user time : 31s CPU sys time : 0s MEM : 294892KB)
INFO     : ... LUT mapping begin

INFO     : ... LS, strategy: 3, nd: 3254, ed: 10635, lv: 7, pw: 9138.43
INFO     : ... LUT mapping end (Real time : 14s CPU user time : 47s CPU sys time : 0s MEM : 294892KB)
INFO     : ... Post-synthesis Verific netlist creation begin

INFO     : ... Post-synthesis Verific netlist creation end (Real time : 0s CPU user time : 47s CPU sys time : 0s MEM : 294892KB)

INFO     : ... Postmap Retiming Optimization begin

INFO     : ... Clock Network 'pll_clk~pll_clk' with 2301 loads will be considered for retiming optimization.

INFO     : ... Clock Network 'clk~clk' with 1641 loads will be considered for retiming optimization.

INFO     : ... Clock Network 'jtag_inst1_TCK~jtag_inst1_TCK' with 1300 loads will be considered for retiming optimization.

INFO     : ... Clock Network 'jtag_dummy_TCK~jtag_dummy_TCK' with 220 loads will be considered for retiming optimization.

INFO     : ... Performed 0 retime moves.
INFO     : ... Postmap Retiming Optimization end (Real time : 21s CPU user time : 69s CPU sys time : 0s MEM : 294892KB)

INFO     : ***** Beginning VDB Netlist Checker ... *****
WARNING  : /home/olle/efinity_p2/BRAM/top_level.vhd(11): Input/inout port phy_intr_n is unconnected and will be removed. [VDB-8003]
WARNING  : /home/olle/efinity_p2/BRAM/top_level.vhd(16): Input/inout port rmii_crs_dv is unconnected and will be removed. [VDB-8003]
WARNING  : /home/olle/efinity_p2/BRAM/top_level.vhd(17): Input/inout port rmii_rx_er is unconnected and will be removed. [VDB-8003]
WARNING  : /home/olle/efinity_p2/BRAM/top_level.vhd(18): Input/inout port rmii_rxd[1] is unconnected and will be removed. [VDB-8003]
WARNING  : /home/olle/efinity_p2/BRAM/top_level.vhd(29): Input/inout port jtag_dummy_TMS is unconnected and will be removed. [VDB-8003]
WARNING  : /home/olle/efinity_p2/BRAM/top_level.vhd(30): Input/inout port jtag_dummy_SEL is unconnected and will be removed. [VDB-8003]
WARNING  : /home/olle/efinity_p2/BRAM/top_level.vhd(31): Input/inout port jtag_dummy_DRCK is unconnected and will be removed. [VDB-8003]
WARNING  : /home/olle/efinity_p2/BRAM/top_level.vhd(33): Input/inout port jtag_dummy_RUNTEST is unconnected and will be removed. [VDB-8003]
WARNING  : Input/inout port jtag_inst1_DRCK is unconnected and will be removed. [VDB-8003]
WARNING  : Input/inout port jtag_inst1_RUNTEST is unconnected and will be removed. [VDB-8003]
WARNING  : Input/inout port jtag_inst1_TMS is unconnected and will be removed. [VDB-8003]
WARNING  : Net u_micro_risc_v1/u_EfxSapphireSoc/system_cores_0_logic_cpu/IBusCachedPlugin_cache/lineLoader_address[0] is dangling. [VDB-8009]
WARNING  : Net u_micro_risc_v1/u_EfxSapphireSoc/system_cores_0_logic_cpu/IBusCachedPlugin_cache/lineLoader_address[1] is dangling. [VDB-8009]
WARNING  : Net u_micro_risc_v1/u_EfxSapphireSoc/system_cores_0_logic_cpu/IBusCachedPlugin_cache/lineLoader_address[2] is dangling. [VDB-8009]
WARNING  : Net u_micro_risc_v1/u_EfxSapphireSoc/system_cores_0_logic_cpu/IBusCachedPlugin_cache/lineLoader_address[3] is dangling. [VDB-8009]
WARNING  : Net u_micro_risc_v1/u_EfxSapphireSoc/system_cores_0_logic_cpu/IBusCachedPlugin_cache/lineLoader_address[4] is dangling. [VDB-8009]
WARNING  : Net u_micro_risc_v1/u_EfxSapphireSoc/system_cores_0_logic_cpu/IBusCachedPlugin_cache/lineLoader_address[5] is dangling. [VDB-8009]

WARNING  : Found 18 warnings in the post-synthesis netlist.
INFO     : VDB Netlist Checker took 0.0293532 seconds.
INFO     : 	VDB Netlist Checker took 0.06 seconds (approximately) in total CPU time.
INFO     : VDB Netlist Checker virtual memory usage: begin = 335.18 MB, end = 335.18 MB, delta = 0 MB
INFO     : VDB Netlist Checker resident set memory usage: begin = 243.78 MB, end = 243.908 MB, delta = 0.128 MB
INFO     : 	VDB Netlist Checker peak resident set memory usage = 294.892 MB
INFO     : ***** Ending VDB Netlist Checker ... *****

INFO     : Resource Summary 
INFO     : =============================== 
INFO     : EFX_ADD         : 	498
INFO     : EFX_LUT4        : 	6152
INFO     : EFX_FF          : 	5462
INFO     : EFX_RAM_5K      : 	75
INFO     : EFX_GBUFCE      : 	4
INFO     : =============================== 
INFO     : ... Post-Map Verilog Writer begin
INFO     : Writing netlist 'top_level' to Verilog file '/home/olle/efinity_p2/BRAM/work_dbg/BRAM.dbg.map.v' [VDB-1030]

INFO     : ... Post-Map Verilog Writer end (Real time : 0s CPU user time : 70s CPU sys time : 0s MEM : 294892KB)

INFO     : The entire flow of EFX_MAP took 65.9713 seconds.
INFO     : 	The entire flow of EFX_MAP took 70.46 seconds (approximately) in total CPU time.
INFO     : The entire flow of EFX_MAP virtual memory usage: begin = 88.404 MB, end = 335.18 MB, delta = 246.776 MB
INFO     : The entire flow of EFX_MAP resident set memory usage: begin = 27.392 MB, end = 243.908 MB, delta = 216.516 MB
INFO     : 	The entire flow of EFX_MAP peak resident set memory usage = 294.892 MB

Fri August 15 25 20:11:40 - /home/olle/efinix/efinity/2025.1/bin/efx_map finished. Exit code = 0 Exit status : Normal

Debugger Step Merge User design with Debugger Cores. Done

--------------------------------------------------------------

--------------------------------------------------------------

Start Debugger Step Instantiate Jtag.

Fri August 15 25 20:11:40 - /home/olle/efinix/efinity/2025.1/bin/python3  "/home/olle/efinix/efinity/2025.1/scripts/efx_pt_jtag_util.py" --device "T20F169" --project "BRAM" --design_file "/home/olle/efinity_p2/BRAM/BRAM.peri.xml" --action "add" --jtag_user "JTAG_USER1" --output "/home/olle/efinity_p2/BRAM/BRAM.dbg.peri.xml"

Fri August 15 25 20:11:40 - Running /home/olle/efinix/efinity/2025.1/bin/python3...


== Load a design from file /home/olle/efinity_p2/BRAM/BRAM.peri.xml
INFO: Load design...
INFO: Periphery design is in sync with Efinity project
INFO: Load design...done.

== Create JTAG with default setting and pin name

== Assign JTAG_USER1 resource to new jtag
INFO: Check design...
INFO: Check design...done.

== Save Design to file: /home/olle/efinity_p2/BRAM/BRAM.dbg.peri.xml
INFO: Save as design...
INFO: Save as design...done.

Save db version: 20251999

Fri August 15 25 20:11:43 - /home/olle/efinix/efinity/2025.1/bin/python3 finished. Exit code = 0 Exit status : Normal

Debugger Step Instantiate Jtag. Done

--------------------------------------------------------------

Debugger Step Instantiate Jtag. Done

Fri August 15 25 20:11:43 - End Debugger Flow



-------------------------------------------------------------------------

Placement and Routing

-------------------------------------------------------------------------

Fri August 15 25 20:11:43 - Placement and routing flow working directory is /home/olle/efinity_p2/BRAM/work_pnr


INFO     : --max_threads set to 4 

Fri August 15 25 20:11:44 - /home/olle/efinix/efinity/2025.1/bin/python3  "/home/olle/efinix/efinity/2025.1/scripts/efx_run_pt_unified.py"  "BRAM.dbg"  "Trion"  "T20F169"

Fri August 15 25 20:11:44 - Running /home/olle/efinix/efinity/2025.1/bin/python3...

Load design file BRAM.dbg.peri.xml
Writing out summary report file
Writing out pinout file
Writing out interface config file
Writing out timing related file
Writing out verilog template file
Writing out option register file
Writing out boundary scan description file
Writing out LPF

Fri August 15 25 20:11:47 - /home/olle/efinix/efinity/2025.1/bin/python3 finished. Exit code = 0 Exit status : Normal

Fri August 15 25 20:11:47 - /home/olle/efinix/efinity/2025.1/bin/efx_pnr --circuit "BRAM" --family "Trion" --device "T20F169" --operating_conditions "C3" --pack --place --route --vdb_file "/home/olle/efinity_p2/BRAM/outflow/BRAM.dbg.vdb" --use_vdb_file "on" --place_file "/home/olle/efinity_p2/BRAM/outflow/BRAM.place" --route_file "/home/olle/efinity_p2/BRAM/outflow/BRAM.route" --sdc_file "/home/olle/efinity_p2/BRAM/const1.sdc" --sync_file "/home/olle/efinity_p2/BRAM/outflow/BRAM.interface.csv" --seed "1" --placer_effort_level "2" --max_threads "-1" --print_critical_path "10" --work_dir "/home/olle/efinity_p2/BRAM/work_pnr" --output_dir "/home/olle/efinity_p2/BRAM/outflow" --timing_analysis "on" --load_delay_matrix

Fri August 15 25 20:11:47 - Running /home/olle/efinix/efinity/2025.1/bin/efx_pnr...

INFO     : --max_threads set to 4 


           

           Efinix FPGA Placement and Routing.

           Version: 2025.1.110.2.15 

           Compiled: Jun 21 2025.

           

           Copyright (C) 2013 - 2025 Efinix, Inc. All rights reserved.


           

           The Tool Is Based on VPR of University of Toronto,

           a free open source code under MIT license.

           

           

INFO     : Running Placement and Routing for Family "Trion", Device "T20F169" ...


           

           ***** Beginning stage netlist pre-processing ... *****

INFO     : Successfully Read in Verific binary Netlist dump file "/home/olle/efinity_p2/BRAM/outflow/BRAM.dbg.vdb".


INFO     : ***** Beginning VDB Netlist Checker ... *****


WARNING  : /home/olle/efinity_p2/BRAM/top_level.vhd(11): Input/inout port phy_intr_n is unconnected and will be removed. [VDB-8003]


WARNING  : /home/olle/efinity_p2/BRAM/top_level.vhd(16): Input/inout port rmii_crs_dv is unconnected and will be removed. [VDB-8003]


WARNING  : /home/olle/efinity_p2/BRAM/top_level.vhd(17): Input/inout port rmii_rx_er is unconnected and will be removed. [VDB-8003]


WARNING  : /home/olle/efinity_p2/BRAM/top_level.vhd(18): Input/inout port rmii_rxd[1] is unconnected and will be removed. [VDB-8003]


WARNING  : /home/olle/efinity_p2/BRAM/top_level.vhd(29): Input/inout port jtag_dummy_TMS is unconnected and will be removed. [VDB-8003]


WARNING  : /home/olle/efinity_p2/BRAM/top_level.vhd(30): Input/inout port jtag_dummy_SEL is unconnected and will be removed. [VDB-8003]


WARNING  : /home/olle/efinity_p2/BRAM/top_level.vhd(31): Input/inout port jtag_dummy_DRCK is unconnected and will be removed. [VDB-8003]


WARNING  : /home/olle/efinity_p2/BRAM/top_level.vhd(33): Input/inout port jtag_dummy_RUNTEST is unconnected and will be removed. [VDB-8003]


WARNING  : Input/inout port jtag_inst1_DRCK is unconnected and will be removed. [VDB-8003]


WARNING  : Input/inout port jtag_inst1_RUNTEST is unconnected and will be removed. [VDB-8003]


WARNING  : Input/inout port jtag_inst1_TMS is unconnected and will be removed. [VDB-8003]


WARNING  : Net u_micro_risc_v1/u_EfxSapphireSoc/system_cores_0_logic_cpu/IBusCachedPlugin_cache/lineLoader_address[0] is dangling. [VDB-8009]


WARNING  : Net u_micro_risc_v1/u_EfxSapphireSoc/system_cores_0_logic_cpu/IBusCachedPlugin_cache/lineLoader_address[1] is dangling. [VDB-8009]


WARNING  : Net u_micro_risc_v1/u_EfxSapphireSoc/system_cores_0_logic_cpu/IBusCachedPlugin_cache/lineLoader_address[2] is dangling. [VDB-8009]


WARNING  : Net u_micro_risc_v1/u_EfxSapphireSoc/system_cores_0_logic_cpu/IBusCachedPlugin_cache/lineLoader_address[3] is dangling. [VDB-8009]


WARNING  : Net u_micro_risc_v1/u_EfxSapphireSoc/system_cores_0_logic_cpu/IBusCachedPlugin_cache/lineLoader_address[4] is dangling. [VDB-8009]


WARNING  : Net u_micro_risc_v1/u_EfxSapphireSoc/system_cores_0_logic_cpu/IBusCachedPlugin_cache/lineLoader_address[5] is dangling. [VDB-8009]


WARNING  : Found 18 warnings in the post-synthesis netlist.


INFO     : VDB Netlist Checker took 0.0317829 seconds.


INFO     : 	VDB Netlist Checker took 0.06 seconds (approximately) in total CPU time.


INFO     : VDB Netlist Checker virtual memory usage: begin = 228.656 MB, end = 245.068 MB, delta = 16.412 MB


INFO     : VDB Netlist Checker resident set memory usage: begin = 119.424 MB, end = 120.32 MB, delta = 0.896 MB


INFO     : 	VDB Netlist Checker peak resident set memory usage = 294.892 MB


INFO     : ***** Ending VDB Netlist Checker ... *****


INFO     : Reading core interface constraints file "/home/olle/efinity_p2/BRAM/outflow/BRAM.interface.csv"


INFO     : Successfully read core interface constraints file "/home/olle/efinity_p2/BRAM/outflow/BRAM.interface.csv"


INFO     : Found 0 constant generator nets.


INFO     : Pass 0: Swept away 6 nets with no fanout.


INFO     : logical_block #3(phy_intr_n) has no fanout.


INFO     : Removing input.


INFO     : logical_block #7(rmii_crs_dv) has no fanout.


INFO     : Removing input.


INFO     : logical_block #8(rmii_rx_er) has no fanout.


INFO     : Removing input.


INFO     : logical_block #9(rmii_rxd[1]) has no fanout.


INFO     : Removing input.


INFO     : logical_block #10(rmii_rxd[0]) has no fanout.


INFO     : Removing input.


INFO     : logical_block #22(jtag_dummy_TMS) has no fanout.


INFO     : Removing input.


INFO     : logical_block #23(jtag_dummy_SEL) has no fanout.


INFO     : Removing input.


INFO     : logical_block #24(jtag_dummy_DRCK) has no fanout.


INFO     : Removing input.


INFO     : logical_block #26(jtag_dummy_RUNTEST) has no fanout.


INFO     : Removing input.


INFO     : logical_block #35(jtag_inst1_DRCK) has no fanout.


INFO     : Removing input.


INFO     : logical_block #37(jtag_inst1_RUNTEST) has no fanout.


INFO     : Removing input.


INFO     : logical_block #42(jtag_inst1_TMS) has no fanout.


INFO     : Removing input.


WARNING  : logical_block u_micro_risc_v1/u_EfxSapphireSoc/system_cores_0_logic_cpu/IBusCachedPlugin_cache/lineLoader_address[0]~FF #256 has no fanout. Check synthesis flow


WARNING  : logical_block u_micro_risc_v1/u_EfxSapphireSoc/system_cores_0_logic_cpu/IBusCachedPlugin_cache/lineLoader_address[1]~FF #266 has no fanout. Check synthesis flow


WARNING  : logical_block u_micro_risc_v1/u_EfxSapphireSoc/system_cores_0_logic_cpu/IBusCachedPlugin_cache/lineLoader_address[2]~FF #267 has no fanout. Check synthesis flow


WARNING  : logical_block u_micro_risc_v1/u_EfxSapphireSoc/system_cores_0_logic_cpu/IBusCachedPlugin_cache/lineLoader_address[3]~FF #268 has no fanout. Check synthesis flow


WARNING  : logical_block u_micro_risc_v1/u_EfxSapphireSoc/system_cores_0_logic_cpu/IBusCachedPlugin_cache/lineLoader_address[4]~FF #269 has no fanout. Check synthesis flow


WARNING  : logical_block u_micro_risc_v1/u_EfxSapphireSoc/system_cores_0_logic_cpu/IBusCachedPlugin_cache/lineLoader_address[5]~FF #270 has no fanout. Check synthesis flow


INFO     : Pass 0: Swept away 12 blocks with no fanout.


INFO     : Pass 1: Swept away 0 nets with no fanout.


WARNING  : logical_block u_micro_risc_v1/u_EfxSapphireSoc/system_cores_0_logic_cpu/IBusCachedPlugin_cache/lineLoader_address[0]~FF #256 has no fanout. Check synthesis flow


WARNING  : logical_block u_micro_risc_v1/u_EfxSapphireSoc/system_cores_0_logic_cpu/IBusCachedPlugin_cache/lineLoader_address[1]~FF #266 has no fanout. Check synthesis flow


WARNING  : logical_block u_micro_risc_v1/u_EfxSapphireSoc/system_cores_0_logic_cpu/IBusCachedPlugin_cache/lineLoader_address[2]~FF #267 has no fanout. Check synthesis flow


WARNING  : logical_block u_micro_risc_v1/u_EfxSapphireSoc/system_cores_0_logic_cpu/IBusCachedPlugin_cache/lineLoader_address[3]~FF #268 has no fanout. Check synthesis flow


WARNING  : logical_block u_micro_risc_v1/u_EfxSapphireSoc/system_cores_0_logic_cpu/IBusCachedPlugin_cache/lineLoader_address[4]~FF #269 has no fanout. Check synthesis flow


WARNING  : logical_block u_micro_risc_v1/u_EfxSapphireSoc/system_cores_0_logic_cpu/IBusCachedPlugin_cache/lineLoader_address[5]~FF #270 has no fanout. Check synthesis flow


INFO     : Pass 1: Swept away 0 blocks with no fanout.


INFO     : Swept away 6 nets and 12 blocks in total.


INFO     : Removed 0 LUT buffers


INFO     : Sweept away 12 nodes


INFO     : Successfully created VPR logical netlist from Verific binary DataBase file "/home/olle/efinity_p2/BRAM/outflow/BRAM.dbg.vdb".


INFO     : Netlist pre-processing took 0.234936 seconds.


INFO     : 	Netlist pre-processing took 0.26 seconds (approximately) in total CPU time.


INFO     : Netlist pre-processing virtual memory usage: begin = 228.656 MB, end = 245.068 MB, delta = 16.412 MB


INFO     : Netlist pre-processing resident set memory usage: begin = 118.4 MB, end = 120.576 MB, delta = 2.176 MB


INFO     : 	Netlist pre-processing peak resident set memory usage = 294.892 MB


           ***** Ending stage netlist pre-processing *****

           

           ***** Beginning stage pre-packing ... *****

           ***** Ending stage pre-packing *****

           

           ***** Beginning stage packing ... *****

WARNING  : Packer found FF 'u_micro_risc_v1/u_EfxSapphireSoc/system_cores_0_logic_cpu/IBusCachedPlugin_cache/lineLoader_address[0]~FF' with no output net.


WARNING  : If possible, remove 'syn_preserve' attribute on FF output.


WARNING  : Packer found FF 'u_micro_risc_v1/u_EfxSapphireSoc/system_cores_0_logic_cpu/IBusCachedPlugin_cache/lineLoader_address[1]~FF' with no output net.


WARNING  : If possible, remove 'syn_preserve' attribute on FF output.


WARNING  : Packer found FF 'u_micro_risc_v1/u_EfxSapphireSoc/system_cores_0_logic_cpu/IBusCachedPlugin_cache/lineLoader_address[2]~FF' with no output net.


WARNING  : If possible, remove 'syn_preserve' attribute on FF output.


WARNING  : Packer found FF 'u_micro_risc_v1/u_EfxSapphireSoc/system_cores_0_logic_cpu/IBusCachedPlugin_cache/lineLoader_address[3]~FF' with no output net.


WARNING  : If possible, remove 'syn_preserve' attribute on FF output.


WARNING  : Packer found FF 'u_micro_risc_v1/u_EfxSapphireSoc/system_cores_0_logic_cpu/IBusCachedPlugin_cache/lineLoader_address[4]~FF' with no output net.


WARNING  : If possible, remove 'syn_preserve' attribute on FF output.


WARNING  : Packer found FF 'u_micro_risc_v1/u_EfxSapphireSoc/system_cores_0_logic_cpu/IBusCachedPlugin_cache/lineLoader_address[5]~FF' with no output net.


WARNING  : If possible, remove 'syn_preserve' attribute on FF output.


INFO     : Generate proto netlist for file "/home/olle/efinity_p2/BRAM/work_pnr/BRAM.net_proto" took 0.02048 seconds


INFO     : Creating IO constraints file '/home/olle/efinity_p2/BRAM/work_pnr/BRAM.io_place'


INFO     : Packing took 0.0686515 seconds.


INFO     : 	Packing took 0.06 seconds (approximately) in total CPU time.


INFO     : Packing virtual memory usage: begin = 245.068 MB, end = 245.068 MB, delta = 0 MB


INFO     : Packing resident set memory usage: begin = 121.344 MB, end = 121.856 MB, delta = 0.512 MB


INFO     : 	Packing peak resident set memory usage = 294.892 MB


           ***** Ending stage packing *****

           

INFO     : Read proto netlist file /home/olle/efinity_p2/BRAM/work_pnr/BRAM.net_proto


INFO     : Read proto netlist for file "/home/olle/efinity_p2/BRAM/work_pnr/BRAM.net_proto" took 0.015029 seconds


INFO     : Setup net and block data structure took 0.296116 seconds


WARNING  : Found 18 warnings in the post-synthesis netlist.


INFO     : Reading core interface constraints file "/home/olle/efinity_p2/BRAM/outflow/BRAM.interface.csv"


INFO     : Successfully read core interface constraints file "/home/olle/efinity_p2/BRAM/outflow/BRAM.interface.csv"


INFO     : logical_block u_micro_risc_v1/u_EfxSapphireSoc/system_cores_0_logic_cpu/IBusCachedPlugin_cache/lineLoader_address[0]~FF #256 has no fanout. Check synthesis flow


INFO     : logical_block u_micro_risc_v1/u_EfxSapphireSoc/system_cores_0_logic_cpu/IBusCachedPlugin_cache/lineLoader_address[1]~FF #266 has no fanout. Check synthesis flow


INFO     : logical_block u_micro_risc_v1/u_EfxSapphireSoc/system_cores_0_logic_cpu/IBusCachedPlugin_cache/lineLoader_address[2]~FF #267 has no fanout. Check synthesis flow


INFO     : logical_block u_micro_risc_v1/u_EfxSapphireSoc/system_cores_0_logic_cpu/IBusCachedPlugin_cache/lineLoader_address[3]~FF #268 has no fanout. Check synthesis flow


INFO     : logical_block u_micro_risc_v1/u_EfxSapphireSoc/system_cores_0_logic_cpu/IBusCachedPlugin_cache/lineLoader_address[4]~FF #269 has no fanout. Check synthesis flow


INFO     : logical_block u_micro_risc_v1/u_EfxSapphireSoc/system_cores_0_logic_cpu/IBusCachedPlugin_cache/lineLoader_address[5]~FF #270 has no fanout. Check synthesis flow


INFO     : logical_block u_micro_risc_v1/u_EfxSapphireSoc/system_cores_0_logic_cpu/IBusCachedPlugin_cache/lineLoader_address[0]~FF #256 has no fanout. Check synthesis flow


INFO     : logical_block u_micro_risc_v1/u_EfxSapphireSoc/system_cores_0_logic_cpu/IBusCachedPlugin_cache/lineLoader_address[1]~FF #266 has no fanout. Check synthesis flow


INFO     : logical_block u_micro_risc_v1/u_EfxSapphireSoc/system_cores_0_logic_cpu/IBusCachedPlugin_cache/lineLoader_address[2]~FF #267 has no fanout. Check synthesis flow


INFO     : logical_block u_micro_risc_v1/u_EfxSapphireSoc/system_cores_0_logic_cpu/IBusCachedPlugin_cache/lineLoader_address[3]~FF #268 has no fanout. Check synthesis flow


INFO     : logical_block u_micro_risc_v1/u_EfxSapphireSoc/system_cores_0_logic_cpu/IBusCachedPlugin_cache/lineLoader_address[4]~FF #269 has no fanout. Check synthesis flow


INFO     : logical_block u_micro_risc_v1/u_EfxSapphireSoc/system_cores_0_logic_cpu/IBusCachedPlugin_cache/lineLoader_address[5]~FF #270 has no fanout. Check synthesis flow


           ***** Beginning stage packed netlist loading ... *****

INFO     : Read proto netlist file /home/olle/efinity_p2/BRAM/work_pnr/BRAM.net_proto


INFO     : Read proto netlist for file "/home/olle/efinity_p2/BRAM/work_pnr/BRAM.net_proto" took 0.021346 seconds


INFO     : Setup net and block data structure took 0.291861 seconds


INFO     : Packed netlist loading took 0.3166 seconds.


INFO     : 	Packed netlist loading took 0.31 seconds (approximately) in total CPU time.


INFO     : Packed netlist loading virtual memory usage: begin = 274.372 MB, end = 274.372 MB, delta = 0 MB


INFO     : Packed netlist loading resident set memory usage: begin = 165.76 MB, end = 165.76 MB, delta = 0 MB


INFO     : 	Packed netlist loading peak resident set memory usage = 294.892 MB


           ***** Ending stage packed netlist loading *****

           

           ***** Beginning stage pre-placement ... *****

           

           ***** Ending stage pre-placement *****

           

INFO     : SDC file '/home/olle/efinity_p2/BRAM/const1.sdc' parsed successfully.


INFO     : 2 clocks (including virtual clocks), 0 inputs and 0 outputs were constrained.


           ***** Beginning stage initial placement ... *****

INFO     : Reading core interface constraints file "/home/olle/efinity_p2/BRAM/outflow/BRAM.interface.csv"


INFO     : Successfully read core interface constraints file "/home/olle/efinity_p2/BRAM/outflow/BRAM.interface.csv"


INFO     : Writing IO placement constraints to "/home/olle/efinity_p2/BRAM/outflow/BRAM.interface.io"


INFO     : Reading placement constraints from '/home/olle/efinity_p2/BRAM/outflow/BRAM.interface.io'.


INFO     : Reading placement constraints from '/home/olle/efinity_p2/BRAM/work_pnr/BRAM.io_place'.


WARNING  : phy_rst_n has no assigned placement; it will be placed randomly.


WARNING  : jtag_dummy_TDI has no assigned placement; it will be placed randomly.


WARNING  : jtag_dummy_TCK has no assigned placement; it will be placed randomly.


WARNING  : jtag_dummy_RESET has no assigned placement; it will be placed randomly.


WARNING  : jtag_dummy_CAPTURE has no assigned placement; it will be placed randomly.


WARNING  : jtag_dummy_SHIFT has no assigned placement; it will be placed randomly.


WARNING  : jtag_dummy_UPDATE has no assigned placement; it will be placed randomly.


WARNING  : jtag_dummy_TDO has no assigned placement; it will be placed randomly.


INFO     : 8 IOs will have random placement.


WARNING  : Clock source jtag_inst1_TCK does not use a dedicated clock pad, so extra clock insertion delay is added


           ***** Ending stage initial placement *****

           

           ***** Beginning stage placement ... *****

INFO     : Found 81 synchronizers as follows: 


INFO     : 	Synchronizer 0: 


INFO     :  u_micro_risc_v1/u_EfxSapphireSoc/system_riscvJtag_hard_noTap_tunnel_io_bus_cmd_payload_address[6]~FF


INFO     : 	Synchronizer 1: 


INFO     :  u_micro_risc_v1/u_EfxSapphireSoc/system_riscvJtag_hard_noTap_tunnel_io_bus_cmd_payload_address[5]~FF


INFO     : 	Synchronizer 2: 


INFO     :  u_micro_risc_v1/u_EfxSapphireSoc/system_riscvJtag_hard_noTap_tunnel_io_bus_cmd_payload_address[4]~FF


INFO     : 	Synchronizer 3: 


INFO     :  u_micro_risc_v1/u_EfxSapphireSoc/system_riscvJtag_hard_noTap_tunnel_io_bus_cmd_payload_address[3]~FF


INFO     : 	Synchronizer 4: 


INFO     :  u_micro_risc_v1/u_EfxSapphireSoc/system_riscvJtag_hard_noTap_tunnel_io_bus_cmd_payload_address[2]~FF


INFO     : 	Synchronizer 5: 


INFO     :  u_micro_risc_v1/u_EfxSapphireSoc/system_riscvJtag_hard_noTap_tunnel_io_bus_cmd_payload_address[1]~FF


INFO     : 	Synchronizer 6: 


INFO     :  u_micro_risc_v1/u_EfxSapphireSoc/system_riscvJtag_hard_noTap_tunnel_io_bus_cmd_payload_data[31]~FF


INFO     : 	Synchronizer 7: 


INFO     :  u_micro_risc_v1/u_EfxSapphireSoc/system_riscvJtag_hard_noTap_tunnel_io_bus_cmd_payload_data[30]~FF


INFO     : 	Synchronizer 8: 


INFO     :  u_micro_risc_v1/u_EfxSapphireSoc/system_riscvJtag_hard_noTap_tunnel_io_bus_cmd_payload_data[26]~FF


INFO     : 	Synchronizer 9: 


INFO     :  u_micro_risc_v1/u_EfxSapphireSoc/system_riscvJtag_hard_noTap_tunnel_io_bus_cmd_payload_data[25]~FF


INFO     : 	Synchronizer 10: 


INFO     :  u_micro_risc_v1/u_EfxSapphireSoc/system_riscvJtag_hard_noTap_tunnel_io_bus_cmd_payload_data[24]~FF


INFO     : 	Synchronizer 11: 


INFO     :  u_micro_risc_v1/u_EfxSapphireSoc/system_riscvJtag_hard_noTap_tunnel_io_bus_cmd_payload_data[23]~FF


INFO     : 	Synchronizer 12: 


INFO     :  u_micro_risc_v1/u_EfxSapphireSoc/system_riscvJtag_hard_noTap_tunnel_io_bus_cmd_payload_data[22]~FF


INFO     : 	Synchronizer 13: 


INFO     :  u_micro_risc_v1/u_EfxSapphireSoc/system_riscvJtag_hard_noTap_tunnel_io_bus_cmd_payload_data[21]~FF


INFO     : 	Synchronizer 14: 


INFO     :  u_micro_risc_v1/u_EfxSapphireSoc/system_riscvJtag_hard_noTap_tunnel_io_bus_cmd_payload_data[20]~FF


INFO     : 	Synchronizer 15: 


INFO     :  u_micro_risc_v1/u_EfxSapphireSoc/system_riscvJtag_hard_noTap_tunnel_io_bus_cmd_payload_data[19]~FF


INFO     : 	Synchronizer 16: 


INFO     :  u_micro_risc_v1/u_EfxSapphireSoc/system_riscvJtag_hard_noTap_tunnel_io_bus_cmd_payload_data[18]~FF


INFO     : 	Synchronizer 17: 


INFO     :  u_micro_risc_v1/u_EfxSapphireSoc/system_riscvJtag_hard_noTap_tunnel_io_bus_cmd_payload_data[17]~FF


INFO     : 	Synchronizer 18: 


INFO     :  u_micro_risc_v1/u_EfxSapphireSoc/system_riscvJtag_hard_noTap_tunnel_io_bus_cmd_payload_data[16]~FF


INFO     : 	Synchronizer 19: 


INFO     :  u_micro_risc_v1/u_EfxSapphireSoc/system_riscvJtag_hard_noTap_tunnel_io_bus_cmd_payload_data[15]~FF


INFO     : 	Synchronizer 20: 


INFO     :  u_micro_risc_v1/u_EfxSapphireSoc/system_riscvJtag_hard_noTap_tunnel_io_bus_cmd_payload_data[14]~FF


INFO     : 	Synchronizer 21: 


INFO     :  u_micro_risc_v1/u_EfxSapphireSoc/system_riscvJtag_hard_noTap_tunnel_io_bus_cmd_payload_data[13]~FF


INFO     : 	Synchronizer 22: 


INFO     :  u_micro_risc_v1/u_EfxSapphireSoc/system_riscvJtag_hard_noTap_tunnel_io_bus_cmd_payload_data[12]~FF


INFO     : 	Synchronizer 23: 


INFO     :  u_micro_risc_v1/u_EfxSapphireSoc/system_riscvJtag_hard_noTap_tunnel/logic_systemLogic_bus_rsp_ccToggle_io_output_payload_data[3]~FF


INFO     : 	Synchronizer 24: 


INFO     :  u_micro_risc_v1/u_EfxSapphireSoc/system_riscvJtag_hard_noTap_tunnel/logic_systemLogic_bus_rsp_ccToggle_io_output_payload_data[2]~FF


INFO     : 	Synchronizer 25: 


INFO     :  u_micro_risc_v1/u_EfxSapphireSoc/system_riscvJtag_hard_noTap_tunnel/logic_systemLogic_bus_rsp_ccToggle_io_output_payload_data[1]~FF


INFO     : 	Synchronizer 26: 


INFO     :  u_micro_risc_v1/u_EfxSapphireSoc/system_riscvJtag_hard_noTap_tunnel/logic_systemLogic_bus_rsp_ccToggle_io_output_payload_data[0]~FF


INFO     : 	Synchronizer 27: 


INFO     :  u_micro_risc_v1/u_EfxSapphireSoc/system_riscvJtag_hard_noTap_tunnel/logic_systemLogic_bus_rsp_ccToggle/system_riscvJtag_hard_noTap_tunnel_toplevel_debugCd_logic_outputReset_asyncAssertSyncDeassert_buffercc/buffers_0~FF


INFO     :  u_micro_risc_v1/u_EfxSapphireSoc/system_riscvJtag_hard_noTap_tunnel/logic_systemLogic_bus_rsp_ccToggle/system_riscvJtag_hard_noTap_tunnel_toplevel_debugCd_logic_outputReset_asyncAssertSyncDeassert_buffercc_io_dataOut~FF


INFO     : 	Synchronizer 28: 


INFO     :  u_micro_risc_v1/u_EfxSapphireSoc/system_riscvJtag_hard_noTap_tunnel/logic_systemLogic_bus_rsp_ccToggle/inputArea_target_buffercc/buffers_0~FF


INFO     :  u_micro_risc_v1/u_EfxSapphireSoc/system_riscvJtag_hard_noTap_tunnel/logic_systemLogic_bus_rsp_ccToggle/inputArea_target_buffercc_io_dataOut~FF


INFO     : 	Synchronizer 29: 


INFO     :  u_micro_risc_v1/u_EfxSapphireSoc/system_riscvJtag_hard_noTap_tunnel/logic_systemLogic_bus_rsp_ccToggle_io_output_payload_data[20]~FF


INFO     : 	Synchronizer 30: 


INFO     :  u_micro_risc_v1/u_EfxSapphireSoc/system_riscvJtag_hard_noTap_tunnel_io_bus_cmd_payload_data[29]~FF


INFO     : 	Synchronizer 31: 


INFO     :  u_micro_risc_v1/u_EfxSapphireSoc/system_riscvJtag_hard_noTap_tunnel_io_bus_cmd_payload_address[0]~FF


INFO     : 	Synchronizer 32: 


INFO     :  u_micro_risc_v1/u_EfxSapphireSoc/system_riscvJtag_hard_noTap_tunnel/logic_systemLogic_bus_rsp_ccToggle_io_output_payload_data[4]~FF


INFO     : 	Synchronizer 33: 


INFO     :  u_micro_risc_v1/u_EfxSapphireSoc/system_riscvJtag_hard_noTap_tunnel/logic_systemLogic_bus_rsp_ccToggle_io_output_payload_data[5]~FF


INFO     : 	Synchronizer 34: 


INFO     :  u_micro_risc_v1/u_EfxSapphireSoc/system_riscvJtag_hard_noTap_tunnel/logic_systemLogic_bus_rsp_ccToggle_io_output_payload_data[6]~FF


INFO     : 	Synchronizer 35: 


INFO     :  u_micro_risc_v1/u_EfxSapphireSoc/system_riscvJtag_hard_noTap_tunnel/logic_systemLogic_bus_rsp_ccToggle_io_output_payload_data[7]~FF


INFO     : 	Synchronizer 36: 


INFO     :  u_micro_risc_v1/u_EfxSapphireSoc/system_riscvJtag_hard_noTap_tunnel/logic_systemLogic_bus_rsp_ccToggle_io_output_payload_data[9]~FF


INFO     : 	Synchronizer 37: 


INFO     :  u_micro_risc_v1/u_EfxSapphireSoc/system_riscvJtag_hard_noTap_tunnel/logic_systemLogic_bus_rsp_ccToggle_io_output_payload_data[10]~FF


INFO     : 	Synchronizer 38: 


INFO     :  u_micro_risc_v1/u_EfxSapphireSoc/system_riscvJtag_hard_noTap_tunnel/logic_systemLogic_bus_rsp_ccToggle_io_output_payload_data[8]~FF


INFO     : 	Synchronizer 39: 


INFO     :  u_micro_risc_v1/u_EfxSapphireSoc/system_riscvJtag_hard_noTap_tunnel_io_bus_cmd_payload_data[28]~FF


INFO     : 	Synchronizer 40: 


INFO     :  u_micro_risc_v1/u_EfxSapphireSoc/system_riscvJtag_hard_noTap_tunnel_io_bus_cmd_payload_data[0]~FF


INFO     : 	Synchronizer 41: 


INFO     :  u_micro_risc_v1/u_EfxSapphireSoc/debugCd_logic_outputReset_asyncAssertSyncDeassert_buffercc/buffers_0~FF


INFO     :  u_micro_risc_v1/u_EfxSapphireSoc/debugCd_logic_outputReset_asyncAssertSyncDeassert_buffercc_io_dataOut~FF


INFO     : 	Synchronizer 42: 


INFO     :  u_micro_risc_v1/u_EfxSapphireSoc/system_riscvJtag_hard_noTap_tunnel/logic_systemLogic_bus_rsp_ccToggle_io_output_payload_data[16]~FF


INFO     : 	Synchronizer 43: 


INFO     :  u_micro_risc_v1/u_EfxSapphireSoc/system_riscvJtag_hard_noTap_tunnel/logic_systemLogic_bus_rsp_ccToggle_io_output_payload_data[17]~FF


INFO     : 	Synchronizer 44: 


INFO     :  u_micro_risc_v1/u_EfxSapphireSoc/system_riscvJtag_hard_noTap_tunnel_io_bus_cmd_payload_data[27]~FF


INFO     : 	Synchronizer 45: 


INFO     :  u_micro_risc_v1/u_EfxSapphireSoc/system_riscvJtag_hard_noTap_tunnel_io_bus_cmd_payload_write~FF


INFO     : 	Synchronizer 46: 


INFO     :  u_micro_risc_v1/u_EfxSapphireSoc/system_riscvJtag_hard_noTap_tunnel/logic_systemLogic_bus_rsp_ccToggle_io_output_payload_data[11]~FF


INFO     : 	Synchronizer 47: 


INFO     :  u_micro_risc_v1/u_EfxSapphireSoc/system_riscvJtag_hard_noTap_tunnel/logic_systemLogic_bus_rsp_ccToggle_io_output_payload_data[12]~FF


INFO     : 	Synchronizer 48: 


INFO     :  u_micro_risc_v1/u_EfxSapphireSoc/system_riscvJtag_hard_noTap_tunnel/logic_systemLogic_bus_rsp_ccToggle_io_output_payload_data[13]~FF


INFO     : 	Synchronizer 49: 


INFO     :  u_micro_risc_v1/u_EfxSapphireSoc/system_uart_0_io_logic/uartCtrl_1/rx/io_rxd_buffercc/buffers_0~FF


INFO     :  u_micro_risc_v1/u_EfxSapphireSoc/system_uart_0_io_logic/uartCtrl_1/rx/io_rxd_buffercc_io_dataOut~FF


INFO     : 	Synchronizer 50: 


INFO     :  u_micro_risc_v1/u_EfxSapphireSoc/system_riscvJtag_hard_noTap_tunnel/logic_systemLogic_bus_rsp_ccToggle_io_output_payload_data[14]~FF


INFO     : 	Synchronizer 51: 


INFO     :  u_micro_risc_v1/u_EfxSapphireSoc/io_asyncReset_asyncAssertSyncDeassert_buffercc/buffers_0~FF


INFO     :  u_micro_risc_v1/u_EfxSapphireSoc/io_asyncReset_asyncAssertSyncDeassert_buffercc_io_dataOut~FF


INFO     : 	Synchronizer 52: 


INFO     :  u_micro_risc_v1/u_EfxSapphireSoc/system_riscvJtag_hard_noTap_tunnel/logic_systemLogic_bus_rsp_ccToggle_io_output_payload_data[15]~FF


INFO     : 	Synchronizer 53: 


INFO     :  u_micro_risc_v1/u_EfxSapphireSoc/system_coreStopTime_buffercc/buffers_0~FF


INFO     :  u_micro_risc_v1/u_EfxSapphireSoc/system_coreStopTime_buffercc_io_dataOut~FF


INFO     : 	Synchronizer 54: 


INFO     :  u_micro_risc_v1/u_EfxSapphireSoc/system_riscvJtag_hard_noTap_tunnel/logic_systemLogic_bus_rsp_ccToggle_io_output_payload_data[18]~FF


INFO     : 	Synchronizer 55: 


INFO     :  u_micro_risc_v1/u_EfxSapphireSoc/system_riscvJtag_debug_systemReset_asyncAssertSyncDeassert_buffercc/buffers_0~FF


INFO     :  u_micro_risc_v1/u_EfxSapphireSoc/system_riscvJtag_debug_systemReset_asyncAssertSyncDeassert_buffercc_io_dataOut~FF


INFO     : 	Synchronizer 56: 


INFO     :  u_micro_risc_v1/u_EfxSapphireSoc/system_cores_0_logic_cpu/systemCd_logic_outputReset_buffercc/buffers_0~FF


INFO     :  u_micro_risc_v1/u_EfxSapphireSoc/system_cores_0_logic_cpu_debugBus_unavailable~FF


INFO     : 	Synchronizer 57: 


INFO     :  u_micro_risc_v1/u_EfxSapphireSoc/system_riscvJtag_hard_noTap_tunnel/logic_systemLogic_bus_rsp_ccToggle_io_output_payload_data[19]~FF


INFO     : 	Synchronizer 58: 


INFO     :  u_micro_risc_v1/u_EfxSapphireSoc/system_riscvJtag_hard_noTap_tunnel_io_bus_cmd_payload_data[9]~FF


INFO     : 	Synchronizer 59: 


INFO     :  u_micro_risc_v1/u_EfxSapphireSoc/system_riscvJtag_hard_noTap_tunnel/logic_systemLogic_bus_rsp_ccToggle_io_output_payload_data[29]~FF


INFO     : 	Synchronizer 60: 


INFO     :  u_micro_risc_v1/u_EfxSapphireSoc/system_riscvJtag_hard_noTap_tunnel_io_bus_cmd_payload_data[10]~FF


INFO     : 	Synchronizer 61: 


INFO     :  u_micro_risc_v1/u_EfxSapphireSoc/system_riscvJtag_hard_noTap_tunnel/logic_systemLogic_bus_rsp_ccToggle_io_output_payload_data[30]~FF


INFO     : 	Synchronizer 62: 


INFO     :  u_micro_risc_v1/u_EfxSapphireSoc/system_riscvJtag_hard_noTap_tunnel/logic_systemLogic_bus_rsp_ccToggle_io_output_payload_data[21]~FF


INFO     : 	Synchronizer 63: 


INFO     :  u_micro_risc_v1/u_EfxSapphireSoc/system_riscvJtag_hard_noTap_tunnel_io_bus_cmd_payload_data[1]~FF


INFO     : 	Synchronizer 64: 


INFO     :  u_micro_risc_v1/u_EfxSapphireSoc/system_riscvJtag_hard_noTap_tunnel_io_bus_cmd_payload_data[11]~FF


INFO     : 	Synchronizer 65: 


INFO     :  u_micro_risc_v1/u_EfxSapphireSoc/system_riscvJtag_hard_noTap_tunnel/logic_systemLogic_bus_rsp_ccToggle_io_output_payload_data[31]~FF


INFO     : 	Synchronizer 66: 


INFO     :  u_micro_risc_v1/u_EfxSapphireSoc/system_riscvJtag_hard_noTap_tunnel/logic_systemLogic_bus_rsp_ccToggle_io_output_payload_data[22]~FF


INFO     : 	Synchronizer 67: 


INFO     :  u_micro_risc_v1/u_EfxSapphireSoc/system_riscvJtag_hard_noTap_tunnel_io_bus_cmd_payload_data[2]~FF


INFO     : 	Synchronizer 68: 


INFO     :  u_micro_risc_v1/u_EfxSapphireSoc/system_riscvJtag_hard_noTap_tunnel/logic_systemLogic_bus_rsp_ccToggle_io_output_payload_data[23]~FF


INFO     : 	Synchronizer 69: 


INFO     :  u_micro_risc_v1/u_EfxSapphireSoc/system_riscvJtag_hard_noTap_tunnel_io_bus_cmd_payload_data[3]~FF


INFO     : 	Synchronizer 70: 


INFO     :  u_micro_risc_v1/u_EfxSapphireSoc/system_riscvJtag_hard_noTap_tunnel/logic_systemLogic_bus_rsp_ccToggle_io_output_payload_data[24]~FF


INFO     : 	Synchronizer 71: 


INFO     :  u_micro_risc_v1/u_EfxSapphireSoc/system_riscvJtag_hard_noTap_tunnel_io_bus_cmd_payload_data[4]~FF


INFO     : 	Synchronizer 72: 


INFO     :  u_micro_risc_v1/u_EfxSapphireSoc/system_riscvJtag_hard_noTap_tunnel/logic_systemLogic_bus_rsp_ccToggle_io_output_payload_data[25]~FF


INFO     : 	Synchronizer 73: 


INFO     :  u_micro_risc_v1/u_EfxSapphireSoc/system_riscvJtag_hard_noTap_tunnel_io_bus_cmd_payload_data[5]~FF


INFO     : 	Synchronizer 74: 


INFO     :  u_micro_risc_v1/u_EfxSapphireSoc/system_riscvJtag_hard_noTap_tunnel/logic_jtagLogic_dmiCmd_ccToggle/inputArea_target_buffercc/buffers_0~FF


INFO     :  u_micro_risc_v1/u_EfxSapphireSoc/system_riscvJtag_hard_noTap_tunnel/logic_jtagLogic_dmiCmd_ccToggle/inputArea_target_buffercc_io_dataOut~FF


INFO     : 	Synchronizer 75: 


INFO     :  u_micro_risc_v1/u_EfxSapphireSoc/system_riscvJtag_hard_noTap_tunnel/logic_systemLogic_bus_rsp_ccToggle_io_output_payload_data[26]~FF


INFO     : 	Synchronizer 76: 


INFO     :  u_micro_risc_v1/u_EfxSapphireSoc/system_riscvJtag_hard_noTap_tunnel_io_bus_cmd_payload_data[6]~FF


INFO     : 	Synchronizer 77: 


INFO     :  u_micro_risc_v1/u_EfxSapphireSoc/system_riscvJtag_hard_noTap_tunnel/logic_systemLogic_bus_rsp_ccToggle_io_output_payload_data[27]~FF


INFO     : 	Synchronizer 78: 


INFO     :  u_micro_risc_v1/u_EfxSapphireSoc/system_riscvJtag_hard_noTap_tunnel_io_bus_cmd_payload_data[7]~FF


INFO     : 	Synchronizer 79: 


INFO     :  u_micro_risc_v1/u_EfxSapphireSoc/system_riscvJtag_hard_noTap_tunnel/logic_systemLogic_bus_rsp_ccToggle_io_output_payload_data[28]~FF


INFO     : 	Synchronizer 80: 


INFO     :  u_micro_risc_v1/u_EfxSapphireSoc/system_riscvJtag_hard_noTap_tunnel_io_bus_cmd_payload_data[8]~FF


INFO     : Starting Global Placer with 4 threads ...


            ----------     -------  --------------     -------

             Iteration       WHPWL Worst Slack (ps) Convergence

            ----------     -------  --------------     -------

INFO     :           1    14667936           -3131         1.7%


INFO     :           2    14722076           -2607         2.0%


INFO     :           3    11628989           -2857         2.4%


INFO     :           4     9590074           -2857         2.8%


INFO     :           5     4898621           -3131         4.1%


INFO     :           6     2346905           -2857         9.1%


INFO     :           7     1327459           -3982        19.4%


INFO     :           8      736469           -4600        30.7%


INFO     :           9      580606           -5992        47.3%


INFO     :          10      492420           -6526        54.0%


INFO     :          11      489843           -6239        62.0%


INFO     :          12      462032           -7270        62.0%


INFO     :          13      476502           -6319        64.5%


INFO     :          14      460918           -7353        64.7%


INFO     :          15      461053           -6330        65.4%


INFO     :          16      445144           -6308        66.2%


INFO     :          17      464101           -6417        68.6%


INFO     :          18      448888           -6528        68.6%


INFO     :          19      460254           -6519        70.3%


INFO     :          20      436512           -6293        70.3%


INFO     :          21      454047           -6939        72.6%


INFO     :          22      432615           -7759        72.6%


INFO     :          23      450721           -6952        75.9%


INFO     :          24      432489           -7586        75.9%


INFO     :          25      444609           -7032        77.4%


INFO     :          26      425735           -8087        77.4%


INFO     :          27      437169           -7237        79.8%


INFO     :          28      422361           -6785        79.8%


INFO     :          29      434667           -7815        81.2%


INFO     :          30      415991           -7440        81.2%


INFO     :          31      431614           -7260        82.3%


INFO     :          32      417525           -8123        82.3%


INFO     :          33      430848           -6737        83.3%


INFO     :          34      412712           -7922        83.3%


INFO     :          35      427926           -7610        84.6%


INFO     :          36      410135           -8076        84.6%


INFO     :          37      427535           -6389        85.0%


INFO     :          38      411644           -7501        85.0%


INFO     :          39      424822           -7462        85.6%


INFO     :          40      413033           -7797        85.6%


INFO     :          41      424314           -7196        86.1%


INFO     :          42      412084           -6699        86.1%


INFO     :          43      427259           -7117        86.2%


INFO     :          44      412300           -7037        86.2%


INFO     :          45      423771           -7328        86.6%


INFO     :          46      414264           -7316        86.6%


INFO     :          47      424716           -7173        86.6%


INFO     :          48      411667           -6857        86.6%


INFO     :          49      422577           -7073        87.6%


INFO     :          50      413069           -7120        87.6%


INFO     :          51      423865           -8115        88.2%


INFO     :          52      410582           -7119        88.2%


INFO     :          53      423444           -7277        88.9%


INFO     :          54      414170           -7497        88.9%


INFO     :          55      423916           -7065        89.4%


INFO     :          56      410330           -7545        89.4%


INFO     :          57      420542           -7529        90.1%


INFO     :          58      417978           -7107        90.1%


INFO     :          59      422072           -7529        90.1%


INFO     :          60      416261           -8075        90.1%


INFO     :          61      422055           -7544        91.3%


INFO     :          62      414436           -7179        91.3%


INFO     :          63      417952           -7534        93.0%


INFO     :          64      420322           -7350        93.0%


INFO     : Starting Annealer


            ----------     -------  --------------     -------

             Iteration       WHPWL  Delay Max (ps)     R Limit

            ----------     -------  --------------     -------

INFO     :           0      195179           17843        30.0


INFO     :           1      172547           15326        28.7


INFO     :           2      156471           13710        27.5


INFO     :           3      153152           13027        26.1


INFO     :           4      150008           12555        24.6


INFO     :           5      147802           12607        23.1


INFO     :           6      144654           12344        21.6


INFO     :           7      142502           12803        20.2


INFO     :           8      140270           15065        18.8


INFO     :           9      138323           11505        17.5


INFO     :          10      137678           11983        16.3


INFO     :          11      137257           14462        15.1


INFO     :          12      135991           14309        14.0


INFO     :          13      134493           11164        13.0


INFO     :          14      133257           13922        12.0


INFO     :          15      132211           10847        11.1


INFO     :          16      130762           13543        10.3


INFO     :          17      129839           10641         9.6


INFO     :          18      128750           13543         8.8


INFO     :          19      128139           13544         8.2


INFO     :          20      127670           13543         7.5


INFO     :          21      127422           13543         6.9


INFO     :          22      127031           13596         6.4


INFO     :          23      126026           13544         5.9


INFO     :          24      125500           13544         5.4


INFO     :          25      124894           13597         5.0


INFO     :          26      124234           13544         4.6


INFO     :          27      123618           13544         4.3


INFO     :          28      123144           13544         4.0


INFO     :          29      122629           10842         3.6


INFO     :          30      121865           13597         3.3


INFO     :          31      121313           13544         3.1


INFO     :          32      121157           13544         2.9


INFO     :          33      120716           13544         2.6


INFO     :          34      120344           13544         2.4


INFO     :          35      119940           13544         2.3


INFO     :          36      119470           13544         2.1


INFO     :          37      119332           13544         1.9


INFO     :          38      119242           13544         1.8


INFO     :          39      118988           13544         1.6


INFO     :          40      118723           13544         1.5


INFO     :          41      118362           13544         1.4


INFO     :          42      117963           13544         1.3


INFO     :          43      117437           13544         1.2


INFO     : Counted delay computer calls: 116938
Placement successful: 9751 cells are placed


INFO     : Peak congestion smeared over 1/4 of the chip is 0.433723 at 12,54


INFO     : Congestion-weighted HPWL per net: 28.4463


INFO     : Post-placement cluster-level checks is successful


INFO     : Checks is successful


INFO     : Reading placement constraints from '/home/olle/efinity_p2/BRAM/outflow/BRAM.qplace'.


INFO     : Finished Realigning Types (908 blocks needed type change)


INFO     : Completed placement consistency check successfully.


INFO     : Successfully created FPGA place file '/home/olle/efinity_p2/BRAM/outflow/BRAM.place'




INFO     : Placement took 19.296 seconds.


INFO     : 	Placement took 51.59 seconds (approximately) in total CPU time.


INFO     : Placement virtual memory usage: begin = 274.372 MB, end = 421.972 MB, delta = 147.6 MB


INFO     : Placement resident set memory usage: begin = 166.016 MB, end = 230.244 MB, delta = 64.228 MB


INFO     : 	Placement peak resident set memory usage = 294.892 MB


           ***** Ending stage placement *****

           

           

           Efinix FPGA Placement and Routing.

           Version: 2025.1.110.2.15 

           Compiled: Jun 21 2025.

           

           Copyright (C) 2013 - 2025 Efinix, Inc. All rights reserved.


           

           The Tool Is Based on VPR of University of Toronto,

           a free open source code under MIT license.

           

           

INFO     : Running Placement and Routing for Family "Trion", Device "T20F169" ...


           

           ***** Beginning stage routing graph generation ... *****

INFO     : Read ipin pattern from /home/olle/efinix/efinity/2025.1/arch/./routing/ipin_oph.xml


INFO     : Finished parsing ipin pattern file '/home/olle/efinix/efinity/2025.1/arch/./routing/ipin_oph.xdb'.


INFO     : Finished parsing switch_block file '/home/olle/efinix/efinity/2025.1/arch/./routing/sb_connectivity_subset.xdb'.


INFO     : BuildGraph process took 3.1851 seconds.


INFO     : 	BuildGraph process took 3.01 seconds (approximately) in total CPU time.


INFO     : BuildGraph process virtual memory usage: begin = 421.972 MB, end = 587.564 MB, delta = 165.592 MB


INFO     : BuildGraph process resident set memory usage: begin = 231.268 MB, end = 491.54 MB, delta = 260.272 MB


INFO     : 	BuildGraph process peak resident set memory usage = 491.54 MB


INFO     : check rr_graph process took 0.11495 seconds.


INFO     : 	check rr_graph process took 0.11 seconds (approximately) in total CPU time.


INFO     : check rr_graph process virtual memory usage: begin = 615.164 MB, end = 619.764 MB, delta = 4.6 MB


INFO     : check rr_graph process resident set memory usage: begin = 520.212 MB, end = 524.82 MB, delta = 4.608 MB


INFO     : 	check rr_graph process peak resident set memory usage = 524.82 MB


INFO     : Generated 1177500 RR nodes and 4449532 RR edges


INFO     : This design has 0 global control net(s). See /home/olle/efinity_p2/BRAM/outflow/BRAM.route.rpt for details.


INFO     : Routing graph took 3.38161 seconds.


INFO     : 	Routing graph took 3.19 seconds (approximately) in total CPU time.


INFO     : Routing graph virtual memory usage: begin = 421.972 MB, end = 619.764 MB, delta = 197.792 MB


INFO     : Routing graph resident set memory usage: begin = 230.244 MB, end = 524.948 MB, delta = 294.704 MB


INFO     : 	Routing graph peak resident set memory usage = 524.948 MB


           ***** Ending stage routing graph generation *****

           

           ***** Beginning stage routing ... *****

INFO     : SDC file '/home/olle/efinity_p2/BRAM/const1.sdc' parsed successfully.


INFO     : 2 clocks (including virtual clocks), 0 inputs and 0 outputs were constrained.


INFO     :  ---------      -------     --------------      -------------


INFO     :  Iteration      Overuse     Crit Path (ns)      Calc Time (s)


INFO     :  ---------      -------     --------------      -------------


INFO     :          1        34627              11.37               3.54


INFO     :          2         6245              10.96               5.89


INFO     :          3         2825              10.96               5.63


INFO     :          4          953              10.96               5.68


INFO     :          5          331              10.96                4.7


INFO     :          6          151              10.96               3.83


INFO     :          7           71              11.02               4.83


INFO     :          8           20              11.02               3.91


INFO     :          9           11              11.02               1.65


INFO     :         10            3              11.02               1.68


INFO     :         11            0              11.02              0.367


           

INFO     : Successfully routed netlist after 11 routing iterations and 91360084 heapops


INFO     : Completed net delay value cross check successfully.


           ***** Beginning stage routing check ... *****

           ***** Ending stage routing check *****

           

INFO     : Serial number (magic cookie) for the routing is: 224981662


INFO     : Netlist fully routed.


INFO     : Successfully created FPGA route file '/home/olle/efinity_p2/BRAM/outflow/BRAM.route'


INFO     : Routing took 43.1939 seconds.


INFO     : 	Routing took 43.52 seconds (approximately) in total CPU time.


INFO     : Routing virtual memory usage: begin = 619.764 MB, end = 907.996 MB, delta = 288.232 MB


INFO     : Routing resident set memory usage: begin = 524.948 MB, end = 771.092 MB, delta = 246.144 MB


INFO     : 	Routing peak resident set memory usage = 771.092 MB


           ***** Ending stage routing *****

           

           ***** Beginning stage final timing analysis ... *****

INFO     : SDC file '/home/olle/efinity_p2/BRAM/const1.sdc' parsed successfully.


INFO     : 2 clocks (including virtual clocks), 0 inputs and 0 outputs were constrained.


Maximum possible analyzed clocks frequency
 Clock Name  Period (ns)  Frequency (MHz)     Edge
  clk           17.044        58.672         (R-R)
  pll_clk       11.179        89.453         (R-R)

Geomean max period: 13.803

Setup (Max) Clock Relationship
  Launch Clock    Capture Clock   Constraint (ns)     Slack (ns)          Edge
    clk              clk               30.000           12.956           (R-R)
    pll_clk          clk                1.000           -0.720           (R-R)
    pll_clk          pll_clk            7.000           -4.179           (R-R)

Hold (Min) Clock Relationship
  Launch Clock    Capture Clock   Constraint (ns)     Slack (ns)          Edge
    clk              clk               0.000            0.119            (R-R)
    pll_clk          clk               0.000            0.307            (R-R)
    pll_clk          pll_clk           0.000            0.086            (R-R)


WARNING  : Clock domain between pll_clk (rising) and clk (rising) may not meet (slack: -0.720 ns) the setup (max) timing requirement


WARNING  : Clock domain between pll_clk (rising) and pll_clk (rising) may not meet (slack: -4.179 ns) the setup (max) timing requirement


INFO     : Write Timing Report to "/home/olle/efinity_p2/BRAM/outflow/BRAM.timing.rpt" ...


INFO     : final timing analysis took 0.764152 seconds.


INFO     : 	final timing analysis took 0.78 seconds (approximately) in total CPU time.


INFO     : final timing analysis virtual memory usage: begin = 907.996 MB, end = 907.996 MB, delta = 0 MB


INFO     : final timing analysis resident set memory usage: begin = 771.092 MB, end = 771.476 MB, delta = 0.384 MB


INFO     : 	final timing analysis peak resident set memory usage = 771.476 MB


           ***** Ending stage final timing analysis *****

           

           ***** Beginning stage bitstream generation ... *****

INFO     : Reading core interface constraints file "/home/olle/efinity_p2/BRAM/outflow/BRAM.interface.csv"


INFO     : Successfully read core interface constraints file "/home/olle/efinity_p2/BRAM/outflow/BRAM.interface.csv"


INFO     : Finished writing bitstream file /home/olle/efinity_p2/BRAM/work_pnr/BRAM.lbf.


INFO     : Bitstream generation took 0.658 seconds.


INFO     : 	Bitstream generation took 0.65 seconds (approximately) in total CPU time.


INFO     : Bitstream generation virtual memory usage: begin = 907.996 MB, end = 907.996 MB, delta = 0 MB


INFO     : Bitstream generation resident set memory usage: begin = 771.476 MB, end = 772.244 MB, delta = 0.768 MB


INFO     : 	Bitstream generation peak resident set memory usage = 772.244 MB


           ***** Ending stage bitstream generation *****

           

INFO     : The entire flow of EFX_PNR took 71.5923 seconds.


INFO     : 	The entire flow of EFX_PNR took 104.7 seconds (approximately) in total CPU time.


INFO     : The entire flow of EFX_PNR virtual memory usage: begin = 119.632 MB, end = 907.996 MB, delta = 788.364 MB


INFO     : The entire flow of EFX_PNR resident set memory usage: begin = 38.4 MB, end = 772.244 MB, delta = 733.844 MB


INFO     : 	The entire flow of EFX_PNR peak resident set memory usage = 772.244 MB


Fri August 15 25 20:12:59 - /home/olle/efinix/efinity/2025.1/bin/efx_pnr finished. Exit code = 0 Exit status : Normal





-------------------------------------------------------------------------

Generating bitstream

-------------------------------------------------------------------------

Fri August 15 25 20:12:59 - Bitstream generation flow working directory is /home/olle/efinity_p2/BRAM/work_pnr


INFO     : --max_threads set to 4 

Fri August 15 25 20:13:00 - /home/olle/efinix/efinity/2025.1/bin/efx_pgm --source "/home/olle/efinity_p2/BRAM/work_pnr/BRAM.lbf" --dest "/home/olle/efinity_p2/BRAM/outflow/BRAM.hex" --device "T20F169" --family "Trion" --periph "/home/olle/efinity_p2/BRAM/outflow/BRAM.lpf" --interface_designer_settings "/home/olle/efinity_p2/BRAM/outflow/BRAM_or.ini" --enable_external_master_clock "off" --oscillator_clock_divider "DIV8" --active_capture_clk_edge "posedge" --spi_low_power_mode "on" --io_weak_pullup "on" --enable_roms "smart" --mode "active" --width "1" --release_tri_then_reset "on"

Fri August 15 25 20:13:00 - Running /home/olle/efinix/efinity/2025.1/bin/efx_pgm...

INFO     : Efinix FPGA Bitstream Generator.


INFO     : Version: 2025.1.110.2.15 


INFO     : Copyright (C) 2013 - 2025 Efinix, Inc. All rights reserved.


INFO     : Compiled: May  7 2025.


INFO     : Using source file "/home/olle/efinity_p2/BRAM/work_pnr/BRAM.lbf"


INFO     : Generating HEX programming file for device "T20F169", family "Trion"


INFO     : Using periphery source file "/home/olle/efinity_p2/BRAM/outflow/BRAM.lpf"


INFO     : Generating bit file: "/home/olle/efinity_p2/BRAM/outflow/BRAM.bit"


INFO     : HEX Generation Options Summary:


INFO     : 	Listing options specified to bitstream generation:


INFO     : 	spi_low_power_mode                       = on


INFO     : 	oscillator_clock_divider                 = DIV8


INFO     : 	io_weak_pullup                           = on


INFO     : 	enable_remote_update                     = off


INFO     : 	release_tri_then_reset                   = on


INFO     : Finished generating "/home/olle/efinity_p2/BRAM/outflow/BRAM.hex"


INFO     : Efinix Bitstream Generator took 1.1852 seconds.


INFO     : 	Efinix Bitstream Generator took 1.13 seconds (approximately) in total CPU time.


INFO     : Efinix Bitstream Generator virtual memory usage: begin = 35.092 MB, end = 93.388 MB, delta = 58.296 MB


INFO     : Efinix Bitstream Generator resident set memory usage: begin = 15.104 MB, end = 75.52 MB, delta = 60.416 MB


INFO     : 	Efinix Bitstream Generator peak resident set memory usage = 294.892 MB


Fri August 15 25 20:13:01 - /home/olle/efinix/efinity/2025.1/bin/efx_pgm finished. Exit code = 0 Exit status : Normal

Running hex generation flow done.

Fri August 15 25 20:13:01 - Running automated flow starting from synthesis done. Total duration = 3m 57.398s

Fri August 15 25 20:27:31 - Running automated flow starting from placement...



Fri August 15 25 20:27:31 - Floorplan closed VM : 653.956 MB RSS : 300.392 MB

Fri August 15 25 20:27:31 - Start Debugger Flow



-------------------------------------------------------------------------

Debugger

-------------------------------------------------------------------------

Fri August 15 25 20:27:31 - Debugger flow working directory is /home/olle/efinity_p2/BRAM/work_syn


INFO     : --max_threads set to 4 

INFO     : Deleting any pre-existing troute trace files

INFO     : Deleting any pre-existing troute trace files

--------------------------------------------------------------

Start Debugger Step Generate Debugger Cores.

Fri August 15 25 20:27:32 - /home/olle/efinix/efinity/2025.1/bin/python3  -m "efx_dbg.DbgWizard" --device  "T20F169" --family  "Trion" --in_profile_name  "/home/olle/efinity_p2/BRAM/debug_profile.wizard.json" --out_dbg_vdb  "debug_top.post.vdb" --out_profile_name  "/home/olle/efinity_p2/BRAM/debug_profile.wizard.json" --out_dir  "work_dbg"

Fri August 15 25 20:27:32 - Running /home/olle/efinix/efinity/2025.1/bin/python3...

Fri August 15 25 20:27:32 - /home/olle/efinix/efinity/2025.1/bin/python3 finished. Exit code = 0 Exit status : Normal

Debugger Step Generate Debugger Cores. Done

--------------------------------------------------------------

--------------------------------------------------------------

Start Debugger Step Compile Debugger Cores.

Fri August 15 25 20:27:32 - /home/olle/efinix/efinity/2025.1/bin/efx_map  --allow-const-ram-index "0" --blackbox-error "1" --blast_const_operand_adders "1" --bram_output_regs_packing "1" --bram-push-tco-outreg "0" --create-onehot-fsms "0" --fanout-limit "0" --hdl-compile-unit "1" --hdl-loop-limit "20000" --infer-clk-enable "3" --infer-sync-set-reset "1" --enable-mark-debug "1" --max_ram "-1" --max_mult "-1" --max-bit-blast-mem-size "10240" --min-sr-fanout "0" --min-ce-fanout "0" --mode "speed" --mult-auto-pipeline "0" --mult-decomp-retime "0" --operator-sharing "0" --optimize-adder-tree "0" --optimize-zero-init-rom "1" --peri-syn-instantiation "0" --peri-syn-inference "0" --ram-decomp-mode "0" --retiming "1" --seq_opt "1" --seq-opt-sync-only "0" --use-logic-for-small-mem "64" --use-logic-for-small-rom "64" --max_threads "-1" --mult_input_regs_packing "1" --mult_output_regs_packing "1" --I "/home/olle/efinity_p2/BRAM" --I "/home/olle/efinity_p2/BRAM/ip/BRAM_8192_bytes" --I "/home/olle/efinity_p2/BRAM/ip/micro_risc_v1" --family "Trion" --device "T20F169" --root "edb_top" --v "/home/olle/efinity_p2/BRAM/work_dbg/debug_top.v" --write-postmap-module "/home/olle/efinity_p2/BRAM/work_dbg/debug_top.post.vdb" --gen-mark-debug-json "0" --work-dir "/home/olle/efinity_p2/BRAM/work_dbg" --output-dir "/home/olle/efinity_p2/BRAM/outflow"

Fri August 15 25 20:27:32 - Running /home/olle/efinix/efinity/2025.1/bin/efx_map...

INFO     : Efinix FPGA Synthesis.
INFO     : Version: 2025.1.110.2.15
INFO     : Compiled: Jun 21 2025.
INFO     : 
INFO     : Copyright (C) 2013 - 2025 Efinix, Inc. All rights reserved.


INFO     : Analyzing Verilog file '/home/olle/efinix/efinity/2025.1/sim_models/maplib/efinix_peri_lib.v' [VERI-1482]

INFO     : /home/olle/efinix/efinity/2025.1/sim_models/maplib/efinix_peri_lib.v(8): compiling module 'EFX_IBUF' [VERI-1018]
INFO     : /home/olle/efinix/efinity/2025.1/sim_models/maplib/efinix_peri_lib.v(16): compiling module 'EFX_OBUF' [VERI-1018]
INFO     : /home/olle/efinix/efinity/2025.1/sim_models/maplib/efinix_peri_lib.v(23): compiling module 'EFX_IO_BUF' [VERI-1018]
INFO     : /home/olle/efinix/efinity/2025.1/sim_models/maplib/efinix_peri_lib.v(33): compiling module 'EFX_CLKOUT' [VERI-1018]
INFO     : /home/olle/efinix/efinity/2025.1/sim_models/maplib/efinix_peri_lib.v(41): compiling module 'EFX_IREG' [VERI-1018]
INFO     : /home/olle/efinix/efinity/2025.1/sim_models/maplib/efinix_peri_lib.v(51): compiling module 'EFX_OREG' [VERI-1018]
INFO     : /home/olle/efinix/efinity/2025.1/sim_models/maplib/efinix_peri_lib.v(60): compiling module 'EFX_IOREG' [VERI-1018]
INFO     : /home/olle/efinix/efinity/2025.1/sim_models/maplib/efinix_peri_lib.v(75): compiling module 'EFX_IDDIO' [VERI-1018]
INFO     : /home/olle/efinix/efinity/2025.1/sim_models/maplib/efinix_peri_lib.v(87): compiling module 'EFX_ODDIO' [VERI-1018]
INFO     : /home/olle/efinix/efinity/2025.1/sim_models/maplib/efinix_peri_lib.v(99): compiling module 'EFX_GPIO_V1' [VERI-1018]
INFO     : /home/olle/efinix/efinity/2025.1/sim_models/maplib/efinix_peri_lib.v(124): compiling module 'EFX_GPIO_V2' [VERI-1018]
INFO     : /home/olle/efinix/efinity/2025.1/sim_models/maplib/efinix_peri_lib.v(149): compiling module 'EFX_GPIO_V3' [VERI-1018]
INFO     : /home/olle/efinix/efinity/2025.1/sim_models/maplib/efinix_peri_lib.v(186): compiling module 'EFX_PLL_V1' [VERI-1018]
INFO     : /home/olle/efinix/efinity/2025.1/sim_models/maplib/efinix_peri_lib.v(205): compiling module 'EFX_PLL_V2' [VERI-1018]
INFO     : /home/olle/efinix/efinity/2025.1/sim_models/maplib/efinix_peri_lib.v(231): compiling module 'EFX_PLL_V3' [VERI-1018]
INFO     : /home/olle/efinix/efinity/2025.1/sim_models/maplib/efinix_peri_lib.v(279): compiling module 'EFX_OSC_V1' [VERI-1018]
INFO     : /home/olle/efinix/efinity/2025.1/sim_models/maplib/efinix_peri_lib.v(285): compiling module 'EFX_OSC_V3' [VERI-1018]
INFO     : /home/olle/efinix/efinity/2025.1/sim_models/maplib/efinix_peri_lib.v(294): compiling module 'EFX_FPLL_V1' [VERI-1018]
INFO     : /home/olle/efinix/efinity/2025.1/sim_models/maplib/efinix_peri_lib.v(348): compiling module 'EFX_JTAG_V1' [VERI-1018]
INFO     : /home/olle/efinix/efinity/2025.1/sim_models/maplib/efinix_peri_lib.v(357): compiling module 'EFX_JTAG_CTRL' [VERI-1018]
INFO     : /home/olle/efinix/efinity/2025.1/sim_models/maplib/efinix_peri_lib.v(364): compiling module 'EFX_LVDS_RX_V1' [VERI-1018]
INFO     : /home/olle/efinix/efinity/2025.1/sim_models/maplib/efinix_peri_lib.v(381): compiling module 'EFX_LVDS_TX_V1' [VERI-1018]
INFO     : /home/olle/efinix/efinity/2025.1/sim_models/maplib/efinix_peri_lib.v(399): compiling module 'EFX_LVDS_RX_V2' [VERI-1018]
INFO     : /home/olle/efinix/efinity/2025.1/sim_models/maplib/efinix_peri_lib.v(426): compiling module 'EFX_LVDS_TX_V2' [VERI-1018]
INFO     : /home/olle/efinix/efinity/2025.1/sim_models/maplib/efinix_peri_lib.v(446): compiling module 'EFX_LVDS_BIDIR_V2' [VERI-1018]
INFO     : ***** Beginning Analysis ... *****
INFO     : default VHDL library search path is now "/home/olle/efinix/efinity/2025.1/sim_models/vhdl/packages/vhdl_2008" [VHDL-1504]
INFO     : Analyzing Verilog file '/home/olle/efinix/efinity/2025.1/sim_models/maplib/efinix_maplib.v' [VERI-1482]
INFO     : Analyzing Verilog file '/home/olle/efinix/efinity/2025.1/sim_models/maplib/efinix_peri_lib.v' [VERI-1482]

INFO     : Analyzing Verilog file '/home/olle/efinix/efinity/2025.1/sim_models/maplib/efinix_maplib.v' [VERI-1482]
INFO     : Analyzing Verilog file '/home/olle/efinix/efinity/2025.1/sim_models/maplib/efinix_peri_lib.v' [VERI-1482]
INFO     : Analyzing Verilog file '/home/olle/efinity_p2/BRAM/work_dbg/debug_top.v' [VERI-1482]

INFO     : /home/olle/efinity_p2/BRAM/work_dbg/debug_top.v(4552): undeclared symbol 'la_capture_mask', assumed default net type 'wire' [VERI-2561]

INFO     : /home/olle/efinity_p2/BRAM/work_dbg/debug_top.v(4922): undeclared symbol 'next_segment_pointer_eq', assumed default net type 'wire' [VERI-2561]
INFO     : /home/olle/efinity_p2/BRAM/work_dbg/debug_top.v(4923): undeclared symbol 'next_segment_msb_xor', assumed default net type 'wire' [VERI-2561]
INFO     : Analysis took 0.0633244 seconds.
INFO     : 	Analysis took 0.06 seconds (approximately) in total CPU time.
INFO     : Analysis virtual memory usage: begin = 124.564 MB, end = 127.636 MB, delta = 3.072 MB
INFO     : Analysis resident set memory usage: begin = 71.424 MB, end = 75.136 MB, delta = 3.712 MB
INFO     : 	Analysis peak resident set memory usage = 364.008 MB
INFO     : ***** Ending Analysis ... *****
INFO     : ***** Beginning Elaboration ... *****
WARNING  : /home/olle/efinity_p2/BRAM/work_dbg/debug_top.v(266): port 'probe41' remains unconnected for this instance [VERI-1927]
INFO     : /home/olle/efinity_p2/BRAM/work_dbg/debug_top.v(10): compiling module 'edb_top' [VERI-1018]

INFO     : /home/olle/efinity_p2/BRAM/work_dbg/debug_top.v(652): compiling module 'edb_la_top_renamed_due_excessive_length_1' [VERI-1018]

INFO     : /home/olle/efinity_p2/BRAM/work_dbg/debug_top.v(341): compiling module 'edb_adbg_crc32' [VERI-1018]

INFO     : /home/olle/efinity_p2/BRAM/work_dbg/debug_top.v(5653): compiling module 'compare_unit(WIDTH=11'b01,PIPE=1)' [VERI-1018]

INFO     : /home/olle/efinity_p2/BRAM/work_dbg/debug_top.v(5653): compiling module 'compare_unit(WIDTH=11'b011010,PIPE=1)' [VERI-1018]

INFO     : /home/olle/efinity_p2/BRAM/work_dbg/debug_top.v(5653): compiling module 'compare_unit(WIDTH=11'b010000,PIPE=1)' [VERI-1018]

INFO     : /home/olle/efinity_p2/BRAM/work_dbg/debug_top.v(5653): compiling module 'compare_unit(WIDTH=11'b0100,PIPE=1)' [VERI-1018]

INFO     : /home/olle/efinity_p2/BRAM/work_dbg/debug_top.v(5653): compiling module 'compare_unit(WIDTH=11'b0101,PIPE=1)' [VERI-1018]

INFO     : /home/olle/efinity_p2/BRAM/work_dbg/debug_top.v(5653): compiling module 'compare_unit(WIDTH=11'b0100000,PIPE=1)' [VERI-1018]

INFO     : /home/olle/efinity_p2/BRAM/work_dbg/debug_top.v(5653): compiling module 'compare_unit(WIDTH=11'b011,PIPE=1)' [VERI-1018]

INFO     : /home/olle/efinity_p2/BRAM/work_dbg/debug_top.v(5858): compiling module 'trigger_unit(WIDTH=32'b0101001,PIPE=1)' [VERI-1018]
INFO     : /home/olle/efinity_p2/BRAM/work_dbg/debug_top.v(5858): compiling module 'trigger_unit(WIDTH=32'b0101001,PIPE=1,TRIGGER_IF_MASK_ZERO=1)' [VERI-1018]
WARNING  : /home/olle/efinity_p2/BRAM/work_dbg/debug_top.v(4544): actual bit length 32 differs from formal bit length 1 for port 'trigger_in' [VERI-1330]
INFO     : /home/olle/efinity_p2/BRAM/work_dbg/debug_top.v(5983): compiling module 'trigger_skipper' [VERI-1018]
INFO     : /home/olle/efinity_p2/BRAM/work_dbg/debug_top.v(4999): compiling module 'la_biu(CAPTURE_WIDTH=32'b010110110,CAPTURE_CONTROL=1)' [VERI-1018]

INFO     : /home/olle/efinity_p2/BRAM/work_dbg/debug_top.v(4741): compiling module 'fifo_with_read(DATA_WIDTH=32'b010110111)' [VERI-1018]
INFO     : /home/olle/efinity_p2/BRAM/work_dbg/debug_top.v(4691): compiling module 'fifo_address_trancode_unit' [VERI-1018]
INFO     : /home/olle/efinity_p2/BRAM/work_dbg/debug_top.v(562): compiling module 'edb_simple_dual_port_ram(DATA_WIDTH=32'b010110111,ADDR_WIDTH=10,RAM_INIT_FILE="")' [VERI-1018]
INFO     : /home/olle/efinity_p2/BRAM/work_dbg/debug_top.v(577): extracting RAM for identifier 'ram' [VERI-2571]

INFO     : /home/olle/efinity_p2/BRAM/work_dbg/debug_top.v(419): compiling module 'debug_hub' [VERI-1018]
WARNING  : /home/olle/efinity_p2/BRAM/work_dbg/debug_top.v(204): input port 'probe41[0]' remains unconnected for this instance [VDB-1053]
INFO     : Elaboration took 1.34899 seconds.
INFO     : 	Elaboration took 1.32 seconds (approximately) in total CPU time.
INFO     : Elaboration virtual memory usage: begin = 127.636 MB, end = 191.636 MB, delta = 64 MB
INFO     : Elaboration resident set memory usage: begin = 75.136 MB, end = 140.288 MB, delta = 65.152 MB
INFO     : 	Elaboration peak resident set memory usage = 364.008 MB
INFO     : ***** Ending Elaboration ... *****
INFO     : ... Setting Synthesis Option: mode=speed
INFO     : ***** Beginning Reading Mapping Library ... *****

INFO     : Analyzing Verilog file '/home/olle/efinix/efinity/2025.1/sim_models/maplib/efinix_maplib.v' [VERI-1482]
INFO     : /home/olle/efinix/efinity/2025.1/sim_models/maplib/efinix_maplib.v(8): compiling module 'EFX_ADD' [VERI-1018]
INFO     : /home/olle/efinix/efinity/2025.1/sim_models/maplib/efinix_maplib.v(21): compiling module 'EFX_FF' [VERI-1018]
INFO     : /home/olle/efinix/efinity/2025.1/sim_models/maplib/efinix_maplib.v(38): compiling module 'EFX_COMB4' [VERI-1018]
INFO     : /home/olle/efinix/efinity/2025.1/sim_models/maplib/efinix_maplib.v(48): compiling module 'EFX_GBUFCE' [VERI-1018]
INFO     : /home/olle/efinix/efinity/2025.1/sim_models/maplib/efinix_maplib.v(57): compiling module 'EFX_LUT4' [VERI-1018]
INFO     : /home/olle/efinix/efinity/2025.1/sim_models/maplib/efinix_maplib.v(65): compiling module 'EFX_MULT' [VERI-1018]
INFO     : /home/olle/efinix/efinity/2025.1/sim_models/maplib/efinix_maplib.v(100): compiling module 'EFX_DSP48' [VERI-1018]
INFO     : /home/olle/efinix/efinity/2025.1/sim_models/maplib/efinix_maplib.v(156): compiling module 'EFX_DSP24' [VERI-1018]
INFO     : /home/olle/efinix/efinity/2025.1/sim_models/maplib/efinix_maplib.v(209): compiling module 'EFX_DSP12' [VERI-1018]
INFO     : /home/olle/efinix/efinity/2025.1/sim_models/maplib/efinix_maplib.v(262): compiling module 'EFX_RAM_4K' [VERI-1018]
INFO     : /home/olle/efinix/efinity/2025.1/sim_models/maplib/efinix_maplib.v(322): compiling module 'EFX_RAM_5K' [VERI-1018]
INFO     : /home/olle/efinix/efinity/2025.1/sim_models/maplib/efinix_maplib.v(394): compiling module 'EFX_DPRAM_5K' [VERI-1018]
INFO     : /home/olle/efinix/efinity/2025.1/sim_models/maplib/efinix_maplib.v(499): compiling module 'RAMB5' [VERI-1018]
INFO     : /home/olle/efinix/efinity/2025.1/sim_models/maplib/efinix_maplib.v(561): compiling module 'EFX_RAM_10K' [VERI-1018]
INFO     : /home/olle/efinix/efinity/2025.1/sim_models/maplib/efinix_maplib.v(653): compiling module 'EFX_RAM10' [VERI-1018]
INFO     : /home/olle/efinix/efinity/2025.1/sim_models/maplib/efinix_maplib.v(754): compiling module 'EFX_DPRAM10' [VERI-1018]
INFO     : /home/olle/efinix/efinity/2025.1/sim_models/maplib/efinix_maplib.v(884): compiling module 'EFX_SRL8' [VERI-1018]

INFO     : Reading Mapping Library took 0.015535 seconds.
INFO     : 	Reading Mapping Library took 0.01 seconds (approximately) in total CPU time.
INFO     : Reading Mapping Library virtual memory usage: begin = 191.636 MB, end = 191.636 MB, delta = 0 MB
INFO     : Reading Mapping Library resident set memory usage: begin = 140.928 MB, end = 140.928 MB, delta = 0 MB
INFO     : 	Reading Mapping Library peak resident set memory usage = 364.008 MB
INFO     : ***** Ending Reading Mapping Library ... *****
INFO     : ... Pre-synthesis checks begin
WARNING  : Removing redundant signal : compared_in[0]. (/home/olle/efinity_p2/BRAM/work_dbg/debug_top.v:5659) [EFX-0200]
WARNING  : Removing redundant signal : mask_in[0]. (/home/olle/efinity_p2/BRAM/work_dbg/debug_top.v:5660) [EFX-0200]
WARNING  : Removing redundant signal : trigger_in. (/home/olle/efinity_p2/BRAM/work_dbg/debug_top.v:5870) [EFX-0200]
WARNING  : Removing redundant signal : trigger_in. (/home/olle/efinity_p2/BRAM/work_dbg/debug_top.v:5870) [EFX-0200]
INFO     : ... Memory 'ram' is not initialized, assuming empty initial contents. (/home/olle/efinity_p2/BRAM/work_dbg/debug_top.v:577) [EFX-0677]
WARNING  : Removing redundant signal : din[182]. (/home/olle/efinity_p2/BRAM/work_dbg/debug_top.v:4754) [EFX-0200]
WARNING  : Removing redundant signal : shift_i. (/home/olle/efinity_p2/BRAM/work_dbg/debug_top.v:5019) [EFX-0200]
WARNING  : Removing redundant signal : trig_out. (/home/olle/efinity_p2/BRAM/work_dbg/debug_top.v:5036) [EFX-0200]
WARNING  : Removing redundant signal : trig_out_ack. (/home/olle/efinity_p2/BRAM/work_dbg/debug_top.v:5037) [EFX-0200]
INFO     : Module Instance 'genblk2.global_capture_inst' input pin 'trigger_in' is tied to constant (=0). [EFX-0266]
WARNING  : Removing redundant signal : bscan_DRCK. (/home/olle/efinity_p2/BRAM/work_dbg/debug_top.v:1185) [EFX-0200]
WARNING  : Removing redundant signal : bscan_RESET. (/home/olle/efinity_p2/BRAM/work_dbg/debug_top.v:1186) [EFX-0200]
WARNING  : Removing redundant signal : bscan_RUNTEST. (/home/olle/efinity_p2/BRAM/work_dbg/debug_top.v:1187) [EFX-0200]
WARNING  : Removing redundant signal : bscan_SEL. (/home/olle/efinity_p2/BRAM/work_dbg/debug_top.v:1188) [EFX-0200]
WARNING  : Removing redundant signal : bscan_TMS. (/home/olle/efinity_p2/BRAM/work_dbg/debug_top.v:1192) [EFX-0200]
WARNING  : Removing redundant signal : trig_in_ack. (/home/olle/efinity_p2/BRAM/work_dbg/debug_top.v:1204) [EFX-0200]

WARNING  : Removing redundant signal : bscan_CAPTURE. (/home/olle/efinity_p2/BRAM/work_dbg/debug_top.v:424) [EFX-0200]
WARNING  : Removing redundant signal : bscan_DRCK. (/home/olle/efinity_p2/BRAM/work_dbg/debug_top.v:425) [EFX-0200]
WARNING  : Removing redundant signal : bscan_RUNTEST. (/home/olle/efinity_p2/BRAM/work_dbg/debug_top.v:427) [EFX-0200]
WARNING  : Removing redundant signal : bscan_TMS. (/home/olle/efinity_p2/BRAM/work_dbg/debug_top.v:432) [EFX-0200]
INFO     : Module Instance 'la0' input pin 'trig_in' is tied to constant (=0). [EFX-0266]
INFO     : Module Instance 'la0' input pin 'trig_out_ack' is tied to constant (=0). [EFX-0266]
WARNING  : Re-wiring to GND non-driven net 'la0.probe41[0]'. (/home/olle/efinity_p2/BRAM/work_dbg/debug_top.v:204) [EFX-0201]
WARNING  : Re-wiring to GND non-driven net 'la0.probe42[0]'. (/home/olle/efinity_p2/BRAM/work_dbg/debug_top.v:204) [EFX-0201]
WARNING  : Re-wiring to GND non-driven net 'la0.probe43[0]'. (/home/olle/efinity_p2/BRAM/work_dbg/debug_top.v:204) [EFX-0201]
WARNING  : Re-wiring to GND non-driven net 'la0.probe44[0]'. (/home/olle/efinity_p2/BRAM/work_dbg/debug_top.v:204) [EFX-0201]
WARNING  : Re-wiring to GND non-driven net 'la0.probe45[0]'. (/home/olle/efinity_p2/BRAM/work_dbg/debug_top.v:204) [EFX-0201]
WARNING  : Re-wiring to GND non-driven net 'la0.probe46[0]'. (/home/olle/efinity_p2/BRAM/work_dbg/debug_top.v:204) [EFX-0201]
WARNING  : Re-wiring to GND non-driven net 'la0.probe47[0]'. (/home/olle/efinity_p2/BRAM/work_dbg/debug_top.v:204) [EFX-0201]
WARNING  : Re-wiring to GND non-driven net 'la0.probe48[0]'. (/home/olle/efinity_p2/BRAM/work_dbg/debug_top.v:204) [EFX-0201]
WARNING  : Re-wiring to GND non-driven net 'la0.probe49[0]'. (/home/olle/efinity_p2/BRAM/work_dbg/debug_top.v:204) [EFX-0201]
WARNING  : Re-wiring to GND non-driven net 'la0.probe50[0]'. (/home/olle/efinity_p2/BRAM/work_dbg/debug_top.v:204) [EFX-0201]
WARNING  : (The above message was generated too many times, subsequent similar messages will be muted.) [EFX-0201]
INFO     : ... Pre-synthesis checks end (Real time : 0s CPU user time : 2s CPU sys time : 0s MEM : 364008KB)
INFO     : ... NameSpace init begin
INFO     : ... NameSpace init end (Real time : 0s CPU user time : 2s CPU sys time : 0s MEM : 364008KB)
INFO     : ... Mapping design "edb_top"
INFO     : ... Hierarchical pre-synthesis "edb_adbg_crc32" begin

INFO     : ... Hierarchical pre-synthesis "edb_adbg_crc32" end (Real time : 0s CPU user time : 2s CPU sys time : 0s MEM : 364008KB)
INFO     : ... Hierarchical pre-synthesis "compare_unit(WIDTH=11'b01,PIPE=1)" begin
INFO     : ... Hierarchical pre-synthesis "compare_unit(WIDTH=11'b01,PIPE=1)" end (Real time : 0s CPU user time : 2s CPU sys time : 0s MEM : 364008KB)
INFO     : ... Hierarchical pre-synthesis "compare_unit(WIDTH=11'b011010,PIPE=1)" begin
INFO     : ... Hierarchical pre-synthesis "compare_unit(WIDTH=11'b011010,PIPE=1)" end (Real time : 0s CPU user time : 2s CPU sys time : 0s MEM : 364008KB)
INFO     : ... Hierarchical pre-synthesis "compare_unit(WIDTH=11'b010000,PIPE=1)" begin

INFO     : ... Hierarchical pre-synthesis "compare_unit(WIDTH=11'b010000,PIPE=1)" end (Real time : 0s CPU user time : 2s CPU sys time : 0s MEM : 364008KB)
INFO     : ... Hierarchical pre-synthesis "compare_unit(WIDTH=11'b0100,PIPE=1)" begin
INFO     : ... Hierarchical pre-synthesis "compare_unit(WIDTH=11'b0100,PIPE=1)" end (Real time : 0s CPU user time : 2s CPU sys time : 0s MEM : 364008KB)
INFO     : ... Hierarchical pre-synthesis "compare_unit(WIDTH=11'b0101,PIPE=1)" begin
INFO     : ... Hierarchical pre-synthesis "compare_unit(WIDTH=11'b0101,PIPE=1)" end (Real time : 0s CPU user time : 2s CPU sys time : 0s MEM : 364008KB)
INFO     : ... Hierarchical pre-synthesis "compare_unit(WIDTH=11'b0100000,PIPE=1)" begin
INFO     : ... Hierarchical pre-synthesis "compare_unit(WIDTH=11'b0100000,PIPE=1)" end (Real time : 0s CPU user time : 2s CPU sys time : 0s MEM : 364008KB)
INFO     : ... Hierarchical pre-synthesis "compare_unit(WIDTH=11'b011,PIPE=1)" begin
INFO     : ... Hierarchical pre-synthesis "compare_unit(WIDTH=11'b011,PIPE=1)" end (Real time : 0s CPU user time : 2s CPU sys time : 0s MEM : 364008KB)
INFO     : ... Hierarchical pre-synthesis "trigger_unit(WIDTH=32'b0101001,PIPE=1)" begin

INFO     : ... Hierarchical pre-synthesis "trigger_unit(WIDTH=32'b0101001,PIPE=1)" end (Real time : 0s CPU user time : 2s CPU sys time : 0s MEM : 364008KB)
INFO     : ... Hierarchical pre-synthesis "trigger_unit(WIDTH=32'b0101001,PIPE=1,TRIGGER_IF_MASK_ZERO=1)" begin
INFO     : ... Hierarchical pre-synthesis "trigger_unit(WIDTH=32'b0101001,PIPE=1,TRIGGER_IF_MASK_ZERO=1)" end (Real time : 0s CPU user time : 2s CPU sys time : 0s MEM : 364008KB)
INFO     : ... Hierarchical pre-synthesis "trigger_skipper" begin

INFO     : ... Hierarchical pre-synthesis "trigger_skipper" end (Real time : 0s CPU user time : 2s CPU sys time : 0s MEM : 364008KB)
INFO     : ... Hierarchical pre-synthesis "fifo_address_trancode_unit" begin
INFO     : ... Hierarchical pre-synthesis "fifo_address_trancode_unit" end (Real time : 1s CPU user time : 2s CPU sys time : 0s MEM : 364008KB)
INFO     : ... Hierarchical pre-synthesis "edb_simple_dual_port_ram(DATA_WIDTH=32'b010110111,ADDR_WIDTH=10,RAM_INIT_FILE="")" begin

INFO     : ... Hierarchical pre-synthesis "edb_simple_dual_port_ram(DATA_WIDTH=32'b010110111,ADDR_WIDTH=10,RAM_INIT_FILE="")" end (Real time : 0s CPU user time : 2s CPU sys time : 0s MEM : 364008KB)
INFO     : ... Hierarchical pre-synthesis "fifo_with_read(DATA_WIDTH=32'b010110111)" begin

INFO     : ... Hierarchical pre-synthesis "fifo_with_read(DATA_WIDTH=32'b010110111)" end (Real time : 0s CPU user time : 2s CPU sys time : 0s MEM : 364008KB)
INFO     : ... Hierarchical pre-synthesis "la_biu(CAPTURE_WIDTH=32'b010110110,CAPTURE_CONTROL=1)" begin

INFO     : ... Hierarchical pre-synthesis "la_biu(CAPTURE_WIDTH=32'b010110110,CAPTURE_CONTROL=1)" end (Real time : 0s CPU user time : 2s CPU sys time : 0s MEM : 364008KB)
INFO     : ... Hierarchical pre-synthesis "edb_la_top_renamed_due_excessive_length_1" begin

INFO     : ... Hierarchical pre-synthesis "edb_la_top_renamed_due_excessive_length_1" end (Real time : 1s CPU user time : 3s CPU sys time : 0s MEM : 364008KB)
INFO     : ... Hierarchical pre-synthesis "debug_hub" begin

INFO     : ... Hierarchical pre-synthesis "debug_hub" end (Real time : 0s CPU user time : 3s CPU sys time : 0s MEM : 364008KB)
INFO     : ... Hierarchical pre-synthesis "edb_top" begin

INFO     : ... Clock Enable Synthesis Performed on 129 flops.

INFO     : ... Hierarchical pre-synthesis "edb_top" end (Real time : 1s CPU user time : 4s CPU sys time : 0s MEM : 364008KB)

INFO     : ... Flat optimizations begin

INFO     : ... Flat optimizations end (Real time : 0s CPU user time : 4s CPU sys time : 0s MEM : 364008KB)

INFO     : ... Flat synthesis begin

INFO     : ... Flat synthesis end (Real time : 0s CPU user time : 5s CPU sys time : 0s MEM : 364008KB)

INFO     : ... Flat optimizations begin

INFO     : ... Flat optimizations end (Real time : 0s CPU user time : 5s CPU sys time : 0s MEM : 364008KB)

INFO     : ... Check and break combinational loops begin

INFO     : ... Check and break combinational loops end (Real time : 0s CPU user time : 5s CPU sys time : 0s MEM : 364008KB)

INFO     : ... Sequential Optimization begin

INFO     : ... Clock Network 'la0_clk' with 2026 loads will be considered for sequential optimization.

INFO     : ... Clock Network 'bscan_TCK' with 1353 loads will be considered for sequential optimization.

INFO     : ... Sequential Optimization deduced 291 equivalent points.

INFO     : ... Sequential Optimization end (Real time : 12s CPU user time : 17s CPU sys time : 0s MEM : 364008KB)

INFO     : ... Setup for logic synthesis begin

INFO     : ... Setup for logic synthesis end (Real time : 0s CPU user time : 17s CPU sys time : 0s MEM : 364008KB)
INFO     : ... LUT mapping begin

INFO     : ... LS, strategy: 3, nd: 3137, ed: 9852, lv: 7, pw: 5607.17
INFO     : ... LUT mapping end (Real time : 12s CPU user time : 31s CPU sys time : 0s MEM : 364008KB)
INFO     : ... Post-synthesis Verific netlist creation begin

INFO     : ... Post-synthesis Verific netlist creation end (Real time : 0s CPU user time : 31s CPU sys time : 0s MEM : 364008KB)

INFO     : ... Postmap Retiming Optimization begin

INFO     : ... Clock Network 'la0_clk~la0_clk' with 2026 loads will be considered for retiming optimization.

INFO     : ... Clock Network 'bscan_TCK~bscan_TCK' with 1353 loads will be considered for retiming optimization.

INFO     : ... Performed 0 retime moves.
INFO     : ... Postmap Retiming Optimization end (Real time : 11s CPU user time : 42s CPU sys time : 0s MEM : 364008KB)

INFO     : ***** Beginning VDB Netlist Checker ... *****
WARNING  : /home/olle/efinity_p2/BRAM/work_dbg/debug_top.v(13): Input/inout port bscan_DRCK is unconnected and will be removed. [VDB-8003]
WARNING  : /home/olle/efinity_p2/BRAM/work_dbg/debug_top.v(15): Input/inout port bscan_RUNTEST is unconnected and will be removed. [VDB-8003]
WARNING  : /home/olle/efinity_p2/BRAM/work_dbg/debug_top.v(20): Input/inout port bscan_TMS is unconnected and will be removed. [VDB-8003]

WARNING  : Found 3 warnings in the post-synthesis netlist.
INFO     : VDB Netlist Checker took 0.0292662 seconds.
INFO     : 	VDB Netlist Checker took 0.06 seconds (approximately) in total CPU time.
INFO     : VDB Netlist Checker virtual memory usage: begin = 322.252 MB, end = 322.252 MB, delta = 0 MB
INFO     : VDB Netlist Checker resident set memory usage: begin = 227.28 MB, end = 227.28 MB, delta = 0 MB
INFO     : 	VDB Netlist Checker peak resident set memory usage = 364.008 MB
INFO     : ***** Ending VDB Netlist Checker ... *****

INFO     : Resource Summary 
INFO     : =============================== 
INFO     : EFX_ADD         : 	152
INFO     : EFX_LUT4        : 	3122
INFO     : EFX_FF          : 	3370
INFO     : EFX_RAM_5K      : 	37
INFO     : EFX_GBUFCE      : 	2
INFO     : =============================== 

INFO     : The entire flow of EFX_MAP took 40.3368 seconds.
INFO     : 	The entire flow of EFX_MAP took 43.3 seconds (approximately) in total CPU time.
INFO     : The entire flow of EFX_MAP virtual memory usage: begin = 88.404 MB, end = 322.252 MB, delta = 233.848 MB
INFO     : The entire flow of EFX_MAP resident set memory usage: begin = 27.264 MB, end = 227.28 MB, delta = 200.016 MB
INFO     : 	The entire flow of EFX_MAP peak resident set memory usage = 364.008 MB

Fri August 15 25 20:28:13 - /home/olle/efinix/efinity/2025.1/bin/efx_map finished. Exit code = 0 Exit status : Normal

Debugger Step Compile Debugger Cores. Done

--------------------------------------------------------------

--------------------------------------------------------------

Start Debugger Step Merge User design with Debugger Cores.

Fri August 15 25 20:28:13 - /home/olle/efinix/efinity/2025.1/bin/efx_map  --family "Trion" --device "T20F169" --gen-mark-debug-json "0" --allow-const-ram-index "0" --blackbox-error "1" --blast_const_operand_adders "1" --bram_output_regs_packing "1" --bram-push-tco-outreg "0" --create-onehot-fsms "0" --fanout-limit "0" --hdl-compile-unit "1" --hdl-loop-limit "20000" --infer-clk-enable "3" --infer-sync-set-reset "1" --enable-mark-debug "1" --max_ram "-1" --max_mult "-1" --max-bit-blast-mem-size "10240" --min-sr-fanout "0" --min-ce-fanout "0" --mode "speed" --mult-auto-pipeline "0" --mult-decomp-retime "0" --operator-sharing "0" --optimize-adder-tree "0" --optimize-zero-init-rom "1" --peri-syn-instantiation "0" --peri-syn-inference "0" --ram-decomp-mode "0" --retiming "1" --seq_opt "1" --seq-opt-sync-only "0" --use-logic-for-small-mem "64" --use-logic-for-small-rom "64" --max_threads "-1" --mult_input_regs_packing "1" --mult_output_regs_packing "1" --I "/home/olle/efinity_p2/BRAM" --I "/home/olle/efinity_p2/BRAM/ip/BRAM_8192_bytes" --I "/home/olle/efinity_p2/BRAM/ip/micro_risc_v1" --root "top_level" --vdb "/home/olle/efinity_p2/BRAM/outflow/BRAM.elab.vdb" --vdb "/home/olle/efinity_p2/BRAM/work_dbg/debug_top.post.vdb" --write-efx-verilog "/home/olle/efinity_p2/BRAM/work_dbg/BRAM.dbg.map.v" --binary-db "/home/olle/efinity_p2/BRAM/work_dbg/BRAM.dbg.vdb" --merge_vdbs=1 --conn "/home/olle/efinity_p2/BRAM/debug_profile.wizard.json" --work-dir "/home/olle/efinity_p2/BRAM/work_dbg" --output-dir "/home/olle/efinity_p2/BRAM/outflow"

Fri August 15 25 20:28:13 - Running /home/olle/efinix/efinity/2025.1/bin/efx_map...

INFO     : Efinix FPGA Synthesis.
INFO     : Version: 2025.1.110.2.15
INFO     : Compiled: Jun 21 2025.
INFO     : 
INFO     : Copyright (C) 2013 - 2025 Efinix, Inc. All rights reserved.


INFO     : Analyzing Verilog file '/home/olle/efinix/efinity/2025.1/sim_models/maplib/efinix_peri_lib.v' [VERI-1482]
INFO     : /home/olle/efinix/efinity/2025.1/sim_models/maplib/efinix_peri_lib.v(8): compiling module 'EFX_IBUF' [VERI-1018]

INFO     : /home/olle/efinix/efinity/2025.1/sim_models/maplib/efinix_peri_lib.v(16): compiling module 'EFX_OBUF' [VERI-1018]

INFO     : /home/olle/efinix/efinity/2025.1/sim_models/maplib/efinix_peri_lib.v(23): compiling module 'EFX_IO_BUF' [VERI-1018]
INFO     : /home/olle/efinix/efinity/2025.1/sim_models/maplib/efinix_peri_lib.v(33): compiling module 'EFX_CLKOUT' [VERI-1018]
INFO     : /home/olle/efinix/efinity/2025.1/sim_models/maplib/efinix_peri_lib.v(41): compiling module 'EFX_IREG' [VERI-1018]
INFO     : /home/olle/efinix/efinity/2025.1/sim_models/maplib/efinix_peri_lib.v(51): compiling module 'EFX_OREG' [VERI-1018]
INFO     : /home/olle/efinix/efinity/2025.1/sim_models/maplib/efinix_peri_lib.v(60): compiling module 'EFX_IOREG' [VERI-1018]
INFO     : /home/olle/efinix/efinity/2025.1/sim_models/maplib/efinix_peri_lib.v(75): compiling module 'EFX_IDDIO' [VERI-1018]
INFO     : /home/olle/efinix/efinity/2025.1/sim_models/maplib/efinix_peri_lib.v(87): compiling module 'EFX_ODDIO' [VERI-1018]
INFO     : /home/olle/efinix/efinity/2025.1/sim_models/maplib/efinix_peri_lib.v(99): compiling module 'EFX_GPIO_V1' [VERI-1018]
INFO     : /home/olle/efinix/efinity/2025.1/sim_models/maplib/efinix_peri_lib.v(124): compiling module 'EFX_GPIO_V2' [VERI-1018]
INFO     : /home/olle/efinix/efinity/2025.1/sim_models/maplib/efinix_peri_lib.v(149): compiling module 'EFX_GPIO_V3' [VERI-1018]
INFO     : /home/olle/efinix/efinity/2025.1/sim_models/maplib/efinix_peri_lib.v(186): compiling module 'EFX_PLL_V1' [VERI-1018]
INFO     : /home/olle/efinix/efinity/2025.1/sim_models/maplib/efinix_peri_lib.v(205): compiling module 'EFX_PLL_V2' [VERI-1018]
INFO     : /home/olle/efinix/efinity/2025.1/sim_models/maplib/efinix_peri_lib.v(231): compiling module 'EFX_PLL_V3' [VERI-1018]
INFO     : /home/olle/efinix/efinity/2025.1/sim_models/maplib/efinix_peri_lib.v(279): compiling module 'EFX_OSC_V1' [VERI-1018]
INFO     : /home/olle/efinix/efinity/2025.1/sim_models/maplib/efinix_peri_lib.v(285): compiling module 'EFX_OSC_V3' [VERI-1018]
INFO     : /home/olle/efinix/efinity/2025.1/sim_models/maplib/efinix_peri_lib.v(294): compiling module 'EFX_FPLL_V1' [VERI-1018]
INFO     : /home/olle/efinix/efinity/2025.1/sim_models/maplib/efinix_peri_lib.v(348): compiling module 'EFX_JTAG_V1' [VERI-1018]
INFO     : /home/olle/efinix/efinity/2025.1/sim_models/maplib/efinix_peri_lib.v(357): compiling module 'EFX_JTAG_CTRL' [VERI-1018]
INFO     : /home/olle/efinix/efinity/2025.1/sim_models/maplib/efinix_peri_lib.v(364): compiling module 'EFX_LVDS_RX_V1' [VERI-1018]
INFO     : /home/olle/efinix/efinity/2025.1/sim_models/maplib/efinix_peri_lib.v(381): compiling module 'EFX_LVDS_TX_V1' [VERI-1018]
INFO     : /home/olle/efinix/efinity/2025.1/sim_models/maplib/efinix_peri_lib.v(399): compiling module 'EFX_LVDS_RX_V2' [VERI-1018]
INFO     : /home/olle/efinix/efinity/2025.1/sim_models/maplib/efinix_peri_lib.v(426): compiling module 'EFX_LVDS_TX_V2' [VERI-1018]
INFO     : /home/olle/efinix/efinity/2025.1/sim_models/maplib/efinix_peri_lib.v(446): compiling module 'EFX_LVDS_BIDIR_V2' [VERI-1018]

INFO     : ... Setting Synthesis Option: mode=speed
INFO     : ***** Beginning Reading Mapping Library ... *****
INFO     : Analyzing Verilog file '/home/olle/efinix/efinity/2025.1/sim_models/maplib/efinix_maplib.v' [VERI-1482]
INFO     : /home/olle/efinix/efinity/2025.1/sim_models/maplib/efinix_maplib.v(8): compiling module 'EFX_ADD' [VERI-1018]
INFO     : /home/olle/efinix/efinity/2025.1/sim_models/maplib/efinix_maplib.v(21): compiling module 'EFX_FF' [VERI-1018]
INFO     : /home/olle/efinix/efinity/2025.1/sim_models/maplib/efinix_maplib.v(38): compiling module 'EFX_COMB4' [VERI-1018]
INFO     : /home/olle/efinix/efinity/2025.1/sim_models/maplib/efinix_maplib.v(48): compiling module 'EFX_GBUFCE' [VERI-1018]
INFO     : /home/olle/efinix/efinity/2025.1/sim_models/maplib/efinix_maplib.v(57): compiling module 'EFX_LUT4' [VERI-1018]
INFO     : /home/olle/efinix/efinity/2025.1/sim_models/maplib/efinix_maplib.v(65): compiling module 'EFX_MULT' [VERI-1018]
INFO     : /home/olle/efinix/efinity/2025.1/sim_models/maplib/efinix_maplib.v(100): compiling module 'EFX_DSP48' [VERI-1018]

INFO     : /home/olle/efinix/efinity/2025.1/sim_models/maplib/efinix_maplib.v(156): compiling module 'EFX_DSP24' [VERI-1018]
INFO     : /home/olle/efinix/efinity/2025.1/sim_models/maplib/efinix_maplib.v(209): compiling module 'EFX_DSP12' [VERI-1018]
INFO     : /home/olle/efinix/efinity/2025.1/sim_models/maplib/efinix_maplib.v(262): compiling module 'EFX_RAM_4K' [VERI-1018]
INFO     : /home/olle/efinix/efinity/2025.1/sim_models/maplib/efinix_maplib.v(322): compiling module 'EFX_RAM_5K' [VERI-1018]
INFO     : /home/olle/efinix/efinity/2025.1/sim_models/maplib/efinix_maplib.v(394): compiling module 'EFX_DPRAM_5K' [VERI-1018]
INFO     : /home/olle/efinix/efinity/2025.1/sim_models/maplib/efinix_maplib.v(499): compiling module 'RAMB5' [VERI-1018]
INFO     : /home/olle/efinix/efinity/2025.1/sim_models/maplib/efinix_maplib.v(561): compiling module 'EFX_RAM_10K' [VERI-1018]
INFO     : /home/olle/efinix/efinity/2025.1/sim_models/maplib/efinix_maplib.v(653): compiling module 'EFX_RAM10' [VERI-1018]
INFO     : /home/olle/efinix/efinity/2025.1/sim_models/maplib/efinix_maplib.v(754): compiling module 'EFX_DPRAM10' [VERI-1018]
INFO     : /home/olle/efinix/efinity/2025.1/sim_models/maplib/efinix_maplib.v(884): compiling module 'EFX_SRL8' [VERI-1018]
INFO     : Reading Mapping Library took 0.0131632 seconds.
INFO     : 	Reading Mapping Library took 0.01 seconds (approximately) in total CPU time.
INFO     : Reading Mapping Library virtual memory usage: begin = 169.104 MB, end = 169.104 MB, delta = 0 MB
INFO     : Reading Mapping Library resident set memory usage: begin = 116.608 MB, end = 117.248 MB, delta = 0.64 MB
INFO     : 	Reading Mapping Library peak resident set memory usage = 364.008 MB
INFO     : ***** Ending Reading Mapping Library ... *****
INFO     : ... Pre-synthesis checks begin
WARNING  : The primary output port 'led2' wire 'led2' is not driven. [EFX-0256]
WARNING  : The primary output port 'CAM0_EN' wire 'CAM0_EN' is not driven. [EFX-0256]
WARNING  : The primary output port 'CAM1_EN' wire 'CAM1_EN' is not driven. [EFX-0256]
WARNING  : Removing redundant signal : io_cpu_prefetch_isValid. (/home/olle/efinity_p2/BRAM/ip/micro_risc_v1/micro_risc_v1.v:12221) [EFX-0200]
WARNING  : Removing redundant signal : io_cpu_prefetch_pc[31]. (/home/olle/efinity_p2/BRAM/ip/micro_risc_v1/micro_risc_v1.v:12223) [EFX-0200]
WARNING  : Removing redundant signal : io_cpu_prefetch_pc[30]. (/home/olle/efinity_p2/BRAM/ip/micro_risc_v1/micro_risc_v1.v:12223) [EFX-0200]
WARNING  : Removing redundant signal : io_cpu_prefetch_pc[29]. (/home/olle/efinity_p2/BRAM/ip/micro_risc_v1/micro_risc_v1.v:12223) [EFX-0200]
WARNING  : Removing redundant signal : io_cpu_prefetch_pc[28]. (/home/olle/efinity_p2/BRAM/ip/micro_risc_v1/micro_risc_v1.v:12223) [EFX-0200]
WARNING  : Removing redundant signal : io_cpu_prefetch_pc[27]. (/home/olle/efinity_p2/BRAM/ip/micro_risc_v1/micro_risc_v1.v:12223) [EFX-0200]
WARNING  : Removing redundant signal : io_cpu_prefetch_pc[26]. (/home/olle/efinity_p2/BRAM/ip/micro_risc_v1/micro_risc_v1.v:12223) [EFX-0200]
WARNING  : Removing redundant signal : io_cpu_prefetch_pc[25]. (/home/olle/efinity_p2/BRAM/ip/micro_risc_v1/micro_risc_v1.v:12223) [EFX-0200]
WARNING  : Removing redundant signal : io_cpu_prefetch_pc[24]. (/home/olle/efinity_p2/BRAM/ip/micro_risc_v1/micro_risc_v1.v:12223) [EFX-0200]
WARNING  : Removing redundant signal : io_cpu_prefetch_pc[23]. (/home/olle/efinity_p2/BRAM/ip/micro_risc_v1/micro_risc_v1.v:12223) [EFX-0200]
WARNING  : Removing redundant signal : io_cpu_prefetch_pc[22]. (/home/olle/efinity_p2/BRAM/ip/micro_risc_v1/micro_risc_v1.v:12223) [EFX-0200]
WARNING  : Removing redundant signal : io_cpu_prefetch_pc[21]. (/home/olle/efinity_p2/BRAM/ip/micro_risc_v1/micro_risc_v1.v:12223) [EFX-0200]
WARNING  : Removing redundant signal : io_cpu_prefetch_pc[20]. (/home/olle/efinity_p2/BRAM/ip/micro_risc_v1/micro_risc_v1.v:12223) [EFX-0200]
WARNING  : Removing redundant signal : io_cpu_prefetch_pc[19]. (/home/olle/efinity_p2/BRAM/ip/micro_risc_v1/micro_risc_v1.v:12223) [EFX-0200]
WARNING  : Removing redundant signal : io_cpu_prefetch_pc[18]. (/home/olle/efinity_p2/BRAM/ip/micro_risc_v1/micro_risc_v1.v:12223) [EFX-0200]
WARNING  : Removing redundant signal : io_cpu_prefetch_pc[17]. (/home/olle/efinity_p2/BRAM/ip/micro_risc_v1/micro_risc_v1.v:12223) [EFX-0200]
WARNING  : Removing redundant signal : io_cpu_prefetch_pc[16]. (/home/olle/efinity_p2/BRAM/ip/micro_risc_v1/micro_risc_v1.v:12223) [EFX-0200]
WARNING  : Removing redundant signal : io_cpu_prefetch_pc[15]. (/home/olle/efinity_p2/BRAM/ip/micro_risc_v1/micro_risc_v1.v:12223) [EFX-0200]
WARNING  : Removing redundant signal : io_cpu_prefetch_pc[14]. (/home/olle/efinity_p2/BRAM/ip/micro_risc_v1/micro_risc_v1.v:12223) [EFX-0200]
WARNING  : Removing redundant signal : io_cpu_prefetch_pc[13]. (/home/olle/efinity_p2/BRAM/ip/micro_risc_v1/micro_risc_v1.v:12223) [EFX-0200]
WARNING  : (The above message was generated too many times, subsequent similar messages will be muted.) [EFX-0200]
INFO     : ... Memory 'banks_0' is not initialized, assuming empty initial contents. (/home/olle/efinity_p2/BRAM/ip/micro_risc_v1/micro_risc_v1.v:12325) [EFX-0677]
INFO     : ... Memory 'ways_0_tags' is not initialized, assuming empty initial contents. (/home/olle/efinity_p2/BRAM/ip/micro_risc_v1/micro_risc_v1.v:12326) [EFX-0677]
INFO     : ... Memory 'ways_0_tags' is not initialized, assuming empty initial contents. (/home/olle/efinity_p2/BRAM/ip/micro_risc_v1/micro_risc_v1.v:11579) [EFX-0677]
INFO     : ... Memory 'ways_0_data_symbol0' is not initialized, assuming empty initial contents. (/home/olle/efinity_p2/BRAM/ip/micro_risc_v1/micro_risc_v1.v:11580) [EFX-0677]
INFO     : ... Memory 'ways_0_data_symbol1' is not initialized, assuming empty initial contents. (/home/olle/efinity_p2/BRAM/ip/micro_risc_v1/micro_risc_v1.v:11581) [EFX-0677]
INFO     : ... Memory 'ways_0_data_symbol2' is not initialized, assuming empty initial contents. (/home/olle/efinity_p2/BRAM/ip/micro_risc_v1/micro_risc_v1.v:11582) [EFX-0677]
INFO     : ... Memory 'ways_0_data_symbol3' is not initialized, assuming empty initial contents. (/home/olle/efinity_p2/BRAM/ip/micro_risc_v1/micro_risc_v1.v:11583) [EFX-0677]

WARNING  : Re-wiring to GND non-driven net 'IBusCachedPlugin_cache_io_cpu_fetch_isRemoved'. (/home/olle/efinity_p2/BRAM/ip/micro_risc_v1/micro_risc_v1.v:5832) [EFX-0201]
WARNING  : Re-wiring to GND non-driven net 'dataCache_1_io_cpu_writeBack_fence_SW'. (/home/olle/efinity_p2/BRAM/ip/micro_risc_v1/micro_risc_v1.v:5845) [EFX-0201]
WARNING  : Re-wiring to GND non-driven net 'dataCache_1_io_cpu_writeBack_fence_SR'. (/home/olle/efinity_p2/BRAM/ip/micro_risc_v1/micro_risc_v1.v:5846) [EFX-0201]
WARNING  : Re-wiring to GND non-driven net 'dataCache_1_io_cpu_writeBack_fence_SO'. (/home/olle/efinity_p2/BRAM/ip/micro_risc_v1/micro_risc_v1.v:5847) [EFX-0201]
WARNING  : Re-wiring to GND non-driven net 'dataCache_1_io_cpu_writeBack_fence_SI'. (/home/olle/efinity_p2/BRAM/ip/micro_risc_v1/micro_risc_v1.v:5848) [EFX-0201]
WARNING  : Re-wiring to GND non-driven net 'dataCache_1_io_cpu_writeBack_fence_PW'. (/home/olle/efinity_p2/BRAM/ip/micro_risc_v1/micro_risc_v1.v:5849) [EFX-0201]
WARNING  : Re-wiring to GND non-driven net 'dataCache_1_io_cpu_writeBack_fence_PR'. (/home/olle/efinity_p2/BRAM/ip/micro_risc_v1/micro_risc_v1.v:5850) [EFX-0201]
WARNING  : Re-wiring to GND non-driven net 'dataCache_1_io_cpu_writeBack_fence_PO'. (/home/olle/efinity_p2/BRAM/ip/micro_risc_v1/micro_risc_v1.v:5851) [EFX-0201]
WARNING  : Re-wiring to GND non-driven net 'dataCache_1_io_cpu_writeBack_fence_PI'. (/home/olle/efinity_p2/BRAM/ip/micro_risc_v1/micro_risc_v1.v:5852) [EFX-0201]
WARNING  : Re-wiring to GND non-driven net 'dataCache_1_io_cpu_writeBack_fence_FM[3]'. (/home/olle/efinity_p2/BRAM/ip/micro_risc_v1/micro_risc_v1.v:5853) [EFX-0201]
WARNING  : (The above message was generated too many times, subsequent similar messages will be muted.) [EFX-0201]
INFO     : ... Memory 'RegFilePlugin_regFile' is not initialized, assuming empty initial contents. (/home/olle/efinity_p2/BRAM/ip/micro_risc_v1/micro_risc_v1.v:6995) [EFX-0677]
INFO     : ... Memory 'logic_progbufX_mem' is not initialized, assuming empty initial contents. (/home/olle/efinity_p2/BRAM/ip/micro_risc_v1/micro_risc_v1.v:4949) [EFX-0677]
INFO     : Module Instance 'memory_arbiter' input pin 'io_inputs_0_payload_fragment_source[0]' is tied to constant (=0). [EFX-0266]
INFO     : Module Instance 'memory_arbiter' input pin 'io_inputs_1_payload_fragment_source[0]' is tied to constant (=0). [EFX-0266]
INFO     : Module Instance 'memory_arbiter' input pin 'io_inputs_1_payload_fragment_context[0]' is tied to constant (=0). [EFX-0266]

INFO     : Module Instance 'tx' input pin 'io_cts' is tied to constant (=0). [EFX-0266]
INFO     : ... Memory 'logic_ram' is not initialized, assuming empty initial contents. (/home/olle/efinity_p2/BRAM/ip/micro_risc_v1/micro_risc_v1.v:10857) [EFX-0677]
INFO     : Module Instance 'bridge_write_streamUnbuffered_queueWithOccupancy' input pin 'io_flush' is tied to constant (=0). [EFX-0266]
INFO     : Module Instance 'uartCtrl_1_io_read_queueWithOccupancy' input pin 'io_flush' is tied to constant (=0). [EFX-0266]
INFO     : Module Instance 'system_bridge_bmb_arbiter' input pin 'io_inputs_1_cmd_payload_fragment_data[0]' is tied to constant (=0). [EFX-0266]
INFO     : Module Instance 'system_bridge_bmb_arbiter' input pin 'io_inputs_1_cmd_payload_fragment_data[1]' is tied to constant (=0). [EFX-0266]
INFO     : Module Instance 'system_bridge_bmb_arbiter' input pin 'io_inputs_1_cmd_payload_fragment_data[2]' is tied to constant (=0). [EFX-0266]
INFO     : Module Instance 'system_bridge_bmb_arbiter' input pin 'io_inputs_1_cmd_payload_fragment_data[3]' is tied to constant (=0). [EFX-0266]
INFO     : Module Instance 'system_bridge_bmb_arbiter' input pin 'io_inputs_1_cmd_payload_fragment_data[4]' is tied to constant (=0). [EFX-0266]
INFO     : Module Instance 'system_bridge_bmb_arbiter' input pin 'io_inputs_1_cmd_payload_fragment_data[5]' is tied to constant (=0). [EFX-0266]
INFO     : Module Instance 'system_bridge_bmb_arbiter' input pin 'io_inputs_1_cmd_payload_fragment_data[6]' is tied to constant (=0). [EFX-0266]
INFO     : Module Instance 'system_bridge_bmb_arbiter' input pin 'io_inputs_1_cmd_payload_fragment_data[7]' is tied to constant (=0). [EFX-0266]
INFO     : Module Instance 'system_bridge_bmb_arbiter' input pin 'io_inputs_1_cmd_payload_fragment_data[8]' is tied to constant (=0). [EFX-0266]
INFO     : Module Instance 'system_bridge_bmb_arbiter' input pin 'io_inputs_1_cmd_payload_fragment_data[9]' is tied to constant (=0). [EFX-0266]
INFO     : Module Instance 'system_bridge_bmb_arbiter' input pin 'io_inputs_1_cmd_payload_fragment_data[10]' is tied to constant (=0). [EFX-0266]
INFO     : Module Instance 'system_bridge_bmb_arbiter' input pin 'io_inputs_1_cmd_payload_fragment_data[11]' is tied to constant (=0). [EFX-0266]
INFO     : Module Instance 'system_bridge_bmb_arbiter' input pin 'io_inputs_1_cmd_payload_fragment_data[12]' is tied to constant (=0). [EFX-0266]
INFO     : Module Instance 'system_bridge_bmb_arbiter' input pin 'io_inputs_1_cmd_payload_fragment_data[13]' is tied to constant (=0). [EFX-0266]
INFO     : Module Instance 'system_bridge_bmb_arbiter' input pin 'io_inputs_1_cmd_payload_fragment_data[14]' is tied to constant (=0). [EFX-0266]
INFO     : Module Instance 'system_bridge_bmb_arbiter' input pin 'io_inputs_1_cmd_payload_fragment_data[15]' is tied to constant (=0). [EFX-0266]
INFO     : Module Instance 'system_bridge_bmb_arbiter' input pin 'io_inputs_1_cmd_payload_fragment_data[16]' is tied to constant (=0). [EFX-0266]
INFO     : Module Instance 'system_bridge_bmb_arbiter' input pin 'io_inputs_1_cmd_payload_fragment_data[17]' is tied to constant (=0). [EFX-0266]
INFO     : Module Instance 'system_bridge_bmb_arbiter' input pin 'io_inputs_1_cmd_payload_fragment_data[18]' is tied to constant (=0). [EFX-0266]
INFO     : Module Instance 'system_bridge_bmb_arbiter' input pin 'io_inputs_1_cmd_payload_fragment_data[19]' is tied to constant (=0). [EFX-0266]
INFO     : Module Instance 'system_bridge_bmb_arbiter' input pin 'io_inputs_1_cmd_payload_fragment_data[20]' is tied to constant (=0). [EFX-0266]
INFO     : Module Instance 'system_bridge_bmb_arbiter' input pin 'io_inputs_1_cmd_payload_fragment_data[21]' is tied to constant (=0). [EFX-0266]
INFO     : Module Instance 'system_bridge_bmb_arbiter' input pin 'io_inputs_1_cmd_payload_fragment_data[22]' is tied to constant (=0). [EFX-0266]
INFO     : Module Instance 'system_bridge_bmb_arbiter' input pin 'io_inputs_1_cmd_payload_fragment_data[23]' is tied to constant (=0). [EFX-0266]
INFO     : Module Instance 'system_bridge_bmb_arbiter' input pin 'io_inputs_1_cmd_payload_fragment_data[24]' is tied to constant (=0). [EFX-0266]
INFO     : Module Instance 'system_bridge_bmb_arbiter' input pin 'io_inputs_1_cmd_payload_fragment_data[25]' is tied to constant (=0). [EFX-0266]
INFO     : Module Instance 'system_bridge_bmb_arbiter' input pin 'io_inputs_1_cmd_payload_fragment_data[26]' is tied to constant (=0). [EFX-0266]
INFO     : Module Instance 'system_bridge_bmb_arbiter' input pin 'io_inputs_1_cmd_payload_fragment_data[27]' is tied to constant (=0). [EFX-0266]
INFO     : Module Instance 'system_bridge_bmb_arbiter' input pin 'io_inputs_1_cmd_payload_fragment_data[28]' is tied to constant (=0). [EFX-0266]
INFO     : Module Instance 'system_bridge_bmb_arbiter' input pin 'io_inputs_1_cmd_payload_fragment_data[29]' is tied to constant (=0). [EFX-0266]
INFO     : Module Instance 'system_bridge_bmb_arbiter' input pin 'io_inputs_1_cmd_payload_fragment_data[30]' is tied to constant (=0). [EFX-0266]
INFO     : Module Instance 'system_bridge_bmb_arbiter' input pin 'io_inputs_1_cmd_payload_fragment_data[31]' is tied to constant (=0). [EFX-0266]
INFO     : Module Instance 'system_bridge_bmb_arbiter' input pin 'io_inputs_1_cmd_payload_fragment_mask[0]' is tied to constant (=0). [EFX-0266]
INFO     : Module Instance 'system_bridge_bmb_arbiter' input pin 'io_inputs_1_cmd_payload_fragment_mask[1]' is tied to constant (=0). [EFX-0266]
INFO     : Module Instance 'system_bridge_bmb_arbiter' input pin 'io_inputs_1_cmd_payload_fragment_mask[2]' is tied to constant (=0). [EFX-0266]
INFO     : Module Instance 'system_bridge_bmb_arbiter' input pin 'io_inputs_1_cmd_payload_fragment_mask[3]' is tied to constant (=0). [EFX-0266]

INFO     : Module Instance 'u_micro_risc_v1' input pin 'jtagCtrl_enable' is tied to constant (=1). [EFX-0266]

INFO     : ... Pre-synthesis checks end (Real time : 0s CPU user time : 1s CPU sys time : 0s MEM : 364008KB)
INFO     : ... NameSpace init begin
INFO     : ... NameSpace init end (Real time : 0s CPU user time : 1s CPU sys time : 0s MEM : 364008KB)
INFO     : ... Mapping design "top_level"
INFO     : ... Hierarchical pre-synthesis "InstructionCache_2fa2c88f3c1f4868ba7cd09620d007ba" begin
INFO     : ... Hierarchical pre-synthesis "InstructionCache_2fa2c88f3c1f4868ba7cd09620d007ba" end (Real time : 0s CPU user time : 1s CPU sys time : 0s MEM : 364008KB)
INFO     : ... Hierarchical pre-synthesis "DataCache_2fa2c88f3c1f4868ba7cd09620d007ba" begin

INFO     : ... Hierarchical pre-synthesis "DataCache_2fa2c88f3c1f4868ba7cd09620d007ba" end (Real time : 0s CPU user time : 1s CPU sys time : 0s MEM : 364008KB)
INFO     : ... Hierarchical pre-synthesis "BufferCC_2fa2c88f3c1f4868ba7cd09620d007ba" begin
INFO     : ... Hierarchical pre-synthesis "BufferCC_2fa2c88f3c1f4868ba7cd09620d007ba" end (Real time : 0s CPU user time : 1s CPU sys time : 0s MEM : 364008KB)
INFO     : ... Hierarchical pre-synthesis "EfxCPUSp1_2fa2c88f3c1f4868ba7cd09620d007ba" begin

INFO     : ... Hierarchical pre-synthesis "EfxCPUSp1_2fa2c88f3c1f4868ba7cd09620d007ba" end (Real time : 0s CPU user time : 1s CPU sys time : 0s MEM : 364008KB)
INFO     : ... Hierarchical pre-synthesis "VexRiscv_2fa2c88f3c1f4868ba7cd09620d007ba" begin

INFO     : ... Hierarchical pre-synthesis "VexRiscv_2fa2c88f3c1f4868ba7cd09620d007ba" end (Real time : 0s CPU user time : 1s CPU sys time : 0s MEM : 364008KB)
INFO     : ... Hierarchical pre-synthesis "DebugModule_2fa2c88f3c1f4868ba7cd09620d007ba" begin

INFO     : ... Hierarchical pre-synthesis "DebugModule_2fa2c88f3c1f4868ba7cd09620d007ba" end (Real time : 1s CPU user time : 1s CPU sys time : 0s MEM : 364008KB)
INFO     : ... Hierarchical pre-synthesis "BufferCC_5_2fa2c88f3c1f4868ba7cd09620d007ba" begin
INFO     : ... Hierarchical pre-synthesis "BufferCC_5_2fa2c88f3c1f4868ba7cd09620d007ba" end (Real time : 0s CPU user time : 1s CPU sys time : 0s MEM : 364008KB)
INFO     : ... Hierarchical pre-synthesis "BufferCC_6_2fa2c88f3c1f4868ba7cd09620d007ba" begin
INFO     : ... Hierarchical pre-synthesis "BufferCC_6_2fa2c88f3c1f4868ba7cd09620d007ba" end (Real time : 0s CPU user time : 1s CPU sys time : 0s MEM : 364008KB)
INFO     : ... Hierarchical pre-synthesis "BufferCC_8_2fa2c88f3c1f4868ba7cd09620d007ba" begin
INFO     : ... Hierarchical pre-synthesis "BufferCC_8_2fa2c88f3c1f4868ba7cd09620d007ba" end (Real time : 0s CPU user time : 1s CPU sys time : 0s MEM : 364008KB)
INFO     : ... Hierarchical pre-synthesis "BufferCC_1_2fa2c88f3c1f4868ba7cd09620d007ba" begin
INFO     : ... Hierarchical pre-synthesis "BufferCC_1_2fa2c88f3c1f4868ba7cd09620d007ba" end (Real time : 0s CPU user time : 1s CPU sys time : 0s MEM : 364008KB)
INFO     : ... Hierarchical pre-synthesis "FlowCCByToggle_2fa2c88f3c1f4868ba7cd09620d007ba" begin
INFO     : ... Hierarchical pre-synthesis "FlowCCByToggle_2fa2c88f3c1f4868ba7cd09620d007ba" end (Real time : 0s CPU user time : 1s CPU sys time : 0s MEM : 364008KB)
INFO     : ... Hierarchical pre-synthesis "BufferCC_2_2fa2c88f3c1f4868ba7cd09620d007ba" begin
INFO     : ... Hierarchical pre-synthesis "BufferCC_2_2fa2c88f3c1f4868ba7cd09620d007ba" end (Real time : 0s CPU user time : 1s CPU sys time : 0s MEM : 364008KB)
INFO     : ... Hierarchical pre-synthesis "BufferCC_3_2fa2c88f3c1f4868ba7cd09620d007ba" begin
INFO     : ... Hierarchical pre-synthesis "BufferCC_3_2fa2c88f3c1f4868ba7cd09620d007ba" end (Real time : 0s CPU user time : 1s CPU sys time : 0s MEM : 364008KB)
INFO     : ... Hierarchical pre-synthesis "FlowCCByToggle_1_2fa2c88f3c1f4868ba7cd09620d007ba" begin
INFO     : ... Hierarchical pre-synthesis "FlowCCByToggle_1_2fa2c88f3c1f4868ba7cd09620d007ba" end (Real time : 0s CPU user time : 1s CPU sys time : 0s MEM : 364008KB)
INFO     : ... Hierarchical pre-synthesis "DebugTransportModuleTunneled_2fa2c88f3c1f4868ba7cd09620d007ba" begin

INFO     : ... Hierarchical pre-synthesis "DebugTransportModuleTunneled_2fa2c88f3c1f4868ba7cd09620d007ba" end (Real time : 0s CPU user time : 1s CPU sys time : 0s MEM : 364008KB)
INFO     : ... Hierarchical pre-synthesis "BmbDecoder_2fa2c88f3c1f4868ba7cd09620d007ba" begin
INFO     : ... Hierarchical pre-synthesis "BmbDecoder_2fa2c88f3c1f4868ba7cd09620d007ba" end (Real time : 0s CPU user time : 1s CPU sys time : 0s MEM : 364008KB)
INFO     : ... Hierarchical pre-synthesis "StreamArbiter_2fa2c88f3c1f4868ba7cd09620d007ba" begin
INFO     : ... Hierarchical pre-synthesis "StreamArbiter_2fa2c88f3c1f4868ba7cd09620d007ba" end (Real time : 0s CPU user time : 1s CPU sys time : 0s MEM : 364008KB)
INFO     : ... Hierarchical pre-synthesis "BmbArbiter_2fa2c88f3c1f4868ba7cd09620d007ba" begin
INFO     : ... Hierarchical pre-synthesis "BmbArbiter_2fa2c88f3c1f4868ba7cd09620d007ba" end (Real time : 0s CPU user time : 1s CPU sys time : 0s MEM : 364008KB)
INFO     : ... Hierarchical pre-synthesis "BmbDecoder_1_2fa2c88f3c1f4868ba7cd09620d007ba" begin

INFO     : ... Hierarchical pre-synthesis "BmbDecoder_1_2fa2c88f3c1f4868ba7cd09620d007ba" end (Real time : 0s CPU user time : 1s CPU sys time : 0s MEM : 364008KB)
INFO     : ... Hierarchical pre-synthesis "BmbOnChipRam_2fa2c88f3c1f4868ba7cd09620d007ba" begin
INFO     : ... Hierarchical pre-synthesis "BmbOnChipRam_2fa2c88f3c1f4868ba7cd09620d007ba" end (Real time : 0s CPU user time : 1s CPU sys time : 0s MEM : 364008KB)
INFO     : ... Hierarchical pre-synthesis "BmbUnburstify_2fa2c88f3c1f4868ba7cd09620d007ba" begin
INFO     : ... Hierarchical pre-synthesis "BmbUnburstify_2fa2c88f3c1f4868ba7cd09620d007ba" end (Real time : 0s CPU user time : 1s CPU sys time : 0s MEM : 364008KB)
INFO     : ... Hierarchical pre-synthesis "BmbDecoder_2_2fa2c88f3c1f4868ba7cd09620d007ba" begin

INFO     : ... Hierarchical pre-synthesis "BmbDecoder_2_2fa2c88f3c1f4868ba7cd09620d007ba" end (Real time : 0s CPU user time : 1s CPU sys time : 0s MEM : 364008KB)
INFO     : ... Hierarchical pre-synthesis "BmbClint_2fa2c88f3c1f4868ba7cd09620d007ba" begin

INFO     : ... Hierarchical pre-synthesis "BmbClint_2fa2c88f3c1f4868ba7cd09620d007ba" end (Real time : 0s CPU user time : 2s CPU sys time : 0s MEM : 364008KB)
INFO     : ... Hierarchical pre-synthesis "UartCtrlTx_2fa2c88f3c1f4868ba7cd09620d007ba" begin

INFO     : ... Hierarchical pre-synthesis "UartCtrlTx_2fa2c88f3c1f4868ba7cd09620d007ba" end (Real time : 0s CPU user time : 2s CPU sys time : 0s MEM : 364008KB)
INFO     : ... Hierarchical pre-synthesis "BufferCC_4_2fa2c88f3c1f4868ba7cd09620d007ba" begin
INFO     : ... Hierarchical pre-synthesis "BufferCC_4_2fa2c88f3c1f4868ba7cd09620d007ba" end (Real time : 0s CPU user time : 2s CPU sys time : 0s MEM : 364008KB)
INFO     : ... Hierarchical pre-synthesis "UartCtrlRx_2fa2c88f3c1f4868ba7cd09620d007ba" begin

INFO     : ... Hierarchical pre-synthesis "UartCtrlRx_2fa2c88f3c1f4868ba7cd09620d007ba" end (Real time : 0s CPU user time : 2s CPU sys time : 0s MEM : 364008KB)
INFO     : ... Hierarchical pre-synthesis "UartCtrl_2fa2c88f3c1f4868ba7cd09620d007ba" begin

INFO     : ... Hierarchical pre-synthesis "UartCtrl_2fa2c88f3c1f4868ba7cd09620d007ba" end (Real time : 0s CPU user time : 2s CPU sys time : 0s MEM : 364008KB)
INFO     : ... Hierarchical pre-synthesis "StreamFifo_2fa2c88f3c1f4868ba7cd09620d007ba" begin
INFO     : ... Hierarchical pre-synthesis "StreamFifo_2fa2c88f3c1f4868ba7cd09620d007ba" end (Real time : 0s CPU user time : 2s CPU sys time : 0s MEM : 364008KB)
INFO     : ... Hierarchical pre-synthesis "BmbUartCtrl_2fa2c88f3c1f4868ba7cd09620d007ba" begin

INFO     : ... Hierarchical pre-synthesis "BmbUartCtrl_2fa2c88f3c1f4868ba7cd09620d007ba" end (Real time : 0s CPU user time : 2s CPU sys time : 0s MEM : 364008KB)
INFO     : ... Hierarchical pre-synthesis "BmbGpio2_2fa2c88f3c1f4868ba7cd09620d007ba" begin
INFO     : ... Hierarchical pre-synthesis "BmbGpio2_2fa2c88f3c1f4868ba7cd09620d007ba" end (Real time : 0s CPU user time : 2s CPU sys time : 0s MEM : 364008KB)
INFO     : ... Hierarchical pre-synthesis "EfxSapphireSoc_2fa2c88f3c1f4868ba7cd09620d007ba" begin

INFO     : ... Hierarchical pre-synthesis "EfxSapphireSoc_2fa2c88f3c1f4868ba7cd09620d007ba" end (Real time : 1s CPU user time : 3s CPU sys time : 0s MEM : 364008KB)
INFO     : ... Hierarchical pre-synthesis "micro_risc_v1" begin

INFO     : ... Hierarchical pre-synthesis "micro_risc_v1" end (Real time : 0s CPU user time : 3s CPU sys time : 0s MEM : 364008KB)
INFO     : ... Hierarchical pre-synthesis "mdio_clause22" begin

INFO     : ... Hierarchical pre-synthesis "mdio_clause22" end (Real time : 0s CPU user time : 3s CPU sys time : 0s MEM : 364008KB)
INFO     : ... Hierarchical pre-synthesis "eth_dp83825_udp" begin

INFO     : ... Hierarchical pre-synthesis "eth_dp83825_udp" end (Real time : 0s CPU user time : 3s CPU sys time : 0s MEM : 364008KB)
INFO     : ... Hierarchical pre-synthesis "edb_top" begin

INFO     : ... Hierarchical pre-synthesis "edb_top" end (Real time : 0s CPU user time : 3s CPU sys time : 0s MEM : 364008KB)
INFO     : ... Hierarchical pre-synthesis "top_level" begin

WARNING  : Mapping into logic memory block 'u_micro_risc_v1/u_EfxSapphireSoc/system_riscvJtag_debug_logic_dm/logic_progbufX_mem' (64 bits) (/home/olle/efinity_p2/BRAM/ip/micro_risc_v1/micro_risc_v1.v:4949) because size is too small (<=64) [EFX-0657]

INFO     : ... Clock Enable Synthesis Performed on 450 flops.

INFO     : ... Hierarchical pre-synthesis "top_level" end (Real time : 2s CPU user time : 5s CPU sys time : 0s MEM : 364008KB)

INFO     : ... Flat optimizations begin

INFO     : ... Flat optimizations end (Real time : 0s CPU user time : 6s CPU sys time : 0s MEM : 364008KB)

INFO     : ... Flat synthesis begin

INFO     : ... Flat synthesis end (Real time : 0s CPU user time : 6s CPU sys time : 0s MEM : 364008KB)

INFO     : ... Flat optimizations begin

INFO     : ... Flat optimizations end (Real time : 0s CPU user time : 6s CPU sys time : 0s MEM : 364008KB)

INFO     : ... Check and break combinational loops begin

INFO     : ... Check and break combinational loops end (Real time : 0s CPU user time : 6s CPU sys time : 0s MEM : 364008KB)

INFO     : ... Sequential Optimization begin

INFO     : ... Clock Network 'pll_clk' with 2314 loads will be considered for sequential optimization.

INFO     : ... Clock Network 'clk' with 2148 loads will be considered for sequential optimization.

INFO     : ... Clock Network 'jtag_inst1_TCK' with 1346 loads will be considered for sequential optimization.

INFO     : ... Clock Network 'jtag_dummy_TCK' with 221 loads will be considered for sequential optimization.

INFO     : ... Sequential Optimization deduced 1003 equivalent points.

INFO     : ... Sequential Optimization end (Real time : 23s CPU user time : 31s CPU sys time : 0s MEM : 364008KB)

INFO     : ... Setup for logic synthesis begin

INFO     : ... Setup for logic synthesis end (Real time : 0s CPU user time : 31s CPU sys time : 0s MEM : 364008KB)
INFO     : ... LUT mapping begin

INFO     : ... LS, strategy: 3, nd: 3280, ed: 10686, lv: 7, pw: 9245.52
INFO     : ... LUT mapping end (Real time : 14s CPU user time : 47s CPU sys time : 0s MEM : 364008KB)
INFO     : ... Post-synthesis Verific netlist creation begin

INFO     : ... Post-synthesis Verific netlist creation end (Real time : 0s CPU user time : 48s CPU sys time : 0s MEM : 364008KB)

INFO     : ... Postmap Retiming Optimization begin

INFO     : ... Clock Network 'pll_clk~pll_clk' with 2301 loads will be considered for retiming optimization.

INFO     : ... Clock Network 'clk~clk' with 1725 loads will be considered for retiming optimization.

INFO     : ... Clock Network 'jtag_inst1_TCK~jtag_inst1_TCK' with 1346 loads will be considered for retiming optimization.

INFO     : ... Clock Network 'jtag_dummy_TCK~jtag_dummy_TCK' with 220 loads will be considered for retiming optimization.

INFO     : ... Performed 0 retime moves.

INFO     : ... Postmap Retiming Optimization end (Real time : 21s CPU user time : 69s CPU sys time : 0s MEM : 364008KB)

INFO     : ***** Beginning VDB Netlist Checker ... *****
WARNING  : /home/olle/efinity_p2/BRAM/top_level.vhd(11): Input/inout port phy_intr_n is unconnected and will be removed. [VDB-8003]
WARNING  : /home/olle/efinity_p2/BRAM/top_level.vhd(16): Input/inout port rmii_crs_dv is unconnected and will be removed. [VDB-8003]
WARNING  : /home/olle/efinity_p2/BRAM/top_level.vhd(17): Input/inout port rmii_rx_er is unconnected and will be removed. [VDB-8003]
WARNING  : /home/olle/efinity_p2/BRAM/top_level.vhd(18): Input/inout port rmii_rxd[1] is unconnected and will be removed. [VDB-8003]
WARNING  : /home/olle/efinity_p2/BRAM/top_level.vhd(29): Input/inout port jtag_dummy_TMS is unconnected and will be removed. [VDB-8003]
WARNING  : /home/olle/efinity_p2/BRAM/top_level.vhd(30): Input/inout port jtag_dummy_SEL is unconnected and will be removed. [VDB-8003]
WARNING  : /home/olle/efinity_p2/BRAM/top_level.vhd(31): Input/inout port jtag_dummy_DRCK is unconnected and will be removed. [VDB-8003]
WARNING  : /home/olle/efinity_p2/BRAM/top_level.vhd(33): Input/inout port jtag_dummy_RUNTEST is unconnected and will be removed. [VDB-8003]
WARNING  : Input/inout port jtag_inst1_DRCK is unconnected and will be removed. [VDB-8003]
WARNING  : Input/inout port jtag_inst1_RUNTEST is unconnected and will be removed. [VDB-8003]
WARNING  : Input/inout port jtag_inst1_TMS is unconnected and will be removed. [VDB-8003]

WARNING  : Net u_micro_risc_v1/u_EfxSapphireSoc/system_cores_0_logic_cpu/IBusCachedPlugin_cache/lineLoader_address[0] is dangling. [VDB-8009]
WARNING  : Net u_micro_risc_v1/u_EfxSapphireSoc/system_cores_0_logic_cpu/IBusCachedPlugin_cache/lineLoader_address[1] is dangling. [VDB-8009]
WARNING  : Net u_micro_risc_v1/u_EfxSapphireSoc/system_cores_0_logic_cpu/IBusCachedPlugin_cache/lineLoader_address[2] is dangling. [VDB-8009]
WARNING  : Net u_micro_risc_v1/u_EfxSapphireSoc/system_cores_0_logic_cpu/IBusCachedPlugin_cache/lineLoader_address[3] is dangling. [VDB-8009]
WARNING  : Net u_micro_risc_v1/u_EfxSapphireSoc/system_cores_0_logic_cpu/IBusCachedPlugin_cache/lineLoader_address[4] is dangling. [VDB-8009]
WARNING  : Net u_micro_risc_v1/u_EfxSapphireSoc/system_cores_0_logic_cpu/IBusCachedPlugin_cache/lineLoader_address[5] is dangling. [VDB-8009]

WARNING  : Found 18 warnings in the post-synthesis netlist.
INFO     : VDB Netlist Checker took 0.0334863 seconds.
INFO     : 	VDB Netlist Checker took 0.07 seconds (approximately) in total CPU time.
INFO     : VDB Netlist Checker virtual memory usage: begin = 335.444 MB, end = 335.444 MB, delta = 0 MB
INFO     : VDB Netlist Checker resident set memory usage: begin = 246.136 MB, end = 246.264 MB, delta = 0.128 MB
INFO     : 	VDB Netlist Checker peak resident set memory usage = 364.008 MB
INFO     : ***** Ending VDB Netlist Checker ... *****

INFO     : Resource Summary 
INFO     : =============================== 
INFO     : EFX_ADD         : 	496
INFO     : EFX_LUT4        : 	6281
INFO     : EFX_FF          : 	5592
INFO     : EFX_RAM_5K      : 	77
INFO     : EFX_GBUFCE      : 	4
INFO     : =============================== 
INFO     : ... Post-Map Verilog Writer begin
INFO     : Writing netlist 'top_level' to Verilog file '/home/olle/efinity_p2/BRAM/work_dbg/BRAM.dbg.map.v' [VDB-1030]

INFO     : ... Post-Map Verilog Writer end (Real time : 0s CPU user time : 70s CPU sys time : 0s MEM : 364008KB)

INFO     : The entire flow of EFX_MAP took 66.2639 seconds.
INFO     : 	The entire flow of EFX_MAP took 70.72 seconds (approximately) in total CPU time.
INFO     : The entire flow of EFX_MAP virtual memory usage: begin = 88.4 MB, end = 335.444 MB, delta = 247.044 MB
INFO     : The entire flow of EFX_MAP resident set memory usage: begin = 27.392 MB, end = 246.264 MB, delta = 218.872 MB
INFO     : 	The entire flow of EFX_MAP peak resident set memory usage = 364.008 MB

Fri August 15 25 20:29:19 - /home/olle/efinix/efinity/2025.1/bin/efx_map finished. Exit code = 0 Exit status : Normal

Debugger Step Merge User design with Debugger Cores. Done

--------------------------------------------------------------

--------------------------------------------------------------

Start Debugger Step Instantiate Jtag.

Fri August 15 25 20:29:19 - /home/olle/efinix/efinity/2025.1/bin/python3  "/home/olle/efinix/efinity/2025.1/scripts/efx_pt_jtag_util.py" --device "T20F169" --project "BRAM" --design_file "/home/olle/efinity_p2/BRAM/BRAM.peri.xml" --action "add" --jtag_user "JTAG_USER1" --output "/home/olle/efinity_p2/BRAM/BRAM.dbg.peri.xml"

Fri August 15 25 20:29:19 - Running /home/olle/efinix/efinity/2025.1/bin/python3...

Save db version: 20251999


== Load a design from file /home/olle/efinity_p2/BRAM/BRAM.peri.xml
INFO: Load design...
INFO: Periphery design is in sync with Efinity project
INFO: Load design...done.

== Create JTAG with default setting and pin name

== Assign JTAG_USER1 resource to new jtag
INFO: Check design...
INFO: Check design...done.

== Save Design to file: /home/olle/efinity_p2/BRAM/BRAM.dbg.peri.xml
INFO: Save as design...
INFO: Save as design...done.

Fri August 15 25 20:29:21 - /home/olle/efinix/efinity/2025.1/bin/python3 finished. Exit code = 0 Exit status : Normal

Debugger Step Instantiate Jtag. Done

--------------------------------------------------------------

Debugger Step Instantiate Jtag. Done

Fri August 15 25 20:29:21 - End Debugger Flow



-------------------------------------------------------------------------

Placement and Routing

-------------------------------------------------------------------------

Fri August 15 25 20:29:21 - Placement and routing flow working directory is /home/olle/efinity_p2/BRAM/work_pnr


INFO     : --max_threads set to 4 

Fri August 15 25 20:29:23 - /home/olle/efinix/efinity/2025.1/bin/python3  "/home/olle/efinix/efinity/2025.1/scripts/efx_run_pt_unified.py"  "BRAM.dbg"  "Trion"  "T20F169"

Fri August 15 25 20:29:23 - Running /home/olle/efinix/efinity/2025.1/bin/python3...

Load design file BRAM.dbg.peri.xml
Writing out summary report file
Writing out pinout file
Writing out interface config file
Writing out timing related file
Writing out verilog template file
Writing out option register file
Writing out boundary scan description file
Writing out LPF

Fri August 15 25 20:29:27 - /home/olle/efinix/efinity/2025.1/bin/python3 finished. Exit code = 0 Exit status : Normal

Fri August 15 25 20:29:27 - /home/olle/efinix/efinity/2025.1/bin/efx_pnr --circuit "BRAM" --family "Trion" --device "T20F169" --operating_conditions "C3" --pack --place --route --vdb_file "/home/olle/efinity_p2/BRAM/outflow/BRAM.dbg.vdb" --use_vdb_file "on" --place_file "/home/olle/efinity_p2/BRAM/outflow/BRAM.place" --route_file "/home/olle/efinity_p2/BRAM/outflow/BRAM.route" --sdc_file "/home/olle/efinity_p2/BRAM/const1.sdc" --sync_file "/home/olle/efinity_p2/BRAM/outflow/BRAM.interface.csv" --seed "1" --placer_effort_level "2" --max_threads "-1" --print_critical_path "10" --work_dir "/home/olle/efinity_p2/BRAM/work_pnr" --output_dir "/home/olle/efinity_p2/BRAM/outflow" --timing_analysis "on" --load_delay_matrix

Fri August 15 25 20:29:27 - Running /home/olle/efinix/efinity/2025.1/bin/efx_pnr...

INFO     : --max_threads set to 4 


           

           Efinix FPGA Placement and Routing.

           Version: 2025.1.110.2.15 

           Compiled: Jun 21 2025.

           

           Copyright (C) 2013 - 2025 Efinix, Inc. All rights reserved.


           

           The Tool Is Based on VPR of University of Toronto,

           a free open source code under MIT license.

           

           

INFO     : Running Placement and Routing for Family "Trion", Device "T20F169" ...


           

           ***** Beginning stage netlist pre-processing ... *****

INFO     : Successfully Read in Verific binary Netlist dump file "/home/olle/efinity_p2/BRAM/outflow/BRAM.dbg.vdb".


INFO     : ***** Beginning VDB Netlist Checker ... *****


WARNING  : /home/olle/efinity_p2/BRAM/top_level.vhd(11): Input/inout port phy_intr_n is unconnected and will be removed. [VDB-8003]


WARNING  : /home/olle/efinity_p2/BRAM/top_level.vhd(16): Input/inout port rmii_crs_dv is unconnected and will be removed. [VDB-8003]


WARNING  : /home/olle/efinity_p2/BRAM/top_level.vhd(17): Input/inout port rmii_rx_er is unconnected and will be removed. [VDB-8003]


WARNING  : /home/olle/efinity_p2/BRAM/top_level.vhd(18): Input/inout port rmii_rxd[1] is unconnected and will be removed. [VDB-8003]


WARNING  : /home/olle/efinity_p2/BRAM/top_level.vhd(29): Input/inout port jtag_dummy_TMS is unconnected and will be removed. [VDB-8003]


WARNING  : /home/olle/efinity_p2/BRAM/top_level.vhd(30): Input/inout port jtag_dummy_SEL is unconnected and will be removed. [VDB-8003]


WARNING  : /home/olle/efinity_p2/BRAM/top_level.vhd(31): Input/inout port jtag_dummy_DRCK is unconnected and will be removed. [VDB-8003]


WARNING  : /home/olle/efinity_p2/BRAM/top_level.vhd(33): Input/inout port jtag_dummy_RUNTEST is unconnected and will be removed. [VDB-8003]


WARNING  : Input/inout port jtag_inst1_DRCK is unconnected and will be removed. [VDB-8003]


WARNING  : Input/inout port jtag_inst1_RUNTEST is unconnected and will be removed. [VDB-8003]


WARNING  : Input/inout port jtag_inst1_TMS is unconnected and will be removed. [VDB-8003]


WARNING  : Net u_micro_risc_v1/u_EfxSapphireSoc/system_cores_0_logic_cpu/IBusCachedPlugin_cache/lineLoader_address[0] is dangling. [VDB-8009]


WARNING  : Net u_micro_risc_v1/u_EfxSapphireSoc/system_cores_0_logic_cpu/IBusCachedPlugin_cache/lineLoader_address[1] is dangling. [VDB-8009]


WARNING  : Net u_micro_risc_v1/u_EfxSapphireSoc/system_cores_0_logic_cpu/IBusCachedPlugin_cache/lineLoader_address[2] is dangling. [VDB-8009]


WARNING  : Net u_micro_risc_v1/u_EfxSapphireSoc/system_cores_0_logic_cpu/IBusCachedPlugin_cache/lineLoader_address[3] is dangling. [VDB-8009]


WARNING  : Net u_micro_risc_v1/u_EfxSapphireSoc/system_cores_0_logic_cpu/IBusCachedPlugin_cache/lineLoader_address[4] is dangling. [VDB-8009]


WARNING  : Net u_micro_risc_v1/u_EfxSapphireSoc/system_cores_0_logic_cpu/IBusCachedPlugin_cache/lineLoader_address[5] is dangling. [VDB-8009]


WARNING  : Found 18 warnings in the post-synthesis netlist.


INFO     : VDB Netlist Checker took 0.035527 seconds.


INFO     : 	VDB Netlist Checker took 0.05 seconds (approximately) in total CPU time.


INFO     : VDB Netlist Checker virtual memory usage: begin = 228.66 MB, end = 245.072 MB, delta = 16.412 MB


INFO     : VDB Netlist Checker resident set memory usage: begin = 119.424 MB, end = 120.192 MB, delta = 0.768 MB


INFO     : 	VDB Netlist Checker peak resident set memory usage = 364.008 MB


INFO     : ***** Ending VDB Netlist Checker ... *****


INFO     : Reading core interface constraints file "/home/olle/efinity_p2/BRAM/outflow/BRAM.interface.csv"


INFO     : Successfully read core interface constraints file "/home/olle/efinity_p2/BRAM/outflow/BRAM.interface.csv"


INFO     : Found 0 constant generator nets.


INFO     : Pass 0: Swept away 6 nets with no fanout.


INFO     : logical_block #3(phy_intr_n) has no fanout.


INFO     : Removing input.


INFO     : logical_block #7(rmii_crs_dv) has no fanout.


INFO     : Removing input.


INFO     : logical_block #8(rmii_rx_er) has no fanout.


INFO     : Removing input.


INFO     : logical_block #9(rmii_rxd[1]) has no fanout.


INFO     : Removing input.


INFO     : logical_block #10(rmii_rxd[0]) has no fanout.


INFO     : Removing input.


INFO     : logical_block #22(jtag_dummy_TMS) has no fanout.


INFO     : Removing input.


INFO     : logical_block #23(jtag_dummy_SEL) has no fanout.


INFO     : Removing input.


INFO     : logical_block #24(jtag_dummy_DRCK) has no fanout.


INFO     : Removing input.


INFO     : logical_block #26(jtag_dummy_RUNTEST) has no fanout.


INFO     : Removing input.


INFO     : logical_block #35(jtag_inst1_DRCK) has no fanout.


INFO     : Removing input.


INFO     : logical_block #37(jtag_inst1_RUNTEST) has no fanout.


INFO     : Removing input.


INFO     : logical_block #42(jtag_inst1_TMS) has no fanout.


INFO     : Removing input.


WARNING  : logical_block u_micro_risc_v1/u_EfxSapphireSoc/system_cores_0_logic_cpu/IBusCachedPlugin_cache/lineLoader_address[0]~FF #256 has no fanout. Check synthesis flow


WARNING  : logical_block u_micro_risc_v1/u_EfxSapphireSoc/system_cores_0_logic_cpu/IBusCachedPlugin_cache/lineLoader_address[1]~FF #266 has no fanout. Check synthesis flow


WARNING  : logical_block u_micro_risc_v1/u_EfxSapphireSoc/system_cores_0_logic_cpu/IBusCachedPlugin_cache/lineLoader_address[2]~FF #267 has no fanout. Check synthesis flow


WARNING  : logical_block u_micro_risc_v1/u_EfxSapphireSoc/system_cores_0_logic_cpu/IBusCachedPlugin_cache/lineLoader_address[3]~FF #268 has no fanout. Check synthesis flow


WARNING  : logical_block u_micro_risc_v1/u_EfxSapphireSoc/system_cores_0_logic_cpu/IBusCachedPlugin_cache/lineLoader_address[4]~FF #269 has no fanout. Check synthesis flow


WARNING  : logical_block u_micro_risc_v1/u_EfxSapphireSoc/system_cores_0_logic_cpu/IBusCachedPlugin_cache/lineLoader_address[5]~FF #270 has no fanout. Check synthesis flow


INFO     : Pass 0: Swept away 12 blocks with no fanout.


INFO     : Pass 1: Swept away 0 nets with no fanout.


WARNING  : logical_block u_micro_risc_v1/u_EfxSapphireSoc/system_cores_0_logic_cpu/IBusCachedPlugin_cache/lineLoader_address[0]~FF #256 has no fanout. Check synthesis flow


WARNING  : logical_block u_micro_risc_v1/u_EfxSapphireSoc/system_cores_0_logic_cpu/IBusCachedPlugin_cache/lineLoader_address[1]~FF #266 has no fanout. Check synthesis flow


WARNING  : logical_block u_micro_risc_v1/u_EfxSapphireSoc/system_cores_0_logic_cpu/IBusCachedPlugin_cache/lineLoader_address[2]~FF #267 has no fanout. Check synthesis flow


WARNING  : logical_block u_micro_risc_v1/u_EfxSapphireSoc/system_cores_0_logic_cpu/IBusCachedPlugin_cache/lineLoader_address[3]~FF #268 has no fanout. Check synthesis flow


WARNING  : logical_block u_micro_risc_v1/u_EfxSapphireSoc/system_cores_0_logic_cpu/IBusCachedPlugin_cache/lineLoader_address[4]~FF #269 has no fanout. Check synthesis flow


WARNING  : logical_block u_micro_risc_v1/u_EfxSapphireSoc/system_cores_0_logic_cpu/IBusCachedPlugin_cache/lineLoader_address[5]~FF #270 has no fanout. Check synthesis flow


INFO     : Pass 1: Swept away 0 blocks with no fanout.


INFO     : Swept away 6 nets and 12 blocks in total.


INFO     : Removed 0 LUT buffers


INFO     : Sweept away 12 nodes


INFO     : Successfully created VPR logical netlist from Verific binary DataBase file "/home/olle/efinity_p2/BRAM/outflow/BRAM.dbg.vdb".


INFO     : Netlist pre-processing took 0.268631 seconds.


INFO     : 	Netlist pre-processing took 0.28 seconds (approximately) in total CPU time.


INFO     : Netlist pre-processing virtual memory usage: begin = 228.66 MB, end = 245.072 MB, delta = 16.412 MB


INFO     : Netlist pre-processing resident set memory usage: begin = 118.4 MB, end = 120.448 MB, delta = 2.048 MB


INFO     : 	Netlist pre-processing peak resident set memory usage = 364.008 MB


           ***** Ending stage netlist pre-processing *****

           

           ***** Beginning stage pre-packing ... *****

           ***** Ending stage pre-packing *****

           

           ***** Beginning stage packing ... *****

WARNING  : Packer found FF 'u_micro_risc_v1/u_EfxSapphireSoc/system_cores_0_logic_cpu/IBusCachedPlugin_cache/lineLoader_address[0]~FF' with no output net.


WARNING  : If possible, remove 'syn_preserve' attribute on FF output.


WARNING  : Packer found FF 'u_micro_risc_v1/u_EfxSapphireSoc/system_cores_0_logic_cpu/IBusCachedPlugin_cache/lineLoader_address[1]~FF' with no output net.


WARNING  : If possible, remove 'syn_preserve' attribute on FF output.


WARNING  : Packer found FF 'u_micro_risc_v1/u_EfxSapphireSoc/system_cores_0_logic_cpu/IBusCachedPlugin_cache/lineLoader_address[2]~FF' with no output net.


WARNING  : If possible, remove 'syn_preserve' attribute on FF output.


WARNING  : Packer found FF 'u_micro_risc_v1/u_EfxSapphireSoc/system_cores_0_logic_cpu/IBusCachedPlugin_cache/lineLoader_address[3]~FF' with no output net.


WARNING  : If possible, remove 'syn_preserve' attribute on FF output.


WARNING  : Packer found FF 'u_micro_risc_v1/u_EfxSapphireSoc/system_cores_0_logic_cpu/IBusCachedPlugin_cache/lineLoader_address[4]~FF' with no output net.


WARNING  : If possible, remove 'syn_preserve' attribute on FF output.


WARNING  : Packer found FF 'u_micro_risc_v1/u_EfxSapphireSoc/system_cores_0_logic_cpu/IBusCachedPlugin_cache/lineLoader_address[5]~FF' with no output net.


WARNING  : If possible, remove 'syn_preserve' attribute on FF output.


INFO     : Generate proto netlist for file "/home/olle/efinity_p2/BRAM/work_pnr/BRAM.net_proto" took 0.021922 seconds


INFO     : Creating IO constraints file '/home/olle/efinity_p2/BRAM/work_pnr/BRAM.io_place'


INFO     : Packing took 0.074536 seconds.


INFO     : 	Packing took 0.07 seconds (approximately) in total CPU time.


INFO     : Packing virtual memory usage: begin = 245.072 MB, end = 245.072 MB, delta = 0 MB


INFO     : Packing resident set memory usage: begin = 121.216 MB, end = 121.728 MB, delta = 0.512 MB


INFO     : 	Packing peak resident set memory usage = 364.008 MB


           ***** Ending stage packing *****

           

INFO     : Read proto netlist file /home/olle/efinity_p2/BRAM/work_pnr/BRAM.net_proto


INFO     : Read proto netlist for file "/home/olle/efinity_p2/BRAM/work_pnr/BRAM.net_proto" took 0.01681 seconds


INFO     : Setup net and block data structure took 0.337017 seconds


WARNING  : Found 18 warnings in the post-synthesis netlist.


INFO     : Reading core interface constraints file "/home/olle/efinity_p2/BRAM/outflow/BRAM.interface.csv"


INFO     : Successfully read core interface constraints file "/home/olle/efinity_p2/BRAM/outflow/BRAM.interface.csv"


INFO     : logical_block u_micro_risc_v1/u_EfxSapphireSoc/system_cores_0_logic_cpu/IBusCachedPlugin_cache/lineLoader_address[0]~FF #256 has no fanout. Check synthesis flow


INFO     : logical_block u_micro_risc_v1/u_EfxSapphireSoc/system_cores_0_logic_cpu/IBusCachedPlugin_cache/lineLoader_address[1]~FF #266 has no fanout. Check synthesis flow


INFO     : logical_block u_micro_risc_v1/u_EfxSapphireSoc/system_cores_0_logic_cpu/IBusCachedPlugin_cache/lineLoader_address[2]~FF #267 has no fanout. Check synthesis flow


INFO     : logical_block u_micro_risc_v1/u_EfxSapphireSoc/system_cores_0_logic_cpu/IBusCachedPlugin_cache/lineLoader_address[3]~FF #268 has no fanout. Check synthesis flow


INFO     : logical_block u_micro_risc_v1/u_EfxSapphireSoc/system_cores_0_logic_cpu/IBusCachedPlugin_cache/lineLoader_address[4]~FF #269 has no fanout. Check synthesis flow


INFO     : logical_block u_micro_risc_v1/u_EfxSapphireSoc/system_cores_0_logic_cpu/IBusCachedPlugin_cache/lineLoader_address[5]~FF #270 has no fanout. Check synthesis flow


INFO     : logical_block u_micro_risc_v1/u_EfxSapphireSoc/system_cores_0_logic_cpu/IBusCachedPlugin_cache/lineLoader_address[0]~FF #256 has no fanout. Check synthesis flow


INFO     : logical_block u_micro_risc_v1/u_EfxSapphireSoc/system_cores_0_logic_cpu/IBusCachedPlugin_cache/lineLoader_address[1]~FF #266 has no fanout. Check synthesis flow


INFO     : logical_block u_micro_risc_v1/u_EfxSapphireSoc/system_cores_0_logic_cpu/IBusCachedPlugin_cache/lineLoader_address[2]~FF #267 has no fanout. Check synthesis flow


INFO     : logical_block u_micro_risc_v1/u_EfxSapphireSoc/system_cores_0_logic_cpu/IBusCachedPlugin_cache/lineLoader_address[3]~FF #268 has no fanout. Check synthesis flow


INFO     : logical_block u_micro_risc_v1/u_EfxSapphireSoc/system_cores_0_logic_cpu/IBusCachedPlugin_cache/lineLoader_address[4]~FF #269 has no fanout. Check synthesis flow


INFO     : logical_block u_micro_risc_v1/u_EfxSapphireSoc/system_cores_0_logic_cpu/IBusCachedPlugin_cache/lineLoader_address[5]~FF #270 has no fanout. Check synthesis flow


           ***** Beginning stage packed netlist loading ... *****

INFO     : Read proto netlist file /home/olle/efinity_p2/BRAM/work_pnr/BRAM.net_proto


INFO     : Read proto netlist for file "/home/olle/efinity_p2/BRAM/work_pnr/BRAM.net_proto" took 0.020595 seconds


INFO     : Setup net and block data structure took 0.321134 seconds


INFO     : Packed netlist loading took 0.344941 seconds.


INFO     : 	Packed netlist loading took 0.34 seconds (approximately) in total CPU time.


INFO     : Packed netlist loading virtual memory usage: begin = 274.376 MB, end = 274.376 MB, delta = 0 MB


INFO     : Packed netlist loading resident set memory usage: begin = 166.272 MB, end = 166.272 MB, delta = 0 MB


INFO     : 	Packed netlist loading peak resident set memory usage = 364.008 MB


           ***** Ending stage packed netlist loading *****

           

           ***** Beginning stage pre-placement ... *****

           

           ***** Ending stage pre-placement *****

           

INFO     : SDC file '/home/olle/efinity_p2/BRAM/const1.sdc' parsed successfully.


INFO     : 2 clocks (including virtual clocks), 0 inputs and 0 outputs were constrained.


           ***** Beginning stage initial placement ... *****

INFO     : Reading core interface constraints file "/home/olle/efinity_p2/BRAM/outflow/BRAM.interface.csv"


INFO     : Successfully read core interface constraints file "/home/olle/efinity_p2/BRAM/outflow/BRAM.interface.csv"


INFO     : Writing IO placement constraints to "/home/olle/efinity_p2/BRAM/outflow/BRAM.interface.io"


INFO     : Reading placement constraints from '/home/olle/efinity_p2/BRAM/outflow/BRAM.interface.io'.


INFO     : Reading placement constraints from '/home/olle/efinity_p2/BRAM/work_pnr/BRAM.io_place'.


WARNING  : phy_rst_n has no assigned placement; it will be placed randomly.


WARNING  : jtag_dummy_TDI has no assigned placement; it will be placed randomly.


WARNING  : jtag_dummy_TCK has no assigned placement; it will be placed randomly.


WARNING  : jtag_dummy_RESET has no assigned placement; it will be placed randomly.


WARNING  : jtag_dummy_CAPTURE has no assigned placement; it will be placed randomly.


WARNING  : jtag_dummy_SHIFT has no assigned placement; it will be placed randomly.


WARNING  : jtag_dummy_UPDATE has no assigned placement; it will be placed randomly.


WARNING  : jtag_dummy_TDO has no assigned placement; it will be placed randomly.


INFO     : 8 IOs will have random placement.


WARNING  : Clock source jtag_inst1_TCK does not use a dedicated clock pad, so extra clock insertion delay is added


           ***** Ending stage initial placement *****

           

           ***** Beginning stage placement ... *****

INFO     : Found 81 synchronizers as follows: 


INFO     : 	Synchronizer 0: 


INFO     :  u_micro_risc_v1/u_EfxSapphireSoc/system_riscvJtag_hard_noTap_tunnel_io_bus_cmd_payload_address[6]~FF


INFO     : 	Synchronizer 1: 


INFO     :  u_micro_risc_v1/u_EfxSapphireSoc/system_riscvJtag_hard_noTap_tunnel_io_bus_cmd_payload_address[5]~FF


INFO     : 	Synchronizer 2: 


INFO     :  u_micro_risc_v1/u_EfxSapphireSoc/system_riscvJtag_hard_noTap_tunnel_io_bus_cmd_payload_address[4]~FF


INFO     : 	Synchronizer 3: 


INFO     :  u_micro_risc_v1/u_EfxSapphireSoc/system_riscvJtag_hard_noTap_tunnel_io_bus_cmd_payload_address[3]~FF


INFO     : 	Synchronizer 4: 


INFO     :  u_micro_risc_v1/u_EfxSapphireSoc/system_riscvJtag_hard_noTap_tunnel_io_bus_cmd_payload_address[2]~FF


INFO     : 	Synchronizer 5: 


INFO     :  u_micro_risc_v1/u_EfxSapphireSoc/system_riscvJtag_hard_noTap_tunnel_io_bus_cmd_payload_address[1]~FF


INFO     : 	Synchronizer 6: 


INFO     :  u_micro_risc_v1/u_EfxSapphireSoc/system_riscvJtag_hard_noTap_tunnel_io_bus_cmd_payload_data[31]~FF


INFO     : 	Synchronizer 7: 


INFO     :  u_micro_risc_v1/u_EfxSapphireSoc/system_riscvJtag_hard_noTap_tunnel_io_bus_cmd_payload_data[30]~FF


INFO     : 	Synchronizer 8: 


INFO     :  u_micro_risc_v1/u_EfxSapphireSoc/system_riscvJtag_hard_noTap_tunnel_io_bus_cmd_payload_data[26]~FF


INFO     : 	Synchronizer 9: 


INFO     :  u_micro_risc_v1/u_EfxSapphireSoc/system_riscvJtag_hard_noTap_tunnel_io_bus_cmd_payload_data[25]~FF


INFO     : 	Synchronizer 10: 


INFO     :  u_micro_risc_v1/u_EfxSapphireSoc/system_riscvJtag_hard_noTap_tunnel_io_bus_cmd_payload_data[24]~FF


INFO     : 	Synchronizer 11: 


INFO     :  u_micro_risc_v1/u_EfxSapphireSoc/system_riscvJtag_hard_noTap_tunnel_io_bus_cmd_payload_data[23]~FF


INFO     : 	Synchronizer 12: 


INFO     :  u_micro_risc_v1/u_EfxSapphireSoc/system_riscvJtag_hard_noTap_tunnel_io_bus_cmd_payload_data[22]~FF


INFO     : 	Synchronizer 13: 


INFO     :  u_micro_risc_v1/u_EfxSapphireSoc/system_riscvJtag_hard_noTap_tunnel_io_bus_cmd_payload_data[21]~FF


INFO     : 	Synchronizer 14: 


INFO     :  u_micro_risc_v1/u_EfxSapphireSoc/system_riscvJtag_hard_noTap_tunnel_io_bus_cmd_payload_data[20]~FF


INFO     : 	Synchronizer 15: 


INFO     :  u_micro_risc_v1/u_EfxSapphireSoc/system_riscvJtag_hard_noTap_tunnel_io_bus_cmd_payload_data[19]~FF


INFO     : 	Synchronizer 16: 


INFO     :  u_micro_risc_v1/u_EfxSapphireSoc/system_riscvJtag_hard_noTap_tunnel_io_bus_cmd_payload_data[18]~FF


INFO     : 	Synchronizer 17: 


INFO     :  u_micro_risc_v1/u_EfxSapphireSoc/system_riscvJtag_hard_noTap_tunnel_io_bus_cmd_payload_data[17]~FF


INFO     : 	Synchronizer 18: 


INFO     :  u_micro_risc_v1/u_EfxSapphireSoc/system_riscvJtag_hard_noTap_tunnel_io_bus_cmd_payload_data[16]~FF


INFO     : 	Synchronizer 19: 


INFO     :  u_micro_risc_v1/u_EfxSapphireSoc/system_riscvJtag_hard_noTap_tunnel_io_bus_cmd_payload_data[15]~FF


INFO     : 	Synchronizer 20: 


INFO     :  u_micro_risc_v1/u_EfxSapphireSoc/system_riscvJtag_hard_noTap_tunnel_io_bus_cmd_payload_data[14]~FF


INFO     : 	Synchronizer 21: 


INFO     :  u_micro_risc_v1/u_EfxSapphireSoc/system_riscvJtag_hard_noTap_tunnel_io_bus_cmd_payload_data[13]~FF


INFO     : 	Synchronizer 22: 


INFO     :  u_micro_risc_v1/u_EfxSapphireSoc/system_riscvJtag_hard_noTap_tunnel_io_bus_cmd_payload_data[12]~FF


INFO     : 	Synchronizer 23: 


INFO     :  u_micro_risc_v1/u_EfxSapphireSoc/system_riscvJtag_hard_noTap_tunnel/logic_systemLogic_bus_rsp_ccToggle_io_output_payload_data[3]~FF


INFO     : 	Synchronizer 24: 


INFO     :  u_micro_risc_v1/u_EfxSapphireSoc/system_riscvJtag_hard_noTap_tunnel/logic_systemLogic_bus_rsp_ccToggle_io_output_payload_data[2]~FF


INFO     : 	Synchronizer 25: 


INFO     :  u_micro_risc_v1/u_EfxSapphireSoc/system_riscvJtag_hard_noTap_tunnel/logic_systemLogic_bus_rsp_ccToggle_io_output_payload_data[1]~FF


INFO     : 	Synchronizer 26: 


INFO     :  u_micro_risc_v1/u_EfxSapphireSoc/system_riscvJtag_hard_noTap_tunnel/logic_systemLogic_bus_rsp_ccToggle_io_output_payload_data[0]~FF


INFO     : 	Synchronizer 27: 


INFO     :  u_micro_risc_v1/u_EfxSapphireSoc/system_riscvJtag_hard_noTap_tunnel/logic_systemLogic_bus_rsp_ccToggle/system_riscvJtag_hard_noTap_tunnel_toplevel_debugCd_logic_outputReset_asyncAssertSyncDeassert_buffercc/buffers_0~FF


INFO     :  u_micro_risc_v1/u_EfxSapphireSoc/system_riscvJtag_hard_noTap_tunnel/logic_systemLogic_bus_rsp_ccToggle/system_riscvJtag_hard_noTap_tunnel_toplevel_debugCd_logic_outputReset_asyncAssertSyncDeassert_buffercc_io_dataOut~FF


INFO     : 	Synchronizer 28: 


INFO     :  u_micro_risc_v1/u_EfxSapphireSoc/system_riscvJtag_hard_noTap_tunnel/logic_systemLogic_bus_rsp_ccToggle/inputArea_target_buffercc/buffers_0~FF


INFO     :  u_micro_risc_v1/u_EfxSapphireSoc/system_riscvJtag_hard_noTap_tunnel/logic_systemLogic_bus_rsp_ccToggle/inputArea_target_buffercc_io_dataOut~FF


INFO     : 	Synchronizer 29: 


INFO     :  u_micro_risc_v1/u_EfxSapphireSoc/system_riscvJtag_hard_noTap_tunnel/logic_systemLogic_bus_rsp_ccToggle_io_output_payload_data[20]~FF


INFO     : 	Synchronizer 30: 


INFO     :  u_micro_risc_v1/u_EfxSapphireSoc/system_riscvJtag_hard_noTap_tunnel_io_bus_cmd_payload_data[29]~FF


INFO     : 	Synchronizer 31: 


INFO     :  u_micro_risc_v1/u_EfxSapphireSoc/system_riscvJtag_hard_noTap_tunnel_io_bus_cmd_payload_address[0]~FF


INFO     : 	Synchronizer 32: 


INFO     :  u_micro_risc_v1/u_EfxSapphireSoc/system_riscvJtag_hard_noTap_tunnel/logic_systemLogic_bus_rsp_ccToggle_io_output_payload_data[4]~FF


INFO     : 	Synchronizer 33: 


INFO     :  u_micro_risc_v1/u_EfxSapphireSoc/system_riscvJtag_hard_noTap_tunnel/logic_systemLogic_bus_rsp_ccToggle_io_output_payload_data[5]~FF


INFO     : 	Synchronizer 34: 


INFO     :  u_micro_risc_v1/u_EfxSapphireSoc/system_riscvJtag_hard_noTap_tunnel/logic_systemLogic_bus_rsp_ccToggle_io_output_payload_data[6]~FF


INFO     : 	Synchronizer 35: 


INFO     :  u_micro_risc_v1/u_EfxSapphireSoc/system_riscvJtag_hard_noTap_tunnel/logic_systemLogic_bus_rsp_ccToggle_io_output_payload_data[7]~FF


INFO     : 	Synchronizer 36: 


INFO     :  u_micro_risc_v1/u_EfxSapphireSoc/system_riscvJtag_hard_noTap_tunnel/logic_systemLogic_bus_rsp_ccToggle_io_output_payload_data[9]~FF


INFO     : 	Synchronizer 37: 


INFO     :  u_micro_risc_v1/u_EfxSapphireSoc/system_riscvJtag_hard_noTap_tunnel/logic_systemLogic_bus_rsp_ccToggle_io_output_payload_data[10]~FF


INFO     : 	Synchronizer 38: 


INFO     :  u_micro_risc_v1/u_EfxSapphireSoc/system_riscvJtag_hard_noTap_tunnel/logic_systemLogic_bus_rsp_ccToggle_io_output_payload_data[8]~FF


INFO     : 	Synchronizer 39: 


INFO     :  u_micro_risc_v1/u_EfxSapphireSoc/system_riscvJtag_hard_noTap_tunnel_io_bus_cmd_payload_data[28]~FF


INFO     : 	Synchronizer 40: 


INFO     :  u_micro_risc_v1/u_EfxSapphireSoc/system_riscvJtag_hard_noTap_tunnel_io_bus_cmd_payload_data[0]~FF


INFO     : 	Synchronizer 41: 


INFO     :  u_micro_risc_v1/u_EfxSapphireSoc/debugCd_logic_outputReset_asyncAssertSyncDeassert_buffercc/buffers_0~FF


INFO     :  u_micro_risc_v1/u_EfxSapphireSoc/debugCd_logic_outputReset_asyncAssertSyncDeassert_buffercc_io_dataOut~FF


INFO     : 	Synchronizer 42: 


INFO     :  u_micro_risc_v1/u_EfxSapphireSoc/system_riscvJtag_hard_noTap_tunnel/logic_systemLogic_bus_rsp_ccToggle_io_output_payload_data[16]~FF


INFO     : 	Synchronizer 43: 


INFO     :  u_micro_risc_v1/u_EfxSapphireSoc/system_riscvJtag_hard_noTap_tunnel/logic_systemLogic_bus_rsp_ccToggle_io_output_payload_data[17]~FF


INFO     : 	Synchronizer 44: 


INFO     :  u_micro_risc_v1/u_EfxSapphireSoc/system_riscvJtag_hard_noTap_tunnel_io_bus_cmd_payload_data[27]~FF


INFO     : 	Synchronizer 45: 


INFO     :  u_micro_risc_v1/u_EfxSapphireSoc/system_riscvJtag_hard_noTap_tunnel_io_bus_cmd_payload_write~FF


INFO     : 	Synchronizer 46: 


INFO     :  u_micro_risc_v1/u_EfxSapphireSoc/system_riscvJtag_hard_noTap_tunnel/logic_systemLogic_bus_rsp_ccToggle_io_output_payload_data[11]~FF


INFO     : 	Synchronizer 47: 


INFO     :  u_micro_risc_v1/u_EfxSapphireSoc/system_riscvJtag_hard_noTap_tunnel/logic_systemLogic_bus_rsp_ccToggle_io_output_payload_data[12]~FF


INFO     : 	Synchronizer 48: 


INFO     :  u_micro_risc_v1/u_EfxSapphireSoc/system_riscvJtag_hard_noTap_tunnel/logic_systemLogic_bus_rsp_ccToggle_io_output_payload_data[13]~FF


INFO     : 	Synchronizer 49: 


INFO     :  u_micro_risc_v1/u_EfxSapphireSoc/system_uart_0_io_logic/uartCtrl_1/rx/io_rxd_buffercc/buffers_0~FF


INFO     :  u_micro_risc_v1/u_EfxSapphireSoc/system_uart_0_io_logic/uartCtrl_1/rx/io_rxd_buffercc_io_dataOut~FF


INFO     : 	Synchronizer 50: 


INFO     :  u_micro_risc_v1/u_EfxSapphireSoc/system_riscvJtag_hard_noTap_tunnel/logic_systemLogic_bus_rsp_ccToggle_io_output_payload_data[14]~FF


INFO     : 	Synchronizer 51: 


INFO     :  u_micro_risc_v1/u_EfxSapphireSoc/io_asyncReset_asyncAssertSyncDeassert_buffercc/buffers_0~FF


INFO     :  u_micro_risc_v1/u_EfxSapphireSoc/io_asyncReset_asyncAssertSyncDeassert_buffercc_io_dataOut~FF


INFO     : 	Synchronizer 52: 


INFO     :  u_micro_risc_v1/u_EfxSapphireSoc/system_riscvJtag_hard_noTap_tunnel/logic_systemLogic_bus_rsp_ccToggle_io_output_payload_data[15]~FF


INFO     : 	Synchronizer 53: 


INFO     :  u_micro_risc_v1/u_EfxSapphireSoc/system_coreStopTime_buffercc/buffers_0~FF


INFO     :  u_micro_risc_v1/u_EfxSapphireSoc/system_coreStopTime_buffercc_io_dataOut~FF


INFO     : 	Synchronizer 54: 


INFO     :  u_micro_risc_v1/u_EfxSapphireSoc/system_riscvJtag_hard_noTap_tunnel/logic_systemLogic_bus_rsp_ccToggle_io_output_payload_data[18]~FF


INFO     : 	Synchronizer 55: 


INFO     :  u_micro_risc_v1/u_EfxSapphireSoc/system_riscvJtag_debug_systemReset_asyncAssertSyncDeassert_buffercc/buffers_0~FF


INFO     :  u_micro_risc_v1/u_EfxSapphireSoc/system_riscvJtag_debug_systemReset_asyncAssertSyncDeassert_buffercc_io_dataOut~FF


INFO     : 	Synchronizer 56: 


INFO     :  u_micro_risc_v1/u_EfxSapphireSoc/system_cores_0_logic_cpu/systemCd_logic_outputReset_buffercc/buffers_0~FF


INFO     :  u_micro_risc_v1/u_EfxSapphireSoc/system_cores_0_logic_cpu_debugBus_unavailable~FF


INFO     : 	Synchronizer 57: 


INFO     :  u_micro_risc_v1/u_EfxSapphireSoc/system_riscvJtag_hard_noTap_tunnel/logic_systemLogic_bus_rsp_ccToggle_io_output_payload_data[19]~FF


INFO     : 	Synchronizer 58: 


INFO     :  u_micro_risc_v1/u_EfxSapphireSoc/system_riscvJtag_hard_noTap_tunnel_io_bus_cmd_payload_data[9]~FF


INFO     : 	Synchronizer 59: 


INFO     :  u_micro_risc_v1/u_EfxSapphireSoc/system_riscvJtag_hard_noTap_tunnel/logic_systemLogic_bus_rsp_ccToggle_io_output_payload_data[29]~FF


INFO     : 	Synchronizer 60: 


INFO     :  u_micro_risc_v1/u_EfxSapphireSoc/system_riscvJtag_hard_noTap_tunnel_io_bus_cmd_payload_data[10]~FF


INFO     : 	Synchronizer 61: 


INFO     :  u_micro_risc_v1/u_EfxSapphireSoc/system_riscvJtag_hard_noTap_tunnel/logic_systemLogic_bus_rsp_ccToggle_io_output_payload_data[30]~FF


INFO     : 	Synchronizer 62: 


INFO     :  u_micro_risc_v1/u_EfxSapphireSoc/system_riscvJtag_hard_noTap_tunnel/logic_systemLogic_bus_rsp_ccToggle_io_output_payload_data[21]~FF


INFO     : 	Synchronizer 63: 


INFO     :  u_micro_risc_v1/u_EfxSapphireSoc/system_riscvJtag_hard_noTap_tunnel_io_bus_cmd_payload_data[1]~FF


INFO     : 	Synchronizer 64: 


INFO     :  u_micro_risc_v1/u_EfxSapphireSoc/system_riscvJtag_hard_noTap_tunnel_io_bus_cmd_payload_data[11]~FF


INFO     : 	Synchronizer 65: 


INFO     :  u_micro_risc_v1/u_EfxSapphireSoc/system_riscvJtag_hard_noTap_tunnel/logic_systemLogic_bus_rsp_ccToggle_io_output_payload_data[31]~FF


INFO     : 	Synchronizer 66: 


INFO     :  u_micro_risc_v1/u_EfxSapphireSoc/system_riscvJtag_hard_noTap_tunnel/logic_systemLogic_bus_rsp_ccToggle_io_output_payload_data[22]~FF


INFO     : 	Synchronizer 67: 


INFO     :  u_micro_risc_v1/u_EfxSapphireSoc/system_riscvJtag_hard_noTap_tunnel_io_bus_cmd_payload_data[2]~FF


INFO     : 	Synchronizer 68: 


INFO     :  u_micro_risc_v1/u_EfxSapphireSoc/system_riscvJtag_hard_noTap_tunnel/logic_systemLogic_bus_rsp_ccToggle_io_output_payload_data[23]~FF


INFO     : 	Synchronizer 69: 


INFO     :  u_micro_risc_v1/u_EfxSapphireSoc/system_riscvJtag_hard_noTap_tunnel_io_bus_cmd_payload_data[3]~FF


INFO     : 	Synchronizer 70: 


INFO     :  u_micro_risc_v1/u_EfxSapphireSoc/system_riscvJtag_hard_noTap_tunnel/logic_systemLogic_bus_rsp_ccToggle_io_output_payload_data[24]~FF


INFO     : 	Synchronizer 71: 


INFO     :  u_micro_risc_v1/u_EfxSapphireSoc/system_riscvJtag_hard_noTap_tunnel_io_bus_cmd_payload_data[4]~FF


INFO     : 	Synchronizer 72: 


INFO     :  u_micro_risc_v1/u_EfxSapphireSoc/system_riscvJtag_hard_noTap_tunnel/logic_systemLogic_bus_rsp_ccToggle_io_output_payload_data[25]~FF


INFO     : 	Synchronizer 73: 


INFO     :  u_micro_risc_v1/u_EfxSapphireSoc/system_riscvJtag_hard_noTap_tunnel_io_bus_cmd_payload_data[5]~FF


INFO     : 	Synchronizer 74: 


INFO     :  u_micro_risc_v1/u_EfxSapphireSoc/system_riscvJtag_hard_noTap_tunnel/logic_jtagLogic_dmiCmd_ccToggle/inputArea_target_buffercc/buffers_0~FF


INFO     :  u_micro_risc_v1/u_EfxSapphireSoc/system_riscvJtag_hard_noTap_tunnel/logic_jtagLogic_dmiCmd_ccToggle/inputArea_target_buffercc_io_dataOut~FF


INFO     : 	Synchronizer 75: 


INFO     :  u_micro_risc_v1/u_EfxSapphireSoc/system_riscvJtag_hard_noTap_tunnel/logic_systemLogic_bus_rsp_ccToggle_io_output_payload_data[26]~FF


INFO     : 	Synchronizer 76: 


INFO     :  u_micro_risc_v1/u_EfxSapphireSoc/system_riscvJtag_hard_noTap_tunnel_io_bus_cmd_payload_data[6]~FF


INFO     : 	Synchronizer 77: 


INFO     :  u_micro_risc_v1/u_EfxSapphireSoc/system_riscvJtag_hard_noTap_tunnel/logic_systemLogic_bus_rsp_ccToggle_io_output_payload_data[27]~FF


INFO     : 	Synchronizer 78: 


INFO     :  u_micro_risc_v1/u_EfxSapphireSoc/system_riscvJtag_hard_noTap_tunnel_io_bus_cmd_payload_data[7]~FF


INFO     : 	Synchronizer 79: 


INFO     :  u_micro_risc_v1/u_EfxSapphireSoc/system_riscvJtag_hard_noTap_tunnel/logic_systemLogic_bus_rsp_ccToggle_io_output_payload_data[28]~FF


INFO     : 	Synchronizer 80: 


INFO     :  u_micro_risc_v1/u_EfxSapphireSoc/system_riscvJtag_hard_noTap_tunnel_io_bus_cmd_payload_data[8]~FF


INFO     : Starting Global Placer with 4 threads ...


            ----------     -------  --------------     -------

             Iteration       WHPWL Worst Slack (ps) Convergence

            ----------     -------  --------------     -------

INFO     :           1    16918232           -2505         1.7%


INFO     :           2    15578505           -2419         2.1%


INFO     :           3    12482716           -2505         2.4%


INFO     :           4     9387882           -2462         3.2%


INFO     :           5     4897525           -2779         4.2%


INFO     :           6     2264846           -2584        10.0%


INFO     :           7     1048111           -3096        19.3%


INFO     :           8      714232           -4197        31.4%


INFO     :           9      518242           -6924        45.1%


INFO     :          10      483366           -6707        59.6%


INFO     :          11      466775           -6372        59.6%


INFO     :          12      473539           -6341        62.5%


INFO     :          13      451043           -5986        62.5%


INFO     :          14      463192           -6369        67.5%


INFO     :          15      442208           -6485        67.5%


INFO     :          16      454315           -6879        70.8%


INFO     :          17      438814           -6350        70.8%


INFO     :          18      456879           -6549        72.6%


INFO     :          19      445144           -6248        72.6%


INFO     :          20      458202           -6207        73.9%


INFO     :          21      445193           -6431        73.9%


INFO     :          22      457398           -6287        75.8%


INFO     :          23      441570           -6670        75.8%


INFO     :          24      454096           -7018        77.9%


INFO     :          25      437106           -6785        77.9%


INFO     :          26      451626           -5972        79.6%


INFO     :          27      440757           -6829        79.6%


INFO     :          28      451150           -7313        79.9%


INFO     :          29      432247           -8150        79.9%


INFO     :          30      445947           -6266        81.9%


INFO     :          31      434177           -6666        81.9%


INFO     :          32      448971           -5815        81.9%


INFO     :          33      433900           -6359        81.9%


INFO     :          34      447071           -6340        82.6%


INFO     :          35      432608           -6833        82.6%


INFO     :          36      445842           -6516        83.9%


INFO     :          37      431647           -7485        83.9%


INFO     :          38      442680           -6748        84.6%


INFO     :          39      431657           -6803        84.6%


INFO     :          40      444656           -6237        85.0%


INFO     :          41      431211           -6885        85.0%


INFO     :          42      441165           -6785        86.0%


INFO     :          43      429996           -7721        86.0%


INFO     :          44      439742           -7217        86.9%


INFO     :          45      429923           -6655        86.9%


INFO     :          46      443001           -7075        87.4%


INFO     :          47      431705           -6591        87.4%


INFO     :          48      440431           -6753        87.9%


INFO     :          49      434117           -6952        87.9%


INFO     :          50      443415           -6990        88.4%


INFO     :          51      431189           -6301        88.4%


INFO     :          52      441975           -6883        89.1%


INFO     :          53      434258           -6604        89.1%


INFO     :          54      442387           -6546        89.4%


INFO     :          55      433551           -6837        89.4%


INFO     :          56      441687           -6535        90.1%


INFO     :          57      436688           -6564        90.1%


INFO     :          58      444596           -6746        90.1%


INFO     :          59      433135           -6645        90.1%


INFO     :          60      439343           -7186        91.4%


INFO     :          61      435318           -6691        91.4%


INFO     :          62      443345           -6772        92.5%


INFO     :          63      433982           -6641        92.5%


INFO     :          64      441974           -6595        93.3%


INFO     :          65      443236           -6874        93.3%


INFO     :          66      439679           -6519        93.3%


INFO     :          67      440806           -7459        93.3%


INFO     :          68      443513           -6997        94.1%


INFO     :          69      443947           -7275        94.5%


INFO     :          70      442582           -7456        95.0%


INFO     : Starting Annealer


            ----------     -------  --------------     -------

             Iteration       WHPWL  Delay Max (ps)     R Limit

            ----------     -------  --------------     -------

INFO     :           0      209182           14168        30.0


INFO     :           1      196130           15778        28.8


INFO     :           2      190210           15673        27.4


INFO     :           3      175262           12069        25.8


INFO     :           4      172859           12264        24.2


INFO     :           5      168572           15563        22.7


INFO     :           6      164762           14967        21.2


INFO     :           7      161982           14967        19.8


INFO     :           8      161120           14697        18.4


INFO     :           9      159063           14609        17.1


INFO     :          10      158287           13927        15.8


INFO     :          11      157161           10523        14.7


INFO     :          12      156248           10592        13.6


INFO     :          13      155209           14342        12.5


INFO     :          14      153816           14234        11.6


INFO     :          15      153052           14244        10.7


INFO     :          16      151680           14244         9.9


INFO     :          17      150559           14244         9.1


INFO     :          18      149334           14242         8.4


INFO     :          19      148067           14242         7.8


INFO     :          20      147149           14153         7.2


INFO     :          21      146534           10667         6.6


INFO     :          22      145629            9856         6.1


INFO     :          23      144951           10104         5.6


INFO     :          24      144331           10130         5.2


INFO     :          25      144109            9856         4.8


INFO     :          26      143544            9856         4.4


INFO     :          27      143274            9856         4.1


INFO     :          28      142243            9856         3.8


INFO     :          29      141642            9856         3.5


INFO     :          30      141105           10348         3.2


INFO     :          31      140628           10092         3.0


INFO     :          32      140448            9837         2.8


INFO     :          33      139860            9837         2.6


INFO     :          34      139616            9837         2.3


INFO     :          35      139343            9853         2.2


INFO     :          36      138522            9890         2.0


INFO     :          37      138383            9837         1.8


INFO     :          38      137808            9837         1.7


INFO     :          39      137252            9837         1.6


INFO     :          40      136956            9845         1.4


INFO     :          41      137288            9856         1.3


INFO     :          42      136569           12964         1.2


INFO     :          43      135649           10908         1.1


INFO     : Counted delay computer calls: 133697
Placement successful: 9965 cells are placed


INFO     : Peak congestion smeared over 1/4 of the chip is 0.429912 at 1,59


INFO     : Congestion-weighted HPWL per net: 28.7366


INFO     : Post-placement cluster-level checks is successful


INFO     : Checks is successful


INFO     : Reading placement constraints from '/home/olle/efinity_p2/BRAM/outflow/BRAM.qplace'.


INFO     : Finished Realigning Types (870 blocks needed type change)


INFO     : Completed placement consistency check successfully.


INFO     : Successfully created FPGA place file '/home/olle/efinity_p2/BRAM/outflow/BRAM.place'




INFO     : Placement took 22.4722 seconds.


INFO     : 	Placement took 60.23 seconds (approximately) in total CPU time.


INFO     : Placement virtual memory usage: begin = 274.376 MB, end = 423.04 MB, delta = 148.664 MB


INFO     : Placement resident set memory usage: begin = 166.528 MB, end = 231.476 MB, delta = 64.948 MB


INFO     : 	Placement peak resident set memory usage = 364.008 MB


           ***** Ending stage placement *****

           

           

           Efinix FPGA Placement and Routing.

           Version: 2025.1.110.2.15 

           Compiled: Jun 21 2025.

           

           Copyright (C) 2013 - 2025 Efinix, Inc. All rights reserved.


           

           The Tool Is Based on VPR of University of Toronto,

           a free open source code under MIT license.

           

           

INFO     : Running Placement and Routing for Family "Trion", Device "T20F169" ...


           

           ***** Beginning stage routing graph generation ... *****

INFO     : Read ipin pattern from /home/olle/efinix/efinity/2025.1/arch/./routing/ipin_oph.xml


INFO     : Finished parsing ipin pattern file '/home/olle/efinix/efinity/2025.1/arch/./routing/ipin_oph.xdb'.


INFO     : Finished parsing switch_block file '/home/olle/efinix/efinity/2025.1/arch/./routing/sb_connectivity_subset.xdb'.


INFO     : BuildGraph process took 3.18533 seconds.


INFO     : 	BuildGraph process took 3.02 seconds (approximately) in total CPU time.


INFO     : BuildGraph process virtual memory usage: begin = 423.04 MB, end = 588.632 MB, delta = 165.592 MB


INFO     : BuildGraph process resident set memory usage: begin = 232.372 MB, end = 491.976 MB, delta = 259.604 MB


INFO     : 	BuildGraph process peak resident set memory usage = 491.976 MB


INFO     : check rr_graph process took 0.114594 seconds.


INFO     : 	check rr_graph process took 0.11 seconds (approximately) in total CPU time.


INFO     : check rr_graph process virtual memory usage: begin = 616.232 MB, end = 620.832 MB, delta = 4.6 MB


INFO     : check rr_graph process resident set memory usage: begin = 520.648 MB, end = 526.536 MB, delta = 5.888 MB


INFO     : 	check rr_graph process peak resident set memory usage = 526.536 MB


INFO     : Generated 1177524 RR nodes and 4449626 RR edges


INFO     : This design has 0 global control net(s). See /home/olle/efinity_p2/BRAM/outflow/BRAM.route.rpt for details.


INFO     : Routing graph took 3.39115 seconds.


INFO     : 	Routing graph took 3.22 seconds (approximately) in total CPU time.


INFO     : Routing graph virtual memory usage: begin = 423.04 MB, end = 620.832 MB, delta = 197.792 MB


INFO     : Routing graph resident set memory usage: begin = 231.476 MB, end = 526.664 MB, delta = 295.188 MB


INFO     : 	Routing graph peak resident set memory usage = 526.664 MB


           ***** Ending stage routing graph generation *****

           

           ***** Beginning stage routing ... *****

INFO     : SDC file '/home/olle/efinity_p2/BRAM/const1.sdc' parsed successfully.


INFO     : 2 clocks (including virtual clocks), 0 inputs and 0 outputs were constrained.


INFO     :  ---------      -------     --------------      -------------


INFO     :  Iteration      Overuse     Crit Path (ns)      Calc Time (s)


INFO     :  ---------      -------     --------------      -------------


INFO     :          1        34750              10.41               4.12


INFO     :          2         6502              10.22               6.44


INFO     :          3         2938              10.22               5.32


INFO     :          4         1085              10.22               5.46


INFO     :          5          464              10.22               4.09


INFO     :          6          230              10.38               3.72


INFO     :          7           88              10.38               2.91


INFO     :          8           35              10.38               2.21


INFO     :          9           13              10.58               2.22


INFO     :         10            6              10.85              0.459


INFO     :         11            4              11.16              0.346


INFO     :         12            0              11.21               0.31


           

INFO     : Successfully routed netlist after 12 routing iterations and 87959377 heapops


INFO     : Completed net delay value cross check successfully.


           ***** Beginning stage routing check ... *****

           ***** Ending stage routing check *****

           

INFO     : Serial number (magic cookie) for the routing is: 1659202710


INFO     : Netlist fully routed.


INFO     : Successfully created FPGA route file '/home/olle/efinity_p2/BRAM/outflow/BRAM.route'


INFO     : Routing took 39.0511 seconds.


INFO     : 	Routing took 39.52 seconds (approximately) in total CPU time.


INFO     : Routing virtual memory usage: begin = 620.832 MB, end = 906.344 MB, delta = 285.512 MB


INFO     : Routing resident set memory usage: begin = 526.664 MB, end = 767.56 MB, delta = 240.896 MB


INFO     : 	Routing peak resident set memory usage = 767.56 MB


           ***** Ending stage routing *****

           

           ***** Beginning stage final timing analysis ... *****

INFO     : SDC file '/home/olle/efinity_p2/BRAM/const1.sdc' parsed successfully.


INFO     : 2 clocks (including virtual clocks), 0 inputs and 0 outputs were constrained.


Maximum possible analyzed clocks frequency
 Clock Name  Period (ns)  Frequency (MHz)     Edge
  clk           15.475        64.620         (R-R)
  pll_clk       11.369        87.958         (R-R)

Geomean max period: 13.264

Setup (Max) Clock Relationship
  Launch Clock    Capture Clock   Constraint (ns)     Slack (ns)          Edge
    clk              clk               30.000           14.525           (R-R)
    pll_clk          clk                1.000           -0.641           (R-R)
    pll_clk          pll_clk            7.000           -4.369           (R-R)

Hold (Min) Clock Relationship
  Launch Clock    Capture Clock   Constraint (ns)     Slack (ns)          Edge
    clk              clk               0.000            0.119            (R-R)
    pll_clk          clk               0.000            0.306            (R-R)
    pll_clk          pll_clk           0.000            0.119            (R-R)


WARNING  : Clock domain between pll_clk (rising) and clk (rising) may not meet (slack: -0.641 ns) the setup (max) timing requirement


WARNING  : Clock domain between pll_clk (rising) and pll_clk (rising) may not meet (slack: -4.369 ns) the setup (max) timing requirement


INFO     : Write Timing Report to "/home/olle/efinity_p2/BRAM/outflow/BRAM.timing.rpt" ...


INFO     : final timing analysis took 0.644917 seconds.


INFO     : 	final timing analysis took 0.67 seconds (approximately) in total CPU time.


INFO     : final timing analysis virtual memory usage: begin = 906.344 MB, end = 906.344 MB, delta = 0 MB


INFO     : final timing analysis resident set memory usage: begin = 767.56 MB, end = 767.944 MB, delta = 0.384 MB


INFO     : 	final timing analysis peak resident set memory usage = 767.944 MB


           ***** Ending stage final timing analysis *****

           

           ***** Beginning stage bitstream generation ... *****

INFO     : Reading core interface constraints file "/home/olle/efinity_p2/BRAM/outflow/BRAM.interface.csv"


INFO     : Successfully read core interface constraints file "/home/olle/efinity_p2/BRAM/outflow/BRAM.interface.csv"


INFO     : Finished writing bitstream file /home/olle/efinity_p2/BRAM/work_pnr/BRAM.lbf.


INFO     : Bitstream generation took 0.575976 seconds.


INFO     : 	Bitstream generation took 0.57 seconds (approximately) in total CPU time.


INFO     : Bitstream generation virtual memory usage: begin = 906.344 MB, end = 906.344 MB, delta = 0 MB


INFO     : Bitstream generation resident set memory usage: begin = 767.944 MB, end = 768.712 MB, delta = 0.768 MB


INFO     : 	Bitstream generation peak resident set memory usage = 768.712 MB


           ***** Ending stage bitstream generation *****

           

INFO     : The entire flow of EFX_PNR took 70.7952 seconds.


INFO     : 	The entire flow of EFX_PNR took 109.68 seconds (approximately) in total CPU time.


INFO     : The entire flow of EFX_PNR virtual memory usage: begin = 119.636 MB, end = 906.344 MB, delta = 786.708 MB


INFO     : The entire flow of EFX_PNR resident set memory usage: begin = 38.656 MB, end = 768.712 MB, delta = 730.056 MB


INFO     : 	The entire flow of EFX_PNR peak resident set memory usage = 768.712 MB


Fri August 15 25 20:30:38 - /home/olle/efinix/efinity/2025.1/bin/efx_pnr finished. Exit code = 0 Exit status : Normal





-------------------------------------------------------------------------

Generating bitstream

-------------------------------------------------------------------------

Fri August 15 25 20:30:38 - Bitstream generation flow working directory is /home/olle/efinity_p2/BRAM/work_pnr


INFO     : --max_threads set to 4 

Fri August 15 25 20:30:39 - /home/olle/efinix/efinity/2025.1/bin/efx_pgm --source "/home/olle/efinity_p2/BRAM/work_pnr/BRAM.lbf" --dest "/home/olle/efinity_p2/BRAM/outflow/BRAM.hex" --device "T20F169" --family "Trion" --periph "/home/olle/efinity_p2/BRAM/outflow/BRAM.lpf" --interface_designer_settings "/home/olle/efinity_p2/BRAM/outflow/BRAM_or.ini" --enable_external_master_clock "off" --oscillator_clock_divider "DIV8" --active_capture_clk_edge "posedge" --spi_low_power_mode "on" --io_weak_pullup "on" --enable_roms "smart" --mode "active" --width "1" --release_tri_then_reset "on"

Fri August 15 25 20:30:39 - Running /home/olle/efinix/efinity/2025.1/bin/efx_pgm...

INFO     : Efinix FPGA Bitstream Generator.


INFO     : Version: 2025.1.110.2.15 


INFO     : Copyright (C) 2013 - 2025 Efinix, Inc. All rights reserved.


INFO     : Compiled: May  7 2025.


INFO     : Using source file "/home/olle/efinity_p2/BRAM/work_pnr/BRAM.lbf"


INFO     : Generating HEX programming file for device "T20F169", family "Trion"


INFO     : Using periphery source file "/home/olle/efinity_p2/BRAM/outflow/BRAM.lpf"


INFO     : Generating bit file: "/home/olle/efinity_p2/BRAM/outflow/BRAM.bit"


INFO     : HEX Generation Options Summary:


INFO     : 	Listing options specified to bitstream generation:


INFO     : 	spi_low_power_mode                       = on


INFO     : 	oscillator_clock_divider                 = DIV8


INFO     : 	io_weak_pullup                           = on


INFO     : 	enable_remote_update                     = off


INFO     : 	release_tri_then_reset                   = on


INFO     : Finished generating "/home/olle/efinity_p2/BRAM/outflow/BRAM.hex"


INFO     : Efinix Bitstream Generator took 1.06636 seconds.


INFO     : 	Efinix Bitstream Generator took 1.03 seconds (approximately) in total CPU time.


INFO     : Efinix Bitstream Generator virtual memory usage: begin = 35.092 MB, end = 93.388 MB, delta = 58.296 MB


INFO     : Efinix Bitstream Generator resident set memory usage: begin = 15.104 MB, end = 75.648 MB, delta = 60.544 MB


INFO     : 	Efinix Bitstream Generator peak resident set memory usage = 364.008 MB


Fri August 15 25 20:30:40 - /home/olle/efinix/efinity/2025.1/bin/efx_pgm finished. Exit code = 0 Exit status : Normal

Running hex generation flow done.

Fri August 15 25 20:30:40 - Running automated flow starting from placement done. Total duration = 3m 8.755s

Fri August 15 25 20:44:11 - Running Efinity Debugger...

Error in running process. Process crash.
Fri August 15 25 20:52:31 - Efinity Debugger finished. Exit code = 6 Exit status : Crash

Fri August 15 25 20:52:33 - Running Efinity Debugger...

Fri August 15 25 20:54:57 - Efinity Debugger finished. Exit code = 0 Exit status : Normal

Fri August 15 25 20:58:07 - Running Efinity Debugger...

Fri August 15 25 21:04:36 - Efinity Debugger finished. Exit code = 0 Exit status : Normal

Fri August 15 25 21:28:04 - Efinity Debugger finished. Exit code = 0 Exit status : Normal

Fri August 15 25 21:28:13 - Running automated flow starting from synthesis...



Fri August 15 25 21:28:13 - Floorplan closed VM : 653.956 MB RSS : 298.9 MB



-------------------------------------------------------------------------

Synthesis

-------------------------------------------------------------------------

Fri August 15 25 21:28:13 - Synthesis flow working directory is /home/olle/efinity_p2/BRAM/work_syn


INFO     : --max_threads set to 4 

INFO     : Deleting any pre-existing troute trace files

INFO     : Deleting any pre-existing troute trace files

INFO     : Deleting any pre-existing troute trace files

Fri August 15 25 21:28:14 - /home/olle/efinix/efinity/2025.1/bin/efx_map --project "BRAM" --root "top_level" --write-efx-verilog "/home/olle/efinity_p2/BRAM/outflow/BRAM.map.v" --write-premap-module "/home/olle/efinity_p2/BRAM/outflow/BRAM.elab.vdb" --binary-db "/home/olle/efinity_p2/BRAM/outflow/BRAM.vdb" --device "T20F169" --family "Trion" --veri_option "verilog_mode=verilog_2k,vhdl_mode=vhdl_2008" --work-dir "/home/olle/efinity_p2/BRAM/work_syn" --output-dir "/home/olle/efinity_p2/BRAM/outflow" --project-xml "/home/olle/efinity_p2/BRAM/BRAM.xml" --I "/home/olle/efinity_p2/BRAM" --I "/home/olle/efinity_p2/BRAM/ip/BRAM_8192_bytes" --I "/home/olle/efinity_p2/BRAM/ip/micro_risc_v1"

Fri August 15 25 21:28:14 - Running /home/olle/efinix/efinity/2025.1/bin/efx_map...

INFO     : Efinix FPGA Synthesis.


INFO     : Version: 2025.1.110.2.15


INFO     : Compiled: Jun 21 2025.


INFO     : 


INFO     : Copyright (C) 2013 - 2025 Efinix, Inc. All rights reserved.



INFO     : Reading project database "/home/olle/efinity_p2/BRAM/BRAM.xml"


INFO     : Analyzing Verilog file '/home/olle/efinix/efinity/2025.1/sim_models/maplib/efinix_peri_lib.v' [VERI-1482]


INFO     : /home/olle/efinix/efinity/2025.1/sim_models/maplib/efinix_peri_lib.v(8): compiling module 'EFX_IBUF' [VERI-1018]


INFO     : /home/olle/efinix/efinity/2025.1/sim_models/maplib/efinix_peri_lib.v(16): compiling module 'EFX_OBUF' [VERI-1018]


INFO     : /home/olle/efinix/efinity/2025.1/sim_models/maplib/efinix_peri_lib.v(23): compiling module 'EFX_IO_BUF' [VERI-1018]


INFO     : /home/olle/efinix/efinity/2025.1/sim_models/maplib/efinix_peri_lib.v(33): compiling module 'EFX_CLKOUT' [VERI-1018]


INFO     : /home/olle/efinix/efinity/2025.1/sim_models/maplib/efinix_peri_lib.v(41): compiling module 'EFX_IREG' [VERI-1018]


INFO     : /home/olle/efinix/efinity/2025.1/sim_models/maplib/efinix_peri_lib.v(51): compiling module 'EFX_OREG' [VERI-1018]


INFO     : /home/olle/efinix/efinity/2025.1/sim_models/maplib/efinix_peri_lib.v(60): compiling module 'EFX_IOREG' [VERI-1018]


INFO     : /home/olle/efinix/efinity/2025.1/sim_models/maplib/efinix_peri_lib.v(75): compiling module 'EFX_IDDIO' [VERI-1018]


INFO     : /home/olle/efinix/efinity/2025.1/sim_models/maplib/efinix_peri_lib.v(87): compiling module 'EFX_ODDIO' [VERI-1018]


INFO     : /home/olle/efinix/efinity/2025.1/sim_models/maplib/efinix_peri_lib.v(99): compiling module 'EFX_GPIO_V1' [VERI-1018]


INFO     : /home/olle/efinix/efinity/2025.1/sim_models/maplib/efinix_peri_lib.v(124): compiling module 'EFX_GPIO_V2' [VERI-1018]


INFO     : /home/olle/efinix/efinity/2025.1/sim_models/maplib/efinix_peri_lib.v(149): compiling module 'EFX_GPIO_V3' [VERI-1018]


INFO     : /home/olle/efinix/efinity/2025.1/sim_models/maplib/efinix_peri_lib.v(186): compiling module 'EFX_PLL_V1' [VERI-1018]


INFO     : /home/olle/efinix/efinity/2025.1/sim_models/maplib/efinix_peri_lib.v(205): compiling module 'EFX_PLL_V2' [VERI-1018]


INFO     : /home/olle/efinix/efinity/2025.1/sim_models/maplib/efinix_peri_lib.v(231): compiling module 'EFX_PLL_V3' [VERI-1018]


INFO     : /home/olle/efinix/efinity/2025.1/sim_models/maplib/efinix_peri_lib.v(279): compiling module 'EFX_OSC_V1' [VERI-1018]


INFO     : /home/olle/efinix/efinity/2025.1/sim_models/maplib/efinix_peri_lib.v(285): compiling module 'EFX_OSC_V3' [VERI-1018]


INFO     : /home/olle/efinix/efinity/2025.1/sim_models/maplib/efinix_peri_lib.v(294): compiling module 'EFX_FPLL_V1' [VERI-1018]


INFO     : /home/olle/efinix/efinity/2025.1/sim_models/maplib/efinix_peri_lib.v(348): compiling module 'EFX_JTAG_V1' [VERI-1018]


INFO     : /home/olle/efinix/efinity/2025.1/sim_models/maplib/efinix_peri_lib.v(357): compiling module 'EFX_JTAG_CTRL' [VERI-1018]


INFO     : /home/olle/efinix/efinity/2025.1/sim_models/maplib/efinix_peri_lib.v(364): compiling module 'EFX_LVDS_RX_V1' [VERI-1018]


INFO     : /home/olle/efinix/efinity/2025.1/sim_models/maplib/efinix_peri_lib.v(381): compiling module 'EFX_LVDS_TX_V1' [VERI-1018]


INFO     : /home/olle/efinix/efinity/2025.1/sim_models/maplib/efinix_peri_lib.v(399): compiling module 'EFX_LVDS_RX_V2' [VERI-1018]


INFO     : /home/olle/efinix/efinity/2025.1/sim_models/maplib/efinix_peri_lib.v(426): compiling module 'EFX_LVDS_TX_V2' [VERI-1018]


INFO     : /home/olle/efinix/efinity/2025.1/sim_models/maplib/efinix_peri_lib.v(446): compiling module 'EFX_LVDS_BIDIR_V2' [VERI-1018]


INFO     : Reading project database "/home/olle/efinity_p2/BRAM/BRAM.xml"


INFO     : ***** Beginning Analysis ... *****


INFO     : default VHDL library search path is now "/home/olle/efinix/efinity/2025.1/sim_models/vhdl/packages/vhdl_2008" [VHDL-1504]


INFO     : Analyzing Verilog file '/home/olle/efinix/efinity/2025.1/sim_models/maplib/efinix_maplib.v' [VERI-1482]


INFO     : Analyzing Verilog file '/home/olle/efinix/efinity/2025.1/sim_models/maplib/efinix_peri_lib.v' [VERI-1482]


INFO     : Analyzing Verilog file '/home/olle/efinix/efinity/2025.1/sim_models/maplib/efinix_maplib.v' [VERI-1482]


INFO     : Analyzing Verilog file '/home/olle/efinix/efinity/2025.1/sim_models/maplib/efinix_peri_lib.v' [VERI-1482]


INFO     : Analyzing VHDL file '/home/olle/efinity_p2/BRAM/top_level.vhd' [VHDL-1481]


INFO     : Restoring VHDL unit 'ieee.std_logic_1164' from file '/home/olle/efinix/efinity/2025.1/sim_models/vhdl/packages/vhdl_2008/ieee/std_logic_1164.vdb' [VHDL-1493]


INFO     : Restoring VHDL unit 'std.standard' from file '/home/olle/efinix/efinity/2025.1/sim_models/vhdl/packages/vhdl_2008/std/standard.vdb' [VHDL-1493]


INFO     : Restoring VHDL unit 'std.textio' from file '/home/olle/efinix/efinity/2025.1/sim_models/vhdl/packages/vhdl_2008/std/textio.vdb' [VHDL-1493]


INFO     : Restoring VHDL unit 'ieee.numeric_std' from file '/home/olle/efinix/efinity/2025.1/sim_models/vhdl/packages/vhdl_2008/ieee/numeric_std.vdb' [VHDL-1493]


INFO     : /home/olle/efinity_p2/BRAM/top_level.vhd(6): analyzing entity 'top_level' [VHDL-1012]


INFO     : /home/olle/efinity_p2/BRAM/top_level.vhd(48): analyzing architecture 'behavior' [VHDL-1010]


INFO     : Analyzing VHDL file '/home/olle/efinity_p2/BRAM/eth_dp83825_udp.vhd' [VHDL-1481]


INFO     : /home/olle/efinity_p2/BRAM/eth_dp83825_udp.vhd(6): analyzing entity 'eth_dp83825_udp' [VHDL-1012]


INFO     : /home/olle/efinity_p2/BRAM/eth_dp83825_udp.vhd(29): analyzing architecture 'behavior' [VHDL-1010]


INFO     : Analyzing VHDL file '/home/olle/efinity_p2/BRAM/mdio_clause22.vhd' [VHDL-1481]


INFO     : /home/olle/efinity_p2/BRAM/mdio_clause22.vhd(9): analyzing entity 'mdio_clause22' [VHDL-1012]


INFO     : /home/olle/efinity_p2/BRAM/mdio_clause22.vhd(37): analyzing architecture 'rtl' [VHDL-1010]


INFO     : Analyzing Verilog file '/home/olle/efinity_p2/BRAM/ip/BRAM_8192_bytes/BRAM_8192_bytes.v' [VERI-1482]


INFO     : /home/olle/efinity_p2/BRAM/ip/BRAM_8192_bytes/BRAM_8192_bytes.v(758): analyzing included file '/home/olle/efinity_p2/BRAM/ip/BRAM_8192_bytes/bram_ini.vh' [VERI-1328]


INFO     : /home/olle/efinity_p2/BRAM/ip/BRAM_8192_bytes/BRAM_8192_bytes.v(758): back to file '/home/olle/efinity_p2/BRAM/ip/BRAM_8192_bytes/BRAM_8192_bytes.v' [VERI-2320]


INFO     : /home/olle/efinity_p2/BRAM/ip/BRAM_8192_bytes/BRAM_8192_bytes.v(985): analyzing included file '/home/olle/efinity_p2/BRAM/ip/BRAM_8192_bytes/bram_decompose.vh' [VERI-1328]


INFO     : /home/olle/efinity_p2/BRAM/ip/BRAM_8192_bytes/BRAM_8192_bytes.v(985): back to file '/home/olle/efinity_p2/BRAM/ip/BRAM_8192_bytes/BRAM_8192_bytes.v' [VERI-2320]


INFO     : Analyzing Verilog file '/home/olle/efinity_p2/BRAM/ip/micro_risc_v1/micro_risc_v1.v' [VERI-1482]


INFO     : Analysis took 0.16452 seconds.


INFO     : 	Analysis took 0.15 seconds (approximately) in total CPU time.


INFO     : Analysis virtual memory usage: begin = 124.56 MB, end = 132.752 MB, delta = 8.192 MB


INFO     : Analysis resident set memory usage: begin = 72.192 MB, end = 81.152 MB, delta = 8.96 MB


INFO     : 	Analysis peak resident set memory usage = 364.008 MB


INFO     : ***** Ending Analysis ... *****


INFO     : ***** Beginning Elaboration ... *****


INFO     : /home/olle/efinity_p2/BRAM/top_level.vhd(6): processing 'top_level(behavior)' [VHDL-1067]


WARNING  : /home/olle/efinity_p2/BRAM/top_level.vhd(100): using initial value '0' for 'system_uart_0_io_rxd' since it is never assigned [VHDL-1303]


WARNING  : /home/olle/efinity_p2/BRAM/top_level.vhd(103): using initial value for 'system_gpio_0_io_read' since it is never assigned [VHDL-1794]


INFO     : Restoring VHDL unit 'vl.vl_types' from file '/home/olle/efinix/efinity/2025.1/sim_models/vhdl/packages/vhdl_2008/vl/vl_types.vdb' [VHDL-1493]


INFO     : /home/olle/efinity_p2/BRAM/top_level.vhd(133): switching to Verilog mode to elaborate module 'micro_risc_v1' [VHDL-1399]


INFO     : /home/olle/efinity_p2/BRAM/ip/micro_risc_v1/micro_risc_v1.v(49): compiling module 'micro_risc_v1' [VERI-1018]


INFO     : /home/olle/efinity_p2/BRAM/ip/micro_risc_v1/micro_risc_v1.v(94): compiling module 'EfxSapphireSoc_2fa2c88f3c1f4868ba7cd09620d007ba' [VERI-1018]


INFO     : /home/olle/efinity_p2/BRAM/ip/micro_risc_v1/micro_risc_v1.v(5744): compiling module 'VexRiscv_2fa2c88f3c1f4868ba7cd09620d007ba' [VERI-1018]


INFO     : /home/olle/efinity_p2/BRAM/ip/micro_risc_v1/micro_risc_v1.v(6995): extracting RAM for identifier 'RegFilePlugin_regFile' [VERI-2571]


INFO     : /home/olle/efinity_p2/BRAM/ip/micro_risc_v1/micro_risc_v1.v(12219): compiling module 'InstructionCache_2fa2c88f3c1f4868ba7cd09620d007ba' [VERI-1018]


INFO     : /home/olle/efinity_p2/BRAM/ip/micro_risc_v1/micro_risc_v1.v(12325): extracting RAM for identifier 'banks_0' [VERI-2571]


INFO     : /home/olle/efinity_p2/BRAM/ip/micro_risc_v1/micro_risc_v1.v(12326): extracting RAM for identifier 'ways_0_tags' [VERI-2571]


INFO     : /home/olle/efinity_p2/BRAM/ip/micro_risc_v1/micro_risc_v1.v(11365): compiling module 'DataCache_2fa2c88f3c1f4868ba7cd09620d007ba' [VERI-1018]


INFO     : /home/olle/efinity_p2/BRAM/ip/micro_risc_v1/micro_risc_v1.v(11579): extracting RAM for identifier 'ways_0_tags' [VERI-2571]


INFO     : /home/olle/efinity_p2/BRAM/ip/micro_risc_v1/micro_risc_v1.v(11580): extracting RAM for identifier 'ways_0_data_symbol0' [VERI-2571]


INFO     : /home/olle/efinity_p2/BRAM/ip/micro_risc_v1/micro_risc_v1.v(11581): extracting RAM for identifier 'ways_0_data_symbol1' [VERI-2571]


INFO     : /home/olle/efinity_p2/BRAM/ip/micro_risc_v1/micro_risc_v1.v(11582): extracting RAM for identifier 'ways_0_data_symbol2' [VERI-2571]


INFO     : /home/olle/efinity_p2/BRAM/ip/micro_risc_v1/micro_risc_v1.v(11583): extracting RAM for identifier 'ways_0_data_symbol3' [VERI-2571]


WARNING  : /home/olle/efinity_p2/BRAM/ip/micro_risc_v1/micro_risc_v1.v(12191): system task 'display' is ignored for synthesis [VERI-1142]


INFO     : /home/olle/efinity_p2/BRAM/ip/micro_risc_v1/micro_risc_v1.v(11346): compiling module 'BufferCC_2fa2c88f3c1f4868ba7cd09620d007ba' [VERI-1018]


INFO     : /home/olle/efinity_p2/BRAM/ip/micro_risc_v1/micro_risc_v1.v(13149): compiling module 'EfxCPUSp1_2fa2c88f3c1f4868ba7cd09620d007ba' [VERI-1018]


WARNING  : /home/olle/efinity_p2/BRAM/ip/micro_risc_v1/micro_risc_v1.v(5832): net 'IBusCachedPlugin_cache_io_cpu_fetch_isRemoved' does not have a driver [VDB-1002]


WARNING  : /home/olle/efinity_p2/BRAM/ip/micro_risc_v1/micro_risc_v1.v(5845): net 'dataCache_1_io_cpu_writeBack_fence_SW' does not have a driver [VDB-1002]


WARNING  : /home/olle/efinity_p2/BRAM/ip/micro_risc_v1/micro_risc_v1.v(5846): net 'dataCache_1_io_cpu_writeBack_fence_SR' does not have a driver [VDB-1002]


WARNING  : /home/olle/efinity_p2/BRAM/ip/micro_risc_v1/micro_risc_v1.v(5847): net 'dataCache_1_io_cpu_writeBack_fence_SO' does not have a driver [VDB-1002]


WARNING  : /home/olle/efinity_p2/BRAM/ip/micro_risc_v1/micro_risc_v1.v(5848): net 'dataCache_1_io_cpu_writeBack_fence_SI' does not have a driver [VDB-1002]


WARNING  : /home/olle/efinity_p2/BRAM/ip/micro_risc_v1/micro_risc_v1.v(5849): net 'dataCache_1_io_cpu_writeBack_fence_PW' does not have a driver [VDB-1002]


WARNING  : /home/olle/efinity_p2/BRAM/ip/micro_risc_v1/micro_risc_v1.v(5850): net 'dataCache_1_io_cpu_writeBack_fence_PR' does not have a driver [VDB-1002]


WARNING  : /home/olle/efinity_p2/BRAM/ip/micro_risc_v1/micro_risc_v1.v(5851): net 'dataCache_1_io_cpu_writeBack_fence_PO' does not have a driver [VDB-1002]


WARNING  : /home/olle/efinity_p2/BRAM/ip/micro_risc_v1/micro_risc_v1.v(5852): net 'dataCache_1_io_cpu_writeBack_fence_PI' does not have a driver [VDB-1002]


WARNING  : /home/olle/efinity_p2/BRAM/ip/micro_risc_v1/micro_risc_v1.v(5853): net 'dataCache_1_io_cpu_writeBack_fence_FM[3]' does not have a driver [VDB-1002]


WARNING  : /home/olle/efinity_p2/BRAM/ip/micro_risc_v1/micro_risc_v1.v(6276): net 'IBusCachedPlugin_mmuBus_rsp_bypassTranslation' does not have a driver [VDB-1002]


WARNING  : /home/olle/efinity_p2/BRAM/ip/micro_risc_v1/micro_risc_v1.v(6302): net 'DBusCachedPlugin_mmuBus_rsp_bypassTranslation' does not have a driver [VDB-1002]


WARNING  : /home/olle/efinity_p2/BRAM/ip/micro_risc_v1/micro_risc_v1.v(6410): net 'IBusCachedPlugin_iBusRsp_output_payload_rsp_error' does not have a driver [VDB-1002]


WARNING  : /home/olle/efinity_p2/BRAM/ip/micro_risc_v1/micro_risc_v1.v(6412): net 'IBusCachedPlugin_iBusRsp_output_payload_isRvc' does not have a driver [VDB-1002]


WARNING  : /home/olle/efinity_p2/BRAM/ip/micro_risc_v1/micro_risc_v1.v(6656): net 'CsrPlugin_mtvec_mode[1]' does not have a driver [VDB-1002]


INFO     : /home/olle/efinity_p2/BRAM/ip/micro_risc_v1/micro_risc_v1.v(4743): compiling module 'DebugModule_2fa2c88f3c1f4868ba7cd09620d007ba' [VERI-1018]


INFO     : /home/olle/efinity_p2/BRAM/ip/micro_risc_v1/micro_risc_v1.v(4949): extracting RAM for identifier 'logic_progbufX_mem' [VERI-2571]


INFO     : /home/olle/efinity_p2/BRAM/ip/micro_risc_v1/micro_risc_v1.v(4719): compiling module 'BufferCC_5_2fa2c88f3c1f4868ba7cd09620d007ba' [VERI-1018]


INFO     : /home/olle/efinity_p2/BRAM/ip/micro_risc_v1/micro_risc_v1.v(4695): compiling module 'BufferCC_6_2fa2c88f3c1f4868ba7cd09620d007ba' [VERI-1018]


INFO     : /home/olle/efinity_p2/BRAM/ip/micro_risc_v1/micro_risc_v1.v(4669): compiling module 'BufferCC_8_2fa2c88f3c1f4868ba7cd09620d007ba' [VERI-1018]


INFO     : /home/olle/efinity_p2/BRAM/ip/micro_risc_v1/micro_risc_v1.v(4196): compiling module 'DebugTransportModuleTunneled_2fa2c88f3c1f4868ba7cd09620d007ba' [VERI-1018]


INFO     : /home/olle/efinity_p2/BRAM/ip/micro_risc_v1/micro_risc_v1.v(11282): compiling module 'FlowCCByToggle_2fa2c88f3c1f4868ba7cd09620d007ba' [VERI-1018]


WARNING  : /home/olle/efinity_p2/BRAM/ip/micro_risc_v1/micro_risc_v1.v(11316): system function call 'urandom' is not supported [VERI-1141]


WARNING  : /home/olle/efinity_p2/BRAM/ip/micro_risc_v1/micro_risc_v1.v(11317): system function call 'urandom' is not supported [VERI-1141]


INFO     : /home/olle/efinity_p2/BRAM/ip/micro_risc_v1/micro_risc_v1.v(13099): compiling module 'BufferCC_1_2fa2c88f3c1f4868ba7cd09620d007ba' [VERI-1018]


WARNING  : /home/olle/efinity_p2/BRAM/ip/micro_risc_v1/micro_risc_v1.v(13111): system function call 'urandom' is not supported [VERI-1141]


WARNING  : /home/olle/efinity_p2/BRAM/ip/micro_risc_v1/micro_risc_v1.v(13112): system function call 'urandom' is not supported [VERI-1141]


INFO     : /home/olle/efinity_p2/BRAM/ip/micro_risc_v1/micro_risc_v1.v(11196): compiling module 'FlowCCByToggle_1_2fa2c88f3c1f4868ba7cd09620d007ba' [VERI-1018]


INFO     : /home/olle/efinity_p2/BRAM/ip/micro_risc_v1/micro_risc_v1.v(13075): compiling module 'BufferCC_2_2fa2c88f3c1f4868ba7cd09620d007ba' [VERI-1018]


INFO     : /home/olle/efinity_p2/BRAM/ip/micro_risc_v1/micro_risc_v1.v(13051): compiling module 'BufferCC_3_2fa2c88f3c1f4868ba7cd09620d007ba' [VERI-1018]


INFO     : /home/olle/efinity_p2/BRAM/ip/micro_risc_v1/micro_risc_v1.v(4156): compiling module 'BmbDecoder_2fa2c88f3c1f4868ba7cd09620d007ba' [VERI-1018]


INFO     : /home/olle/efinity_p2/BRAM/ip/micro_risc_v1/micro_risc_v1.v(4020): compiling module 'BmbArbiter_2fa2c88f3c1f4868ba7cd09620d007ba' [VERI-1018]


INFO     : /home/olle/efinity_p2/BRAM/ip/micro_risc_v1/micro_risc_v1.v(11092): compiling module 'StreamArbiter_2fa2c88f3c1f4868ba7cd09620d007ba' [VERI-1018]


INFO     : /home/olle/efinity_p2/BRAM/ip/micro_risc_v1/micro_risc_v1.v(3748): compiling module 'BmbDecoder_1_2fa2c88f3c1f4868ba7cd09620d007ba' [VERI-1018]


INFO     : /home/olle/efinity_p2/BRAM/ip/micro_risc_v1/micro_risc_v1.v(3640): compiling module 'BmbOnChipRam_2fa2c88f3c1f4868ba7cd09620d007ba' [VERI-1018]


INFO     : /home/olle/efinity_p2/BRAM/ip/micro_risc_v1/micro_risc_v1.v(3672): extracting RAM for identifier 'ram_symbol0' [VERI-2571]


INFO     : /home/olle/efinity_p2/BRAM/ip/micro_risc_v1/micro_risc_v1.v(3673): extracting RAM for identifier 'ram_symbol1' [VERI-2571]


INFO     : /home/olle/efinity_p2/BRAM/ip/micro_risc_v1/micro_risc_v1.v(3674): extracting RAM for identifier 'ram_symbol2' [VERI-2571]


INFO     : /home/olle/efinity_p2/BRAM/ip/micro_risc_v1/micro_risc_v1.v(3675): extracting RAM for identifier 'ram_symbol3' [VERI-2571]


INFO     : /home/olle/efinity_p2/BRAM/ip/micro_risc_v1/micro_risc_v1.v(3414): compiling module 'BmbUnburstify_2fa2c88f3c1f4868ba7cd09620d007ba' [VERI-1018]


INFO     : /home/olle/efinity_p2/BRAM/ip/micro_risc_v1/micro_risc_v1.v(3053): compiling module 'BmbDecoder_2_2fa2c88f3c1f4868ba7cd09620d007ba' [VERI-1018]


INFO     : /home/olle/efinity_p2/BRAM/ip/micro_risc_v1/micro_risc_v1.v(2869): compiling module 'BmbClint_2fa2c88f3c1f4868ba7cd09620d007ba' [VERI-1018]


INFO     : /home/olle/efinity_p2/BRAM/ip/micro_risc_v1/micro_risc_v1.v(2377): compiling module 'BmbUartCtrl_2fa2c88f3c1f4868ba7cd09620d007ba' [VERI-1018]


INFO     : /home/olle/efinity_p2/BRAM/ip/micro_risc_v1/micro_risc_v1.v(10963): compiling module 'UartCtrl_2fa2c88f3c1f4868ba7cd09620d007ba' [VERI-1018]


INFO     : /home/olle/efinity_p2/BRAM/ip/micro_risc_v1/micro_risc_v1.v(12811): compiling module 'UartCtrlTx_2fa2c88f3c1f4868ba7cd09620d007ba' [VERI-1018]


INFO     : /home/olle/efinity_p2/BRAM/ip/micro_risc_v1/micro_risc_v1.v(12517): compiling module 'UartCtrlRx_2fa2c88f3c1f4868ba7cd09620d007ba' [VERI-1018]


INFO     : /home/olle/efinity_p2/BRAM/ip/micro_risc_v1/micro_risc_v1.v(13125): compiling module 'BufferCC_4_2fa2c88f3c1f4868ba7cd09620d007ba' [VERI-1018]


INFO     : /home/olle/efinity_p2/BRAM/ip/micro_risc_v1/micro_risc_v1.v(10809): compiling module 'StreamFifo_2fa2c88f3c1f4868ba7cd09620d007ba' [VERI-1018]


INFO     : /home/olle/efinity_p2/BRAM/ip/micro_risc_v1/micro_risc_v1.v(10857): extracting RAM for identifier 'logic_ram' [VERI-2571]


INFO     : /home/olle/efinity_p2/BRAM/ip/micro_risc_v1/micro_risc_v1.v(2165): compiling module 'BmbGpio2_2fa2c88f3c1f4868ba7cd09620d007ba' [VERI-1018]


INFO     : /home/olle/efinity_p2/BRAM/top_level.vhd(133): returning to VHDL mode to continue with elaboration [VHDL-1400]


INFO     : /home/olle/efinity_p2/BRAM/eth_dp83825_udp.vhd(6): processing 'eth_dp83825_udp(behavior)' [VHDL-1067]


WARNING  : /home/olle/efinity_p2/BRAM/eth_dp83825_udp.vhd(42): using initial value for 'mdio_wr_data' since it is never assigned [VHDL-1794]


INFO     : /home/olle/efinity_p2/BRAM/mdio_clause22.vhd(9): processing 'mdio_clause22(rtl)' [VHDL-1067]


INFO     : Elaboration took 0.40904 seconds.


INFO     : 	Elaboration took 0.38 seconds (approximately) in total CPU time.


INFO     : Elaboration virtual memory usage: begin = 132.752 MB, end = 167.568 MB, delta = 34.816 MB


INFO     : Elaboration resident set memory usage: begin = 81.152 MB, end = 117.12 MB, delta = 35.968 MB


INFO     : 	Elaboration peak resident set memory usage = 364.008 MB


INFO     : ***** Ending Elaboration ... *****


INFO     : ... Setting Synthesis Option: mode=speed


INFO     : ***** Beginning Reading Mapping Library ... *****


INFO     : Analyzing Verilog file '/home/olle/efinix/efinity/2025.1/sim_models/maplib/efinix_maplib.v' [VERI-1482]


INFO     : /home/olle/efinix/efinity/2025.1/sim_models/maplib/efinix_maplib.v(8): compiling module 'EFX_ADD' [VERI-1018]


INFO     : /home/olle/efinix/efinity/2025.1/sim_models/maplib/efinix_maplib.v(21): compiling module 'EFX_FF' [VERI-1018]


INFO     : /home/olle/efinix/efinity/2025.1/sim_models/maplib/efinix_maplib.v(38): compiling module 'EFX_COMB4' [VERI-1018]


INFO     : /home/olle/efinix/efinity/2025.1/sim_models/maplib/efinix_maplib.v(48): compiling module 'EFX_GBUFCE' [VERI-1018]


INFO     : /home/olle/efinix/efinity/2025.1/sim_models/maplib/efinix_maplib.v(57): compiling module 'EFX_LUT4' [VERI-1018]


INFO     : /home/olle/efinix/efinity/2025.1/sim_models/maplib/efinix_maplib.v(65): compiling module 'EFX_MULT' [VERI-1018]


INFO     : /home/olle/efinix/efinity/2025.1/sim_models/maplib/efinix_maplib.v(100): compiling module 'EFX_DSP48' [VERI-1018]


INFO     : /home/olle/efinix/efinity/2025.1/sim_models/maplib/efinix_maplib.v(156): compiling module 'EFX_DSP24' [VERI-1018]


INFO     : /home/olle/efinix/efinity/2025.1/sim_models/maplib/efinix_maplib.v(209): compiling module 'EFX_DSP12' [VERI-1018]


INFO     : /home/olle/efinix/efinity/2025.1/sim_models/maplib/efinix_maplib.v(262): compiling module 'EFX_RAM_4K' [VERI-1018]


INFO     : /home/olle/efinix/efinity/2025.1/sim_models/maplib/efinix_maplib.v(322): compiling module 'EFX_RAM_5K' [VERI-1018]


INFO     : /home/olle/efinix/efinity/2025.1/sim_models/maplib/efinix_maplib.v(394): compiling module 'EFX_DPRAM_5K' [VERI-1018]


INFO     : /home/olle/efinix/efinity/2025.1/sim_models/maplib/efinix_maplib.v(499): compiling module 'RAMB5' [VERI-1018]


INFO     : /home/olle/efinix/efinity/2025.1/sim_models/maplib/efinix_maplib.v(561): compiling module 'EFX_RAM_10K' [VERI-1018]


INFO     : /home/olle/efinix/efinity/2025.1/sim_models/maplib/efinix_maplib.v(653): compiling module 'EFX_RAM10' [VERI-1018]


INFO     : /home/olle/efinix/efinity/2025.1/sim_models/maplib/efinix_maplib.v(754): compiling module 'EFX_DPRAM10' [VERI-1018]


INFO     : /home/olle/efinix/efinity/2025.1/sim_models/maplib/efinix_maplib.v(884): compiling module 'EFX_SRL8' [VERI-1018]


INFO     : Reading Mapping Library took 0.0208848 seconds.


INFO     : 	Reading Mapping Library took 0.03 seconds (approximately) in total CPU time.


INFO     : Reading Mapping Library virtual memory usage: begin = 195.728 MB, end = 195.728 MB, delta = 0 MB


INFO     : Reading Mapping Library resident set memory usage: begin = 146.56 MB, end = 146.56 MB, delta = 0 MB


INFO     : 	Reading Mapping Library peak resident set memory usage = 364.008 MB


INFO     : ***** Ending Reading Mapping Library ... *****


INFO     : ... Pre-synthesis checks begin


WARNING  : The primary output port 'led2' wire 'led2' is not driven. [EFX-0256]


WARNING  : The primary output port 'CAM0_EN' wire 'CAM0_EN' is not driven. [EFX-0256]


WARNING  : The primary output port 'CAM1_EN' wire 'CAM1_EN' is not driven. [EFX-0256]


WARNING  : Removing redundant signal : io_cpu_prefetch_isValid. (/home/olle/efinity_p2/BRAM/ip/micro_risc_v1/micro_risc_v1.v:12221) [EFX-0200]


WARNING  : Removing redundant signal : io_cpu_prefetch_pc[31]. (/home/olle/efinity_p2/BRAM/ip/micro_risc_v1/micro_risc_v1.v:12223) [EFX-0200]


WARNING  : Removing redundant signal : io_cpu_prefetch_pc[30]. (/home/olle/efinity_p2/BRAM/ip/micro_risc_v1/micro_risc_v1.v:12223) [EFX-0200]


WARNING  : Removing redundant signal : io_cpu_prefetch_pc[29]. (/home/olle/efinity_p2/BRAM/ip/micro_risc_v1/micro_risc_v1.v:12223) [EFX-0200]


WARNING  : Removing redundant signal : io_cpu_prefetch_pc[28]. (/home/olle/efinity_p2/BRAM/ip/micro_risc_v1/micro_risc_v1.v:12223) [EFX-0200]


WARNING  : Removing redundant signal : io_cpu_prefetch_pc[27]. (/home/olle/efinity_p2/BRAM/ip/micro_risc_v1/micro_risc_v1.v:12223) [EFX-0200]


WARNING  : Removing redundant signal : io_cpu_prefetch_pc[26]. (/home/olle/efinity_p2/BRAM/ip/micro_risc_v1/micro_risc_v1.v:12223) [EFX-0200]


WARNING  : Removing redundant signal : io_cpu_prefetch_pc[25]. (/home/olle/efinity_p2/BRAM/ip/micro_risc_v1/micro_risc_v1.v:12223) [EFX-0200]


WARNING  : Removing redundant signal : io_cpu_prefetch_pc[24]. (/home/olle/efinity_p2/BRAM/ip/micro_risc_v1/micro_risc_v1.v:12223) [EFX-0200]


WARNING  : Removing redundant signal : io_cpu_prefetch_pc[23]. (/home/olle/efinity_p2/BRAM/ip/micro_risc_v1/micro_risc_v1.v:12223) [EFX-0200]


WARNING  : Removing redundant signal : io_cpu_prefetch_pc[22]. (/home/olle/efinity_p2/BRAM/ip/micro_risc_v1/micro_risc_v1.v:12223) [EFX-0200]


WARNING  : Removing redundant signal : io_cpu_prefetch_pc[21]. (/home/olle/efinity_p2/BRAM/ip/micro_risc_v1/micro_risc_v1.v:12223) [EFX-0200]


WARNING  : Removing redundant signal : io_cpu_prefetch_pc[20]. (/home/olle/efinity_p2/BRAM/ip/micro_risc_v1/micro_risc_v1.v:12223) [EFX-0200]


WARNING  : Removing redundant signal : io_cpu_prefetch_pc[19]. (/home/olle/efinity_p2/BRAM/ip/micro_risc_v1/micro_risc_v1.v:12223) [EFX-0200]


WARNING  : Removing redundant signal : io_cpu_prefetch_pc[18]. (/home/olle/efinity_p2/BRAM/ip/micro_risc_v1/micro_risc_v1.v:12223) [EFX-0200]


WARNING  : Removing redundant signal : io_cpu_prefetch_pc[17]. (/home/olle/efinity_p2/BRAM/ip/micro_risc_v1/micro_risc_v1.v:12223) [EFX-0200]


WARNING  : Removing redundant signal : io_cpu_prefetch_pc[16]. (/home/olle/efinity_p2/BRAM/ip/micro_risc_v1/micro_risc_v1.v:12223) [EFX-0200]


WARNING  : Removing redundant signal : io_cpu_prefetch_pc[15]. (/home/olle/efinity_p2/BRAM/ip/micro_risc_v1/micro_risc_v1.v:12223) [EFX-0200]


WARNING  : Removing redundant signal : io_cpu_prefetch_pc[14]. (/home/olle/efinity_p2/BRAM/ip/micro_risc_v1/micro_risc_v1.v:12223) [EFX-0200]


WARNING  : Removing redundant signal : io_cpu_prefetch_pc[13]. (/home/olle/efinity_p2/BRAM/ip/micro_risc_v1/micro_risc_v1.v:12223) [EFX-0200]


WARNING  : (The above message was generated too many times, subsequent similar messages will be muted.) [EFX-0200]


INFO     : ... Memory 'banks_0' is not initialized, assuming empty initial contents. (/home/olle/efinity_p2/BRAM/ip/micro_risc_v1/micro_risc_v1.v:12325) [EFX-0677]


INFO     : ... Memory 'ways_0_tags' is not initialized, assuming empty initial contents. (/home/olle/efinity_p2/BRAM/ip/micro_risc_v1/micro_risc_v1.v:12326) [EFX-0677]


INFO     : ... Memory 'ways_0_tags' is not initialized, assuming empty initial contents. (/home/olle/efinity_p2/BRAM/ip/micro_risc_v1/micro_risc_v1.v:11579) [EFX-0677]


INFO     : ... Memory 'ways_0_data_symbol0' is not initialized, assuming empty initial contents. (/home/olle/efinity_p2/BRAM/ip/micro_risc_v1/micro_risc_v1.v:11580) [EFX-0677]


INFO     : ... Memory 'ways_0_data_symbol1' is not initialized, assuming empty initial contents. (/home/olle/efinity_p2/BRAM/ip/micro_risc_v1/micro_risc_v1.v:11581) [EFX-0677]


INFO     : ... Memory 'ways_0_data_symbol2' is not initialized, assuming empty initial contents. (/home/olle/efinity_p2/BRAM/ip/micro_risc_v1/micro_risc_v1.v:11582) [EFX-0677]


INFO     : ... Memory 'ways_0_data_symbol3' is not initialized, assuming empty initial contents. (/home/olle/efinity_p2/BRAM/ip/micro_risc_v1/micro_risc_v1.v:11583) [EFX-0677]


WARNING  : Re-wiring to GND non-driven net 'IBusCachedPlugin_cache_io_cpu_fetch_isRemoved'. (/home/olle/efinity_p2/BRAM/ip/micro_risc_v1/micro_risc_v1.v:5832) [EFX-0201]


WARNING  : Re-wiring to GND non-driven net 'dataCache_1_io_cpu_writeBack_fence_SW'. (/home/olle/efinity_p2/BRAM/ip/micro_risc_v1/micro_risc_v1.v:5845) [EFX-0201]


WARNING  : Re-wiring to GND non-driven net 'dataCache_1_io_cpu_writeBack_fence_SR'. (/home/olle/efinity_p2/BRAM/ip/micro_risc_v1/micro_risc_v1.v:5846) [EFX-0201]


WARNING  : Re-wiring to GND non-driven net 'dataCache_1_io_cpu_writeBack_fence_SO'. (/home/olle/efinity_p2/BRAM/ip/micro_risc_v1/micro_risc_v1.v:5847) [EFX-0201]


WARNING  : Re-wiring to GND non-driven net 'dataCache_1_io_cpu_writeBack_fence_SI'. (/home/olle/efinity_p2/BRAM/ip/micro_risc_v1/micro_risc_v1.v:5848) [EFX-0201]


WARNING  : Re-wiring to GND non-driven net 'dataCache_1_io_cpu_writeBack_fence_PW'. (/home/olle/efinity_p2/BRAM/ip/micro_risc_v1/micro_risc_v1.v:5849) [EFX-0201]


WARNING  : Re-wiring to GND non-driven net 'dataCache_1_io_cpu_writeBack_fence_PR'. (/home/olle/efinity_p2/BRAM/ip/micro_risc_v1/micro_risc_v1.v:5850) [EFX-0201]


WARNING  : Re-wiring to GND non-driven net 'dataCache_1_io_cpu_writeBack_fence_PO'. (/home/olle/efinity_p2/BRAM/ip/micro_risc_v1/micro_risc_v1.v:5851) [EFX-0201]


WARNING  : Re-wiring to GND non-driven net 'dataCache_1_io_cpu_writeBack_fence_PI'. (/home/olle/efinity_p2/BRAM/ip/micro_risc_v1/micro_risc_v1.v:5852) [EFX-0201]


WARNING  : Re-wiring to GND non-driven net 'dataCache_1_io_cpu_writeBack_fence_FM[3]'. (/home/olle/efinity_p2/BRAM/ip/micro_risc_v1/micro_risc_v1.v:5853) [EFX-0201]


WARNING  : (The above message was generated too many times, subsequent similar messages will be muted.) [EFX-0201]


INFO     : ... Memory 'RegFilePlugin_regFile' is not initialized, assuming empty initial contents. (/home/olle/efinity_p2/BRAM/ip/micro_risc_v1/micro_risc_v1.v:6995) [EFX-0677]


INFO     : ... Memory 'logic_progbufX_mem' is not initialized, assuming empty initial contents. (/home/olle/efinity_p2/BRAM/ip/micro_risc_v1/micro_risc_v1.v:4949) [EFX-0677]


INFO     : Module Instance 'memory_arbiter' input pin 'io_inputs_0_payload_fragment_source[0]' is tied to constant (=0). [EFX-0266]


INFO     : Module Instance 'memory_arbiter' input pin 'io_inputs_1_payload_fragment_source[0]' is tied to constant (=0). [EFX-0266]


INFO     : Module Instance 'memory_arbiter' input pin 'io_inputs_1_payload_fragment_context[0]' is tied to constant (=0). [EFX-0266]


INFO     : Module Instance 'tx' input pin 'io_cts' is tied to constant (=0). [EFX-0266]


INFO     : ... Memory 'logic_ram' is not initialized, assuming empty initial contents. (/home/olle/efinity_p2/BRAM/ip/micro_risc_v1/micro_risc_v1.v:10857) [EFX-0677]


INFO     : Module Instance 'bridge_write_streamUnbuffered_queueWithOccupancy' input pin 'io_flush' is tied to constant (=0). [EFX-0266]


INFO     : Module Instance 'uartCtrl_1_io_read_queueWithOccupancy' input pin 'io_flush' is tied to constant (=0). [EFX-0266]


INFO     : Module Instance 'system_bridge_bmb_arbiter' input pin 'io_inputs_1_cmd_payload_fragment_data[0]' is tied to constant (=0). [EFX-0266]


INFO     : Module Instance 'system_bridge_bmb_arbiter' input pin 'io_inputs_1_cmd_payload_fragment_data[1]' is tied to constant (=0). [EFX-0266]


INFO     : Module Instance 'system_bridge_bmb_arbiter' input pin 'io_inputs_1_cmd_payload_fragment_data[2]' is tied to constant (=0). [EFX-0266]


INFO     : Module Instance 'system_bridge_bmb_arbiter' input pin 'io_inputs_1_cmd_payload_fragment_data[3]' is tied to constant (=0). [EFX-0266]


INFO     : Module Instance 'system_bridge_bmb_arbiter' input pin 'io_inputs_1_cmd_payload_fragment_data[4]' is tied to constant (=0). [EFX-0266]


INFO     : Module Instance 'system_bridge_bmb_arbiter' input pin 'io_inputs_1_cmd_payload_fragment_data[5]' is tied to constant (=0). [EFX-0266]


INFO     : Module Instance 'system_bridge_bmb_arbiter' input pin 'io_inputs_1_cmd_payload_fragment_data[6]' is tied to constant (=0). [EFX-0266]


INFO     : Module Instance 'system_bridge_bmb_arbiter' input pin 'io_inputs_1_cmd_payload_fragment_data[7]' is tied to constant (=0). [EFX-0266]


INFO     : Module Instance 'system_bridge_bmb_arbiter' input pin 'io_inputs_1_cmd_payload_fragment_data[8]' is tied to constant (=0). [EFX-0266]


INFO     : Module Instance 'system_bridge_bmb_arbiter' input pin 'io_inputs_1_cmd_payload_fragment_data[9]' is tied to constant (=0). [EFX-0266]


INFO     : Module Instance 'system_bridge_bmb_arbiter' input pin 'io_inputs_1_cmd_payload_fragment_data[10]' is tied to constant (=0). [EFX-0266]


INFO     : Module Instance 'system_bridge_bmb_arbiter' input pin 'io_inputs_1_cmd_payload_fragment_data[11]' is tied to constant (=0). [EFX-0266]


INFO     : Module Instance 'system_bridge_bmb_arbiter' input pin 'io_inputs_1_cmd_payload_fragment_data[12]' is tied to constant (=0). [EFX-0266]


INFO     : Module Instance 'system_bridge_bmb_arbiter' input pin 'io_inputs_1_cmd_payload_fragment_data[13]' is tied to constant (=0). [EFX-0266]


INFO     : Module Instance 'system_bridge_bmb_arbiter' input pin 'io_inputs_1_cmd_payload_fragment_data[14]' is tied to constant (=0). [EFX-0266]


INFO     : Module Instance 'system_bridge_bmb_arbiter' input pin 'io_inputs_1_cmd_payload_fragment_data[15]' is tied to constant (=0). [EFX-0266]


INFO     : Module Instance 'system_bridge_bmb_arbiter' input pin 'io_inputs_1_cmd_payload_fragment_data[16]' is tied to constant (=0). [EFX-0266]


INFO     : Module Instance 'system_bridge_bmb_arbiter' input pin 'io_inputs_1_cmd_payload_fragment_data[17]' is tied to constant (=0). [EFX-0266]


INFO     : Module Instance 'system_bridge_bmb_arbiter' input pin 'io_inputs_1_cmd_payload_fragment_data[18]' is tied to constant (=0). [EFX-0266]


INFO     : Module Instance 'system_bridge_bmb_arbiter' input pin 'io_inputs_1_cmd_payload_fragment_data[19]' is tied to constant (=0). [EFX-0266]


INFO     : Module Instance 'system_bridge_bmb_arbiter' input pin 'io_inputs_1_cmd_payload_fragment_data[20]' is tied to constant (=0). [EFX-0266]


INFO     : Module Instance 'system_bridge_bmb_arbiter' input pin 'io_inputs_1_cmd_payload_fragment_data[21]' is tied to constant (=0). [EFX-0266]


INFO     : Module Instance 'system_bridge_bmb_arbiter' input pin 'io_inputs_1_cmd_payload_fragment_data[22]' is tied to constant (=0). [EFX-0266]


INFO     : Module Instance 'system_bridge_bmb_arbiter' input pin 'io_inputs_1_cmd_payload_fragment_data[23]' is tied to constant (=0). [EFX-0266]


INFO     : Module Instance 'system_bridge_bmb_arbiter' input pin 'io_inputs_1_cmd_payload_fragment_data[24]' is tied to constant (=0). [EFX-0266]


INFO     : Module Instance 'system_bridge_bmb_arbiter' input pin 'io_inputs_1_cmd_payload_fragment_data[25]' is tied to constant (=0). [EFX-0266]


INFO     : Module Instance 'system_bridge_bmb_arbiter' input pin 'io_inputs_1_cmd_payload_fragment_data[26]' is tied to constant (=0). [EFX-0266]


INFO     : Module Instance 'system_bridge_bmb_arbiter' input pin 'io_inputs_1_cmd_payload_fragment_data[27]' is tied to constant (=0). [EFX-0266]


INFO     : Module Instance 'system_bridge_bmb_arbiter' input pin 'io_inputs_1_cmd_payload_fragment_data[28]' is tied to constant (=0). [EFX-0266]


INFO     : Module Instance 'system_bridge_bmb_arbiter' input pin 'io_inputs_1_cmd_payload_fragment_data[29]' is tied to constant (=0). [EFX-0266]


INFO     : Module Instance 'system_bridge_bmb_arbiter' input pin 'io_inputs_1_cmd_payload_fragment_data[30]' is tied to constant (=0). [EFX-0266]


INFO     : Module Instance 'system_bridge_bmb_arbiter' input pin 'io_inputs_1_cmd_payload_fragment_data[31]' is tied to constant (=0). [EFX-0266]


INFO     : Module Instance 'system_bridge_bmb_arbiter' input pin 'io_inputs_1_cmd_payload_fragment_mask[0]' is tied to constant (=0). [EFX-0266]


INFO     : Module Instance 'system_bridge_bmb_arbiter' input pin 'io_inputs_1_cmd_payload_fragment_mask[1]' is tied to constant (=0). [EFX-0266]


INFO     : Module Instance 'system_bridge_bmb_arbiter' input pin 'io_inputs_1_cmd_payload_fragment_mask[2]' is tied to constant (=0). [EFX-0266]


INFO     : Module Instance 'system_bridge_bmb_arbiter' input pin 'io_inputs_1_cmd_payload_fragment_mask[3]' is tied to constant (=0). [EFX-0266]


INFO     : Module Instance 'u_micro_risc_v1' input pin 'jtagCtrl_enable' is tied to constant (=1). [EFX-0266]


INFO     : ... Pre-synthesis checks end (Real time : 0s CPU user time : 1s CPU sys time : 0s MEM : 364008KB)


INFO     : ... NameSpace init begin


INFO     : ... NameSpace init end (Real time : 0s CPU user time : 1s CPU sys time : 0s MEM : 364008KB)


INFO     : ... Mapping design "top_level"


INFO     : ... Hierarchical pre-synthesis "InstructionCache_2fa2c88f3c1f4868ba7cd09620d007ba" begin


INFO     : ... Hierarchical pre-synthesis "InstructionCache_2fa2c88f3c1f4868ba7cd09620d007ba" end (Real time : 0s CPU user time : 1s CPU sys time : 0s MEM : 364008KB)


INFO     : ... Hierarchical pre-synthesis "DataCache_2fa2c88f3c1f4868ba7cd09620d007ba" begin


INFO     : ... Hierarchical pre-synthesis "DataCache_2fa2c88f3c1f4868ba7cd09620d007ba" end (Real time : 0s CPU user time : 2s CPU sys time : 0s MEM : 364008KB)


INFO     : ... Hierarchical pre-synthesis "BufferCC_2fa2c88f3c1f4868ba7cd09620d007ba" begin


INFO     : ... Hierarchical pre-synthesis "BufferCC_2fa2c88f3c1f4868ba7cd09620d007ba" end (Real time : 0s CPU user time : 2s CPU sys time : 0s MEM : 364008KB)


INFO     : ... Hierarchical pre-synthesis "EfxCPUSp1_2fa2c88f3c1f4868ba7cd09620d007ba" begin


INFO     : ... Hierarchical pre-synthesis "EfxCPUSp1_2fa2c88f3c1f4868ba7cd09620d007ba" end (Real time : 0s CPU user time : 2s CPU sys time : 0s MEM : 364008KB)


INFO     : ... Hierarchical pre-synthesis "VexRiscv_2fa2c88f3c1f4868ba7cd09620d007ba" begin


INFO     : ... Hierarchical pre-synthesis "VexRiscv_2fa2c88f3c1f4868ba7cd09620d007ba" end (Real time : 1s CPU user time : 2s CPU sys time : 0s MEM : 364008KB)


INFO     : ... Hierarchical pre-synthesis "DebugModule_2fa2c88f3c1f4868ba7cd09620d007ba" begin


INFO     : ... Hierarchical pre-synthesis "DebugModule_2fa2c88f3c1f4868ba7cd09620d007ba" end (Real time : 0s CPU user time : 2s CPU sys time : 0s MEM : 364008KB)


INFO     : ... Hierarchical pre-synthesis "BufferCC_5_2fa2c88f3c1f4868ba7cd09620d007ba" begin


INFO     : ... Hierarchical pre-synthesis "BufferCC_5_2fa2c88f3c1f4868ba7cd09620d007ba" end (Real time : 0s CPU user time : 2s CPU sys time : 0s MEM : 364008KB)


INFO     : ... Hierarchical pre-synthesis "BufferCC_6_2fa2c88f3c1f4868ba7cd09620d007ba" begin


INFO     : ... Hierarchical pre-synthesis "BufferCC_6_2fa2c88f3c1f4868ba7cd09620d007ba" end (Real time : 0s CPU user time : 2s CPU sys time : 0s MEM : 364008KB)


INFO     : ... Hierarchical pre-synthesis "BufferCC_8_2fa2c88f3c1f4868ba7cd09620d007ba" begin


INFO     : ... Hierarchical pre-synthesis "BufferCC_8_2fa2c88f3c1f4868ba7cd09620d007ba" end (Real time : 0s CPU user time : 2s CPU sys time : 0s MEM : 364008KB)


INFO     : ... Hierarchical pre-synthesis "BufferCC_1_2fa2c88f3c1f4868ba7cd09620d007ba" begin


INFO     : ... Hierarchical pre-synthesis "BufferCC_1_2fa2c88f3c1f4868ba7cd09620d007ba" end (Real time : 0s CPU user time : 2s CPU sys time : 0s MEM : 364008KB)


INFO     : ... Hierarchical pre-synthesis "FlowCCByToggle_2fa2c88f3c1f4868ba7cd09620d007ba" begin


INFO     : ... Hierarchical pre-synthesis "FlowCCByToggle_2fa2c88f3c1f4868ba7cd09620d007ba" end (Real time : 0s CPU user time : 2s CPU sys time : 0s MEM : 364008KB)


INFO     : ... Hierarchical pre-synthesis "BufferCC_2_2fa2c88f3c1f4868ba7cd09620d007ba" begin


INFO     : ... Hierarchical pre-synthesis "BufferCC_2_2fa2c88f3c1f4868ba7cd09620d007ba" end (Real time : 0s CPU user time : 2s CPU sys time : 0s MEM : 364008KB)


INFO     : ... Hierarchical pre-synthesis "BufferCC_3_2fa2c88f3c1f4868ba7cd09620d007ba" begin


INFO     : ... Hierarchical pre-synthesis "BufferCC_3_2fa2c88f3c1f4868ba7cd09620d007ba" end (Real time : 0s CPU user time : 2s CPU sys time : 0s MEM : 364008KB)


INFO     : ... Hierarchical pre-synthesis "FlowCCByToggle_1_2fa2c88f3c1f4868ba7cd09620d007ba" begin


INFO     : ... Hierarchical pre-synthesis "FlowCCByToggle_1_2fa2c88f3c1f4868ba7cd09620d007ba" end (Real time : 0s CPU user time : 2s CPU sys time : 0s MEM : 364008KB)


INFO     : ... Hierarchical pre-synthesis "DebugTransportModuleTunneled_2fa2c88f3c1f4868ba7cd09620d007ba" begin


INFO     : ... Hierarchical pre-synthesis "DebugTransportModuleTunneled_2fa2c88f3c1f4868ba7cd09620d007ba" end (Real time : 0s CPU user time : 2s CPU sys time : 0s MEM : 364008KB)


INFO     : ... Hierarchical pre-synthesis "BmbDecoder_2fa2c88f3c1f4868ba7cd09620d007ba" begin


INFO     : ... Hierarchical pre-synthesis "BmbDecoder_2fa2c88f3c1f4868ba7cd09620d007ba" end (Real time : 0s CPU user time : 2s CPU sys time : 0s MEM : 364008KB)


INFO     : ... Hierarchical pre-synthesis "StreamArbiter_2fa2c88f3c1f4868ba7cd09620d007ba" begin


INFO     : ... Hierarchical pre-synthesis "StreamArbiter_2fa2c88f3c1f4868ba7cd09620d007ba" end (Real time : 0s CPU user time : 2s CPU sys time : 0s MEM : 364008KB)


INFO     : ... Hierarchical pre-synthesis "BmbArbiter_2fa2c88f3c1f4868ba7cd09620d007ba" begin


INFO     : ... Hierarchical pre-synthesis "BmbArbiter_2fa2c88f3c1f4868ba7cd09620d007ba" end (Real time : 0s CPU user time : 2s CPU sys time : 0s MEM : 364008KB)


INFO     : ... Hierarchical pre-synthesis "BmbDecoder_1_2fa2c88f3c1f4868ba7cd09620d007ba" begin


INFO     : ... Hierarchical pre-synthesis "BmbDecoder_1_2fa2c88f3c1f4868ba7cd09620d007ba" end (Real time : 0s CPU user time : 2s CPU sys time : 0s MEM : 364008KB)


INFO     : ... Hierarchical pre-synthesis "BmbOnChipRam_2fa2c88f3c1f4868ba7cd09620d007ba" begin


INFO     : ... Hierarchical pre-synthesis "BmbOnChipRam_2fa2c88f3c1f4868ba7cd09620d007ba" end (Real time : 0s CPU user time : 2s CPU sys time : 0s MEM : 364008KB)


INFO     : ... Hierarchical pre-synthesis "BmbUnburstify_2fa2c88f3c1f4868ba7cd09620d007ba" begin


INFO     : ... Hierarchical pre-synthesis "BmbUnburstify_2fa2c88f3c1f4868ba7cd09620d007ba" end (Real time : 0s CPU user time : 2s CPU sys time : 0s MEM : 364008KB)


INFO     : ... Hierarchical pre-synthesis "BmbDecoder_2_2fa2c88f3c1f4868ba7cd09620d007ba" begin


INFO     : ... Hierarchical pre-synthesis "BmbDecoder_2_2fa2c88f3c1f4868ba7cd09620d007ba" end (Real time : 0s CPU user time : 3s CPU sys time : 0s MEM : 364008KB)


INFO     : ... Hierarchical pre-synthesis "BmbClint_2fa2c88f3c1f4868ba7cd09620d007ba" begin


INFO     : ... Hierarchical pre-synthesis "BmbClint_2fa2c88f3c1f4868ba7cd09620d007ba" end (Real time : 0s CPU user time : 3s CPU sys time : 0s MEM : 364008KB)


INFO     : ... Hierarchical pre-synthesis "UartCtrlTx_2fa2c88f3c1f4868ba7cd09620d007ba" begin


INFO     : ... Hierarchical pre-synthesis "UartCtrlTx_2fa2c88f3c1f4868ba7cd09620d007ba" end (Real time : 0s CPU user time : 3s CPU sys time : 0s MEM : 364008KB)


INFO     : ... Hierarchical pre-synthesis "BufferCC_4_2fa2c88f3c1f4868ba7cd09620d007ba" begin


INFO     : ... Hierarchical pre-synthesis "BufferCC_4_2fa2c88f3c1f4868ba7cd09620d007ba" end (Real time : 0s CPU user time : 3s CPU sys time : 0s MEM : 364008KB)


INFO     : ... Hierarchical pre-synthesis "UartCtrlRx_2fa2c88f3c1f4868ba7cd09620d007ba" begin


INFO     : ... Hierarchical pre-synthesis "UartCtrlRx_2fa2c88f3c1f4868ba7cd09620d007ba" end (Real time : 0s CPU user time : 3s CPU sys time : 0s MEM : 364008KB)


INFO     : ... Hierarchical pre-synthesis "UartCtrl_2fa2c88f3c1f4868ba7cd09620d007ba" begin


INFO     : ... Hierarchical pre-synthesis "UartCtrl_2fa2c88f3c1f4868ba7cd09620d007ba" end (Real time : 0s CPU user time : 3s CPU sys time : 0s MEM : 364008KB)


INFO     : ... Hierarchical pre-synthesis "StreamFifo_2fa2c88f3c1f4868ba7cd09620d007ba" begin


INFO     : ... Hierarchical pre-synthesis "StreamFifo_2fa2c88f3c1f4868ba7cd09620d007ba" end (Real time : 0s CPU user time : 3s CPU sys time : 0s MEM : 364008KB)


INFO     : ... Hierarchical pre-synthesis "BmbUartCtrl_2fa2c88f3c1f4868ba7cd09620d007ba" begin


INFO     : ... Hierarchical pre-synthesis "BmbUartCtrl_2fa2c88f3c1f4868ba7cd09620d007ba" end (Real time : 0s CPU user time : 3s CPU sys time : 0s MEM : 364008KB)


INFO     : ... Hierarchical pre-synthesis "BmbGpio2_2fa2c88f3c1f4868ba7cd09620d007ba" begin


INFO     : ... Hierarchical pre-synthesis "BmbGpio2_2fa2c88f3c1f4868ba7cd09620d007ba" end (Real time : 0s CPU user time : 3s CPU sys time : 0s MEM : 364008KB)


INFO     : ... Hierarchical pre-synthesis "EfxSapphireSoc_2fa2c88f3c1f4868ba7cd09620d007ba" begin


INFO     : ... Hierarchical pre-synthesis "EfxSapphireSoc_2fa2c88f3c1f4868ba7cd09620d007ba" end (Real time : 1s CPU user time : 4s CPU sys time : 0s MEM : 364008KB)


INFO     : ... Hierarchical pre-synthesis "micro_risc_v1" begin


INFO     : ... Hierarchical pre-synthesis "micro_risc_v1" end (Real time : 0s CPU user time : 4s CPU sys time : 0s MEM : 364008KB)


INFO     : ... Hierarchical pre-synthesis "mdio_clause22" begin


INFO     : ... Hierarchical pre-synthesis "mdio_clause22" end (Real time : 0s CPU user time : 4s CPU sys time : 0s MEM : 364008KB)


INFO     : ... Hierarchical pre-synthesis "eth_dp83825_udp" begin


INFO     : ... Hierarchical pre-synthesis "eth_dp83825_udp" end (Real time : 0s CPU user time : 4s CPU sys time : 0s MEM : 364008KB)


INFO     : ... Hierarchical pre-synthesis "top_level" begin


WARNING  : Mapping into logic memory block 'u_micro_risc_v1/u_EfxSapphireSoc/system_riscvJtag_debug_logic_dm/logic_progbufX_mem' (64 bits) (/home/olle/efinity_p2/BRAM/ip/micro_risc_v1/micro_risc_v1.v:4949) because size is too small (<=64) [EFX-0657]


INFO     : ... Clock Enable Synthesis Performed on 377 flops.


INFO     : ... Hierarchical pre-synthesis "top_level" end (Real time : 1s CPU user time : 5s CPU sys time : 0s MEM : 364008KB)


INFO     : ... Flat optimizations begin


INFO     : ... Flat optimizations end (Real time : 0s CPU user time : 5s CPU sys time : 0s MEM : 364008KB)


INFO     : ... Flat synthesis begin


INFO     : ... Flat synthesis end (Real time : 0s CPU user time : 5s CPU sys time : 0s MEM : 364008KB)


INFO     : ... Flat optimizations begin


INFO     : ... Flat optimizations end (Real time : 1s CPU user time : 6s CPU sys time : 0s MEM : 364008KB)


INFO     : ... Check and break combinational loops begin


INFO     : ... Check and break combinational loops end (Real time : 0s CPU user time : 6s CPU sys time : 0s MEM : 364008KB)


INFO     : ... Sequential Optimization begin


INFO     : ... Clock Network 'pll_clk' with 2309 loads will be considered for sequential optimization.


INFO     : ... Clock Network 'jtag_dummy_TCK' with 221 loads will be considered for sequential optimization.


INFO     : ... Clock Network 'clk' with 83 loads will be considered for sequential optimization.


INFO     : ... Sequential Optimization deduced 479 equivalent points.


INFO     : ... Sequential Optimization end (Real time : 15s CPU user time : 21s CPU sys time : 0s MEM : 364008KB)


INFO     : ... Setup for logic synthesis begin


INFO     : ... Setup for logic synthesis end (Real time : 0s CPU user time : 21s CPU sys time : 0s MEM : 364008KB)


INFO     : ... LUT mapping begin


INFO     : ... LS, strategy: 3, nd: 3220, ed: 10414, lv: 7, pw: 5954.08


INFO     : ... LUT mapping end (Real time : 12s CPU user time : 35s CPU sys time : 0s MEM : 364008KB)


INFO     : ... Post-synthesis Verific netlist creation begin


INFO     : ... Post-synthesis Verific netlist creation end (Real time : 0s CPU user time : 35s CPU sys time : 0s MEM : 364008KB)


INFO     : ... Postmap Retiming Optimization begin


INFO     : ... Clock Network 'pll_clk~pll_clk' with 2301 loads will be considered for retiming optimization.


INFO     : ... Clock Network 'jtag_dummy_TCK~jtag_dummy_TCK' with 220 loads will be considered for retiming optimization.


INFO     : ... Clock Network 'clk~clk' with 83 loads will be considered for retiming optimization.


INFO     : ... Performed 1 retime moves.


INFO     : ... Postmap Retiming Optimization end (Real time : 14s CPU user time : 49s CPU sys time : 0s MEM : 364008KB)


INFO     : ***** Beginning VDB Netlist Checker ... *****


WARNING  : /home/olle/efinity_p2/BRAM/top_level.vhd(11): Input/inout port phy_intr_n is unconnected and will be removed. [VDB-8003]


WARNING  : /home/olle/efinity_p2/BRAM/top_level.vhd(16): Input/inout port rmii_crs_dv is unconnected and will be removed. [VDB-8003]


WARNING  : /home/olle/efinity_p2/BRAM/top_level.vhd(17): Input/inout port rmii_rx_er is unconnected and will be removed. [VDB-8003]


WARNING  : /home/olle/efinity_p2/BRAM/top_level.vhd(18): Input/inout port rmii_rxd[1] is unconnected and will be removed. [VDB-8003]


WARNING  : /home/olle/efinity_p2/BRAM/top_level.vhd(21): Input/inout port mdio_i is unconnected and will be removed. [VDB-8003]


WARNING  : /home/olle/efinity_p2/BRAM/top_level.vhd(29): Input/inout port jtag_dummy_TMS is unconnected and will be removed. [VDB-8003]


WARNING  : /home/olle/efinity_p2/BRAM/top_level.vhd(30): Input/inout port jtag_dummy_SEL is unconnected and will be removed. [VDB-8003]


WARNING  : /home/olle/efinity_p2/BRAM/top_level.vhd(31): Input/inout port jtag_dummy_DRCK is unconnected and will be removed. [VDB-8003]


WARNING  : /home/olle/efinity_p2/BRAM/top_level.vhd(33): Input/inout port jtag_dummy_RUNTEST is unconnected and will be removed. [VDB-8003]


WARNING  : /home/olle/efinity_p2/BRAM/top_level.vhd(38): Input/inout port led4 is unconnected and will be removed. [VDB-8003]


WARNING  : Net u_micro_risc_v1/u_EfxSapphireSoc/system_cores_0_logic_cpu/IBusCachedPlugin_cache/lineLoader_address[0] is dangling. [VDB-8009]


WARNING  : Net u_micro_risc_v1/u_EfxSapphireSoc/system_cores_0_logic_cpu/IBusCachedPlugin_cache/lineLoader_address[1] is dangling. [VDB-8009]


WARNING  : Net u_micro_risc_v1/u_EfxSapphireSoc/system_cores_0_logic_cpu/IBusCachedPlugin_cache/lineLoader_address[2] is dangling. [VDB-8009]


WARNING  : Net u_micro_risc_v1/u_EfxSapphireSoc/system_cores_0_logic_cpu/IBusCachedPlugin_cache/lineLoader_address[3] is dangling. [VDB-8009]


WARNING  : Net u_micro_risc_v1/u_EfxSapphireSoc/system_cores_0_logic_cpu/IBusCachedPlugin_cache/lineLoader_address[4] is dangling. [VDB-8009]


WARNING  : Net u_micro_risc_v1/u_EfxSapphireSoc/system_cores_0_logic_cpu/IBusCachedPlugin_cache/lineLoader_address[5] is dangling. [VDB-8009]


WARNING  : Found 17 warnings in the post-synthesis netlist.


INFO     : VDB Netlist Checker took 0.017913 seconds.


INFO     : 	VDB Netlist Checker took 0.04 seconds (approximately) in total CPU time.


INFO     : VDB Netlist Checker virtual memory usage: begin = 326.44 MB, end = 326.44 MB, delta = 0 MB


INFO     : VDB Netlist Checker resident set memory usage: begin = 230.212 MB, end = 230.34 MB, delta = 0.128 MB


INFO     : 	VDB Netlist Checker peak resident set memory usage = 364.008 MB


INFO     : ***** Ending VDB Netlist Checker ... *****


INFO     : Resource Summary 


INFO     : =============================== 


INFO     : EFX_ADD         : 	344


INFO     : EFX_LUT4        : 	3181


INFO     : EFX_FF          : 	2606


INFO     : EFX_RAM_5K      : 	40


INFO     : EFX_GBUFCE      : 	3


INFO     : =============================== 


INFO     : ... Post-Map Verilog Writer begin


INFO     : Writing netlist 'top_level' to Verilog file '/home/olle/efinity_p2/BRAM/outflow/BRAM.map.v' [VDB-1030]


INFO     : ... Post-Map Verilog Writer end (Real time : 1s CPU user time : 50s CPU sys time : 0s MEM : 364008KB)


INFO     : The entire flow of EFX_MAP took 47.6027 seconds.


INFO     : 	The entire flow of EFX_MAP took 50.65 seconds (approximately) in total CPU time.


INFO     : The entire flow of EFX_MAP virtual memory usage: begin = 88.4 MB, end = 326.44 MB, delta = 238.04 MB


INFO     : The entire flow of EFX_MAP resident set memory usage: begin = 27.52 MB, end = 230.34 MB, delta = 202.82 MB


INFO     : 	The entire flow of EFX_MAP peak resident set memory usage = 364.008 MB


Fri August 15 25 21:29:02 - /home/olle/efinix/efinity/2025.1/bin/efx_map finished. Exit code = 0 Exit status : Normal

Running synthesis flow done.

Fri August 15 25 21:29:02 - Start Debugger Flow



-------------------------------------------------------------------------

Debugger

-------------------------------------------------------------------------

Fri August 15 25 21:29:02 - Debugger flow working directory is /home/olle/efinity_p2/BRAM/work_syn


INFO     : --max_threads set to 4 

--------------------------------------------------------------

Start Debugger Step Generate Debugger Cores.

Fri August 15 25 21:29:03 - /home/olle/efinix/efinity/2025.1/bin/python3  -m "efx_dbg.DbgWizard" --device  "T20F169" --family  "Trion" --in_profile_name  "/home/olle/efinity_p2/BRAM/debug_profile.wizard.json" --out_dbg_vdb  "debug_top.post.vdb" --out_profile_name  "/home/olle/efinity_p2/BRAM/debug_profile.wizard.json" --out_dir  "work_dbg"

Fri August 15 25 21:29:03 - Running /home/olle/efinix/efinity/2025.1/bin/python3...

Fri August 15 25 21:29:03 - /home/olle/efinix/efinity/2025.1/bin/python3 finished. Exit code = 0 Exit status : Normal

Debugger Step Generate Debugger Cores. Done

--------------------------------------------------------------

--------------------------------------------------------------

Start Debugger Step Compile Debugger Cores.

Fri August 15 25 21:29:03 - /home/olle/efinix/efinity/2025.1/bin/efx_map  --allow-const-ram-index "0" --blackbox-error "1" --blast_const_operand_adders "1" --bram_output_regs_packing "1" --bram-push-tco-outreg "0" --create-onehot-fsms "0" --fanout-limit "0" --hdl-compile-unit "1" --hdl-loop-limit "20000" --infer-clk-enable "3" --infer-sync-set-reset "1" --enable-mark-debug "1" --max_ram "-1" --max_mult "-1" --max-bit-blast-mem-size "10240" --min-sr-fanout "0" --min-ce-fanout "0" --mode "speed" --mult-auto-pipeline "0" --mult-decomp-retime "0" --operator-sharing "0" --optimize-adder-tree "0" --optimize-zero-init-rom "1" --peri-syn-instantiation "0" --peri-syn-inference "0" --ram-decomp-mode "0" --retiming "1" --seq_opt "1" --seq-opt-sync-only "0" --use-logic-for-small-mem "64" --use-logic-for-small-rom "64" --max_threads "-1" --mult_input_regs_packing "1" --mult_output_regs_packing "1" --I "/home/olle/efinity_p2/BRAM" --I "/home/olle/efinity_p2/BRAM/ip/BRAM_8192_bytes" --I "/home/olle/efinity_p2/BRAM/ip/micro_risc_v1" --family "Trion" --device "T20F169" --root "edb_top" --v "/home/olle/efinity_p2/BRAM/work_dbg/debug_top.v" --write-postmap-module "/home/olle/efinity_p2/BRAM/work_dbg/debug_top.post.vdb" --gen-mark-debug-json "0" --work-dir "/home/olle/efinity_p2/BRAM/work_dbg" --output-dir "/home/olle/efinity_p2/BRAM/outflow"

Fri August 15 25 21:29:03 - Running /home/olle/efinix/efinity/2025.1/bin/efx_map...

INFO     : Efinix FPGA Synthesis.
INFO     : Version: 2025.1.110.2.15
INFO     : Compiled: Jun 21 2025.
INFO     : 
INFO     : Copyright (C) 2013 - 2025 Efinix, Inc. All rights reserved.


INFO     : Analyzing Verilog file '/home/olle/efinix/efinity/2025.1/sim_models/maplib/efinix_peri_lib.v' [VERI-1482]
INFO     : /home/olle/efinix/efinity/2025.1/sim_models/maplib/efinix_peri_lib.v(8): compiling module 'EFX_IBUF' [VERI-1018]
INFO     : /home/olle/efinix/efinity/2025.1/sim_models/maplib/efinix_peri_lib.v(16): compiling module 'EFX_OBUF' [VERI-1018]
INFO     : /home/olle/efinix/efinity/2025.1/sim_models/maplib/efinix_peri_lib.v(23): compiling module 'EFX_IO_BUF' [VERI-1018]
INFO     : /home/olle/efinix/efinity/2025.1/sim_models/maplib/efinix_peri_lib.v(33): compiling module 'EFX_CLKOUT' [VERI-1018]
INFO     : /home/olle/efinix/efinity/2025.1/sim_models/maplib/efinix_peri_lib.v(41): compiling module 'EFX_IREG' [VERI-1018]
INFO     : /home/olle/efinix/efinity/2025.1/sim_models/maplib/efinix_peri_lib.v(51): compiling module 'EFX_OREG' [VERI-1018]
INFO     : /home/olle/efinix/efinity/2025.1/sim_models/maplib/efinix_peri_lib.v(60): compiling module 'EFX_IOREG' [VERI-1018]
INFO     : /home/olle/efinix/efinity/2025.1/sim_models/maplib/efinix_peri_lib.v(75): compiling module 'EFX_IDDIO' [VERI-1018]
INFO     : /home/olle/efinix/efinity/2025.1/sim_models/maplib/efinix_peri_lib.v(87): compiling module 'EFX_ODDIO' [VERI-1018]
INFO     : /home/olle/efinix/efinity/2025.1/sim_models/maplib/efinix_peri_lib.v(99): compiling module 'EFX_GPIO_V1' [VERI-1018]
INFO     : /home/olle/efinix/efinity/2025.1/sim_models/maplib/efinix_peri_lib.v(124): compiling module 'EFX_GPIO_V2' [VERI-1018]
INFO     : /home/olle/efinix/efinity/2025.1/sim_models/maplib/efinix_peri_lib.v(149): compiling module 'EFX_GPIO_V3' [VERI-1018]
INFO     : /home/olle/efinix/efinity/2025.1/sim_models/maplib/efinix_peri_lib.v(186): compiling module 'EFX_PLL_V1' [VERI-1018]
INFO     : /home/olle/efinix/efinity/2025.1/sim_models/maplib/efinix_peri_lib.v(205): compiling module 'EFX_PLL_V2' [VERI-1018]
INFO     : /home/olle/efinix/efinity/2025.1/sim_models/maplib/efinix_peri_lib.v(231): compiling module 'EFX_PLL_V3' [VERI-1018]
INFO     : /home/olle/efinix/efinity/2025.1/sim_models/maplib/efinix_peri_lib.v(279): compiling module 'EFX_OSC_V1' [VERI-1018]
INFO     : /home/olle/efinix/efinity/2025.1/sim_models/maplib/efinix_peri_lib.v(285): compiling module 'EFX_OSC_V3' [VERI-1018]
INFO     : /home/olle/efinix/efinity/2025.1/sim_models/maplib/efinix_peri_lib.v(294): compiling module 'EFX_FPLL_V1' [VERI-1018]
INFO     : /home/olle/efinix/efinity/2025.1/sim_models/maplib/efinix_peri_lib.v(348): compiling module 'EFX_JTAG_V1' [VERI-1018]
INFO     : /home/olle/efinix/efinity/2025.1/sim_models/maplib/efinix_peri_lib.v(357): compiling module 'EFX_JTAG_CTRL' [VERI-1018]
INFO     : /home/olle/efinix/efinity/2025.1/sim_models/maplib/efinix_peri_lib.v(364): compiling module 'EFX_LVDS_RX_V1' [VERI-1018]
INFO     : /home/olle/efinix/efinity/2025.1/sim_models/maplib/efinix_peri_lib.v(381): compiling module 'EFX_LVDS_TX_V1' [VERI-1018]
INFO     : /home/olle/efinix/efinity/2025.1/sim_models/maplib/efinix_peri_lib.v(399): compiling module 'EFX_LVDS_RX_V2' [VERI-1018]
INFO     : /home/olle/efinix/efinity/2025.1/sim_models/maplib/efinix_peri_lib.v(426): compiling module 'EFX_LVDS_TX_V2' [VERI-1018]
INFO     : /home/olle/efinix/efinity/2025.1/sim_models/maplib/efinix_peri_lib.v(446): compiling module 'EFX_LVDS_BIDIR_V2' [VERI-1018]
INFO     : ***** Beginning Analysis ... *****

INFO     : default VHDL library search path is now "/home/olle/efinix/efinity/2025.1/sim_models/vhdl/packages/vhdl_2008" [VHDL-1504]
INFO     : Analyzing Verilog file '/home/olle/efinix/efinity/2025.1/sim_models/maplib/efinix_maplib.v' [VERI-1482]
INFO     : Analyzing Verilog file '/home/olle/efinix/efinity/2025.1/sim_models/maplib/efinix_peri_lib.v' [VERI-1482]
INFO     : Analyzing Verilog file '/home/olle/efinix/efinity/2025.1/sim_models/maplib/efinix_maplib.v' [VERI-1482]
INFO     : Analyzing Verilog file '/home/olle/efinix/efinity/2025.1/sim_models/maplib/efinix_peri_lib.v' [VERI-1482]

INFO     : Analyzing Verilog file '/home/olle/efinity_p2/BRAM/work_dbg/debug_top.v' [VERI-1482]
INFO     : /home/olle/efinity_p2/BRAM/work_dbg/debug_top.v(4552): undeclared symbol 'la_capture_mask', assumed default net type 'wire' [VERI-2561]

INFO     : /home/olle/efinity_p2/BRAM/work_dbg/debug_top.v(4922): undeclared symbol 'next_segment_pointer_eq', assumed default net type 'wire' [VERI-2561]
INFO     : /home/olle/efinity_p2/BRAM/work_dbg/debug_top.v(4923): undeclared symbol 'next_segment_msb_xor', assumed default net type 'wire' [VERI-2561]
INFO     : Analysis took 0.0624896 seconds.
INFO     : 	Analysis took 0.06 seconds (approximately) in total CPU time.
INFO     : Analysis virtual memory usage: begin = 124.56 MB, end = 127.632 MB, delta = 3.072 MB
INFO     : Analysis resident set memory usage: begin = 71.424 MB, end = 75.008 MB, delta = 3.584 MB
INFO     : 	Analysis peak resident set memory usage = 364.008 MB
INFO     : ***** Ending Analysis ... *****
INFO     : ***** Beginning Elaboration ... *****
WARNING  : /home/olle/efinity_p2/BRAM/work_dbg/debug_top.v(266): port 'probe41' remains unconnected for this instance [VERI-1927]
INFO     : /home/olle/efinity_p2/BRAM/work_dbg/debug_top.v(10): compiling module 'edb_top' [VERI-1018]

INFO     : /home/olle/efinity_p2/BRAM/work_dbg/debug_top.v(652): compiling module 'edb_la_top_renamed_due_excessive_length_1' [VERI-1018]

INFO     : /home/olle/efinity_p2/BRAM/work_dbg/debug_top.v(341): compiling module 'edb_adbg_crc32' [VERI-1018]

INFO     : /home/olle/efinity_p2/BRAM/work_dbg/debug_top.v(5653): compiling module 'compare_unit(WIDTH=11'b01,PIPE=1)' [VERI-1018]

INFO     : /home/olle/efinity_p2/BRAM/work_dbg/debug_top.v(5653): compiling module 'compare_unit(WIDTH=11'b011010,PIPE=1)' [VERI-1018]

INFO     : /home/olle/efinity_p2/BRAM/work_dbg/debug_top.v(5653): compiling module 'compare_unit(WIDTH=11'b010000,PIPE=1)' [VERI-1018]

INFO     : /home/olle/efinity_p2/BRAM/work_dbg/debug_top.v(5653): compiling module 'compare_unit(WIDTH=11'b0100,PIPE=1)' [VERI-1018]

INFO     : /home/olle/efinity_p2/BRAM/work_dbg/debug_top.v(5653): compiling module 'compare_unit(WIDTH=11'b0101,PIPE=1)' [VERI-1018]

INFO     : /home/olle/efinity_p2/BRAM/work_dbg/debug_top.v(5653): compiling module 'compare_unit(WIDTH=11'b0100000,PIPE=1)' [VERI-1018]

INFO     : /home/olle/efinity_p2/BRAM/work_dbg/debug_top.v(5653): compiling module 'compare_unit(WIDTH=11'b011,PIPE=1)' [VERI-1018]

INFO     : /home/olle/efinity_p2/BRAM/work_dbg/debug_top.v(5858): compiling module 'trigger_unit(WIDTH=32'b0101001,PIPE=1)' [VERI-1018]
INFO     : /home/olle/efinity_p2/BRAM/work_dbg/debug_top.v(5858): compiling module 'trigger_unit(WIDTH=32'b0101001,PIPE=1,TRIGGER_IF_MASK_ZERO=1)' [VERI-1018]
WARNING  : /home/olle/efinity_p2/BRAM/work_dbg/debug_top.v(4544): actual bit length 32 differs from formal bit length 1 for port 'trigger_in' [VERI-1330]
INFO     : /home/olle/efinity_p2/BRAM/work_dbg/debug_top.v(5983): compiling module 'trigger_skipper' [VERI-1018]

INFO     : /home/olle/efinity_p2/BRAM/work_dbg/debug_top.v(4999): compiling module 'la_biu(CAPTURE_WIDTH=32'b010110110,CAPTURE_CONTROL=1)' [VERI-1018]
INFO     : /home/olle/efinity_p2/BRAM/work_dbg/debug_top.v(4741): compiling module 'fifo_with_read(DATA_WIDTH=32'b010110111)' [VERI-1018]

INFO     : /home/olle/efinity_p2/BRAM/work_dbg/debug_top.v(4691): compiling module 'fifo_address_trancode_unit' [VERI-1018]
INFO     : /home/olle/efinity_p2/BRAM/work_dbg/debug_top.v(562): compiling module 'edb_simple_dual_port_ram(DATA_WIDTH=32'b010110111,ADDR_WIDTH=10,RAM_INIT_FILE="")' [VERI-1018]
INFO     : /home/olle/efinity_p2/BRAM/work_dbg/debug_top.v(577): extracting RAM for identifier 'ram' [VERI-2571]

INFO     : /home/olle/efinity_p2/BRAM/work_dbg/debug_top.v(419): compiling module 'debug_hub' [VERI-1018]
WARNING  : /home/olle/efinity_p2/BRAM/work_dbg/debug_top.v(204): input port 'probe41[0]' remains unconnected for this instance [VDB-1053]
INFO     : Elaboration took 1.39657 seconds.
INFO     : 	Elaboration took 1.35 seconds (approximately) in total CPU time.
INFO     : Elaboration virtual memory usage: begin = 127.632 MB, end = 191.632 MB, delta = 64 MB
INFO     : Elaboration resident set memory usage: begin = 75.008 MB, end = 140.16 MB, delta = 65.152 MB
INFO     : 	Elaboration peak resident set memory usage = 364.008 MB
INFO     : ***** Ending Elaboration ... *****
INFO     : ... Setting Synthesis Option: mode=speed
INFO     : ***** Beginning Reading Mapping Library ... *****

INFO     : Analyzing Verilog file '/home/olle/efinix/efinity/2025.1/sim_models/maplib/efinix_maplib.v' [VERI-1482]
INFO     : /home/olle/efinix/efinity/2025.1/sim_models/maplib/efinix_maplib.v(8): compiling module 'EFX_ADD' [VERI-1018]
INFO     : /home/olle/efinix/efinity/2025.1/sim_models/maplib/efinix_maplib.v(21): compiling module 'EFX_FF' [VERI-1018]
INFO     : /home/olle/efinix/efinity/2025.1/sim_models/maplib/efinix_maplib.v(38): compiling module 'EFX_COMB4' [VERI-1018]
INFO     : /home/olle/efinix/efinity/2025.1/sim_models/maplib/efinix_maplib.v(48): compiling module 'EFX_GBUFCE' [VERI-1018]
INFO     : /home/olle/efinix/efinity/2025.1/sim_models/maplib/efinix_maplib.v(57): compiling module 'EFX_LUT4' [VERI-1018]
INFO     : /home/olle/efinix/efinity/2025.1/sim_models/maplib/efinix_maplib.v(65): compiling module 'EFX_MULT' [VERI-1018]
INFO     : /home/olle/efinix/efinity/2025.1/sim_models/maplib/efinix_maplib.v(100): compiling module 'EFX_DSP48' [VERI-1018]
INFO     : /home/olle/efinix/efinity/2025.1/sim_models/maplib/efinix_maplib.v(156): compiling module 'EFX_DSP24' [VERI-1018]
INFO     : /home/olle/efinix/efinity/2025.1/sim_models/maplib/efinix_maplib.v(209): compiling module 'EFX_DSP12' [VERI-1018]
INFO     : /home/olle/efinix/efinity/2025.1/sim_models/maplib/efinix_maplib.v(262): compiling module 'EFX_RAM_4K' [VERI-1018]
INFO     : /home/olle/efinix/efinity/2025.1/sim_models/maplib/efinix_maplib.v(322): compiling module 'EFX_RAM_5K' [VERI-1018]
INFO     : /home/olle/efinix/efinity/2025.1/sim_models/maplib/efinix_maplib.v(394): compiling module 'EFX_DPRAM_5K' [VERI-1018]
INFO     : /home/olle/efinix/efinity/2025.1/sim_models/maplib/efinix_maplib.v(499): compiling module 'RAMB5' [VERI-1018]
INFO     : /home/olle/efinix/efinity/2025.1/sim_models/maplib/efinix_maplib.v(561): compiling module 'EFX_RAM_10K' [VERI-1018]
INFO     : /home/olle/efinix/efinity/2025.1/sim_models/maplib/efinix_maplib.v(653): compiling module 'EFX_RAM10' [VERI-1018]
INFO     : /home/olle/efinix/efinity/2025.1/sim_models/maplib/efinix_maplib.v(754): compiling module 'EFX_DPRAM10' [VERI-1018]

INFO     : /home/olle/efinix/efinity/2025.1/sim_models/maplib/efinix_maplib.v(884): compiling module 'EFX_SRL8' [VERI-1018]
INFO     : Reading Mapping Library took 0.0151677 seconds.
INFO     : 	Reading Mapping Library took 0.01 seconds (approximately) in total CPU time.
INFO     : Reading Mapping Library virtual memory usage: begin = 191.632 MB, end = 191.632 MB, delta = 0 MB
INFO     : Reading Mapping Library resident set memory usage: begin = 140.672 MB, end = 140.672 MB, delta = 0 MB
INFO     : 	Reading Mapping Library peak resident set memory usage = 364.008 MB
INFO     : ***** Ending Reading Mapping Library ... *****
INFO     : ... Pre-synthesis checks begin
WARNING  : Removing redundant signal : compared_in[0]. (/home/olle/efinity_p2/BRAM/work_dbg/debug_top.v:5659) [EFX-0200]
WARNING  : Removing redundant signal : mask_in[0]. (/home/olle/efinity_p2/BRAM/work_dbg/debug_top.v:5660) [EFX-0200]
WARNING  : Removing redundant signal : trigger_in. (/home/olle/efinity_p2/BRAM/work_dbg/debug_top.v:5870) [EFX-0200]
WARNING  : Removing redundant signal : trigger_in. (/home/olle/efinity_p2/BRAM/work_dbg/debug_top.v:5870) [EFX-0200]
INFO     : ... Memory 'ram' is not initialized, assuming empty initial contents. (/home/olle/efinity_p2/BRAM/work_dbg/debug_top.v:577) [EFX-0677]
WARNING  : Removing redundant signal : din[182]. (/home/olle/efinity_p2/BRAM/work_dbg/debug_top.v:4754) [EFX-0200]
WARNING  : Removing redundant signal : shift_i. (/home/olle/efinity_p2/BRAM/work_dbg/debug_top.v:5019) [EFX-0200]
WARNING  : Removing redundant signal : trig_out. (/home/olle/efinity_p2/BRAM/work_dbg/debug_top.v:5036) [EFX-0200]
WARNING  : Removing redundant signal : trig_out_ack. (/home/olle/efinity_p2/BRAM/work_dbg/debug_top.v:5037) [EFX-0200]
INFO     : Module Instance 'genblk2.global_capture_inst' input pin 'trigger_in' is tied to constant (=0). [EFX-0266]
WARNING  : Removing redundant signal : bscan_DRCK. (/home/olle/efinity_p2/BRAM/work_dbg/debug_top.v:1185) [EFX-0200]
WARNING  : Removing redundant signal : bscan_RESET. (/home/olle/efinity_p2/BRAM/work_dbg/debug_top.v:1186) [EFX-0200]
WARNING  : Removing redundant signal : bscan_RUNTEST. (/home/olle/efinity_p2/BRAM/work_dbg/debug_top.v:1187) [EFX-0200]
WARNING  : Removing redundant signal : bscan_SEL. (/home/olle/efinity_p2/BRAM/work_dbg/debug_top.v:1188) [EFX-0200]
WARNING  : Removing redundant signal : bscan_TMS. (/home/olle/efinity_p2/BRAM/work_dbg/debug_top.v:1192) [EFX-0200]
WARNING  : Removing redundant signal : trig_in_ack. (/home/olle/efinity_p2/BRAM/work_dbg/debug_top.v:1204) [EFX-0200]

WARNING  : Removing redundant signal : bscan_CAPTURE. (/home/olle/efinity_p2/BRAM/work_dbg/debug_top.v:424) [EFX-0200]
WARNING  : Removing redundant signal : bscan_DRCK. (/home/olle/efinity_p2/BRAM/work_dbg/debug_top.v:425) [EFX-0200]
WARNING  : Removing redundant signal : bscan_RUNTEST. (/home/olle/efinity_p2/BRAM/work_dbg/debug_top.v:427) [EFX-0200]
WARNING  : Removing redundant signal : bscan_TMS. (/home/olle/efinity_p2/BRAM/work_dbg/debug_top.v:432) [EFX-0200]
INFO     : Module Instance 'la0' input pin 'trig_in' is tied to constant (=0). [EFX-0266]
INFO     : Module Instance 'la0' input pin 'trig_out_ack' is tied to constant (=0). [EFX-0266]
WARNING  : Re-wiring to GND non-driven net 'la0.probe41[0]'. (/home/olle/efinity_p2/BRAM/work_dbg/debug_top.v:204) [EFX-0201]
WARNING  : Re-wiring to GND non-driven net 'la0.probe42[0]'. (/home/olle/efinity_p2/BRAM/work_dbg/debug_top.v:204) [EFX-0201]
WARNING  : Re-wiring to GND non-driven net 'la0.probe43[0]'. (/home/olle/efinity_p2/BRAM/work_dbg/debug_top.v:204) [EFX-0201]
WARNING  : Re-wiring to GND non-driven net 'la0.probe44[0]'. (/home/olle/efinity_p2/BRAM/work_dbg/debug_top.v:204) [EFX-0201]
WARNING  : Re-wiring to GND non-driven net 'la0.probe45[0]'. (/home/olle/efinity_p2/BRAM/work_dbg/debug_top.v:204) [EFX-0201]
WARNING  : Re-wiring to GND non-driven net 'la0.probe46[0]'. (/home/olle/efinity_p2/BRAM/work_dbg/debug_top.v:204) [EFX-0201]
WARNING  : Re-wiring to GND non-driven net 'la0.probe47[0]'. (/home/olle/efinity_p2/BRAM/work_dbg/debug_top.v:204) [EFX-0201]
WARNING  : Re-wiring to GND non-driven net 'la0.probe48[0]'. (/home/olle/efinity_p2/BRAM/work_dbg/debug_top.v:204) [EFX-0201]
WARNING  : Re-wiring to GND non-driven net 'la0.probe49[0]'. (/home/olle/efinity_p2/BRAM/work_dbg/debug_top.v:204) [EFX-0201]
WARNING  : Re-wiring to GND non-driven net 'la0.probe50[0]'. (/home/olle/efinity_p2/BRAM/work_dbg/debug_top.v:204) [EFX-0201]
WARNING  : (The above message was generated too many times, subsequent similar messages will be muted.) [EFX-0201]
INFO     : ... Pre-synthesis checks end (Real time : 0s CPU user time : 2s CPU sys time : 0s MEM : 364008KB)
INFO     : ... NameSpace init begin
INFO     : ... NameSpace init end (Real time : 0s CPU user time : 2s CPU sys time : 0s MEM : 364008KB)
INFO     : ... Mapping design "edb_top"
INFO     : ... Hierarchical pre-synthesis "edb_adbg_crc32" begin
INFO     : ... Hierarchical pre-synthesis "edb_adbg_crc32" end (Real time : 0s CPU user time : 2s CPU sys time : 0s MEM : 364008KB)
INFO     : ... Hierarchical pre-synthesis "compare_unit(WIDTH=11'b01,PIPE=1)" begin
INFO     : ... Hierarchical pre-synthesis "compare_unit(WIDTH=11'b01,PIPE=1)" end (Real time : 0s CPU user time : 2s CPU sys time : 0s MEM : 364008KB)
INFO     : ... Hierarchical pre-synthesis "compare_unit(WIDTH=11'b011010,PIPE=1)" begin

INFO     : ... Hierarchical pre-synthesis "compare_unit(WIDTH=11'b011010,PIPE=1)" end (Real time : 0s CPU user time : 2s CPU sys time : 0s MEM : 364008KB)
INFO     : ... Hierarchical pre-synthesis "compare_unit(WIDTH=11'b010000,PIPE=1)" begin
INFO     : ... Hierarchical pre-synthesis "compare_unit(WIDTH=11'b010000,PIPE=1)" end (Real time : 0s CPU user time : 2s CPU sys time : 0s MEM : 364008KB)
INFO     : ... Hierarchical pre-synthesis "compare_unit(WIDTH=11'b0100,PIPE=1)" begin
INFO     : ... Hierarchical pre-synthesis "compare_unit(WIDTH=11'b0100,PIPE=1)" end (Real time : 0s CPU user time : 2s CPU sys time : 0s MEM : 364008KB)
INFO     : ... Hierarchical pre-synthesis "compare_unit(WIDTH=11'b0101,PIPE=1)" begin
INFO     : ... Hierarchical pre-synthesis "compare_unit(WIDTH=11'b0101,PIPE=1)" end (Real time : 0s CPU user time : 2s CPU sys time : 0s MEM : 364008KB)
INFO     : ... Hierarchical pre-synthesis "compare_unit(WIDTH=11'b0100000,PIPE=1)" begin

INFO     : ... Hierarchical pre-synthesis "compare_unit(WIDTH=11'b0100000,PIPE=1)" end (Real time : 0s CPU user time : 2s CPU sys time : 0s MEM : 364008KB)
INFO     : ... Hierarchical pre-synthesis "compare_unit(WIDTH=11'b011,PIPE=1)" begin
INFO     : ... Hierarchical pre-synthesis "compare_unit(WIDTH=11'b011,PIPE=1)" end (Real time : 0s CPU user time : 2s CPU sys time : 0s MEM : 364008KB)
INFO     : ... Hierarchical pre-synthesis "trigger_unit(WIDTH=32'b0101001,PIPE=1)" begin
INFO     : ... Hierarchical pre-synthesis "trigger_unit(WIDTH=32'b0101001,PIPE=1)" end (Real time : 0s CPU user time : 2s CPU sys time : 0s MEM : 364008KB)
INFO     : ... Hierarchical pre-synthesis "trigger_unit(WIDTH=32'b0101001,PIPE=1,TRIGGER_IF_MASK_ZERO=1)" begin
INFO     : ... Hierarchical pre-synthesis "trigger_unit(WIDTH=32'b0101001,PIPE=1,TRIGGER_IF_MASK_ZERO=1)" end (Real time : 0s CPU user time : 2s CPU sys time : 0s MEM : 364008KB)
INFO     : ... Hierarchical pre-synthesis "trigger_skipper" begin

INFO     : ... Hierarchical pre-synthesis "trigger_skipper" end (Real time : 0s CPU user time : 2s CPU sys time : 0s MEM : 364008KB)
INFO     : ... Hierarchical pre-synthesis "fifo_address_trancode_unit" begin
INFO     : ... Hierarchical pre-synthesis "fifo_address_trancode_unit" end (Real time : 0s CPU user time : 2s CPU sys time : 0s MEM : 364008KB)
INFO     : ... Hierarchical pre-synthesis "edb_simple_dual_port_ram(DATA_WIDTH=32'b010110111,ADDR_WIDTH=10,RAM_INIT_FILE="")" begin

INFO     : ... Hierarchical pre-synthesis "edb_simple_dual_port_ram(DATA_WIDTH=32'b010110111,ADDR_WIDTH=10,RAM_INIT_FILE="")" end (Real time : 0s CPU user time : 2s CPU sys time : 0s MEM : 364008KB)
INFO     : ... Hierarchical pre-synthesis "fifo_with_read(DATA_WIDTH=32'b010110111)" begin

INFO     : ... Hierarchical pre-synthesis "fifo_with_read(DATA_WIDTH=32'b010110111)" end (Real time : 0s CPU user time : 2s CPU sys time : 0s MEM : 364008KB)
INFO     : ... Hierarchical pre-synthesis "la_biu(CAPTURE_WIDTH=32'b010110110,CAPTURE_CONTROL=1)" begin

INFO     : ... Hierarchical pre-synthesis "la_biu(CAPTURE_WIDTH=32'b010110110,CAPTURE_CONTROL=1)" end (Real time : 0s CPU user time : 2s CPU sys time : 0s MEM : 364008KB)
INFO     : ... Hierarchical pre-synthesis "edb_la_top_renamed_due_excessive_length_1" begin

INFO     : ... Hierarchical pre-synthesis "edb_la_top_renamed_due_excessive_length_1" end (Real time : 2s CPU user time : 4s CPU sys time : 0s MEM : 364008KB)
INFO     : ... Hierarchical pre-synthesis "debug_hub" begin

INFO     : ... Hierarchical pre-synthesis "debug_hub" end (Real time : 0s CPU user time : 4s CPU sys time : 0s MEM : 364008KB)
INFO     : ... Hierarchical pre-synthesis "edb_top" begin

INFO     : ... Clock Enable Synthesis Performed on 129 flops.

INFO     : ... Hierarchical pre-synthesis "edb_top" end (Real time : 1s CPU user time : 5s CPU sys time : 0s MEM : 364008KB)

INFO     : ... Flat optimizations begin

INFO     : ... Flat optimizations end (Real time : 0s CPU user time : 5s CPU sys time : 0s MEM : 364008KB)

INFO     : ... Flat synthesis begin

INFO     : ... Flat synthesis end (Real time : 0s CPU user time : 5s CPU sys time : 0s MEM : 364008KB)

INFO     : ... Flat optimizations begin

INFO     : ... Flat optimizations end (Real time : 0s CPU user time : 5s CPU sys time : 0s MEM : 364008KB)

INFO     : ... Check and break combinational loops begin

INFO     : ... Check and break combinational loops end (Real time : 0s CPU user time : 5s CPU sys time : 0s MEM : 364008KB)

INFO     : ... Sequential Optimization begin

INFO     : ... Clock Network 'la0_clk' with 2026 loads will be considered for sequential optimization.

INFO     : ... Clock Network 'bscan_TCK' with 1353 loads will be considered for sequential optimization.

INFO     : ... Sequential Optimization deduced 292 equivalent points.

INFO     : ... Sequential Optimization end (Real time : 12s CPU user time : 18s CPU sys time : 0s MEM : 364008KB)
INFO     : ... Setup for logic synthesis begin

INFO     : ... Setup for logic synthesis end (Real time : 0s CPU user time : 18s CPU sys time : 0s MEM : 364008KB)
INFO     : ... LUT mapping begin

INFO     : ... LS, strategy: 3, nd: 3168, ed: 9826, lv: 8, pw: 5622.72
INFO     : ... LUT mapping end (Real time : 11s CPU user time : 31s CPU sys time : 0s MEM : 364008KB)
INFO     : ... Post-synthesis Verific netlist creation begin

INFO     : ... Post-synthesis Verific netlist creation end (Real time : 0s CPU user time : 31s CPU sys time : 0s MEM : 364008KB)

INFO     : ... Postmap Retiming Optimization begin

INFO     : ... Clock Network 'la0_clk~la0_clk' with 2026 loads will be considered for retiming optimization.

INFO     : ... Clock Network 'bscan_TCK~bscan_TCK' with 1353 loads will be considered for retiming optimization.

INFO     : ... Performed 0 retime moves.
INFO     : ... Postmap Retiming Optimization end (Real time : 11s CPU user time : 42s CPU sys time : 0s MEM : 364008KB)

INFO     : ***** Beginning VDB Netlist Checker ... *****
WARNING  : /home/olle/efinity_p2/BRAM/work_dbg/debug_top.v(13): Input/inout port bscan_DRCK is unconnected and will be removed. [VDB-8003]
WARNING  : /home/olle/efinity_p2/BRAM/work_dbg/debug_top.v(15): Input/inout port bscan_RUNTEST is unconnected and will be removed. [VDB-8003]
WARNING  : /home/olle/efinity_p2/BRAM/work_dbg/debug_top.v(20): Input/inout port bscan_TMS is unconnected and will be removed. [VDB-8003]

WARNING  : Found 3 warnings in the post-synthesis netlist.
INFO     : VDB Netlist Checker took 0.0207072 seconds.
INFO     : 	VDB Netlist Checker took 0.03 seconds (approximately) in total CPU time.
INFO     : VDB Netlist Checker virtual memory usage: begin = 322.256 MB, end = 322.256 MB, delta = 0 MB
INFO     : VDB Netlist Checker resident set memory usage: begin = 234.068 MB, end = 234.068 MB, delta = 0 MB
INFO     : 	VDB Netlist Checker peak resident set memory usage = 364.008 MB
INFO     : ***** Ending VDB Netlist Checker ... *****
INFO     : Resource Summary 
INFO     : =============================== 
INFO     : EFX_ADD         : 	152
INFO     : EFX_LUT4        : 	3152
INFO     : EFX_FF          : 	3370
INFO     : EFX_RAM_5K      : 	37
INFO     : EFX_GBUFCE      : 	2
INFO     : =============================== 

INFO     : The entire flow of EFX_MAP took 39.8538 seconds.
INFO     : 	The entire flow of EFX_MAP took 42.84 seconds (approximately) in total CPU time.
INFO     : The entire flow of EFX_MAP virtual memory usage: begin = 88.4 MB, end = 322.256 MB, delta = 233.856 MB
INFO     : The entire flow of EFX_MAP resident set memory usage: begin = 27.392 MB, end = 234.068 MB, delta = 206.676 MB
INFO     : 	The entire flow of EFX_MAP peak resident set memory usage = 364.008 MB

Fri August 15 25 21:29:43 - /home/olle/efinix/efinity/2025.1/bin/efx_map finished. Exit code = 0 Exit status : Normal

Debugger Step Compile Debugger Cores. Done

--------------------------------------------------------------

--------------------------------------------------------------

Start Debugger Step Merge User design with Debugger Cores.

Fri August 15 25 21:29:43 - /home/olle/efinix/efinity/2025.1/bin/efx_map  --family "Trion" --device "T20F169" --gen-mark-debug-json "0" --allow-const-ram-index "0" --blackbox-error "1" --blast_const_operand_adders "1" --bram_output_regs_packing "1" --bram-push-tco-outreg "0" --create-onehot-fsms "0" --fanout-limit "0" --hdl-compile-unit "1" --hdl-loop-limit "20000" --infer-clk-enable "3" --infer-sync-set-reset "1" --enable-mark-debug "1" --max_ram "-1" --max_mult "-1" --max-bit-blast-mem-size "10240" --min-sr-fanout "0" --min-ce-fanout "0" --mode "speed" --mult-auto-pipeline "0" --mult-decomp-retime "0" --operator-sharing "0" --optimize-adder-tree "0" --optimize-zero-init-rom "1" --peri-syn-instantiation "0" --peri-syn-inference "0" --ram-decomp-mode "0" --retiming "1" --seq_opt "1" --seq-opt-sync-only "0" --use-logic-for-small-mem "64" --use-logic-for-small-rom "64" --max_threads "-1" --mult_input_regs_packing "1" --mult_output_regs_packing "1" --I "/home/olle/efinity_p2/BRAM" --I "/home/olle/efinity_p2/BRAM/ip/BRAM_8192_bytes" --I "/home/olle/efinity_p2/BRAM/ip/micro_risc_v1" --root "top_level" --vdb "/home/olle/efinity_p2/BRAM/outflow/BRAM.elab.vdb" --vdb "/home/olle/efinity_p2/BRAM/work_dbg/debug_top.post.vdb" --write-efx-verilog "/home/olle/efinity_p2/BRAM/work_dbg/BRAM.dbg.map.v" --binary-db "/home/olle/efinity_p2/BRAM/work_dbg/BRAM.dbg.vdb" --merge_vdbs=1 --conn "/home/olle/efinity_p2/BRAM/debug_profile.wizard.json" --work-dir "/home/olle/efinity_p2/BRAM/work_dbg" --output-dir "/home/olle/efinity_p2/BRAM/outflow"

Fri August 15 25 21:29:43 - Running /home/olle/efinix/efinity/2025.1/bin/efx_map...

INFO     : Efinix FPGA Synthesis.
INFO     : Version: 2025.1.110.2.15
INFO     : Compiled: Jun 21 2025.
INFO     : 
INFO     : Copyright (C) 2013 - 2025 Efinix, Inc. All rights reserved.


INFO     : Analyzing Verilog file '/home/olle/efinix/efinity/2025.1/sim_models/maplib/efinix_peri_lib.v' [VERI-1482]
INFO     : /home/olle/efinix/efinity/2025.1/sim_models/maplib/efinix_peri_lib.v(8): compiling module 'EFX_IBUF' [VERI-1018]
INFO     : /home/olle/efinix/efinity/2025.1/sim_models/maplib/efinix_peri_lib.v(16): compiling module 'EFX_OBUF' [VERI-1018]
INFO     : /home/olle/efinix/efinity/2025.1/sim_models/maplib/efinix_peri_lib.v(23): compiling module 'EFX_IO_BUF' [VERI-1018]
INFO     : /home/olle/efinix/efinity/2025.1/sim_models/maplib/efinix_peri_lib.v(33): compiling module 'EFX_CLKOUT' [VERI-1018]
INFO     : /home/olle/efinix/efinity/2025.1/sim_models/maplib/efinix_peri_lib.v(41): compiling module 'EFX_IREG' [VERI-1018]
INFO     : /home/olle/efinix/efinity/2025.1/sim_models/maplib/efinix_peri_lib.v(51): compiling module 'EFX_OREG' [VERI-1018]
INFO     : /home/olle/efinix/efinity/2025.1/sim_models/maplib/efinix_peri_lib.v(60): compiling module 'EFX_IOREG' [VERI-1018]
INFO     : /home/olle/efinix/efinity/2025.1/sim_models/maplib/efinix_peri_lib.v(75): compiling module 'EFX_IDDIO' [VERI-1018]
INFO     : /home/olle/efinix/efinity/2025.1/sim_models/maplib/efinix_peri_lib.v(87): compiling module 'EFX_ODDIO' [VERI-1018]
INFO     : /home/olle/efinix/efinity/2025.1/sim_models/maplib/efinix_peri_lib.v(99): compiling module 'EFX_GPIO_V1' [VERI-1018]
INFO     : /home/olle/efinix/efinity/2025.1/sim_models/maplib/efinix_peri_lib.v(124): compiling module 'EFX_GPIO_V2' [VERI-1018]
INFO     : /home/olle/efinix/efinity/2025.1/sim_models/maplib/efinix_peri_lib.v(149): compiling module 'EFX_GPIO_V3' [VERI-1018]
INFO     : /home/olle/efinix/efinity/2025.1/sim_models/maplib/efinix_peri_lib.v(186): compiling module 'EFX_PLL_V1' [VERI-1018]
INFO     : /home/olle/efinix/efinity/2025.1/sim_models/maplib/efinix_peri_lib.v(205): compiling module 'EFX_PLL_V2' [VERI-1018]
INFO     : /home/olle/efinix/efinity/2025.1/sim_models/maplib/efinix_peri_lib.v(231): compiling module 'EFX_PLL_V3' [VERI-1018]
INFO     : /home/olle/efinix/efinity/2025.1/sim_models/maplib/efinix_peri_lib.v(279): compiling module 'EFX_OSC_V1' [VERI-1018]
INFO     : /home/olle/efinix/efinity/2025.1/sim_models/maplib/efinix_peri_lib.v(285): compiling module 'EFX_OSC_V3' [VERI-1018]
INFO     : /home/olle/efinix/efinity/2025.1/sim_models/maplib/efinix_peri_lib.v(294): compiling module 'EFX_FPLL_V1' [VERI-1018]
INFO     : /home/olle/efinix/efinity/2025.1/sim_models/maplib/efinix_peri_lib.v(348): compiling module 'EFX_JTAG_V1' [VERI-1018]
INFO     : /home/olle/efinix/efinity/2025.1/sim_models/maplib/efinix_peri_lib.v(357): compiling module 'EFX_JTAG_CTRL' [VERI-1018]
INFO     : /home/olle/efinix/efinity/2025.1/sim_models/maplib/efinix_peri_lib.v(364): compiling module 'EFX_LVDS_RX_V1' [VERI-1018]
INFO     : /home/olle/efinix/efinity/2025.1/sim_models/maplib/efinix_peri_lib.v(381): compiling module 'EFX_LVDS_TX_V1' [VERI-1018]
INFO     : /home/olle/efinix/efinity/2025.1/sim_models/maplib/efinix_peri_lib.v(399): compiling module 'EFX_LVDS_RX_V2' [VERI-1018]
INFO     : /home/olle/efinix/efinity/2025.1/sim_models/maplib/efinix_peri_lib.v(426): compiling module 'EFX_LVDS_TX_V2' [VERI-1018]
INFO     : /home/olle/efinix/efinity/2025.1/sim_models/maplib/efinix_peri_lib.v(446): compiling module 'EFX_LVDS_BIDIR_V2' [VERI-1018]

ERROR    : Cannot find net "st[0]". command: "connect"
ERROR    : Failed to parse connection profile /home/olle/efinity_p2/BRAM/debug_profile.wizard.json
ERROR    : No top design. [EFX-0210]
INFO     : The entire flow of EFX_MAP took 0.825492 seconds.
INFO     : 	The entire flow of EFX_MAP took 0.78 seconds (approximately) in total CPU time.
INFO     : The entire flow of EFX_MAP virtual memory usage: begin = 88.404 MB, end = 168.084 MB, delta = 79.68 MB
INFO     : The entire flow of EFX_MAP resident set memory usage: begin = 27.392 MB, end = 115.84 MB, delta = 88.448 MB
INFO     : 	The entire flow of EFX_MAP peak resident set memory usage = 364.008 MB

Fri August 15 25 21:29:44 - /home/olle/efinix/efinity/2025.1/bin/efx_map finished. Exit code = 65 Exit status : Normal

Running Debugger Step 2 fail. See exit code and exit status

Fri August 15 25 21:29:44 - End Debugger Flow

Fri August 15 25 21:29:44 - Running automated flow starting from synthesis done. Total duration = 1m 30.706s

Fri August 15 25 21:31:22 - Running automated flow starting from placement...



Fri August 15 25 21:31:22 - Floorplan closed VM : 686.74 MB RSS : 283.212 MB

Fri August 15 25 21:31:22 - Start Debugger Flow



-------------------------------------------------------------------------

Debugger

-------------------------------------------------------------------------

Fri August 15 25 21:31:22 - Debugger flow working directory is /home/olle/efinity_p2/BRAM/work_syn


INFO     : --max_threads set to 4 

--------------------------------------------------------------

Start Debugger Step Generate Debugger Cores.

Fri August 15 25 21:31:23 - /home/olle/efinix/efinity/2025.1/bin/python3  -m "efx_dbg.DbgWizard" --device  "T20F169" --family  "Trion" --in_profile_name  "/home/olle/efinity_p2/BRAM/debug_profile.wizard.json" --out_dbg_vdb  "debug_top.post.vdb" --out_profile_name  "/home/olle/efinity_p2/BRAM/debug_profile.wizard.json" --out_dir  "work_dbg"

Fri August 15 25 21:31:23 - Running /home/olle/efinix/efinity/2025.1/bin/python3...

Fri August 15 25 21:31:23 - /home/olle/efinix/efinity/2025.1/bin/python3 finished. Exit code = 0 Exit status : Normal

Debugger Step Generate Debugger Cores. Done

--------------------------------------------------------------

--------------------------------------------------------------

Start Debugger Step Compile Debugger Cores.

Fri August 15 25 21:31:23 - /home/olle/efinix/efinity/2025.1/bin/efx_map  --allow-const-ram-index "0" --blackbox-error "1" --blast_const_operand_adders "1" --bram_output_regs_packing "1" --bram-push-tco-outreg "0" --create-onehot-fsms "0" --fanout-limit "0" --hdl-compile-unit "1" --hdl-loop-limit "20000" --infer-clk-enable "3" --infer-sync-set-reset "1" --enable-mark-debug "1" --max_ram "-1" --max_mult "-1" --max-bit-blast-mem-size "10240" --min-sr-fanout "0" --min-ce-fanout "0" --mode "speed" --mult-auto-pipeline "0" --mult-decomp-retime "0" --operator-sharing "0" --optimize-adder-tree "0" --optimize-zero-init-rom "1" --peri-syn-instantiation "0" --peri-syn-inference "0" --ram-decomp-mode "0" --retiming "1" --seq_opt "1" --seq-opt-sync-only "0" --use-logic-for-small-mem "64" --use-logic-for-small-rom "64" --max_threads "-1" --mult_input_regs_packing "1" --mult_output_regs_packing "1" --I "/home/olle/efinity_p2/BRAM" --I "/home/olle/efinity_p2/BRAM/ip/BRAM_8192_bytes" --I "/home/olle/efinity_p2/BRAM/ip/micro_risc_v1" --family "Trion" --device "T20F169" --root "edb_top" --v "/home/olle/efinity_p2/BRAM/work_dbg/debug_top.v" --write-postmap-module "/home/olle/efinity_p2/BRAM/work_dbg/debug_top.post.vdb" --gen-mark-debug-json "0" --work-dir "/home/olle/efinity_p2/BRAM/work_dbg" --output-dir "/home/olle/efinity_p2/BRAM/outflow"

Fri August 15 25 21:31:23 - Running /home/olle/efinix/efinity/2025.1/bin/efx_map...

INFO     : Efinix FPGA Synthesis.
INFO     : Version: 2025.1.110.2.15
INFO     : Compiled: Jun 21 2025.
INFO     : 
INFO     : Copyright (C) 2013 - 2025 Efinix, Inc. All rights reserved.


INFO     : Analyzing Verilog file '/home/olle/efinix/efinity/2025.1/sim_models/maplib/efinix_peri_lib.v' [VERI-1482]

INFO     : /home/olle/efinix/efinity/2025.1/sim_models/maplib/efinix_peri_lib.v(8): compiling module 'EFX_IBUF' [VERI-1018]
INFO     : /home/olle/efinix/efinity/2025.1/sim_models/maplib/efinix_peri_lib.v(16): compiling module 'EFX_OBUF' [VERI-1018]
INFO     : /home/olle/efinix/efinity/2025.1/sim_models/maplib/efinix_peri_lib.v(23): compiling module 'EFX_IO_BUF' [VERI-1018]
INFO     : /home/olle/efinix/efinity/2025.1/sim_models/maplib/efinix_peri_lib.v(33): compiling module 'EFX_CLKOUT' [VERI-1018]
INFO     : /home/olle/efinix/efinity/2025.1/sim_models/maplib/efinix_peri_lib.v(41): compiling module 'EFX_IREG' [VERI-1018]
INFO     : /home/olle/efinix/efinity/2025.1/sim_models/maplib/efinix_peri_lib.v(51): compiling module 'EFX_OREG' [VERI-1018]
INFO     : /home/olle/efinix/efinity/2025.1/sim_models/maplib/efinix_peri_lib.v(60): compiling module 'EFX_IOREG' [VERI-1018]
INFO     : /home/olle/efinix/efinity/2025.1/sim_models/maplib/efinix_peri_lib.v(75): compiling module 'EFX_IDDIO' [VERI-1018]
INFO     : /home/olle/efinix/efinity/2025.1/sim_models/maplib/efinix_peri_lib.v(87): compiling module 'EFX_ODDIO' [VERI-1018]
INFO     : /home/olle/efinix/efinity/2025.1/sim_models/maplib/efinix_peri_lib.v(99): compiling module 'EFX_GPIO_V1' [VERI-1018]
INFO     : /home/olle/efinix/efinity/2025.1/sim_models/maplib/efinix_peri_lib.v(124): compiling module 'EFX_GPIO_V2' [VERI-1018]
INFO     : /home/olle/efinix/efinity/2025.1/sim_models/maplib/efinix_peri_lib.v(149): compiling module 'EFX_GPIO_V3' [VERI-1018]
INFO     : /home/olle/efinix/efinity/2025.1/sim_models/maplib/efinix_peri_lib.v(186): compiling module 'EFX_PLL_V1' [VERI-1018]
INFO     : /home/olle/efinix/efinity/2025.1/sim_models/maplib/efinix_peri_lib.v(205): compiling module 'EFX_PLL_V2' [VERI-1018]
INFO     : /home/olle/efinix/efinity/2025.1/sim_models/maplib/efinix_peri_lib.v(231): compiling module 'EFX_PLL_V3' [VERI-1018]
INFO     : /home/olle/efinix/efinity/2025.1/sim_models/maplib/efinix_peri_lib.v(279): compiling module 'EFX_OSC_V1' [VERI-1018]
INFO     : /home/olle/efinix/efinity/2025.1/sim_models/maplib/efinix_peri_lib.v(285): compiling module 'EFX_OSC_V3' [VERI-1018]
INFO     : /home/olle/efinix/efinity/2025.1/sim_models/maplib/efinix_peri_lib.v(294): compiling module 'EFX_FPLL_V1' [VERI-1018]
INFO     : /home/olle/efinix/efinity/2025.1/sim_models/maplib/efinix_peri_lib.v(348): compiling module 'EFX_JTAG_V1' [VERI-1018]
INFO     : /home/olle/efinix/efinity/2025.1/sim_models/maplib/efinix_peri_lib.v(357): compiling module 'EFX_JTAG_CTRL' [VERI-1018]
INFO     : /home/olle/efinix/efinity/2025.1/sim_models/maplib/efinix_peri_lib.v(364): compiling module 'EFX_LVDS_RX_V1' [VERI-1018]
INFO     : /home/olle/efinix/efinity/2025.1/sim_models/maplib/efinix_peri_lib.v(381): compiling module 'EFX_LVDS_TX_V1' [VERI-1018]
INFO     : /home/olle/efinix/efinity/2025.1/sim_models/maplib/efinix_peri_lib.v(399): compiling module 'EFX_LVDS_RX_V2' [VERI-1018]
INFO     : /home/olle/efinix/efinity/2025.1/sim_models/maplib/efinix_peri_lib.v(426): compiling module 'EFX_LVDS_TX_V2' [VERI-1018]
INFO     : /home/olle/efinix/efinity/2025.1/sim_models/maplib/efinix_peri_lib.v(446): compiling module 'EFX_LVDS_BIDIR_V2' [VERI-1018]
INFO     : ***** Beginning Analysis ... *****
INFO     : default VHDL library search path is now "/home/olle/efinix/efinity/2025.1/sim_models/vhdl/packages/vhdl_2008" [VHDL-1504]
INFO     : Analyzing Verilog file '/home/olle/efinix/efinity/2025.1/sim_models/maplib/efinix_maplib.v' [VERI-1482]
INFO     : Analyzing Verilog file '/home/olle/efinix/efinity/2025.1/sim_models/maplib/efinix_peri_lib.v' [VERI-1482]

INFO     : Analyzing Verilog file '/home/olle/efinix/efinity/2025.1/sim_models/maplib/efinix_maplib.v' [VERI-1482]
INFO     : Analyzing Verilog file '/home/olle/efinix/efinity/2025.1/sim_models/maplib/efinix_peri_lib.v' [VERI-1482]
INFO     : Analyzing Verilog file '/home/olle/efinity_p2/BRAM/work_dbg/debug_top.v' [VERI-1482]

INFO     : /home/olle/efinity_p2/BRAM/work_dbg/debug_top.v(4552): undeclared symbol 'la_capture_mask', assumed default net type 'wire' [VERI-2561]

INFO     : /home/olle/efinity_p2/BRAM/work_dbg/debug_top.v(4922): undeclared symbol 'next_segment_pointer_eq', assumed default net type 'wire' [VERI-2561]
INFO     : /home/olle/efinity_p2/BRAM/work_dbg/debug_top.v(4923): undeclared symbol 'next_segment_msb_xor', assumed default net type 'wire' [VERI-2561]
INFO     : Analysis took 0.064916 seconds.
INFO     : 	Analysis took 0.06 seconds (approximately) in total CPU time.
INFO     : Analysis virtual memory usage: begin = 124.564 MB, end = 127.636 MB, delta = 3.072 MB
INFO     : Analysis resident set memory usage: begin = 71.296 MB, end = 75.008 MB, delta = 3.712 MB
INFO     : 	Analysis peak resident set memory usage = 365.9 MB
INFO     : ***** Ending Analysis ... *****
INFO     : ***** Beginning Elaboration ... *****
WARNING  : /home/olle/efinity_p2/BRAM/work_dbg/debug_top.v(266): port 'probe41' remains unconnected for this instance [VERI-1927]
INFO     : /home/olle/efinity_p2/BRAM/work_dbg/debug_top.v(10): compiling module 'edb_top' [VERI-1018]

INFO     : /home/olle/efinity_p2/BRAM/work_dbg/debug_top.v(652): compiling module 'edb_la_top_renamed_due_excessive_length_1' [VERI-1018]

INFO     : /home/olle/efinity_p2/BRAM/work_dbg/debug_top.v(341): compiling module 'edb_adbg_crc32' [VERI-1018]

INFO     : /home/olle/efinity_p2/BRAM/work_dbg/debug_top.v(5653): compiling module 'compare_unit(WIDTH=11'b01,PIPE=1)' [VERI-1018]

INFO     : /home/olle/efinity_p2/BRAM/work_dbg/debug_top.v(5653): compiling module 'compare_unit(WIDTH=11'b011010,PIPE=1)' [VERI-1018]

INFO     : /home/olle/efinity_p2/BRAM/work_dbg/debug_top.v(5653): compiling module 'compare_unit(WIDTH=11'b010000,PIPE=1)' [VERI-1018]

INFO     : /home/olle/efinity_p2/BRAM/work_dbg/debug_top.v(5653): compiling module 'compare_unit(WIDTH=11'b0100,PIPE=1)' [VERI-1018]

INFO     : /home/olle/efinity_p2/BRAM/work_dbg/debug_top.v(5653): compiling module 'compare_unit(WIDTH=11'b0101,PIPE=1)' [VERI-1018]

INFO     : /home/olle/efinity_p2/BRAM/work_dbg/debug_top.v(5653): compiling module 'compare_unit(WIDTH=11'b0100000,PIPE=1)' [VERI-1018]

INFO     : /home/olle/efinity_p2/BRAM/work_dbg/debug_top.v(5653): compiling module 'compare_unit(WIDTH=11'b011,PIPE=1)' [VERI-1018]
INFO     : /home/olle/efinity_p2/BRAM/work_dbg/debug_top.v(5858): compiling module 'trigger_unit(WIDTH=32'b0101001,PIPE=1)' [VERI-1018]
INFO     : /home/olle/efinity_p2/BRAM/work_dbg/debug_top.v(5858): compiling module 'trigger_unit(WIDTH=32'b0101001,PIPE=1,TRIGGER_IF_MASK_ZERO=1)' [VERI-1018]
WARNING  : /home/olle/efinity_p2/BRAM/work_dbg/debug_top.v(4544): actual bit length 32 differs from formal bit length 1 for port 'trigger_in' [VERI-1330]

INFO     : /home/olle/efinity_p2/BRAM/work_dbg/debug_top.v(5983): compiling module 'trigger_skipper' [VERI-1018]
INFO     : /home/olle/efinity_p2/BRAM/work_dbg/debug_top.v(4999): compiling module 'la_biu(CAPTURE_WIDTH=32'b010110110,CAPTURE_CONTROL=1)' [VERI-1018]
INFO     : /home/olle/efinity_p2/BRAM/work_dbg/debug_top.v(4741): compiling module 'fifo_with_read(DATA_WIDTH=32'b010110111)' [VERI-1018]
INFO     : /home/olle/efinity_p2/BRAM/work_dbg/debug_top.v(4691): compiling module 'fifo_address_trancode_unit' [VERI-1018]
INFO     : /home/olle/efinity_p2/BRAM/work_dbg/debug_top.v(562): compiling module 'edb_simple_dual_port_ram(DATA_WIDTH=32'b010110111,ADDR_WIDTH=10,RAM_INIT_FILE="")' [VERI-1018]
INFO     : /home/olle/efinity_p2/BRAM/work_dbg/debug_top.v(577): extracting RAM for identifier 'ram' [VERI-2571]

INFO     : /home/olle/efinity_p2/BRAM/work_dbg/debug_top.v(419): compiling module 'debug_hub' [VERI-1018]
WARNING  : /home/olle/efinity_p2/BRAM/work_dbg/debug_top.v(204): input port 'probe41[0]' remains unconnected for this instance [VDB-1053]
INFO     : Elaboration took 1.3622 seconds.
INFO     : 	Elaboration took 1.32 seconds (approximately) in total CPU time.
INFO     : Elaboration virtual memory usage: begin = 127.636 MB, end = 191.636 MB, delta = 64 MB
INFO     : Elaboration resident set memory usage: begin = 75.008 MB, end = 140.16 MB, delta = 65.152 MB
INFO     : 	Elaboration peak resident set memory usage = 365.9 MB
INFO     : ***** Ending Elaboration ... *****
INFO     : ... Setting Synthesis Option: mode=speed
INFO     : ***** Beginning Reading Mapping Library ... *****
INFO     : Analyzing Verilog file '/home/olle/efinix/efinity/2025.1/sim_models/maplib/efinix_maplib.v' [VERI-1482]

INFO     : /home/olle/efinix/efinity/2025.1/sim_models/maplib/efinix_maplib.v(8): compiling module 'EFX_ADD' [VERI-1018]
INFO     : /home/olle/efinix/efinity/2025.1/sim_models/maplib/efinix_maplib.v(21): compiling module 'EFX_FF' [VERI-1018]
INFO     : /home/olle/efinix/efinity/2025.1/sim_models/maplib/efinix_maplib.v(38): compiling module 'EFX_COMB4' [VERI-1018]
INFO     : /home/olle/efinix/efinity/2025.1/sim_models/maplib/efinix_maplib.v(48): compiling module 'EFX_GBUFCE' [VERI-1018]
INFO     : /home/olle/efinix/efinity/2025.1/sim_models/maplib/efinix_maplib.v(57): compiling module 'EFX_LUT4' [VERI-1018]
INFO     : /home/olle/efinix/efinity/2025.1/sim_models/maplib/efinix_maplib.v(65): compiling module 'EFX_MULT' [VERI-1018]
INFO     : /home/olle/efinix/efinity/2025.1/sim_models/maplib/efinix_maplib.v(100): compiling module 'EFX_DSP48' [VERI-1018]
INFO     : /home/olle/efinix/efinity/2025.1/sim_models/maplib/efinix_maplib.v(156): compiling module 'EFX_DSP24' [VERI-1018]
INFO     : /home/olle/efinix/efinity/2025.1/sim_models/maplib/efinix_maplib.v(209): compiling module 'EFX_DSP12' [VERI-1018]
INFO     : /home/olle/efinix/efinity/2025.1/sim_models/maplib/efinix_maplib.v(262): compiling module 'EFX_RAM_4K' [VERI-1018]
INFO     : /home/olle/efinix/efinity/2025.1/sim_models/maplib/efinix_maplib.v(322): compiling module 'EFX_RAM_5K' [VERI-1018]
INFO     : /home/olle/efinix/efinity/2025.1/sim_models/maplib/efinix_maplib.v(394): compiling module 'EFX_DPRAM_5K' [VERI-1018]
INFO     : /home/olle/efinix/efinity/2025.1/sim_models/maplib/efinix_maplib.v(499): compiling module 'RAMB5' [VERI-1018]
INFO     : /home/olle/efinix/efinity/2025.1/sim_models/maplib/efinix_maplib.v(561): compiling module 'EFX_RAM_10K' [VERI-1018]
INFO     : /home/olle/efinix/efinity/2025.1/sim_models/maplib/efinix_maplib.v(653): compiling module 'EFX_RAM10' [VERI-1018]
INFO     : /home/olle/efinix/efinity/2025.1/sim_models/maplib/efinix_maplib.v(754): compiling module 'EFX_DPRAM10' [VERI-1018]
INFO     : /home/olle/efinix/efinity/2025.1/sim_models/maplib/efinix_maplib.v(884): compiling module 'EFX_SRL8' [VERI-1018]
INFO     : Reading Mapping Library took 0.0139085 seconds.
INFO     : 	Reading Mapping Library took 0.01 seconds (approximately) in total CPU time.
INFO     : Reading Mapping Library virtual memory usage: begin = 191.636 MB, end = 191.636 MB, delta = 0 MB
INFO     : Reading Mapping Library resident set memory usage: begin = 140.672 MB, end = 140.672 MB, delta = 0 MB
INFO     : 	Reading Mapping Library peak resident set memory usage = 365.9 MB
INFO     : ***** Ending Reading Mapping Library ... *****
INFO     : ... Pre-synthesis checks begin
WARNING  : Removing redundant signal : compared_in[0]. (/home/olle/efinity_p2/BRAM/work_dbg/debug_top.v:5659) [EFX-0200]
WARNING  : Removing redundant signal : mask_in[0]. (/home/olle/efinity_p2/BRAM/work_dbg/debug_top.v:5660) [EFX-0200]
WARNING  : Removing redundant signal : trigger_in. (/home/olle/efinity_p2/BRAM/work_dbg/debug_top.v:5870) [EFX-0200]
WARNING  : Removing redundant signal : trigger_in. (/home/olle/efinity_p2/BRAM/work_dbg/debug_top.v:5870) [EFX-0200]
INFO     : ... Memory 'ram' is not initialized, assuming empty initial contents. (/home/olle/efinity_p2/BRAM/work_dbg/debug_top.v:577) [EFX-0677]
WARNING  : Removing redundant signal : din[182]. (/home/olle/efinity_p2/BRAM/work_dbg/debug_top.v:4754) [EFX-0200]
WARNING  : Removing redundant signal : shift_i. (/home/olle/efinity_p2/BRAM/work_dbg/debug_top.v:5019) [EFX-0200]
WARNING  : Removing redundant signal : trig_out. (/home/olle/efinity_p2/BRAM/work_dbg/debug_top.v:5036) [EFX-0200]
WARNING  : Removing redundant signal : trig_out_ack. (/home/olle/efinity_p2/BRAM/work_dbg/debug_top.v:5037) [EFX-0200]

INFO     : Module Instance 'genblk2.global_capture_inst' input pin 'trigger_in' is tied to constant (=0). [EFX-0266]
WARNING  : Removing redundant signal : bscan_DRCK. (/home/olle/efinity_p2/BRAM/work_dbg/debug_top.v:1185) [EFX-0200]
WARNING  : Removing redundant signal : bscan_RESET. (/home/olle/efinity_p2/BRAM/work_dbg/debug_top.v:1186) [EFX-0200]
WARNING  : Removing redundant signal : bscan_RUNTEST. (/home/olle/efinity_p2/BRAM/work_dbg/debug_top.v:1187) [EFX-0200]
WARNING  : Removing redundant signal : bscan_SEL. (/home/olle/efinity_p2/BRAM/work_dbg/debug_top.v:1188) [EFX-0200]
WARNING  : Removing redundant signal : bscan_TMS. (/home/olle/efinity_p2/BRAM/work_dbg/debug_top.v:1192) [EFX-0200]
WARNING  : Removing redundant signal : trig_in_ack. (/home/olle/efinity_p2/BRAM/work_dbg/debug_top.v:1204) [EFX-0200]

WARNING  : Removing redundant signal : bscan_CAPTURE. (/home/olle/efinity_p2/BRAM/work_dbg/debug_top.v:424) [EFX-0200]
WARNING  : Removing redundant signal : bscan_DRCK. (/home/olle/efinity_p2/BRAM/work_dbg/debug_top.v:425) [EFX-0200]
WARNING  : Removing redundant signal : bscan_RUNTEST. (/home/olle/efinity_p2/BRAM/work_dbg/debug_top.v:427) [EFX-0200]
WARNING  : Removing redundant signal : bscan_TMS. (/home/olle/efinity_p2/BRAM/work_dbg/debug_top.v:432) [EFX-0200]
INFO     : Module Instance 'la0' input pin 'trig_in' is tied to constant (=0). [EFX-0266]
INFO     : Module Instance 'la0' input pin 'trig_out_ack' is tied to constant (=0). [EFX-0266]
WARNING  : Re-wiring to GND non-driven net 'la0.probe41[0]'. (/home/olle/efinity_p2/BRAM/work_dbg/debug_top.v:204) [EFX-0201]
WARNING  : Re-wiring to GND non-driven net 'la0.probe42[0]'. (/home/olle/efinity_p2/BRAM/work_dbg/debug_top.v:204) [EFX-0201]
WARNING  : Re-wiring to GND non-driven net 'la0.probe43[0]'. (/home/olle/efinity_p2/BRAM/work_dbg/debug_top.v:204) [EFX-0201]
WARNING  : Re-wiring to GND non-driven net 'la0.probe44[0]'. (/home/olle/efinity_p2/BRAM/work_dbg/debug_top.v:204) [EFX-0201]
WARNING  : Re-wiring to GND non-driven net 'la0.probe45[0]'. (/home/olle/efinity_p2/BRAM/work_dbg/debug_top.v:204) [EFX-0201]
WARNING  : Re-wiring to GND non-driven net 'la0.probe46[0]'. (/home/olle/efinity_p2/BRAM/work_dbg/debug_top.v:204) [EFX-0201]
WARNING  : Re-wiring to GND non-driven net 'la0.probe47[0]'. (/home/olle/efinity_p2/BRAM/work_dbg/debug_top.v:204) [EFX-0201]
WARNING  : Re-wiring to GND non-driven net 'la0.probe48[0]'. (/home/olle/efinity_p2/BRAM/work_dbg/debug_top.v:204) [EFX-0201]
WARNING  : Re-wiring to GND non-driven net 'la0.probe49[0]'. (/home/olle/efinity_p2/BRAM/work_dbg/debug_top.v:204) [EFX-0201]
WARNING  : Re-wiring to GND non-driven net 'la0.probe50[0]'. (/home/olle/efinity_p2/BRAM/work_dbg/debug_top.v:204) [EFX-0201]
WARNING  : (The above message was generated too many times, subsequent similar messages will be muted.) [EFX-0201]
INFO     : ... Pre-synthesis checks end (Real time : 0s CPU user time : 2s CPU sys time : 0s MEM : 365900KB)
INFO     : ... NameSpace init begin
INFO     : ... NameSpace init end (Real time : 0s CPU user time : 2s CPU sys time : 0s MEM : 365900KB)
INFO     : ... Mapping design "edb_top"
INFO     : ... Hierarchical pre-synthesis "edb_adbg_crc32" begin
INFO     : ... Hierarchical pre-synthesis "edb_adbg_crc32" end (Real time : 0s CPU user time : 2s CPU sys time : 0s MEM : 365900KB)
INFO     : ... Hierarchical pre-synthesis "compare_unit(WIDTH=11'b01,PIPE=1)" begin
INFO     : ... Hierarchical pre-synthesis "compare_unit(WIDTH=11'b01,PIPE=1)" end (Real time : 0s CPU user time : 2s CPU sys time : 0s MEM : 365900KB)
INFO     : ... Hierarchical pre-synthesis "compare_unit(WIDTH=11'b011010,PIPE=1)" begin
INFO     : ... Hierarchical pre-synthesis "compare_unit(WIDTH=11'b011010,PIPE=1)" end (Real time : 0s CPU user time : 2s CPU sys time : 0s MEM : 365900KB)
INFO     : ... Hierarchical pre-synthesis "compare_unit(WIDTH=11'b010000,PIPE=1)" begin
INFO     : ... Hierarchical pre-synthesis "compare_unit(WIDTH=11'b010000,PIPE=1)" end (Real time : 0s CPU user time : 2s CPU sys time : 0s MEM : 365900KB)
INFO     : ... Hierarchical pre-synthesis "compare_unit(WIDTH=11'b0100,PIPE=1)" begin
INFO     : ... Hierarchical pre-synthesis "compare_unit(WIDTH=11'b0100,PIPE=1)" end (Real time : 0s CPU user time : 2s CPU sys time : 0s MEM : 365900KB)
INFO     : ... Hierarchical pre-synthesis "compare_unit(WIDTH=11'b0101,PIPE=1)" begin
INFO     : ... Hierarchical pre-synthesis "compare_unit(WIDTH=11'b0101,PIPE=1)" end (Real time : 0s CPU user time : 2s CPU sys time : 0s MEM : 365900KB)
INFO     : ... Hierarchical pre-synthesis "compare_unit(WIDTH=11'b0100000,PIPE=1)" begin

INFO     : ... Hierarchical pre-synthesis "compare_unit(WIDTH=11'b0100000,PIPE=1)" end (Real time : 0s CPU user time : 2s CPU sys time : 0s MEM : 365900KB)
INFO     : ... Hierarchical pre-synthesis "compare_unit(WIDTH=11'b011,PIPE=1)" begin
INFO     : ... Hierarchical pre-synthesis "compare_unit(WIDTH=11'b011,PIPE=1)" end (Real time : 0s CPU user time : 2s CPU sys time : 0s MEM : 365900KB)
INFO     : ... Hierarchical pre-synthesis "trigger_unit(WIDTH=32'b0101001,PIPE=1)" begin
INFO     : ... Hierarchical pre-synthesis "trigger_unit(WIDTH=32'b0101001,PIPE=1)" end (Real time : 0s CPU user time : 2s CPU sys time : 0s MEM : 365900KB)
INFO     : ... Hierarchical pre-synthesis "trigger_unit(WIDTH=32'b0101001,PIPE=1,TRIGGER_IF_MASK_ZERO=1)" begin
INFO     : ... Hierarchical pre-synthesis "trigger_unit(WIDTH=32'b0101001,PIPE=1,TRIGGER_IF_MASK_ZERO=1)" end (Real time : 0s CPU user time : 2s CPU sys time : 0s MEM : 365900KB)
INFO     : ... Hierarchical pre-synthesis "trigger_skipper" begin

INFO     : ... Hierarchical pre-synthesis "trigger_skipper" end (Real time : 0s CPU user time : 2s CPU sys time : 0s MEM : 365900KB)
INFO     : ... Hierarchical pre-synthesis "fifo_address_trancode_unit" begin
INFO     : ... Hierarchical pre-synthesis "fifo_address_trancode_unit" end (Real time : 0s CPU user time : 2s CPU sys time : 0s MEM : 365900KB)
INFO     : ... Hierarchical pre-synthesis "edb_simple_dual_port_ram(DATA_WIDTH=32'b010110111,ADDR_WIDTH=10,RAM_INIT_FILE="")" begin

INFO     : ... Hierarchical pre-synthesis "edb_simple_dual_port_ram(DATA_WIDTH=32'b010110111,ADDR_WIDTH=10,RAM_INIT_FILE="")" end (Real time : 0s CPU user time : 2s CPU sys time : 0s MEM : 365900KB)
INFO     : ... Hierarchical pre-synthesis "fifo_with_read(DATA_WIDTH=32'b010110111)" begin

INFO     : ... Hierarchical pre-synthesis "fifo_with_read(DATA_WIDTH=32'b010110111)" end (Real time : 0s CPU user time : 2s CPU sys time : 0s MEM : 365900KB)
INFO     : ... Hierarchical pre-synthesis "la_biu(CAPTURE_WIDTH=32'b010110110,CAPTURE_CONTROL=1)" begin

INFO     : ... Hierarchical pre-synthesis "la_biu(CAPTURE_WIDTH=32'b010110110,CAPTURE_CONTROL=1)" end (Real time : 0s CPU user time : 2s CPU sys time : 0s MEM : 365900KB)
INFO     : ... Hierarchical pre-synthesis "edb_la_top_renamed_due_excessive_length_1" begin

INFO     : ... Hierarchical pre-synthesis "edb_la_top_renamed_due_excessive_length_1" end (Real time : 2s CPU user time : 4s CPU sys time : 0s MEM : 365900KB)
INFO     : ... Hierarchical pre-synthesis "debug_hub" begin

INFO     : ... Hierarchical pre-synthesis "debug_hub" end (Real time : 0s CPU user time : 4s CPU sys time : 0s MEM : 365900KB)
INFO     : ... Hierarchical pre-synthesis "edb_top" begin

INFO     : ... Clock Enable Synthesis Performed on 129 flops.

INFO     : ... Hierarchical pre-synthesis "edb_top" end (Real time : 0s CPU user time : 4s CPU sys time : 0s MEM : 365900KB)

INFO     : ... Flat optimizations begin

INFO     : ... Flat optimizations end (Real time : 1s CPU user time : 5s CPU sys time : 0s MEM : 365900KB)

INFO     : ... Flat synthesis begin

INFO     : ... Flat synthesis end (Real time : 0s CPU user time : 5s CPU sys time : 0s MEM : 365900KB)

INFO     : ... Flat optimizations begin

INFO     : ... Flat optimizations end (Real time : 0s CPU user time : 5s CPU sys time : 0s MEM : 365900KB)

INFO     : ... Check and break combinational loops begin

INFO     : ... Check and break combinational loops end (Real time : 0s CPU user time : 5s CPU sys time : 0s MEM : 365900KB)

INFO     : ... Sequential Optimization begin

INFO     : ... Clock Network 'la0_clk' with 2026 loads will be considered for sequential optimization.

INFO     : ... Clock Network 'bscan_TCK' with 1353 loads will be considered for sequential optimization.

INFO     : ... Sequential Optimization deduced 293 equivalent points.

INFO     : ... Sequential Optimization end (Real time : 12s CPU user time : 17s CPU sys time : 0s MEM : 365900KB)
INFO     : ... Setup for logic synthesis begin

INFO     : ... Setup for logic synthesis end (Real time : 0s CPU user time : 18s CPU sys time : 0s MEM : 365900KB)
INFO     : ... LUT mapping begin

INFO     : ... LS, strategy: 3, nd: 3180, ed: 10064, lv: 8, pw: 5673.06
INFO     : ... LUT mapping end (Real time : 11s CPU user time : 30s CPU sys time : 0s MEM : 365900KB)
INFO     : ... Post-synthesis Verific netlist creation begin

INFO     : ... Post-synthesis Verific netlist creation end (Real time : 0s CPU user time : 30s CPU sys time : 0s MEM : 365900KB)

INFO     : ... Postmap Retiming Optimization begin

INFO     : ... Clock Network 'la0_clk~la0_clk' with 2026 loads will be considered for retiming optimization.

INFO     : ... Clock Network 'bscan_TCK~bscan_TCK' with 1353 loads will be considered for retiming optimization.

INFO     : ... Performed 0 retime moves.
INFO     : ... Postmap Retiming Optimization end (Real time : 11s CPU user time : 41s CPU sys time : 0s MEM : 365900KB)

INFO     : ***** Beginning VDB Netlist Checker ... *****
WARNING  : /home/olle/efinity_p2/BRAM/work_dbg/debug_top.v(13): Input/inout port bscan_DRCK is unconnected and will be removed. [VDB-8003]
WARNING  : /home/olle/efinity_p2/BRAM/work_dbg/debug_top.v(15): Input/inout port bscan_RUNTEST is unconnected and will be removed. [VDB-8003]
WARNING  : /home/olle/efinity_p2/BRAM/work_dbg/debug_top.v(20): Input/inout port bscan_TMS is unconnected and will be removed. [VDB-8003]

WARNING  : Found 3 warnings in the post-synthesis netlist.
INFO     : VDB Netlist Checker took 0.0293563 seconds.
INFO     : 	VDB Netlist Checker took 0.05 seconds (approximately) in total CPU time.
INFO     : VDB Netlist Checker virtual memory usage: begin = 319.648 MB, end = 319.648 MB, delta = 0 MB
INFO     : VDB Netlist Checker resident set memory usage: begin = 228.072 MB, end = 228.072 MB, delta = 0 MB
INFO     : 	VDB Netlist Checker peak resident set memory usage = 365.9 MB
INFO     : ***** Ending VDB Netlist Checker ... *****

INFO     : Resource Summary 
INFO     : =============================== 
INFO     : EFX_ADD         : 	152
INFO     : EFX_LUT4        : 	3165
INFO     : EFX_FF          : 	3370
INFO     : EFX_RAM_5K      : 	37
INFO     : EFX_GBUFCE      : 	2
INFO     : =============================== 

INFO     : The entire flow of EFX_MAP took 39.6369 seconds.
INFO     : 	The entire flow of EFX_MAP took 42.52 seconds (approximately) in total CPU time.
INFO     : The entire flow of EFX_MAP virtual memory usage: begin = 88.404 MB, end = 319.648 MB, delta = 231.244 MB
INFO     : The entire flow of EFX_MAP resident set memory usage: begin = 27.392 MB, end = 228.072 MB, delta = 200.68 MB
INFO     : 	The entire flow of EFX_MAP peak resident set memory usage = 365.9 MB

Fri August 15 25 21:32:02 - /home/olle/efinix/efinity/2025.1/bin/efx_map finished. Exit code = 0 Exit status : Normal

Debugger Step Compile Debugger Cores. Done

--------------------------------------------------------------

--------------------------------------------------------------

Start Debugger Step Merge User design with Debugger Cores.

Fri August 15 25 21:32:02 - /home/olle/efinix/efinity/2025.1/bin/efx_map  --family "Trion" --device "T20F169" --gen-mark-debug-json "0" --allow-const-ram-index "0" --blackbox-error "1" --blast_const_operand_adders "1" --bram_output_regs_packing "1" --bram-push-tco-outreg "0" --create-onehot-fsms "0" --fanout-limit "0" --hdl-compile-unit "1" --hdl-loop-limit "20000" --infer-clk-enable "3" --infer-sync-set-reset "1" --enable-mark-debug "1" --max_ram "-1" --max_mult "-1" --max-bit-blast-mem-size "10240" --min-sr-fanout "0" --min-ce-fanout "0" --mode "speed" --mult-auto-pipeline "0" --mult-decomp-retime "0" --operator-sharing "0" --optimize-adder-tree "0" --optimize-zero-init-rom "1" --peri-syn-instantiation "0" --peri-syn-inference "0" --ram-decomp-mode "0" --retiming "1" --seq_opt "1" --seq-opt-sync-only "0" --use-logic-for-small-mem "64" --use-logic-for-small-rom "64" --max_threads "-1" --mult_input_regs_packing "1" --mult_output_regs_packing "1" --I "/home/olle/efinity_p2/BRAM" --I "/home/olle/efinity_p2/BRAM/ip/BRAM_8192_bytes" --I "/home/olle/efinity_p2/BRAM/ip/micro_risc_v1" --root "top_level" --vdb "/home/olle/efinity_p2/BRAM/outflow/BRAM.elab.vdb" --vdb "/home/olle/efinity_p2/BRAM/work_dbg/debug_top.post.vdb" --write-efx-verilog "/home/olle/efinity_p2/BRAM/work_dbg/BRAM.dbg.map.v" --binary-db "/home/olle/efinity_p2/BRAM/work_dbg/BRAM.dbg.vdb" --merge_vdbs=1 --conn "/home/olle/efinity_p2/BRAM/debug_profile.wizard.json" --work-dir "/home/olle/efinity_p2/BRAM/work_dbg" --output-dir "/home/olle/efinity_p2/BRAM/outflow"

Fri August 15 25 21:32:02 - Running /home/olle/efinix/efinity/2025.1/bin/efx_map...

INFO     : Efinix FPGA Synthesis.
INFO     : Version: 2025.1.110.2.15
INFO     : Compiled: Jun 21 2025.
INFO     : 
INFO     : Copyright (C) 2013 - 2025 Efinix, Inc. All rights reserved.


INFO     : Analyzing Verilog file '/home/olle/efinix/efinity/2025.1/sim_models/maplib/efinix_peri_lib.v' [VERI-1482]

INFO     : /home/olle/efinix/efinity/2025.1/sim_models/maplib/efinix_peri_lib.v(8): compiling module 'EFX_IBUF' [VERI-1018]
INFO     : /home/olle/efinix/efinity/2025.1/sim_models/maplib/efinix_peri_lib.v(16): compiling module 'EFX_OBUF' [VERI-1018]
INFO     : /home/olle/efinix/efinity/2025.1/sim_models/maplib/efinix_peri_lib.v(23): compiling module 'EFX_IO_BUF' [VERI-1018]
INFO     : /home/olle/efinix/efinity/2025.1/sim_models/maplib/efinix_peri_lib.v(33): compiling module 'EFX_CLKOUT' [VERI-1018]
INFO     : /home/olle/efinix/efinity/2025.1/sim_models/maplib/efinix_peri_lib.v(41): compiling module 'EFX_IREG' [VERI-1018]
INFO     : /home/olle/efinix/efinity/2025.1/sim_models/maplib/efinix_peri_lib.v(51): compiling module 'EFX_OREG' [VERI-1018]
INFO     : /home/olle/efinix/efinity/2025.1/sim_models/maplib/efinix_peri_lib.v(60): compiling module 'EFX_IOREG' [VERI-1018]
INFO     : /home/olle/efinix/efinity/2025.1/sim_models/maplib/efinix_peri_lib.v(75): compiling module 'EFX_IDDIO' [VERI-1018]
INFO     : /home/olle/efinix/efinity/2025.1/sim_models/maplib/efinix_peri_lib.v(87): compiling module 'EFX_ODDIO' [VERI-1018]
INFO     : /home/olle/efinix/efinity/2025.1/sim_models/maplib/efinix_peri_lib.v(99): compiling module 'EFX_GPIO_V1' [VERI-1018]
INFO     : /home/olle/efinix/efinity/2025.1/sim_models/maplib/efinix_peri_lib.v(124): compiling module 'EFX_GPIO_V2' [VERI-1018]
INFO     : /home/olle/efinix/efinity/2025.1/sim_models/maplib/efinix_peri_lib.v(149): compiling module 'EFX_GPIO_V3' [VERI-1018]
INFO     : /home/olle/efinix/efinity/2025.1/sim_models/maplib/efinix_peri_lib.v(186): compiling module 'EFX_PLL_V1' [VERI-1018]
INFO     : /home/olle/efinix/efinity/2025.1/sim_models/maplib/efinix_peri_lib.v(205): compiling module 'EFX_PLL_V2' [VERI-1018]
INFO     : /home/olle/efinix/efinity/2025.1/sim_models/maplib/efinix_peri_lib.v(231): compiling module 'EFX_PLL_V3' [VERI-1018]
INFO     : /home/olle/efinix/efinity/2025.1/sim_models/maplib/efinix_peri_lib.v(279): compiling module 'EFX_OSC_V1' [VERI-1018]
INFO     : /home/olle/efinix/efinity/2025.1/sim_models/maplib/efinix_peri_lib.v(285): compiling module 'EFX_OSC_V3' [VERI-1018]
INFO     : /home/olle/efinix/efinity/2025.1/sim_models/maplib/efinix_peri_lib.v(294): compiling module 'EFX_FPLL_V1' [VERI-1018]
INFO     : /home/olle/efinix/efinity/2025.1/sim_models/maplib/efinix_peri_lib.v(348): compiling module 'EFX_JTAG_V1' [VERI-1018]
INFO     : /home/olle/efinix/efinity/2025.1/sim_models/maplib/efinix_peri_lib.v(357): compiling module 'EFX_JTAG_CTRL' [VERI-1018]
INFO     : /home/olle/efinix/efinity/2025.1/sim_models/maplib/efinix_peri_lib.v(364): compiling module 'EFX_LVDS_RX_V1' [VERI-1018]
INFO     : /home/olle/efinix/efinity/2025.1/sim_models/maplib/efinix_peri_lib.v(381): compiling module 'EFX_LVDS_TX_V1' [VERI-1018]
INFO     : /home/olle/efinix/efinity/2025.1/sim_models/maplib/efinix_peri_lib.v(399): compiling module 'EFX_LVDS_RX_V2' [VERI-1018]
INFO     : /home/olle/efinix/efinity/2025.1/sim_models/maplib/efinix_peri_lib.v(426): compiling module 'EFX_LVDS_TX_V2' [VERI-1018]
INFO     : /home/olle/efinix/efinity/2025.1/sim_models/maplib/efinix_peri_lib.v(446): compiling module 'EFX_LVDS_BIDIR_V2' [VERI-1018]

INFO     : ... Setting Synthesis Option: mode=speed
INFO     : ***** Beginning Reading Mapping Library ... *****
INFO     : Analyzing Verilog file '/home/olle/efinix/efinity/2025.1/sim_models/maplib/efinix_maplib.v' [VERI-1482]

INFO     : /home/olle/efinix/efinity/2025.1/sim_models/maplib/efinix_maplib.v(8): compiling module 'EFX_ADD' [VERI-1018]
INFO     : /home/olle/efinix/efinity/2025.1/sim_models/maplib/efinix_maplib.v(21): compiling module 'EFX_FF' [VERI-1018]
INFO     : /home/olle/efinix/efinity/2025.1/sim_models/maplib/efinix_maplib.v(38): compiling module 'EFX_COMB4' [VERI-1018]
INFO     : /home/olle/efinix/efinity/2025.1/sim_models/maplib/efinix_maplib.v(48): compiling module 'EFX_GBUFCE' [VERI-1018]
INFO     : /home/olle/efinix/efinity/2025.1/sim_models/maplib/efinix_maplib.v(57): compiling module 'EFX_LUT4' [VERI-1018]
INFO     : /home/olle/efinix/efinity/2025.1/sim_models/maplib/efinix_maplib.v(65): compiling module 'EFX_MULT' [VERI-1018]
INFO     : /home/olle/efinix/efinity/2025.1/sim_models/maplib/efinix_maplib.v(100): compiling module 'EFX_DSP48' [VERI-1018]
INFO     : /home/olle/efinix/efinity/2025.1/sim_models/maplib/efinix_maplib.v(156): compiling module 'EFX_DSP24' [VERI-1018]
INFO     : /home/olle/efinix/efinity/2025.1/sim_models/maplib/efinix_maplib.v(209): compiling module 'EFX_DSP12' [VERI-1018]
INFO     : /home/olle/efinix/efinity/2025.1/sim_models/maplib/efinix_maplib.v(262): compiling module 'EFX_RAM_4K' [VERI-1018]
INFO     : /home/olle/efinix/efinity/2025.1/sim_models/maplib/efinix_maplib.v(322): compiling module 'EFX_RAM_5K' [VERI-1018]
INFO     : /home/olle/efinix/efinity/2025.1/sim_models/maplib/efinix_maplib.v(394): compiling module 'EFX_DPRAM_5K' [VERI-1018]
INFO     : /home/olle/efinix/efinity/2025.1/sim_models/maplib/efinix_maplib.v(499): compiling module 'RAMB5' [VERI-1018]
INFO     : /home/olle/efinix/efinity/2025.1/sim_models/maplib/efinix_maplib.v(561): compiling module 'EFX_RAM_10K' [VERI-1018]
INFO     : /home/olle/efinix/efinity/2025.1/sim_models/maplib/efinix_maplib.v(653): compiling module 'EFX_RAM10' [VERI-1018]
INFO     : /home/olle/efinix/efinity/2025.1/sim_models/maplib/efinix_maplib.v(754): compiling module 'EFX_DPRAM10' [VERI-1018]
INFO     : /home/olle/efinix/efinity/2025.1/sim_models/maplib/efinix_maplib.v(884): compiling module 'EFX_SRL8' [VERI-1018]
INFO     : Reading Mapping Library took 0.0112296 seconds.
INFO     : 	Reading Mapping Library took 0.01 seconds (approximately) in total CPU time.
INFO     : Reading Mapping Library virtual memory usage: begin = 168.084 MB, end = 169.108 MB, delta = 1.024 MB
INFO     : Reading Mapping Library resident set memory usage: begin = 116.608 MB, end = 117.248 MB, delta = 0.64 MB
INFO     : 	Reading Mapping Library peak resident set memory usage = 365.9 MB
INFO     : ***** Ending Reading Mapping Library ... *****

INFO     : ... Pre-synthesis checks begin
WARNING  : The primary output port 'led2' wire 'led2' is not driven. [EFX-0256]
WARNING  : The primary output port 'CAM0_EN' wire 'CAM0_EN' is not driven. [EFX-0256]
WARNING  : The primary output port 'CAM1_EN' wire 'CAM1_EN' is not driven. [EFX-0256]
WARNING  : Removing redundant signal : io_cpu_prefetch_isValid. (/home/olle/efinity_p2/BRAM/ip/micro_risc_v1/micro_risc_v1.v:12221) [EFX-0200]
WARNING  : Removing redundant signal : io_cpu_prefetch_pc[31]. (/home/olle/efinity_p2/BRAM/ip/micro_risc_v1/micro_risc_v1.v:12223) [EFX-0200]
WARNING  : Removing redundant signal : io_cpu_prefetch_pc[30]. (/home/olle/efinity_p2/BRAM/ip/micro_risc_v1/micro_risc_v1.v:12223) [EFX-0200]
WARNING  : Removing redundant signal : io_cpu_prefetch_pc[29]. (/home/olle/efinity_p2/BRAM/ip/micro_risc_v1/micro_risc_v1.v:12223) [EFX-0200]
WARNING  : Removing redundant signal : io_cpu_prefetch_pc[28]. (/home/olle/efinity_p2/BRAM/ip/micro_risc_v1/micro_risc_v1.v:12223) [EFX-0200]
WARNING  : Removing redundant signal : io_cpu_prefetch_pc[27]. (/home/olle/efinity_p2/BRAM/ip/micro_risc_v1/micro_risc_v1.v:12223) [EFX-0200]
WARNING  : Removing redundant signal : io_cpu_prefetch_pc[26]. (/home/olle/efinity_p2/BRAM/ip/micro_risc_v1/micro_risc_v1.v:12223) [EFX-0200]
WARNING  : Removing redundant signal : io_cpu_prefetch_pc[25]. (/home/olle/efinity_p2/BRAM/ip/micro_risc_v1/micro_risc_v1.v:12223) [EFX-0200]
WARNING  : Removing redundant signal : io_cpu_prefetch_pc[24]. (/home/olle/efinity_p2/BRAM/ip/micro_risc_v1/micro_risc_v1.v:12223) [EFX-0200]
WARNING  : Removing redundant signal : io_cpu_prefetch_pc[23]. (/home/olle/efinity_p2/BRAM/ip/micro_risc_v1/micro_risc_v1.v:12223) [EFX-0200]
WARNING  : Removing redundant signal : io_cpu_prefetch_pc[22]. (/home/olle/efinity_p2/BRAM/ip/micro_risc_v1/micro_risc_v1.v:12223) [EFX-0200]
WARNING  : Removing redundant signal : io_cpu_prefetch_pc[21]. (/home/olle/efinity_p2/BRAM/ip/micro_risc_v1/micro_risc_v1.v:12223) [EFX-0200]
WARNING  : Removing redundant signal : io_cpu_prefetch_pc[20]. (/home/olle/efinity_p2/BRAM/ip/micro_risc_v1/micro_risc_v1.v:12223) [EFX-0200]
WARNING  : Removing redundant signal : io_cpu_prefetch_pc[19]. (/home/olle/efinity_p2/BRAM/ip/micro_risc_v1/micro_risc_v1.v:12223) [EFX-0200]
WARNING  : Removing redundant signal : io_cpu_prefetch_pc[18]. (/home/olle/efinity_p2/BRAM/ip/micro_risc_v1/micro_risc_v1.v:12223) [EFX-0200]
WARNING  : Removing redundant signal : io_cpu_prefetch_pc[17]. (/home/olle/efinity_p2/BRAM/ip/micro_risc_v1/micro_risc_v1.v:12223) [EFX-0200]
WARNING  : Removing redundant signal : io_cpu_prefetch_pc[16]. (/home/olle/efinity_p2/BRAM/ip/micro_risc_v1/micro_risc_v1.v:12223) [EFX-0200]
WARNING  : Removing redundant signal : io_cpu_prefetch_pc[15]. (/home/olle/efinity_p2/BRAM/ip/micro_risc_v1/micro_risc_v1.v:12223) [EFX-0200]
WARNING  : Removing redundant signal : io_cpu_prefetch_pc[14]. (/home/olle/efinity_p2/BRAM/ip/micro_risc_v1/micro_risc_v1.v:12223) [EFX-0200]
WARNING  : Removing redundant signal : io_cpu_prefetch_pc[13]. (/home/olle/efinity_p2/BRAM/ip/micro_risc_v1/micro_risc_v1.v:12223) [EFX-0200]
WARNING  : (The above message was generated too many times, subsequent similar messages will be muted.) [EFX-0200]
INFO     : ... Memory 'banks_0' is not initialized, assuming empty initial contents. (/home/olle/efinity_p2/BRAM/ip/micro_risc_v1/micro_risc_v1.v:12325) [EFX-0677]
INFO     : ... Memory 'ways_0_tags' is not initialized, assuming empty initial contents. (/home/olle/efinity_p2/BRAM/ip/micro_risc_v1/micro_risc_v1.v:12326) [EFX-0677]
INFO     : ... Memory 'ways_0_tags' is not initialized, assuming empty initial contents. (/home/olle/efinity_p2/BRAM/ip/micro_risc_v1/micro_risc_v1.v:11579) [EFX-0677]
INFO     : ... Memory 'ways_0_data_symbol0' is not initialized, assuming empty initial contents. (/home/olle/efinity_p2/BRAM/ip/micro_risc_v1/micro_risc_v1.v:11580) [EFX-0677]
INFO     : ... Memory 'ways_0_data_symbol1' is not initialized, assuming empty initial contents. (/home/olle/efinity_p2/BRAM/ip/micro_risc_v1/micro_risc_v1.v:11581) [EFX-0677]
INFO     : ... Memory 'ways_0_data_symbol2' is not initialized, assuming empty initial contents. (/home/olle/efinity_p2/BRAM/ip/micro_risc_v1/micro_risc_v1.v:11582) [EFX-0677]
INFO     : ... Memory 'ways_0_data_symbol3' is not initialized, assuming empty initial contents. (/home/olle/efinity_p2/BRAM/ip/micro_risc_v1/micro_risc_v1.v:11583) [EFX-0677]
WARNING  : Re-wiring to GND non-driven net 'IBusCachedPlugin_cache_io_cpu_fetch_isRemoved'. (/home/olle/efinity_p2/BRAM/ip/micro_risc_v1/micro_risc_v1.v:5832) [EFX-0201]
WARNING  : Re-wiring to GND non-driven net 'dataCache_1_io_cpu_writeBack_fence_SW'. (/home/olle/efinity_p2/BRAM/ip/micro_risc_v1/micro_risc_v1.v:5845) [EFX-0201]
WARNING  : Re-wiring to GND non-driven net 'dataCache_1_io_cpu_writeBack_fence_SR'. (/home/olle/efinity_p2/BRAM/ip/micro_risc_v1/micro_risc_v1.v:5846) [EFX-0201]
WARNING  : Re-wiring to GND non-driven net 'dataCache_1_io_cpu_writeBack_fence_SO'. (/home/olle/efinity_p2/BRAM/ip/micro_risc_v1/micro_risc_v1.v:5847) [EFX-0201]
WARNING  : Re-wiring to GND non-driven net 'dataCache_1_io_cpu_writeBack_fence_SI'. (/home/olle/efinity_p2/BRAM/ip/micro_risc_v1/micro_risc_v1.v:5848) [EFX-0201]
WARNING  : Re-wiring to GND non-driven net 'dataCache_1_io_cpu_writeBack_fence_PW'. (/home/olle/efinity_p2/BRAM/ip/micro_risc_v1/micro_risc_v1.v:5849) [EFX-0201]
WARNING  : Re-wiring to GND non-driven net 'dataCache_1_io_cpu_writeBack_fence_PR'. (/home/olle/efinity_p2/BRAM/ip/micro_risc_v1/micro_risc_v1.v:5850) [EFX-0201]
WARNING  : Re-wiring to GND non-driven net 'dataCache_1_io_cpu_writeBack_fence_PO'. (/home/olle/efinity_p2/BRAM/ip/micro_risc_v1/micro_risc_v1.v:5851) [EFX-0201]
WARNING  : Re-wiring to GND non-driven net 'dataCache_1_io_cpu_writeBack_fence_PI'. (/home/olle/efinity_p2/BRAM/ip/micro_risc_v1/micro_risc_v1.v:5852) [EFX-0201]
WARNING  : Re-wiring to GND non-driven net 'dataCache_1_io_cpu_writeBack_fence_FM[3]'. (/home/olle/efinity_p2/BRAM/ip/micro_risc_v1/micro_risc_v1.v:5853) [EFX-0201]
WARNING  : (The above message was generated too many times, subsequent similar messages will be muted.) [EFX-0201]

INFO     : ... Memory 'RegFilePlugin_regFile' is not initialized, assuming empty initial contents. (/home/olle/efinity_p2/BRAM/ip/micro_risc_v1/micro_risc_v1.v:6995) [EFX-0677]
INFO     : ... Memory 'logic_progbufX_mem' is not initialized, assuming empty initial contents. (/home/olle/efinity_p2/BRAM/ip/micro_risc_v1/micro_risc_v1.v:4949) [EFX-0677]
INFO     : Module Instance 'memory_arbiter' input pin 'io_inputs_0_payload_fragment_source[0]' is tied to constant (=0). [EFX-0266]
INFO     : Module Instance 'memory_arbiter' input pin 'io_inputs_1_payload_fragment_source[0]' is tied to constant (=0). [EFX-0266]
INFO     : Module Instance 'memory_arbiter' input pin 'io_inputs_1_payload_fragment_context[0]' is tied to constant (=0). [EFX-0266]
INFO     : Module Instance 'tx' input pin 'io_cts' is tied to constant (=0). [EFX-0266]
INFO     : ... Memory 'logic_ram' is not initialized, assuming empty initial contents. (/home/olle/efinity_p2/BRAM/ip/micro_risc_v1/micro_risc_v1.v:10857) [EFX-0677]
INFO     : Module Instance 'bridge_write_streamUnbuffered_queueWithOccupancy' input pin 'io_flush' is tied to constant (=0). [EFX-0266]
INFO     : Module Instance 'uartCtrl_1_io_read_queueWithOccupancy' input pin 'io_flush' is tied to constant (=0). [EFX-0266]
INFO     : Module Instance 'system_bridge_bmb_arbiter' input pin 'io_inputs_1_cmd_payload_fragment_data[0]' is tied to constant (=0). [EFX-0266]
INFO     : Module Instance 'system_bridge_bmb_arbiter' input pin 'io_inputs_1_cmd_payload_fragment_data[1]' is tied to constant (=0). [EFX-0266]
INFO     : Module Instance 'system_bridge_bmb_arbiter' input pin 'io_inputs_1_cmd_payload_fragment_data[2]' is tied to constant (=0). [EFX-0266]
INFO     : Module Instance 'system_bridge_bmb_arbiter' input pin 'io_inputs_1_cmd_payload_fragment_data[3]' is tied to constant (=0). [EFX-0266]
INFO     : Module Instance 'system_bridge_bmb_arbiter' input pin 'io_inputs_1_cmd_payload_fragment_data[4]' is tied to constant (=0). [EFX-0266]
INFO     : Module Instance 'system_bridge_bmb_arbiter' input pin 'io_inputs_1_cmd_payload_fragment_data[5]' is tied to constant (=0). [EFX-0266]
INFO     : Module Instance 'system_bridge_bmb_arbiter' input pin 'io_inputs_1_cmd_payload_fragment_data[6]' is tied to constant (=0). [EFX-0266]
INFO     : Module Instance 'system_bridge_bmb_arbiter' input pin 'io_inputs_1_cmd_payload_fragment_data[7]' is tied to constant (=0). [EFX-0266]
INFO     : Module Instance 'system_bridge_bmb_arbiter' input pin 'io_inputs_1_cmd_payload_fragment_data[8]' is tied to constant (=0). [EFX-0266]
INFO     : Module Instance 'system_bridge_bmb_arbiter' input pin 'io_inputs_1_cmd_payload_fragment_data[9]' is tied to constant (=0). [EFX-0266]
INFO     : Module Instance 'system_bridge_bmb_arbiter' input pin 'io_inputs_1_cmd_payload_fragment_data[10]' is tied to constant (=0). [EFX-0266]
INFO     : Module Instance 'system_bridge_bmb_arbiter' input pin 'io_inputs_1_cmd_payload_fragment_data[11]' is tied to constant (=0). [EFX-0266]
INFO     : Module Instance 'system_bridge_bmb_arbiter' input pin 'io_inputs_1_cmd_payload_fragment_data[12]' is tied to constant (=0). [EFX-0266]
INFO     : Module Instance 'system_bridge_bmb_arbiter' input pin 'io_inputs_1_cmd_payload_fragment_data[13]' is tied to constant (=0). [EFX-0266]
INFO     : Module Instance 'system_bridge_bmb_arbiter' input pin 'io_inputs_1_cmd_payload_fragment_data[14]' is tied to constant (=0). [EFX-0266]
INFO     : Module Instance 'system_bridge_bmb_arbiter' input pin 'io_inputs_1_cmd_payload_fragment_data[15]' is tied to constant (=0). [EFX-0266]
INFO     : Module Instance 'system_bridge_bmb_arbiter' input pin 'io_inputs_1_cmd_payload_fragment_data[16]' is tied to constant (=0). [EFX-0266]
INFO     : Module Instance 'system_bridge_bmb_arbiter' input pin 'io_inputs_1_cmd_payload_fragment_data[17]' is tied to constant (=0). [EFX-0266]
INFO     : Module Instance 'system_bridge_bmb_arbiter' input pin 'io_inputs_1_cmd_payload_fragment_data[18]' is tied to constant (=0). [EFX-0266]
INFO     : Module Instance 'system_bridge_bmb_arbiter' input pin 'io_inputs_1_cmd_payload_fragment_data[19]' is tied to constant (=0). [EFX-0266]
INFO     : Module Instance 'system_bridge_bmb_arbiter' input pin 'io_inputs_1_cmd_payload_fragment_data[20]' is tied to constant (=0). [EFX-0266]
INFO     : Module Instance 'system_bridge_bmb_arbiter' input pin 'io_inputs_1_cmd_payload_fragment_data[21]' is tied to constant (=0). [EFX-0266]
INFO     : Module Instance 'system_bridge_bmb_arbiter' input pin 'io_inputs_1_cmd_payload_fragment_data[22]' is tied to constant (=0). [EFX-0266]
INFO     : Module Instance 'system_bridge_bmb_arbiter' input pin 'io_inputs_1_cmd_payload_fragment_data[23]' is tied to constant (=0). [EFX-0266]
INFO     : Module Instance 'system_bridge_bmb_arbiter' input pin 'io_inputs_1_cmd_payload_fragment_data[24]' is tied to constant (=0). [EFX-0266]
INFO     : Module Instance 'system_bridge_bmb_arbiter' input pin 'io_inputs_1_cmd_payload_fragment_data[25]' is tied to constant (=0). [EFX-0266]
INFO     : Module Instance 'system_bridge_bmb_arbiter' input pin 'io_inputs_1_cmd_payload_fragment_data[26]' is tied to constant (=0). [EFX-0266]
INFO     : Module Instance 'system_bridge_bmb_arbiter' input pin 'io_inputs_1_cmd_payload_fragment_data[27]' is tied to constant (=0). [EFX-0266]
INFO     : Module Instance 'system_bridge_bmb_arbiter' input pin 'io_inputs_1_cmd_payload_fragment_data[28]' is tied to constant (=0). [EFX-0266]
INFO     : Module Instance 'system_bridge_bmb_arbiter' input pin 'io_inputs_1_cmd_payload_fragment_data[29]' is tied to constant (=0). [EFX-0266]
INFO     : Module Instance 'system_bridge_bmb_arbiter' input pin 'io_inputs_1_cmd_payload_fragment_data[30]' is tied to constant (=0). [EFX-0266]
INFO     : Module Instance 'system_bridge_bmb_arbiter' input pin 'io_inputs_1_cmd_payload_fragment_data[31]' is tied to constant (=0). [EFX-0266]
INFO     : Module Instance 'system_bridge_bmb_arbiter' input pin 'io_inputs_1_cmd_payload_fragment_mask[0]' is tied to constant (=0). [EFX-0266]
INFO     : Module Instance 'system_bridge_bmb_arbiter' input pin 'io_inputs_1_cmd_payload_fragment_mask[1]' is tied to constant (=0). [EFX-0266]
INFO     : Module Instance 'system_bridge_bmb_arbiter' input pin 'io_inputs_1_cmd_payload_fragment_mask[2]' is tied to constant (=0). [EFX-0266]
INFO     : Module Instance 'system_bridge_bmb_arbiter' input pin 'io_inputs_1_cmd_payload_fragment_mask[3]' is tied to constant (=0). [EFX-0266]

INFO     : Module Instance 'u_micro_risc_v1' input pin 'jtagCtrl_enable' is tied to constant (=1). [EFX-0266]
INFO     : ... Pre-synthesis checks end (Real time : 0s CPU user time : 1s CPU sys time : 0s MEM : 365900KB)
INFO     : ... NameSpace init begin
INFO     : ... NameSpace init end (Real time : 0s CPU user time : 1s CPU sys time : 0s MEM : 365900KB)
INFO     : ... Mapping design "top_level"
INFO     : ... Hierarchical pre-synthesis "InstructionCache_2fa2c88f3c1f4868ba7cd09620d007ba" begin

INFO     : ... Hierarchical pre-synthesis "InstructionCache_2fa2c88f3c1f4868ba7cd09620d007ba" end (Real time : 0s CPU user time : 1s CPU sys time : 0s MEM : 365900KB)
INFO     : ... Hierarchical pre-synthesis "DataCache_2fa2c88f3c1f4868ba7cd09620d007ba" begin
INFO     : ... Hierarchical pre-synthesis "DataCache_2fa2c88f3c1f4868ba7cd09620d007ba" end (Real time : 0s CPU user time : 1s CPU sys time : 0s MEM : 365900KB)
INFO     : ... Hierarchical pre-synthesis "BufferCC_2fa2c88f3c1f4868ba7cd09620d007ba" begin
INFO     : ... Hierarchical pre-synthesis "BufferCC_2fa2c88f3c1f4868ba7cd09620d007ba" end (Real time : 0s CPU user time : 1s CPU sys time : 0s MEM : 365900KB)
INFO     : ... Hierarchical pre-synthesis "EfxCPUSp1_2fa2c88f3c1f4868ba7cd09620d007ba" begin

INFO     : ... Hierarchical pre-synthesis "EfxCPUSp1_2fa2c88f3c1f4868ba7cd09620d007ba" end (Real time : 0s CPU user time : 1s CPU sys time : 0s MEM : 365900KB)
INFO     : ... Hierarchical pre-synthesis "VexRiscv_2fa2c88f3c1f4868ba7cd09620d007ba" begin

INFO     : ... Hierarchical pre-synthesis "VexRiscv_2fa2c88f3c1f4868ba7cd09620d007ba" end (Real time : 0s CPU user time : 1s CPU sys time : 0s MEM : 365900KB)
INFO     : ... Hierarchical pre-synthesis "DebugModule_2fa2c88f3c1f4868ba7cd09620d007ba" begin

INFO     : ... Hierarchical pre-synthesis "DebugModule_2fa2c88f3c1f4868ba7cd09620d007ba" end (Real time : 0s CPU user time : 1s CPU sys time : 0s MEM : 365900KB)
INFO     : ... Hierarchical pre-synthesis "BufferCC_5_2fa2c88f3c1f4868ba7cd09620d007ba" begin
INFO     : ... Hierarchical pre-synthesis "BufferCC_5_2fa2c88f3c1f4868ba7cd09620d007ba" end (Real time : 0s CPU user time : 1s CPU sys time : 0s MEM : 365900KB)
INFO     : ... Hierarchical pre-synthesis "BufferCC_6_2fa2c88f3c1f4868ba7cd09620d007ba" begin
INFO     : ... Hierarchical pre-synthesis "BufferCC_6_2fa2c88f3c1f4868ba7cd09620d007ba" end (Real time : 0s CPU user time : 1s CPU sys time : 0s MEM : 365900KB)
INFO     : ... Hierarchical pre-synthesis "BufferCC_8_2fa2c88f3c1f4868ba7cd09620d007ba" begin
INFO     : ... Hierarchical pre-synthesis "BufferCC_8_2fa2c88f3c1f4868ba7cd09620d007ba" end (Real time : 0s CPU user time : 1s CPU sys time : 0s MEM : 365900KB)
INFO     : ... Hierarchical pre-synthesis "BufferCC_1_2fa2c88f3c1f4868ba7cd09620d007ba" begin
INFO     : ... Hierarchical pre-synthesis "BufferCC_1_2fa2c88f3c1f4868ba7cd09620d007ba" end (Real time : 0s CPU user time : 1s CPU sys time : 0s MEM : 365900KB)
INFO     : ... Hierarchical pre-synthesis "FlowCCByToggle_2fa2c88f3c1f4868ba7cd09620d007ba" begin

INFO     : ... Hierarchical pre-synthesis "FlowCCByToggle_2fa2c88f3c1f4868ba7cd09620d007ba" end (Real time : 0s CPU user time : 1s CPU sys time : 0s MEM : 365900KB)
INFO     : ... Hierarchical pre-synthesis "BufferCC_2_2fa2c88f3c1f4868ba7cd09620d007ba" begin
INFO     : ... Hierarchical pre-synthesis "BufferCC_2_2fa2c88f3c1f4868ba7cd09620d007ba" end (Real time : 0s CPU user time : 1s CPU sys time : 0s MEM : 365900KB)
INFO     : ... Hierarchical pre-synthesis "BufferCC_3_2fa2c88f3c1f4868ba7cd09620d007ba" begin
INFO     : ... Hierarchical pre-synthesis "BufferCC_3_2fa2c88f3c1f4868ba7cd09620d007ba" end (Real time : 0s CPU user time : 1s CPU sys time : 0s MEM : 365900KB)
INFO     : ... Hierarchical pre-synthesis "FlowCCByToggle_1_2fa2c88f3c1f4868ba7cd09620d007ba" begin
INFO     : ... Hierarchical pre-synthesis "FlowCCByToggle_1_2fa2c88f3c1f4868ba7cd09620d007ba" end (Real time : 0s CPU user time : 1s CPU sys time : 0s MEM : 365900KB)
INFO     : ... Hierarchical pre-synthesis "DebugTransportModuleTunneled_2fa2c88f3c1f4868ba7cd09620d007ba" begin

INFO     : ... Hierarchical pre-synthesis "DebugTransportModuleTunneled_2fa2c88f3c1f4868ba7cd09620d007ba" end (Real time : 0s CPU user time : 1s CPU sys time : 0s MEM : 365900KB)
INFO     : ... Hierarchical pre-synthesis "BmbDecoder_2fa2c88f3c1f4868ba7cd09620d007ba" begin
INFO     : ... Hierarchical pre-synthesis "BmbDecoder_2fa2c88f3c1f4868ba7cd09620d007ba" end (Real time : 0s CPU user time : 1s CPU sys time : 0s MEM : 365900KB)
INFO     : ... Hierarchical pre-synthesis "StreamArbiter_2fa2c88f3c1f4868ba7cd09620d007ba" begin
INFO     : ... Hierarchical pre-synthesis "StreamArbiter_2fa2c88f3c1f4868ba7cd09620d007ba" end (Real time : 0s CPU user time : 1s CPU sys time : 0s MEM : 365900KB)
INFO     : ... Hierarchical pre-synthesis "BmbArbiter_2fa2c88f3c1f4868ba7cd09620d007ba" begin
INFO     : ... Hierarchical pre-synthesis "BmbArbiter_2fa2c88f3c1f4868ba7cd09620d007ba" end (Real time : 0s CPU user time : 1s CPU sys time : 0s MEM : 365900KB)
INFO     : ... Hierarchical pre-synthesis "BmbDecoder_1_2fa2c88f3c1f4868ba7cd09620d007ba" begin

INFO     : ... Hierarchical pre-synthesis "BmbDecoder_1_2fa2c88f3c1f4868ba7cd09620d007ba" end (Real time : 0s CPU user time : 1s CPU sys time : 0s MEM : 365900KB)
INFO     : ... Hierarchical pre-synthesis "BmbOnChipRam_2fa2c88f3c1f4868ba7cd09620d007ba" begin
INFO     : ... Hierarchical pre-synthesis "BmbOnChipRam_2fa2c88f3c1f4868ba7cd09620d007ba" end (Real time : 0s CPU user time : 1s CPU sys time : 0s MEM : 365900KB)
INFO     : ... Hierarchical pre-synthesis "BmbUnburstify_2fa2c88f3c1f4868ba7cd09620d007ba" begin
INFO     : ... Hierarchical pre-synthesis "BmbUnburstify_2fa2c88f3c1f4868ba7cd09620d007ba" end (Real time : 0s CPU user time : 1s CPU sys time : 0s MEM : 365900KB)
INFO     : ... Hierarchical pre-synthesis "BmbDecoder_2_2fa2c88f3c1f4868ba7cd09620d007ba" begin

INFO     : ... Hierarchical pre-synthesis "BmbDecoder_2_2fa2c88f3c1f4868ba7cd09620d007ba" end (Real time : 0s CPU user time : 1s CPU sys time : 0s MEM : 365900KB)
INFO     : ... Hierarchical pre-synthesis "BmbClint_2fa2c88f3c1f4868ba7cd09620d007ba" begin

INFO     : ... Hierarchical pre-synthesis "BmbClint_2fa2c88f3c1f4868ba7cd09620d007ba" end (Real time : 0s CPU user time : 1s CPU sys time : 0s MEM : 365900KB)
INFO     : ... Hierarchical pre-synthesis "UartCtrlTx_2fa2c88f3c1f4868ba7cd09620d007ba" begin
INFO     : ... Hierarchical pre-synthesis "UartCtrlTx_2fa2c88f3c1f4868ba7cd09620d007ba" end (Real time : 0s CPU user time : 1s CPU sys time : 0s MEM : 365900KB)
INFO     : ... Hierarchical pre-synthesis "BufferCC_4_2fa2c88f3c1f4868ba7cd09620d007ba" begin
INFO     : ... Hierarchical pre-synthesis "BufferCC_4_2fa2c88f3c1f4868ba7cd09620d007ba" end (Real time : 0s CPU user time : 1s CPU sys time : 0s MEM : 365900KB)
INFO     : ... Hierarchical pre-synthesis "UartCtrlRx_2fa2c88f3c1f4868ba7cd09620d007ba" begin

INFO     : ... Hierarchical pre-synthesis "UartCtrlRx_2fa2c88f3c1f4868ba7cd09620d007ba" end (Real time : 0s CPU user time : 1s CPU sys time : 0s MEM : 365900KB)
INFO     : ... Hierarchical pre-synthesis "UartCtrl_2fa2c88f3c1f4868ba7cd09620d007ba" begin

INFO     : ... Hierarchical pre-synthesis "UartCtrl_2fa2c88f3c1f4868ba7cd09620d007ba" end (Real time : 0s CPU user time : 1s CPU sys time : 0s MEM : 365900KB)
INFO     : ... Hierarchical pre-synthesis "StreamFifo_2fa2c88f3c1f4868ba7cd09620d007ba" begin
INFO     : ... Hierarchical pre-synthesis "StreamFifo_2fa2c88f3c1f4868ba7cd09620d007ba" end (Real time : 0s CPU user time : 1s CPU sys time : 0s MEM : 365900KB)
INFO     : ... Hierarchical pre-synthesis "BmbUartCtrl_2fa2c88f3c1f4868ba7cd09620d007ba" begin

INFO     : ... Hierarchical pre-synthesis "BmbUartCtrl_2fa2c88f3c1f4868ba7cd09620d007ba" end (Real time : 0s CPU user time : 1s CPU sys time : 0s MEM : 365900KB)
INFO     : ... Hierarchical pre-synthesis "BmbGpio2_2fa2c88f3c1f4868ba7cd09620d007ba" begin
INFO     : ... Hierarchical pre-synthesis "BmbGpio2_2fa2c88f3c1f4868ba7cd09620d007ba" end (Real time : 0s CPU user time : 1s CPU sys time : 0s MEM : 365900KB)
INFO     : ... Hierarchical pre-synthesis "EfxSapphireSoc_2fa2c88f3c1f4868ba7cd09620d007ba" begin

INFO     : ... Hierarchical pre-synthesis "EfxSapphireSoc_2fa2c88f3c1f4868ba7cd09620d007ba" end (Real time : 1s CPU user time : 2s CPU sys time : 0s MEM : 365900KB)
INFO     : ... Hierarchical pre-synthesis "micro_risc_v1" begin

INFO     : ... Hierarchical pre-synthesis "micro_risc_v1" end (Real time : 1s CPU user time : 3s CPU sys time : 0s MEM : 365900KB)
INFO     : ... Hierarchical pre-synthesis "mdio_clause22" begin

INFO     : ... Hierarchical pre-synthesis "mdio_clause22" end (Real time : 0s CPU user time : 3s CPU sys time : 0s MEM : 365900KB)
INFO     : ... Hierarchical pre-synthesis "eth_dp83825_udp" begin

INFO     : ... Hierarchical pre-synthesis "eth_dp83825_udp" end (Real time : 0s CPU user time : 3s CPU sys time : 0s MEM : 365900KB)
INFO     : ... Hierarchical pre-synthesis "edb_top" begin

INFO     : ... Hierarchical pre-synthesis "edb_top" end (Real time : 0s CPU user time : 3s CPU sys time : 0s MEM : 365900KB)
INFO     : ... Hierarchical pre-synthesis "top_level" begin

WARNING  : Mapping into logic memory block 'u_micro_risc_v1/u_EfxSapphireSoc/system_riscvJtag_debug_logic_dm/logic_progbufX_mem' (64 bits) (/home/olle/efinity_p2/BRAM/ip/micro_risc_v1/micro_risc_v1.v:4949) because size is too small (<=64) [EFX-0657]

INFO     : ... Clock Enable Synthesis Performed on 377 flops.

INFO     : ... Hierarchical pre-synthesis "top_level" end (Real time : 1s CPU user time : 4s CPU sys time : 0s MEM : 365900KB)

INFO     : ... Flat optimizations begin

INFO     : ... Flat optimizations end (Real time : 0s CPU user time : 5s CPU sys time : 0s MEM : 365900KB)

INFO     : ... Flat synthesis begin

INFO     : ... Flat synthesis end (Real time : 0s CPU user time : 5s CPU sys time : 0s MEM : 365900KB)

INFO     : ... Flat optimizations begin

INFO     : ... Flat optimizations end (Real time : 0s CPU user time : 5s CPU sys time : 0s MEM : 365900KB)

INFO     : ... Check and break combinational loops begin

INFO     : ... Check and break combinational loops end (Real time : 0s CPU user time : 5s CPU sys time : 0s MEM : 365900KB)

INFO     : ... Sequential Optimization begin

INFO     : ... Clock Network 'pll_clk' with 2314 loads will be considered for sequential optimization.

INFO     : ... Clock Network 'clk' with 2124 loads will be considered for sequential optimization.

INFO     : ... Clock Network 'jtag_inst1_TCK' with 1346 loads will be considered for sequential optimization.

INFO     : ... Clock Network 'jtag_dummy_TCK' with 221 loads will be considered for sequential optimization.

INFO     : ... Sequential Optimization deduced 1012 equivalent points.

INFO     : ... Sequential Optimization end (Real time : 24s CPU user time : 30s CPU sys time : 0s MEM : 365900KB)

INFO     : ... Setup for logic synthesis begin

INFO     : ... Setup for logic synthesis end (Real time : 0s CPU user time : 30s CPU sys time : 0s MEM : 365900KB)
INFO     : ... LUT mapping begin

INFO     : ... LS, strategy: 3, nd: 3201, ed: 10445, lv: 7, pw: 9197.92
INFO     : ... LUT mapping end (Real time : 13s CPU user time : 45s CPU sys time : 0s MEM : 365900KB)
INFO     : ... Post-synthesis Verific netlist creation begin

INFO     : ... Post-synthesis Verific netlist creation end (Real time : 0s CPU user time : 45s CPU sys time : 0s MEM : 365900KB)

INFO     : ... Postmap Retiming Optimization begin

INFO     : ... Clock Network 'pll_clk~pll_clk' with 2301 loads will be considered for retiming optimization.

INFO     : ... Clock Network 'clk~clk' with 1701 loads will be considered for retiming optimization.

INFO     : ... Clock Network 'jtag_inst1_TCK~jtag_inst1_TCK' with 1346 loads will be considered for retiming optimization.

INFO     : ... Clock Network 'jtag_dummy_TCK~jtag_dummy_TCK' with 220 loads will be considered for retiming optimization.

INFO     : ... Performed 0 retime moves.
INFO     : ... Postmap Retiming Optimization end (Real time : 21s CPU user time : 66s CPU sys time : 0s MEM : 365900KB)

INFO     : ***** Beginning VDB Netlist Checker ... *****
WARNING  : /home/olle/efinity_p2/BRAM/top_level.vhd(11): Input/inout port phy_intr_n is unconnected and will be removed. [VDB-8003]
WARNING  : /home/olle/efinity_p2/BRAM/top_level.vhd(16): Input/inout port rmii_crs_dv is unconnected and will be removed. [VDB-8003]
WARNING  : /home/olle/efinity_p2/BRAM/top_level.vhd(17): Input/inout port rmii_rx_er is unconnected and will be removed. [VDB-8003]
WARNING  : /home/olle/efinity_p2/BRAM/top_level.vhd(18): Input/inout port rmii_rxd[1] is unconnected and will be removed. [VDB-8003]
WARNING  : /home/olle/efinity_p2/BRAM/top_level.vhd(29): Input/inout port jtag_dummy_TMS is unconnected and will be removed. [VDB-8003]
WARNING  : /home/olle/efinity_p2/BRAM/top_level.vhd(30): Input/inout port jtag_dummy_SEL is unconnected and will be removed. [VDB-8003]
WARNING  : /home/olle/efinity_p2/BRAM/top_level.vhd(31): Input/inout port jtag_dummy_DRCK is unconnected and will be removed. [VDB-8003]
WARNING  : /home/olle/efinity_p2/BRAM/top_level.vhd(33): Input/inout port jtag_dummy_RUNTEST is unconnected and will be removed. [VDB-8003]
WARNING  : Input/inout port jtag_inst1_DRCK is unconnected and will be removed. [VDB-8003]
WARNING  : Input/inout port jtag_inst1_RUNTEST is unconnected and will be removed. [VDB-8003]
WARNING  : Input/inout port jtag_inst1_TMS is unconnected and will be removed. [VDB-8003]

WARNING  : Net u_micro_risc_v1/u_EfxSapphireSoc/system_cores_0_logic_cpu/IBusCachedPlugin_cache/lineLoader_address[0] is dangling. [VDB-8009]
WARNING  : Net u_micro_risc_v1/u_EfxSapphireSoc/system_cores_0_logic_cpu/IBusCachedPlugin_cache/lineLoader_address[1] is dangling. [VDB-8009]
WARNING  : Net u_micro_risc_v1/u_EfxSapphireSoc/system_cores_0_logic_cpu/IBusCachedPlugin_cache/lineLoader_address[2] is dangling. [VDB-8009]
WARNING  : Net u_micro_risc_v1/u_EfxSapphireSoc/system_cores_0_logic_cpu/IBusCachedPlugin_cache/lineLoader_address[3] is dangling. [VDB-8009]
WARNING  : Net u_micro_risc_v1/u_EfxSapphireSoc/system_cores_0_logic_cpu/IBusCachedPlugin_cache/lineLoader_address[4] is dangling. [VDB-8009]
WARNING  : Net u_micro_risc_v1/u_EfxSapphireSoc/system_cores_0_logic_cpu/IBusCachedPlugin_cache/lineLoader_address[5] is dangling. [VDB-8009]

WARNING  : Found 18 warnings in the post-synthesis netlist.
INFO     : VDB Netlist Checker took 0.0422298 seconds.
INFO     : 	VDB Netlist Checker took 0.07 seconds (approximately) in total CPU time.
INFO     : VDB Netlist Checker virtual memory usage: begin = 335.452 MB, end = 335.452 MB, delta = 0 MB
INFO     : VDB Netlist Checker resident set memory usage: begin = 244.244 MB, end = 244.372 MB, delta = 0.128 MB
INFO     : 	VDB Netlist Checker peak resident set memory usage = 365.9 MB
INFO     : ***** Ending VDB Netlist Checker ... *****

INFO     : Resource Summary 
INFO     : =============================== 
INFO     : EFX_ADD         : 	496
INFO     : EFX_LUT4        : 	6245
INFO     : EFX_FF          : 	5568
INFO     : EFX_RAM_5K      : 	77
INFO     : EFX_GBUFCE      : 	4
INFO     : =============================== 
INFO     : ... Post-Map Verilog Writer begin
INFO     : Writing netlist 'top_level' to Verilog file '/home/olle/efinity_p2/BRAM/work_dbg/BRAM.dbg.map.v' [VDB-1030]

INFO     : ... Post-Map Verilog Writer end (Real time : 0s CPU user time : 67s CPU sys time : 0s MEM : 365900KB)

INFO     : The entire flow of EFX_MAP took 63.8801 seconds.
INFO     : 	The entire flow of EFX_MAP took 67.82 seconds (approximately) in total CPU time.
INFO     : The entire flow of EFX_MAP virtual memory usage: begin = 88.404 MB, end = 335.452 MB, delta = 247.048 MB
INFO     : The entire flow of EFX_MAP resident set memory usage: begin = 27.392 MB, end = 244.372 MB, delta = 216.98 MB
INFO     : 	The entire flow of EFX_MAP peak resident set memory usage = 365.9 MB

Fri August 15 25 21:33:06 - /home/olle/efinix/efinity/2025.1/bin/efx_map finished. Exit code = 0 Exit status : Normal

Debugger Step Merge User design with Debugger Cores. Done

--------------------------------------------------------------

--------------------------------------------------------------

Start Debugger Step Instantiate Jtag.

Fri August 15 25 21:33:06 - /home/olle/efinix/efinity/2025.1/bin/python3  "/home/olle/efinix/efinity/2025.1/scripts/efx_pt_jtag_util.py" --device "T20F169" --project "BRAM" --design_file "/home/olle/efinity_p2/BRAM/BRAM.peri.xml" --action "add" --jtag_user "JTAG_USER1" --output "/home/olle/efinity_p2/BRAM/BRAM.dbg.peri.xml"

Fri August 15 25 21:33:06 - Running /home/olle/efinix/efinity/2025.1/bin/python3...

Save db version: 20251999


== Load a design from file /home/olle/efinity_p2/BRAM/BRAM.peri.xml
INFO: Load design...
INFO: Periphery design is in sync with Efinity project
INFO: Load design...done.

== Create JTAG with default setting and pin name

== Assign JTAG_USER1 resource to new jtag
INFO: Check design...
INFO: Check design...done.

== Save Design to file: /home/olle/efinity_p2/BRAM/BRAM.dbg.peri.xml
INFO: Save as design...
INFO: Save as design...done.

Fri August 15 25 21:33:09 - /home/olle/efinix/efinity/2025.1/bin/python3 finished. Exit code = 0 Exit status : Normal

Debugger Step Instantiate Jtag. Done

--------------------------------------------------------------

Debugger Step Instantiate Jtag. Done

Fri August 15 25 21:33:09 - End Debugger Flow



-------------------------------------------------------------------------

Placement and Routing

-------------------------------------------------------------------------

Fri August 15 25 21:33:09 - Placement and routing flow working directory is /home/olle/efinity_p2/BRAM/work_pnr


INFO     : --max_threads set to 4 

Fri August 15 25 21:33:10 - /home/olle/efinix/efinity/2025.1/bin/python3  "/home/olle/efinix/efinity/2025.1/scripts/efx_run_pt_unified.py"  "BRAM.dbg"  "Trion"  "T20F169"

Fri August 15 25 21:33:10 - Running /home/olle/efinix/efinity/2025.1/bin/python3...

Load design file BRAM.dbg.peri.xml
Writing out summary report file
Writing out pinout file
Writing out interface config file
Writing out timing related file
Writing out verilog template file
Writing out option register file
Writing out boundary scan description file
Writing out LPF

Fri August 15 25 21:33:14 - /home/olle/efinix/efinity/2025.1/bin/python3 finished. Exit code = 0 Exit status : Normal

Fri August 15 25 21:33:14 - /home/olle/efinix/efinity/2025.1/bin/efx_pnr --circuit "BRAM" --family "Trion" --device "T20F169" --operating_conditions "C3" --pack --place --route --vdb_file "/home/olle/efinity_p2/BRAM/outflow/BRAM.dbg.vdb" --use_vdb_file "on" --place_file "/home/olle/efinity_p2/BRAM/outflow/BRAM.place" --route_file "/home/olle/efinity_p2/BRAM/outflow/BRAM.route" --sdc_file "/home/olle/efinity_p2/BRAM/const1.sdc" --sync_file "/home/olle/efinity_p2/BRAM/outflow/BRAM.interface.csv" --seed "1" --placer_effort_level "2" --max_threads "-1" --print_critical_path "10" --work_dir "/home/olle/efinity_p2/BRAM/work_pnr" --output_dir "/home/olle/efinity_p2/BRAM/outflow" --timing_analysis "on" --load_delay_matrix

Fri August 15 25 21:33:14 - Running /home/olle/efinix/efinity/2025.1/bin/efx_pnr...

INFO     : --max_threads set to 4 


           

           Efinix FPGA Placement and Routing.

           Version: 2025.1.110.2.15 

           Compiled: Jun 21 2025.

           

           Copyright (C) 2013 - 2025 Efinix, Inc. All rights reserved.


           

           The Tool Is Based on VPR of University of Toronto,

           a free open source code under MIT license.

           

           

INFO     : Running Placement and Routing for Family "Trion", Device "T20F169" ...


           

           ***** Beginning stage netlist pre-processing ... *****

INFO     : Successfully Read in Verific binary Netlist dump file "/home/olle/efinity_p2/BRAM/outflow/BRAM.dbg.vdb".


INFO     : ***** Beginning VDB Netlist Checker ... *****


WARNING  : /home/olle/efinity_p2/BRAM/top_level.vhd(11): Input/inout port phy_intr_n is unconnected and will be removed. [VDB-8003]


WARNING  : /home/olle/efinity_p2/BRAM/top_level.vhd(16): Input/inout port rmii_crs_dv is unconnected and will be removed. [VDB-8003]


WARNING  : /home/olle/efinity_p2/BRAM/top_level.vhd(17): Input/inout port rmii_rx_er is unconnected and will be removed. [VDB-8003]


WARNING  : /home/olle/efinity_p2/BRAM/top_level.vhd(18): Input/inout port rmii_rxd[1] is unconnected and will be removed. [VDB-8003]


WARNING  : /home/olle/efinity_p2/BRAM/top_level.vhd(29): Input/inout port jtag_dummy_TMS is unconnected and will be removed. [VDB-8003]


WARNING  : /home/olle/efinity_p2/BRAM/top_level.vhd(30): Input/inout port jtag_dummy_SEL is unconnected and will be removed. [VDB-8003]


WARNING  : /home/olle/efinity_p2/BRAM/top_level.vhd(31): Input/inout port jtag_dummy_DRCK is unconnected and will be removed. [VDB-8003]


WARNING  : /home/olle/efinity_p2/BRAM/top_level.vhd(33): Input/inout port jtag_dummy_RUNTEST is unconnected and will be removed. [VDB-8003]


WARNING  : Input/inout port jtag_inst1_DRCK is unconnected and will be removed. [VDB-8003]


WARNING  : Input/inout port jtag_inst1_RUNTEST is unconnected and will be removed. [VDB-8003]


WARNING  : Input/inout port jtag_inst1_TMS is unconnected and will be removed. [VDB-8003]


WARNING  : Net u_micro_risc_v1/u_EfxSapphireSoc/system_cores_0_logic_cpu/IBusCachedPlugin_cache/lineLoader_address[0] is dangling. [VDB-8009]


WARNING  : Net u_micro_risc_v1/u_EfxSapphireSoc/system_cores_0_logic_cpu/IBusCachedPlugin_cache/lineLoader_address[1] is dangling. [VDB-8009]


WARNING  : Net u_micro_risc_v1/u_EfxSapphireSoc/system_cores_0_logic_cpu/IBusCachedPlugin_cache/lineLoader_address[2] is dangling. [VDB-8009]


WARNING  : Net u_micro_risc_v1/u_EfxSapphireSoc/system_cores_0_logic_cpu/IBusCachedPlugin_cache/lineLoader_address[3] is dangling. [VDB-8009]


WARNING  : Net u_micro_risc_v1/u_EfxSapphireSoc/system_cores_0_logic_cpu/IBusCachedPlugin_cache/lineLoader_address[4] is dangling. [VDB-8009]


WARNING  : Net u_micro_risc_v1/u_EfxSapphireSoc/system_cores_0_logic_cpu/IBusCachedPlugin_cache/lineLoader_address[5] is dangling. [VDB-8009]


WARNING  : Found 18 warnings in the post-synthesis netlist.


INFO     : VDB Netlist Checker took 0.0293915 seconds.


INFO     : 	VDB Netlist Checker took 0.06 seconds (approximately) in total CPU time.


INFO     : VDB Netlist Checker virtual memory usage: begin = 228.66 MB, end = 245.072 MB, delta = 16.412 MB


INFO     : VDB Netlist Checker resident set memory usage: begin = 119.68 MB, end = 120.32 MB, delta = 0.64 MB


INFO     : 	VDB Netlist Checker peak resident set memory usage = 365.9 MB


INFO     : ***** Ending VDB Netlist Checker ... *****


INFO     : Reading core interface constraints file "/home/olle/efinity_p2/BRAM/outflow/BRAM.interface.csv"


INFO     : Successfully read core interface constraints file "/home/olle/efinity_p2/BRAM/outflow/BRAM.interface.csv"


INFO     : Found 0 constant generator nets.


INFO     : Pass 0: Swept away 6 nets with no fanout.


INFO     : logical_block #3(phy_intr_n) has no fanout.


INFO     : Removing input.


INFO     : logical_block #7(rmii_crs_dv) has no fanout.


INFO     : Removing input.


INFO     : logical_block #8(rmii_rx_er) has no fanout.


INFO     : Removing input.


INFO     : logical_block #9(rmii_rxd[1]) has no fanout.


INFO     : Removing input.


INFO     : logical_block #10(rmii_rxd[0]) has no fanout.


INFO     : Removing input.


INFO     : logical_block #22(jtag_dummy_TMS) has no fanout.


INFO     : Removing input.


INFO     : logical_block #23(jtag_dummy_SEL) has no fanout.


INFO     : Removing input.


INFO     : logical_block #24(jtag_dummy_DRCK) has no fanout.


INFO     : Removing input.


INFO     : logical_block #26(jtag_dummy_RUNTEST) has no fanout.


INFO     : Removing input.


INFO     : logical_block #35(jtag_inst1_DRCK) has no fanout.


INFO     : Removing input.


INFO     : logical_block #37(jtag_inst1_RUNTEST) has no fanout.


INFO     : Removing input.


INFO     : logical_block #42(jtag_inst1_TMS) has no fanout.


INFO     : Removing input.


WARNING  : logical_block u_micro_risc_v1/u_EfxSapphireSoc/system_cores_0_logic_cpu/IBusCachedPlugin_cache/lineLoader_address[0]~FF #256 has no fanout. Check synthesis flow


WARNING  : logical_block u_micro_risc_v1/u_EfxSapphireSoc/system_cores_0_logic_cpu/IBusCachedPlugin_cache/lineLoader_address[1]~FF #266 has no fanout. Check synthesis flow


WARNING  : logical_block u_micro_risc_v1/u_EfxSapphireSoc/system_cores_0_logic_cpu/IBusCachedPlugin_cache/lineLoader_address[2]~FF #267 has no fanout. Check synthesis flow


WARNING  : logical_block u_micro_risc_v1/u_EfxSapphireSoc/system_cores_0_logic_cpu/IBusCachedPlugin_cache/lineLoader_address[3]~FF #268 has no fanout. Check synthesis flow


WARNING  : logical_block u_micro_risc_v1/u_EfxSapphireSoc/system_cores_0_logic_cpu/IBusCachedPlugin_cache/lineLoader_address[4]~FF #269 has no fanout. Check synthesis flow


WARNING  : logical_block u_micro_risc_v1/u_EfxSapphireSoc/system_cores_0_logic_cpu/IBusCachedPlugin_cache/lineLoader_address[5]~FF #270 has no fanout. Check synthesis flow


INFO     : Pass 0: Swept away 12 blocks with no fanout.


INFO     : Pass 1: Swept away 0 nets with no fanout.


WARNING  : logical_block u_micro_risc_v1/u_EfxSapphireSoc/system_cores_0_logic_cpu/IBusCachedPlugin_cache/lineLoader_address[0]~FF #256 has no fanout. Check synthesis flow


WARNING  : logical_block u_micro_risc_v1/u_EfxSapphireSoc/system_cores_0_logic_cpu/IBusCachedPlugin_cache/lineLoader_address[1]~FF #266 has no fanout. Check synthesis flow


WARNING  : logical_block u_micro_risc_v1/u_EfxSapphireSoc/system_cores_0_logic_cpu/IBusCachedPlugin_cache/lineLoader_address[2]~FF #267 has no fanout. Check synthesis flow


WARNING  : logical_block u_micro_risc_v1/u_EfxSapphireSoc/system_cores_0_logic_cpu/IBusCachedPlugin_cache/lineLoader_address[3]~FF #268 has no fanout. Check synthesis flow


WARNING  : logical_block u_micro_risc_v1/u_EfxSapphireSoc/system_cores_0_logic_cpu/IBusCachedPlugin_cache/lineLoader_address[4]~FF #269 has no fanout. Check synthesis flow


WARNING  : logical_block u_micro_risc_v1/u_EfxSapphireSoc/system_cores_0_logic_cpu/IBusCachedPlugin_cache/lineLoader_address[5]~FF #270 has no fanout. Check synthesis flow


INFO     : Pass 1: Swept away 0 blocks with no fanout.


INFO     : Swept away 6 nets and 12 blocks in total.


INFO     : Removed 0 LUT buffers


INFO     : Sweept away 12 nodes


INFO     : Successfully created VPR logical netlist from Verific binary DataBase file "/home/olle/efinity_p2/BRAM/outflow/BRAM.dbg.vdb".


INFO     : Netlist pre-processing took 0.2458 seconds.


INFO     : 	Netlist pre-processing took 0.26 seconds (approximately) in total CPU time.


INFO     : Netlist pre-processing virtual memory usage: begin = 228.66 MB, end = 245.072 MB, delta = 16.412 MB


INFO     : Netlist pre-processing resident set memory usage: begin = 118.656 MB, end = 120.576 MB, delta = 1.92 MB


INFO     : 	Netlist pre-processing peak resident set memory usage = 365.9 MB


           ***** Ending stage netlist pre-processing *****

           

           ***** Beginning stage pre-packing ... *****

           ***** Ending stage pre-packing *****

           

           ***** Beginning stage packing ... *****

WARNING  : Packer found FF 'u_micro_risc_v1/u_EfxSapphireSoc/system_cores_0_logic_cpu/IBusCachedPlugin_cache/lineLoader_address[0]~FF' with no output net.


WARNING  : If possible, remove 'syn_preserve' attribute on FF output.


WARNING  : Packer found FF 'u_micro_risc_v1/u_EfxSapphireSoc/system_cores_0_logic_cpu/IBusCachedPlugin_cache/lineLoader_address[1]~FF' with no output net.


WARNING  : If possible, remove 'syn_preserve' attribute on FF output.


WARNING  : Packer found FF 'u_micro_risc_v1/u_EfxSapphireSoc/system_cores_0_logic_cpu/IBusCachedPlugin_cache/lineLoader_address[2]~FF' with no output net.


WARNING  : If possible, remove 'syn_preserve' attribute on FF output.


WARNING  : Packer found FF 'u_micro_risc_v1/u_EfxSapphireSoc/system_cores_0_logic_cpu/IBusCachedPlugin_cache/lineLoader_address[3]~FF' with no output net.


WARNING  : If possible, remove 'syn_preserve' attribute on FF output.


WARNING  : Packer found FF 'u_micro_risc_v1/u_EfxSapphireSoc/system_cores_0_logic_cpu/IBusCachedPlugin_cache/lineLoader_address[4]~FF' with no output net.


WARNING  : If possible, remove 'syn_preserve' attribute on FF output.


WARNING  : Packer found FF 'u_micro_risc_v1/u_EfxSapphireSoc/system_cores_0_logic_cpu/IBusCachedPlugin_cache/lineLoader_address[5]~FF' with no output net.


WARNING  : If possible, remove 'syn_preserve' attribute on FF output.


INFO     : Generate proto netlist for file "/home/olle/efinity_p2/BRAM/work_pnr/BRAM.net_proto" took 0.026446 seconds


INFO     : Creating IO constraints file '/home/olle/efinity_p2/BRAM/work_pnr/BRAM.io_place'


INFO     : Packing took 0.0795426 seconds.


INFO     : 	Packing took 0.08 seconds (approximately) in total CPU time.


INFO     : Packing virtual memory usage: begin = 245.072 MB, end = 245.072 MB, delta = 0 MB


INFO     : Packing resident set memory usage: begin = 121.344 MB, end = 121.984 MB, delta = 0.64 MB


INFO     : 	Packing peak resident set memory usage = 365.9 MB


           ***** Ending stage packing *****

           

INFO     : Read proto netlist file /home/olle/efinity_p2/BRAM/work_pnr/BRAM.net_proto


INFO     : Read proto netlist for file "/home/olle/efinity_p2/BRAM/work_pnr/BRAM.net_proto" took 0.020681 seconds


INFO     : Setup net and block data structure took 0.314245 seconds


WARNING  : Found 18 warnings in the post-synthesis netlist.


INFO     : Reading core interface constraints file "/home/olle/efinity_p2/BRAM/outflow/BRAM.interface.csv"


INFO     : Successfully read core interface constraints file "/home/olle/efinity_p2/BRAM/outflow/BRAM.interface.csv"


INFO     : logical_block u_micro_risc_v1/u_EfxSapphireSoc/system_cores_0_logic_cpu/IBusCachedPlugin_cache/lineLoader_address[0]~FF #256 has no fanout. Check synthesis flow


INFO     : logical_block u_micro_risc_v1/u_EfxSapphireSoc/system_cores_0_logic_cpu/IBusCachedPlugin_cache/lineLoader_address[1]~FF #266 has no fanout. Check synthesis flow


INFO     : logical_block u_micro_risc_v1/u_EfxSapphireSoc/system_cores_0_logic_cpu/IBusCachedPlugin_cache/lineLoader_address[2]~FF #267 has no fanout. Check synthesis flow


INFO     : logical_block u_micro_risc_v1/u_EfxSapphireSoc/system_cores_0_logic_cpu/IBusCachedPlugin_cache/lineLoader_address[3]~FF #268 has no fanout. Check synthesis flow


INFO     : logical_block u_micro_risc_v1/u_EfxSapphireSoc/system_cores_0_logic_cpu/IBusCachedPlugin_cache/lineLoader_address[4]~FF #269 has no fanout. Check synthesis flow


INFO     : logical_block u_micro_risc_v1/u_EfxSapphireSoc/system_cores_0_logic_cpu/IBusCachedPlugin_cache/lineLoader_address[5]~FF #270 has no fanout. Check synthesis flow


INFO     : logical_block u_micro_risc_v1/u_EfxSapphireSoc/system_cores_0_logic_cpu/IBusCachedPlugin_cache/lineLoader_address[0]~FF #256 has no fanout. Check synthesis flow


INFO     : logical_block u_micro_risc_v1/u_EfxSapphireSoc/system_cores_0_logic_cpu/IBusCachedPlugin_cache/lineLoader_address[1]~FF #266 has no fanout. Check synthesis flow


INFO     : logical_block u_micro_risc_v1/u_EfxSapphireSoc/system_cores_0_logic_cpu/IBusCachedPlugin_cache/lineLoader_address[2]~FF #267 has no fanout. Check synthesis flow


INFO     : logical_block u_micro_risc_v1/u_EfxSapphireSoc/system_cores_0_logic_cpu/IBusCachedPlugin_cache/lineLoader_address[3]~FF #268 has no fanout. Check synthesis flow


INFO     : logical_block u_micro_risc_v1/u_EfxSapphireSoc/system_cores_0_logic_cpu/IBusCachedPlugin_cache/lineLoader_address[4]~FF #269 has no fanout. Check synthesis flow


INFO     : logical_block u_micro_risc_v1/u_EfxSapphireSoc/system_cores_0_logic_cpu/IBusCachedPlugin_cache/lineLoader_address[5]~FF #270 has no fanout. Check synthesis flow


           ***** Beginning stage packed netlist loading ... *****

INFO     : Read proto netlist file /home/olle/efinity_p2/BRAM/work_pnr/BRAM.net_proto


INFO     : Read proto netlist for file "/home/olle/efinity_p2/BRAM/work_pnr/BRAM.net_proto" took 0.01906 seconds


INFO     : Setup net and block data structure took 0.302755 seconds


INFO     : Packed netlist loading took 0.324788 seconds.


INFO     : 	Packed netlist loading took 0.32 seconds (approximately) in total CPU time.


INFO     : Packed netlist loading virtual memory usage: begin = 274.376 MB, end = 274.376 MB, delta = 0 MB


INFO     : Packed netlist loading resident set memory usage: begin = 166.144 MB, end = 166.144 MB, delta = 0 MB


INFO     : 	Packed netlist loading peak resident set memory usage = 365.9 MB


           ***** Ending stage packed netlist loading *****

           

           ***** Beginning stage pre-placement ... *****

           

           ***** Ending stage pre-placement *****

           

INFO     : SDC file '/home/olle/efinity_p2/BRAM/const1.sdc' parsed successfully.


INFO     : 2 clocks (including virtual clocks), 0 inputs and 0 outputs were constrained.


           ***** Beginning stage initial placement ... *****

INFO     : Reading core interface constraints file "/home/olle/efinity_p2/BRAM/outflow/BRAM.interface.csv"


INFO     : Successfully read core interface constraints file "/home/olle/efinity_p2/BRAM/outflow/BRAM.interface.csv"


INFO     : Writing IO placement constraints to "/home/olle/efinity_p2/BRAM/outflow/BRAM.interface.io"


INFO     : Reading placement constraints from '/home/olle/efinity_p2/BRAM/outflow/BRAM.interface.io'.


INFO     : Reading placement constraints from '/home/olle/efinity_p2/BRAM/work_pnr/BRAM.io_place'.


WARNING  : phy_rst_n has no assigned placement; it will be placed randomly.


WARNING  : jtag_dummy_TDI has no assigned placement; it will be placed randomly.


WARNING  : jtag_dummy_TCK has no assigned placement; it will be placed randomly.


WARNING  : jtag_dummy_RESET has no assigned placement; it will be placed randomly.


WARNING  : jtag_dummy_CAPTURE has no assigned placement; it will be placed randomly.


WARNING  : jtag_dummy_SHIFT has no assigned placement; it will be placed randomly.


WARNING  : jtag_dummy_UPDATE has no assigned placement; it will be placed randomly.


WARNING  : jtag_dummy_TDO has no assigned placement; it will be placed randomly.


INFO     : 8 IOs will have random placement.


WARNING  : Clock source jtag_inst1_TCK does not use a dedicated clock pad, so extra clock insertion delay is added


           ***** Ending stage initial placement *****

           

           ***** Beginning stage placement ... *****

INFO     : Found 81 synchronizers as follows: 


INFO     : 	Synchronizer 0: 


INFO     :  u_micro_risc_v1/u_EfxSapphireSoc/system_riscvJtag_hard_noTap_tunnel_io_bus_cmd_payload_address[6]~FF


INFO     : 	Synchronizer 1: 


INFO     :  u_micro_risc_v1/u_EfxSapphireSoc/system_riscvJtag_hard_noTap_tunnel_io_bus_cmd_payload_address[5]~FF


INFO     : 	Synchronizer 2: 


INFO     :  u_micro_risc_v1/u_EfxSapphireSoc/system_riscvJtag_hard_noTap_tunnel_io_bus_cmd_payload_address[4]~FF


INFO     : 	Synchronizer 3: 


INFO     :  u_micro_risc_v1/u_EfxSapphireSoc/system_riscvJtag_hard_noTap_tunnel_io_bus_cmd_payload_address[3]~FF


INFO     : 	Synchronizer 4: 


INFO     :  u_micro_risc_v1/u_EfxSapphireSoc/system_riscvJtag_hard_noTap_tunnel_io_bus_cmd_payload_address[2]~FF


INFO     : 	Synchronizer 5: 


INFO     :  u_micro_risc_v1/u_EfxSapphireSoc/system_riscvJtag_hard_noTap_tunnel_io_bus_cmd_payload_address[1]~FF


INFO     : 	Synchronizer 6: 


INFO     :  u_micro_risc_v1/u_EfxSapphireSoc/system_riscvJtag_hard_noTap_tunnel_io_bus_cmd_payload_data[31]~FF


INFO     : 	Synchronizer 7: 


INFO     :  u_micro_risc_v1/u_EfxSapphireSoc/system_riscvJtag_hard_noTap_tunnel_io_bus_cmd_payload_data[30]~FF


INFO     : 	Synchronizer 8: 


INFO     :  u_micro_risc_v1/u_EfxSapphireSoc/system_riscvJtag_hard_noTap_tunnel_io_bus_cmd_payload_data[26]~FF


INFO     : 	Synchronizer 9: 


INFO     :  u_micro_risc_v1/u_EfxSapphireSoc/system_riscvJtag_hard_noTap_tunnel_io_bus_cmd_payload_data[25]~FF


INFO     : 	Synchronizer 10: 


INFO     :  u_micro_risc_v1/u_EfxSapphireSoc/system_riscvJtag_hard_noTap_tunnel_io_bus_cmd_payload_data[24]~FF


INFO     : 	Synchronizer 11: 


INFO     :  u_micro_risc_v1/u_EfxSapphireSoc/system_riscvJtag_hard_noTap_tunnel_io_bus_cmd_payload_data[23]~FF


INFO     : 	Synchronizer 12: 


INFO     :  u_micro_risc_v1/u_EfxSapphireSoc/system_riscvJtag_hard_noTap_tunnel_io_bus_cmd_payload_data[22]~FF


INFO     : 	Synchronizer 13: 


INFO     :  u_micro_risc_v1/u_EfxSapphireSoc/system_riscvJtag_hard_noTap_tunnel_io_bus_cmd_payload_data[21]~FF


INFO     : 	Synchronizer 14: 


INFO     :  u_micro_risc_v1/u_EfxSapphireSoc/system_riscvJtag_hard_noTap_tunnel_io_bus_cmd_payload_data[20]~FF


INFO     : 	Synchronizer 15: 


INFO     :  u_micro_risc_v1/u_EfxSapphireSoc/system_riscvJtag_hard_noTap_tunnel_io_bus_cmd_payload_data[19]~FF


INFO     : 	Synchronizer 16: 


INFO     :  u_micro_risc_v1/u_EfxSapphireSoc/system_riscvJtag_hard_noTap_tunnel_io_bus_cmd_payload_data[18]~FF


INFO     : 	Synchronizer 17: 


INFO     :  u_micro_risc_v1/u_EfxSapphireSoc/system_riscvJtag_hard_noTap_tunnel_io_bus_cmd_payload_data[17]~FF


INFO     : 	Synchronizer 18: 


INFO     :  u_micro_risc_v1/u_EfxSapphireSoc/system_riscvJtag_hard_noTap_tunnel_io_bus_cmd_payload_data[16]~FF


INFO     : 	Synchronizer 19: 


INFO     :  u_micro_risc_v1/u_EfxSapphireSoc/system_riscvJtag_hard_noTap_tunnel_io_bus_cmd_payload_data[15]~FF


INFO     : 	Synchronizer 20: 


INFO     :  u_micro_risc_v1/u_EfxSapphireSoc/system_riscvJtag_hard_noTap_tunnel_io_bus_cmd_payload_data[14]~FF


INFO     : 	Synchronizer 21: 


INFO     :  u_micro_risc_v1/u_EfxSapphireSoc/system_riscvJtag_hard_noTap_tunnel_io_bus_cmd_payload_data[13]~FF


INFO     : 	Synchronizer 22: 


INFO     :  u_micro_risc_v1/u_EfxSapphireSoc/system_riscvJtag_hard_noTap_tunnel_io_bus_cmd_payload_data[12]~FF


INFO     : 	Synchronizer 23: 


INFO     :  u_micro_risc_v1/u_EfxSapphireSoc/system_riscvJtag_hard_noTap_tunnel/logic_systemLogic_bus_rsp_ccToggle_io_output_payload_data[3]~FF


INFO     : 	Synchronizer 24: 


INFO     :  u_micro_risc_v1/u_EfxSapphireSoc/system_riscvJtag_hard_noTap_tunnel/logic_systemLogic_bus_rsp_ccToggle_io_output_payload_data[2]~FF


INFO     : 	Synchronizer 25: 


INFO     :  u_micro_risc_v1/u_EfxSapphireSoc/system_riscvJtag_hard_noTap_tunnel/logic_systemLogic_bus_rsp_ccToggle_io_output_payload_data[1]~FF


INFO     : 	Synchronizer 26: 


INFO     :  u_micro_risc_v1/u_EfxSapphireSoc/system_riscvJtag_hard_noTap_tunnel/logic_systemLogic_bus_rsp_ccToggle_io_output_payload_data[0]~FF


INFO     : 	Synchronizer 27: 


INFO     :  u_micro_risc_v1/u_EfxSapphireSoc/system_riscvJtag_hard_noTap_tunnel/logic_systemLogic_bus_rsp_ccToggle/system_riscvJtag_hard_noTap_tunnel_toplevel_debugCd_logic_outputReset_asyncAssertSyncDeassert_buffercc/buffers_0~FF


INFO     :  u_micro_risc_v1/u_EfxSapphireSoc/system_riscvJtag_hard_noTap_tunnel/logic_systemLogic_bus_rsp_ccToggle/system_riscvJtag_hard_noTap_tunnel_toplevel_debugCd_logic_outputReset_asyncAssertSyncDeassert_buffercc_io_dataOut~FF


INFO     : 	Synchronizer 28: 


INFO     :  u_micro_risc_v1/u_EfxSapphireSoc/system_riscvJtag_hard_noTap_tunnel/logic_systemLogic_bus_rsp_ccToggle/inputArea_target_buffercc/buffers_0~FF


INFO     :  u_micro_risc_v1/u_EfxSapphireSoc/system_riscvJtag_hard_noTap_tunnel/logic_systemLogic_bus_rsp_ccToggle/inputArea_target_buffercc_io_dataOut~FF


INFO     : 	Synchronizer 29: 


INFO     :  u_micro_risc_v1/u_EfxSapphireSoc/system_riscvJtag_hard_noTap_tunnel/logic_systemLogic_bus_rsp_ccToggle_io_output_payload_data[20]~FF


INFO     : 	Synchronizer 30: 


INFO     :  u_micro_risc_v1/u_EfxSapphireSoc/system_riscvJtag_hard_noTap_tunnel_io_bus_cmd_payload_data[29]~FF


INFO     : 	Synchronizer 31: 


INFO     :  u_micro_risc_v1/u_EfxSapphireSoc/system_riscvJtag_hard_noTap_tunnel_io_bus_cmd_payload_address[0]~FF


INFO     : 	Synchronizer 32: 


INFO     :  u_micro_risc_v1/u_EfxSapphireSoc/system_riscvJtag_hard_noTap_tunnel/logic_systemLogic_bus_rsp_ccToggle_io_output_payload_data[4]~FF


INFO     : 	Synchronizer 33: 


INFO     :  u_micro_risc_v1/u_EfxSapphireSoc/system_riscvJtag_hard_noTap_tunnel/logic_systemLogic_bus_rsp_ccToggle_io_output_payload_data[5]~FF


INFO     : 	Synchronizer 34: 


INFO     :  u_micro_risc_v1/u_EfxSapphireSoc/system_riscvJtag_hard_noTap_tunnel/logic_systemLogic_bus_rsp_ccToggle_io_output_payload_data[6]~FF


INFO     : 	Synchronizer 35: 


INFO     :  u_micro_risc_v1/u_EfxSapphireSoc/system_riscvJtag_hard_noTap_tunnel/logic_systemLogic_bus_rsp_ccToggle_io_output_payload_data[7]~FF


INFO     : 	Synchronizer 36: 


INFO     :  u_micro_risc_v1/u_EfxSapphireSoc/system_riscvJtag_hard_noTap_tunnel/logic_systemLogic_bus_rsp_ccToggle_io_output_payload_data[9]~FF


INFO     : 	Synchronizer 37: 


INFO     :  u_micro_risc_v1/u_EfxSapphireSoc/system_riscvJtag_hard_noTap_tunnel/logic_systemLogic_bus_rsp_ccToggle_io_output_payload_data[10]~FF


INFO     : 	Synchronizer 38: 


INFO     :  u_micro_risc_v1/u_EfxSapphireSoc/system_riscvJtag_hard_noTap_tunnel/logic_systemLogic_bus_rsp_ccToggle_io_output_payload_data[8]~FF


INFO     : 	Synchronizer 39: 


INFO     :  u_micro_risc_v1/u_EfxSapphireSoc/system_riscvJtag_hard_noTap_tunnel_io_bus_cmd_payload_data[28]~FF


INFO     : 	Synchronizer 40: 


INFO     :  u_micro_risc_v1/u_EfxSapphireSoc/system_riscvJtag_hard_noTap_tunnel_io_bus_cmd_payload_data[0]~FF


INFO     : 	Synchronizer 41: 


INFO     :  u_micro_risc_v1/u_EfxSapphireSoc/debugCd_logic_outputReset_asyncAssertSyncDeassert_buffercc/buffers_0~FF


INFO     :  u_micro_risc_v1/u_EfxSapphireSoc/debugCd_logic_outputReset_asyncAssertSyncDeassert_buffercc_io_dataOut~FF


INFO     : 	Synchronizer 42: 


INFO     :  u_micro_risc_v1/u_EfxSapphireSoc/system_riscvJtag_hard_noTap_tunnel/logic_systemLogic_bus_rsp_ccToggle_io_output_payload_data[16]~FF


INFO     : 	Synchronizer 43: 


INFO     :  u_micro_risc_v1/u_EfxSapphireSoc/system_riscvJtag_hard_noTap_tunnel/logic_systemLogic_bus_rsp_ccToggle_io_output_payload_data[17]~FF


INFO     : 	Synchronizer 44: 


INFO     :  u_micro_risc_v1/u_EfxSapphireSoc/system_riscvJtag_hard_noTap_tunnel_io_bus_cmd_payload_data[27]~FF


INFO     : 	Synchronizer 45: 


INFO     :  u_micro_risc_v1/u_EfxSapphireSoc/system_riscvJtag_hard_noTap_tunnel_io_bus_cmd_payload_write~FF


INFO     : 	Synchronizer 46: 


INFO     :  u_micro_risc_v1/u_EfxSapphireSoc/system_riscvJtag_hard_noTap_tunnel/logic_systemLogic_bus_rsp_ccToggle_io_output_payload_data[11]~FF


INFO     : 	Synchronizer 47: 


INFO     :  u_micro_risc_v1/u_EfxSapphireSoc/system_riscvJtag_hard_noTap_tunnel/logic_systemLogic_bus_rsp_ccToggle_io_output_payload_data[12]~FF


INFO     : 	Synchronizer 48: 


INFO     :  u_micro_risc_v1/u_EfxSapphireSoc/system_riscvJtag_hard_noTap_tunnel/logic_systemLogic_bus_rsp_ccToggle_io_output_payload_data[13]~FF


INFO     : 	Synchronizer 49: 


INFO     :  u_micro_risc_v1/u_EfxSapphireSoc/system_uart_0_io_logic/uartCtrl_1/rx/io_rxd_buffercc/buffers_0~FF


INFO     :  u_micro_risc_v1/u_EfxSapphireSoc/system_uart_0_io_logic/uartCtrl_1/rx/io_rxd_buffercc_io_dataOut~FF


INFO     : 	Synchronizer 50: 


INFO     :  u_micro_risc_v1/u_EfxSapphireSoc/system_riscvJtag_hard_noTap_tunnel/logic_systemLogic_bus_rsp_ccToggle_io_output_payload_data[14]~FF


INFO     : 	Synchronizer 51: 


INFO     :  u_micro_risc_v1/u_EfxSapphireSoc/io_asyncReset_asyncAssertSyncDeassert_buffercc/buffers_0~FF


INFO     :  u_micro_risc_v1/u_EfxSapphireSoc/io_asyncReset_asyncAssertSyncDeassert_buffercc_io_dataOut~FF


INFO     : 	Synchronizer 52: 


INFO     :  u_micro_risc_v1/u_EfxSapphireSoc/system_riscvJtag_hard_noTap_tunnel/logic_systemLogic_bus_rsp_ccToggle_io_output_payload_data[15]~FF


INFO     : 	Synchronizer 53: 


INFO     :  u_micro_risc_v1/u_EfxSapphireSoc/system_coreStopTime_buffercc/buffers_0~FF


INFO     :  u_micro_risc_v1/u_EfxSapphireSoc/system_coreStopTime_buffercc_io_dataOut~FF


INFO     : 	Synchronizer 54: 


INFO     :  u_micro_risc_v1/u_EfxSapphireSoc/system_riscvJtag_hard_noTap_tunnel/logic_systemLogic_bus_rsp_ccToggle_io_output_payload_data[18]~FF


INFO     : 	Synchronizer 55: 


INFO     :  u_micro_risc_v1/u_EfxSapphireSoc/system_riscvJtag_debug_systemReset_asyncAssertSyncDeassert_buffercc/buffers_0~FF


INFO     :  u_micro_risc_v1/u_EfxSapphireSoc/system_riscvJtag_debug_systemReset_asyncAssertSyncDeassert_buffercc_io_dataOut~FF


INFO     : 	Synchronizer 56: 


INFO     :  u_micro_risc_v1/u_EfxSapphireSoc/system_cores_0_logic_cpu/systemCd_logic_outputReset_buffercc/buffers_0~FF


INFO     :  u_micro_risc_v1/u_EfxSapphireSoc/system_cores_0_logic_cpu_debugBus_unavailable~FF


INFO     : 	Synchronizer 57: 


INFO     :  u_micro_risc_v1/u_EfxSapphireSoc/system_riscvJtag_hard_noTap_tunnel/logic_systemLogic_bus_rsp_ccToggle_io_output_payload_data[19]~FF


INFO     : 	Synchronizer 58: 


INFO     :  u_micro_risc_v1/u_EfxSapphireSoc/system_riscvJtag_hard_noTap_tunnel_io_bus_cmd_payload_data[9]~FF


INFO     : 	Synchronizer 59: 


INFO     :  u_micro_risc_v1/u_EfxSapphireSoc/system_riscvJtag_hard_noTap_tunnel/logic_systemLogic_bus_rsp_ccToggle_io_output_payload_data[29]~FF


INFO     : 	Synchronizer 60: 


INFO     :  u_micro_risc_v1/u_EfxSapphireSoc/system_riscvJtag_hard_noTap_tunnel_io_bus_cmd_payload_data[10]~FF


INFO     : 	Synchronizer 61: 


INFO     :  u_micro_risc_v1/u_EfxSapphireSoc/system_riscvJtag_hard_noTap_tunnel/logic_systemLogic_bus_rsp_ccToggle_io_output_payload_data[30]~FF


INFO     : 	Synchronizer 62: 


INFO     :  u_micro_risc_v1/u_EfxSapphireSoc/system_riscvJtag_hard_noTap_tunnel/logic_systemLogic_bus_rsp_ccToggle_io_output_payload_data[21]~FF


INFO     : 	Synchronizer 63: 


INFO     :  u_micro_risc_v1/u_EfxSapphireSoc/system_riscvJtag_hard_noTap_tunnel_io_bus_cmd_payload_data[1]~FF


INFO     : 	Synchronizer 64: 


INFO     :  u_micro_risc_v1/u_EfxSapphireSoc/system_riscvJtag_hard_noTap_tunnel_io_bus_cmd_payload_data[11]~FF


INFO     : 	Synchronizer 65: 


INFO     :  u_micro_risc_v1/u_EfxSapphireSoc/system_riscvJtag_hard_noTap_tunnel/logic_systemLogic_bus_rsp_ccToggle_io_output_payload_data[31]~FF


INFO     : 	Synchronizer 66: 


INFO     :  u_micro_risc_v1/u_EfxSapphireSoc/system_riscvJtag_hard_noTap_tunnel/logic_systemLogic_bus_rsp_ccToggle_io_output_payload_data[22]~FF


INFO     : 	Synchronizer 67: 


INFO     :  u_micro_risc_v1/u_EfxSapphireSoc/system_riscvJtag_hard_noTap_tunnel_io_bus_cmd_payload_data[2]~FF


INFO     : 	Synchronizer 68: 


INFO     :  u_micro_risc_v1/u_EfxSapphireSoc/system_riscvJtag_hard_noTap_tunnel/logic_systemLogic_bus_rsp_ccToggle_io_output_payload_data[23]~FF


INFO     : 	Synchronizer 69: 


INFO     :  u_micro_risc_v1/u_EfxSapphireSoc/system_riscvJtag_hard_noTap_tunnel_io_bus_cmd_payload_data[3]~FF


INFO     : 	Synchronizer 70: 


INFO     :  u_micro_risc_v1/u_EfxSapphireSoc/system_riscvJtag_hard_noTap_tunnel/logic_systemLogic_bus_rsp_ccToggle_io_output_payload_data[24]~FF


INFO     : 	Synchronizer 71: 


INFO     :  u_micro_risc_v1/u_EfxSapphireSoc/system_riscvJtag_hard_noTap_tunnel_io_bus_cmd_payload_data[4]~FF


INFO     : 	Synchronizer 72: 


INFO     :  u_micro_risc_v1/u_EfxSapphireSoc/system_riscvJtag_hard_noTap_tunnel/logic_systemLogic_bus_rsp_ccToggle_io_output_payload_data[25]~FF


INFO     : 	Synchronizer 73: 


INFO     :  u_micro_risc_v1/u_EfxSapphireSoc/system_riscvJtag_hard_noTap_tunnel_io_bus_cmd_payload_data[5]~FF


INFO     : 	Synchronizer 74: 


INFO     :  u_micro_risc_v1/u_EfxSapphireSoc/system_riscvJtag_hard_noTap_tunnel/logic_jtagLogic_dmiCmd_ccToggle/inputArea_target_buffercc/buffers_0~FF


INFO     :  u_micro_risc_v1/u_EfxSapphireSoc/system_riscvJtag_hard_noTap_tunnel/logic_jtagLogic_dmiCmd_ccToggle/inputArea_target_buffercc_io_dataOut~FF


INFO     : 	Synchronizer 75: 


INFO     :  u_micro_risc_v1/u_EfxSapphireSoc/system_riscvJtag_hard_noTap_tunnel/logic_systemLogic_bus_rsp_ccToggle_io_output_payload_data[26]~FF


INFO     : 	Synchronizer 76: 


INFO     :  u_micro_risc_v1/u_EfxSapphireSoc/system_riscvJtag_hard_noTap_tunnel_io_bus_cmd_payload_data[6]~FF


INFO     : 	Synchronizer 77: 


INFO     :  u_micro_risc_v1/u_EfxSapphireSoc/system_riscvJtag_hard_noTap_tunnel/logic_systemLogic_bus_rsp_ccToggle_io_output_payload_data[27]~FF


INFO     : 	Synchronizer 78: 


INFO     :  u_micro_risc_v1/u_EfxSapphireSoc/system_riscvJtag_hard_noTap_tunnel_io_bus_cmd_payload_data[7]~FF


INFO     : 	Synchronizer 79: 


INFO     :  u_micro_risc_v1/u_EfxSapphireSoc/system_riscvJtag_hard_noTap_tunnel/logic_systemLogic_bus_rsp_ccToggle_io_output_payload_data[28]~FF


INFO     : 	Synchronizer 80: 


INFO     :  u_micro_risc_v1/u_EfxSapphireSoc/system_riscvJtag_hard_noTap_tunnel_io_bus_cmd_payload_data[8]~FF


INFO     : Starting Global Placer with 4 threads ...


            ----------     -------  --------------     -------

             Iteration       WHPWL Worst Slack (ps) Convergence

            ----------     -------  --------------     -------

INFO     :           1    13975594           -3016         1.7%


INFO     :           2    14310811           -2973         2.1%


INFO     :           3    11853256           -2973         2.4%


INFO     :           4    11341543           -2973         2.7%


INFO     :           5     4922716           -3016         4.0%


INFO     :           6     2585730           -3290         9.8%


INFO     :           7     1509187           -3376        19.2%


INFO     :           8      900487           -3607        30.4%


INFO     :           9      604438           -4822        42.7%


INFO     :          10      503608           -6484        51.9%


INFO     :          11      499696           -6248        60.7%


INFO     :          12      480214           -6705        60.7%


INFO     :          13      473871           -6498        65.2%


INFO     :          14      458302           -7607        65.2%


INFO     :          15      471667           -6205        67.8%


INFO     :          16      460702           -6648        67.8%


INFO     :          17      475378           -6111        68.6%


INFO     :          18      461349           -6266        68.6%


INFO     :          19      462946           -6617        71.4%


INFO     :          20      446558           -6335        71.4%


INFO     :          21      461751           -6459        72.2%


INFO     :          22      451411           -6284        72.2%


INFO     :          23      462584           -6882        73.1%


INFO     :          24      446471           -6028        73.1%


INFO     :          25      466130           -6420        74.3%


INFO     :          26      446754           -6279        74.3%


INFO     :          27      463555           -6299        75.5%


INFO     :          28      451906           -6081        75.5%


INFO     :          29      464226           -7242        76.0%


INFO     :          30      448961           -7383        76.0%


INFO     :          31      454100           -7372        76.1%


INFO     :          32      441730           -7265        76.6%


INFO     :          33      452181           -7118        78.0%


INFO     :          34      437798           -7610        78.5%


INFO     :          35      447449           -6655        80.7%


INFO     :          36      434706           -6994        80.8%


INFO     :          37      445313           -7670        83.6%


INFO     :          38      434939           -6778        83.6%


INFO     :          39      444914           -7044        84.3%


INFO     :          40      435309           -7285        84.3%


INFO     :          41      443625           -6776        84.7%


INFO     :          42      434318           -7616        84.8%


INFO     :          43      442350           -7267        86.5%


INFO     :          44      432637           -7279        86.5%


INFO     :          45      443631           -7290        87.5%


INFO     :          46      433316           -7289        87.5%


INFO     :          47      440834           -7430        88.5%


INFO     :          48      433644           -7397        88.7%


INFO     :          49      440791           -7127        89.7%


INFO     :          50      433553           -7123        90.0%


INFO     :          51      439405           -6883        91.7%


INFO     :          52      436364           -7193        91.8%


INFO     :          53      439399           -7355        92.6%


INFO     :          54      435307           -6913        92.6%


INFO     :          55      437717           -7524        93.6%


INFO     :          56      440553           -7397        94.2%


INFO     :          57      433232           -7440        94.2%


INFO     :          58      434902           -7097        94.7%


INFO     :          59      435496           -6959        94.7%


INFO     :          60      437248           -7067        94.7%


INFO     :          61      436962           -7235        95.3%


INFO     :          62      437629           -7971        96.5%


INFO     :          63      438816           -7770        96.7%


INFO     : Starting Annealer


            ----------     -------  --------------     -------

             Iteration       WHPWL  Delay Max (ps)     R Limit

            ----------     -------  --------------     -------

INFO     :           0      212152           18740        30.0


INFO     :           1      187862           13977        28.7


INFO     :           2      178450           15853        27.3


INFO     :           3      171297           13026        25.9


INFO     :           4      168234           12611        24.3


INFO     :           5      164667           16402        22.8


INFO     :           6      159785           15523        21.3


INFO     :           7      157258           15473        19.8


INFO     :           8      155436           15194        18.5


INFO     :           9      153649           15194        17.1


INFO     :          10      151341           15194        16.0


INFO     :          11      150080           11378        14.8


INFO     :          12      148765           11356        13.7


INFO     :          13      147089           15194        12.7


INFO     :          14      145124           15194        11.8


INFO     :          15      143575           15194        10.9


INFO     :          16      142527           15194        10.1


INFO     :          17      141283           15231         9.3


INFO     :          18      140624           15188         8.6


INFO     :          19      139114           15151         8.0


INFO     :          20      137153           15151         7.4


INFO     :          21      136098           15188         6.8


INFO     :          22      135169           15151         6.3


INFO     :          23      134149           15151         5.8


INFO     :          24      133395           15151         5.4


INFO     :          25      132475           15151         5.0


INFO     :          26      131539           15151         4.6


INFO     :          27      130912           15151         4.2


INFO     :          28      130293           15188         3.9


INFO     :          29      129641           15151         3.6


INFO     :          30      129224           15188         3.3


INFO     :          31      128461           15188         3.1


INFO     :          32      127789           15151         2.9


INFO     :          33      127264           15151         2.6


INFO     :          34      126646           15151         2.4


INFO     :          35      126019           14524         2.3


INFO     :          36      125689           14561         2.1


INFO     :          37      125333           11371         1.9


INFO     :          38      125195           14476         1.8


INFO     :          39      125066           10670         1.6


INFO     :          40      124880           14513         1.5


INFO     :          41      124733           14513         1.4


INFO     :          42      124427           11361         1.3


INFO     :          43      124312           11431         1.2


INFO     : Counted delay computer calls: 135279
Placement successful: 9929 cells are placed


INFO     : Peak congestion smeared over 1/4 of the chip is 0.394872 at 5,64


INFO     : Congestion-weighted HPWL per net: 27.258


INFO     : Post-placement cluster-level checks is successful


INFO     : Checks is successful


INFO     : Reading placement constraints from '/home/olle/efinity_p2/BRAM/outflow/BRAM.qplace'.


INFO     : Finished Realigning Types (865 blocks needed type change)


INFO     : Completed placement consistency check successfully.




INFO     : Successfully created FPGA place file '/home/olle/efinity_p2/BRAM/outflow/BRAM.place'


INFO     : Placement took 18.1035 seconds.


INFO     : 	Placement took 46.88 seconds (approximately) in total CPU time.


INFO     : Placement virtual memory usage: begin = 274.376 MB, end = 424.056 MB, delta = 149.68 MB


INFO     : Placement resident set memory usage: begin = 166.528 MB, end = 230.512 MB, delta = 63.984 MB


INFO     : 	Placement peak resident set memory usage = 365.9 MB


           ***** Ending stage placement *****

           

           

           Efinix FPGA Placement and Routing.

           Version: 2025.1.110.2.15 

           Compiled: Jun 21 2025.

           

           Copyright (C) 2013 - 2025 Efinix, Inc. All rights reserved.


           

           The Tool Is Based on VPR of University of Toronto,

           a free open source code under MIT license.

           

           

INFO     : Running Placement and Routing for Family "Trion", Device "T20F169" ...


           

           ***** Beginning stage routing graph generation ... *****

INFO     : Read ipin pattern from /home/olle/efinix/efinity/2025.1/arch/./routing/ipin_oph.xml


INFO     : Finished parsing ipin pattern file '/home/olle/efinix/efinity/2025.1/arch/./routing/ipin_oph.xdb'.


INFO     : Finished parsing switch_block file '/home/olle/efinix/efinity/2025.1/arch/./routing/sb_connectivity_subset.xdb'.


INFO     : BuildGraph process took 3.11241 seconds.


INFO     : 	BuildGraph process took 2.94 seconds (approximately) in total CPU time.


INFO     : BuildGraph process virtual memory usage: begin = 424.056 MB, end = 589.648 MB, delta = 165.592 MB


INFO     : BuildGraph process resident set memory usage: begin = 231.536 MB, end = 491.596 MB, delta = 260.06 MB


INFO     : 	BuildGraph process peak resident set memory usage = 491.596 MB


INFO     : check rr_graph process took 0.110304 seconds.


INFO     : 	check rr_graph process took 0.11 seconds (approximately) in total CPU time.


INFO     : check rr_graph process virtual memory usage: begin = 617.248 MB, end = 621.848 MB, delta = 4.6 MB


INFO     : check rr_graph process resident set memory usage: begin = 520.268 MB, end = 525.004 MB, delta = 4.736 MB


INFO     : 	check rr_graph process peak resident set memory usage = 525.004 MB


INFO     : Generated 1177524 RR nodes and 4449662 RR edges


INFO     : This design has 0 global control net(s). See /home/olle/efinity_p2/BRAM/outflow/BRAM.route.rpt for details.


INFO     : Routing graph took 3.30623 seconds.


INFO     : 	Routing graph took 3.12 seconds (approximately) in total CPU time.


INFO     : Routing graph virtual memory usage: begin = 424.056 MB, end = 621.848 MB, delta = 197.792 MB


INFO     : Routing graph resident set memory usage: begin = 230.64 MB, end = 525.132 MB, delta = 294.492 MB


INFO     : 	Routing graph peak resident set memory usage = 525.132 MB


           ***** Ending stage routing graph generation *****

           

           ***** Beginning stage routing ... *****

INFO     : SDC file '/home/olle/efinity_p2/BRAM/const1.sdc' parsed successfully.


INFO     : 2 clocks (including virtual clocks), 0 inputs and 0 outputs were constrained.


INFO     :  ---------      -------     --------------      -------------


INFO     :  Iteration      Overuse     Crit Path (ns)      Calc Time (s)


INFO     :  ---------      -------     --------------      -------------


INFO     :          1        33684              10.76               4.26


INFO     :          2         6256              10.53               5.46


INFO     :          3         2881              10.53               4.91


INFO     :          4          937              10.53                4.2


INFO     :          5          397              10.53               2.66


INFO     :          6          177              10.68               4.04


INFO     :          7           91              10.53               3.25


INFO     :          8           42              10.86               3.38


INFO     :          9           18              10.86               5.36


INFO     :         10           12              11.36               3.61


INFO     :         11            2              11.17               1.28


INFO     :         12            3              10.95              0.368


INFO     :         13            0              10.95              0.378


           

INFO     : Successfully routed netlist after 13 routing iterations and 97681267 heapops


INFO     : Completed net delay value cross check successfully.


           ***** Beginning stage routing check ... *****

           ***** Ending stage routing check *****

           

INFO     : Serial number (magic cookie) for the routing is: 225792861


INFO     : Netlist fully routed.


INFO     : Successfully created FPGA route file '/home/olle/efinity_p2/BRAM/outflow/BRAM.route'


INFO     : Routing took 44.5929 seconds.


INFO     : 	Routing took 45.01 seconds (approximately) in total CPU time.


INFO     : Routing virtual memory usage: begin = 621.848 MB, end = 926.136 MB, delta = 304.288 MB


INFO     : Routing resident set memory usage: begin = 525.132 MB, end = 797.396 MB, delta = 272.264 MB


INFO     : 	Routing peak resident set memory usage = 797.584 MB


           ***** Ending stage routing *****

           

           ***** Beginning stage final timing analysis ... *****

INFO     : SDC file '/home/olle/efinity_p2/BRAM/const1.sdc' parsed successfully.


INFO     : 2 clocks (including virtual clocks), 0 inputs and 0 outputs were constrained.


Maximum possible analyzed clocks frequency
 Clock Name  Period (ns)  Frequency (MHz)     Edge
  clk           13.970        71.582         (R-R)
  pll_clk       11.104        90.058         (R-R)

Geomean max period: 12.455

Setup (Max) Clock Relationship
  Launch Clock    Capture Clock   Constraint (ns)     Slack (ns)          Edge
    clk              clk               30.000           16.030           (R-R)
    pll_clk          clk                1.000           -0.720           (R-R)
    pll_clk          pll_clk            7.000           -4.104           (R-R)

Hold (Min) Clock Relationship
  Launch Clock    Capture Clock   Constraint (ns)     Slack (ns)          Edge
    clk              clk               0.000            0.119            (R-R)
    pll_clk          clk               0.000            0.307            (R-R)
    pll_clk          pll_clk           0.000            0.086            (R-R)


WARNING  : Clock domain between pll_clk (rising) and clk (rising) may not meet (slack: -0.720 ns) the setup (max) timing requirement


WARNING  : Clock domain between pll_clk (rising) and pll_clk (rising) may not meet (slack: -4.104 ns) the setup (max) timing requirement


INFO     : Write Timing Report to "/home/olle/efinity_p2/BRAM/outflow/BRAM.timing.rpt" ...


INFO     : final timing analysis took 0.616353 seconds.


INFO     : 	final timing analysis took 0.63 seconds (approximately) in total CPU time.


INFO     : final timing analysis virtual memory usage: begin = 926.136 MB, end = 926.136 MB, delta = 0 MB


INFO     : final timing analysis resident set memory usage: begin = 797.396 MB, end = 797.736 MB, delta = 0.34 MB


INFO     : 	final timing analysis peak resident set memory usage = 797.908 MB


           ***** Ending stage final timing analysis *****

           

           ***** Beginning stage bitstream generation ... *****

INFO     : Reading core interface constraints file "/home/olle/efinity_p2/BRAM/outflow/BRAM.interface.csv"


INFO     : Successfully read core interface constraints file "/home/olle/efinity_p2/BRAM/outflow/BRAM.interface.csv"


INFO     : Finished writing bitstream file /home/olle/efinity_p2/BRAM/work_pnr/BRAM.lbf.


INFO     : Bitstream generation took 0.574391 seconds.


INFO     : 	Bitstream generation took 0.56 seconds (approximately) in total CPU time.


INFO     : Bitstream generation virtual memory usage: begin = 926.136 MB, end = 926.136 MB, delta = 0 MB


INFO     : Bitstream generation resident set memory usage: begin = 797.736 MB, end = 798.504 MB, delta = 0.768 MB


INFO     : 	Bitstream generation peak resident set memory usage = 798.504 MB


           ***** Ending stage bitstream generation *****

           

INFO     : The entire flow of EFX_PNR took 71.7288 seconds.


INFO     : 	The entire flow of EFX_PNR took 101.84 seconds (approximately) in total CPU time.


INFO     : The entire flow of EFX_PNR virtual memory usage: begin = 119.636 MB, end = 926.136 MB, delta = 806.5 MB


INFO     : The entire flow of EFX_PNR resident set memory usage: begin = 38.656 MB, end = 798.24 MB, delta = 759.584 MB


INFO     : 	The entire flow of EFX_PNR peak resident set memory usage = 798.504 MB


Fri August 15 25 21:34:25 - /home/olle/efinix/efinity/2025.1/bin/efx_pnr finished. Exit code = 0 Exit status : Normal





-------------------------------------------------------------------------

Generating bitstream

-------------------------------------------------------------------------

Fri August 15 25 21:34:25 - Bitstream generation flow working directory is /home/olle/efinity_p2/BRAM/work_pnr


INFO     : --max_threads set to 4 

Fri August 15 25 21:34:26 - /home/olle/efinix/efinity/2025.1/bin/efx_pgm --source "/home/olle/efinity_p2/BRAM/work_pnr/BRAM.lbf" --dest "/home/olle/efinity_p2/BRAM/outflow/BRAM.hex" --device "T20F169" --family "Trion" --periph "/home/olle/efinity_p2/BRAM/outflow/BRAM.lpf" --interface_designer_settings "/home/olle/efinity_p2/BRAM/outflow/BRAM_or.ini" --enable_external_master_clock "off" --oscillator_clock_divider "DIV8" --active_capture_clk_edge "posedge" --spi_low_power_mode "on" --io_weak_pullup "on" --enable_roms "smart" --mode "active" --width "1" --release_tri_then_reset "on"

Fri August 15 25 21:34:26 - Running /home/olle/efinix/efinity/2025.1/bin/efx_pgm...

INFO     : Efinix FPGA Bitstream Generator.


INFO     : Version: 2025.1.110.2.15 


INFO     : Copyright (C) 2013 - 2025 Efinix, Inc. All rights reserved.


INFO     : Compiled: May  7 2025.


INFO     : Using source file "/home/olle/efinity_p2/BRAM/work_pnr/BRAM.lbf"


INFO     : Generating HEX programming file for device "T20F169", family "Trion"


INFO     : Using periphery source file "/home/olle/efinity_p2/BRAM/outflow/BRAM.lpf"


INFO     : Generating bit file: "/home/olle/efinity_p2/BRAM/outflow/BRAM.bit"


INFO     : HEX Generation Options Summary:


INFO     : 	Listing options specified to bitstream generation:


INFO     : 	spi_low_power_mode                       = on


INFO     : 	oscillator_clock_divider                 = DIV8


INFO     : 	io_weak_pullup                           = on


INFO     : 	enable_remote_update                     = off


INFO     : 	release_tri_then_reset                   = on


INFO     : Finished generating "/home/olle/efinity_p2/BRAM/outflow/BRAM.hex"


INFO     : Efinix Bitstream Generator took 1.05469 seconds.


INFO     : 	Efinix Bitstream Generator took 0.99 seconds (approximately) in total CPU time.


INFO     : Efinix Bitstream Generator virtual memory usage: begin = 35.096 MB, end = 93.392 MB, delta = 58.296 MB


INFO     : Efinix Bitstream Generator resident set memory usage: begin = 15.104 MB, end = 75.648 MB, delta = 60.544 MB


INFO     : 	Efinix Bitstream Generator peak resident set memory usage = 365.9 MB


Fri August 15 25 21:34:27 - /home/olle/efinix/efinity/2025.1/bin/efx_pgm finished. Exit code = 0 Exit status : Normal

Running hex generation flow done.

Fri August 15 25 21:34:28 - Running automated flow starting from placement done. Total duration = 3m 5.947s

Fri August 15 25 21:35:05 - Running Efinity Debugger...

