Sat August 23 25 10:35:20 - Starting Efinity IP Manager RPC Service...

Sat August 23 25 10:35:22 - IP Manager RPC Server Connected.

Sat August 23 25 10:35:34 - Running Efinity Programmer...

Sat August 23 25 10:37:05 - Efinity Programmer finished. Exit code = 0 Exit status : Normal

DEBUG    : Initialising Efx::ConcurrencyControl with 4 threads [Debug]

INFO     : --max_threads set to 4 

Sat August 23 25 10:37:10 - Project loaded VM : 542.408 MB RSS : 225.924 MB

Sat August 23 25 10:37:12 - Running Efinity Programmer...

Sat August 23 25 10:46:30 - Efinity Programmer finished. Exit code = 0 Exit status : Normal

Sat August 23 25 10:46:34 - Running Efinity Programmer...

Sat August 23 25 10:48:25 - Efinity Programmer finished. Exit code = 0 Exit status : Normal

Sat August 23 25 10:48:27 - Running Efinity Programmer...

Sat August 23 25 11:16:21 - Running automated flow starting from synthesis...



Sat August 23 25 11:16:21 - Floorplan closed VM : 542.408 MB RSS : 225.924 MB



-------------------------------------------------------------------------

Synthesis

-------------------------------------------------------------------------

Sat August 23 25 11:16:21 - Synthesis flow working directory is /home/olle/efinity_p2/BRAM/work_syn


INFO     : --max_threads set to 4 

INFO     : Deleting any pre-existing troute trace files

INFO     : Deleting any pre-existing troute trace files

INFO     : Deleting any pre-existing troute trace files

Sat August 23 25 11:16:22 - /home/olle/efinix/efinity/2025.1/bin/efx_map --project "BRAM" --root "top_level" --write-efx-verilog "/home/olle/efinity_p2/BRAM/outflow/BRAM.map.v" --write-premap-module "/home/olle/efinity_p2/BRAM/outflow/BRAM.elab.vdb" --binary-db "/home/olle/efinity_p2/BRAM/outflow/BRAM.vdb" --device "T20F169" --family "Trion" --veri_option "verilog_mode=verilog_2k,vhdl_mode=vhdl_2008" --work-dir "/home/olle/efinity_p2/BRAM/work_syn" --output-dir "/home/olle/efinity_p2/BRAM/outflow" --project-xml "/home/olle/efinity_p2/BRAM/BRAM.xml" --I "/home/olle/efinity_p2/BRAM" --I "/home/olle/efinity_p2/BRAM/ip/BRAM_8192_bytes" --I "/home/olle/efinity_p2/BRAM/ip/micro_risc_v1"

Sat August 23 25 11:16:22 - Running /home/olle/efinix/efinity/2025.1/bin/efx_map...

INFO     : Efinix FPGA Synthesis.


INFO     : Version: 2025.1.110.2.15


INFO     : Compiled: Jun 21 2025.


INFO     : 


INFO     : Copyright (C) 2013 - 2025 Efinix, Inc. All rights reserved.



INFO     : Reading project database "/home/olle/efinity_p2/BRAM/BRAM.xml"


INFO     : Analyzing Verilog file '/home/olle/efinix/efinity/2025.1/sim_models/maplib/efinix_peri_lib.v' [VERI-1482]


INFO     : /home/olle/efinix/efinity/2025.1/sim_models/maplib/efinix_peri_lib.v(8): compiling module 'EFX_IBUF' [VERI-1018]


INFO     : /home/olle/efinix/efinity/2025.1/sim_models/maplib/efinix_peri_lib.v(16): compiling module 'EFX_OBUF' [VERI-1018]


INFO     : /home/olle/efinix/efinity/2025.1/sim_models/maplib/efinix_peri_lib.v(23): compiling module 'EFX_IO_BUF' [VERI-1018]


INFO     : /home/olle/efinix/efinity/2025.1/sim_models/maplib/efinix_peri_lib.v(33): compiling module 'EFX_CLKOUT' [VERI-1018]


INFO     : /home/olle/efinix/efinity/2025.1/sim_models/maplib/efinix_peri_lib.v(41): compiling module 'EFX_IREG' [VERI-1018]


INFO     : /home/olle/efinix/efinity/2025.1/sim_models/maplib/efinix_peri_lib.v(51): compiling module 'EFX_OREG' [VERI-1018]


INFO     : /home/olle/efinix/efinity/2025.1/sim_models/maplib/efinix_peri_lib.v(60): compiling module 'EFX_IOREG' [VERI-1018]


INFO     : /home/olle/efinix/efinity/2025.1/sim_models/maplib/efinix_peri_lib.v(75): compiling module 'EFX_IDDIO' [VERI-1018]


INFO     : /home/olle/efinix/efinity/2025.1/sim_models/maplib/efinix_peri_lib.v(87): compiling module 'EFX_ODDIO' [VERI-1018]


INFO     : /home/olle/efinix/efinity/2025.1/sim_models/maplib/efinix_peri_lib.v(99): compiling module 'EFX_GPIO_V1' [VERI-1018]


INFO     : /home/olle/efinix/efinity/2025.1/sim_models/maplib/efinix_peri_lib.v(124): compiling module 'EFX_GPIO_V2' [VERI-1018]


INFO     : /home/olle/efinix/efinity/2025.1/sim_models/maplib/efinix_peri_lib.v(149): compiling module 'EFX_GPIO_V3' [VERI-1018]


INFO     : /home/olle/efinix/efinity/2025.1/sim_models/maplib/efinix_peri_lib.v(186): compiling module 'EFX_PLL_V1' [VERI-1018]


INFO     : /home/olle/efinix/efinity/2025.1/sim_models/maplib/efinix_peri_lib.v(205): compiling module 'EFX_PLL_V2' [VERI-1018]


INFO     : /home/olle/efinix/efinity/2025.1/sim_models/maplib/efinix_peri_lib.v(231): compiling module 'EFX_PLL_V3' [VERI-1018]


INFO     : /home/olle/efinix/efinity/2025.1/sim_models/maplib/efinix_peri_lib.v(279): compiling module 'EFX_OSC_V1' [VERI-1018]


INFO     : /home/olle/efinix/efinity/2025.1/sim_models/maplib/efinix_peri_lib.v(285): compiling module 'EFX_OSC_V3' [VERI-1018]


INFO     : /home/olle/efinix/efinity/2025.1/sim_models/maplib/efinix_peri_lib.v(294): compiling module 'EFX_FPLL_V1' [VERI-1018]


INFO     : /home/olle/efinix/efinity/2025.1/sim_models/maplib/efinix_peri_lib.v(348): compiling module 'EFX_JTAG_V1' [VERI-1018]


INFO     : /home/olle/efinix/efinity/2025.1/sim_models/maplib/efinix_peri_lib.v(357): compiling module 'EFX_JTAG_CTRL' [VERI-1018]


INFO     : /home/olle/efinix/efinity/2025.1/sim_models/maplib/efinix_peri_lib.v(364): compiling module 'EFX_LVDS_RX_V1' [VERI-1018]


INFO     : /home/olle/efinix/efinity/2025.1/sim_models/maplib/efinix_peri_lib.v(381): compiling module 'EFX_LVDS_TX_V1' [VERI-1018]


INFO     : /home/olle/efinix/efinity/2025.1/sim_models/maplib/efinix_peri_lib.v(399): compiling module 'EFX_LVDS_RX_V2' [VERI-1018]


INFO     : /home/olle/efinix/efinity/2025.1/sim_models/maplib/efinix_peri_lib.v(426): compiling module 'EFX_LVDS_TX_V2' [VERI-1018]


INFO     : /home/olle/efinix/efinity/2025.1/sim_models/maplib/efinix_peri_lib.v(446): compiling module 'EFX_LVDS_BIDIR_V2' [VERI-1018]


INFO     : Reading project database "/home/olle/efinity_p2/BRAM/BRAM.xml"


INFO     : ***** Beginning Analysis ... *****


INFO     : default VHDL library search path is now "/home/olle/efinix/efinity/2025.1/sim_models/vhdl/packages/vhdl_2008" [VHDL-1504]


INFO     : Analyzing Verilog file '/home/olle/efinix/efinity/2025.1/sim_models/maplib/efinix_maplib.v' [VERI-1482]


INFO     : Analyzing Verilog file '/home/olle/efinix/efinity/2025.1/sim_models/maplib/efinix_peri_lib.v' [VERI-1482]


INFO     : Analyzing Verilog file '/home/olle/efinix/efinity/2025.1/sim_models/maplib/efinix_maplib.v' [VERI-1482]


INFO     : Analyzing Verilog file '/home/olle/efinix/efinity/2025.1/sim_models/maplib/efinix_peri_lib.v' [VERI-1482]


INFO     : Analyzing VHDL file '/home/olle/efinity_p2/BRAM/top_level.vhd' [VHDL-1481]


INFO     : Restoring VHDL unit 'ieee.std_logic_1164' from file '/home/olle/efinix/efinity/2025.1/sim_models/vhdl/packages/vhdl_2008/ieee/std_logic_1164.vdb' [VHDL-1493]


INFO     : Restoring VHDL unit 'std.standard' from file '/home/olle/efinix/efinity/2025.1/sim_models/vhdl/packages/vhdl_2008/std/standard.vdb' [VHDL-1493]


INFO     : Restoring VHDL unit 'std.textio' from file '/home/olle/efinix/efinity/2025.1/sim_models/vhdl/packages/vhdl_2008/std/textio.vdb' [VHDL-1493]


INFO     : Restoring VHDL unit 'ieee.numeric_std' from file '/home/olle/efinix/efinity/2025.1/sim_models/vhdl/packages/vhdl_2008/ieee/numeric_std.vdb' [VHDL-1493]


INFO     : /home/olle/efinity_p2/BRAM/top_level.vhd(6): analyzing entity 'top_level' [VHDL-1012]


INFO     : /home/olle/efinity_p2/BRAM/top_level.vhd(48): analyzing architecture 'behavior' [VHDL-1010]


INFO     : Analyzing VHDL file '/home/olle/efinity_p2/BRAM/rmii_udp_tx_top.vhd' [VHDL-1481]


INFO     : /home/olle/efinity_p2/BRAM/rmii_udp_tx_top.vhd(5): analyzing entity 'rmii_udp_tx_top' [VHDL-1012]


INFO     : /home/olle/efinity_p2/BRAM/rmii_udp_tx_top.vhd(14): analyzing architecture 'rtl' [VHDL-1010]


INFO     : Analyzing Verilog file '/home/olle/efinity_p2/BRAM/ip/BRAM_8192_bytes/BRAM_8192_bytes.v' [VERI-1482]


INFO     : /home/olle/efinity_p2/BRAM/ip/BRAM_8192_bytes/BRAM_8192_bytes.v(758): analyzing included file '/home/olle/efinity_p2/BRAM/ip/BRAM_8192_bytes/bram_ini.vh' [VERI-1328]


INFO     : /home/olle/efinity_p2/BRAM/ip/BRAM_8192_bytes/BRAM_8192_bytes.v(758): back to file '/home/olle/efinity_p2/BRAM/ip/BRAM_8192_bytes/BRAM_8192_bytes.v' [VERI-2320]


INFO     : /home/olle/efinity_p2/BRAM/ip/BRAM_8192_bytes/BRAM_8192_bytes.v(985): analyzing included file '/home/olle/efinity_p2/BRAM/ip/BRAM_8192_bytes/bram_decompose.vh' [VERI-1328]


INFO     : /home/olle/efinity_p2/BRAM/ip/BRAM_8192_bytes/BRAM_8192_bytes.v(985): back to file '/home/olle/efinity_p2/BRAM/ip/BRAM_8192_bytes/BRAM_8192_bytes.v' [VERI-2320]


INFO     : Analyzing Verilog file '/home/olle/efinity_p2/BRAM/ip/micro_risc_v1/micro_risc_v1.v' [VERI-1482]


INFO     : Analysis took 0.156511 seconds.


INFO     : 	Analysis took 0.14 seconds (approximately) in total CPU time.


INFO     : Analysis virtual memory usage: begin = 124.564 MB, end = 132.756 MB, delta = 8.192 MB


INFO     : Analysis resident set memory usage: begin = 71.808 MB, end = 80.896 MB, delta = 9.088 MB


INFO     : 	Analysis peak resident set memory usage = 228.868 MB


INFO     : ***** Ending Analysis ... *****


INFO     : ***** Beginning Elaboration ... *****


INFO     : /home/olle/efinity_p2/BRAM/top_level.vhd(6): processing 'top_level(behavior)' [VHDL-1067]


WARNING  : /home/olle/efinity_p2/BRAM/top_level.vhd(91): using initial value '0' for 'system_uart_0_io_rxd' since it is never assigned [VHDL-1303]


WARNING  : /home/olle/efinity_p2/BRAM/top_level.vhd(94): using initial value for 'system_gpio_0_io_read' since it is never assigned [VHDL-1794]


INFO     : Restoring VHDL unit 'vl.vl_types' from file '/home/olle/efinix/efinity/2025.1/sim_models/vhdl/packages/vhdl_2008/vl/vl_types.vdb' [VHDL-1493]


INFO     : /home/olle/efinity_p2/BRAM/top_level.vhd(124): switching to Verilog mode to elaborate module 'micro_risc_v1' [VHDL-1399]


INFO     : /home/olle/efinity_p2/BRAM/ip/micro_risc_v1/micro_risc_v1.v(49): compiling module 'micro_risc_v1' [VERI-1018]


INFO     : /home/olle/efinity_p2/BRAM/ip/micro_risc_v1/micro_risc_v1.v(94): compiling module 'EfxSapphireSoc_2fa2c88f3c1f4868ba7cd09620d007ba' [VERI-1018]


INFO     : /home/olle/efinity_p2/BRAM/ip/micro_risc_v1/micro_risc_v1.v(5744): compiling module 'VexRiscv_2fa2c88f3c1f4868ba7cd09620d007ba' [VERI-1018]


INFO     : /home/olle/efinity_p2/BRAM/ip/micro_risc_v1/micro_risc_v1.v(6995): extracting RAM for identifier 'RegFilePlugin_regFile' [VERI-2571]


INFO     : /home/olle/efinity_p2/BRAM/ip/micro_risc_v1/micro_risc_v1.v(12219): compiling module 'InstructionCache_2fa2c88f3c1f4868ba7cd09620d007ba' [VERI-1018]


INFO     : /home/olle/efinity_p2/BRAM/ip/micro_risc_v1/micro_risc_v1.v(12325): extracting RAM for identifier 'banks_0' [VERI-2571]


INFO     : /home/olle/efinity_p2/BRAM/ip/micro_risc_v1/micro_risc_v1.v(12326): extracting RAM for identifier 'ways_0_tags' [VERI-2571]


INFO     : /home/olle/efinity_p2/BRAM/ip/micro_risc_v1/micro_risc_v1.v(11365): compiling module 'DataCache_2fa2c88f3c1f4868ba7cd09620d007ba' [VERI-1018]


INFO     : /home/olle/efinity_p2/BRAM/ip/micro_risc_v1/micro_risc_v1.v(11579): extracting RAM for identifier 'ways_0_tags' [VERI-2571]


INFO     : /home/olle/efinity_p2/BRAM/ip/micro_risc_v1/micro_risc_v1.v(11580): extracting RAM for identifier 'ways_0_data_symbol0' [VERI-2571]


INFO     : /home/olle/efinity_p2/BRAM/ip/micro_risc_v1/micro_risc_v1.v(11581): extracting RAM for identifier 'ways_0_data_symbol1' [VERI-2571]


INFO     : /home/olle/efinity_p2/BRAM/ip/micro_risc_v1/micro_risc_v1.v(11582): extracting RAM for identifier 'ways_0_data_symbol2' [VERI-2571]


INFO     : /home/olle/efinity_p2/BRAM/ip/micro_risc_v1/micro_risc_v1.v(11583): extracting RAM for identifier 'ways_0_data_symbol3' [VERI-2571]


WARNING  : /home/olle/efinity_p2/BRAM/ip/micro_risc_v1/micro_risc_v1.v(12191): system task 'display' is ignored for synthesis [VERI-1142]


INFO     : /home/olle/efinity_p2/BRAM/ip/micro_risc_v1/micro_risc_v1.v(11346): compiling module 'BufferCC_2fa2c88f3c1f4868ba7cd09620d007ba' [VERI-1018]


INFO     : /home/olle/efinity_p2/BRAM/ip/micro_risc_v1/micro_risc_v1.v(13149): compiling module 'EfxCPUSp1_2fa2c88f3c1f4868ba7cd09620d007ba' [VERI-1018]


WARNING  : /home/olle/efinity_p2/BRAM/ip/micro_risc_v1/micro_risc_v1.v(5832): net 'IBusCachedPlugin_cache_io_cpu_fetch_isRemoved' does not have a driver [VDB-1002]


WARNING  : /home/olle/efinity_p2/BRAM/ip/micro_risc_v1/micro_risc_v1.v(5845): net 'dataCache_1_io_cpu_writeBack_fence_SW' does not have a driver [VDB-1002]


WARNING  : /home/olle/efinity_p2/BRAM/ip/micro_risc_v1/micro_risc_v1.v(5846): net 'dataCache_1_io_cpu_writeBack_fence_SR' does not have a driver [VDB-1002]


WARNING  : /home/olle/efinity_p2/BRAM/ip/micro_risc_v1/micro_risc_v1.v(5847): net 'dataCache_1_io_cpu_writeBack_fence_SO' does not have a driver [VDB-1002]


WARNING  : /home/olle/efinity_p2/BRAM/ip/micro_risc_v1/micro_risc_v1.v(5848): net 'dataCache_1_io_cpu_writeBack_fence_SI' does not have a driver [VDB-1002]


WARNING  : /home/olle/efinity_p2/BRAM/ip/micro_risc_v1/micro_risc_v1.v(5849): net 'dataCache_1_io_cpu_writeBack_fence_PW' does not have a driver [VDB-1002]


WARNING  : /home/olle/efinity_p2/BRAM/ip/micro_risc_v1/micro_risc_v1.v(5850): net 'dataCache_1_io_cpu_writeBack_fence_PR' does not have a driver [VDB-1002]


WARNING  : /home/olle/efinity_p2/BRAM/ip/micro_risc_v1/micro_risc_v1.v(5851): net 'dataCache_1_io_cpu_writeBack_fence_PO' does not have a driver [VDB-1002]


WARNING  : /home/olle/efinity_p2/BRAM/ip/micro_risc_v1/micro_risc_v1.v(5852): net 'dataCache_1_io_cpu_writeBack_fence_PI' does not have a driver [VDB-1002]


WARNING  : /home/olle/efinity_p2/BRAM/ip/micro_risc_v1/micro_risc_v1.v(5853): net 'dataCache_1_io_cpu_writeBack_fence_FM[3]' does not have a driver [VDB-1002]


WARNING  : /home/olle/efinity_p2/BRAM/ip/micro_risc_v1/micro_risc_v1.v(6276): net 'IBusCachedPlugin_mmuBus_rsp_bypassTranslation' does not have a driver [VDB-1002]


WARNING  : /home/olle/efinity_p2/BRAM/ip/micro_risc_v1/micro_risc_v1.v(6302): net 'DBusCachedPlugin_mmuBus_rsp_bypassTranslation' does not have a driver [VDB-1002]


WARNING  : /home/olle/efinity_p2/BRAM/ip/micro_risc_v1/micro_risc_v1.v(6410): net 'IBusCachedPlugin_iBusRsp_output_payload_rsp_error' does not have a driver [VDB-1002]


WARNING  : /home/olle/efinity_p2/BRAM/ip/micro_risc_v1/micro_risc_v1.v(6412): net 'IBusCachedPlugin_iBusRsp_output_payload_isRvc' does not have a driver [VDB-1002]


WARNING  : /home/olle/efinity_p2/BRAM/ip/micro_risc_v1/micro_risc_v1.v(6656): net 'CsrPlugin_mtvec_mode[1]' does not have a driver [VDB-1002]


INFO     : /home/olle/efinity_p2/BRAM/ip/micro_risc_v1/micro_risc_v1.v(4743): compiling module 'DebugModule_2fa2c88f3c1f4868ba7cd09620d007ba' [VERI-1018]


INFO     : /home/olle/efinity_p2/BRAM/ip/micro_risc_v1/micro_risc_v1.v(4949): extracting RAM for identifier 'logic_progbufX_mem' [VERI-2571]


INFO     : /home/olle/efinity_p2/BRAM/ip/micro_risc_v1/micro_risc_v1.v(4719): compiling module 'BufferCC_5_2fa2c88f3c1f4868ba7cd09620d007ba' [VERI-1018]


INFO     : /home/olle/efinity_p2/BRAM/ip/micro_risc_v1/micro_risc_v1.v(4695): compiling module 'BufferCC_6_2fa2c88f3c1f4868ba7cd09620d007ba' [VERI-1018]


INFO     : /home/olle/efinity_p2/BRAM/ip/micro_risc_v1/micro_risc_v1.v(4669): compiling module 'BufferCC_8_2fa2c88f3c1f4868ba7cd09620d007ba' [VERI-1018]


INFO     : /home/olle/efinity_p2/BRAM/ip/micro_risc_v1/micro_risc_v1.v(4196): compiling module 'DebugTransportModuleTunneled_2fa2c88f3c1f4868ba7cd09620d007ba' [VERI-1018]


INFO     : /home/olle/efinity_p2/BRAM/ip/micro_risc_v1/micro_risc_v1.v(11282): compiling module 'FlowCCByToggle_2fa2c88f3c1f4868ba7cd09620d007ba' [VERI-1018]


WARNING  : /home/olle/efinity_p2/BRAM/ip/micro_risc_v1/micro_risc_v1.v(11316): system function call 'urandom' is not supported [VERI-1141]


WARNING  : /home/olle/efinity_p2/BRAM/ip/micro_risc_v1/micro_risc_v1.v(11317): system function call 'urandom' is not supported [VERI-1141]


INFO     : /home/olle/efinity_p2/BRAM/ip/micro_risc_v1/micro_risc_v1.v(13099): compiling module 'BufferCC_1_2fa2c88f3c1f4868ba7cd09620d007ba' [VERI-1018]


WARNING  : /home/olle/efinity_p2/BRAM/ip/micro_risc_v1/micro_risc_v1.v(13111): system function call 'urandom' is not supported [VERI-1141]


WARNING  : /home/olle/efinity_p2/BRAM/ip/micro_risc_v1/micro_risc_v1.v(13112): system function call 'urandom' is not supported [VERI-1141]


INFO     : /home/olle/efinity_p2/BRAM/ip/micro_risc_v1/micro_risc_v1.v(11196): compiling module 'FlowCCByToggle_1_2fa2c88f3c1f4868ba7cd09620d007ba' [VERI-1018]


INFO     : /home/olle/efinity_p2/BRAM/ip/micro_risc_v1/micro_risc_v1.v(13075): compiling module 'BufferCC_2_2fa2c88f3c1f4868ba7cd09620d007ba' [VERI-1018]


INFO     : /home/olle/efinity_p2/BRAM/ip/micro_risc_v1/micro_risc_v1.v(13051): compiling module 'BufferCC_3_2fa2c88f3c1f4868ba7cd09620d007ba' [VERI-1018]


INFO     : /home/olle/efinity_p2/BRAM/ip/micro_risc_v1/micro_risc_v1.v(4156): compiling module 'BmbDecoder_2fa2c88f3c1f4868ba7cd09620d007ba' [VERI-1018]


INFO     : /home/olle/efinity_p2/BRAM/ip/micro_risc_v1/micro_risc_v1.v(4020): compiling module 'BmbArbiter_2fa2c88f3c1f4868ba7cd09620d007ba' [VERI-1018]


INFO     : /home/olle/efinity_p2/BRAM/ip/micro_risc_v1/micro_risc_v1.v(11092): compiling module 'StreamArbiter_2fa2c88f3c1f4868ba7cd09620d007ba' [VERI-1018]


INFO     : /home/olle/efinity_p2/BRAM/ip/micro_risc_v1/micro_risc_v1.v(3748): compiling module 'BmbDecoder_1_2fa2c88f3c1f4868ba7cd09620d007ba' [VERI-1018]


INFO     : /home/olle/efinity_p2/BRAM/ip/micro_risc_v1/micro_risc_v1.v(3640): compiling module 'BmbOnChipRam_2fa2c88f3c1f4868ba7cd09620d007ba' [VERI-1018]


INFO     : /home/olle/efinity_p2/BRAM/ip/micro_risc_v1/micro_risc_v1.v(3672): extracting RAM for identifier 'ram_symbol0' [VERI-2571]


INFO     : /home/olle/efinity_p2/BRAM/ip/micro_risc_v1/micro_risc_v1.v(3673): extracting RAM for identifier 'ram_symbol1' [VERI-2571]


INFO     : /home/olle/efinity_p2/BRAM/ip/micro_risc_v1/micro_risc_v1.v(3674): extracting RAM for identifier 'ram_symbol2' [VERI-2571]


INFO     : /home/olle/efinity_p2/BRAM/ip/micro_risc_v1/micro_risc_v1.v(3675): extracting RAM for identifier 'ram_symbol3' [VERI-2571]


INFO     : /home/olle/efinity_p2/BRAM/ip/micro_risc_v1/micro_risc_v1.v(3414): compiling module 'BmbUnburstify_2fa2c88f3c1f4868ba7cd09620d007ba' [VERI-1018]


INFO     : /home/olle/efinity_p2/BRAM/ip/micro_risc_v1/micro_risc_v1.v(3053): compiling module 'BmbDecoder_2_2fa2c88f3c1f4868ba7cd09620d007ba' [VERI-1018]


INFO     : /home/olle/efinity_p2/BRAM/ip/micro_risc_v1/micro_risc_v1.v(2869): compiling module 'BmbClint_2fa2c88f3c1f4868ba7cd09620d007ba' [VERI-1018]


INFO     : /home/olle/efinity_p2/BRAM/ip/micro_risc_v1/micro_risc_v1.v(2377): compiling module 'BmbUartCtrl_2fa2c88f3c1f4868ba7cd09620d007ba' [VERI-1018]


INFO     : /home/olle/efinity_p2/BRAM/ip/micro_risc_v1/micro_risc_v1.v(10963): compiling module 'UartCtrl_2fa2c88f3c1f4868ba7cd09620d007ba' [VERI-1018]


INFO     : /home/olle/efinity_p2/BRAM/ip/micro_risc_v1/micro_risc_v1.v(12811): compiling module 'UartCtrlTx_2fa2c88f3c1f4868ba7cd09620d007ba' [VERI-1018]


INFO     : /home/olle/efinity_p2/BRAM/ip/micro_risc_v1/micro_risc_v1.v(12517): compiling module 'UartCtrlRx_2fa2c88f3c1f4868ba7cd09620d007ba' [VERI-1018]


INFO     : /home/olle/efinity_p2/BRAM/ip/micro_risc_v1/micro_risc_v1.v(13125): compiling module 'BufferCC_4_2fa2c88f3c1f4868ba7cd09620d007ba' [VERI-1018]


INFO     : /home/olle/efinity_p2/BRAM/ip/micro_risc_v1/micro_risc_v1.v(10809): compiling module 'StreamFifo_2fa2c88f3c1f4868ba7cd09620d007ba' [VERI-1018]


INFO     : /home/olle/efinity_p2/BRAM/ip/micro_risc_v1/micro_risc_v1.v(10857): extracting RAM for identifier 'logic_ram' [VERI-2571]


INFO     : /home/olle/efinity_p2/BRAM/ip/micro_risc_v1/micro_risc_v1.v(2165): compiling module 'BmbGpio2_2fa2c88f3c1f4868ba7cd09620d007ba' [VERI-1018]


INFO     : /home/olle/efinity_p2/BRAM/top_level.vhd(124): returning to VHDL mode to continue with elaboration [VHDL-1400]


INFO     : /home/olle/efinity_p2/BRAM/rmii_udp_tx_top.vhd(5): processing 'rmii_udp_tx_top(rtl)' [VHDL-1067]


INFO     : Elaboration took 0.379468 seconds.


INFO     : 	Elaboration took 0.35 seconds (approximately) in total CPU time.


INFO     : Elaboration virtual memory usage: begin = 132.756 MB, end = 171.668 MB, delta = 38.912 MB


INFO     : Elaboration resident set memory usage: begin = 80.896 MB, end = 121.088 MB, delta = 40.192 MB


INFO     : 	Elaboration peak resident set memory usage = 228.868 MB


INFO     : ***** Ending Elaboration ... *****


INFO     : ... Setting Synthesis Option: mode=speed


INFO     : ***** Beginning Reading Mapping Library ... *****


INFO     : Analyzing Verilog file '/home/olle/efinix/efinity/2025.1/sim_models/maplib/efinix_maplib.v' [VERI-1482]


INFO     : /home/olle/efinix/efinity/2025.1/sim_models/maplib/efinix_maplib.v(8): compiling module 'EFX_ADD' [VERI-1018]


INFO     : /home/olle/efinix/efinity/2025.1/sim_models/maplib/efinix_maplib.v(21): compiling module 'EFX_FF' [VERI-1018]


INFO     : /home/olle/efinix/efinity/2025.1/sim_models/maplib/efinix_maplib.v(38): compiling module 'EFX_COMB4' [VERI-1018]


INFO     : /home/olle/efinix/efinity/2025.1/sim_models/maplib/efinix_maplib.v(48): compiling module 'EFX_GBUFCE' [VERI-1018]


INFO     : /home/olle/efinix/efinity/2025.1/sim_models/maplib/efinix_maplib.v(57): compiling module 'EFX_LUT4' [VERI-1018]


INFO     : /home/olle/efinix/efinity/2025.1/sim_models/maplib/efinix_maplib.v(65): compiling module 'EFX_MULT' [VERI-1018]


INFO     : /home/olle/efinix/efinity/2025.1/sim_models/maplib/efinix_maplib.v(100): compiling module 'EFX_DSP48' [VERI-1018]


INFO     : /home/olle/efinix/efinity/2025.1/sim_models/maplib/efinix_maplib.v(156): compiling module 'EFX_DSP24' [VERI-1018]


INFO     : /home/olle/efinix/efinity/2025.1/sim_models/maplib/efinix_maplib.v(209): compiling module 'EFX_DSP12' [VERI-1018]


INFO     : /home/olle/efinix/efinity/2025.1/sim_models/maplib/efinix_maplib.v(262): compiling module 'EFX_RAM_4K' [VERI-1018]


INFO     : /home/olle/efinix/efinity/2025.1/sim_models/maplib/efinix_maplib.v(322): compiling module 'EFX_RAM_5K' [VERI-1018]


INFO     : /home/olle/efinix/efinity/2025.1/sim_models/maplib/efinix_maplib.v(394): compiling module 'EFX_DPRAM_5K' [VERI-1018]


INFO     : /home/olle/efinix/efinity/2025.1/sim_models/maplib/efinix_maplib.v(499): compiling module 'RAMB5' [VERI-1018]


INFO     : /home/olle/efinix/efinity/2025.1/sim_models/maplib/efinix_maplib.v(561): compiling module 'EFX_RAM_10K' [VERI-1018]


INFO     : /home/olle/efinix/efinity/2025.1/sim_models/maplib/efinix_maplib.v(653): compiling module 'EFX_RAM10' [VERI-1018]


INFO     : /home/olle/efinix/efinity/2025.1/sim_models/maplib/efinix_maplib.v(754): compiling module 'EFX_DPRAM10' [VERI-1018]


INFO     : /home/olle/efinix/efinity/2025.1/sim_models/maplib/efinix_maplib.v(884): compiling module 'EFX_SRL8' [VERI-1018]


INFO     : Reading Mapping Library took 0.0191761 seconds.


INFO     : 	Reading Mapping Library took 0.02 seconds (approximately) in total CPU time.


INFO     : Reading Mapping Library virtual memory usage: begin = 200.852 MB, end = 200.852 MB, delta = 0 MB


INFO     : Reading Mapping Library resident set memory usage: begin = 151.936 MB, end = 151.936 MB, delta = 0 MB


INFO     : 	Reading Mapping Library peak resident set memory usage = 228.868 MB


INFO     : ***** Ending Reading Mapping Library ... *****


INFO     : ... Pre-synthesis checks begin


WARNING  : The primary output port 'mdc' wire 'mdc' is not driven. [EFX-0256]


WARNING  : The primary output port 'mdio_o' wire 'mdio_o' is not driven. [EFX-0256]


WARNING  : The primary output port 'mdio_oe' wire 'mdio_oe' is not driven. [EFX-0256]


WARNING  : The primary output port 'CAM0_EN' wire 'CAM0_EN' is not driven. [EFX-0256]


WARNING  : The primary output port 'CAM1_EN' wire 'CAM1_EN' is not driven. [EFX-0256]


WARNING  : The primary output port 'RJ45_led' wire 'RJ45_led' is not driven. [EFX-0256]


WARNING  : Removing redundant signal : io_cpu_prefetch_isValid. (/home/olle/efinity_p2/BRAM/ip/micro_risc_v1/micro_risc_v1.v:12221) [EFX-0200]


WARNING  : Removing redundant signal : io_cpu_prefetch_pc[31]. (/home/olle/efinity_p2/BRAM/ip/micro_risc_v1/micro_risc_v1.v:12223) [EFX-0200]


WARNING  : Removing redundant signal : io_cpu_prefetch_pc[30]. (/home/olle/efinity_p2/BRAM/ip/micro_risc_v1/micro_risc_v1.v:12223) [EFX-0200]


WARNING  : Removing redundant signal : io_cpu_prefetch_pc[29]. (/home/olle/efinity_p2/BRAM/ip/micro_risc_v1/micro_risc_v1.v:12223) [EFX-0200]


WARNING  : Removing redundant signal : io_cpu_prefetch_pc[28]. (/home/olle/efinity_p2/BRAM/ip/micro_risc_v1/micro_risc_v1.v:12223) [EFX-0200]


WARNING  : Removing redundant signal : io_cpu_prefetch_pc[27]. (/home/olle/efinity_p2/BRAM/ip/micro_risc_v1/micro_risc_v1.v:12223) [EFX-0200]


WARNING  : Removing redundant signal : io_cpu_prefetch_pc[26]. (/home/olle/efinity_p2/BRAM/ip/micro_risc_v1/micro_risc_v1.v:12223) [EFX-0200]


WARNING  : Removing redundant signal : io_cpu_prefetch_pc[25]. (/home/olle/efinity_p2/BRAM/ip/micro_risc_v1/micro_risc_v1.v:12223) [EFX-0200]


WARNING  : Removing redundant signal : io_cpu_prefetch_pc[24]. (/home/olle/efinity_p2/BRAM/ip/micro_risc_v1/micro_risc_v1.v:12223) [EFX-0200]


WARNING  : Removing redundant signal : io_cpu_prefetch_pc[23]. (/home/olle/efinity_p2/BRAM/ip/micro_risc_v1/micro_risc_v1.v:12223) [EFX-0200]


WARNING  : Removing redundant signal : io_cpu_prefetch_pc[22]. (/home/olle/efinity_p2/BRAM/ip/micro_risc_v1/micro_risc_v1.v:12223) [EFX-0200]


WARNING  : Removing redundant signal : io_cpu_prefetch_pc[21]. (/home/olle/efinity_p2/BRAM/ip/micro_risc_v1/micro_risc_v1.v:12223) [EFX-0200]


WARNING  : Removing redundant signal : io_cpu_prefetch_pc[20]. (/home/olle/efinity_p2/BRAM/ip/micro_risc_v1/micro_risc_v1.v:12223) [EFX-0200]


WARNING  : Removing redundant signal : io_cpu_prefetch_pc[19]. (/home/olle/efinity_p2/BRAM/ip/micro_risc_v1/micro_risc_v1.v:12223) [EFX-0200]


WARNING  : Removing redundant signal : io_cpu_prefetch_pc[18]. (/home/olle/efinity_p2/BRAM/ip/micro_risc_v1/micro_risc_v1.v:12223) [EFX-0200]


WARNING  : Removing redundant signal : io_cpu_prefetch_pc[17]. (/home/olle/efinity_p2/BRAM/ip/micro_risc_v1/micro_risc_v1.v:12223) [EFX-0200]


WARNING  : Removing redundant signal : io_cpu_prefetch_pc[16]. (/home/olle/efinity_p2/BRAM/ip/micro_risc_v1/micro_risc_v1.v:12223) [EFX-0200]


WARNING  : Removing redundant signal : io_cpu_prefetch_pc[15]. (/home/olle/efinity_p2/BRAM/ip/micro_risc_v1/micro_risc_v1.v:12223) [EFX-0200]


WARNING  : Removing redundant signal : io_cpu_prefetch_pc[14]. (/home/olle/efinity_p2/BRAM/ip/micro_risc_v1/micro_risc_v1.v:12223) [EFX-0200]


WARNING  : Removing redundant signal : io_cpu_prefetch_pc[13]. (/home/olle/efinity_p2/BRAM/ip/micro_risc_v1/micro_risc_v1.v:12223) [EFX-0200]


WARNING  : (The above message was generated too many times, subsequent similar messages will be muted.) [EFX-0200]


INFO     : ... Memory 'banks_0' is not initialized, assuming empty initial contents. (/home/olle/efinity_p2/BRAM/ip/micro_risc_v1/micro_risc_v1.v:12325) [EFX-0677]


INFO     : ... Memory 'ways_0_tags' is not initialized, assuming empty initial contents. (/home/olle/efinity_p2/BRAM/ip/micro_risc_v1/micro_risc_v1.v:12326) [EFX-0677]


INFO     : ... Memory 'ways_0_tags' is not initialized, assuming empty initial contents. (/home/olle/efinity_p2/BRAM/ip/micro_risc_v1/micro_risc_v1.v:11579) [EFX-0677]


INFO     : ... Memory 'ways_0_data_symbol0' is not initialized, assuming empty initial contents. (/home/olle/efinity_p2/BRAM/ip/micro_risc_v1/micro_risc_v1.v:11580) [EFX-0677]


INFO     : ... Memory 'ways_0_data_symbol1' is not initialized, assuming empty initial contents. (/home/olle/efinity_p2/BRAM/ip/micro_risc_v1/micro_risc_v1.v:11581) [EFX-0677]


INFO     : ... Memory 'ways_0_data_symbol2' is not initialized, assuming empty initial contents. (/home/olle/efinity_p2/BRAM/ip/micro_risc_v1/micro_risc_v1.v:11582) [EFX-0677]


INFO     : ... Memory 'ways_0_data_symbol3' is not initialized, assuming empty initial contents. (/home/olle/efinity_p2/BRAM/ip/micro_risc_v1/micro_risc_v1.v:11583) [EFX-0677]


WARNING  : Re-wiring to GND non-driven net 'IBusCachedPlugin_cache_io_cpu_fetch_isRemoved'. (/home/olle/efinity_p2/BRAM/ip/micro_risc_v1/micro_risc_v1.v:5832) [EFX-0201]


WARNING  : Re-wiring to GND non-driven net 'dataCache_1_io_cpu_writeBack_fence_SW'. (/home/olle/efinity_p2/BRAM/ip/micro_risc_v1/micro_risc_v1.v:5845) [EFX-0201]


WARNING  : Re-wiring to GND non-driven net 'dataCache_1_io_cpu_writeBack_fence_SR'. (/home/olle/efinity_p2/BRAM/ip/micro_risc_v1/micro_risc_v1.v:5846) [EFX-0201]


WARNING  : Re-wiring to GND non-driven net 'dataCache_1_io_cpu_writeBack_fence_SO'. (/home/olle/efinity_p2/BRAM/ip/micro_risc_v1/micro_risc_v1.v:5847) [EFX-0201]


WARNING  : Re-wiring to GND non-driven net 'dataCache_1_io_cpu_writeBack_fence_SI'. (/home/olle/efinity_p2/BRAM/ip/micro_risc_v1/micro_risc_v1.v:5848) [EFX-0201]


WARNING  : Re-wiring to GND non-driven net 'dataCache_1_io_cpu_writeBack_fence_PW'. (/home/olle/efinity_p2/BRAM/ip/micro_risc_v1/micro_risc_v1.v:5849) [EFX-0201]


WARNING  : Re-wiring to GND non-driven net 'dataCache_1_io_cpu_writeBack_fence_PR'. (/home/olle/efinity_p2/BRAM/ip/micro_risc_v1/micro_risc_v1.v:5850) [EFX-0201]


WARNING  : Re-wiring to GND non-driven net 'dataCache_1_io_cpu_writeBack_fence_PO'. (/home/olle/efinity_p2/BRAM/ip/micro_risc_v1/micro_risc_v1.v:5851) [EFX-0201]


WARNING  : Re-wiring to GND non-driven net 'dataCache_1_io_cpu_writeBack_fence_PI'. (/home/olle/efinity_p2/BRAM/ip/micro_risc_v1/micro_risc_v1.v:5852) [EFX-0201]


WARNING  : Re-wiring to GND non-driven net 'dataCache_1_io_cpu_writeBack_fence_FM[3]'. (/home/olle/efinity_p2/BRAM/ip/micro_risc_v1/micro_risc_v1.v:5853) [EFX-0201]


WARNING  : (The above message was generated too many times, subsequent similar messages will be muted.) [EFX-0201]


INFO     : ... Memory 'RegFilePlugin_regFile' is not initialized, assuming empty initial contents. (/home/olle/efinity_p2/BRAM/ip/micro_risc_v1/micro_risc_v1.v:6995) [EFX-0677]


INFO     : ... Memory 'logic_progbufX_mem' is not initialized, assuming empty initial contents. (/home/olle/efinity_p2/BRAM/ip/micro_risc_v1/micro_risc_v1.v:4949) [EFX-0677]


INFO     : Module Instance 'memory_arbiter' input pin 'io_inputs_0_payload_fragment_source[0]' is tied to constant (=0). [EFX-0266]


INFO     : Module Instance 'memory_arbiter' input pin 'io_inputs_1_payload_fragment_source[0]' is tied to constant (=0). [EFX-0266]


INFO     : Module Instance 'memory_arbiter' input pin 'io_inputs_1_payload_fragment_context[0]' is tied to constant (=0). [EFX-0266]


INFO     : Module Instance 'tx' input pin 'io_cts' is tied to constant (=0). [EFX-0266]


INFO     : ... Memory 'logic_ram' is not initialized, assuming empty initial contents. (/home/olle/efinity_p2/BRAM/ip/micro_risc_v1/micro_risc_v1.v:10857) [EFX-0677]


INFO     : Module Instance 'bridge_write_streamUnbuffered_queueWithOccupancy' input pin 'io_flush' is tied to constant (=0). [EFX-0266]


INFO     : Module Instance 'uartCtrl_1_io_read_queueWithOccupancy' input pin 'io_flush' is tied to constant (=0). [EFX-0266]


INFO     : Module Instance 'system_bridge_bmb_arbiter' input pin 'io_inputs_1_cmd_payload_fragment_data[0]' is tied to constant (=0). [EFX-0266]


INFO     : Module Instance 'system_bridge_bmb_arbiter' input pin 'io_inputs_1_cmd_payload_fragment_data[1]' is tied to constant (=0). [EFX-0266]


INFO     : Module Instance 'system_bridge_bmb_arbiter' input pin 'io_inputs_1_cmd_payload_fragment_data[2]' is tied to constant (=0). [EFX-0266]


INFO     : Module Instance 'system_bridge_bmb_arbiter' input pin 'io_inputs_1_cmd_payload_fragment_data[3]' is tied to constant (=0). [EFX-0266]


INFO     : Module Instance 'system_bridge_bmb_arbiter' input pin 'io_inputs_1_cmd_payload_fragment_data[4]' is tied to constant (=0). [EFX-0266]


INFO     : Module Instance 'system_bridge_bmb_arbiter' input pin 'io_inputs_1_cmd_payload_fragment_data[5]' is tied to constant (=0). [EFX-0266]


INFO     : Module Instance 'system_bridge_bmb_arbiter' input pin 'io_inputs_1_cmd_payload_fragment_data[6]' is tied to constant (=0). [EFX-0266]


INFO     : Module Instance 'system_bridge_bmb_arbiter' input pin 'io_inputs_1_cmd_payload_fragment_data[7]' is tied to constant (=0). [EFX-0266]


INFO     : Module Instance 'system_bridge_bmb_arbiter' input pin 'io_inputs_1_cmd_payload_fragment_data[8]' is tied to constant (=0). [EFX-0266]


INFO     : Module Instance 'system_bridge_bmb_arbiter' input pin 'io_inputs_1_cmd_payload_fragment_data[9]' is tied to constant (=0). [EFX-0266]


INFO     : Module Instance 'system_bridge_bmb_arbiter' input pin 'io_inputs_1_cmd_payload_fragment_data[10]' is tied to constant (=0). [EFX-0266]


INFO     : Module Instance 'system_bridge_bmb_arbiter' input pin 'io_inputs_1_cmd_payload_fragment_data[11]' is tied to constant (=0). [EFX-0266]


INFO     : Module Instance 'system_bridge_bmb_arbiter' input pin 'io_inputs_1_cmd_payload_fragment_data[12]' is tied to constant (=0). [EFX-0266]


INFO     : Module Instance 'system_bridge_bmb_arbiter' input pin 'io_inputs_1_cmd_payload_fragment_data[13]' is tied to constant (=0). [EFX-0266]


INFO     : Module Instance 'system_bridge_bmb_arbiter' input pin 'io_inputs_1_cmd_payload_fragment_data[14]' is tied to constant (=0). [EFX-0266]


INFO     : Module Instance 'system_bridge_bmb_arbiter' input pin 'io_inputs_1_cmd_payload_fragment_data[15]' is tied to constant (=0). [EFX-0266]


INFO     : Module Instance 'system_bridge_bmb_arbiter' input pin 'io_inputs_1_cmd_payload_fragment_data[16]' is tied to constant (=0). [EFX-0266]


INFO     : Module Instance 'system_bridge_bmb_arbiter' input pin 'io_inputs_1_cmd_payload_fragment_data[17]' is tied to constant (=0). [EFX-0266]


INFO     : Module Instance 'system_bridge_bmb_arbiter' input pin 'io_inputs_1_cmd_payload_fragment_data[18]' is tied to constant (=0). [EFX-0266]


INFO     : Module Instance 'system_bridge_bmb_arbiter' input pin 'io_inputs_1_cmd_payload_fragment_data[19]' is tied to constant (=0). [EFX-0266]


INFO     : Module Instance 'system_bridge_bmb_arbiter' input pin 'io_inputs_1_cmd_payload_fragment_data[20]' is tied to constant (=0). [EFX-0266]


INFO     : Module Instance 'system_bridge_bmb_arbiter' input pin 'io_inputs_1_cmd_payload_fragment_data[21]' is tied to constant (=0). [EFX-0266]


INFO     : Module Instance 'system_bridge_bmb_arbiter' input pin 'io_inputs_1_cmd_payload_fragment_data[22]' is tied to constant (=0). [EFX-0266]


INFO     : Module Instance 'system_bridge_bmb_arbiter' input pin 'io_inputs_1_cmd_payload_fragment_data[23]' is tied to constant (=0). [EFX-0266]


INFO     : Module Instance 'system_bridge_bmb_arbiter' input pin 'io_inputs_1_cmd_payload_fragment_data[24]' is tied to constant (=0). [EFX-0266]


INFO     : Module Instance 'system_bridge_bmb_arbiter' input pin 'io_inputs_1_cmd_payload_fragment_data[25]' is tied to constant (=0). [EFX-0266]


INFO     : Module Instance 'system_bridge_bmb_arbiter' input pin 'io_inputs_1_cmd_payload_fragment_data[26]' is tied to constant (=0). [EFX-0266]


INFO     : Module Instance 'system_bridge_bmb_arbiter' input pin 'io_inputs_1_cmd_payload_fragment_data[27]' is tied to constant (=0). [EFX-0266]


INFO     : Module Instance 'system_bridge_bmb_arbiter' input pin 'io_inputs_1_cmd_payload_fragment_data[28]' is tied to constant (=0). [EFX-0266]


INFO     : Module Instance 'system_bridge_bmb_arbiter' input pin 'io_inputs_1_cmd_payload_fragment_data[29]' is tied to constant (=0). [EFX-0266]


INFO     : Module Instance 'system_bridge_bmb_arbiter' input pin 'io_inputs_1_cmd_payload_fragment_data[30]' is tied to constant (=0). [EFX-0266]


INFO     : Module Instance 'system_bridge_bmb_arbiter' input pin 'io_inputs_1_cmd_payload_fragment_data[31]' is tied to constant (=0). [EFX-0266]


INFO     : Module Instance 'system_bridge_bmb_arbiter' input pin 'io_inputs_1_cmd_payload_fragment_mask[0]' is tied to constant (=0). [EFX-0266]


INFO     : Module Instance 'system_bridge_bmb_arbiter' input pin 'io_inputs_1_cmd_payload_fragment_mask[1]' is tied to constant (=0). [EFX-0266]


INFO     : Module Instance 'system_bridge_bmb_arbiter' input pin 'io_inputs_1_cmd_payload_fragment_mask[2]' is tied to constant (=0). [EFX-0266]


INFO     : Module Instance 'system_bridge_bmb_arbiter' input pin 'io_inputs_1_cmd_payload_fragment_mask[3]' is tied to constant (=0). [EFX-0266]


INFO     : Module Instance 'u_micro_risc_v1' input pin 'jtagCtrl_enable' is tied to constant (=1). [EFX-0266]


INFO     : ... Pre-synthesis checks end (Real time : 0s CPU user time : 1s CPU sys time : 0s MEM : 228868KB)


INFO     : ... NameSpace init begin


INFO     : ... NameSpace init end (Real time : 0s CPU user time : 1s CPU sys time : 0s MEM : 228868KB)


INFO     : ... Mapping design "top_level"


INFO     : ... Hierarchical pre-synthesis "InstructionCache_2fa2c88f3c1f4868ba7cd09620d007ba" begin


INFO     : ... Hierarchical pre-synthesis "InstructionCache_2fa2c88f3c1f4868ba7cd09620d007ba" end (Real time : 0s CPU user time : 1s CPU sys time : 0s MEM : 228868KB)


INFO     : ... Hierarchical pre-synthesis "DataCache_2fa2c88f3c1f4868ba7cd09620d007ba" begin


INFO     : ... Hierarchical pre-synthesis "DataCache_2fa2c88f3c1f4868ba7cd09620d007ba" end (Real time : 0s CPU user time : 1s CPU sys time : 0s MEM : 228868KB)


INFO     : ... Hierarchical pre-synthesis "BufferCC_2fa2c88f3c1f4868ba7cd09620d007ba" begin


INFO     : ... Hierarchical pre-synthesis "BufferCC_2fa2c88f3c1f4868ba7cd09620d007ba" end (Real time : 0s CPU user time : 1s CPU sys time : 0s MEM : 228868KB)


INFO     : ... Hierarchical pre-synthesis "EfxCPUSp1_2fa2c88f3c1f4868ba7cd09620d007ba" begin


INFO     : ... Hierarchical pre-synthesis "EfxCPUSp1_2fa2c88f3c1f4868ba7cd09620d007ba" end (Real time : 0s CPU user time : 1s CPU sys time : 0s MEM : 228868KB)


INFO     : ... Hierarchical pre-synthesis "VexRiscv_2fa2c88f3c1f4868ba7cd09620d007ba" begin


INFO     : ... Hierarchical pre-synthesis "VexRiscv_2fa2c88f3c1f4868ba7cd09620d007ba" end (Real time : 0s CPU user time : 2s CPU sys time : 0s MEM : 228868KB)


INFO     : ... Hierarchical pre-synthesis "DebugModule_2fa2c88f3c1f4868ba7cd09620d007ba" begin


INFO     : ... Hierarchical pre-synthesis "DebugModule_2fa2c88f3c1f4868ba7cd09620d007ba" end (Real time : 0s CPU user time : 2s CPU sys time : 0s MEM : 228868KB)


INFO     : ... Hierarchical pre-synthesis "BufferCC_5_2fa2c88f3c1f4868ba7cd09620d007ba" begin


INFO     : ... Hierarchical pre-synthesis "BufferCC_5_2fa2c88f3c1f4868ba7cd09620d007ba" end (Real time : 0s CPU user time : 2s CPU sys time : 0s MEM : 228868KB)


INFO     : ... Hierarchical pre-synthesis "BufferCC_6_2fa2c88f3c1f4868ba7cd09620d007ba" begin


INFO     : ... Hierarchical pre-synthesis "BufferCC_6_2fa2c88f3c1f4868ba7cd09620d007ba" end (Real time : 0s CPU user time : 2s CPU sys time : 0s MEM : 228868KB)


INFO     : ... Hierarchical pre-synthesis "BufferCC_8_2fa2c88f3c1f4868ba7cd09620d007ba" begin


INFO     : ... Hierarchical pre-synthesis "BufferCC_8_2fa2c88f3c1f4868ba7cd09620d007ba" end (Real time : 0s CPU user time : 2s CPU sys time : 0s MEM : 228868KB)


INFO     : ... Hierarchical pre-synthesis "BufferCC_1_2fa2c88f3c1f4868ba7cd09620d007ba" begin


INFO     : ... Hierarchical pre-synthesis "BufferCC_1_2fa2c88f3c1f4868ba7cd09620d007ba" end (Real time : 0s CPU user time : 2s CPU sys time : 0s MEM : 228868KB)


INFO     : ... Hierarchical pre-synthesis "FlowCCByToggle_2fa2c88f3c1f4868ba7cd09620d007ba" begin


INFO     : ... Hierarchical pre-synthesis "FlowCCByToggle_2fa2c88f3c1f4868ba7cd09620d007ba" end (Real time : 0s CPU user time : 2s CPU sys time : 0s MEM : 228868KB)


INFO     : ... Hierarchical pre-synthesis "BufferCC_2_2fa2c88f3c1f4868ba7cd09620d007ba" begin


INFO     : ... Hierarchical pre-synthesis "BufferCC_2_2fa2c88f3c1f4868ba7cd09620d007ba" end (Real time : 0s CPU user time : 2s CPU sys time : 0s MEM : 228868KB)


INFO     : ... Hierarchical pre-synthesis "BufferCC_3_2fa2c88f3c1f4868ba7cd09620d007ba" begin


INFO     : ... Hierarchical pre-synthesis "BufferCC_3_2fa2c88f3c1f4868ba7cd09620d007ba" end (Real time : 0s CPU user time : 2s CPU sys time : 0s MEM : 228868KB)


INFO     : ... Hierarchical pre-synthesis "FlowCCByToggle_1_2fa2c88f3c1f4868ba7cd09620d007ba" begin


INFO     : ... Hierarchical pre-synthesis "FlowCCByToggle_1_2fa2c88f3c1f4868ba7cd09620d007ba" end (Real time : 0s CPU user time : 2s CPU sys time : 0s MEM : 228868KB)


INFO     : ... Hierarchical pre-synthesis "DebugTransportModuleTunneled_2fa2c88f3c1f4868ba7cd09620d007ba" begin


INFO     : ... Hierarchical pre-synthesis "DebugTransportModuleTunneled_2fa2c88f3c1f4868ba7cd09620d007ba" end (Real time : 0s CPU user time : 2s CPU sys time : 0s MEM : 228868KB)


INFO     : ... Hierarchical pre-synthesis "BmbDecoder_2fa2c88f3c1f4868ba7cd09620d007ba" begin


INFO     : ... Hierarchical pre-synthesis "BmbDecoder_2fa2c88f3c1f4868ba7cd09620d007ba" end (Real time : 0s CPU user time : 2s CPU sys time : 0s MEM : 228868KB)


INFO     : ... Hierarchical pre-synthesis "StreamArbiter_2fa2c88f3c1f4868ba7cd09620d007ba" begin


INFO     : ... Hierarchical pre-synthesis "StreamArbiter_2fa2c88f3c1f4868ba7cd09620d007ba" end (Real time : 0s CPU user time : 2s CPU sys time : 0s MEM : 228868KB)


INFO     : ... Hierarchical pre-synthesis "BmbArbiter_2fa2c88f3c1f4868ba7cd09620d007ba" begin


INFO     : ... Hierarchical pre-synthesis "BmbArbiter_2fa2c88f3c1f4868ba7cd09620d007ba" end (Real time : 0s CPU user time : 2s CPU sys time : 0s MEM : 228868KB)


INFO     : ... Hierarchical pre-synthesis "BmbDecoder_1_2fa2c88f3c1f4868ba7cd09620d007ba" begin


INFO     : ... Hierarchical pre-synthesis "BmbDecoder_1_2fa2c88f3c1f4868ba7cd09620d007ba" end (Real time : 0s CPU user time : 2s CPU sys time : 0s MEM : 228868KB)


INFO     : ... Hierarchical pre-synthesis "BmbOnChipRam_2fa2c88f3c1f4868ba7cd09620d007ba" begin


INFO     : ... Hierarchical pre-synthesis "BmbOnChipRam_2fa2c88f3c1f4868ba7cd09620d007ba" end (Real time : 0s CPU user time : 2s CPU sys time : 0s MEM : 228868KB)


INFO     : ... Hierarchical pre-synthesis "BmbUnburstify_2fa2c88f3c1f4868ba7cd09620d007ba" begin


INFO     : ... Hierarchical pre-synthesis "BmbUnburstify_2fa2c88f3c1f4868ba7cd09620d007ba" end (Real time : 0s CPU user time : 2s CPU sys time : 0s MEM : 228868KB)


INFO     : ... Hierarchical pre-synthesis "BmbDecoder_2_2fa2c88f3c1f4868ba7cd09620d007ba" begin


INFO     : ... Hierarchical pre-synthesis "BmbDecoder_2_2fa2c88f3c1f4868ba7cd09620d007ba" end (Real time : 0s CPU user time : 2s CPU sys time : 0s MEM : 228868KB)


INFO     : ... Hierarchical pre-synthesis "BmbClint_2fa2c88f3c1f4868ba7cd09620d007ba" begin


INFO     : ... Hierarchical pre-synthesis "BmbClint_2fa2c88f3c1f4868ba7cd09620d007ba" end (Real time : 0s CPU user time : 2s CPU sys time : 0s MEM : 228868KB)


INFO     : ... Hierarchical pre-synthesis "UartCtrlTx_2fa2c88f3c1f4868ba7cd09620d007ba" begin


INFO     : ... Hierarchical pre-synthesis "UartCtrlTx_2fa2c88f3c1f4868ba7cd09620d007ba" end (Real time : 0s CPU user time : 2s CPU sys time : 0s MEM : 228868KB)


INFO     : ... Hierarchical pre-synthesis "BufferCC_4_2fa2c88f3c1f4868ba7cd09620d007ba" begin


INFO     : ... Hierarchical pre-synthesis "BufferCC_4_2fa2c88f3c1f4868ba7cd09620d007ba" end (Real time : 0s CPU user time : 2s CPU sys time : 0s MEM : 228868KB)


INFO     : ... Hierarchical pre-synthesis "UartCtrlRx_2fa2c88f3c1f4868ba7cd09620d007ba" begin


INFO     : ... Hierarchical pre-synthesis "UartCtrlRx_2fa2c88f3c1f4868ba7cd09620d007ba" end (Real time : 0s CPU user time : 2s CPU sys time : 0s MEM : 228868KB)


INFO     : ... Hierarchical pre-synthesis "UartCtrl_2fa2c88f3c1f4868ba7cd09620d007ba" begin


INFO     : ... Hierarchical pre-synthesis "UartCtrl_2fa2c88f3c1f4868ba7cd09620d007ba" end (Real time : 0s CPU user time : 2s CPU sys time : 0s MEM : 228868KB)


INFO     : ... Hierarchical pre-synthesis "StreamFifo_2fa2c88f3c1f4868ba7cd09620d007ba" begin


INFO     : ... Hierarchical pre-synthesis "StreamFifo_2fa2c88f3c1f4868ba7cd09620d007ba" end (Real time : 0s CPU user time : 2s CPU sys time : 0s MEM : 228868KB)


INFO     : ... Hierarchical pre-synthesis "BmbUartCtrl_2fa2c88f3c1f4868ba7cd09620d007ba" begin


INFO     : ... Hierarchical pre-synthesis "BmbUartCtrl_2fa2c88f3c1f4868ba7cd09620d007ba" end (Real time : 0s CPU user time : 2s CPU sys time : 0s MEM : 228868KB)


INFO     : ... Hierarchical pre-synthesis "BmbGpio2_2fa2c88f3c1f4868ba7cd09620d007ba" begin


INFO     : ... Hierarchical pre-synthesis "BmbGpio2_2fa2c88f3c1f4868ba7cd09620d007ba" end (Real time : 0s CPU user time : 2s CPU sys time : 0s MEM : 228868KB)


INFO     : ... Hierarchical pre-synthesis "EfxSapphireSoc_2fa2c88f3c1f4868ba7cd09620d007ba" begin


INFO     : ... Hierarchical pre-synthesis "EfxSapphireSoc_2fa2c88f3c1f4868ba7cd09620d007ba" end (Real time : 1s CPU user time : 3s CPU sys time : 0s MEM : 228868KB)


INFO     : ... Hierarchical pre-synthesis "micro_risc_v1" begin


INFO     : ... Hierarchical pre-synthesis "micro_risc_v1" end (Real time : 0s CPU user time : 3s CPU sys time : 0s MEM : 228868KB)


INFO     : ... Hierarchical pre-synthesis "rmii_udp_tx_top" begin


INFO     : ... Hierarchical pre-synthesis "rmii_udp_tx_top" end (Real time : 1s CPU user time : 4s CPU sys time : 0s MEM : 228868KB)


INFO     : ... Hierarchical pre-synthesis "top_level" begin


WARNING  : Mapping into logic memory block 'u_micro_risc_v1/u_EfxSapphireSoc/system_riscvJtag_debug_logic_dm/logic_progbufX_mem' (64 bits) (/home/olle/efinity_p2/BRAM/ip/micro_risc_v1/micro_risc_v1.v:4949) because size is too small (<=64) [EFX-0657]


INFO     : ... Clock Enable Synthesis Performed on 527 flops.


INFO     : ... Hierarchical pre-synthesis "top_level" end (Real time : 0s CPU user time : 5s CPU sys time : 0s MEM : 228868KB)


INFO     : ... Flat optimizations begin


INFO     : ... Flat optimizations end (Real time : 0s CPU user time : 5s CPU sys time : 0s MEM : 228868KB)


INFO     : ... Flat synthesis begin


INFO     : ... Flat synthesis end (Real time : 0s CPU user time : 5s CPU sys time : 0s MEM : 228868KB)


INFO     : ... Flat optimizations begin


INFO     : ... Flat optimizations end (Real time : 0s CPU user time : 5s CPU sys time : 0s MEM : 228868KB)


INFO     : ... Check and break combinational loops begin


INFO     : ... Check and break combinational loops end (Real time : 0s CPU user time : 5s CPU sys time : 0s MEM : 228868KB)


INFO     : ... Sequential Optimization begin


INFO     : ... Clock Network 'pll_clk' with 2314 loads will be considered for sequential optimization.


INFO     : ... Clock Network 'jtag_dummy_TCK' with 221 loads will be considered for sequential optimization.


INFO     : ... Clock Network 'clk' with 121 loads will be considered for sequential optimization.


INFO     : ... Sequential Optimization deduced 569 equivalent points.


INFO     : ... Sequential Optimization end (Real time : 15s CPU user time : 21s CPU sys time : 0s MEM : 228868KB)


INFO     : ... Setup for logic synthesis begin


INFO     : ... Setup for logic synthesis end (Real time : 0s CPU user time : 21s CPU sys time : 0s MEM : 228868KB)


INFO     : ... LUT mapping begin


INFO     : ... LS, strategy: 3, nd: 3380, ed: 11245, lv: 8, pw: 6348.56


INFO     : ... LUT mapping end (Real time : 12s CPU user time : 35s CPU sys time : 0s MEM : 228868KB)


INFO     : ... Post-synthesis Verific netlist creation begin


INFO     : ... Post-synthesis Verific netlist creation end (Real time : 0s CPU user time : 35s CPU sys time : 0s MEM : 228868KB)


INFO     : ... Postmap Retiming Optimization begin


INFO     : ... Clock Network 'pll_clk~pll_clk' with 2301 loads will be considered for retiming optimization.


INFO     : ... Clock Network 'jtag_dummy_TCK~jtag_dummy_TCK' with 220 loads will be considered for retiming optimization.


INFO     : ... Clock Network 'clk~clk' with 114 loads will be considered for retiming optimization.


INFO     : ... Performed 3 retime moves.


INFO     : ... Postmap Retiming Optimization end (Real time : 14s CPU user time : 49s CPU sys time : 0s MEM : 228868KB)


INFO     : ***** Beginning VDB Netlist Checker ... *****


WARNING  : /home/olle/efinity_p2/BRAM/top_level.vhd(11): Input/inout port phy_intr_n is unconnected and will be removed. [VDB-8003]


WARNING  : /home/olle/efinity_p2/BRAM/top_level.vhd(16): Input/inout port rmii_crs_dv is unconnected and will be removed. [VDB-8003]


WARNING  : /home/olle/efinity_p2/BRAM/top_level.vhd(17): Input/inout port rmii_rx_er is unconnected and will be removed. [VDB-8003]


WARNING  : /home/olle/efinity_p2/BRAM/top_level.vhd(18): Input/inout port rmii_rxd[1] is unconnected and will be removed. [VDB-8003]


WARNING  : /home/olle/efinity_p2/BRAM/top_level.vhd(21): Input/inout port mdio_i is unconnected and will be removed. [VDB-8003]


WARNING  : /home/olle/efinity_p2/BRAM/top_level.vhd(29): Input/inout port jtag_dummy_TMS is unconnected and will be removed. [VDB-8003]


WARNING  : /home/olle/efinity_p2/BRAM/top_level.vhd(30): Input/inout port jtag_dummy_SEL is unconnected and will be removed. [VDB-8003]


WARNING  : /home/olle/efinity_p2/BRAM/top_level.vhd(31): Input/inout port jtag_dummy_DRCK is unconnected and will be removed. [VDB-8003]


WARNING  : /home/olle/efinity_p2/BRAM/top_level.vhd(33): Input/inout port jtag_dummy_RUNTEST is unconnected and will be removed. [VDB-8003]


WARNING  : /home/olle/efinity_p2/BRAM/top_level.vhd(38): Input/inout port led4 is unconnected and will be removed. [VDB-8003]


WARNING  : Net u_micro_risc_v1/u_EfxSapphireSoc/system_cores_0_logic_cpu/IBusCachedPlugin_cache/lineLoader_address[0] is dangling. [VDB-8009]


WARNING  : Net u_micro_risc_v1/u_EfxSapphireSoc/system_cores_0_logic_cpu/IBusCachedPlugin_cache/lineLoader_address[1] is dangling. [VDB-8009]


WARNING  : Net u_micro_risc_v1/u_EfxSapphireSoc/system_cores_0_logic_cpu/IBusCachedPlugin_cache/lineLoader_address[2] is dangling. [VDB-8009]


WARNING  : Net u_micro_risc_v1/u_EfxSapphireSoc/system_cores_0_logic_cpu/IBusCachedPlugin_cache/lineLoader_address[3] is dangling. [VDB-8009]


WARNING  : Net u_micro_risc_v1/u_EfxSapphireSoc/system_cores_0_logic_cpu/IBusCachedPlugin_cache/lineLoader_address[4] is dangling. [VDB-8009]


WARNING  : Net u_micro_risc_v1/u_EfxSapphireSoc/system_cores_0_logic_cpu/IBusCachedPlugin_cache/lineLoader_address[5] is dangling. [VDB-8009]


WARNING  : Found 17 warnings in the post-synthesis netlist.


INFO     : VDB Netlist Checker took 0.0232122 seconds.


INFO     : 	VDB Netlist Checker took 0.04 seconds (approximately) in total CPU time.


INFO     : VDB Netlist Checker virtual memory usage: begin = 319.132 MB, end = 319.132 MB, delta = 0 MB


INFO     : VDB Netlist Checker resident set memory usage: begin = 222.992 MB, end = 222.992 MB, delta = 0 MB


INFO     : 	VDB Netlist Checker peak resident set memory usage = 228.868 MB


INFO     : ***** Ending VDB Netlist Checker ... *****


INFO     : Resource Summary 


INFO     : =============================== 


INFO     : EFX_ADD         : 	335


INFO     : EFX_LUT4        : 	3371


INFO     : EFX_FF          : 	2664


INFO     : EFX_RAM_5K      : 	40


INFO     : EFX_GBUFCE      : 	3


INFO     : =============================== 


INFO     : ... Post-Map Verilog Writer begin


INFO     : Writing netlist 'top_level' to Verilog file '/home/olle/efinity_p2/BRAM/outflow/BRAM.map.v' [VDB-1030]


INFO     : ... Post-Map Verilog Writer end (Real time : 0s CPU user time : 49s CPU sys time : 0s MEM : 228868KB)


INFO     : The entire flow of EFX_MAP took 47.2759 seconds.


INFO     : 	The entire flow of EFX_MAP took 50 seconds (approximately) in total CPU time.


INFO     : The entire flow of EFX_MAP virtual memory usage: begin = 88.404 MB, end = 319.132 MB, delta = 230.728 MB


INFO     : The entire flow of EFX_MAP resident set memory usage: begin = 27.136 MB, end = 223.12 MB, delta = 195.984 MB


INFO     : 	The entire flow of EFX_MAP peak resident set memory usage = 228.868 MB


Sat August 23 25 11:17:09 - /home/olle/efinix/efinity/2025.1/bin/efx_map finished. Exit code = 0 Exit status : Normal

Running synthesis flow done.

Sat August 23 25 11:17:09 - Start Debugger Flow



-------------------------------------------------------------------------

Debugger

-------------------------------------------------------------------------

Sat August 23 25 11:17:09 - Debugger flow working directory is /home/olle/efinity_p2/BRAM/work_syn


INFO     : --max_threads set to 4 

--------------------------------------------------------------

Start Debugger Step Generate Debugger Cores.

Sat August 23 25 11:17:10 - /home/olle/efinix/efinity/2025.1/bin/python3  -m "efx_dbg.DbgWizard" --device  "T20F169" --family  "Trion" --in_profile_name  "/home/olle/efinity_p2/BRAM/debug_profile.wizard.json" --out_dbg_vdb  "debug_top.post.vdb" --out_profile_name  "/home/olle/efinity_p2/BRAM/debug_profile.wizard.json" --out_dir  "work_dbg"

Sat August 23 25 11:17:10 - Running /home/olle/efinix/efinity/2025.1/bin/python3...

Sat August 23 25 11:17:10 - /home/olle/efinix/efinity/2025.1/bin/python3 finished. Exit code = 0 Exit status : Normal

Debugger Step Generate Debugger Cores. Done

--------------------------------------------------------------

--------------------------------------------------------------

Start Debugger Step Compile Debugger Cores.

Sat August 23 25 11:17:10 - /home/olle/efinix/efinity/2025.1/bin/efx_map  --allow-const-ram-index "0" --blackbox-error "1" --blast_const_operand_adders "1" --bram_output_regs_packing "1" --bram-push-tco-outreg "0" --create-onehot-fsms "0" --fanout-limit "0" --hdl-compile-unit "1" --hdl-loop-limit "20000" --infer-clk-enable "3" --infer-sync-set-reset "1" --enable-mark-debug "1" --max_ram "-1" --max_mult "-1" --max-bit-blast-mem-size "10240" --min-sr-fanout "0" --min-ce-fanout "0" --mode "speed" --mult-auto-pipeline "0" --mult-decomp-retime "0" --operator-sharing "0" --optimize-adder-tree "0" --optimize-zero-init-rom "1" --peri-syn-instantiation "0" --peri-syn-inference "0" --ram-decomp-mode "0" --retiming "1" --seq_opt "1" --seq-opt-sync-only "0" --use-logic-for-small-mem "64" --use-logic-for-small-rom "64" --max_threads "-1" --mult_input_regs_packing "1" --mult_output_regs_packing "1" --I "/home/olle/efinity_p2/BRAM" --I "/home/olle/efinity_p2/BRAM/ip/BRAM_8192_bytes" --I "/home/olle/efinity_p2/BRAM/ip/micro_risc_v1" --family "Trion" --device "T20F169" --root "edb_top" --v "/home/olle/efinity_p2/BRAM/work_dbg/debug_top.v" --write-postmap-module "/home/olle/efinity_p2/BRAM/work_dbg/debug_top.post.vdb" --gen-mark-debug-json "0" --work-dir "/home/olle/efinity_p2/BRAM/work_dbg" --output-dir "/home/olle/efinity_p2/BRAM/outflow"

Sat August 23 25 11:17:10 - Running /home/olle/efinix/efinity/2025.1/bin/efx_map...

INFO     : Efinix FPGA Synthesis.
INFO     : Version: 2025.1.110.2.15
INFO     : Compiled: Jun 21 2025.
INFO     : 
INFO     : Copyright (C) 2013 - 2025 Efinix, Inc. All rights reserved.


INFO     : Analyzing Verilog file '/home/olle/efinix/efinity/2025.1/sim_models/maplib/efinix_peri_lib.v' [VERI-1482]
INFO     : /home/olle/efinix/efinity/2025.1/sim_models/maplib/efinix_peri_lib.v(8): compiling module 'EFX_IBUF' [VERI-1018]
INFO     : /home/olle/efinix/efinity/2025.1/sim_models/maplib/efinix_peri_lib.v(16): compiling module 'EFX_OBUF' [VERI-1018]
INFO     : /home/olle/efinix/efinity/2025.1/sim_models/maplib/efinix_peri_lib.v(23): compiling module 'EFX_IO_BUF' [VERI-1018]
INFO     : /home/olle/efinix/efinity/2025.1/sim_models/maplib/efinix_peri_lib.v(33): compiling module 'EFX_CLKOUT' [VERI-1018]
INFO     : /home/olle/efinix/efinity/2025.1/sim_models/maplib/efinix_peri_lib.v(41): compiling module 'EFX_IREG' [VERI-1018]
INFO     : /home/olle/efinix/efinity/2025.1/sim_models/maplib/efinix_peri_lib.v(51): compiling module 'EFX_OREG' [VERI-1018]
INFO     : /home/olle/efinix/efinity/2025.1/sim_models/maplib/efinix_peri_lib.v(60): compiling module 'EFX_IOREG' [VERI-1018]
INFO     : /home/olle/efinix/efinity/2025.1/sim_models/maplib/efinix_peri_lib.v(75): compiling module 'EFX_IDDIO' [VERI-1018]
INFO     : /home/olle/efinix/efinity/2025.1/sim_models/maplib/efinix_peri_lib.v(87): compiling module 'EFX_ODDIO' [VERI-1018]
INFO     : /home/olle/efinix/efinity/2025.1/sim_models/maplib/efinix_peri_lib.v(99): compiling module 'EFX_GPIO_V1' [VERI-1018]
INFO     : /home/olle/efinix/efinity/2025.1/sim_models/maplib/efinix_peri_lib.v(124): compiling module 'EFX_GPIO_V2' [VERI-1018]
INFO     : /home/olle/efinix/efinity/2025.1/sim_models/maplib/efinix_peri_lib.v(149): compiling module 'EFX_GPIO_V3' [VERI-1018]
INFO     : /home/olle/efinix/efinity/2025.1/sim_models/maplib/efinix_peri_lib.v(186): compiling module 'EFX_PLL_V1' [VERI-1018]
INFO     : /home/olle/efinix/efinity/2025.1/sim_models/maplib/efinix_peri_lib.v(205): compiling module 'EFX_PLL_V2' [VERI-1018]
INFO     : /home/olle/efinix/efinity/2025.1/sim_models/maplib/efinix_peri_lib.v(231): compiling module 'EFX_PLL_V3' [VERI-1018]
INFO     : /home/olle/efinix/efinity/2025.1/sim_models/maplib/efinix_peri_lib.v(279): compiling module 'EFX_OSC_V1' [VERI-1018]
INFO     : /home/olle/efinix/efinity/2025.1/sim_models/maplib/efinix_peri_lib.v(285): compiling module 'EFX_OSC_V3' [VERI-1018]
INFO     : /home/olle/efinix/efinity/2025.1/sim_models/maplib/efinix_peri_lib.v(294): compiling module 'EFX_FPLL_V1' [VERI-1018]

INFO     : /home/olle/efinix/efinity/2025.1/sim_models/maplib/efinix_peri_lib.v(348): compiling module 'EFX_JTAG_V1' [VERI-1018]
INFO     : /home/olle/efinix/efinity/2025.1/sim_models/maplib/efinix_peri_lib.v(357): compiling module 'EFX_JTAG_CTRL' [VERI-1018]
INFO     : /home/olle/efinix/efinity/2025.1/sim_models/maplib/efinix_peri_lib.v(364): compiling module 'EFX_LVDS_RX_V1' [VERI-1018]
INFO     : /home/olle/efinix/efinity/2025.1/sim_models/maplib/efinix_peri_lib.v(381): compiling module 'EFX_LVDS_TX_V1' [VERI-1018]
INFO     : /home/olle/efinix/efinity/2025.1/sim_models/maplib/efinix_peri_lib.v(399): compiling module 'EFX_LVDS_RX_V2' [VERI-1018]
INFO     : /home/olle/efinix/efinity/2025.1/sim_models/maplib/efinix_peri_lib.v(426): compiling module 'EFX_LVDS_TX_V2' [VERI-1018]
INFO     : /home/olle/efinix/efinity/2025.1/sim_models/maplib/efinix_peri_lib.v(446): compiling module 'EFX_LVDS_BIDIR_V2' [VERI-1018]
INFO     : ***** Beginning Analysis ... *****
INFO     : default VHDL library search path is now "/home/olle/efinix/efinity/2025.1/sim_models/vhdl/packages/vhdl_2008" [VHDL-1504]
INFO     : Analyzing Verilog file '/home/olle/efinix/efinity/2025.1/sim_models/maplib/efinix_maplib.v' [VERI-1482]
INFO     : Analyzing Verilog file '/home/olle/efinix/efinity/2025.1/sim_models/maplib/efinix_peri_lib.v' [VERI-1482]
INFO     : Analyzing Verilog file '/home/olle/efinix/efinity/2025.1/sim_models/maplib/efinix_maplib.v' [VERI-1482]

INFO     : Analyzing Verilog file '/home/olle/efinix/efinity/2025.1/sim_models/maplib/efinix_peri_lib.v' [VERI-1482]
INFO     : Analyzing Verilog file '/home/olle/efinity_p2/BRAM/work_dbg/debug_top.v' [VERI-1482]

INFO     : /home/olle/efinity_p2/BRAM/work_dbg/debug_top.v(4460): undeclared symbol 'la_capture_mask', assumed default net type 'wire' [VERI-2561]

INFO     : /home/olle/efinity_p2/BRAM/work_dbg/debug_top.v(4830): undeclared symbol 'next_segment_pointer_eq', assumed default net type 'wire' [VERI-2561]
INFO     : /home/olle/efinity_p2/BRAM/work_dbg/debug_top.v(4831): undeclared symbol 'next_segment_msb_xor', assumed default net type 'wire' [VERI-2561]

INFO     : Analysis took 0.0637548 seconds.
INFO     : 	Analysis took 0.07 seconds (approximately) in total CPU time.
INFO     : Analysis virtual memory usage: begin = 124.56 MB, end = 127.632 MB, delta = 3.072 MB
INFO     : Analysis resident set memory usage: begin = 71.296 MB, end = 74.88 MB, delta = 3.584 MB
INFO     : 	Analysis peak resident set memory usage = 259.684 MB
INFO     : ***** Ending Analysis ... *****
INFO     : ***** Beginning Elaboration ... *****
WARNING  : /home/olle/efinity_p2/BRAM/work_dbg/debug_top.v(174): port 'probe18' remains unconnected for this instance [VERI-1927]
INFO     : /home/olle/efinity_p2/BRAM/work_dbg/debug_top.v(10): compiling module 'edb_top' [VERI-1018]
INFO     : /home/olle/efinity_p2/BRAM/work_dbg/debug_top.v(560): compiling module 'edb_la_top_renamed_due_excessive_length_1' [VERI-1018]

INFO     : /home/olle/efinity_p2/BRAM/work_dbg/debug_top.v(249): compiling module 'edb_adbg_crc32' [VERI-1018]

INFO     : /home/olle/efinity_p2/BRAM/work_dbg/debug_top.v(5561): compiling module 'compare_unit(WIDTH=11'b01,PIPE=1)' [VERI-1018]

INFO     : /home/olle/efinity_p2/BRAM/work_dbg/debug_top.v(5561): compiling module 'compare_unit(WIDTH=11'b011010,PIPE=1)' [VERI-1018]

INFO     : /home/olle/efinity_p2/BRAM/work_dbg/debug_top.v(5561): compiling module 'compare_unit(WIDTH=11'b0100000,PIPE=1)' [VERI-1018]
INFO     : /home/olle/efinity_p2/BRAM/work_dbg/debug_top.v(5561): compiling module 'compare_unit(WIDTH=11'b010,PIPE=1)' [VERI-1018]

INFO     : /home/olle/efinity_p2/BRAM/work_dbg/debug_top.v(5561): compiling module 'compare_unit(WIDTH=11'b01000,PIPE=1)' [VERI-1018]

INFO     : /home/olle/efinity_p2/BRAM/work_dbg/debug_top.v(5561): compiling module 'compare_unit(WIDTH=11'b011,PIPE=1)' [VERI-1018]

INFO     : /home/olle/efinity_p2/BRAM/work_dbg/debug_top.v(5561): compiling module 'compare_unit(WIDTH=11'b0100,PIPE=1)' [VERI-1018]

INFO     : /home/olle/efinity_p2/BRAM/work_dbg/debug_top.v(5561): compiling module 'compare_unit(WIDTH=11'b010000,PIPE=1)' [VERI-1018]

INFO     : /home/olle/efinity_p2/BRAM/work_dbg/debug_top.v(5561): compiling module 'compare_unit(WIDTH=11'b0110,PIPE=1)' [VERI-1018]

INFO     : /home/olle/efinity_p2/BRAM/work_dbg/debug_top.v(5561): compiling module 'compare_unit(WIDTH=11'b011000,PIPE=1)' [VERI-1018]

INFO     : /home/olle/efinity_p2/BRAM/work_dbg/debug_top.v(5766): compiling module 'trigger_unit(WIDTH=32'b010010,PIPE=1)' [VERI-1018]
INFO     : /home/olle/efinity_p2/BRAM/work_dbg/debug_top.v(5891): compiling module 'trigger_skipper' [VERI-1018]
INFO     : /home/olle/efinity_p2/BRAM/work_dbg/debug_top.v(4907): compiling module 'la_biu(CAPTURE_WIDTH=32'b010111100)' [VERI-1018]

INFO     : /home/olle/efinity_p2/BRAM/work_dbg/debug_top.v(4649): compiling module 'fifo_with_read(DATA_WIDTH=32'b010111101)' [VERI-1018]
INFO     : /home/olle/efinity_p2/BRAM/work_dbg/debug_top.v(4599): compiling module 'fifo_address_trancode_unit' [VERI-1018]
INFO     : /home/olle/efinity_p2/BRAM/work_dbg/debug_top.v(470): compiling module 'edb_simple_dual_port_ram(DATA_WIDTH=32'b010111101,ADDR_WIDTH=10,RAM_INIT_FILE="")' [VERI-1018]
INFO     : /home/olle/efinity_p2/BRAM/work_dbg/debug_top.v(485): extracting RAM for identifier 'ram' [VERI-2571]

INFO     : /home/olle/efinity_p2/BRAM/work_dbg/debug_top.v(327): compiling module 'debug_hub' [VERI-1018]
WARNING  : /home/olle/efinity_p2/BRAM/work_dbg/debug_top.v(135): input port 'probe18[0]' remains unconnected for this instance [VDB-1053]
INFO     : Elaboration took 0.680654 seconds.
INFO     : 	Elaboration took 0.65 seconds (approximately) in total CPU time.
INFO     : Elaboration virtual memory usage: begin = 127.632 MB, end = 166.544 MB, delta = 38.912 MB
INFO     : Elaboration resident set memory usage: begin = 74.88 MB, end = 114.688 MB, delta = 39.808 MB
INFO     : 	Elaboration peak resident set memory usage = 259.684 MB
INFO     : ***** Ending Elaboration ... *****
INFO     : ... Setting Synthesis Option: mode=speed
INFO     : ***** Beginning Reading Mapping Library ... *****

INFO     : Analyzing Verilog file '/home/olle/efinix/efinity/2025.1/sim_models/maplib/efinix_maplib.v' [VERI-1482]
INFO     : /home/olle/efinix/efinity/2025.1/sim_models/maplib/efinix_maplib.v(8): compiling module 'EFX_ADD' [VERI-1018]
INFO     : /home/olle/efinix/efinity/2025.1/sim_models/maplib/efinix_maplib.v(21): compiling module 'EFX_FF' [VERI-1018]
INFO     : /home/olle/efinix/efinity/2025.1/sim_models/maplib/efinix_maplib.v(38): compiling module 'EFX_COMB4' [VERI-1018]
INFO     : /home/olle/efinix/efinity/2025.1/sim_models/maplib/efinix_maplib.v(48): compiling module 'EFX_GBUFCE' [VERI-1018]
INFO     : /home/olle/efinix/efinity/2025.1/sim_models/maplib/efinix_maplib.v(57): compiling module 'EFX_LUT4' [VERI-1018]
INFO     : /home/olle/efinix/efinity/2025.1/sim_models/maplib/efinix_maplib.v(65): compiling module 'EFX_MULT' [VERI-1018]
INFO     : /home/olle/efinix/efinity/2025.1/sim_models/maplib/efinix_maplib.v(100): compiling module 'EFX_DSP48' [VERI-1018]
INFO     : /home/olle/efinix/efinity/2025.1/sim_models/maplib/efinix_maplib.v(156): compiling module 'EFX_DSP24' [VERI-1018]
INFO     : /home/olle/efinix/efinity/2025.1/sim_models/maplib/efinix_maplib.v(209): compiling module 'EFX_DSP12' [VERI-1018]
INFO     : /home/olle/efinix/efinity/2025.1/sim_models/maplib/efinix_maplib.v(262): compiling module 'EFX_RAM_4K' [VERI-1018]
INFO     : /home/olle/efinix/efinity/2025.1/sim_models/maplib/efinix_maplib.v(322): compiling module 'EFX_RAM_5K' [VERI-1018]
INFO     : /home/olle/efinix/efinity/2025.1/sim_models/maplib/efinix_maplib.v(394): compiling module 'EFX_DPRAM_5K' [VERI-1018]
INFO     : /home/olle/efinix/efinity/2025.1/sim_models/maplib/efinix_maplib.v(499): compiling module 'RAMB5' [VERI-1018]
INFO     : /home/olle/efinix/efinity/2025.1/sim_models/maplib/efinix_maplib.v(561): compiling module 'EFX_RAM_10K' [VERI-1018]
INFO     : /home/olle/efinix/efinity/2025.1/sim_models/maplib/efinix_maplib.v(653): compiling module 'EFX_RAM10' [VERI-1018]
INFO     : /home/olle/efinix/efinity/2025.1/sim_models/maplib/efinix_maplib.v(754): compiling module 'EFX_DPRAM10' [VERI-1018]
INFO     : /home/olle/efinix/efinity/2025.1/sim_models/maplib/efinix_maplib.v(884): compiling module 'EFX_SRL8' [VERI-1018]
INFO     : Reading Mapping Library took 0.0143016 seconds.
INFO     : 	Reading Mapping Library took 0.02 seconds (approximately) in total CPU time.
INFO     : Reading Mapping Library virtual memory usage: begin = 166.544 MB, end = 166.544 MB, delta = 0 MB
INFO     : Reading Mapping Library resident set memory usage: begin = 115.2 MB, end = 115.2 MB, delta = 0 MB
INFO     : 	Reading Mapping Library peak resident set memory usage = 259.684 MB
INFO     : ***** Ending Reading Mapping Library ... *****
INFO     : ... Pre-synthesis checks begin
WARNING  : Removing redundant signal : compared_in[0]. (/home/olle/efinity_p2/BRAM/work_dbg/debug_top.v:5567) [EFX-0200]
WARNING  : Removing redundant signal : mask_in[0]. (/home/olle/efinity_p2/BRAM/work_dbg/debug_top.v:5568) [EFX-0200]
WARNING  : Removing redundant signal : trigger_in. (/home/olle/efinity_p2/BRAM/work_dbg/debug_top.v:5778) [EFX-0200]

INFO     : ... Memory 'ram' is not initialized, assuming empty initial contents. (/home/olle/efinity_p2/BRAM/work_dbg/debug_top.v:485) [EFX-0677]
WARNING  : Removing redundant signal : din[188]. (/home/olle/efinity_p2/BRAM/work_dbg/debug_top.v:4662) [EFX-0200]
WARNING  : Removing redundant signal : shift_i. (/home/olle/efinity_p2/BRAM/work_dbg/debug_top.v:4927) [EFX-0200]
WARNING  : Removing redundant signal : trig_out. (/home/olle/efinity_p2/BRAM/work_dbg/debug_top.v:4944) [EFX-0200]
WARNING  : Removing redundant signal : trig_out_ack. (/home/olle/efinity_p2/BRAM/work_dbg/debug_top.v:4945) [EFX-0200]
WARNING  : Removing redundant signal : bscan_DRCK. (/home/olle/efinity_p2/BRAM/work_dbg/debug_top.v:1093) [EFX-0200]
WARNING  : Removing redundant signal : bscan_RESET. (/home/olle/efinity_p2/BRAM/work_dbg/debug_top.v:1094) [EFX-0200]
WARNING  : Removing redundant signal : bscan_RUNTEST. (/home/olle/efinity_p2/BRAM/work_dbg/debug_top.v:1095) [EFX-0200]
WARNING  : Removing redundant signal : bscan_SEL. (/home/olle/efinity_p2/BRAM/work_dbg/debug_top.v:1096) [EFX-0200]
WARNING  : Removing redundant signal : bscan_TMS. (/home/olle/efinity_p2/BRAM/work_dbg/debug_top.v:1100) [EFX-0200]
WARNING  : Removing redundant signal : trig_in_ack. (/home/olle/efinity_p2/BRAM/work_dbg/debug_top.v:1112) [EFX-0200]
WARNING  : Removing redundant signal : mux_capture_cmp[17]. (/home/olle/efinity_p2/BRAM/work_dbg/debug_top.v:3526) [EFX-0200]
WARNING  : Removing redundant signal : mux_capture_cmp[16]. (/home/olle/efinity_p2/BRAM/work_dbg/debug_top.v:3526) [EFX-0200]
WARNING  : Removing redundant signal : mux_capture_cmp[15]. (/home/olle/efinity_p2/BRAM/work_dbg/debug_top.v:3526) [EFX-0200]
WARNING  : Removing redundant signal : mux_capture_cmp[14]. (/home/olle/efinity_p2/BRAM/work_dbg/debug_top.v:3526) [EFX-0200]
WARNING  : Removing redundant signal : mux_capture_cmp[13]. (/home/olle/efinity_p2/BRAM/work_dbg/debug_top.v:3526) [EFX-0200]
WARNING  : Removing redundant signal : mux_capture_cmp[12]. (/home/olle/efinity_p2/BRAM/work_dbg/debug_top.v:3526) [EFX-0200]
WARNING  : Removing redundant signal : mux_capture_cmp[11]. (/home/olle/efinity_p2/BRAM/work_dbg/debug_top.v:3526) [EFX-0200]
WARNING  : (The above message was generated too many times, subsequent similar messages will be muted.) [EFX-0200]

INFO     : Module Instance 'la0' input pin 'trig_in' is tied to constant (=0). [EFX-0266]
INFO     : Module Instance 'la0' input pin 'trig_out_ack' is tied to constant (=0). [EFX-0266]
WARNING  : Re-wiring to GND non-driven net 'la0.probe18[0]'. (/home/olle/efinity_p2/BRAM/work_dbg/debug_top.v:135) [EFX-0201]
WARNING  : Re-wiring to GND non-driven net 'la0.probe19[0]'. (/home/olle/efinity_p2/BRAM/work_dbg/debug_top.v:135) [EFX-0201]
WARNING  : Re-wiring to GND non-driven net 'la0.probe20[0]'. (/home/olle/efinity_p2/BRAM/work_dbg/debug_top.v:135) [EFX-0201]
WARNING  : Re-wiring to GND non-driven net 'la0.probe21[0]'. (/home/olle/efinity_p2/BRAM/work_dbg/debug_top.v:135) [EFX-0201]
WARNING  : Re-wiring to GND non-driven net 'la0.probe22[0]'. (/home/olle/efinity_p2/BRAM/work_dbg/debug_top.v:135) [EFX-0201]
WARNING  : Re-wiring to GND non-driven net 'la0.probe23[0]'. (/home/olle/efinity_p2/BRAM/work_dbg/debug_top.v:135) [EFX-0201]
WARNING  : Re-wiring to GND non-driven net 'la0.probe24[0]'. (/home/olle/efinity_p2/BRAM/work_dbg/debug_top.v:135) [EFX-0201]
WARNING  : Re-wiring to GND non-driven net 'la0.probe25[0]'. (/home/olle/efinity_p2/BRAM/work_dbg/debug_top.v:135) [EFX-0201]
WARNING  : Re-wiring to GND non-driven net 'la0.probe26[0]'. (/home/olle/efinity_p2/BRAM/work_dbg/debug_top.v:135) [EFX-0201]
WARNING  : Re-wiring to GND non-driven net 'la0.probe27[0]'. (/home/olle/efinity_p2/BRAM/work_dbg/debug_top.v:135) [EFX-0201]
WARNING  : (The above message was generated too many times, subsequent similar messages will be muted.) [EFX-0201]
INFO     : ... Pre-synthesis checks end (Real time : 0s CPU user time : 1s CPU sys time : 0s MEM : 259684KB)
INFO     : ... NameSpace init begin
INFO     : ... NameSpace init end (Real time : 0s CPU user time : 1s CPU sys time : 0s MEM : 259684KB)
INFO     : ... Mapping design "edb_top"
INFO     : ... Hierarchical pre-synthesis "edb_adbg_crc32" begin
INFO     : ... Hierarchical pre-synthesis "edb_adbg_crc32" end (Real time : 0s CPU user time : 1s CPU sys time : 0s MEM : 259684KB)
INFO     : ... Hierarchical pre-synthesis "compare_unit(WIDTH=11'b01,PIPE=1)" begin
INFO     : ... Hierarchical pre-synthesis "compare_unit(WIDTH=11'b01,PIPE=1)" end (Real time : 0s CPU user time : 1s CPU sys time : 0s MEM : 259684KB)
INFO     : ... Hierarchical pre-synthesis "compare_unit(WIDTH=11'b011010,PIPE=1)" begin
INFO     : ... Hierarchical pre-synthesis "compare_unit(WIDTH=11'b011010,PIPE=1)" end (Real time : 0s CPU user time : 1s CPU sys time : 0s MEM : 259684KB)
INFO     : ... Hierarchical pre-synthesis "compare_unit(WIDTH=11'b0100000,PIPE=1)" begin
INFO     : ... Hierarchical pre-synthesis "compare_unit(WIDTH=11'b0100000,PIPE=1)" end (Real time : 0s CPU user time : 1s CPU sys time : 0s MEM : 259684KB)
INFO     : ... Hierarchical pre-synthesis "compare_unit(WIDTH=11'b010,PIPE=1)" begin

INFO     : ... Hierarchical pre-synthesis "compare_unit(WIDTH=11'b010,PIPE=1)" end (Real time : 0s CPU user time : 1s CPU sys time : 0s MEM : 259684KB)
INFO     : ... Hierarchical pre-synthesis "compare_unit(WIDTH=11'b01000,PIPE=1)" begin
INFO     : ... Hierarchical pre-synthesis "compare_unit(WIDTH=11'b01000,PIPE=1)" end (Real time : 0s CPU user time : 1s CPU sys time : 0s MEM : 259684KB)
INFO     : ... Hierarchical pre-synthesis "compare_unit(WIDTH=11'b011,PIPE=1)" begin
INFO     : ... Hierarchical pre-synthesis "compare_unit(WIDTH=11'b011,PIPE=1)" end (Real time : 0s CPU user time : 1s CPU sys time : 0s MEM : 259684KB)
INFO     : ... Hierarchical pre-synthesis "compare_unit(WIDTH=11'b0100,PIPE=1)" begin
INFO     : ... Hierarchical pre-synthesis "compare_unit(WIDTH=11'b0100,PIPE=1)" end (Real time : 0s CPU user time : 1s CPU sys time : 0s MEM : 259684KB)
INFO     : ... Hierarchical pre-synthesis "compare_unit(WIDTH=11'b010000,PIPE=1)" begin
INFO     : ... Hierarchical pre-synthesis "compare_unit(WIDTH=11'b010000,PIPE=1)" end (Real time : 0s CPU user time : 1s CPU sys time : 0s MEM : 259684KB)
INFO     : ... Hierarchical pre-synthesis "compare_unit(WIDTH=11'b0110,PIPE=1)" begin
INFO     : ... Hierarchical pre-synthesis "compare_unit(WIDTH=11'b0110,PIPE=1)" end (Real time : 0s CPU user time : 1s CPU sys time : 0s MEM : 259684KB)
INFO     : ... Hierarchical pre-synthesis "compare_unit(WIDTH=11'b011000,PIPE=1)" begin

INFO     : ... Hierarchical pre-synthesis "compare_unit(WIDTH=11'b011000,PIPE=1)" end (Real time : 0s CPU user time : 1s CPU sys time : 0s MEM : 259684KB)
INFO     : ... Hierarchical pre-synthesis "trigger_unit(WIDTH=32'b010010,PIPE=1)" begin
INFO     : ... Hierarchical pre-synthesis "trigger_unit(WIDTH=32'b010010,PIPE=1)" end (Real time : 0s CPU user time : 1s CPU sys time : 0s MEM : 259684KB)
INFO     : ... Hierarchical pre-synthesis "trigger_skipper" begin

INFO     : ... Hierarchical pre-synthesis "trigger_skipper" end (Real time : 0s CPU user time : 1s CPU sys time : 0s MEM : 259684KB)
INFO     : ... Hierarchical pre-synthesis "fifo_address_trancode_unit" begin

INFO     : ... Hierarchical pre-synthesis "fifo_address_trancode_unit" end (Real time : 0s CPU user time : 1s CPU sys time : 0s MEM : 259684KB)
INFO     : ... Hierarchical pre-synthesis "edb_simple_dual_port_ram(DATA_WIDTH=32'b010111101,ADDR_WIDTH=10,RAM_INIT_FILE="")" begin

INFO     : ... Hierarchical pre-synthesis "edb_simple_dual_port_ram(DATA_WIDTH=32'b010111101,ADDR_WIDTH=10,RAM_INIT_FILE="")" end (Real time : 0s CPU user time : 1s CPU sys time : 0s MEM : 259684KB)
INFO     : ... Hierarchical pre-synthesis "fifo_with_read(DATA_WIDTH=32'b010111101)" begin

INFO     : ... Hierarchical pre-synthesis "fifo_with_read(DATA_WIDTH=32'b010111101)" end (Real time : 0s CPU user time : 1s CPU sys time : 0s MEM : 259684KB)
INFO     : ... Hierarchical pre-synthesis "la_biu(CAPTURE_WIDTH=32'b010111100)" begin

INFO     : ... Hierarchical pre-synthesis "la_biu(CAPTURE_WIDTH=32'b010111100)" end (Real time : 0s CPU user time : 1s CPU sys time : 0s MEM : 259684KB)
INFO     : ... Hierarchical pre-synthesis "edb_la_top_renamed_due_excessive_length_1" begin

INFO     : ... Hierarchical pre-synthesis "edb_la_top_renamed_due_excessive_length_1" end (Real time : 1s CPU user time : 2s CPU sys time : 0s MEM : 259684KB)
INFO     : ... Hierarchical pre-synthesis "debug_hub" begin

INFO     : ... Hierarchical pre-synthesis "debug_hub" end (Real time : 0s CPU user time : 2s CPU sys time : 0s MEM : 259684KB)
INFO     : ... Hierarchical pre-synthesis "edb_top" begin

INFO     : ... Clock Enable Synthesis Performed on 129 flops.

INFO     : ... Hierarchical pre-synthesis "edb_top" end (Real time : 0s CPU user time : 3s CPU sys time : 0s MEM : 259684KB)

INFO     : ... Flat optimizations begin

INFO     : ... Flat optimizations end (Real time : 0s CPU user time : 3s CPU sys time : 0s MEM : 259684KB)

INFO     : ... Flat synthesis begin

INFO     : ... Flat synthesis end (Real time : 0s CPU user time : 3s CPU sys time : 0s MEM : 259684KB)

INFO     : ... Flat optimizations begin

INFO     : ... Flat optimizations end (Real time : 0s CPU user time : 3s CPU sys time : 0s MEM : 259684KB)

INFO     : ... Check and break combinational loops begin
INFO     : ... Check and break combinational loops end (Real time : 0s CPU user time : 3s CPU sys time : 0s MEM : 259684KB)

INFO     : ... Sequential Optimization begin

INFO     : ... Clock Network 'la0_clk' with 1600 loads will be considered for sequential optimization.

INFO     : ... Clock Network 'bscan_TCK' with 870 loads will be considered for sequential optimization.

INFO     : ... Sequential Optimization deduced 280 equivalent points.

INFO     : ... Sequential Optimization end (Real time : 10s CPU user time : 13s CPU sys time : 0s MEM : 259684KB)
INFO     : ... Setup for logic synthesis begin

INFO     : ... Setup for logic synthesis end (Real time : 0s CPU user time : 13s CPU sys time : 0s MEM : 259684KB)
INFO     : ... LUT mapping begin

INFO     : ... LS, strategy: 3, nd: 2076, ed: 6432, lv: 8, pw: 3899.39
INFO     : ... LUT mapping end (Real time : 8s CPU user time : 22s CPU sys time : 0s MEM : 259684KB)
INFO     : ... Post-synthesis Verific netlist creation begin

INFO     : ... Post-synthesis Verific netlist creation end (Real time : 0s CPU user time : 22s CPU sys time : 0s MEM : 259684KB)

INFO     : ... Postmap Retiming Optimization begin

INFO     : ... Clock Network 'la0_clk~la0_clk' with 1600 loads will be considered for retiming optimization.

INFO     : ... Clock Network 'bscan_TCK~bscan_TCK' with 870 loads will be considered for retiming optimization.

INFO     : ... Performed 0 retime moves.

INFO     : ... Postmap Retiming Optimization end (Real time : 8s CPU user time : 31s CPU sys time : 0s MEM : 259684KB)

INFO     : ***** Beginning VDB Netlist Checker ... *****

WARNING  : /home/olle/efinity_p2/BRAM/work_dbg/debug_top.v(13): Input/inout port bscan_DRCK is unconnected and will be removed. [VDB-8003]

WARNING  : /home/olle/efinity_p2/BRAM/work_dbg/debug_top.v(15): Input/inout port bscan_RUNTEST is unconnected and will be removed. [VDB-8003]
WARNING  : /home/olle/efinity_p2/BRAM/work_dbg/debug_top.v(20): Input/inout port bscan_TMS is unconnected and will be removed. [VDB-8003]

WARNING  : Found 3 warnings in the post-synthesis netlist.
INFO     : VDB Netlist Checker took 0.0166117 seconds.
INFO     : 	VDB Netlist Checker took 0.04 seconds (approximately) in total CPU time.
INFO     : VDB Netlist Checker virtual memory usage: begin = 305.16 MB, end = 305.16 MB, delta = 0 MB
INFO     : VDB Netlist Checker resident set memory usage: begin = 217.092 MB, end = 217.092 MB, delta = 0 MB
INFO     : 	VDB Netlist Checker peak resident set memory usage = 259.684 MB
INFO     : ***** Ending VDB Netlist Checker ... *****

INFO     : Resource Summary 
INFO     : =============================== 
INFO     : EFX_ADD         : 	155
INFO     : EFX_LUT4        : 	2061
INFO     : EFX_FF          : 	2461
INFO     : EFX_RAM_5K      : 	38
INFO     : EFX_GBUFCE      : 	2
INFO     : =============================== 

INFO     : The entire flow of EFX_MAP took 29.5989 seconds.
INFO     : 	The entire flow of EFX_MAP took 31.7 seconds (approximately) in total CPU time.
INFO     : The entire flow of EFX_MAP virtual memory usage: begin = 88.4 MB, end = 305.16 MB, delta = 216.76 MB
INFO     : The entire flow of EFX_MAP resident set memory usage: begin = 27.392 MB, end = 217.092 MB, delta = 189.7 MB
INFO     : 	The entire flow of EFX_MAP peak resident set memory usage = 259.684 MB

Sat August 23 25 11:17:40 - /home/olle/efinix/efinity/2025.1/bin/efx_map finished. Exit code = 0 Exit status : Normal

Debugger Step Compile Debugger Cores. Done

--------------------------------------------------------------

--------------------------------------------------------------

Start Debugger Step Merge User design with Debugger Cores.

Sat August 23 25 11:17:40 - /home/olle/efinix/efinity/2025.1/bin/efx_map  --family "Trion" --device "T20F169" --gen-mark-debug-json "0" --allow-const-ram-index "0" --blackbox-error "1" --blast_const_operand_adders "1" --bram_output_regs_packing "1" --bram-push-tco-outreg "0" --create-onehot-fsms "0" --fanout-limit "0" --hdl-compile-unit "1" --hdl-loop-limit "20000" --infer-clk-enable "3" --infer-sync-set-reset "1" --enable-mark-debug "1" --max_ram "-1" --max_mult "-1" --max-bit-blast-mem-size "10240" --min-sr-fanout "0" --min-ce-fanout "0" --mode "speed" --mult-auto-pipeline "0" --mult-decomp-retime "0" --operator-sharing "0" --optimize-adder-tree "0" --optimize-zero-init-rom "1" --peri-syn-instantiation "0" --peri-syn-inference "0" --ram-decomp-mode "0" --retiming "1" --seq_opt "1" --seq-opt-sync-only "0" --use-logic-for-small-mem "64" --use-logic-for-small-rom "64" --max_threads "-1" --mult_input_regs_packing "1" --mult_output_regs_packing "1" --I "/home/olle/efinity_p2/BRAM" --I "/home/olle/efinity_p2/BRAM/ip/BRAM_8192_bytes" --I "/home/olle/efinity_p2/BRAM/ip/micro_risc_v1" --root "top_level" --vdb "/home/olle/efinity_p2/BRAM/outflow/BRAM.elab.vdb" --vdb "/home/olle/efinity_p2/BRAM/work_dbg/debug_top.post.vdb" --write-efx-verilog "/home/olle/efinity_p2/BRAM/work_dbg/BRAM.dbg.map.v" --binary-db "/home/olle/efinity_p2/BRAM/work_dbg/BRAM.dbg.vdb" --merge_vdbs=1 --conn "/home/olle/efinity_p2/BRAM/debug_profile.wizard.json" --work-dir "/home/olle/efinity_p2/BRAM/work_dbg" --output-dir "/home/olle/efinity_p2/BRAM/outflow"

Sat August 23 25 11:17:40 - Running /home/olle/efinix/efinity/2025.1/bin/efx_map...

INFO     : Efinix FPGA Synthesis.
INFO     : Version: 2025.1.110.2.15
INFO     : Compiled: Jun 21 2025.
INFO     : 
INFO     : Copyright (C) 2013 - 2025 Efinix, Inc. All rights reserved.


INFO     : Analyzing Verilog file '/home/olle/efinix/efinity/2025.1/sim_models/maplib/efinix_peri_lib.v' [VERI-1482]
INFO     : /home/olle/efinix/efinity/2025.1/sim_models/maplib/efinix_peri_lib.v(8): compiling module 'EFX_IBUF' [VERI-1018]
INFO     : /home/olle/efinix/efinity/2025.1/sim_models/maplib/efinix_peri_lib.v(16): compiling module 'EFX_OBUF' [VERI-1018]
INFO     : /home/olle/efinix/efinity/2025.1/sim_models/maplib/efinix_peri_lib.v(23): compiling module 'EFX_IO_BUF' [VERI-1018]
INFO     : /home/olle/efinix/efinity/2025.1/sim_models/maplib/efinix_peri_lib.v(33): compiling module 'EFX_CLKOUT' [VERI-1018]
INFO     : /home/olle/efinix/efinity/2025.1/sim_models/maplib/efinix_peri_lib.v(41): compiling module 'EFX_IREG' [VERI-1018]
INFO     : /home/olle/efinix/efinity/2025.1/sim_models/maplib/efinix_peri_lib.v(51): compiling module 'EFX_OREG' [VERI-1018]
INFO     : /home/olle/efinix/efinity/2025.1/sim_models/maplib/efinix_peri_lib.v(60): compiling module 'EFX_IOREG' [VERI-1018]
INFO     : /home/olle/efinix/efinity/2025.1/sim_models/maplib/efinix_peri_lib.v(75): compiling module 'EFX_IDDIO' [VERI-1018]
INFO     : /home/olle/efinix/efinity/2025.1/sim_models/maplib/efinix_peri_lib.v(87): compiling module 'EFX_ODDIO' [VERI-1018]
INFO     : /home/olle/efinix/efinity/2025.1/sim_models/maplib/efinix_peri_lib.v(99): compiling module 'EFX_GPIO_V1' [VERI-1018]
INFO     : /home/olle/efinix/efinity/2025.1/sim_models/maplib/efinix_peri_lib.v(124): compiling module 'EFX_GPIO_V2' [VERI-1018]
INFO     : /home/olle/efinix/efinity/2025.1/sim_models/maplib/efinix_peri_lib.v(149): compiling module 'EFX_GPIO_V3' [VERI-1018]
INFO     : /home/olle/efinix/efinity/2025.1/sim_models/maplib/efinix_peri_lib.v(186): compiling module 'EFX_PLL_V1' [VERI-1018]
INFO     : /home/olle/efinix/efinity/2025.1/sim_models/maplib/efinix_peri_lib.v(205): compiling module 'EFX_PLL_V2' [VERI-1018]
INFO     : /home/olle/efinix/efinity/2025.1/sim_models/maplib/efinix_peri_lib.v(231): compiling module 'EFX_PLL_V3' [VERI-1018]
INFO     : /home/olle/efinix/efinity/2025.1/sim_models/maplib/efinix_peri_lib.v(279): compiling module 'EFX_OSC_V1' [VERI-1018]
INFO     : /home/olle/efinix/efinity/2025.1/sim_models/maplib/efinix_peri_lib.v(285): compiling module 'EFX_OSC_V3' [VERI-1018]
INFO     : /home/olle/efinix/efinity/2025.1/sim_models/maplib/efinix_peri_lib.v(294): compiling module 'EFX_FPLL_V1' [VERI-1018]
INFO     : /home/olle/efinix/efinity/2025.1/sim_models/maplib/efinix_peri_lib.v(348): compiling module 'EFX_JTAG_V1' [VERI-1018]
INFO     : /home/olle/efinix/efinity/2025.1/sim_models/maplib/efinix_peri_lib.v(357): compiling module 'EFX_JTAG_CTRL' [VERI-1018]
INFO     : /home/olle/efinix/efinity/2025.1/sim_models/maplib/efinix_peri_lib.v(364): compiling module 'EFX_LVDS_RX_V1' [VERI-1018]
INFO     : /home/olle/efinix/efinity/2025.1/sim_models/maplib/efinix_peri_lib.v(381): compiling module 'EFX_LVDS_TX_V1' [VERI-1018]
INFO     : /home/olle/efinix/efinity/2025.1/sim_models/maplib/efinix_peri_lib.v(399): compiling module 'EFX_LVDS_RX_V2' [VERI-1018]
INFO     : /home/olle/efinix/efinity/2025.1/sim_models/maplib/efinix_peri_lib.v(426): compiling module 'EFX_LVDS_TX_V2' [VERI-1018]
INFO     : /home/olle/efinix/efinity/2025.1/sim_models/maplib/efinix_peri_lib.v(446): compiling module 'EFX_LVDS_BIDIR_V2' [VERI-1018]

ERROR    : Cannot find net "tick_cnt[0]". command: "connect"
ERROR    : Failed to parse connection profile /home/olle/efinity_p2/BRAM/debug_profile.wizard.json
ERROR    : No top design. [EFX-0210]
INFO     : The entire flow of EFX_MAP took 0.824655 seconds.
INFO     : 	The entire flow of EFX_MAP took 0.76 seconds (approximately) in total CPU time.
INFO     : The entire flow of EFX_MAP virtual memory usage: begin = 88.4 MB, end = 168.08 MB, delta = 79.68 MB
INFO     : The entire flow of EFX_MAP resident set memory usage: begin = 27.392 MB, end = 115.84 MB, delta = 88.448 MB
INFO     : 	The entire flow of EFX_MAP peak resident set memory usage = 259.684 MB

Sat August 23 25 11:17:41 - /home/olle/efinix/efinity/2025.1/bin/efx_map finished. Exit code = 65 Exit status : Normal

Running Debugger Step 2 fail. See exit code and exit status

Sat August 23 25 11:17:41 - End Debugger Flow

Sat August 23 25 11:17:41 - Running automated flow starting from synthesis done. Total duration = 1m 20.25s

Sat August 23 25 11:17:58 - Running automated flow starting from placement...



Sat August 23 25 11:17:58 - Floorplan closed VM : 618.764 MB RSS : 268.704 MB

Sat August 23 25 11:17:58 - Start Debugger Flow



-------------------------------------------------------------------------

Debugger

-------------------------------------------------------------------------

Sat August 23 25 11:17:58 - Debugger flow working directory is /home/olle/efinity_p2/BRAM/work_syn


INFO     : --max_threads set to 4 

--------------------------------------------------------------

Start Debugger Step Generate Debugger Cores.

Sat August 23 25 11:17:59 - /home/olle/efinix/efinity/2025.1/bin/python3  -m "efx_dbg.DbgWizard" --device  "T20F169" --family  "Trion" --in_profile_name  "/home/olle/efinity_p2/BRAM/debug_profile.wizard.json" --out_dbg_vdb  "debug_top.post.vdb" --out_profile_name  "/home/olle/efinity_p2/BRAM/debug_profile.wizard.json" --out_dir  "work_dbg"

Sat August 23 25 11:17:59 - Running /home/olle/efinix/efinity/2025.1/bin/python3...

Sat August 23 25 11:17:59 - /home/olle/efinix/efinity/2025.1/bin/python3 finished. Exit code = 0 Exit status : Normal

Debugger Step Generate Debugger Cores. Done

--------------------------------------------------------------

--------------------------------------------------------------

Start Debugger Step Compile Debugger Cores.

Sat August 23 25 11:17:59 - /home/olle/efinix/efinity/2025.1/bin/efx_map  --allow-const-ram-index "0" --blackbox-error "1" --blast_const_operand_adders "1" --bram_output_regs_packing "1" --bram-push-tco-outreg "0" --create-onehot-fsms "0" --fanout-limit "0" --hdl-compile-unit "1" --hdl-loop-limit "20000" --infer-clk-enable "3" --infer-sync-set-reset "1" --enable-mark-debug "1" --max_ram "-1" --max_mult "-1" --max-bit-blast-mem-size "10240" --min-sr-fanout "0" --min-ce-fanout "0" --mode "speed" --mult-auto-pipeline "0" --mult-decomp-retime "0" --operator-sharing "0" --optimize-adder-tree "0" --optimize-zero-init-rom "1" --peri-syn-instantiation "0" --peri-syn-inference "0" --ram-decomp-mode "0" --retiming "1" --seq_opt "1" --seq-opt-sync-only "0" --use-logic-for-small-mem "64" --use-logic-for-small-rom "64" --max_threads "-1" --mult_input_regs_packing "1" --mult_output_regs_packing "1" --I "/home/olle/efinity_p2/BRAM" --I "/home/olle/efinity_p2/BRAM/ip/BRAM_8192_bytes" --I "/home/olle/efinity_p2/BRAM/ip/micro_risc_v1" --family "Trion" --device "T20F169" --root "edb_top" --v "/home/olle/efinity_p2/BRAM/work_dbg/debug_top.v" --write-postmap-module "/home/olle/efinity_p2/BRAM/work_dbg/debug_top.post.vdb" --gen-mark-debug-json "0" --work-dir "/home/olle/efinity_p2/BRAM/work_dbg" --output-dir "/home/olle/efinity_p2/BRAM/outflow"

Sat August 23 25 11:17:59 - Running /home/olle/efinix/efinity/2025.1/bin/efx_map...

INFO     : Efinix FPGA Synthesis.
INFO     : Version: 2025.1.110.2.15
INFO     : Compiled: Jun 21 2025.
INFO     : 
INFO     : Copyright (C) 2013 - 2025 Efinix, Inc. All rights reserved.


INFO     : Analyzing Verilog file '/home/olle/efinix/efinity/2025.1/sim_models/maplib/efinix_peri_lib.v' [VERI-1482]

INFO     : /home/olle/efinix/efinity/2025.1/sim_models/maplib/efinix_peri_lib.v(8): compiling module 'EFX_IBUF' [VERI-1018]
INFO     : /home/olle/efinix/efinity/2025.1/sim_models/maplib/efinix_peri_lib.v(16): compiling module 'EFX_OBUF' [VERI-1018]
INFO     : /home/olle/efinix/efinity/2025.1/sim_models/maplib/efinix_peri_lib.v(23): compiling module 'EFX_IO_BUF' [VERI-1018]
INFO     : /home/olle/efinix/efinity/2025.1/sim_models/maplib/efinix_peri_lib.v(33): compiling module 'EFX_CLKOUT' [VERI-1018]
INFO     : /home/olle/efinix/efinity/2025.1/sim_models/maplib/efinix_peri_lib.v(41): compiling module 'EFX_IREG' [VERI-1018]
INFO     : /home/olle/efinix/efinity/2025.1/sim_models/maplib/efinix_peri_lib.v(51): compiling module 'EFX_OREG' [VERI-1018]
INFO     : /home/olle/efinix/efinity/2025.1/sim_models/maplib/efinix_peri_lib.v(60): compiling module 'EFX_IOREG' [VERI-1018]
INFO     : /home/olle/efinix/efinity/2025.1/sim_models/maplib/efinix_peri_lib.v(75): compiling module 'EFX_IDDIO' [VERI-1018]
INFO     : /home/olle/efinix/efinity/2025.1/sim_models/maplib/efinix_peri_lib.v(87): compiling module 'EFX_ODDIO' [VERI-1018]
INFO     : /home/olle/efinix/efinity/2025.1/sim_models/maplib/efinix_peri_lib.v(99): compiling module 'EFX_GPIO_V1' [VERI-1018]
INFO     : /home/olle/efinix/efinity/2025.1/sim_models/maplib/efinix_peri_lib.v(124): compiling module 'EFX_GPIO_V2' [VERI-1018]
INFO     : /home/olle/efinix/efinity/2025.1/sim_models/maplib/efinix_peri_lib.v(149): compiling module 'EFX_GPIO_V3' [VERI-1018]
INFO     : /home/olle/efinix/efinity/2025.1/sim_models/maplib/efinix_peri_lib.v(186): compiling module 'EFX_PLL_V1' [VERI-1018]
INFO     : /home/olle/efinix/efinity/2025.1/sim_models/maplib/efinix_peri_lib.v(205): compiling module 'EFX_PLL_V2' [VERI-1018]
INFO     : /home/olle/efinix/efinity/2025.1/sim_models/maplib/efinix_peri_lib.v(231): compiling module 'EFX_PLL_V3' [VERI-1018]
INFO     : /home/olle/efinix/efinity/2025.1/sim_models/maplib/efinix_peri_lib.v(279): compiling module 'EFX_OSC_V1' [VERI-1018]
INFO     : /home/olle/efinix/efinity/2025.1/sim_models/maplib/efinix_peri_lib.v(285): compiling module 'EFX_OSC_V3' [VERI-1018]
INFO     : /home/olle/efinix/efinity/2025.1/sim_models/maplib/efinix_peri_lib.v(294): compiling module 'EFX_FPLL_V1' [VERI-1018]
INFO     : /home/olle/efinix/efinity/2025.1/sim_models/maplib/efinix_peri_lib.v(348): compiling module 'EFX_JTAG_V1' [VERI-1018]
INFO     : /home/olle/efinix/efinity/2025.1/sim_models/maplib/efinix_peri_lib.v(357): compiling module 'EFX_JTAG_CTRL' [VERI-1018]
INFO     : /home/olle/efinix/efinity/2025.1/sim_models/maplib/efinix_peri_lib.v(364): compiling module 'EFX_LVDS_RX_V1' [VERI-1018]
INFO     : /home/olle/efinix/efinity/2025.1/sim_models/maplib/efinix_peri_lib.v(381): compiling module 'EFX_LVDS_TX_V1' [VERI-1018]
INFO     : /home/olle/efinix/efinity/2025.1/sim_models/maplib/efinix_peri_lib.v(399): compiling module 'EFX_LVDS_RX_V2' [VERI-1018]
INFO     : /home/olle/efinix/efinity/2025.1/sim_models/maplib/efinix_peri_lib.v(426): compiling module 'EFX_LVDS_TX_V2' [VERI-1018]
INFO     : /home/olle/efinix/efinity/2025.1/sim_models/maplib/efinix_peri_lib.v(446): compiling module 'EFX_LVDS_BIDIR_V2' [VERI-1018]
INFO     : ***** Beginning Analysis ... *****
INFO     : default VHDL library search path is now "/home/olle/efinix/efinity/2025.1/sim_models/vhdl/packages/vhdl_2008" [VHDL-1504]
INFO     : Analyzing Verilog file '/home/olle/efinix/efinity/2025.1/sim_models/maplib/efinix_maplib.v' [VERI-1482]
INFO     : Analyzing Verilog file '/home/olle/efinix/efinity/2025.1/sim_models/maplib/efinix_peri_lib.v' [VERI-1482]

INFO     : Analyzing Verilog file '/home/olle/efinix/efinity/2025.1/sim_models/maplib/efinix_maplib.v' [VERI-1482]
INFO     : Analyzing Verilog file '/home/olle/efinix/efinity/2025.1/sim_models/maplib/efinix_peri_lib.v' [VERI-1482]
INFO     : Analyzing Verilog file '/home/olle/efinity_p2/BRAM/work_dbg/debug_top.v' [VERI-1482]

INFO     : /home/olle/efinity_p2/BRAM/work_dbg/debug_top.v(4456): undeclared symbol 'la_capture_mask', assumed default net type 'wire' [VERI-2561]

INFO     : /home/olle/efinity_p2/BRAM/work_dbg/debug_top.v(4826): undeclared symbol 'next_segment_pointer_eq', assumed default net type 'wire' [VERI-2561]
INFO     : /home/olle/efinity_p2/BRAM/work_dbg/debug_top.v(4827): undeclared symbol 'next_segment_msb_xor', assumed default net type 'wire' [VERI-2561]
INFO     : Analysis took 0.0621232 seconds.
INFO     : 	Analysis took 0.06 seconds (approximately) in total CPU time.
INFO     : Analysis virtual memory usage: begin = 124.564 MB, end = 127.636 MB, delta = 3.072 MB
INFO     : Analysis resident set memory usage: begin = 71.296 MB, end = 75.008 MB, delta = 3.712 MB
INFO     : 	Analysis peak resident set memory usage = 320.288 MB
INFO     : ***** Ending Analysis ... *****
INFO     : ***** Beginning Elaboration ... *****
WARNING  : /home/olle/efinity_p2/BRAM/work_dbg/debug_top.v(170): port 'probe17' remains unconnected for this instance [VERI-1927]
INFO     : /home/olle/efinity_p2/BRAM/work_dbg/debug_top.v(10): compiling module 'edb_top' [VERI-1018]

INFO     : /home/olle/efinity_p2/BRAM/work_dbg/debug_top.v(556): compiling module 'edb_la_top_renamed_due_excessive_length_1' [VERI-1018]

INFO     : /home/olle/efinity_p2/BRAM/work_dbg/debug_top.v(245): compiling module 'edb_adbg_crc32' [VERI-1018]

INFO     : /home/olle/efinity_p2/BRAM/work_dbg/debug_top.v(5557): compiling module 'compare_unit(WIDTH=11'b01,PIPE=1)' [VERI-1018]
INFO     : /home/olle/efinity_p2/BRAM/work_dbg/debug_top.v(5557): compiling module 'compare_unit(WIDTH=11'b011010,PIPE=1)' [VERI-1018]

INFO     : /home/olle/efinity_p2/BRAM/work_dbg/debug_top.v(5557): compiling module 'compare_unit(WIDTH=11'b0100000,PIPE=1)' [VERI-1018]

INFO     : /home/olle/efinity_p2/BRAM/work_dbg/debug_top.v(5557): compiling module 'compare_unit(WIDTH=11'b010,PIPE=1)' [VERI-1018]

INFO     : /home/olle/efinity_p2/BRAM/work_dbg/debug_top.v(5557): compiling module 'compare_unit(WIDTH=11'b01000,PIPE=1)' [VERI-1018]
INFO     : /home/olle/efinity_p2/BRAM/work_dbg/debug_top.v(5557): compiling module 'compare_unit(WIDTH=11'b011,PIPE=1)' [VERI-1018]

INFO     : /home/olle/efinity_p2/BRAM/work_dbg/debug_top.v(5557): compiling module 'compare_unit(WIDTH=11'b0100,PIPE=1)' [VERI-1018]

INFO     : /home/olle/efinity_p2/BRAM/work_dbg/debug_top.v(5557): compiling module 'compare_unit(WIDTH=11'b010000,PIPE=1)' [VERI-1018]

INFO     : /home/olle/efinity_p2/BRAM/work_dbg/debug_top.v(5557): compiling module 'compare_unit(WIDTH=11'b0110,PIPE=1)' [VERI-1018]

INFO     : /home/olle/efinity_p2/BRAM/work_dbg/debug_top.v(5557): compiling module 'compare_unit(WIDTH=11'b011000,PIPE=1)' [VERI-1018]

INFO     : /home/olle/efinity_p2/BRAM/work_dbg/debug_top.v(5762): compiling module 'trigger_unit(WIDTH=32'b010001,PIPE=1)' [VERI-1018]
INFO     : /home/olle/efinity_p2/BRAM/work_dbg/debug_top.v(5887): compiling module 'trigger_skipper' [VERI-1018]
INFO     : /home/olle/efinity_p2/BRAM/work_dbg/debug_top.v(4903): compiling module 'la_biu(CAPTURE_WIDTH=32'b010100010)' [VERI-1018]

INFO     : /home/olle/efinity_p2/BRAM/work_dbg/debug_top.v(4645): compiling module 'fifo_with_read(DATA_WIDTH=32'b010100011)' [VERI-1018]
INFO     : /home/olle/efinity_p2/BRAM/work_dbg/debug_top.v(4595): compiling module 'fifo_address_trancode_unit' [VERI-1018]

INFO     : /home/olle/efinity_p2/BRAM/work_dbg/debug_top.v(466): compiling module 'edb_simple_dual_port_ram(DATA_WIDTH=32'b010100011,ADDR_WIDTH=10,RAM_INIT_FILE="")' [VERI-1018]
INFO     : /home/olle/efinity_p2/BRAM/work_dbg/debug_top.v(481): extracting RAM for identifier 'ram' [VERI-2571]

INFO     : /home/olle/efinity_p2/BRAM/work_dbg/debug_top.v(323): compiling module 'debug_hub' [VERI-1018]
WARNING  : /home/olle/efinity_p2/BRAM/work_dbg/debug_top.v(132): input port 'probe17[0]' remains unconnected for this instance [VDB-1053]
INFO     : Elaboration took 0.622375 seconds.
INFO     : 	Elaboration took 0.6 seconds (approximately) in total CPU time.
INFO     : Elaboration virtual memory usage: begin = 127.636 MB, end = 164.5 MB, delta = 36.864 MB
INFO     : Elaboration resident set memory usage: begin = 75.008 MB, end = 113.152 MB, delta = 38.144 MB
INFO     : 	Elaboration peak resident set memory usage = 320.288 MB
INFO     : ***** Ending Elaboration ... *****
INFO     : ... Setting Synthesis Option: mode=speed
INFO     : ***** Beginning Reading Mapping Library ... *****

INFO     : Analyzing Verilog file '/home/olle/efinix/efinity/2025.1/sim_models/maplib/efinix_maplib.v' [VERI-1482]
INFO     : /home/olle/efinix/efinity/2025.1/sim_models/maplib/efinix_maplib.v(8): compiling module 'EFX_ADD' [VERI-1018]
INFO     : /home/olle/efinix/efinity/2025.1/sim_models/maplib/efinix_maplib.v(21): compiling module 'EFX_FF' [VERI-1018]
INFO     : /home/olle/efinix/efinity/2025.1/sim_models/maplib/efinix_maplib.v(38): compiling module 'EFX_COMB4' [VERI-1018]
INFO     : /home/olle/efinix/efinity/2025.1/sim_models/maplib/efinix_maplib.v(48): compiling module 'EFX_GBUFCE' [VERI-1018]
INFO     : /home/olle/efinix/efinity/2025.1/sim_models/maplib/efinix_maplib.v(57): compiling module 'EFX_LUT4' [VERI-1018]
INFO     : /home/olle/efinix/efinity/2025.1/sim_models/maplib/efinix_maplib.v(65): compiling module 'EFX_MULT' [VERI-1018]
INFO     : /home/olle/efinix/efinity/2025.1/sim_models/maplib/efinix_maplib.v(100): compiling module 'EFX_DSP48' [VERI-1018]
INFO     : /home/olle/efinix/efinity/2025.1/sim_models/maplib/efinix_maplib.v(156): compiling module 'EFX_DSP24' [VERI-1018]
INFO     : /home/olle/efinix/efinity/2025.1/sim_models/maplib/efinix_maplib.v(209): compiling module 'EFX_DSP12' [VERI-1018]
INFO     : /home/olle/efinix/efinity/2025.1/sim_models/maplib/efinix_maplib.v(262): compiling module 'EFX_RAM_4K' [VERI-1018]
INFO     : /home/olle/efinix/efinity/2025.1/sim_models/maplib/efinix_maplib.v(322): compiling module 'EFX_RAM_5K' [VERI-1018]
INFO     : /home/olle/efinix/efinity/2025.1/sim_models/maplib/efinix_maplib.v(394): compiling module 'EFX_DPRAM_5K' [VERI-1018]
INFO     : /home/olle/efinix/efinity/2025.1/sim_models/maplib/efinix_maplib.v(499): compiling module 'RAMB5' [VERI-1018]
INFO     : /home/olle/efinix/efinity/2025.1/sim_models/maplib/efinix_maplib.v(561): compiling module 'EFX_RAM_10K' [VERI-1018]
INFO     : /home/olle/efinix/efinity/2025.1/sim_models/maplib/efinix_maplib.v(653): compiling module 'EFX_RAM10' [VERI-1018]
INFO     : /home/olle/efinix/efinity/2025.1/sim_models/maplib/efinix_maplib.v(754): compiling module 'EFX_DPRAM10' [VERI-1018]
INFO     : /home/olle/efinix/efinity/2025.1/sim_models/maplib/efinix_maplib.v(884): compiling module 'EFX_SRL8' [VERI-1018]
INFO     : Reading Mapping Library took 0.0136293 seconds.
INFO     : 	Reading Mapping Library took 0.01 seconds (approximately) in total CPU time.
INFO     : Reading Mapping Library virtual memory usage: begin = 164.5 MB, end = 164.5 MB, delta = 0 MB
INFO     : Reading Mapping Library resident set memory usage: begin = 113.664 MB, end = 113.664 MB, delta = 0 MB
INFO     : 	Reading Mapping Library peak resident set memory usage = 320.288 MB
INFO     : ***** Ending Reading Mapping Library ... *****
INFO     : ... Pre-synthesis checks begin
WARNING  : Removing redundant signal : compared_in[0]. (/home/olle/efinity_p2/BRAM/work_dbg/debug_top.v:5563) [EFX-0200]
WARNING  : Removing redundant signal : mask_in[0]. (/home/olle/efinity_p2/BRAM/work_dbg/debug_top.v:5564) [EFX-0200]
WARNING  : Removing redundant signal : trigger_in. (/home/olle/efinity_p2/BRAM/work_dbg/debug_top.v:5774) [EFX-0200]
INFO     : ... Memory 'ram' is not initialized, assuming empty initial contents. (/home/olle/efinity_p2/BRAM/work_dbg/debug_top.v:481) [EFX-0677]
WARNING  : Removing redundant signal : din[162]. (/home/olle/efinity_p2/BRAM/work_dbg/debug_top.v:4658) [EFX-0200]
WARNING  : Removing redundant signal : shift_i. (/home/olle/efinity_p2/BRAM/work_dbg/debug_top.v:4923) [EFX-0200]
WARNING  : Removing redundant signal : trig_out. (/home/olle/efinity_p2/BRAM/work_dbg/debug_top.v:4940) [EFX-0200]
WARNING  : Removing redundant signal : trig_out_ack. (/home/olle/efinity_p2/BRAM/work_dbg/debug_top.v:4941) [EFX-0200]

WARNING  : Removing redundant signal : bscan_DRCK. (/home/olle/efinity_p2/BRAM/work_dbg/debug_top.v:1089) [EFX-0200]
WARNING  : Removing redundant signal : bscan_RESET. (/home/olle/efinity_p2/BRAM/work_dbg/debug_top.v:1090) [EFX-0200]
WARNING  : Removing redundant signal : bscan_RUNTEST. (/home/olle/efinity_p2/BRAM/work_dbg/debug_top.v:1091) [EFX-0200]
WARNING  : Removing redundant signal : bscan_SEL. (/home/olle/efinity_p2/BRAM/work_dbg/debug_top.v:1092) [EFX-0200]
WARNING  : Removing redundant signal : bscan_TMS. (/home/olle/efinity_p2/BRAM/work_dbg/debug_top.v:1096) [EFX-0200]
WARNING  : Removing redundant signal : trig_in_ack. (/home/olle/efinity_p2/BRAM/work_dbg/debug_top.v:1108) [EFX-0200]
WARNING  : Removing redundant signal : mux_capture_cmp[16]. (/home/olle/efinity_p2/BRAM/work_dbg/debug_top.v:3522) [EFX-0200]
WARNING  : Removing redundant signal : mux_capture_cmp[15]. (/home/olle/efinity_p2/BRAM/work_dbg/debug_top.v:3522) [EFX-0200]
WARNING  : Removing redundant signal : mux_capture_cmp[14]. (/home/olle/efinity_p2/BRAM/work_dbg/debug_top.v:3522) [EFX-0200]
WARNING  : Removing redundant signal : mux_capture_cmp[13]. (/home/olle/efinity_p2/BRAM/work_dbg/debug_top.v:3522) [EFX-0200]
WARNING  : Removing redundant signal : mux_capture_cmp[12]. (/home/olle/efinity_p2/BRAM/work_dbg/debug_top.v:3522) [EFX-0200]
WARNING  : Removing redundant signal : mux_capture_cmp[11]. (/home/olle/efinity_p2/BRAM/work_dbg/debug_top.v:3522) [EFX-0200]
WARNING  : Removing redundant signal : mux_capture_cmp[10]. (/home/olle/efinity_p2/BRAM/work_dbg/debug_top.v:3522) [EFX-0200]
WARNING  : (The above message was generated too many times, subsequent similar messages will be muted.) [EFX-0200]
INFO     : Module Instance 'la0' input pin 'trig_in' is tied to constant (=0). [EFX-0266]
INFO     : Module Instance 'la0' input pin 'trig_out_ack' is tied to constant (=0). [EFX-0266]
WARNING  : Re-wiring to GND non-driven net 'la0.probe17[0]'. (/home/olle/efinity_p2/BRAM/work_dbg/debug_top.v:132) [EFX-0201]
WARNING  : Re-wiring to GND non-driven net 'la0.probe18[0]'. (/home/olle/efinity_p2/BRAM/work_dbg/debug_top.v:132) [EFX-0201]
WARNING  : Re-wiring to GND non-driven net 'la0.probe19[0]'. (/home/olle/efinity_p2/BRAM/work_dbg/debug_top.v:132) [EFX-0201]
WARNING  : Re-wiring to GND non-driven net 'la0.probe20[0]'. (/home/olle/efinity_p2/BRAM/work_dbg/debug_top.v:132) [EFX-0201]
WARNING  : Re-wiring to GND non-driven net 'la0.probe21[0]'. (/home/olle/efinity_p2/BRAM/work_dbg/debug_top.v:132) [EFX-0201]
WARNING  : Re-wiring to GND non-driven net 'la0.probe22[0]'. (/home/olle/efinity_p2/BRAM/work_dbg/debug_top.v:132) [EFX-0201]
WARNING  : Re-wiring to GND non-driven net 'la0.probe23[0]'. (/home/olle/efinity_p2/BRAM/work_dbg/debug_top.v:132) [EFX-0201]
WARNING  : Re-wiring to GND non-driven net 'la0.probe24[0]'. (/home/olle/efinity_p2/BRAM/work_dbg/debug_top.v:132) [EFX-0201]
WARNING  : Re-wiring to GND non-driven net 'la0.probe25[0]'. (/home/olle/efinity_p2/BRAM/work_dbg/debug_top.v:132) [EFX-0201]
WARNING  : Re-wiring to GND non-driven net 'la0.probe26[0]'. (/home/olle/efinity_p2/BRAM/work_dbg/debug_top.v:132) [EFX-0201]
WARNING  : (The above message was generated too many times, subsequent similar messages will be muted.) [EFX-0201]
INFO     : ... Pre-synthesis checks end (Real time : 0s CPU user time : 1s CPU sys time : 0s MEM : 320288KB)
INFO     : ... NameSpace init begin
INFO     : ... NameSpace init end (Real time : 0s CPU user time : 1s CPU sys time : 0s MEM : 320288KB)
INFO     : ... Mapping design "edb_top"
INFO     : ... Hierarchical pre-synthesis "edb_adbg_crc32" begin
INFO     : ... Hierarchical pre-synthesis "edb_adbg_crc32" end (Real time : 0s CPU user time : 1s CPU sys time : 0s MEM : 320288KB)
INFO     : ... Hierarchical pre-synthesis "compare_unit(WIDTH=11'b01,PIPE=1)" begin

INFO     : ... Hierarchical pre-synthesis "compare_unit(WIDTH=11'b01,PIPE=1)" end (Real time : 0s CPU user time : 1s CPU sys time : 0s MEM : 320288KB)
INFO     : ... Hierarchical pre-synthesis "compare_unit(WIDTH=11'b011010,PIPE=1)" begin
INFO     : ... Hierarchical pre-synthesis "compare_unit(WIDTH=11'b011010,PIPE=1)" end (Real time : 0s CPU user time : 1s CPU sys time : 0s MEM : 320288KB)
INFO     : ... Hierarchical pre-synthesis "compare_unit(WIDTH=11'b0100000,PIPE=1)" begin
INFO     : ... Hierarchical pre-synthesis "compare_unit(WIDTH=11'b0100000,PIPE=1)" end (Real time : 0s CPU user time : 1s CPU sys time : 0s MEM : 320288KB)
INFO     : ... Hierarchical pre-synthesis "compare_unit(WIDTH=11'b010,PIPE=1)" begin
INFO     : ... Hierarchical pre-synthesis "compare_unit(WIDTH=11'b010,PIPE=1)" end (Real time : 0s CPU user time : 1s CPU sys time : 0s MEM : 320288KB)
INFO     : ... Hierarchical pre-synthesis "compare_unit(WIDTH=11'b01000,PIPE=1)" begin
INFO     : ... Hierarchical pre-synthesis "compare_unit(WIDTH=11'b01000,PIPE=1)" end (Real time : 0s CPU user time : 1s CPU sys time : 0s MEM : 320288KB)
INFO     : ... Hierarchical pre-synthesis "compare_unit(WIDTH=11'b011,PIPE=1)" begin
INFO     : ... Hierarchical pre-synthesis "compare_unit(WIDTH=11'b011,PIPE=1)" end (Real time : 0s CPU user time : 1s CPU sys time : 0s MEM : 320288KB)
INFO     : ... Hierarchical pre-synthesis "compare_unit(WIDTH=11'b0100,PIPE=1)" begin
INFO     : ... Hierarchical pre-synthesis "compare_unit(WIDTH=11'b0100,PIPE=1)" end (Real time : 0s CPU user time : 1s CPU sys time : 0s MEM : 320288KB)
INFO     : ... Hierarchical pre-synthesis "compare_unit(WIDTH=11'b010000,PIPE=1)" begin
INFO     : ... Hierarchical pre-synthesis "compare_unit(WIDTH=11'b010000,PIPE=1)" end (Real time : 0s CPU user time : 1s CPU sys time : 0s MEM : 320288KB)
INFO     : ... Hierarchical pre-synthesis "compare_unit(WIDTH=11'b0110,PIPE=1)" begin
INFO     : ... Hierarchical pre-synthesis "compare_unit(WIDTH=11'b0110,PIPE=1)" end (Real time : 0s CPU user time : 1s CPU sys time : 0s MEM : 320288KB)
INFO     : ... Hierarchical pre-synthesis "compare_unit(WIDTH=11'b011000,PIPE=1)" begin

INFO     : ... Hierarchical pre-synthesis "compare_unit(WIDTH=11'b011000,PIPE=1)" end (Real time : 0s CPU user time : 1s CPU sys time : 0s MEM : 320288KB)
INFO     : ... Hierarchical pre-synthesis "trigger_unit(WIDTH=32'b010001,PIPE=1)" begin
INFO     : ... Hierarchical pre-synthesis "trigger_unit(WIDTH=32'b010001,PIPE=1)" end (Real time : 0s CPU user time : 1s CPU sys time : 0s MEM : 320288KB)
INFO     : ... Hierarchical pre-synthesis "trigger_skipper" begin

INFO     : ... Hierarchical pre-synthesis "trigger_skipper" end (Real time : 0s CPU user time : 1s CPU sys time : 0s MEM : 320288KB)
INFO     : ... Hierarchical pre-synthesis "fifo_address_trancode_unit" begin
INFO     : ... Hierarchical pre-synthesis "fifo_address_trancode_unit" end (Real time : 0s CPU user time : 1s CPU sys time : 0s MEM : 320288KB)
INFO     : ... Hierarchical pre-synthesis "edb_simple_dual_port_ram(DATA_WIDTH=32'b010100011,ADDR_WIDTH=10,RAM_INIT_FILE="")" begin

INFO     : ... Hierarchical pre-synthesis "edb_simple_dual_port_ram(DATA_WIDTH=32'b010100011,ADDR_WIDTH=10,RAM_INIT_FILE="")" end (Real time : 0s CPU user time : 1s CPU sys time : 0s MEM : 320288KB)
INFO     : ... Hierarchical pre-synthesis "fifo_with_read(DATA_WIDTH=32'b010100011)" begin

INFO     : ... Hierarchical pre-synthesis "fifo_with_read(DATA_WIDTH=32'b010100011)" end (Real time : 0s CPU user time : 1s CPU sys time : 0s MEM : 320288KB)
INFO     : ... Hierarchical pre-synthesis "la_biu(CAPTURE_WIDTH=32'b010100010)" begin

INFO     : ... Hierarchical pre-synthesis "la_biu(CAPTURE_WIDTH=32'b010100010)" end (Real time : 0s CPU user time : 1s CPU sys time : 0s MEM : 320288KB)
INFO     : ... Hierarchical pre-synthesis "edb_la_top_renamed_due_excessive_length_1" begin

INFO     : ... Hierarchical pre-synthesis "edb_la_top_renamed_due_excessive_length_1" end (Real time : 1s CPU user time : 2s CPU sys time : 0s MEM : 320288KB)
INFO     : ... Hierarchical pre-synthesis "debug_hub" begin

INFO     : ... Hierarchical pre-synthesis "debug_hub" end (Real time : 0s CPU user time : 2s CPU sys time : 0s MEM : 320288KB)
INFO     : ... Hierarchical pre-synthesis "edb_top" begin

INFO     : ... Clock Enable Synthesis Performed on 129 flops.

INFO     : ... Hierarchical pre-synthesis "edb_top" end (Real time : 0s CPU user time : 2s CPU sys time : 0s MEM : 320288KB)

INFO     : ... Flat optimizations begin

INFO     : ... Flat optimizations end (Real time : 0s CPU user time : 3s CPU sys time : 0s MEM : 320288KB)

INFO     : ... Flat synthesis begin

INFO     : ... Flat synthesis end (Real time : 0s CPU user time : 3s CPU sys time : 0s MEM : 320288KB)

INFO     : ... Flat optimizations begin

INFO     : ... Flat optimizations end (Real time : 0s CPU user time : 3s CPU sys time : 0s MEM : 320288KB)

INFO     : ... Check and break combinational loops begin
INFO     : ... Check and break combinational loops end (Real time : 0s CPU user time : 3s CPU sys time : 0s MEM : 320288KB)

INFO     : ... Sequential Optimization begin

INFO     : ... Clock Network 'la0_clk' with 1415 loads will be considered for sequential optimization.

INFO     : ... Clock Network 'bscan_TCK' with 815 loads will be considered for sequential optimization.

INFO     : ... Sequential Optimization deduced 270 equivalent points.

INFO     : ... Sequential Optimization end (Real time : 9s CPU user time : 11s CPU sys time : 0s MEM : 320288KB)
INFO     : ... Setup for logic synthesis begin

INFO     : ... Setup for logic synthesis end (Real time : 0s CPU user time : 11s CPU sys time : 0s MEM : 320288KB)
INFO     : ... LUT mapping begin

INFO     : ... LS, strategy: 3, nd: 1929, ed: 5997, lv: 8, pw: 3584.36
INFO     : ... LUT mapping end (Real time : 7s CPU user time : 21s CPU sys time : 0s MEM : 320288KB)
INFO     : ... Post-synthesis Verific netlist creation begin

INFO     : ... Post-synthesis Verific netlist creation end (Real time : 0s CPU user time : 21s CPU sys time : 0s MEM : 320288KB)

INFO     : ... Postmap Retiming Optimization begin

INFO     : ... Clock Network 'la0_clk~la0_clk' with 1415 loads will be considered for retiming optimization.

INFO     : ... Clock Network 'bscan_TCK~bscan_TCK' with 815 loads will be considered for retiming optimization.

INFO     : ... Performed 0 retime moves.

INFO     : ... Postmap Retiming Optimization end (Real time : 8s CPU user time : 28s CPU sys time : 0s MEM : 320288KB)

INFO     : ***** Beginning VDB Netlist Checker ... *****
WARNING  : /home/olle/efinity_p2/BRAM/work_dbg/debug_top.v(13): Input/inout port bscan_DRCK is unconnected and will be removed. [VDB-8003]
WARNING  : /home/olle/efinity_p2/BRAM/work_dbg/debug_top.v(15): Input/inout port bscan_RUNTEST is unconnected and will be removed. [VDB-8003]
WARNING  : /home/olle/efinity_p2/BRAM/work_dbg/debug_top.v(20): Input/inout port bscan_TMS is unconnected and will be removed. [VDB-8003]

WARNING  : Found 3 warnings in the post-synthesis netlist.
INFO     : VDB Netlist Checker took 0.0137755 seconds.
INFO     : 	VDB Netlist Checker took 0.03 seconds (approximately) in total CPU time.
INFO     : VDB Netlist Checker virtual memory usage: begin = 290.324 MB, end = 290.324 MB, delta = 0 MB
INFO     : VDB Netlist Checker resident set memory usage: begin = 198.54 MB, end = 198.54 MB, delta = 0 MB
INFO     : 	VDB Netlist Checker peak resident set memory usage = 320.288 MB
INFO     : ***** Ending VDB Netlist Checker ... *****
INFO     : Resource Summary 
INFO     : =============================== 
INFO     : EFX_ADD         : 	155
INFO     : EFX_LUT4        : 	1913
INFO     : EFX_FF          : 	2221
INFO     : EFX_RAM_5K      : 	33
INFO     : EFX_GBUFCE      : 	2
INFO     : =============================== 

INFO     : The entire flow of EFX_MAP took 27.0865 seconds.
INFO     : 	The entire flow of EFX_MAP took 29.17 seconds (approximately) in total CPU time.
INFO     : The entire flow of EFX_MAP virtual memory usage: begin = 88.404 MB, end = 290.324 MB, delta = 201.92 MB
INFO     : The entire flow of EFX_MAP resident set memory usage: begin = 27.392 MB, end = 198.54 MB, delta = 171.148 MB
INFO     : 	The entire flow of EFX_MAP peak resident set memory usage = 320.288 MB

Sat August 23 25 11:18:26 - /home/olle/efinix/efinity/2025.1/bin/efx_map finished. Exit code = 0 Exit status : Normal

Debugger Step Compile Debugger Cores. Done

--------------------------------------------------------------

--------------------------------------------------------------

Start Debugger Step Merge User design with Debugger Cores.

Sat August 23 25 11:18:26 - /home/olle/efinix/efinity/2025.1/bin/efx_map  --family "Trion" --device "T20F169" --gen-mark-debug-json "0" --allow-const-ram-index "0" --blackbox-error "1" --blast_const_operand_adders "1" --bram_output_regs_packing "1" --bram-push-tco-outreg "0" --create-onehot-fsms "0" --fanout-limit "0" --hdl-compile-unit "1" --hdl-loop-limit "20000" --infer-clk-enable "3" --infer-sync-set-reset "1" --enable-mark-debug "1" --max_ram "-1" --max_mult "-1" --max-bit-blast-mem-size "10240" --min-sr-fanout "0" --min-ce-fanout "0" --mode "speed" --mult-auto-pipeline "0" --mult-decomp-retime "0" --operator-sharing "0" --optimize-adder-tree "0" --optimize-zero-init-rom "1" --peri-syn-instantiation "0" --peri-syn-inference "0" --ram-decomp-mode "0" --retiming "1" --seq_opt "1" --seq-opt-sync-only "0" --use-logic-for-small-mem "64" --use-logic-for-small-rom "64" --max_threads "-1" --mult_input_regs_packing "1" --mult_output_regs_packing "1" --I "/home/olle/efinity_p2/BRAM" --I "/home/olle/efinity_p2/BRAM/ip/BRAM_8192_bytes" --I "/home/olle/efinity_p2/BRAM/ip/micro_risc_v1" --root "top_level" --vdb "/home/olle/efinity_p2/BRAM/outflow/BRAM.elab.vdb" --vdb "/home/olle/efinity_p2/BRAM/work_dbg/debug_top.post.vdb" --write-efx-verilog "/home/olle/efinity_p2/BRAM/work_dbg/BRAM.dbg.map.v" --binary-db "/home/olle/efinity_p2/BRAM/work_dbg/BRAM.dbg.vdb" --merge_vdbs=1 --conn "/home/olle/efinity_p2/BRAM/debug_profile.wizard.json" --work-dir "/home/olle/efinity_p2/BRAM/work_dbg" --output-dir "/home/olle/efinity_p2/BRAM/outflow"

Sat August 23 25 11:18:26 - Running /home/olle/efinix/efinity/2025.1/bin/efx_map...

INFO     : Efinix FPGA Synthesis.
INFO     : Version: 2025.1.110.2.15
INFO     : Compiled: Jun 21 2025.
INFO     : 
INFO     : Copyright (C) 2013 - 2025 Efinix, Inc. All rights reserved.


INFO     : Analyzing Verilog file '/home/olle/efinix/efinity/2025.1/sim_models/maplib/efinix_peri_lib.v' [VERI-1482]
INFO     : /home/olle/efinix/efinity/2025.1/sim_models/maplib/efinix_peri_lib.v(8): compiling module 'EFX_IBUF' [VERI-1018]
INFO     : /home/olle/efinix/efinity/2025.1/sim_models/maplib/efinix_peri_lib.v(16): compiling module 'EFX_OBUF' [VERI-1018]
INFO     : /home/olle/efinix/efinity/2025.1/sim_models/maplib/efinix_peri_lib.v(23): compiling module 'EFX_IO_BUF' [VERI-1018]
INFO     : /home/olle/efinix/efinity/2025.1/sim_models/maplib/efinix_peri_lib.v(33): compiling module 'EFX_CLKOUT' [VERI-1018]
INFO     : /home/olle/efinix/efinity/2025.1/sim_models/maplib/efinix_peri_lib.v(41): compiling module 'EFX_IREG' [VERI-1018]
INFO     : /home/olle/efinix/efinity/2025.1/sim_models/maplib/efinix_peri_lib.v(51): compiling module 'EFX_OREG' [VERI-1018]
INFO     : /home/olle/efinix/efinity/2025.1/sim_models/maplib/efinix_peri_lib.v(60): compiling module 'EFX_IOREG' [VERI-1018]
INFO     : /home/olle/efinix/efinity/2025.1/sim_models/maplib/efinix_peri_lib.v(75): compiling module 'EFX_IDDIO' [VERI-1018]
INFO     : /home/olle/efinix/efinity/2025.1/sim_models/maplib/efinix_peri_lib.v(87): compiling module 'EFX_ODDIO' [VERI-1018]
INFO     : /home/olle/efinix/efinity/2025.1/sim_models/maplib/efinix_peri_lib.v(99): compiling module 'EFX_GPIO_V1' [VERI-1018]
INFO     : /home/olle/efinix/efinity/2025.1/sim_models/maplib/efinix_peri_lib.v(124): compiling module 'EFX_GPIO_V2' [VERI-1018]
INFO     : /home/olle/efinix/efinity/2025.1/sim_models/maplib/efinix_peri_lib.v(149): compiling module 'EFX_GPIO_V3' [VERI-1018]
INFO     : /home/olle/efinix/efinity/2025.1/sim_models/maplib/efinix_peri_lib.v(186): compiling module 'EFX_PLL_V1' [VERI-1018]
INFO     : /home/olle/efinix/efinity/2025.1/sim_models/maplib/efinix_peri_lib.v(205): compiling module 'EFX_PLL_V2' [VERI-1018]
INFO     : /home/olle/efinix/efinity/2025.1/sim_models/maplib/efinix_peri_lib.v(231): compiling module 'EFX_PLL_V3' [VERI-1018]
INFO     : /home/olle/efinix/efinity/2025.1/sim_models/maplib/efinix_peri_lib.v(279): compiling module 'EFX_OSC_V1' [VERI-1018]
INFO     : /home/olle/efinix/efinity/2025.1/sim_models/maplib/efinix_peri_lib.v(285): compiling module 'EFX_OSC_V3' [VERI-1018]
INFO     : /home/olle/efinix/efinity/2025.1/sim_models/maplib/efinix_peri_lib.v(294): compiling module 'EFX_FPLL_V1' [VERI-1018]
INFO     : /home/olle/efinix/efinity/2025.1/sim_models/maplib/efinix_peri_lib.v(348): compiling module 'EFX_JTAG_V1' [VERI-1018]
INFO     : /home/olle/efinix/efinity/2025.1/sim_models/maplib/efinix_peri_lib.v(357): compiling module 'EFX_JTAG_CTRL' [VERI-1018]
INFO     : /home/olle/efinix/efinity/2025.1/sim_models/maplib/efinix_peri_lib.v(364): compiling module 'EFX_LVDS_RX_V1' [VERI-1018]
INFO     : /home/olle/efinix/efinity/2025.1/sim_models/maplib/efinix_peri_lib.v(381): compiling module 'EFX_LVDS_TX_V1' [VERI-1018]
INFO     : /home/olle/efinix/efinity/2025.1/sim_models/maplib/efinix_peri_lib.v(399): compiling module 'EFX_LVDS_RX_V2' [VERI-1018]
INFO     : /home/olle/efinix/efinity/2025.1/sim_models/maplib/efinix_peri_lib.v(426): compiling module 'EFX_LVDS_TX_V2' [VERI-1018]
INFO     : /home/olle/efinix/efinity/2025.1/sim_models/maplib/efinix_peri_lib.v(446): compiling module 'EFX_LVDS_BIDIR_V2' [VERI-1018]

INFO     : ... Setting Synthesis Option: mode=speed
INFO     : ***** Beginning Reading Mapping Library ... *****
INFO     : Analyzing Verilog file '/home/olle/efinix/efinity/2025.1/sim_models/maplib/efinix_maplib.v' [VERI-1482]

INFO     : /home/olle/efinix/efinity/2025.1/sim_models/maplib/efinix_maplib.v(8): compiling module 'EFX_ADD' [VERI-1018]
INFO     : /home/olle/efinix/efinity/2025.1/sim_models/maplib/efinix_maplib.v(21): compiling module 'EFX_FF' [VERI-1018]
INFO     : /home/olle/efinix/efinity/2025.1/sim_models/maplib/efinix_maplib.v(38): compiling module 'EFX_COMB4' [VERI-1018]
INFO     : /home/olle/efinix/efinity/2025.1/sim_models/maplib/efinix_maplib.v(48): compiling module 'EFX_GBUFCE' [VERI-1018]
INFO     : /home/olle/efinix/efinity/2025.1/sim_models/maplib/efinix_maplib.v(57): compiling module 'EFX_LUT4' [VERI-1018]
INFO     : /home/olle/efinix/efinity/2025.1/sim_models/maplib/efinix_maplib.v(65): compiling module 'EFX_MULT' [VERI-1018]
INFO     : /home/olle/efinix/efinity/2025.1/sim_models/maplib/efinix_maplib.v(100): compiling module 'EFX_DSP48' [VERI-1018]
INFO     : /home/olle/efinix/efinity/2025.1/sim_models/maplib/efinix_maplib.v(156): compiling module 'EFX_DSP24' [VERI-1018]
INFO     : /home/olle/efinix/efinity/2025.1/sim_models/maplib/efinix_maplib.v(209): compiling module 'EFX_DSP12' [VERI-1018]
INFO     : /home/olle/efinix/efinity/2025.1/sim_models/maplib/efinix_maplib.v(262): compiling module 'EFX_RAM_4K' [VERI-1018]
INFO     : /home/olle/efinix/efinity/2025.1/sim_models/maplib/efinix_maplib.v(322): compiling module 'EFX_RAM_5K' [VERI-1018]
INFO     : /home/olle/efinix/efinity/2025.1/sim_models/maplib/efinix_maplib.v(394): compiling module 'EFX_DPRAM_5K' [VERI-1018]
INFO     : /home/olle/efinix/efinity/2025.1/sim_models/maplib/efinix_maplib.v(499): compiling module 'RAMB5' [VERI-1018]
INFO     : /home/olle/efinix/efinity/2025.1/sim_models/maplib/efinix_maplib.v(561): compiling module 'EFX_RAM_10K' [VERI-1018]
INFO     : /home/olle/efinix/efinity/2025.1/sim_models/maplib/efinix_maplib.v(653): compiling module 'EFX_RAM10' [VERI-1018]
INFO     : /home/olle/efinix/efinity/2025.1/sim_models/maplib/efinix_maplib.v(754): compiling module 'EFX_DPRAM10' [VERI-1018]
INFO     : /home/olle/efinix/efinity/2025.1/sim_models/maplib/efinix_maplib.v(884): compiling module 'EFX_SRL8' [VERI-1018]
INFO     : Reading Mapping Library took 0.0114336 seconds.
INFO     : 	Reading Mapping Library took 0.01 seconds (approximately) in total CPU time.
INFO     : Reading Mapping Library virtual memory usage: begin = 168.08 MB, end = 168.08 MB, delta = 0 MB
INFO     : Reading Mapping Library resident set memory usage: begin = 115.84 MB, end = 116.352 MB, delta = 0.512 MB
INFO     : 	Reading Mapping Library peak resident set memory usage = 320.288 MB
INFO     : ***** Ending Reading Mapping Library ... *****
INFO     : ... Pre-synthesis checks begin
WARNING  : The primary output port 'mdc' wire 'mdc' is not driven. [EFX-0256]
WARNING  : The primary output port 'mdio_o' wire 'mdio_o' is not driven. [EFX-0256]
WARNING  : The primary output port 'mdio_oe' wire 'mdio_oe' is not driven. [EFX-0256]
WARNING  : The primary output port 'CAM0_EN' wire 'CAM0_EN' is not driven. [EFX-0256]
WARNING  : The primary output port 'CAM1_EN' wire 'CAM1_EN' is not driven. [EFX-0256]
WARNING  : The primary output port 'RJ45_led' wire 'RJ45_led' is not driven. [EFX-0256]
WARNING  : Removing redundant signal : io_cpu_prefetch_isValid. (/home/olle/efinity_p2/BRAM/ip/micro_risc_v1/micro_risc_v1.v:12221) [EFX-0200]
WARNING  : Removing redundant signal : io_cpu_prefetch_pc[31]. (/home/olle/efinity_p2/BRAM/ip/micro_risc_v1/micro_risc_v1.v:12223) [EFX-0200]
WARNING  : Removing redundant signal : io_cpu_prefetch_pc[30]. (/home/olle/efinity_p2/BRAM/ip/micro_risc_v1/micro_risc_v1.v:12223) [EFX-0200]
WARNING  : Removing redundant signal : io_cpu_prefetch_pc[29]. (/home/olle/efinity_p2/BRAM/ip/micro_risc_v1/micro_risc_v1.v:12223) [EFX-0200]
WARNING  : Removing redundant signal : io_cpu_prefetch_pc[28]. (/home/olle/efinity_p2/BRAM/ip/micro_risc_v1/micro_risc_v1.v:12223) [EFX-0200]
WARNING  : Removing redundant signal : io_cpu_prefetch_pc[27]. (/home/olle/efinity_p2/BRAM/ip/micro_risc_v1/micro_risc_v1.v:12223) [EFX-0200]
WARNING  : Removing redundant signal : io_cpu_prefetch_pc[26]. (/home/olle/efinity_p2/BRAM/ip/micro_risc_v1/micro_risc_v1.v:12223) [EFX-0200]
WARNING  : Removing redundant signal : io_cpu_prefetch_pc[25]. (/home/olle/efinity_p2/BRAM/ip/micro_risc_v1/micro_risc_v1.v:12223) [EFX-0200]
WARNING  : Removing redundant signal : io_cpu_prefetch_pc[24]. (/home/olle/efinity_p2/BRAM/ip/micro_risc_v1/micro_risc_v1.v:12223) [EFX-0200]
WARNING  : Removing redundant signal : io_cpu_prefetch_pc[23]. (/home/olle/efinity_p2/BRAM/ip/micro_risc_v1/micro_risc_v1.v:12223) [EFX-0200]
WARNING  : Removing redundant signal : io_cpu_prefetch_pc[22]. (/home/olle/efinity_p2/BRAM/ip/micro_risc_v1/micro_risc_v1.v:12223) [EFX-0200]
WARNING  : Removing redundant signal : io_cpu_prefetch_pc[21]. (/home/olle/efinity_p2/BRAM/ip/micro_risc_v1/micro_risc_v1.v:12223) [EFX-0200]
WARNING  : Removing redundant signal : io_cpu_prefetch_pc[20]. (/home/olle/efinity_p2/BRAM/ip/micro_risc_v1/micro_risc_v1.v:12223) [EFX-0200]
WARNING  : Removing redundant signal : io_cpu_prefetch_pc[19]. (/home/olle/efinity_p2/BRAM/ip/micro_risc_v1/micro_risc_v1.v:12223) [EFX-0200]
WARNING  : Removing redundant signal : io_cpu_prefetch_pc[18]. (/home/olle/efinity_p2/BRAM/ip/micro_risc_v1/micro_risc_v1.v:12223) [EFX-0200]
WARNING  : Removing redundant signal : io_cpu_prefetch_pc[17]. (/home/olle/efinity_p2/BRAM/ip/micro_risc_v1/micro_risc_v1.v:12223) [EFX-0200]
WARNING  : Removing redundant signal : io_cpu_prefetch_pc[16]. (/home/olle/efinity_p2/BRAM/ip/micro_risc_v1/micro_risc_v1.v:12223) [EFX-0200]
WARNING  : Removing redundant signal : io_cpu_prefetch_pc[15]. (/home/olle/efinity_p2/BRAM/ip/micro_risc_v1/micro_risc_v1.v:12223) [EFX-0200]
WARNING  : Removing redundant signal : io_cpu_prefetch_pc[14]. (/home/olle/efinity_p2/BRAM/ip/micro_risc_v1/micro_risc_v1.v:12223) [EFX-0200]
WARNING  : Removing redundant signal : io_cpu_prefetch_pc[13]. (/home/olle/efinity_p2/BRAM/ip/micro_risc_v1/micro_risc_v1.v:12223) [EFX-0200]
WARNING  : (The above message was generated too many times, subsequent similar messages will be muted.) [EFX-0200]
INFO     : ... Memory 'banks_0' is not initialized, assuming empty initial contents. (/home/olle/efinity_p2/BRAM/ip/micro_risc_v1/micro_risc_v1.v:12325) [EFX-0677]
INFO     : ... Memory 'ways_0_tags' is not initialized, assuming empty initial contents. (/home/olle/efinity_p2/BRAM/ip/micro_risc_v1/micro_risc_v1.v:12326) [EFX-0677]
INFO     : ... Memory 'ways_0_tags' is not initialized, assuming empty initial contents. (/home/olle/efinity_p2/BRAM/ip/micro_risc_v1/micro_risc_v1.v:11579) [EFX-0677]
INFO     : ... Memory 'ways_0_data_symbol0' is not initialized, assuming empty initial contents. (/home/olle/efinity_p2/BRAM/ip/micro_risc_v1/micro_risc_v1.v:11580) [EFX-0677]
INFO     : ... Memory 'ways_0_data_symbol1' is not initialized, assuming empty initial contents. (/home/olle/efinity_p2/BRAM/ip/micro_risc_v1/micro_risc_v1.v:11581) [EFX-0677]
INFO     : ... Memory 'ways_0_data_symbol2' is not initialized, assuming empty initial contents. (/home/olle/efinity_p2/BRAM/ip/micro_risc_v1/micro_risc_v1.v:11582) [EFX-0677]
INFO     : ... Memory 'ways_0_data_symbol3' is not initialized, assuming empty initial contents. (/home/olle/efinity_p2/BRAM/ip/micro_risc_v1/micro_risc_v1.v:11583) [EFX-0677]

WARNING  : Re-wiring to GND non-driven net 'IBusCachedPlugin_cache_io_cpu_fetch_isRemoved'. (/home/olle/efinity_p2/BRAM/ip/micro_risc_v1/micro_risc_v1.v:5832) [EFX-0201]
WARNING  : Re-wiring to GND non-driven net 'dataCache_1_io_cpu_writeBack_fence_SW'. (/home/olle/efinity_p2/BRAM/ip/micro_risc_v1/micro_risc_v1.v:5845) [EFX-0201]
WARNING  : Re-wiring to GND non-driven net 'dataCache_1_io_cpu_writeBack_fence_SR'. (/home/olle/efinity_p2/BRAM/ip/micro_risc_v1/micro_risc_v1.v:5846) [EFX-0201]
WARNING  : Re-wiring to GND non-driven net 'dataCache_1_io_cpu_writeBack_fence_SO'. (/home/olle/efinity_p2/BRAM/ip/micro_risc_v1/micro_risc_v1.v:5847) [EFX-0201]
WARNING  : Re-wiring to GND non-driven net 'dataCache_1_io_cpu_writeBack_fence_SI'. (/home/olle/efinity_p2/BRAM/ip/micro_risc_v1/micro_risc_v1.v:5848) [EFX-0201]
WARNING  : Re-wiring to GND non-driven net 'dataCache_1_io_cpu_writeBack_fence_PW'. (/home/olle/efinity_p2/BRAM/ip/micro_risc_v1/micro_risc_v1.v:5849) [EFX-0201]
WARNING  : Re-wiring to GND non-driven net 'dataCache_1_io_cpu_writeBack_fence_PR'. (/home/olle/efinity_p2/BRAM/ip/micro_risc_v1/micro_risc_v1.v:5850) [EFX-0201]
WARNING  : Re-wiring to GND non-driven net 'dataCache_1_io_cpu_writeBack_fence_PO'. (/home/olle/efinity_p2/BRAM/ip/micro_risc_v1/micro_risc_v1.v:5851) [EFX-0201]
WARNING  : Re-wiring to GND non-driven net 'dataCache_1_io_cpu_writeBack_fence_PI'. (/home/olle/efinity_p2/BRAM/ip/micro_risc_v1/micro_risc_v1.v:5852) [EFX-0201]
WARNING  : Re-wiring to GND non-driven net 'dataCache_1_io_cpu_writeBack_fence_FM[3]'. (/home/olle/efinity_p2/BRAM/ip/micro_risc_v1/micro_risc_v1.v:5853) [EFX-0201]
WARNING  : (The above message was generated too many times, subsequent similar messages will be muted.) [EFX-0201]
INFO     : ... Memory 'RegFilePlugin_regFile' is not initialized, assuming empty initial contents. (/home/olle/efinity_p2/BRAM/ip/micro_risc_v1/micro_risc_v1.v:6995) [EFX-0677]
INFO     : ... Memory 'logic_progbufX_mem' is not initialized, assuming empty initial contents. (/home/olle/efinity_p2/BRAM/ip/micro_risc_v1/micro_risc_v1.v:4949) [EFX-0677]
INFO     : Module Instance 'memory_arbiter' input pin 'io_inputs_0_payload_fragment_source[0]' is tied to constant (=0). [EFX-0266]
INFO     : Module Instance 'memory_arbiter' input pin 'io_inputs_1_payload_fragment_source[0]' is tied to constant (=0). [EFX-0266]
INFO     : Module Instance 'memory_arbiter' input pin 'io_inputs_1_payload_fragment_context[0]' is tied to constant (=0). [EFX-0266]
INFO     : Module Instance 'tx' input pin 'io_cts' is tied to constant (=0). [EFX-0266]
INFO     : ... Memory 'logic_ram' is not initialized, assuming empty initial contents. (/home/olle/efinity_p2/BRAM/ip/micro_risc_v1/micro_risc_v1.v:10857) [EFX-0677]
INFO     : Module Instance 'bridge_write_streamUnbuffered_queueWithOccupancy' input pin 'io_flush' is tied to constant (=0). [EFX-0266]
INFO     : Module Instance 'uartCtrl_1_io_read_queueWithOccupancy' input pin 'io_flush' is tied to constant (=0). [EFX-0266]
INFO     : Module Instance 'system_bridge_bmb_arbiter' input pin 'io_inputs_1_cmd_payload_fragment_data[0]' is tied to constant (=0). [EFX-0266]
INFO     : Module Instance 'system_bridge_bmb_arbiter' input pin 'io_inputs_1_cmd_payload_fragment_data[1]' is tied to constant (=0). [EFX-0266]
INFO     : Module Instance 'system_bridge_bmb_arbiter' input pin 'io_inputs_1_cmd_payload_fragment_data[2]' is tied to constant (=0). [EFX-0266]
INFO     : Module Instance 'system_bridge_bmb_arbiter' input pin 'io_inputs_1_cmd_payload_fragment_data[3]' is tied to constant (=0). [EFX-0266]
INFO     : Module Instance 'system_bridge_bmb_arbiter' input pin 'io_inputs_1_cmd_payload_fragment_data[4]' is tied to constant (=0). [EFX-0266]
INFO     : Module Instance 'system_bridge_bmb_arbiter' input pin 'io_inputs_1_cmd_payload_fragment_data[5]' is tied to constant (=0). [EFX-0266]
INFO     : Module Instance 'system_bridge_bmb_arbiter' input pin 'io_inputs_1_cmd_payload_fragment_data[6]' is tied to constant (=0). [EFX-0266]
INFO     : Module Instance 'system_bridge_bmb_arbiter' input pin 'io_inputs_1_cmd_payload_fragment_data[7]' is tied to constant (=0). [EFX-0266]
INFO     : Module Instance 'system_bridge_bmb_arbiter' input pin 'io_inputs_1_cmd_payload_fragment_data[8]' is tied to constant (=0). [EFX-0266]
INFO     : Module Instance 'system_bridge_bmb_arbiter' input pin 'io_inputs_1_cmd_payload_fragment_data[9]' is tied to constant (=0). [EFX-0266]
INFO     : Module Instance 'system_bridge_bmb_arbiter' input pin 'io_inputs_1_cmd_payload_fragment_data[10]' is tied to constant (=0). [EFX-0266]
INFO     : Module Instance 'system_bridge_bmb_arbiter' input pin 'io_inputs_1_cmd_payload_fragment_data[11]' is tied to constant (=0). [EFX-0266]
INFO     : Module Instance 'system_bridge_bmb_arbiter' input pin 'io_inputs_1_cmd_payload_fragment_data[12]' is tied to constant (=0). [EFX-0266]
INFO     : Module Instance 'system_bridge_bmb_arbiter' input pin 'io_inputs_1_cmd_payload_fragment_data[13]' is tied to constant (=0). [EFX-0266]
INFO     : Module Instance 'system_bridge_bmb_arbiter' input pin 'io_inputs_1_cmd_payload_fragment_data[14]' is tied to constant (=0). [EFX-0266]
INFO     : Module Instance 'system_bridge_bmb_arbiter' input pin 'io_inputs_1_cmd_payload_fragment_data[15]' is tied to constant (=0). [EFX-0266]
INFO     : Module Instance 'system_bridge_bmb_arbiter' input pin 'io_inputs_1_cmd_payload_fragment_data[16]' is tied to constant (=0). [EFX-0266]
INFO     : Module Instance 'system_bridge_bmb_arbiter' input pin 'io_inputs_1_cmd_payload_fragment_data[17]' is tied to constant (=0). [EFX-0266]
INFO     : Module Instance 'system_bridge_bmb_arbiter' input pin 'io_inputs_1_cmd_payload_fragment_data[18]' is tied to constant (=0). [EFX-0266]
INFO     : Module Instance 'system_bridge_bmb_arbiter' input pin 'io_inputs_1_cmd_payload_fragment_data[19]' is tied to constant (=0). [EFX-0266]
INFO     : Module Instance 'system_bridge_bmb_arbiter' input pin 'io_inputs_1_cmd_payload_fragment_data[20]' is tied to constant (=0). [EFX-0266]
INFO     : Module Instance 'system_bridge_bmb_arbiter' input pin 'io_inputs_1_cmd_payload_fragment_data[21]' is tied to constant (=0). [EFX-0266]
INFO     : Module Instance 'system_bridge_bmb_arbiter' input pin 'io_inputs_1_cmd_payload_fragment_data[22]' is tied to constant (=0). [EFX-0266]
INFO     : Module Instance 'system_bridge_bmb_arbiter' input pin 'io_inputs_1_cmd_payload_fragment_data[23]' is tied to constant (=0). [EFX-0266]
INFO     : Module Instance 'system_bridge_bmb_arbiter' input pin 'io_inputs_1_cmd_payload_fragment_data[24]' is tied to constant (=0). [EFX-0266]
INFO     : Module Instance 'system_bridge_bmb_arbiter' input pin 'io_inputs_1_cmd_payload_fragment_data[25]' is tied to constant (=0). [EFX-0266]
INFO     : Module Instance 'system_bridge_bmb_arbiter' input pin 'io_inputs_1_cmd_payload_fragment_data[26]' is tied to constant (=0). [EFX-0266]
INFO     : Module Instance 'system_bridge_bmb_arbiter' input pin 'io_inputs_1_cmd_payload_fragment_data[27]' is tied to constant (=0). [EFX-0266]
INFO     : Module Instance 'system_bridge_bmb_arbiter' input pin 'io_inputs_1_cmd_payload_fragment_data[28]' is tied to constant (=0). [EFX-0266]
INFO     : Module Instance 'system_bridge_bmb_arbiter' input pin 'io_inputs_1_cmd_payload_fragment_data[29]' is tied to constant (=0). [EFX-0266]
INFO     : Module Instance 'system_bridge_bmb_arbiter' input pin 'io_inputs_1_cmd_payload_fragment_data[30]' is tied to constant (=0). [EFX-0266]
INFO     : Module Instance 'system_bridge_bmb_arbiter' input pin 'io_inputs_1_cmd_payload_fragment_data[31]' is tied to constant (=0). [EFX-0266]
INFO     : Module Instance 'system_bridge_bmb_arbiter' input pin 'io_inputs_1_cmd_payload_fragment_mask[0]' is tied to constant (=0). [EFX-0266]
INFO     : Module Instance 'system_bridge_bmb_arbiter' input pin 'io_inputs_1_cmd_payload_fragment_mask[1]' is tied to constant (=0). [EFX-0266]
INFO     : Module Instance 'system_bridge_bmb_arbiter' input pin 'io_inputs_1_cmd_payload_fragment_mask[2]' is tied to constant (=0). [EFX-0266]
INFO     : Module Instance 'system_bridge_bmb_arbiter' input pin 'io_inputs_1_cmd_payload_fragment_mask[3]' is tied to constant (=0). [EFX-0266]

INFO     : Module Instance 'u_micro_risc_v1' input pin 'jtagCtrl_enable' is tied to constant (=1). [EFX-0266]
INFO     : ... Pre-synthesis checks end (Real time : 0s CPU user time : 0s CPU sys time : 0s MEM : 320288KB)
INFO     : ... NameSpace init begin
INFO     : ... NameSpace init end (Real time : 0s CPU user time : 0s CPU sys time : 0s MEM : 320288KB)
INFO     : ... Mapping design "top_level"

INFO     : ... Hierarchical pre-synthesis "InstructionCache_2fa2c88f3c1f4868ba7cd09620d007ba" begin
INFO     : ... Hierarchical pre-synthesis "InstructionCache_2fa2c88f3c1f4868ba7cd09620d007ba" end (Real time : 0s CPU user time : 0s CPU sys time : 0s MEM : 320288KB)
INFO     : ... Hierarchical pre-synthesis "DataCache_2fa2c88f3c1f4868ba7cd09620d007ba" begin

INFO     : ... Hierarchical pre-synthesis "DataCache_2fa2c88f3c1f4868ba7cd09620d007ba" end (Real time : 0s CPU user time : 0s CPU sys time : 0s MEM : 320288KB)
INFO     : ... Hierarchical pre-synthesis "BufferCC_2fa2c88f3c1f4868ba7cd09620d007ba" begin
INFO     : ... Hierarchical pre-synthesis "BufferCC_2fa2c88f3c1f4868ba7cd09620d007ba" end (Real time : 0s CPU user time : 0s CPU sys time : 0s MEM : 320288KB)
INFO     : ... Hierarchical pre-synthesis "EfxCPUSp1_2fa2c88f3c1f4868ba7cd09620d007ba" begin

INFO     : ... Hierarchical pre-synthesis "EfxCPUSp1_2fa2c88f3c1f4868ba7cd09620d007ba" end (Real time : 0s CPU user time : 0s CPU sys time : 0s MEM : 320288KB)
INFO     : ... Hierarchical pre-synthesis "VexRiscv_2fa2c88f3c1f4868ba7cd09620d007ba" begin

INFO     : ... Hierarchical pre-synthesis "VexRiscv_2fa2c88f3c1f4868ba7cd09620d007ba" end (Real time : 1s CPU user time : 1s CPU sys time : 0s MEM : 320288KB)
INFO     : ... Hierarchical pre-synthesis "DebugModule_2fa2c88f3c1f4868ba7cd09620d007ba" begin

INFO     : ... Hierarchical pre-synthesis "DebugModule_2fa2c88f3c1f4868ba7cd09620d007ba" end (Real time : 0s CPU user time : 1s CPU sys time : 0s MEM : 320288KB)
INFO     : ... Hierarchical pre-synthesis "BufferCC_5_2fa2c88f3c1f4868ba7cd09620d007ba" begin
INFO     : ... Hierarchical pre-synthesis "BufferCC_5_2fa2c88f3c1f4868ba7cd09620d007ba" end (Real time : 0s CPU user time : 1s CPU sys time : 0s MEM : 320288KB)
INFO     : ... Hierarchical pre-synthesis "BufferCC_6_2fa2c88f3c1f4868ba7cd09620d007ba" begin
INFO     : ... Hierarchical pre-synthesis "BufferCC_6_2fa2c88f3c1f4868ba7cd09620d007ba" end (Real time : 0s CPU user time : 1s CPU sys time : 0s MEM : 320288KB)
INFO     : ... Hierarchical pre-synthesis "BufferCC_8_2fa2c88f3c1f4868ba7cd09620d007ba" begin
INFO     : ... Hierarchical pre-synthesis "BufferCC_8_2fa2c88f3c1f4868ba7cd09620d007ba" end (Real time : 0s CPU user time : 1s CPU sys time : 0s MEM : 320288KB)
INFO     : ... Hierarchical pre-synthesis "BufferCC_1_2fa2c88f3c1f4868ba7cd09620d007ba" begin
INFO     : ... Hierarchical pre-synthesis "BufferCC_1_2fa2c88f3c1f4868ba7cd09620d007ba" end (Real time : 0s CPU user time : 1s CPU sys time : 0s MEM : 320288KB)
INFO     : ... Hierarchical pre-synthesis "FlowCCByToggle_2fa2c88f3c1f4868ba7cd09620d007ba" begin
INFO     : ... Hierarchical pre-synthesis "FlowCCByToggle_2fa2c88f3c1f4868ba7cd09620d007ba" end (Real time : 0s CPU user time : 1s CPU sys time : 0s MEM : 320288KB)
INFO     : ... Hierarchical pre-synthesis "BufferCC_2_2fa2c88f3c1f4868ba7cd09620d007ba" begin
INFO     : ... Hierarchical pre-synthesis "BufferCC_2_2fa2c88f3c1f4868ba7cd09620d007ba" end (Real time : 0s CPU user time : 1s CPU sys time : 0s MEM : 320288KB)
INFO     : ... Hierarchical pre-synthesis "BufferCC_3_2fa2c88f3c1f4868ba7cd09620d007ba" begin
INFO     : ... Hierarchical pre-synthesis "BufferCC_3_2fa2c88f3c1f4868ba7cd09620d007ba" end (Real time : 0s CPU user time : 1s CPU sys time : 0s MEM : 320288KB)
INFO     : ... Hierarchical pre-synthesis "FlowCCByToggle_1_2fa2c88f3c1f4868ba7cd09620d007ba" begin
INFO     : ... Hierarchical pre-synthesis "FlowCCByToggle_1_2fa2c88f3c1f4868ba7cd09620d007ba" end (Real time : 0s CPU user time : 1s CPU sys time : 0s MEM : 320288KB)
INFO     : ... Hierarchical pre-synthesis "DebugTransportModuleTunneled_2fa2c88f3c1f4868ba7cd09620d007ba" begin

INFO     : ... Hierarchical pre-synthesis "DebugTransportModuleTunneled_2fa2c88f3c1f4868ba7cd09620d007ba" end (Real time : 0s CPU user time : 1s CPU sys time : 0s MEM : 320288KB)
INFO     : ... Hierarchical pre-synthesis "BmbDecoder_2fa2c88f3c1f4868ba7cd09620d007ba" begin
INFO     : ... Hierarchical pre-synthesis "BmbDecoder_2fa2c88f3c1f4868ba7cd09620d007ba" end (Real time : 0s CPU user time : 1s CPU sys time : 0s MEM : 320288KB)
INFO     : ... Hierarchical pre-synthesis "StreamArbiter_2fa2c88f3c1f4868ba7cd09620d007ba" begin
INFO     : ... Hierarchical pre-synthesis "StreamArbiter_2fa2c88f3c1f4868ba7cd09620d007ba" end (Real time : 0s CPU user time : 1s CPU sys time : 0s MEM : 320288KB)
INFO     : ... Hierarchical pre-synthesis "BmbArbiter_2fa2c88f3c1f4868ba7cd09620d007ba" begin
INFO     : ... Hierarchical pre-synthesis "BmbArbiter_2fa2c88f3c1f4868ba7cd09620d007ba" end (Real time : 0s CPU user time : 1s CPU sys time : 0s MEM : 320288KB)
INFO     : ... Hierarchical pre-synthesis "BmbDecoder_1_2fa2c88f3c1f4868ba7cd09620d007ba" begin

INFO     : ... Hierarchical pre-synthesis "BmbDecoder_1_2fa2c88f3c1f4868ba7cd09620d007ba" end (Real time : 0s CPU user time : 1s CPU sys time : 0s MEM : 320288KB)
INFO     : ... Hierarchical pre-synthesis "BmbOnChipRam_2fa2c88f3c1f4868ba7cd09620d007ba" begin
INFO     : ... Hierarchical pre-synthesis "BmbOnChipRam_2fa2c88f3c1f4868ba7cd09620d007ba" end (Real time : 0s CPU user time : 1s CPU sys time : 0s MEM : 320288KB)
INFO     : ... Hierarchical pre-synthesis "BmbUnburstify_2fa2c88f3c1f4868ba7cd09620d007ba" begin
INFO     : ... Hierarchical pre-synthesis "BmbUnburstify_2fa2c88f3c1f4868ba7cd09620d007ba" end (Real time : 0s CPU user time : 1s CPU sys time : 0s MEM : 320288KB)
INFO     : ... Hierarchical pre-synthesis "BmbDecoder_2_2fa2c88f3c1f4868ba7cd09620d007ba" begin

INFO     : ... Hierarchical pre-synthesis "BmbDecoder_2_2fa2c88f3c1f4868ba7cd09620d007ba" end (Real time : 0s CPU user time : 1s CPU sys time : 0s MEM : 320288KB)
INFO     : ... Hierarchical pre-synthesis "BmbClint_2fa2c88f3c1f4868ba7cd09620d007ba" begin

INFO     : ... Hierarchical pre-synthesis "BmbClint_2fa2c88f3c1f4868ba7cd09620d007ba" end (Real time : 0s CPU user time : 1s CPU sys time : 0s MEM : 320288KB)
INFO     : ... Hierarchical pre-synthesis "UartCtrlTx_2fa2c88f3c1f4868ba7cd09620d007ba" begin

INFO     : ... Hierarchical pre-synthesis "UartCtrlTx_2fa2c88f3c1f4868ba7cd09620d007ba" end (Real time : 0s CPU user time : 1s CPU sys time : 0s MEM : 320288KB)
INFO     : ... Hierarchical pre-synthesis "BufferCC_4_2fa2c88f3c1f4868ba7cd09620d007ba" begin
INFO     : ... Hierarchical pre-synthesis "BufferCC_4_2fa2c88f3c1f4868ba7cd09620d007ba" end (Real time : 0s CPU user time : 1s CPU sys time : 0s MEM : 320288KB)
INFO     : ... Hierarchical pre-synthesis "UartCtrlRx_2fa2c88f3c1f4868ba7cd09620d007ba" begin

INFO     : ... Hierarchical pre-synthesis "UartCtrlRx_2fa2c88f3c1f4868ba7cd09620d007ba" end (Real time : 0s CPU user time : 1s CPU sys time : 0s MEM : 320288KB)
INFO     : ... Hierarchical pre-synthesis "UartCtrl_2fa2c88f3c1f4868ba7cd09620d007ba" begin

INFO     : ... Hierarchical pre-synthesis "UartCtrl_2fa2c88f3c1f4868ba7cd09620d007ba" end (Real time : 0s CPU user time : 1s CPU sys time : 0s MEM : 320288KB)
INFO     : ... Hierarchical pre-synthesis "StreamFifo_2fa2c88f3c1f4868ba7cd09620d007ba" begin
INFO     : ... Hierarchical pre-synthesis "StreamFifo_2fa2c88f3c1f4868ba7cd09620d007ba" end (Real time : 0s CPU user time : 1s CPU sys time : 0s MEM : 320288KB)
INFO     : ... Hierarchical pre-synthesis "BmbUartCtrl_2fa2c88f3c1f4868ba7cd09620d007ba" begin

INFO     : ... Hierarchical pre-synthesis "BmbUartCtrl_2fa2c88f3c1f4868ba7cd09620d007ba" end (Real time : 0s CPU user time : 1s CPU sys time : 0s MEM : 320288KB)
INFO     : ... Hierarchical pre-synthesis "BmbGpio2_2fa2c88f3c1f4868ba7cd09620d007ba" begin

INFO     : ... Hierarchical pre-synthesis "BmbGpio2_2fa2c88f3c1f4868ba7cd09620d007ba" end (Real time : 0s CPU user time : 1s CPU sys time : 0s MEM : 320288KB)
INFO     : ... Hierarchical pre-synthesis "EfxSapphireSoc_2fa2c88f3c1f4868ba7cd09620d007ba" begin

INFO     : ... Hierarchical pre-synthesis "EfxSapphireSoc_2fa2c88f3c1f4868ba7cd09620d007ba" end (Real time : 1s CPU user time : 2s CPU sys time : 0s MEM : 320288KB)
INFO     : ... Hierarchical pre-synthesis "micro_risc_v1" begin

INFO     : ... Hierarchical pre-synthesis "micro_risc_v1" end (Real time : 0s CPU user time : 2s CPU sys time : 0s MEM : 320288KB)
INFO     : ... Hierarchical pre-synthesis "rmii_udp_tx_top" begin

INFO     : ... Hierarchical pre-synthesis "rmii_udp_tx_top" end (Real time : 0s CPU user time : 3s CPU sys time : 0s MEM : 320288KB)
INFO     : ... Hierarchical pre-synthesis "edb_top" begin

INFO     : ... Hierarchical pre-synthesis "edb_top" end (Real time : 0s CPU user time : 3s CPU sys time : 0s MEM : 320288KB)
INFO     : ... Hierarchical pre-synthesis "top_level" begin

WARNING  : Mapping into logic memory block 'u_micro_risc_v1/u_EfxSapphireSoc/system_riscvJtag_debug_logic_dm/logic_progbufX_mem' (64 bits) (/home/olle/efinity_p2/BRAM/ip/micro_risc_v1/micro_risc_v1.v:4949) because size is too small (<=64) [EFX-0657]

INFO     : ... Clock Enable Synthesis Performed on 527 flops.

INFO     : ... Hierarchical pre-synthesis "top_level" end (Real time : 1s CPU user time : 4s CPU sys time : 0s MEM : 320288KB)

INFO     : ... Flat optimizations begin

INFO     : ... Flat optimizations end (Real time : 0s CPU user time : 4s CPU sys time : 0s MEM : 320288KB)

INFO     : ... Flat synthesis begin

INFO     : ... Flat synthesis end (Real time : 0s CPU user time : 4s CPU sys time : 0s MEM : 320288KB)

INFO     : ... Flat optimizations begin

INFO     : ... Flat optimizations end (Real time : 0s CPU user time : 5s CPU sys time : 0s MEM : 320288KB)

INFO     : ... Check and break combinational loops begin

INFO     : ... Check and break combinational loops end (Real time : 0s CPU user time : 5s CPU sys time : 0s MEM : 320288KB)

INFO     : ... Sequential Optimization begin

INFO     : ... Clock Network 'pll_clk' with 2314 loads will be considered for sequential optimization.

INFO     : ... Clock Network 'clk' with 1542 loads will be considered for sequential optimization.

INFO     : ... Clock Network 'jtag_inst1_TCK' with 808 loads will be considered for sequential optimization.

INFO     : ... Clock Network 'jtag_dummy_TCK' with 221 loads will be considered for sequential optimization.

INFO     : ... Sequential Optimization deduced 672 equivalent points.

INFO     : ... Sequential Optimization end (Real time : 21s CPU user time : 26s CPU sys time : 0s MEM : 320288KB)

INFO     : ... Setup for logic synthesis begin

INFO     : ... Setup for logic synthesis end (Real time : 0s CPU user time : 26s CPU sys time : 0s MEM : 320288KB)
INFO     : ... LUT mapping begin

INFO     : ... LS, strategy: 3, nd: 3399, ed: 11312, lv: 8, pw: 8645.71
INFO     : ... LUT mapping end (Real time : 12s CPU user time : 40s CPU sys time : 0s MEM : 320288KB)
INFO     : ... Post-synthesis Verific netlist creation begin

INFO     : ... Post-synthesis Verific netlist creation end (Real time : 0s CPU user time : 40s CPU sys time : 0s MEM : 320288KB)

INFO     : ... Postmap Retiming Optimization begin

INFO     : ... Clock Network 'pll_clk~pll_clk' with 2302 loads will be considered for retiming optimization.

INFO     : ... Clock Network 'clk~clk' with 1434 loads will be considered for retiming optimization.

INFO     : ... Clock Network 'jtag_inst1_TCK~jtag_inst1_TCK' with 808 loads will be considered for retiming optimization.

INFO     : ... Clock Network 'jtag_dummy_TCK~jtag_dummy_TCK' with 220 loads will be considered for retiming optimization.

INFO     : ... Performed 0 retime moves.
INFO     : ... Postmap Retiming Optimization end (Real time : 19s CPU user time : 59s CPU sys time : 0s MEM : 320288KB)

INFO     : ***** Beginning VDB Netlist Checker ... *****
WARNING  : /home/olle/efinity_p2/BRAM/top_level.vhd(16): Input/inout port rmii_crs_dv is unconnected and will be removed. [VDB-8003]
WARNING  : /home/olle/efinity_p2/BRAM/top_level.vhd(17): Input/inout port rmii_rx_er is unconnected and will be removed. [VDB-8003]
WARNING  : /home/olle/efinity_p2/BRAM/top_level.vhd(18): Input/inout port rmii_rxd[1] is unconnected and will be removed. [VDB-8003]
WARNING  : /home/olle/efinity_p2/BRAM/top_level.vhd(21): Input/inout port mdio_i is unconnected and will be removed. [VDB-8003]
WARNING  : /home/olle/efinity_p2/BRAM/top_level.vhd(29): Input/inout port jtag_dummy_TMS is unconnected and will be removed. [VDB-8003]
WARNING  : /home/olle/efinity_p2/BRAM/top_level.vhd(30): Input/inout port jtag_dummy_SEL is unconnected and will be removed. [VDB-8003]
WARNING  : /home/olle/efinity_p2/BRAM/top_level.vhd(31): Input/inout port jtag_dummy_DRCK is unconnected and will be removed. [VDB-8003]
WARNING  : /home/olle/efinity_p2/BRAM/top_level.vhd(33): Input/inout port jtag_dummy_RUNTEST is unconnected and will be removed. [VDB-8003]
WARNING  : /home/olle/efinity_p2/BRAM/top_level.vhd(38): Input/inout port led4 is unconnected and will be removed. [VDB-8003]
WARNING  : Input/inout port jtag_inst1_DRCK is unconnected and will be removed. [VDB-8003]
WARNING  : Input/inout port jtag_inst1_RUNTEST is unconnected and will be removed. [VDB-8003]
WARNING  : Input/inout port jtag_inst1_TMS is unconnected and will be removed. [VDB-8003]
WARNING  : Net u_micro_risc_v1/u_EfxSapphireSoc/system_cores_0_logic_cpu/IBusCachedPlugin_cache/lineLoader_address[0] is dangling. [VDB-8009]
WARNING  : Net u_micro_risc_v1/u_EfxSapphireSoc/system_cores_0_logic_cpu/IBusCachedPlugin_cache/lineLoader_address[1] is dangling. [VDB-8009]
WARNING  : Net u_micro_risc_v1/u_EfxSapphireSoc/system_cores_0_logic_cpu/IBusCachedPlugin_cache/lineLoader_address[2] is dangling. [VDB-8009]
WARNING  : Net u_micro_risc_v1/u_EfxSapphireSoc/system_cores_0_logic_cpu/IBusCachedPlugin_cache/lineLoader_address[3] is dangling. [VDB-8009]
WARNING  : Net u_micro_risc_v1/u_EfxSapphireSoc/system_cores_0_logic_cpu/IBusCachedPlugin_cache/lineLoader_address[4] is dangling. [VDB-8009]
WARNING  : Net u_micro_risc_v1/u_EfxSapphireSoc/system_cores_0_logic_cpu/IBusCachedPlugin_cache/lineLoader_address[5] is dangling. [VDB-8009]

WARNING  : Found 19 warnings in the post-synthesis netlist.
INFO     : VDB Netlist Checker took 0.0285609 seconds.
INFO     : 	VDB Netlist Checker took 0.06 seconds (approximately) in total CPU time.
INFO     : VDB Netlist Checker virtual memory usage: begin = 333.9 MB, end = 333.9 MB, delta = 0 MB
INFO     : VDB Netlist Checker resident set memory usage: begin = 237.028 MB, end = 237.028 MB, delta = 0 MB
INFO     : 	VDB Netlist Checker peak resident set memory usage = 320.288 MB
INFO     : ***** Ending VDB Netlist Checker ... *****

INFO     : Resource Summary 
INFO     : =============================== 
INFO     : EFX_ADD         : 	489
INFO     : EFX_LUT4        : 	5272
INFO     : EFX_FF          : 	4764
INFO     : EFX_RAM_5K      : 	73
INFO     : EFX_GBUFCE      : 	4
INFO     : =============================== 
INFO     : ... Post-Map Verilog Writer begin
INFO     : Writing netlist 'top_level' to Verilog file '/home/olle/efinity_p2/BRAM/work_dbg/BRAM.dbg.map.v' [VDB-1030]

INFO     : ... Post-Map Verilog Writer end (Real time : 1s CPU user time : 60s CPU sys time : 0s MEM : 320288KB)

INFO     : The entire flow of EFX_MAP took 57.3502 seconds.
INFO     : 	The entire flow of EFX_MAP took 60.81 seconds (approximately) in total CPU time.
INFO     : The entire flow of EFX_MAP virtual memory usage: begin = 88.4 MB, end = 333.9 MB, delta = 245.5 MB
INFO     : The entire flow of EFX_MAP resident set memory usage: begin = 27.392 MB, end = 237.156 MB, delta = 209.764 MB
INFO     : 	The entire flow of EFX_MAP peak resident set memory usage = 320.288 MB

Sat August 23 25 11:19:24 - /home/olle/efinix/efinity/2025.1/bin/efx_map finished. Exit code = 0 Exit status : Normal

Debugger Step Merge User design with Debugger Cores. Done

--------------------------------------------------------------

--------------------------------------------------------------

Start Debugger Step Instantiate Jtag.

Sat August 23 25 11:19:24 - /home/olle/efinix/efinity/2025.1/bin/python3  "/home/olle/efinix/efinity/2025.1/scripts/efx_pt_jtag_util.py" --device "T20F169" --project "BRAM" --design_file "/home/olle/efinity_p2/BRAM/BRAM.peri.xml" --action "add" --jtag_user "JTAG_USER1" --output "/home/olle/efinity_p2/BRAM/BRAM.dbg.peri.xml"

Sat August 23 25 11:19:24 - Running /home/olle/efinix/efinity/2025.1/bin/python3...


== Load a design from file /home/olle/efinity_p2/BRAM/BRAM.peri.xml
INFO: Load design...
INFO: Periphery design is in sync with Efinity project
INFO: Load design...done.

== Create JTAG with default setting and pin name

== Assign JTAG_USER1 resource to new jtag
INFO: Check design...
INFO: Check design...done.

== Save Design to file: /home/olle/efinity_p2/BRAM/BRAM.dbg.peri.xml
INFO: Save as design...
INFO: Save as design...done.

Save db version: 20251999

Sat August 23 25 11:19:26 - /home/olle/efinix/efinity/2025.1/bin/python3 finished. Exit code = 0 Exit status : Normal

Debugger Step Instantiate Jtag. Done

--------------------------------------------------------------

Debugger Step Instantiate Jtag. Done

Sat August 23 25 11:19:27 - End Debugger Flow



-------------------------------------------------------------------------

Placement and Routing

-------------------------------------------------------------------------

Sat August 23 25 11:19:27 - Placement and routing flow working directory is /home/olle/efinity_p2/BRAM/work_pnr


INFO     : --max_threads set to 4 

Sat August 23 25 11:19:27 - /home/olle/efinix/efinity/2025.1/bin/python3  "/home/olle/efinix/efinity/2025.1/scripts/efx_run_pt_unified.py"  "BRAM.dbg"  "Trion"  "T20F169"

Sat August 23 25 11:19:27 - Running /home/olle/efinix/efinity/2025.1/bin/python3...

Load design file BRAM.dbg.peri.xml
Writing out summary report file
Writing out pinout file
Writing out interface config file
Writing out timing related file
Writing out verilog template file
Writing out option register file
Writing out boundary scan description file
Writing out LPF

Sat August 23 25 11:19:31 - /home/olle/efinix/efinity/2025.1/bin/python3 finished. Exit code = 0 Exit status : Normal

Sat August 23 25 11:19:31 - /home/olle/efinix/efinity/2025.1/bin/efx_pnr --circuit "BRAM" --family "Trion" --device "T20F169" --operating_conditions "C3" --pack --place --route --vdb_file "/home/olle/efinity_p2/BRAM/outflow/BRAM.dbg.vdb" --use_vdb_file "on" --place_file "/home/olle/efinity_p2/BRAM/outflow/BRAM.place" --route_file "/home/olle/efinity_p2/BRAM/outflow/BRAM.route" --sdc_file "/home/olle/efinity_p2/BRAM/const1.sdc" --sync_file "/home/olle/efinity_p2/BRAM/outflow/BRAM.interface.csv" --seed "1" --placer_effort_level "2" --max_threads "-1" --print_critical_path "10" --work_dir "/home/olle/efinity_p2/BRAM/work_pnr" --output_dir "/home/olle/efinity_p2/BRAM/outflow" --timing_analysis "on" --load_delay_matrix

Sat August 23 25 11:19:31 - Running /home/olle/efinix/efinity/2025.1/bin/efx_pnr...

INFO     : --max_threads set to 4 


           

           Efinix FPGA Placement and Routing.

           Version: 2025.1.110.2.15 

           Compiled: Jun 21 2025.

           

           Copyright (C) 2013 - 2025 Efinix, Inc. All rights reserved.


           

           The Tool Is Based on VPR of University of Toronto,

           a free open source code under MIT license.

           

           

INFO     : Running Placement and Routing for Family "Trion", Device "T20F169" ...


           

           ***** Beginning stage netlist pre-processing ... *****

INFO     : Successfully Read in Verific binary Netlist dump file "/home/olle/efinity_p2/BRAM/outflow/BRAM.dbg.vdb".


INFO     : ***** Beginning VDB Netlist Checker ... *****


WARNING  : /home/olle/efinity_p2/BRAM/top_level.vhd(16): Input/inout port rmii_crs_dv is unconnected and will be removed. [VDB-8003]


WARNING  : /home/olle/efinity_p2/BRAM/top_level.vhd(17): Input/inout port rmii_rx_er is unconnected and will be removed. [VDB-8003]


WARNING  : /home/olle/efinity_p2/BRAM/top_level.vhd(18): Input/inout port rmii_rxd[1] is unconnected and will be removed. [VDB-8003]


WARNING  : /home/olle/efinity_p2/BRAM/top_level.vhd(21): Input/inout port mdio_i is unconnected and will be removed. [VDB-8003]


WARNING  : /home/olle/efinity_p2/BRAM/top_level.vhd(29): Input/inout port jtag_dummy_TMS is unconnected and will be removed. [VDB-8003]


WARNING  : /home/olle/efinity_p2/BRAM/top_level.vhd(30): Input/inout port jtag_dummy_SEL is unconnected and will be removed. [VDB-8003]


WARNING  : /home/olle/efinity_p2/BRAM/top_level.vhd(31): Input/inout port jtag_dummy_DRCK is unconnected and will be removed. [VDB-8003]


WARNING  : /home/olle/efinity_p2/BRAM/top_level.vhd(33): Input/inout port jtag_dummy_RUNTEST is unconnected and will be removed. [VDB-8003]


WARNING  : /home/olle/efinity_p2/BRAM/top_level.vhd(38): Input/inout port led4 is unconnected and will be removed. [VDB-8003]


WARNING  : Input/inout port jtag_inst1_DRCK is unconnected and will be removed. [VDB-8003]


WARNING  : Input/inout port jtag_inst1_RUNTEST is unconnected and will be removed. [VDB-8003]


WARNING  : Input/inout port jtag_inst1_TMS is unconnected and will be removed. [VDB-8003]


WARNING  : Net u_micro_risc_v1/u_EfxSapphireSoc/system_cores_0_logic_cpu/IBusCachedPlugin_cache/lineLoader_address[0] is dangling. [VDB-8009]


WARNING  : Net u_micro_risc_v1/u_EfxSapphireSoc/system_cores_0_logic_cpu/IBusCachedPlugin_cache/lineLoader_address[1] is dangling. [VDB-8009]


WARNING  : Net u_micro_risc_v1/u_EfxSapphireSoc/system_cores_0_logic_cpu/IBusCachedPlugin_cache/lineLoader_address[2] is dangling. [VDB-8009]


WARNING  : Net u_micro_risc_v1/u_EfxSapphireSoc/system_cores_0_logic_cpu/IBusCachedPlugin_cache/lineLoader_address[3] is dangling. [VDB-8009]


WARNING  : Net u_micro_risc_v1/u_EfxSapphireSoc/system_cores_0_logic_cpu/IBusCachedPlugin_cache/lineLoader_address[4] is dangling. [VDB-8009]


WARNING  : Net u_micro_risc_v1/u_EfxSapphireSoc/system_cores_0_logic_cpu/IBusCachedPlugin_cache/lineLoader_address[5] is dangling. [VDB-8009]


WARNING  : Found 19 warnings in the post-synthesis netlist.


INFO     : VDB Netlist Checker took 0.0280064 seconds.


INFO     : 	VDB Netlist Checker took 0.05 seconds (approximately) in total CPU time.


INFO     : VDB Netlist Checker virtual memory usage: begin = 228.656 MB, end = 245.068 MB, delta = 16.412 MB


INFO     : VDB Netlist Checker resident set memory usage: begin = 119.424 MB, end = 119.936 MB, delta = 0.512 MB


INFO     : 	VDB Netlist Checker peak resident set memory usage = 320.288 MB


INFO     : ***** Ending VDB Netlist Checker ... *****


INFO     : Reading core interface constraints file "/home/olle/efinity_p2/BRAM/outflow/BRAM.interface.csv"


INFO     : Successfully read core interface constraints file "/home/olle/efinity_p2/BRAM/outflow/BRAM.interface.csv"


INFO     : Found 0 constant generator nets.


INFO     : Pass 0: Swept away 6 nets with no fanout.


INFO     : logical_block #7(rmii_crs_dv) has no fanout.


INFO     : Removing input.


INFO     : logical_block #8(rmii_rx_er) has no fanout.


INFO     : Removing input.


INFO     : logical_block #9(rmii_rxd[1]) has no fanout.


INFO     : Removing input.


INFO     : logical_block #10(rmii_rxd[0]) has no fanout.


INFO     : Removing input.


INFO     : logical_block #14(mdio_i) has no fanout.


INFO     : Removing input.


INFO     : logical_block #22(jtag_dummy_TMS) has no fanout.


INFO     : Removing input.


INFO     : logical_block #23(jtag_dummy_SEL) has no fanout.


INFO     : Removing input.


INFO     : logical_block #24(jtag_dummy_DRCK) has no fanout.


INFO     : Removing input.


INFO     : logical_block #26(jtag_dummy_RUNTEST) has no fanout.


INFO     : Removing input.


INFO     : logical_block #31(led4) has no fanout.


INFO     : Removing input.


INFO     : logical_block #35(jtag_inst1_DRCK) has no fanout.


INFO     : Removing input.


INFO     : logical_block #37(jtag_inst1_RUNTEST) has no fanout.


INFO     : Removing input.


INFO     : logical_block #42(jtag_inst1_TMS) has no fanout.


INFO     : Removing input.


WARNING  : logical_block u_micro_risc_v1/u_EfxSapphireSoc/system_cores_0_logic_cpu/IBusCachedPlugin_cache/lineLoader_address[0]~FF #256 has no fanout. Check synthesis flow


WARNING  : logical_block u_micro_risc_v1/u_EfxSapphireSoc/system_cores_0_logic_cpu/IBusCachedPlugin_cache/lineLoader_address[1]~FF #266 has no fanout. Check synthesis flow


WARNING  : logical_block u_micro_risc_v1/u_EfxSapphireSoc/system_cores_0_logic_cpu/IBusCachedPlugin_cache/lineLoader_address[2]~FF #267 has no fanout. Check synthesis flow


WARNING  : logical_block u_micro_risc_v1/u_EfxSapphireSoc/system_cores_0_logic_cpu/IBusCachedPlugin_cache/lineLoader_address[3]~FF #268 has no fanout. Check synthesis flow


WARNING  : logical_block u_micro_risc_v1/u_EfxSapphireSoc/system_cores_0_logic_cpu/IBusCachedPlugin_cache/lineLoader_address[4]~FF #269 has no fanout. Check synthesis flow


WARNING  : logical_block u_micro_risc_v1/u_EfxSapphireSoc/system_cores_0_logic_cpu/IBusCachedPlugin_cache/lineLoader_address[5]~FF #270 has no fanout. Check synthesis flow


INFO     : Pass 0: Swept away 13 blocks with no fanout.


INFO     : Pass 1: Swept away 0 nets with no fanout.


WARNING  : logical_block u_micro_risc_v1/u_EfxSapphireSoc/system_cores_0_logic_cpu/IBusCachedPlugin_cache/lineLoader_address[0]~FF #256 has no fanout. Check synthesis flow


WARNING  : logical_block u_micro_risc_v1/u_EfxSapphireSoc/system_cores_0_logic_cpu/IBusCachedPlugin_cache/lineLoader_address[1]~FF #266 has no fanout. Check synthesis flow


WARNING  : logical_block u_micro_risc_v1/u_EfxSapphireSoc/system_cores_0_logic_cpu/IBusCachedPlugin_cache/lineLoader_address[2]~FF #267 has no fanout. Check synthesis flow


WARNING  : logical_block u_micro_risc_v1/u_EfxSapphireSoc/system_cores_0_logic_cpu/IBusCachedPlugin_cache/lineLoader_address[3]~FF #268 has no fanout. Check synthesis flow


WARNING  : logical_block u_micro_risc_v1/u_EfxSapphireSoc/system_cores_0_logic_cpu/IBusCachedPlugin_cache/lineLoader_address[4]~FF #269 has no fanout. Check synthesis flow


WARNING  : logical_block u_micro_risc_v1/u_EfxSapphireSoc/system_cores_0_logic_cpu/IBusCachedPlugin_cache/lineLoader_address[5]~FF #270 has no fanout. Check synthesis flow


INFO     : Pass 1: Swept away 0 blocks with no fanout.


INFO     : Swept away 6 nets and 13 blocks in total.


INFO     : Removed 0 LUT buffers


INFO     : Sweept away 13 nodes


INFO     : Successfully created VPR logical netlist from Verific binary DataBase file "/home/olle/efinity_p2/BRAM/outflow/BRAM.dbg.vdb".


INFO     : Netlist pre-processing took 0.214705 seconds.


INFO     : 	Netlist pre-processing took 0.22 seconds (approximately) in total CPU time.


INFO     : Netlist pre-processing virtual memory usage: begin = 228.656 MB, end = 245.068 MB, delta = 16.412 MB


INFO     : Netlist pre-processing resident set memory usage: begin = 118.4 MB, end = 120.32 MB, delta = 1.92 MB


INFO     : 	Netlist pre-processing peak resident set memory usage = 320.288 MB


           ***** Ending stage netlist pre-processing *****

           

           ***** Beginning stage pre-packing ... *****

           ***** Ending stage pre-packing *****

           

           ***** Beginning stage packing ... *****

WARNING  : Packer found FF 'u_micro_risc_v1/u_EfxSapphireSoc/system_cores_0_logic_cpu/IBusCachedPlugin_cache/lineLoader_address[0]~FF' with no output net.


WARNING  : If possible, remove 'syn_preserve' attribute on FF output.


WARNING  : Packer found FF 'u_micro_risc_v1/u_EfxSapphireSoc/system_cores_0_logic_cpu/IBusCachedPlugin_cache/lineLoader_address[1]~FF' with no output net.


WARNING  : If possible, remove 'syn_preserve' attribute on FF output.


WARNING  : Packer found FF 'u_micro_risc_v1/u_EfxSapphireSoc/system_cores_0_logic_cpu/IBusCachedPlugin_cache/lineLoader_address[2]~FF' with no output net.


WARNING  : If possible, remove 'syn_preserve' attribute on FF output.


WARNING  : Packer found FF 'u_micro_risc_v1/u_EfxSapphireSoc/system_cores_0_logic_cpu/IBusCachedPlugin_cache/lineLoader_address[3]~FF' with no output net.


WARNING  : If possible, remove 'syn_preserve' attribute on FF output.


WARNING  : Packer found FF 'u_micro_risc_v1/u_EfxSapphireSoc/system_cores_0_logic_cpu/IBusCachedPlugin_cache/lineLoader_address[4]~FF' with no output net.


WARNING  : If possible, remove 'syn_preserve' attribute on FF output.


WARNING  : Packer found FF 'u_micro_risc_v1/u_EfxSapphireSoc/system_cores_0_logic_cpu/IBusCachedPlugin_cache/lineLoader_address[5]~FF' with no output net.


WARNING  : If possible, remove 'syn_preserve' attribute on FF output.


INFO     : Generate proto netlist for file "/home/olle/efinity_p2/BRAM/work_pnr/BRAM.net_proto" took 0.020835 seconds


INFO     : Creating IO constraints file '/home/olle/efinity_p2/BRAM/work_pnr/BRAM.io_place'


INFO     : Packing took 0.0725712 seconds.


INFO     : 	Packing took 0.07 seconds (approximately) in total CPU time.


INFO     : Packing virtual memory usage: begin = 245.068 MB, end = 245.068 MB, delta = 0 MB


INFO     : Packing resident set memory usage: begin = 121.216 MB, end = 121.728 MB, delta = 0.512 MB


INFO     : 	Packing peak resident set memory usage = 320.288 MB


           ***** Ending stage packing *****

           

INFO     : Read proto netlist file /home/olle/efinity_p2/BRAM/work_pnr/BRAM.net_proto


INFO     : Read proto netlist for file "/home/olle/efinity_p2/BRAM/work_pnr/BRAM.net_proto" took 0.015026 seconds


INFO     : Setup net and block data structure took 0.232451 seconds


WARNING  : Found 19 warnings in the post-synthesis netlist.


INFO     : Reading core interface constraints file "/home/olle/efinity_p2/BRAM/outflow/BRAM.interface.csv"


INFO     : Successfully read core interface constraints file "/home/olle/efinity_p2/BRAM/outflow/BRAM.interface.csv"


INFO     : logical_block u_micro_risc_v1/u_EfxSapphireSoc/system_cores_0_logic_cpu/IBusCachedPlugin_cache/lineLoader_address[0]~FF #256 has no fanout. Check synthesis flow


INFO     : logical_block u_micro_risc_v1/u_EfxSapphireSoc/system_cores_0_logic_cpu/IBusCachedPlugin_cache/lineLoader_address[1]~FF #266 has no fanout. Check synthesis flow


INFO     : logical_block u_micro_risc_v1/u_EfxSapphireSoc/system_cores_0_logic_cpu/IBusCachedPlugin_cache/lineLoader_address[2]~FF #267 has no fanout. Check synthesis flow


INFO     : logical_block u_micro_risc_v1/u_EfxSapphireSoc/system_cores_0_logic_cpu/IBusCachedPlugin_cache/lineLoader_address[3]~FF #268 has no fanout. Check synthesis flow


INFO     : logical_block u_micro_risc_v1/u_EfxSapphireSoc/system_cores_0_logic_cpu/IBusCachedPlugin_cache/lineLoader_address[4]~FF #269 has no fanout. Check synthesis flow


INFO     : logical_block u_micro_risc_v1/u_EfxSapphireSoc/system_cores_0_logic_cpu/IBusCachedPlugin_cache/lineLoader_address[5]~FF #270 has no fanout. Check synthesis flow


INFO     : logical_block u_micro_risc_v1/u_EfxSapphireSoc/system_cores_0_logic_cpu/IBusCachedPlugin_cache/lineLoader_address[0]~FF #256 has no fanout. Check synthesis flow


INFO     : logical_block u_micro_risc_v1/u_EfxSapphireSoc/system_cores_0_logic_cpu/IBusCachedPlugin_cache/lineLoader_address[1]~FF #266 has no fanout. Check synthesis flow


INFO     : logical_block u_micro_risc_v1/u_EfxSapphireSoc/system_cores_0_logic_cpu/IBusCachedPlugin_cache/lineLoader_address[2]~FF #267 has no fanout. Check synthesis flow


INFO     : logical_block u_micro_risc_v1/u_EfxSapphireSoc/system_cores_0_logic_cpu/IBusCachedPlugin_cache/lineLoader_address[3]~FF #268 has no fanout. Check synthesis flow


INFO     : logical_block u_micro_risc_v1/u_EfxSapphireSoc/system_cores_0_logic_cpu/IBusCachedPlugin_cache/lineLoader_address[4]~FF #269 has no fanout. Check synthesis flow


INFO     : logical_block u_micro_risc_v1/u_EfxSapphireSoc/system_cores_0_logic_cpu/IBusCachedPlugin_cache/lineLoader_address[5]~FF #270 has no fanout. Check synthesis flow


           ***** Beginning stage packed netlist loading ... *****

INFO     : Read proto netlist file /home/olle/efinity_p2/BRAM/work_pnr/BRAM.net_proto


INFO     : Read proto netlist for file "/home/olle/efinity_p2/BRAM/work_pnr/BRAM.net_proto" took 0.014188 seconds


INFO     : Setup net and block data structure took 0.226289 seconds


INFO     : Packed netlist loading took 0.242985 seconds.


INFO     : 	Packed netlist loading took 0.24 seconds (approximately) in total CPU time.


INFO     : Packed netlist loading virtual memory usage: begin = 274.372 MB, end = 274.372 MB, delta = 0 MB


INFO     : Packed netlist loading resident set memory usage: begin = 156.032 MB, end = 156.032 MB, delta = 0 MB


INFO     : 	Packed netlist loading peak resident set memory usage = 320.288 MB


           ***** Ending stage packed netlist loading *****

           

           ***** Beginning stage pre-placement ... *****

           

           ***** Ending stage pre-placement *****

           

INFO     : SDC file '/home/olle/efinity_p2/BRAM/const1.sdc' parsed successfully.


INFO     : 2 clocks (including virtual clocks), 0 inputs and 0 outputs were constrained.


           ***** Beginning stage initial placement ... *****

INFO     : Reading core interface constraints file "/home/olle/efinity_p2/BRAM/outflow/BRAM.interface.csv"


INFO     : Successfully read core interface constraints file "/home/olle/efinity_p2/BRAM/outflow/BRAM.interface.csv"


INFO     : Writing IO placement constraints to "/home/olle/efinity_p2/BRAM/outflow/BRAM.interface.io"


INFO     : Reading placement constraints from '/home/olle/efinity_p2/BRAM/outflow/BRAM.interface.io'.


INFO     : Reading placement constraints from '/home/olle/efinity_p2/BRAM/work_pnr/BRAM.io_place'.


WARNING  : jtag_dummy_TDI has no assigned placement; it will be placed randomly.


WARNING  : jtag_dummy_TCK has no assigned placement; it will be placed randomly.


WARNING  : jtag_dummy_RESET has no assigned placement; it will be placed randomly.


WARNING  : jtag_dummy_CAPTURE has no assigned placement; it will be placed randomly.


WARNING  : jtag_dummy_SHIFT has no assigned placement; it will be placed randomly.


WARNING  : jtag_dummy_UPDATE has no assigned placement; it will be placed randomly.


WARNING  : jtag_dummy_TDO has no assigned placement; it will be placed randomly.


INFO     : 7 IOs will have random placement.


WARNING  : Clock source jtag_inst1_TCK does not use a dedicated clock pad, so extra clock insertion delay is added


           ***** Ending stage initial placement *****

           

           ***** Beginning stage placement ... *****

INFO     : Found 81 synchronizers as follows: 


INFO     : 	Synchronizer 0: 


INFO     :  u_micro_risc_v1/u_EfxSapphireSoc/system_riscvJtag_hard_noTap_tunnel_io_bus_cmd_payload_address[6]~FF


INFO     : 	Synchronizer 1: 


INFO     :  u_micro_risc_v1/u_EfxSapphireSoc/system_riscvJtag_hard_noTap_tunnel_io_bus_cmd_payload_address[5]~FF


INFO     : 	Synchronizer 2: 


INFO     :  u_micro_risc_v1/u_EfxSapphireSoc/system_riscvJtag_hard_noTap_tunnel_io_bus_cmd_payload_address[4]~FF


INFO     : 	Synchronizer 3: 


INFO     :  u_micro_risc_v1/u_EfxSapphireSoc/system_riscvJtag_hard_noTap_tunnel_io_bus_cmd_payload_address[3]~FF


INFO     : 	Synchronizer 4: 


INFO     :  u_micro_risc_v1/u_EfxSapphireSoc/system_riscvJtag_hard_noTap_tunnel_io_bus_cmd_payload_address[2]~FF


INFO     : 	Synchronizer 5: 


INFO     :  u_micro_risc_v1/u_EfxSapphireSoc/system_riscvJtag_hard_noTap_tunnel_io_bus_cmd_payload_address[1]~FF


INFO     : 	Synchronizer 6: 


INFO     :  u_micro_risc_v1/u_EfxSapphireSoc/system_riscvJtag_hard_noTap_tunnel_io_bus_cmd_payload_data[31]~FF


INFO     : 	Synchronizer 7: 


INFO     :  u_micro_risc_v1/u_EfxSapphireSoc/system_riscvJtag_hard_noTap_tunnel_io_bus_cmd_payload_data[30]~FF


INFO     : 	Synchronizer 8: 


INFO     :  u_micro_risc_v1/u_EfxSapphireSoc/system_riscvJtag_hard_noTap_tunnel_io_bus_cmd_payload_data[26]~FF


INFO     : 	Synchronizer 9: 


INFO     :  u_micro_risc_v1/u_EfxSapphireSoc/system_riscvJtag_hard_noTap_tunnel_io_bus_cmd_payload_data[25]~FF


INFO     : 	Synchronizer 10: 


INFO     :  u_micro_risc_v1/u_EfxSapphireSoc/system_riscvJtag_hard_noTap_tunnel_io_bus_cmd_payload_data[24]~FF


INFO     : 	Synchronizer 11: 


INFO     :  u_micro_risc_v1/u_EfxSapphireSoc/system_riscvJtag_hard_noTap_tunnel_io_bus_cmd_payload_data[23]~FF


INFO     : 	Synchronizer 12: 


INFO     :  u_micro_risc_v1/u_EfxSapphireSoc/system_riscvJtag_hard_noTap_tunnel_io_bus_cmd_payload_data[22]~FF


INFO     : 	Synchronizer 13: 


INFO     :  u_micro_risc_v1/u_EfxSapphireSoc/system_riscvJtag_hard_noTap_tunnel_io_bus_cmd_payload_data[21]~FF


INFO     : 	Synchronizer 14: 


INFO     :  u_micro_risc_v1/u_EfxSapphireSoc/system_riscvJtag_hard_noTap_tunnel_io_bus_cmd_payload_data[20]~FF


INFO     : 	Synchronizer 15: 


INFO     :  u_micro_risc_v1/u_EfxSapphireSoc/system_riscvJtag_hard_noTap_tunnel_io_bus_cmd_payload_data[19]~FF


INFO     : 	Synchronizer 16: 


INFO     :  u_micro_risc_v1/u_EfxSapphireSoc/system_riscvJtag_hard_noTap_tunnel_io_bus_cmd_payload_data[18]~FF


INFO     : 	Synchronizer 17: 


INFO     :  u_micro_risc_v1/u_EfxSapphireSoc/system_riscvJtag_hard_noTap_tunnel_io_bus_cmd_payload_data[17]~FF


INFO     : 	Synchronizer 18: 


INFO     :  u_micro_risc_v1/u_EfxSapphireSoc/system_riscvJtag_hard_noTap_tunnel_io_bus_cmd_payload_data[16]~FF


INFO     : 	Synchronizer 19: 


INFO     :  u_micro_risc_v1/u_EfxSapphireSoc/system_riscvJtag_hard_noTap_tunnel_io_bus_cmd_payload_data[15]~FF


INFO     : 	Synchronizer 20: 


INFO     :  u_micro_risc_v1/u_EfxSapphireSoc/system_riscvJtag_hard_noTap_tunnel_io_bus_cmd_payload_data[14]~FF


INFO     : 	Synchronizer 21: 


INFO     :  u_micro_risc_v1/u_EfxSapphireSoc/system_riscvJtag_hard_noTap_tunnel_io_bus_cmd_payload_data[13]~FF


INFO     : 	Synchronizer 22: 


INFO     :  u_micro_risc_v1/u_EfxSapphireSoc/system_riscvJtag_hard_noTap_tunnel_io_bus_cmd_payload_data[12]~FF


INFO     : 	Synchronizer 23: 


INFO     :  u_micro_risc_v1/u_EfxSapphireSoc/system_riscvJtag_hard_noTap_tunnel/logic_systemLogic_bus_rsp_ccToggle_io_output_payload_data[3]~FF


INFO     : 	Synchronizer 24: 


INFO     :  u_micro_risc_v1/u_EfxSapphireSoc/system_riscvJtag_hard_noTap_tunnel/logic_systemLogic_bus_rsp_ccToggle_io_output_payload_data[2]~FF


INFO     : 	Synchronizer 25: 


INFO     :  u_micro_risc_v1/u_EfxSapphireSoc/system_riscvJtag_hard_noTap_tunnel/logic_systemLogic_bus_rsp_ccToggle_io_output_payload_data[1]~FF


INFO     : 	Synchronizer 26: 


INFO     :  u_micro_risc_v1/u_EfxSapphireSoc/system_riscvJtag_hard_noTap_tunnel/logic_systemLogic_bus_rsp_ccToggle_io_output_payload_data[0]~FF


INFO     : 	Synchronizer 27: 


INFO     :  u_micro_risc_v1/u_EfxSapphireSoc/system_riscvJtag_hard_noTap_tunnel/logic_systemLogic_bus_rsp_ccToggle/system_riscvJtag_hard_noTap_tunnel_toplevel_debugCd_logic_outputReset_asyncAssertSyncDeassert_buffercc/buffers_0~FF


INFO     :  u_micro_risc_v1/u_EfxSapphireSoc/system_riscvJtag_hard_noTap_tunnel/logic_systemLogic_bus_rsp_ccToggle/system_riscvJtag_hard_noTap_tunnel_toplevel_debugCd_logic_outputReset_asyncAssertSyncDeassert_buffercc_io_dataOut~FF


INFO     : 	Synchronizer 28: 


INFO     :  u_micro_risc_v1/u_EfxSapphireSoc/system_riscvJtag_hard_noTap_tunnel/logic_systemLogic_bus_rsp_ccToggle/inputArea_target_buffercc/buffers_0~FF


INFO     :  u_micro_risc_v1/u_EfxSapphireSoc/system_riscvJtag_hard_noTap_tunnel/logic_systemLogic_bus_rsp_ccToggle/inputArea_target_buffercc_io_dataOut~FF


INFO     : 	Synchronizer 29: 


INFO     :  u_micro_risc_v1/u_EfxSapphireSoc/system_riscvJtag_hard_noTap_tunnel/logic_systemLogic_bus_rsp_ccToggle_io_output_payload_data[20]~FF


INFO     : 	Synchronizer 30: 


INFO     :  u_micro_risc_v1/u_EfxSapphireSoc/system_riscvJtag_hard_noTap_tunnel_io_bus_cmd_payload_data[29]~FF


INFO     : 	Synchronizer 31: 


INFO     :  u_micro_risc_v1/u_EfxSapphireSoc/system_riscvJtag_hard_noTap_tunnel_io_bus_cmd_payload_address[0]~FF


INFO     : 	Synchronizer 32: 


INFO     :  u_micro_risc_v1/u_EfxSapphireSoc/system_riscvJtag_hard_noTap_tunnel/logic_systemLogic_bus_rsp_ccToggle_io_output_payload_data[8]~FF


INFO     : 	Synchronizer 33: 


INFO     :  u_micro_risc_v1/u_EfxSapphireSoc/system_riscvJtag_hard_noTap_tunnel/logic_systemLogic_bus_rsp_ccToggle_io_output_payload_data[6]~FF


INFO     : 	Synchronizer 34: 


INFO     :  u_micro_risc_v1/u_EfxSapphireSoc/system_riscvJtag_hard_noTap_tunnel/logic_systemLogic_bus_rsp_ccToggle_io_output_payload_data[5]~FF


INFO     : 	Synchronizer 35: 


INFO     :  u_micro_risc_v1/u_EfxSapphireSoc/system_riscvJtag_hard_noTap_tunnel/logic_systemLogic_bus_rsp_ccToggle_io_output_payload_data[9]~FF


INFO     : 	Synchronizer 36: 


INFO     :  u_micro_risc_v1/u_EfxSapphireSoc/system_riscvJtag_hard_noTap_tunnel/logic_systemLogic_bus_rsp_ccToggle_io_output_payload_data[10]~FF


INFO     : 	Synchronizer 37: 


INFO     :  u_micro_risc_v1/u_EfxSapphireSoc/system_riscvJtag_hard_noTap_tunnel_io_bus_cmd_payload_data[28]~FF


INFO     : 	Synchronizer 38: 


INFO     :  u_micro_risc_v1/u_EfxSapphireSoc/system_riscvJtag_hard_noTap_tunnel_io_bus_cmd_payload_data[0]~FF


INFO     : 	Synchronizer 39: 


INFO     :  u_micro_risc_v1/u_EfxSapphireSoc/system_riscvJtag_hard_noTap_tunnel/logic_systemLogic_bus_rsp_ccToggle_io_output_payload_data[4]~FF


INFO     : 	Synchronizer 40: 


INFO     :  u_micro_risc_v1/u_EfxSapphireSoc/system_riscvJtag_hard_noTap_tunnel/logic_systemLogic_bus_rsp_ccToggle_io_output_payload_data[7]~FF


INFO     : 	Synchronizer 41: 


INFO     :  u_micro_risc_v1/u_EfxSapphireSoc/debugCd_logic_outputReset_asyncAssertSyncDeassert_buffercc/buffers_0~FF


INFO     :  u_micro_risc_v1/u_EfxSapphireSoc/debugCd_logic_outputReset_asyncAssertSyncDeassert_buffercc_io_dataOut~FF


INFO     : 	Synchronizer 42: 


INFO     :  u_micro_risc_v1/u_EfxSapphireSoc/system_riscvJtag_hard_noTap_tunnel/logic_systemLogic_bus_rsp_ccToggle_io_output_payload_data[16]~FF


INFO     : 	Synchronizer 43: 


INFO     :  u_micro_risc_v1/u_EfxSapphireSoc/system_riscvJtag_hard_noTap_tunnel/logic_systemLogic_bus_rsp_ccToggle_io_output_payload_data[17]~FF


INFO     : 	Synchronizer 44: 


INFO     :  u_micro_risc_v1/u_EfxSapphireSoc/system_riscvJtag_hard_noTap_tunnel_io_bus_cmd_payload_data[27]~FF


INFO     : 	Synchronizer 45: 


INFO     :  u_micro_risc_v1/u_EfxSapphireSoc/system_riscvJtag_hard_noTap_tunnel_io_bus_cmd_payload_write~FF


INFO     : 	Synchronizer 46: 


INFO     :  u_micro_risc_v1/u_EfxSapphireSoc/system_riscvJtag_hard_noTap_tunnel/logic_systemLogic_bus_rsp_ccToggle_io_output_payload_data[11]~FF


INFO     : 	Synchronizer 47: 


INFO     :  u_micro_risc_v1/u_EfxSapphireSoc/system_riscvJtag_hard_noTap_tunnel/logic_systemLogic_bus_rsp_ccToggle_io_output_payload_data[12]~FF


INFO     : 	Synchronizer 48: 


INFO     :  u_micro_risc_v1/u_EfxSapphireSoc/system_riscvJtag_hard_noTap_tunnel/logic_systemLogic_bus_rsp_ccToggle_io_output_payload_data[13]~FF


INFO     : 	Synchronizer 49: 


INFO     :  u_micro_risc_v1/u_EfxSapphireSoc/system_riscvJtag_hard_noTap_tunnel/logic_systemLogic_bus_rsp_ccToggle_io_output_payload_data[14]~FF


INFO     : 	Synchronizer 50: 


INFO     :  u_micro_risc_v1/u_EfxSapphireSoc/system_uart_0_io_logic/uartCtrl_1/rx/io_rxd_buffercc/buffers_0~FF


INFO     :  u_micro_risc_v1/u_EfxSapphireSoc/system_uart_0_io_logic/uartCtrl_1/rx/io_rxd_buffercc_io_dataOut~FF


INFO     : 	Synchronizer 51: 


INFO     :  u_micro_risc_v1/u_EfxSapphireSoc/io_asyncReset_asyncAssertSyncDeassert_buffercc/buffers_0~FF


INFO     :  u_micro_risc_v1/u_EfxSapphireSoc/io_asyncReset_asyncAssertSyncDeassert_buffercc_io_dataOut~FF


INFO     : 	Synchronizer 52: 


INFO     :  u_micro_risc_v1/u_EfxSapphireSoc/system_riscvJtag_hard_noTap_tunnel/logic_systemLogic_bus_rsp_ccToggle_io_output_payload_data[15]~FF


INFO     : 	Synchronizer 53: 


INFO     :  u_micro_risc_v1/u_EfxSapphireSoc/system_coreStopTime_buffercc/buffers_0~FF


INFO     :  u_micro_risc_v1/u_EfxSapphireSoc/system_coreStopTime_buffercc_io_dataOut~FF


INFO     : 	Synchronizer 54: 


INFO     :  u_micro_risc_v1/u_EfxSapphireSoc/system_riscvJtag_hard_noTap_tunnel/logic_systemLogic_bus_rsp_ccToggle_io_output_payload_data[18]~FF


INFO     : 	Synchronizer 55: 


INFO     :  u_micro_risc_v1/u_EfxSapphireSoc/system_riscvJtag_debug_systemReset_asyncAssertSyncDeassert_buffercc/buffers_0~FF


INFO     :  u_micro_risc_v1/u_EfxSapphireSoc/system_riscvJtag_debug_systemReset_asyncAssertSyncDeassert_buffercc_io_dataOut~FF


INFO     : 	Synchronizer 56: 


INFO     :  u_micro_risc_v1/u_EfxSapphireSoc/system_cores_0_logic_cpu/systemCd_logic_outputReset_buffercc/buffers_0~FF


INFO     :  u_micro_risc_v1/u_EfxSapphireSoc/system_cores_0_logic_cpu_debugBus_unavailable~FF


INFO     : 	Synchronizer 57: 


INFO     :  u_micro_risc_v1/u_EfxSapphireSoc/system_riscvJtag_hard_noTap_tunnel/logic_systemLogic_bus_rsp_ccToggle_io_output_payload_data[19]~FF


INFO     : 	Synchronizer 58: 


INFO     :  u_micro_risc_v1/u_EfxSapphireSoc/system_riscvJtag_hard_noTap_tunnel_io_bus_cmd_payload_data[9]~FF


INFO     : 	Synchronizer 59: 


INFO     :  u_micro_risc_v1/u_EfxSapphireSoc/system_riscvJtag_hard_noTap_tunnel/logic_systemLogic_bus_rsp_ccToggle_io_output_payload_data[29]~FF


INFO     : 	Synchronizer 60: 


INFO     :  u_micro_risc_v1/u_EfxSapphireSoc/system_riscvJtag_hard_noTap_tunnel_io_bus_cmd_payload_data[10]~FF


INFO     : 	Synchronizer 61: 


INFO     :  u_micro_risc_v1/u_EfxSapphireSoc/system_riscvJtag_hard_noTap_tunnel/logic_systemLogic_bus_rsp_ccToggle_io_output_payload_data[30]~FF


INFO     : 	Synchronizer 62: 


INFO     :  u_micro_risc_v1/u_EfxSapphireSoc/system_riscvJtag_hard_noTap_tunnel/logic_systemLogic_bus_rsp_ccToggle_io_output_payload_data[21]~FF


INFO     : 	Synchronizer 63: 


INFO     :  u_micro_risc_v1/u_EfxSapphireSoc/system_riscvJtag_hard_noTap_tunnel_io_bus_cmd_payload_data[1]~FF


INFO     : 	Synchronizer 64: 


INFO     :  u_micro_risc_v1/u_EfxSapphireSoc/system_riscvJtag_hard_noTap_tunnel_io_bus_cmd_payload_data[11]~FF


INFO     : 	Synchronizer 65: 


INFO     :  u_micro_risc_v1/u_EfxSapphireSoc/system_riscvJtag_hard_noTap_tunnel/logic_systemLogic_bus_rsp_ccToggle_io_output_payload_data[31]~FF


INFO     : 	Synchronizer 66: 


INFO     :  u_micro_risc_v1/u_EfxSapphireSoc/system_riscvJtag_hard_noTap_tunnel/logic_systemLogic_bus_rsp_ccToggle_io_output_payload_data[22]~FF


INFO     : 	Synchronizer 67: 


INFO     :  u_micro_risc_v1/u_EfxSapphireSoc/system_riscvJtag_hard_noTap_tunnel_io_bus_cmd_payload_data[2]~FF


INFO     : 	Synchronizer 68: 


INFO     :  u_micro_risc_v1/u_EfxSapphireSoc/system_riscvJtag_hard_noTap_tunnel/logic_systemLogic_bus_rsp_ccToggle_io_output_payload_data[23]~FF


INFO     : 	Synchronizer 69: 


INFO     :  u_micro_risc_v1/u_EfxSapphireSoc/system_riscvJtag_hard_noTap_tunnel_io_bus_cmd_payload_data[3]~FF


INFO     : 	Synchronizer 70: 


INFO     :  u_micro_risc_v1/u_EfxSapphireSoc/system_riscvJtag_hard_noTap_tunnel/logic_systemLogic_bus_rsp_ccToggle_io_output_payload_data[24]~FF


INFO     : 	Synchronizer 71: 


INFO     :  u_micro_risc_v1/u_EfxSapphireSoc/system_riscvJtag_hard_noTap_tunnel_io_bus_cmd_payload_data[4]~FF


INFO     : 	Synchronizer 72: 


INFO     :  u_micro_risc_v1/u_EfxSapphireSoc/system_riscvJtag_hard_noTap_tunnel/logic_systemLogic_bus_rsp_ccToggle_io_output_payload_data[25]~FF


INFO     : 	Synchronizer 73: 


INFO     :  u_micro_risc_v1/u_EfxSapphireSoc/system_riscvJtag_hard_noTap_tunnel_io_bus_cmd_payload_data[5]~FF


INFO     : 	Synchronizer 74: 


INFO     :  u_micro_risc_v1/u_EfxSapphireSoc/system_riscvJtag_hard_noTap_tunnel/logic_jtagLogic_dmiCmd_ccToggle/inputArea_target_buffercc/buffers_0~FF


INFO     :  u_micro_risc_v1/u_EfxSapphireSoc/system_riscvJtag_hard_noTap_tunnel/logic_jtagLogic_dmiCmd_ccToggle/inputArea_target_buffercc_io_dataOut~FF


INFO     : 	Synchronizer 75: 


INFO     :  u_micro_risc_v1/u_EfxSapphireSoc/system_riscvJtag_hard_noTap_tunnel/logic_systemLogic_bus_rsp_ccToggle_io_output_payload_data[26]~FF


INFO     : 	Synchronizer 76: 


INFO     :  u_micro_risc_v1/u_EfxSapphireSoc/system_riscvJtag_hard_noTap_tunnel_io_bus_cmd_payload_data[6]~FF


INFO     : 	Synchronizer 77: 


INFO     :  u_micro_risc_v1/u_EfxSapphireSoc/system_riscvJtag_hard_noTap_tunnel/logic_systemLogic_bus_rsp_ccToggle_io_output_payload_data[27]~FF


INFO     : 	Synchronizer 78: 


INFO     :  u_micro_risc_v1/u_EfxSapphireSoc/system_riscvJtag_hard_noTap_tunnel_io_bus_cmd_payload_data[7]~FF


INFO     : 	Synchronizer 79: 


INFO     :  u_micro_risc_v1/u_EfxSapphireSoc/system_riscvJtag_hard_noTap_tunnel/logic_systemLogic_bus_rsp_ccToggle_io_output_payload_data[28]~FF


INFO     : 	Synchronizer 80: 


INFO     :  u_micro_risc_v1/u_EfxSapphireSoc/system_riscvJtag_hard_noTap_tunnel_io_bus_cmd_payload_data[8]~FF


INFO     : Starting Global Placer with 4 threads ...


            ----------     -------  --------------     -------

             Iteration       WHPWL Worst Slack (ps) Convergence

            ----------     -------  --------------     -------

INFO     :           1    13641662           -3580         1.9%


INFO     :           2    11079706           -3182         2.6%


INFO     :           3     9731918           -3306         3.0%


INFO     :           4     7926247           -3306         3.6%


INFO     :           5     4049320           -3537         4.5%


INFO     :           6     2348801           -3537         8.0%


INFO     :           7     1242890           -3487        15.4%


INFO     :           8      628356           -5153        28.7%


INFO     :           9      451056           -6607        47.1%


INFO     :          10      448961           -7580        59.4%


INFO     :          11      411002           -7870        59.4%


INFO     :          12      417314           -9225        66.4%


INFO     :          13      400751           -7747        66.4%


INFO     :          14      410872           -7587        67.9%


INFO     :          15      392473           -7519        67.9%


INFO     :          16      403845           -7592        71.1%


INFO     :          17      387562           -7621        71.1%


INFO     :          18      403787           -7606        72.3%


INFO     :          19      383490           -8077        72.3%


INFO     :          20      406345           -7291        75.0%


INFO     :          21      381014           -7684        75.0%


INFO     :          22      397333           -7702        77.7%


INFO     :          23      377470           -7502        77.7%


INFO     :          24      401184           -7628        79.4%


INFO     :          25      375710           -8643        79.4%


INFO     :          26      392008           -7303        82.0%


INFO     :          27      374370           -7546        82.0%


INFO     :          28      391381           -7263        83.5%


INFO     :          29      371445           -7614        83.5%


INFO     :          30      389246           -7622        84.4%


INFO     :          31      370055           -7843        84.4%


INFO     :          32      388900           -7959        85.9%


INFO     :          33      368021           -8439        85.9%


INFO     :          34      382884           -9270        87.8%


INFO     :          35      366692           -8501        87.8%


INFO     :          36      381825           -8388        88.5%


INFO     :          37      364591           -8057        88.5%


INFO     :          38      381053           -8170        89.2%


INFO     :          39      364563           -8141        89.2%


INFO     :          40      376362           -8289        90.1%


INFO     :          41      367857           -7954        90.1%


INFO     :          42      381132           -8141        90.7%


INFO     :          43      365049           -7695        90.7%


INFO     :          44      375310           -7736        91.3%


INFO     :          45      371582           -8680        91.3%


INFO     :          46      380643           -7926        91.4%


INFO     :          47      366903           -8129        91.4%


INFO     :          48      373343           -8096        92.7%


INFO     :          49      374250           -7646        92.7%


INFO     :          50      373806           -8091        92.7%


INFO     :          51      376851           -7856        92.9%


INFO     :          52      368936           -8046        94.0%


INFO     :          53      371925           -8503        95.3%


INFO     :          54      375796           -8298        96.3%


INFO     :          55      372677           -8729        97.1%


INFO     :          56      375388           -8172        98.3%


INFO     :          57      378092           -8409        98.6%


INFO     :          58      373536           -8709        98.6%


INFO     : Starting Annealer


            ----------     -------  --------------     -------

             Iteration       WHPWL  Delay Max (ps)     R Limit

            ----------     -------  --------------     -------

INFO     :           0      173274           15074        30.0


INFO     :           1      158625           17097        28.9


INFO     :           2      151884           13950        27.8


INFO     :           3      148205           13236        26.3


INFO     :           4      144972           16417        24.8


INFO     :           5      142005           16404        23.3


INFO     :           6      140290           16134        21.8


INFO     :           7      137673           12421        20.4


INFO     :           8      135228           11933        19.0


INFO     :           9      132696           15856        17.7


INFO     :          10      131241           12345        16.5


INFO     :          11      131403            5395        15.3


INFO     :          12      130119            5308        14.2


INFO     :          13      128848            5308        13.2


INFO     :          14      127212           15099        12.3


INFO     :          15      126494           14875        11.4


INFO     :          16      125000            5308        10.6


INFO     :          17      124078            5308         9.8


INFO     :          18      123258            5308         9.0


INFO     :          19      122464            5308         8.4


INFO     :          20      121822            5308         7.8


INFO     :          21      120530            5308         7.2


INFO     :          22      119805            5308         6.7


INFO     :          23      119376            5308         6.2


INFO     :          24      118524            5308         5.7


INFO     :          25      117381            5308         5.3


INFO     :          26      116366            5308         4.9


INFO     :          27      115712            5308         4.5


INFO     :          28      114848            5308         4.2


INFO     :          29      113942            5308         3.9


INFO     :          30      113261            5308         3.6


INFO     :          31      112108            5308         3.3


INFO     :          32      111583            5308         3.1


INFO     :          33      110990            5308         2.8


INFO     :          34      110452            5308         2.6


INFO     :          35      110240            5308         2.4


INFO     :          36      110148            5308         2.2


INFO     :          37      109894            5308         2.1


INFO     :          38      109489            5308         1.9


INFO     :          39      109076            5308         1.8


INFO     :          40      108683            5308         1.6


INFO     :          41      108262            5308         1.5


INFO     :          42      107640            5308         1.4


INFO     :          43      107429            5308         1.3


INFO     :          44      106894           12922         1.1


INFO     : Counted delay computer calls: 105463
Placement successful: 8554 cells are placed


INFO     : Peak congestion smeared over 1/4 of the chip is 0.387214 at 110,56


INFO     : Congestion-weighted HPWL per net: 30.0013


INFO     : Post-placement cluster-level checks is successful


INFO     : Checks is successful


INFO     : Reading placement constraints from '/home/olle/efinity_p2/BRAM/outflow/BRAM.qplace'.


INFO     : Finished Realigning Types (792 blocks needed type change)


INFO     : Completed placement consistency check successfully.




INFO     : Successfully created FPGA place file '/home/olle/efinity_p2/BRAM/outflow/BRAM.place'


INFO     : Placement took 13.8879 seconds.


INFO     : 	Placement took 37.12 seconds (approximately) in total CPU time.


INFO     : Placement virtual memory usage: begin = 274.372 MB, end = 404.204 MB, delta = 129.832 MB


INFO     : Placement resident set memory usage: begin = 156.416 MB, end = 279.456 MB, delta = 123.04 MB


INFO     : 	Placement peak resident set memory usage = 320.288 MB


           ***** Ending stage placement *****

           

           

           Efinix FPGA Placement and Routing.

           Version: 2025.1.110.2.15 

           Compiled: Jun 21 2025.

           

           Copyright (C) 2013 - 2025 Efinix, Inc. All rights reserved.


           

           The Tool Is Based on VPR of University of Toronto,

           a free open source code under MIT license.

           

           

INFO     : Running Placement and Routing for Family "Trion", Device "T20F169" ...


           

           ***** Beginning stage routing graph generation ... *****

INFO     : Read ipin pattern from /home/olle/efinix/efinity/2025.1/arch/./routing/ipin_oph.xml


INFO     : Finished parsing ipin pattern file '/home/olle/efinix/efinity/2025.1/arch/./routing/ipin_oph.xdb'.


INFO     : Finished parsing switch_block file '/home/olle/efinix/efinity/2025.1/arch/./routing/sb_connectivity_subset.xdb'.


INFO     : BuildGraph process took 2.88721 seconds.


INFO     : 	BuildGraph process took 2.77 seconds (approximately) in total CPU time.


INFO     : BuildGraph process virtual memory usage: begin = 404.204 MB, end = 575.932 MB, delta = 171.728 MB


INFO     : BuildGraph process resident set memory usage: begin = 280.096 MB, end = 481.952 MB, delta = 201.856 MB


INFO     : 	BuildGraph process peak resident set memory usage = 481.952 MB


INFO     : check rr_graph process took 0.113522 seconds.


INFO     : 	check rr_graph process took 0.11 seconds (approximately) in total CPU time.


INFO     : check rr_graph process virtual memory usage: begin = 603.532 MB, end = 612.732 MB, delta = 9.2 MB


INFO     : check rr_graph process resident set memory usage: begin = 509.472 MB, end = 518.816 MB, delta = 9.344 MB


INFO     : 	check rr_graph process peak resident set memory usage = 518.816 MB


INFO     : Generated 1177454 RR nodes and 4450399 RR edges


INFO     : This design has 0 global control net(s). See /home/olle/efinity_p2/BRAM/outflow/BRAM.route.rpt for details.


INFO     : Routing graph took 3.08674 seconds.


INFO     : 	Routing graph took 2.94 seconds (approximately) in total CPU time.


INFO     : Routing graph virtual memory usage: begin = 404.204 MB, end = 612.732 MB, delta = 208.528 MB


INFO     : Routing graph resident set memory usage: begin = 279.584 MB, end = 518.944 MB, delta = 239.36 MB


INFO     : 	Routing graph peak resident set memory usage = 518.944 MB


           ***** Ending stage routing graph generation *****

           

           ***** Beginning stage routing ... *****

INFO     : SDC file '/home/olle/efinity_p2/BRAM/const1.sdc' parsed successfully.


INFO     : 2 clocks (including virtual clocks), 0 inputs and 0 outputs were constrained.


INFO     :  ---------      -------     --------------      -------------


INFO     :  Iteration      Overuse     Crit Path (ns)      Calc Time (s)


INFO     :  ---------      -------     --------------      -------------


INFO     :          1        31052              11.31               4.19


INFO     :          2         6024              11.27               5.15


INFO     :          3         2868              11.27               4.92


INFO     :          4         1074              11.27               4.82


INFO     :          5          437              11.27               5.24


INFO     :          6          226              11.27               9.03


INFO     :          7          132              11.27               6.67


INFO     :          8           54              11.27               4.67


INFO     :          9           25              11.27               12.2


INFO     :         10           10              11.29               5.85


INFO     :         11            5              11.41               4.91


INFO     :         12            3              11.71               1.96


INFO     :         13            0              11.27              0.334


           

INFO     : Successfully routed netlist after 13 routing iterations and 138220424 heapops


INFO     : Completed net delay value cross check successfully.


           ***** Beginning stage routing check ... *****

           ***** Ending stage routing check *****

           

INFO     : Serial number (magic cookie) for the routing is: 1054154832


INFO     : Netlist fully routed.


INFO     : Successfully created FPGA route file '/home/olle/efinity_p2/BRAM/outflow/BRAM.route'


INFO     : Routing took 71.1152 seconds.


INFO     : 	Routing took 71.47 seconds (approximately) in total CPU time.


INFO     : Routing virtual memory usage: begin = 612.732 MB, end = 912.092 MB, delta = 299.36 MB


INFO     : Routing resident set memory usage: begin = 518.944 MB, end = 774.56 MB, delta = 255.616 MB


INFO     : 	Routing peak resident set memory usage = 774.56 MB


           ***** Ending stage routing *****

           

           ***** Beginning stage final timing analysis ... *****

INFO     : SDC file '/home/olle/efinity_p2/BRAM/const1.sdc' parsed successfully.


INFO     : 2 clocks (including virtual clocks), 0 inputs and 0 outputs were constrained.


Maximum possible analyzed clocks frequency
 Clock Name  Period (ns)  Frequency (MHz)     Edge
  clk           17.252        57.964         (R-R)
  pll_clk       11.428        87.504         (R-R)

Geomean max period: 14.041

Setup (Max) Clock Relationship
  Launch Clock    Capture Clock   Constraint (ns)     Slack (ns)          Edge
    clk              clk               30.000           12.748           (R-R)
    pll_clk          clk                1.000           -4.662           (R-R)
    pll_clk          pll_clk            7.000           -4.428           (R-R)

Hold (Min) Clock Relationship
  Launch Clock    Capture Clock   Constraint (ns)     Slack (ns)          Edge
    clk              clk               0.000            0.119            (R-R)
    pll_clk          clk               0.000            0.329            (R-R)
    pll_clk          pll_clk           0.000            0.119            (R-R)


WARNING  : Clock domain between pll_clk (rising) and clk (rising) may not meet (slack: -4.662 ns) the setup (max) timing requirement


WARNING  : Clock domain between pll_clk (rising) and pll_clk (rising) may not meet (slack: -4.428 ns) the setup (max) timing requirement


INFO     : Write Timing Report to "/home/olle/efinity_p2/BRAM/outflow/BRAM.timing.rpt" ...


INFO     : final timing analysis took 0.533743 seconds.


INFO     : 	final timing analysis took 0.54 seconds (approximately) in total CPU time.


INFO     : final timing analysis virtual memory usage: begin = 912.092 MB, end = 912.092 MB, delta = 0 MB


INFO     : final timing analysis resident set memory usage: begin = 774.688 MB, end = 775.072 MB, delta = 0.384 MB


INFO     : 	final timing analysis peak resident set memory usage = 775.072 MB


           ***** Ending stage final timing analysis *****

           

           ***** Beginning stage bitstream generation ... *****

INFO     : Reading core interface constraints file "/home/olle/efinity_p2/BRAM/outflow/BRAM.interface.csv"


INFO     : Successfully read core interface constraints file "/home/olle/efinity_p2/BRAM/outflow/BRAM.interface.csv"


INFO     : Finished writing bitstream file /home/olle/efinity_p2/BRAM/work_pnr/BRAM.lbf.


INFO     : Bitstream generation took 0.558497 seconds.


INFO     : 	Bitstream generation took 0.54 seconds (approximately) in total CPU time.


INFO     : Bitstream generation virtual memory usage: begin = 912.092 MB, end = 912.092 MB, delta = 0 MB


INFO     : Bitstream generation resident set memory usage: begin = 774.908 MB, end = 775.932 MB, delta = 1.024 MB


INFO     : 	Bitstream generation peak resident set memory usage = 775.932 MB


           ***** Ending stage bitstream generation *****

           

INFO     : The entire flow of EFX_PNR took 92.9501 seconds.


INFO     : 	The entire flow of EFX_PNR took 116.9 seconds (approximately) in total CPU time.


INFO     : The entire flow of EFX_PNR virtual memory usage: begin = 119.632 MB, end = 912.092 MB, delta = 792.46 MB


INFO     : The entire flow of EFX_PNR resident set memory usage: begin = 38.4 MB, end = 775.612 MB, delta = 737.212 MB


INFO     : 	The entire flow of EFX_PNR peak resident set memory usage = 775.932 MB


Sat August 23 25 11:21:05 - /home/olle/efinix/efinity/2025.1/bin/efx_pnr finished. Exit code = 0 Exit status : Normal





-------------------------------------------------------------------------

Generating bitstream

-------------------------------------------------------------------------

Sat August 23 25 11:21:05 - Bitstream generation flow working directory is /home/olle/efinity_p2/BRAM/work_pnr


INFO     : --max_threads set to 4 

Sat August 23 25 11:21:06 - /home/olle/efinix/efinity/2025.1/bin/efx_pgm --source "/home/olle/efinity_p2/BRAM/work_pnr/BRAM.lbf" --dest "/home/olle/efinity_p2/BRAM/outflow/BRAM.hex" --device "T20F169" --family "Trion" --periph "/home/olle/efinity_p2/BRAM/outflow/BRAM.lpf" --interface_designer_settings "/home/olle/efinity_p2/BRAM/outflow/BRAM_or.ini" --enable_external_master_clock "off" --oscillator_clock_divider "DIV8" --active_capture_clk_edge "posedge" --spi_low_power_mode "on" --io_weak_pullup "on" --enable_roms "smart" --mode "active" --width "1" --release_tri_then_reset "on"

Sat August 23 25 11:21:06 - Running /home/olle/efinix/efinity/2025.1/bin/efx_pgm...

INFO     : Efinix FPGA Bitstream Generator.


INFO     : Version: 2025.1.110.2.15 


INFO     : Copyright (C) 2013 - 2025 Efinix, Inc. All rights reserved.


INFO     : Compiled: May  7 2025.


INFO     : Using source file "/home/olle/efinity_p2/BRAM/work_pnr/BRAM.lbf"


INFO     : Generating HEX programming file for device "T20F169", family "Trion"


INFO     : Using periphery source file "/home/olle/efinity_p2/BRAM/outflow/BRAM.lpf"


INFO     : Generating bit file: "/home/olle/efinity_p2/BRAM/outflow/BRAM.bit"


INFO     : HEX Generation Options Summary:


INFO     : 	Listing options specified to bitstream generation:


INFO     : 	spi_low_power_mode                       = on


INFO     : 	oscillator_clock_divider                 = DIV8


INFO     : 	io_weak_pullup                           = on


INFO     : 	enable_remote_update                     = off


INFO     : 	release_tri_then_reset                   = on


INFO     : Finished generating "/home/olle/efinity_p2/BRAM/outflow/BRAM.hex"


INFO     : Efinix Bitstream Generator took 1.04773 seconds.


INFO     : 	Efinix Bitstream Generator took 0.99 seconds (approximately) in total CPU time.


INFO     : Efinix Bitstream Generator virtual memory usage: begin = 35.096 MB, end = 93.392 MB, delta = 58.296 MB


INFO     : Efinix Bitstream Generator resident set memory usage: begin = 15.104 MB, end = 75.776 MB, delta = 60.672 MB


INFO     : 	Efinix Bitstream Generator peak resident set memory usage = 320.288 MB


Sat August 23 25 11:21:07 - /home/olle/efinix/efinity/2025.1/bin/efx_pgm finished. Exit code = 0 Exit status : Normal

Running hex generation flow done.

Sat August 23 25 11:21:07 - Running automated flow starting from placement done. Total duration = 3m 9.46s

Sat August 23 25 11:24:13 - Efinity Programmer finished. Exit code = 0 Exit status : Normal

Sat August 23 25 11:24:15 - Running Efinity Programmer...

Sat August 23 25 11:24:47 - Efinity Programmer finished. Exit code = 0 Exit status : Normal

Sat August 23 25 11:24:59 - Running Efinity Programmer...

Sat August 23 25 11:25:18 - Efinity Programmer finished. Exit code = 0 Exit status : Normal

Sat August 23 25 11:25:29 - Running Efinity Programmer...

Sat August 23 25 11:25:40 - Efinity Programmer finished. Exit code = 0 Exit status : Normal

Sat August 23 25 11:25:48 - Running Efinity Programmer...

Sat August 23 25 11:25:54 - Efinity Programmer finished. Exit code = 0 Exit status : Normal

Sat August 23 25 11:26:15 - Running Efinity Programmer...

Sat August 23 25 11:27:21 - Efinity Programmer finished. Exit code = 0 Exit status : Normal

Sat August 23 25 11:27:37 - Running Efinity Programmer...

Sat August 23 25 11:27:59 - Efinity Programmer finished. Exit code = 0 Exit status : Normal

Sat August 23 25 11:28:01 - Floorplan closed VM : 654.348 MB RSS : 249.956 MB

Sat August 23 25 11:28:01 - Project close VM : 654.348 MB RSS : 190.044 MB


