Sat August 16 25 08:14:30 - Starting Efinity IP Manager RPC Service...

Sat August 16 25 08:14:34 - IP Manager RPC Server Connected.

DEBUG    : Initialising Efx::ConcurrencyControl with 4 threads [Debug]

INFO     : --max_threads set to 4 

Sat August 16 25 08:22:07 - Project loaded VM : 550.604 MB RSS : 225.356 MB

Sat August 16 25 08:22:11 - Running automated flow starting from synthesis...



Sat August 16 25 08:22:11 - Floorplan closed VM : 550.604 MB RSS : 225.356 MB



-------------------------------------------------------------------------

Synthesis

-------------------------------------------------------------------------

Sat August 16 25 08:22:11 - Synthesis flow working directory is /home/olle/efinity_p2/BRAM/work_syn


INFO     : --max_threads set to 4 

INFO     : Deleting any pre-existing troute trace files

INFO     : Deleting any pre-existing troute trace files

INFO     : Deleting any pre-existing troute trace files

Sat August 16 25 08:22:12 - /home/olle/efinix/efinity/2025.1/bin/efx_map --project "BRAM" --root "top_level" --write-efx-verilog "/home/olle/efinity_p2/BRAM/outflow/BRAM.map.v" --write-premap-module "/home/olle/efinity_p2/BRAM/outflow/BRAM.elab.vdb" --binary-db "/home/olle/efinity_p2/BRAM/outflow/BRAM.vdb" --device "T20F169" --family "Trion" --veri_option "verilog_mode=verilog_2k,vhdl_mode=vhdl_2008" --work-dir "/home/olle/efinity_p2/BRAM/work_syn" --output-dir "/home/olle/efinity_p2/BRAM/outflow" --project-xml "/home/olle/efinity_p2/BRAM/BRAM.xml" --I "/home/olle/efinity_p2/BRAM" --I "/home/olle/efinity_p2/BRAM/ip/BRAM_8192_bytes" --I "/home/olle/efinity_p2/BRAM/ip/micro_risc_v1"

Sat August 16 25 08:22:12 - Running /home/olle/efinix/efinity/2025.1/bin/efx_map...

INFO     : Efinix FPGA Synthesis.


INFO     : Version: 2025.1.110.2.15


INFO     : Compiled: Jun 21 2025.


INFO     : 


INFO     : Copyright (C) 2013 - 2025 Efinix, Inc. All rights reserved.



INFO     : Reading project database "/home/olle/efinity_p2/BRAM/BRAM.xml"


INFO     : Analyzing Verilog file '/home/olle/efinix/efinity/2025.1/sim_models/maplib/efinix_peri_lib.v' [VERI-1482]


INFO     : /home/olle/efinix/efinity/2025.1/sim_models/maplib/efinix_peri_lib.v(8): compiling module 'EFX_IBUF' [VERI-1018]


INFO     : /home/olle/efinix/efinity/2025.1/sim_models/maplib/efinix_peri_lib.v(16): compiling module 'EFX_OBUF' [VERI-1018]


INFO     : /home/olle/efinix/efinity/2025.1/sim_models/maplib/efinix_peri_lib.v(23): compiling module 'EFX_IO_BUF' [VERI-1018]


INFO     : /home/olle/efinix/efinity/2025.1/sim_models/maplib/efinix_peri_lib.v(33): compiling module 'EFX_CLKOUT' [VERI-1018]


INFO     : /home/olle/efinix/efinity/2025.1/sim_models/maplib/efinix_peri_lib.v(41): compiling module 'EFX_IREG' [VERI-1018]


INFO     : /home/olle/efinix/efinity/2025.1/sim_models/maplib/efinix_peri_lib.v(51): compiling module 'EFX_OREG' [VERI-1018]


INFO     : /home/olle/efinix/efinity/2025.1/sim_models/maplib/efinix_peri_lib.v(60): compiling module 'EFX_IOREG' [VERI-1018]


INFO     : /home/olle/efinix/efinity/2025.1/sim_models/maplib/efinix_peri_lib.v(75): compiling module 'EFX_IDDIO' [VERI-1018]


INFO     : /home/olle/efinix/efinity/2025.1/sim_models/maplib/efinix_peri_lib.v(87): compiling module 'EFX_ODDIO' [VERI-1018]


INFO     : /home/olle/efinix/efinity/2025.1/sim_models/maplib/efinix_peri_lib.v(99): compiling module 'EFX_GPIO_V1' [VERI-1018]


INFO     : /home/olle/efinix/efinity/2025.1/sim_models/maplib/efinix_peri_lib.v(124): compiling module 'EFX_GPIO_V2' [VERI-1018]


INFO     : /home/olle/efinix/efinity/2025.1/sim_models/maplib/efinix_peri_lib.v(149): compiling module 'EFX_GPIO_V3' [VERI-1018]


INFO     : /home/olle/efinix/efinity/2025.1/sim_models/maplib/efinix_peri_lib.v(186): compiling module 'EFX_PLL_V1' [VERI-1018]


INFO     : /home/olle/efinix/efinity/2025.1/sim_models/maplib/efinix_peri_lib.v(205): compiling module 'EFX_PLL_V2' [VERI-1018]


INFO     : /home/olle/efinix/efinity/2025.1/sim_models/maplib/efinix_peri_lib.v(231): compiling module 'EFX_PLL_V3' [VERI-1018]


INFO     : /home/olle/efinix/efinity/2025.1/sim_models/maplib/efinix_peri_lib.v(279): compiling module 'EFX_OSC_V1' [VERI-1018]


INFO     : /home/olle/efinix/efinity/2025.1/sim_models/maplib/efinix_peri_lib.v(285): compiling module 'EFX_OSC_V3' [VERI-1018]


INFO     : /home/olle/efinix/efinity/2025.1/sim_models/maplib/efinix_peri_lib.v(294): compiling module 'EFX_FPLL_V1' [VERI-1018]


INFO     : /home/olle/efinix/efinity/2025.1/sim_models/maplib/efinix_peri_lib.v(348): compiling module 'EFX_JTAG_V1' [VERI-1018]


INFO     : /home/olle/efinix/efinity/2025.1/sim_models/maplib/efinix_peri_lib.v(357): compiling module 'EFX_JTAG_CTRL' [VERI-1018]


INFO     : /home/olle/efinix/efinity/2025.1/sim_models/maplib/efinix_peri_lib.v(364): compiling module 'EFX_LVDS_RX_V1' [VERI-1018]


INFO     : /home/olle/efinix/efinity/2025.1/sim_models/maplib/efinix_peri_lib.v(381): compiling module 'EFX_LVDS_TX_V1' [VERI-1018]


INFO     : /home/olle/efinix/efinity/2025.1/sim_models/maplib/efinix_peri_lib.v(399): compiling module 'EFX_LVDS_RX_V2' [VERI-1018]


INFO     : /home/olle/efinix/efinity/2025.1/sim_models/maplib/efinix_peri_lib.v(426): compiling module 'EFX_LVDS_TX_V2' [VERI-1018]


INFO     : /home/olle/efinix/efinity/2025.1/sim_models/maplib/efinix_peri_lib.v(446): compiling module 'EFX_LVDS_BIDIR_V2' [VERI-1018]


INFO     : Reading project database "/home/olle/efinity_p2/BRAM/BRAM.xml"


INFO     : ***** Beginning Analysis ... *****


INFO     : default VHDL library search path is now "/home/olle/efinix/efinity/2025.1/sim_models/vhdl/packages/vhdl_2008" [VHDL-1504]


INFO     : Analyzing Verilog file '/home/olle/efinix/efinity/2025.1/sim_models/maplib/efinix_maplib.v' [VERI-1482]


INFO     : Analyzing Verilog file '/home/olle/efinix/efinity/2025.1/sim_models/maplib/efinix_peri_lib.v' [VERI-1482]


INFO     : Analyzing Verilog file '/home/olle/efinix/efinity/2025.1/sim_models/maplib/efinix_maplib.v' [VERI-1482]


INFO     : Analyzing Verilog file '/home/olle/efinix/efinity/2025.1/sim_models/maplib/efinix_peri_lib.v' [VERI-1482]


INFO     : Analyzing VHDL file '/home/olle/efinity_p2/BRAM/top_level.vhd' [VHDL-1481]


INFO     : Restoring VHDL unit 'ieee.std_logic_1164' from file '/home/olle/efinix/efinity/2025.1/sim_models/vhdl/packages/vhdl_2008/ieee/std_logic_1164.vdb' [VHDL-1493]


INFO     : Restoring VHDL unit 'std.standard' from file '/home/olle/efinix/efinity/2025.1/sim_models/vhdl/packages/vhdl_2008/std/standard.vdb' [VHDL-1493]


INFO     : Restoring VHDL unit 'std.textio' from file '/home/olle/efinix/efinity/2025.1/sim_models/vhdl/packages/vhdl_2008/std/textio.vdb' [VHDL-1493]


INFO     : Restoring VHDL unit 'ieee.numeric_std' from file '/home/olle/efinix/efinity/2025.1/sim_models/vhdl/packages/vhdl_2008/ieee/numeric_std.vdb' [VHDL-1493]


INFO     : /home/olle/efinity_p2/BRAM/top_level.vhd(6): analyzing entity 'top_level' [VHDL-1012]


INFO     : /home/olle/efinity_p2/BRAM/top_level.vhd(48): analyzing architecture 'behavior' [VHDL-1010]


INFO     : Analyzing VHDL file '/home/olle/efinity_p2/BRAM/eth_dp83825_udp.vhd' [VHDL-1481]


INFO     : /home/olle/efinity_p2/BRAM/eth_dp83825_udp.vhd(6): analyzing entity 'eth_dp83825_udp' [VHDL-1012]


INFO     : /home/olle/efinity_p2/BRAM/eth_dp83825_udp.vhd(29): analyzing architecture 'behavior' [VHDL-1010]


INFO     : Analyzing VHDL file '/home/olle/efinity_p2/BRAM/mdio_clause22.vhd' [VHDL-1481]


INFO     : /home/olle/efinity_p2/BRAM/mdio_clause22.vhd(9): analyzing entity 'mdio_clause22' [VHDL-1012]


INFO     : /home/olle/efinity_p2/BRAM/mdio_clause22.vhd(37): analyzing architecture 'rtl' [VHDL-1010]


INFO     : Analyzing Verilog file '/home/olle/efinity_p2/BRAM/ip/BRAM_8192_bytes/BRAM_8192_bytes.v' [VERI-1482]


INFO     : /home/olle/efinity_p2/BRAM/ip/BRAM_8192_bytes/BRAM_8192_bytes.v(758): analyzing included file '/home/olle/efinity_p2/BRAM/ip/BRAM_8192_bytes/bram_ini.vh' [VERI-1328]


INFO     : /home/olle/efinity_p2/BRAM/ip/BRAM_8192_bytes/BRAM_8192_bytes.v(758): back to file '/home/olle/efinity_p2/BRAM/ip/BRAM_8192_bytes/BRAM_8192_bytes.v' [VERI-2320]


INFO     : /home/olle/efinity_p2/BRAM/ip/BRAM_8192_bytes/BRAM_8192_bytes.v(985): analyzing included file '/home/olle/efinity_p2/BRAM/ip/BRAM_8192_bytes/bram_decompose.vh' [VERI-1328]


INFO     : /home/olle/efinity_p2/BRAM/ip/BRAM_8192_bytes/BRAM_8192_bytes.v(985): back to file '/home/olle/efinity_p2/BRAM/ip/BRAM_8192_bytes/BRAM_8192_bytes.v' [VERI-2320]


INFO     : Analyzing Verilog file '/home/olle/efinity_p2/BRAM/ip/micro_risc_v1/micro_risc_v1.v' [VERI-1482]


INFO     : Analysis took 0.160167 seconds.


INFO     : 	Analysis took 0.14 seconds (approximately) in total CPU time.


INFO     : Analysis virtual memory usage: begin = 124.56 MB, end = 132.752 MB, delta = 8.192 MB


INFO     : Analysis resident set memory usage: begin = 71.424 MB, end = 80.512 MB, delta = 9.088 MB


INFO     : 	Analysis peak resident set memory usage = 228.172 MB


INFO     : ***** Ending Analysis ... *****


INFO     : ***** Beginning Elaboration ... *****


INFO     : /home/olle/efinity_p2/BRAM/top_level.vhd(6): processing 'top_level(behavior)' [VHDL-1067]


WARNING  : /home/olle/efinity_p2/BRAM/top_level.vhd(100): using initial value '0' for 'system_uart_0_io_rxd' since it is never assigned [VHDL-1303]


WARNING  : /home/olle/efinity_p2/BRAM/top_level.vhd(103): using initial value for 'system_gpio_0_io_read' since it is never assigned [VHDL-1794]


INFO     : Restoring VHDL unit 'vl.vl_types' from file '/home/olle/efinix/efinity/2025.1/sim_models/vhdl/packages/vhdl_2008/vl/vl_types.vdb' [VHDL-1493]


INFO     : /home/olle/efinity_p2/BRAM/top_level.vhd(133): switching to Verilog mode to elaborate module 'micro_risc_v1' [VHDL-1399]


INFO     : /home/olle/efinity_p2/BRAM/ip/micro_risc_v1/micro_risc_v1.v(49): compiling module 'micro_risc_v1' [VERI-1018]


INFO     : /home/olle/efinity_p2/BRAM/ip/micro_risc_v1/micro_risc_v1.v(94): compiling module 'EfxSapphireSoc_2fa2c88f3c1f4868ba7cd09620d007ba' [VERI-1018]


INFO     : /home/olle/efinity_p2/BRAM/ip/micro_risc_v1/micro_risc_v1.v(5744): compiling module 'VexRiscv_2fa2c88f3c1f4868ba7cd09620d007ba' [VERI-1018]


INFO     : /home/olle/efinity_p2/BRAM/ip/micro_risc_v1/micro_risc_v1.v(6995): extracting RAM for identifier 'RegFilePlugin_regFile' [VERI-2571]


INFO     : /home/olle/efinity_p2/BRAM/ip/micro_risc_v1/micro_risc_v1.v(12219): compiling module 'InstructionCache_2fa2c88f3c1f4868ba7cd09620d007ba' [VERI-1018]


INFO     : /home/olle/efinity_p2/BRAM/ip/micro_risc_v1/micro_risc_v1.v(12325): extracting RAM for identifier 'banks_0' [VERI-2571]


INFO     : /home/olle/efinity_p2/BRAM/ip/micro_risc_v1/micro_risc_v1.v(12326): extracting RAM for identifier 'ways_0_tags' [VERI-2571]


INFO     : /home/olle/efinity_p2/BRAM/ip/micro_risc_v1/micro_risc_v1.v(11365): compiling module 'DataCache_2fa2c88f3c1f4868ba7cd09620d007ba' [VERI-1018]


INFO     : /home/olle/efinity_p2/BRAM/ip/micro_risc_v1/micro_risc_v1.v(11579): extracting RAM for identifier 'ways_0_tags' [VERI-2571]


INFO     : /home/olle/efinity_p2/BRAM/ip/micro_risc_v1/micro_risc_v1.v(11580): extracting RAM for identifier 'ways_0_data_symbol0' [VERI-2571]


INFO     : /home/olle/efinity_p2/BRAM/ip/micro_risc_v1/micro_risc_v1.v(11581): extracting RAM for identifier 'ways_0_data_symbol1' [VERI-2571]


INFO     : /home/olle/efinity_p2/BRAM/ip/micro_risc_v1/micro_risc_v1.v(11582): extracting RAM for identifier 'ways_0_data_symbol2' [VERI-2571]


INFO     : /home/olle/efinity_p2/BRAM/ip/micro_risc_v1/micro_risc_v1.v(11583): extracting RAM for identifier 'ways_0_data_symbol3' [VERI-2571]


WARNING  : /home/olle/efinity_p2/BRAM/ip/micro_risc_v1/micro_risc_v1.v(12191): system task 'display' is ignored for synthesis [VERI-1142]


INFO     : /home/olle/efinity_p2/BRAM/ip/micro_risc_v1/micro_risc_v1.v(11346): compiling module 'BufferCC_2fa2c88f3c1f4868ba7cd09620d007ba' [VERI-1018]


INFO     : /home/olle/efinity_p2/BRAM/ip/micro_risc_v1/micro_risc_v1.v(13149): compiling module 'EfxCPUSp1_2fa2c88f3c1f4868ba7cd09620d007ba' [VERI-1018]


WARNING  : /home/olle/efinity_p2/BRAM/ip/micro_risc_v1/micro_risc_v1.v(5832): net 'IBusCachedPlugin_cache_io_cpu_fetch_isRemoved' does not have a driver [VDB-1002]


WARNING  : /home/olle/efinity_p2/BRAM/ip/micro_risc_v1/micro_risc_v1.v(5845): net 'dataCache_1_io_cpu_writeBack_fence_SW' does not have a driver [VDB-1002]


WARNING  : /home/olle/efinity_p2/BRAM/ip/micro_risc_v1/micro_risc_v1.v(5846): net 'dataCache_1_io_cpu_writeBack_fence_SR' does not have a driver [VDB-1002]


WARNING  : /home/olle/efinity_p2/BRAM/ip/micro_risc_v1/micro_risc_v1.v(5847): net 'dataCache_1_io_cpu_writeBack_fence_SO' does not have a driver [VDB-1002]


WARNING  : /home/olle/efinity_p2/BRAM/ip/micro_risc_v1/micro_risc_v1.v(5848): net 'dataCache_1_io_cpu_writeBack_fence_SI' does not have a driver [VDB-1002]


WARNING  : /home/olle/efinity_p2/BRAM/ip/micro_risc_v1/micro_risc_v1.v(5849): net 'dataCache_1_io_cpu_writeBack_fence_PW' does not have a driver [VDB-1002]


WARNING  : /home/olle/efinity_p2/BRAM/ip/micro_risc_v1/micro_risc_v1.v(5850): net 'dataCache_1_io_cpu_writeBack_fence_PR' does not have a driver [VDB-1002]


WARNING  : /home/olle/efinity_p2/BRAM/ip/micro_risc_v1/micro_risc_v1.v(5851): net 'dataCache_1_io_cpu_writeBack_fence_PO' does not have a driver [VDB-1002]


WARNING  : /home/olle/efinity_p2/BRAM/ip/micro_risc_v1/micro_risc_v1.v(5852): net 'dataCache_1_io_cpu_writeBack_fence_PI' does not have a driver [VDB-1002]


WARNING  : /home/olle/efinity_p2/BRAM/ip/micro_risc_v1/micro_risc_v1.v(5853): net 'dataCache_1_io_cpu_writeBack_fence_FM[3]' does not have a driver [VDB-1002]


WARNING  : /home/olle/efinity_p2/BRAM/ip/micro_risc_v1/micro_risc_v1.v(6276): net 'IBusCachedPlugin_mmuBus_rsp_bypassTranslation' does not have a driver [VDB-1002]


WARNING  : /home/olle/efinity_p2/BRAM/ip/micro_risc_v1/micro_risc_v1.v(6302): net 'DBusCachedPlugin_mmuBus_rsp_bypassTranslation' does not have a driver [VDB-1002]


WARNING  : /home/olle/efinity_p2/BRAM/ip/micro_risc_v1/micro_risc_v1.v(6410): net 'IBusCachedPlugin_iBusRsp_output_payload_rsp_error' does not have a driver [VDB-1002]


WARNING  : /home/olle/efinity_p2/BRAM/ip/micro_risc_v1/micro_risc_v1.v(6412): net 'IBusCachedPlugin_iBusRsp_output_payload_isRvc' does not have a driver [VDB-1002]


WARNING  : /home/olle/efinity_p2/BRAM/ip/micro_risc_v1/micro_risc_v1.v(6656): net 'CsrPlugin_mtvec_mode[1]' does not have a driver [VDB-1002]


INFO     : /home/olle/efinity_p2/BRAM/ip/micro_risc_v1/micro_risc_v1.v(4743): compiling module 'DebugModule_2fa2c88f3c1f4868ba7cd09620d007ba' [VERI-1018]


INFO     : /home/olle/efinity_p2/BRAM/ip/micro_risc_v1/micro_risc_v1.v(4949): extracting RAM for identifier 'logic_progbufX_mem' [VERI-2571]


INFO     : /home/olle/efinity_p2/BRAM/ip/micro_risc_v1/micro_risc_v1.v(4719): compiling module 'BufferCC_5_2fa2c88f3c1f4868ba7cd09620d007ba' [VERI-1018]


INFO     : /home/olle/efinity_p2/BRAM/ip/micro_risc_v1/micro_risc_v1.v(4695): compiling module 'BufferCC_6_2fa2c88f3c1f4868ba7cd09620d007ba' [VERI-1018]


INFO     : /home/olle/efinity_p2/BRAM/ip/micro_risc_v1/micro_risc_v1.v(4669): compiling module 'BufferCC_8_2fa2c88f3c1f4868ba7cd09620d007ba' [VERI-1018]


INFO     : /home/olle/efinity_p2/BRAM/ip/micro_risc_v1/micro_risc_v1.v(4196): compiling module 'DebugTransportModuleTunneled_2fa2c88f3c1f4868ba7cd09620d007ba' [VERI-1018]


INFO     : /home/olle/efinity_p2/BRAM/ip/micro_risc_v1/micro_risc_v1.v(11282): compiling module 'FlowCCByToggle_2fa2c88f3c1f4868ba7cd09620d007ba' [VERI-1018]


WARNING  : /home/olle/efinity_p2/BRAM/ip/micro_risc_v1/micro_risc_v1.v(11316): system function call 'urandom' is not supported [VERI-1141]


WARNING  : /home/olle/efinity_p2/BRAM/ip/micro_risc_v1/micro_risc_v1.v(11317): system function call 'urandom' is not supported [VERI-1141]


INFO     : /home/olle/efinity_p2/BRAM/ip/micro_risc_v1/micro_risc_v1.v(13099): compiling module 'BufferCC_1_2fa2c88f3c1f4868ba7cd09620d007ba' [VERI-1018]


WARNING  : /home/olle/efinity_p2/BRAM/ip/micro_risc_v1/micro_risc_v1.v(13111): system function call 'urandom' is not supported [VERI-1141]


WARNING  : /home/olle/efinity_p2/BRAM/ip/micro_risc_v1/micro_risc_v1.v(13112): system function call 'urandom' is not supported [VERI-1141]


INFO     : /home/olle/efinity_p2/BRAM/ip/micro_risc_v1/micro_risc_v1.v(11196): compiling module 'FlowCCByToggle_1_2fa2c88f3c1f4868ba7cd09620d007ba' [VERI-1018]


INFO     : /home/olle/efinity_p2/BRAM/ip/micro_risc_v1/micro_risc_v1.v(13075): compiling module 'BufferCC_2_2fa2c88f3c1f4868ba7cd09620d007ba' [VERI-1018]


INFO     : /home/olle/efinity_p2/BRAM/ip/micro_risc_v1/micro_risc_v1.v(13051): compiling module 'BufferCC_3_2fa2c88f3c1f4868ba7cd09620d007ba' [VERI-1018]


INFO     : /home/olle/efinity_p2/BRAM/ip/micro_risc_v1/micro_risc_v1.v(4156): compiling module 'BmbDecoder_2fa2c88f3c1f4868ba7cd09620d007ba' [VERI-1018]


INFO     : /home/olle/efinity_p2/BRAM/ip/micro_risc_v1/micro_risc_v1.v(4020): compiling module 'BmbArbiter_2fa2c88f3c1f4868ba7cd09620d007ba' [VERI-1018]


INFO     : /home/olle/efinity_p2/BRAM/ip/micro_risc_v1/micro_risc_v1.v(11092): compiling module 'StreamArbiter_2fa2c88f3c1f4868ba7cd09620d007ba' [VERI-1018]


INFO     : /home/olle/efinity_p2/BRAM/ip/micro_risc_v1/micro_risc_v1.v(3748): compiling module 'BmbDecoder_1_2fa2c88f3c1f4868ba7cd09620d007ba' [VERI-1018]


INFO     : /home/olle/efinity_p2/BRAM/ip/micro_risc_v1/micro_risc_v1.v(3640): compiling module 'BmbOnChipRam_2fa2c88f3c1f4868ba7cd09620d007ba' [VERI-1018]


INFO     : /home/olle/efinity_p2/BRAM/ip/micro_risc_v1/micro_risc_v1.v(3672): extracting RAM for identifier 'ram_symbol0' [VERI-2571]


INFO     : /home/olle/efinity_p2/BRAM/ip/micro_risc_v1/micro_risc_v1.v(3673): extracting RAM for identifier 'ram_symbol1' [VERI-2571]


INFO     : /home/olle/efinity_p2/BRAM/ip/micro_risc_v1/micro_risc_v1.v(3674): extracting RAM for identifier 'ram_symbol2' [VERI-2571]


INFO     : /home/olle/efinity_p2/BRAM/ip/micro_risc_v1/micro_risc_v1.v(3675): extracting RAM for identifier 'ram_symbol3' [VERI-2571]


INFO     : /home/olle/efinity_p2/BRAM/ip/micro_risc_v1/micro_risc_v1.v(3414): compiling module 'BmbUnburstify_2fa2c88f3c1f4868ba7cd09620d007ba' [VERI-1018]


INFO     : /home/olle/efinity_p2/BRAM/ip/micro_risc_v1/micro_risc_v1.v(3053): compiling module 'BmbDecoder_2_2fa2c88f3c1f4868ba7cd09620d007ba' [VERI-1018]


INFO     : /home/olle/efinity_p2/BRAM/ip/micro_risc_v1/micro_risc_v1.v(2869): compiling module 'BmbClint_2fa2c88f3c1f4868ba7cd09620d007ba' [VERI-1018]


INFO     : /home/olle/efinity_p2/BRAM/ip/micro_risc_v1/micro_risc_v1.v(2377): compiling module 'BmbUartCtrl_2fa2c88f3c1f4868ba7cd09620d007ba' [VERI-1018]


INFO     : /home/olle/efinity_p2/BRAM/ip/micro_risc_v1/micro_risc_v1.v(10963): compiling module 'UartCtrl_2fa2c88f3c1f4868ba7cd09620d007ba' [VERI-1018]


INFO     : /home/olle/efinity_p2/BRAM/ip/micro_risc_v1/micro_risc_v1.v(12811): compiling module 'UartCtrlTx_2fa2c88f3c1f4868ba7cd09620d007ba' [VERI-1018]


INFO     : /home/olle/efinity_p2/BRAM/ip/micro_risc_v1/micro_risc_v1.v(12517): compiling module 'UartCtrlRx_2fa2c88f3c1f4868ba7cd09620d007ba' [VERI-1018]


INFO     : /home/olle/efinity_p2/BRAM/ip/micro_risc_v1/micro_risc_v1.v(13125): compiling module 'BufferCC_4_2fa2c88f3c1f4868ba7cd09620d007ba' [VERI-1018]


INFO     : /home/olle/efinity_p2/BRAM/ip/micro_risc_v1/micro_risc_v1.v(10809): compiling module 'StreamFifo_2fa2c88f3c1f4868ba7cd09620d007ba' [VERI-1018]


INFO     : /home/olle/efinity_p2/BRAM/ip/micro_risc_v1/micro_risc_v1.v(10857): extracting RAM for identifier 'logic_ram' [VERI-2571]


INFO     : /home/olle/efinity_p2/BRAM/ip/micro_risc_v1/micro_risc_v1.v(2165): compiling module 'BmbGpio2_2fa2c88f3c1f4868ba7cd09620d007ba' [VERI-1018]


INFO     : /home/olle/efinity_p2/BRAM/top_level.vhd(133): returning to VHDL mode to continue with elaboration [VHDL-1400]


INFO     : /home/olle/efinity_p2/BRAM/eth_dp83825_udp.vhd(6): processing 'eth_dp83825_udp(behavior)' [VHDL-1067]


WARNING  : /home/olle/efinity_p2/BRAM/eth_dp83825_udp.vhd(42): using initial value for 'mdio_wr_data' since it is never assigned [VHDL-1794]


WARNING  : /home/olle/efinity_p2/BRAM/eth_dp83825_udp.vhd(47): using initial value '0' for 'vio_step_debug' since it is never assigned [VHDL-1303]


INFO     : /home/olle/efinity_p2/BRAM/mdio_clause22.vhd(9): processing 'mdio_clause22(rtl)' [VHDL-1067]


INFO     : Elaboration took 0.34125 seconds.


INFO     : 	Elaboration took 0.31 seconds (approximately) in total CPU time.


INFO     : Elaboration virtual memory usage: begin = 132.752 MB, end = 167.568 MB, delta = 34.816 MB


INFO     : Elaboration resident set memory usage: begin = 80.512 MB, end = 116.736 MB, delta = 36.224 MB


INFO     : 	Elaboration peak resident set memory usage = 228.172 MB


INFO     : ***** Ending Elaboration ... *****


INFO     : ... Setting Synthesis Option: mode=speed


INFO     : ***** Beginning Reading Mapping Library ... *****


INFO     : Analyzing Verilog file '/home/olle/efinix/efinity/2025.1/sim_models/maplib/efinix_maplib.v' [VERI-1482]


INFO     : /home/olle/efinix/efinity/2025.1/sim_models/maplib/efinix_maplib.v(8): compiling module 'EFX_ADD' [VERI-1018]


INFO     : /home/olle/efinix/efinity/2025.1/sim_models/maplib/efinix_maplib.v(21): compiling module 'EFX_FF' [VERI-1018]


INFO     : /home/olle/efinix/efinity/2025.1/sim_models/maplib/efinix_maplib.v(38): compiling module 'EFX_COMB4' [VERI-1018]


INFO     : /home/olle/efinix/efinity/2025.1/sim_models/maplib/efinix_maplib.v(48): compiling module 'EFX_GBUFCE' [VERI-1018]


INFO     : /home/olle/efinix/efinity/2025.1/sim_models/maplib/efinix_maplib.v(57): compiling module 'EFX_LUT4' [VERI-1018]


INFO     : /home/olle/efinix/efinity/2025.1/sim_models/maplib/efinix_maplib.v(65): compiling module 'EFX_MULT' [VERI-1018]


INFO     : /home/olle/efinix/efinity/2025.1/sim_models/maplib/efinix_maplib.v(100): compiling module 'EFX_DSP48' [VERI-1018]


INFO     : /home/olle/efinix/efinity/2025.1/sim_models/maplib/efinix_maplib.v(156): compiling module 'EFX_DSP24' [VERI-1018]


INFO     : /home/olle/efinix/efinity/2025.1/sim_models/maplib/efinix_maplib.v(209): compiling module 'EFX_DSP12' [VERI-1018]


INFO     : /home/olle/efinix/efinity/2025.1/sim_models/maplib/efinix_maplib.v(262): compiling module 'EFX_RAM_4K' [VERI-1018]


INFO     : /home/olle/efinix/efinity/2025.1/sim_models/maplib/efinix_maplib.v(322): compiling module 'EFX_RAM_5K' [VERI-1018]


INFO     : /home/olle/efinix/efinity/2025.1/sim_models/maplib/efinix_maplib.v(394): compiling module 'EFX_DPRAM_5K' [VERI-1018]


INFO     : /home/olle/efinix/efinity/2025.1/sim_models/maplib/efinix_maplib.v(499): compiling module 'RAMB5' [VERI-1018]


INFO     : /home/olle/efinix/efinity/2025.1/sim_models/maplib/efinix_maplib.v(561): compiling module 'EFX_RAM_10K' [VERI-1018]


INFO     : /home/olle/efinix/efinity/2025.1/sim_models/maplib/efinix_maplib.v(653): compiling module 'EFX_RAM10' [VERI-1018]


INFO     : /home/olle/efinix/efinity/2025.1/sim_models/maplib/efinix_maplib.v(754): compiling module 'EFX_DPRAM10' [VERI-1018]


INFO     : /home/olle/efinix/efinity/2025.1/sim_models/maplib/efinix_maplib.v(884): compiling module 'EFX_SRL8' [VERI-1018]


INFO     : Reading Mapping Library took 0.0174205 seconds.


INFO     : 	Reading Mapping Library took 0.02 seconds (approximately) in total CPU time.


INFO     : Reading Mapping Library virtual memory usage: begin = 195.728 MB, end = 195.728 MB, delta = 0 MB


INFO     : Reading Mapping Library resident set memory usage: begin = 146.176 MB, end = 146.176 MB, delta = 0 MB


INFO     : 	Reading Mapping Library peak resident set memory usage = 228.172 MB


INFO     : ***** Ending Reading Mapping Library ... *****


INFO     : ... Pre-synthesis checks begin


WARNING  : The primary output port 'led2' wire 'led2' is not driven. [EFX-0256]


WARNING  : The primary output port 'CAM0_EN' wire 'CAM0_EN' is not driven. [EFX-0256]


WARNING  : The primary output port 'CAM1_EN' wire 'CAM1_EN' is not driven. [EFX-0256]


WARNING  : Removing redundant signal : io_cpu_prefetch_isValid. (/home/olle/efinity_p2/BRAM/ip/micro_risc_v1/micro_risc_v1.v:12221) [EFX-0200]


WARNING  : Removing redundant signal : io_cpu_prefetch_pc[31]. (/home/olle/efinity_p2/BRAM/ip/micro_risc_v1/micro_risc_v1.v:12223) [EFX-0200]


WARNING  : Removing redundant signal : io_cpu_prefetch_pc[30]. (/home/olle/efinity_p2/BRAM/ip/micro_risc_v1/micro_risc_v1.v:12223) [EFX-0200]


WARNING  : Removing redundant signal : io_cpu_prefetch_pc[29]. (/home/olle/efinity_p2/BRAM/ip/micro_risc_v1/micro_risc_v1.v:12223) [EFX-0200]


WARNING  : Removing redundant signal : io_cpu_prefetch_pc[28]. (/home/olle/efinity_p2/BRAM/ip/micro_risc_v1/micro_risc_v1.v:12223) [EFX-0200]


WARNING  : Removing redundant signal : io_cpu_prefetch_pc[27]. (/home/olle/efinity_p2/BRAM/ip/micro_risc_v1/micro_risc_v1.v:12223) [EFX-0200]


WARNING  : Removing redundant signal : io_cpu_prefetch_pc[26]. (/home/olle/efinity_p2/BRAM/ip/micro_risc_v1/micro_risc_v1.v:12223) [EFX-0200]


WARNING  : Removing redundant signal : io_cpu_prefetch_pc[25]. (/home/olle/efinity_p2/BRAM/ip/micro_risc_v1/micro_risc_v1.v:12223) [EFX-0200]


WARNING  : Removing redundant signal : io_cpu_prefetch_pc[24]. (/home/olle/efinity_p2/BRAM/ip/micro_risc_v1/micro_risc_v1.v:12223) [EFX-0200]


WARNING  : Removing redundant signal : io_cpu_prefetch_pc[23]. (/home/olle/efinity_p2/BRAM/ip/micro_risc_v1/micro_risc_v1.v:12223) [EFX-0200]


WARNING  : Removing redundant signal : io_cpu_prefetch_pc[22]. (/home/olle/efinity_p2/BRAM/ip/micro_risc_v1/micro_risc_v1.v:12223) [EFX-0200]


WARNING  : Removing redundant signal : io_cpu_prefetch_pc[21]. (/home/olle/efinity_p2/BRAM/ip/micro_risc_v1/micro_risc_v1.v:12223) [EFX-0200]


WARNING  : Removing redundant signal : io_cpu_prefetch_pc[20]. (/home/olle/efinity_p2/BRAM/ip/micro_risc_v1/micro_risc_v1.v:12223) [EFX-0200]


WARNING  : Removing redundant signal : io_cpu_prefetch_pc[19]. (/home/olle/efinity_p2/BRAM/ip/micro_risc_v1/micro_risc_v1.v:12223) [EFX-0200]


WARNING  : Removing redundant signal : io_cpu_prefetch_pc[18]. (/home/olle/efinity_p2/BRAM/ip/micro_risc_v1/micro_risc_v1.v:12223) [EFX-0200]


WARNING  : Removing redundant signal : io_cpu_prefetch_pc[17]. (/home/olle/efinity_p2/BRAM/ip/micro_risc_v1/micro_risc_v1.v:12223) [EFX-0200]


WARNING  : Removing redundant signal : io_cpu_prefetch_pc[16]. (/home/olle/efinity_p2/BRAM/ip/micro_risc_v1/micro_risc_v1.v:12223) [EFX-0200]


WARNING  : Removing redundant signal : io_cpu_prefetch_pc[15]. (/home/olle/efinity_p2/BRAM/ip/micro_risc_v1/micro_risc_v1.v:12223) [EFX-0200]


WARNING  : Removing redundant signal : io_cpu_prefetch_pc[14]. (/home/olle/efinity_p2/BRAM/ip/micro_risc_v1/micro_risc_v1.v:12223) [EFX-0200]


WARNING  : Removing redundant signal : io_cpu_prefetch_pc[13]. (/home/olle/efinity_p2/BRAM/ip/micro_risc_v1/micro_risc_v1.v:12223) [EFX-0200]


WARNING  : (The above message was generated too many times, subsequent similar messages will be muted.) [EFX-0200]


INFO     : ... Memory 'banks_0' is not initialized, assuming empty initial contents. (/home/olle/efinity_p2/BRAM/ip/micro_risc_v1/micro_risc_v1.v:12325) [EFX-0677]


INFO     : ... Memory 'ways_0_tags' is not initialized, assuming empty initial contents. (/home/olle/efinity_p2/BRAM/ip/micro_risc_v1/micro_risc_v1.v:12326) [EFX-0677]


INFO     : ... Memory 'ways_0_tags' is not initialized, assuming empty initial contents. (/home/olle/efinity_p2/BRAM/ip/micro_risc_v1/micro_risc_v1.v:11579) [EFX-0677]


INFO     : ... Memory 'ways_0_data_symbol0' is not initialized, assuming empty initial contents. (/home/olle/efinity_p2/BRAM/ip/micro_risc_v1/micro_risc_v1.v:11580) [EFX-0677]


INFO     : ... Memory 'ways_0_data_symbol1' is not initialized, assuming empty initial contents. (/home/olle/efinity_p2/BRAM/ip/micro_risc_v1/micro_risc_v1.v:11581) [EFX-0677]


INFO     : ... Memory 'ways_0_data_symbol2' is not initialized, assuming empty initial contents. (/home/olle/efinity_p2/BRAM/ip/micro_risc_v1/micro_risc_v1.v:11582) [EFX-0677]


INFO     : ... Memory 'ways_0_data_symbol3' is not initialized, assuming empty initial contents. (/home/olle/efinity_p2/BRAM/ip/micro_risc_v1/micro_risc_v1.v:11583) [EFX-0677]


WARNING  : Re-wiring to GND non-driven net 'IBusCachedPlugin_cache_io_cpu_fetch_isRemoved'. (/home/olle/efinity_p2/BRAM/ip/micro_risc_v1/micro_risc_v1.v:5832) [EFX-0201]


WARNING  : Re-wiring to GND non-driven net 'dataCache_1_io_cpu_writeBack_fence_SW'. (/home/olle/efinity_p2/BRAM/ip/micro_risc_v1/micro_risc_v1.v:5845) [EFX-0201]


WARNING  : Re-wiring to GND non-driven net 'dataCache_1_io_cpu_writeBack_fence_SR'. (/home/olle/efinity_p2/BRAM/ip/micro_risc_v1/micro_risc_v1.v:5846) [EFX-0201]


WARNING  : Re-wiring to GND non-driven net 'dataCache_1_io_cpu_writeBack_fence_SO'. (/home/olle/efinity_p2/BRAM/ip/micro_risc_v1/micro_risc_v1.v:5847) [EFX-0201]


WARNING  : Re-wiring to GND non-driven net 'dataCache_1_io_cpu_writeBack_fence_SI'. (/home/olle/efinity_p2/BRAM/ip/micro_risc_v1/micro_risc_v1.v:5848) [EFX-0201]


WARNING  : Re-wiring to GND non-driven net 'dataCache_1_io_cpu_writeBack_fence_PW'. (/home/olle/efinity_p2/BRAM/ip/micro_risc_v1/micro_risc_v1.v:5849) [EFX-0201]


WARNING  : Re-wiring to GND non-driven net 'dataCache_1_io_cpu_writeBack_fence_PR'. (/home/olle/efinity_p2/BRAM/ip/micro_risc_v1/micro_risc_v1.v:5850) [EFX-0201]


WARNING  : Re-wiring to GND non-driven net 'dataCache_1_io_cpu_writeBack_fence_PO'. (/home/olle/efinity_p2/BRAM/ip/micro_risc_v1/micro_risc_v1.v:5851) [EFX-0201]


WARNING  : Re-wiring to GND non-driven net 'dataCache_1_io_cpu_writeBack_fence_PI'. (/home/olle/efinity_p2/BRAM/ip/micro_risc_v1/micro_risc_v1.v:5852) [EFX-0201]


WARNING  : Re-wiring to GND non-driven net 'dataCache_1_io_cpu_writeBack_fence_FM[3]'. (/home/olle/efinity_p2/BRAM/ip/micro_risc_v1/micro_risc_v1.v:5853) [EFX-0201]


WARNING  : (The above message was generated too many times, subsequent similar messages will be muted.) [EFX-0201]


INFO     : ... Memory 'RegFilePlugin_regFile' is not initialized, assuming empty initial contents. (/home/olle/efinity_p2/BRAM/ip/micro_risc_v1/micro_risc_v1.v:6995) [EFX-0677]


INFO     : ... Memory 'logic_progbufX_mem' is not initialized, assuming empty initial contents. (/home/olle/efinity_p2/BRAM/ip/micro_risc_v1/micro_risc_v1.v:4949) [EFX-0677]


INFO     : Module Instance 'memory_arbiter' input pin 'io_inputs_0_payload_fragment_source[0]' is tied to constant (=0). [EFX-0266]


INFO     : Module Instance 'memory_arbiter' input pin 'io_inputs_1_payload_fragment_source[0]' is tied to constant (=0). [EFX-0266]


INFO     : Module Instance 'memory_arbiter' input pin 'io_inputs_1_payload_fragment_context[0]' is tied to constant (=0). [EFX-0266]


INFO     : Module Instance 'tx' input pin 'io_cts' is tied to constant (=0). [EFX-0266]


INFO     : ... Memory 'logic_ram' is not initialized, assuming empty initial contents. (/home/olle/efinity_p2/BRAM/ip/micro_risc_v1/micro_risc_v1.v:10857) [EFX-0677]


INFO     : Module Instance 'bridge_write_streamUnbuffered_queueWithOccupancy' input pin 'io_flush' is tied to constant (=0). [EFX-0266]


INFO     : Module Instance 'uartCtrl_1_io_read_queueWithOccupancy' input pin 'io_flush' is tied to constant (=0). [EFX-0266]


INFO     : Module Instance 'system_bridge_bmb_arbiter' input pin 'io_inputs_1_cmd_payload_fragment_data[0]' is tied to constant (=0). [EFX-0266]


INFO     : Module Instance 'system_bridge_bmb_arbiter' input pin 'io_inputs_1_cmd_payload_fragment_data[1]' is tied to constant (=0). [EFX-0266]


INFO     : Module Instance 'system_bridge_bmb_arbiter' input pin 'io_inputs_1_cmd_payload_fragment_data[2]' is tied to constant (=0). [EFX-0266]


INFO     : Module Instance 'system_bridge_bmb_arbiter' input pin 'io_inputs_1_cmd_payload_fragment_data[3]' is tied to constant (=0). [EFX-0266]


INFO     : Module Instance 'system_bridge_bmb_arbiter' input pin 'io_inputs_1_cmd_payload_fragment_data[4]' is tied to constant (=0). [EFX-0266]


INFO     : Module Instance 'system_bridge_bmb_arbiter' input pin 'io_inputs_1_cmd_payload_fragment_data[5]' is tied to constant (=0). [EFX-0266]


INFO     : Module Instance 'system_bridge_bmb_arbiter' input pin 'io_inputs_1_cmd_payload_fragment_data[6]' is tied to constant (=0). [EFX-0266]


INFO     : Module Instance 'system_bridge_bmb_arbiter' input pin 'io_inputs_1_cmd_payload_fragment_data[7]' is tied to constant (=0). [EFX-0266]


INFO     : Module Instance 'system_bridge_bmb_arbiter' input pin 'io_inputs_1_cmd_payload_fragment_data[8]' is tied to constant (=0). [EFX-0266]


INFO     : Module Instance 'system_bridge_bmb_arbiter' input pin 'io_inputs_1_cmd_payload_fragment_data[9]' is tied to constant (=0). [EFX-0266]


INFO     : Module Instance 'system_bridge_bmb_arbiter' input pin 'io_inputs_1_cmd_payload_fragment_data[10]' is tied to constant (=0). [EFX-0266]


INFO     : Module Instance 'system_bridge_bmb_arbiter' input pin 'io_inputs_1_cmd_payload_fragment_data[11]' is tied to constant (=0). [EFX-0266]


INFO     : Module Instance 'system_bridge_bmb_arbiter' input pin 'io_inputs_1_cmd_payload_fragment_data[12]' is tied to constant (=0). [EFX-0266]


INFO     : Module Instance 'system_bridge_bmb_arbiter' input pin 'io_inputs_1_cmd_payload_fragment_data[13]' is tied to constant (=0). [EFX-0266]


INFO     : Module Instance 'system_bridge_bmb_arbiter' input pin 'io_inputs_1_cmd_payload_fragment_data[14]' is tied to constant (=0). [EFX-0266]


INFO     : Module Instance 'system_bridge_bmb_arbiter' input pin 'io_inputs_1_cmd_payload_fragment_data[15]' is tied to constant (=0). [EFX-0266]


INFO     : Module Instance 'system_bridge_bmb_arbiter' input pin 'io_inputs_1_cmd_payload_fragment_data[16]' is tied to constant (=0). [EFX-0266]


INFO     : Module Instance 'system_bridge_bmb_arbiter' input pin 'io_inputs_1_cmd_payload_fragment_data[17]' is tied to constant (=0). [EFX-0266]


INFO     : Module Instance 'system_bridge_bmb_arbiter' input pin 'io_inputs_1_cmd_payload_fragment_data[18]' is tied to constant (=0). [EFX-0266]


INFO     : Module Instance 'system_bridge_bmb_arbiter' input pin 'io_inputs_1_cmd_payload_fragment_data[19]' is tied to constant (=0). [EFX-0266]


INFO     : Module Instance 'system_bridge_bmb_arbiter' input pin 'io_inputs_1_cmd_payload_fragment_data[20]' is tied to constant (=0). [EFX-0266]


INFO     : Module Instance 'system_bridge_bmb_arbiter' input pin 'io_inputs_1_cmd_payload_fragment_data[21]' is tied to constant (=0). [EFX-0266]


INFO     : Module Instance 'system_bridge_bmb_arbiter' input pin 'io_inputs_1_cmd_payload_fragment_data[22]' is tied to constant (=0). [EFX-0266]


INFO     : Module Instance 'system_bridge_bmb_arbiter' input pin 'io_inputs_1_cmd_payload_fragment_data[23]' is tied to constant (=0). [EFX-0266]


INFO     : Module Instance 'system_bridge_bmb_arbiter' input pin 'io_inputs_1_cmd_payload_fragment_data[24]' is tied to constant (=0). [EFX-0266]


INFO     : Module Instance 'system_bridge_bmb_arbiter' input pin 'io_inputs_1_cmd_payload_fragment_data[25]' is tied to constant (=0). [EFX-0266]


INFO     : Module Instance 'system_bridge_bmb_arbiter' input pin 'io_inputs_1_cmd_payload_fragment_data[26]' is tied to constant (=0). [EFX-0266]


INFO     : Module Instance 'system_bridge_bmb_arbiter' input pin 'io_inputs_1_cmd_payload_fragment_data[27]' is tied to constant (=0). [EFX-0266]


INFO     : Module Instance 'system_bridge_bmb_arbiter' input pin 'io_inputs_1_cmd_payload_fragment_data[28]' is tied to constant (=0). [EFX-0266]


INFO     : Module Instance 'system_bridge_bmb_arbiter' input pin 'io_inputs_1_cmd_payload_fragment_data[29]' is tied to constant (=0). [EFX-0266]


INFO     : Module Instance 'system_bridge_bmb_arbiter' input pin 'io_inputs_1_cmd_payload_fragment_data[30]' is tied to constant (=0). [EFX-0266]


INFO     : Module Instance 'system_bridge_bmb_arbiter' input pin 'io_inputs_1_cmd_payload_fragment_data[31]' is tied to constant (=0). [EFX-0266]


INFO     : Module Instance 'system_bridge_bmb_arbiter' input pin 'io_inputs_1_cmd_payload_fragment_mask[0]' is tied to constant (=0). [EFX-0266]


INFO     : Module Instance 'system_bridge_bmb_arbiter' input pin 'io_inputs_1_cmd_payload_fragment_mask[1]' is tied to constant (=0). [EFX-0266]


INFO     : Module Instance 'system_bridge_bmb_arbiter' input pin 'io_inputs_1_cmd_payload_fragment_mask[2]' is tied to constant (=0). [EFX-0266]


INFO     : Module Instance 'system_bridge_bmb_arbiter' input pin 'io_inputs_1_cmd_payload_fragment_mask[3]' is tied to constant (=0). [EFX-0266]


INFO     : Module Instance 'u_micro_risc_v1' input pin 'jtagCtrl_enable' is tied to constant (=1). [EFX-0266]


INFO     : ... Pre-synthesis checks end (Real time : 0s CPU user time : 1s CPU sys time : 0s MEM : 228172KB)


INFO     : ... NameSpace init begin


INFO     : ... NameSpace init end (Real time : 0s CPU user time : 1s CPU sys time : 0s MEM : 228172KB)


INFO     : ... Mapping design "top_level"


INFO     : ... Hierarchical pre-synthesis "InstructionCache_2fa2c88f3c1f4868ba7cd09620d007ba" begin


INFO     : ... Hierarchical pre-synthesis "InstructionCache_2fa2c88f3c1f4868ba7cd09620d007ba" end (Real time : 0s CPU user time : 1s CPU sys time : 0s MEM : 228172KB)


INFO     : ... Hierarchical pre-synthesis "DataCache_2fa2c88f3c1f4868ba7cd09620d007ba" begin


INFO     : ... Hierarchical pre-synthesis "DataCache_2fa2c88f3c1f4868ba7cd09620d007ba" end (Real time : 0s CPU user time : 1s CPU sys time : 0s MEM : 228172KB)


INFO     : ... Hierarchical pre-synthesis "BufferCC_2fa2c88f3c1f4868ba7cd09620d007ba" begin


INFO     : ... Hierarchical pre-synthesis "BufferCC_2fa2c88f3c1f4868ba7cd09620d007ba" end (Real time : 0s CPU user time : 1s CPU sys time : 0s MEM : 228172KB)


INFO     : ... Hierarchical pre-synthesis "EfxCPUSp1_2fa2c88f3c1f4868ba7cd09620d007ba" begin


INFO     : ... Hierarchical pre-synthesis "EfxCPUSp1_2fa2c88f3c1f4868ba7cd09620d007ba" end (Real time : 0s CPU user time : 1s CPU sys time : 0s MEM : 228172KB)


INFO     : ... Hierarchical pre-synthesis "VexRiscv_2fa2c88f3c1f4868ba7cd09620d007ba" begin


INFO     : ... Hierarchical pre-synthesis "VexRiscv_2fa2c88f3c1f4868ba7cd09620d007ba" end (Real time : 1s CPU user time : 2s CPU sys time : 0s MEM : 228172KB)


INFO     : ... Hierarchical pre-synthesis "DebugModule_2fa2c88f3c1f4868ba7cd09620d007ba" begin


INFO     : ... Hierarchical pre-synthesis "DebugModule_2fa2c88f3c1f4868ba7cd09620d007ba" end (Real time : 0s CPU user time : 2s CPU sys time : 0s MEM : 228172KB)


INFO     : ... Hierarchical pre-synthesis "BufferCC_5_2fa2c88f3c1f4868ba7cd09620d007ba" begin


INFO     : ... Hierarchical pre-synthesis "BufferCC_5_2fa2c88f3c1f4868ba7cd09620d007ba" end (Real time : 0s CPU user time : 2s CPU sys time : 0s MEM : 228172KB)


INFO     : ... Hierarchical pre-synthesis "BufferCC_6_2fa2c88f3c1f4868ba7cd09620d007ba" begin


INFO     : ... Hierarchical pre-synthesis "BufferCC_6_2fa2c88f3c1f4868ba7cd09620d007ba" end (Real time : 0s CPU user time : 2s CPU sys time : 0s MEM : 228172KB)


INFO     : ... Hierarchical pre-synthesis "BufferCC_8_2fa2c88f3c1f4868ba7cd09620d007ba" begin


INFO     : ... Hierarchical pre-synthesis "BufferCC_8_2fa2c88f3c1f4868ba7cd09620d007ba" end (Real time : 0s CPU user time : 2s CPU sys time : 0s MEM : 228172KB)


INFO     : ... Hierarchical pre-synthesis "BufferCC_1_2fa2c88f3c1f4868ba7cd09620d007ba" begin


INFO     : ... Hierarchical pre-synthesis "BufferCC_1_2fa2c88f3c1f4868ba7cd09620d007ba" end (Real time : 0s CPU user time : 2s CPU sys time : 0s MEM : 228172KB)


INFO     : ... Hierarchical pre-synthesis "FlowCCByToggle_2fa2c88f3c1f4868ba7cd09620d007ba" begin


INFO     : ... Hierarchical pre-synthesis "FlowCCByToggle_2fa2c88f3c1f4868ba7cd09620d007ba" end (Real time : 0s CPU user time : 2s CPU sys time : 0s MEM : 228172KB)


INFO     : ... Hierarchical pre-synthesis "BufferCC_2_2fa2c88f3c1f4868ba7cd09620d007ba" begin


INFO     : ... Hierarchical pre-synthesis "BufferCC_2_2fa2c88f3c1f4868ba7cd09620d007ba" end (Real time : 0s CPU user time : 2s CPU sys time : 0s MEM : 228172KB)


INFO     : ... Hierarchical pre-synthesis "BufferCC_3_2fa2c88f3c1f4868ba7cd09620d007ba" begin


INFO     : ... Hierarchical pre-synthesis "BufferCC_3_2fa2c88f3c1f4868ba7cd09620d007ba" end (Real time : 0s CPU user time : 2s CPU sys time : 0s MEM : 228172KB)


INFO     : ... Hierarchical pre-synthesis "FlowCCByToggle_1_2fa2c88f3c1f4868ba7cd09620d007ba" begin


INFO     : ... Hierarchical pre-synthesis "FlowCCByToggle_1_2fa2c88f3c1f4868ba7cd09620d007ba" end (Real time : 0s CPU user time : 2s CPU sys time : 0s MEM : 228172KB)


INFO     : ... Hierarchical pre-synthesis "DebugTransportModuleTunneled_2fa2c88f3c1f4868ba7cd09620d007ba" begin


INFO     : ... Hierarchical pre-synthesis "DebugTransportModuleTunneled_2fa2c88f3c1f4868ba7cd09620d007ba" end (Real time : 0s CPU user time : 2s CPU sys time : 0s MEM : 228172KB)


INFO     : ... Hierarchical pre-synthesis "BmbDecoder_2fa2c88f3c1f4868ba7cd09620d007ba" begin


INFO     : ... Hierarchical pre-synthesis "BmbDecoder_2fa2c88f3c1f4868ba7cd09620d007ba" end (Real time : 0s CPU user time : 2s CPU sys time : 0s MEM : 228172KB)


INFO     : ... Hierarchical pre-synthesis "StreamArbiter_2fa2c88f3c1f4868ba7cd09620d007ba" begin


INFO     : ... Hierarchical pre-synthesis "StreamArbiter_2fa2c88f3c1f4868ba7cd09620d007ba" end (Real time : 0s CPU user time : 2s CPU sys time : 0s MEM : 228172KB)


INFO     : ... Hierarchical pre-synthesis "BmbArbiter_2fa2c88f3c1f4868ba7cd09620d007ba" begin


INFO     : ... Hierarchical pre-synthesis "BmbArbiter_2fa2c88f3c1f4868ba7cd09620d007ba" end (Real time : 0s CPU user time : 2s CPU sys time : 0s MEM : 228172KB)


INFO     : ... Hierarchical pre-synthesis "BmbDecoder_1_2fa2c88f3c1f4868ba7cd09620d007ba" begin


INFO     : ... Hierarchical pre-synthesis "BmbDecoder_1_2fa2c88f3c1f4868ba7cd09620d007ba" end (Real time : 0s CPU user time : 2s CPU sys time : 0s MEM : 228172KB)


INFO     : ... Hierarchical pre-synthesis "BmbOnChipRam_2fa2c88f3c1f4868ba7cd09620d007ba" begin


INFO     : ... Hierarchical pre-synthesis "BmbOnChipRam_2fa2c88f3c1f4868ba7cd09620d007ba" end (Real time : 0s CPU user time : 2s CPU sys time : 0s MEM : 228172KB)


INFO     : ... Hierarchical pre-synthesis "BmbUnburstify_2fa2c88f3c1f4868ba7cd09620d007ba" begin


INFO     : ... Hierarchical pre-synthesis "BmbUnburstify_2fa2c88f3c1f4868ba7cd09620d007ba" end (Real time : 0s CPU user time : 2s CPU sys time : 0s MEM : 228172KB)


INFO     : ... Hierarchical pre-synthesis "BmbDecoder_2_2fa2c88f3c1f4868ba7cd09620d007ba" begin


INFO     : ... Hierarchical pre-synthesis "BmbDecoder_2_2fa2c88f3c1f4868ba7cd09620d007ba" end (Real time : 0s CPU user time : 2s CPU sys time : 0s MEM : 228172KB)


INFO     : ... Hierarchical pre-synthesis "BmbClint_2fa2c88f3c1f4868ba7cd09620d007ba" begin


INFO     : ... Hierarchical pre-synthesis "BmbClint_2fa2c88f3c1f4868ba7cd09620d007ba" end (Real time : 0s CPU user time : 2s CPU sys time : 0s MEM : 228172KB)


INFO     : ... Hierarchical pre-synthesis "UartCtrlTx_2fa2c88f3c1f4868ba7cd09620d007ba" begin


INFO     : ... Hierarchical pre-synthesis "UartCtrlTx_2fa2c88f3c1f4868ba7cd09620d007ba" end (Real time : 0s CPU user time : 2s CPU sys time : 0s MEM : 228172KB)


INFO     : ... Hierarchical pre-synthesis "BufferCC_4_2fa2c88f3c1f4868ba7cd09620d007ba" begin


INFO     : ... Hierarchical pre-synthesis "BufferCC_4_2fa2c88f3c1f4868ba7cd09620d007ba" end (Real time : 0s CPU user time : 2s CPU sys time : 0s MEM : 228172KB)


INFO     : ... Hierarchical pre-synthesis "UartCtrlRx_2fa2c88f3c1f4868ba7cd09620d007ba" begin


INFO     : ... Hierarchical pre-synthesis "UartCtrlRx_2fa2c88f3c1f4868ba7cd09620d007ba" end (Real time : 0s CPU user time : 2s CPU sys time : 0s MEM : 228172KB)


INFO     : ... Hierarchical pre-synthesis "UartCtrl_2fa2c88f3c1f4868ba7cd09620d007ba" begin


INFO     : ... Hierarchical pre-synthesis "UartCtrl_2fa2c88f3c1f4868ba7cd09620d007ba" end (Real time : 0s CPU user time : 2s CPU sys time : 0s MEM : 228172KB)


INFO     : ... Hierarchical pre-synthesis "StreamFifo_2fa2c88f3c1f4868ba7cd09620d007ba" begin


INFO     : ... Hierarchical pre-synthesis "StreamFifo_2fa2c88f3c1f4868ba7cd09620d007ba" end (Real time : 0s CPU user time : 2s CPU sys time : 0s MEM : 228172KB)


INFO     : ... Hierarchical pre-synthesis "BmbUartCtrl_2fa2c88f3c1f4868ba7cd09620d007ba" begin


INFO     : ... Hierarchical pre-synthesis "BmbUartCtrl_2fa2c88f3c1f4868ba7cd09620d007ba" end (Real time : 0s CPU user time : 2s CPU sys time : 0s MEM : 228172KB)


INFO     : ... Hierarchical pre-synthesis "BmbGpio2_2fa2c88f3c1f4868ba7cd09620d007ba" begin


INFO     : ... Hierarchical pre-synthesis "BmbGpio2_2fa2c88f3c1f4868ba7cd09620d007ba" end (Real time : 0s CPU user time : 2s CPU sys time : 0s MEM : 228172KB)


INFO     : ... Hierarchical pre-synthesis "EfxSapphireSoc_2fa2c88f3c1f4868ba7cd09620d007ba" begin


INFO     : ... Hierarchical pre-synthesis "EfxSapphireSoc_2fa2c88f3c1f4868ba7cd09620d007ba" end (Real time : 1s CPU user time : 3s CPU sys time : 0s MEM : 228172KB)


INFO     : ... Hierarchical pre-synthesis "micro_risc_v1" begin


INFO     : ... Hierarchical pre-synthesis "micro_risc_v1" end (Real time : 0s CPU user time : 3s CPU sys time : 0s MEM : 228172KB)


INFO     : ... Hierarchical pre-synthesis "mdio_clause22" begin


INFO     : ... Hierarchical pre-synthesis "mdio_clause22" end (Real time : 0s CPU user time : 3s CPU sys time : 0s MEM : 228172KB)


INFO     : ... Hierarchical pre-synthesis "eth_dp83825_udp" begin


INFO     : ... Hierarchical pre-synthesis "eth_dp83825_udp" end (Real time : 0s CPU user time : 3s CPU sys time : 0s MEM : 228172KB)


INFO     : ... Hierarchical pre-synthesis "top_level" begin


WARNING  : Mapping into logic memory block 'u_micro_risc_v1/u_EfxSapphireSoc/system_riscvJtag_debug_logic_dm/logic_progbufX_mem' (64 bits) (/home/olle/efinity_p2/BRAM/ip/micro_risc_v1/micro_risc_v1.v:4949) because size is too small (<=64) [EFX-0657]


INFO     : ... Clock Enable Synthesis Performed on 377 flops.


INFO     : ... Hierarchical pre-synthesis "top_level" end (Real time : 1s CPU user time : 4s CPU sys time : 0s MEM : 228172KB)


INFO     : ... Flat optimizations begin


INFO     : ... Flat optimizations end (Real time : 0s CPU user time : 5s CPU sys time : 0s MEM : 228172KB)


INFO     : ... Flat synthesis begin


INFO     : ... Flat synthesis end (Real time : 0s CPU user time : 5s CPU sys time : 0s MEM : 228172KB)


INFO     : ... Flat optimizations begin


INFO     : ... Flat optimizations end (Real time : 0s CPU user time : 5s CPU sys time : 0s MEM : 228172KB)


INFO     : ... Check and break combinational loops begin


INFO     : ... Check and break combinational loops end (Real time : 0s CPU user time : 5s CPU sys time : 0s MEM : 228172KB)


INFO     : ... Sequential Optimization begin


INFO     : ... Clock Network 'pll_clk' with 2309 loads will be considered for sequential optimization.


INFO     : ... Clock Network 'jtag_dummy_TCK' with 221 loads will be considered for sequential optimization.


INFO     : ... Clock Network 'clk' with 83 loads will be considered for sequential optimization.


INFO     : ... Sequential Optimization deduced 479 equivalent points.


INFO     : ... Sequential Optimization end (Real time : 16s CPU user time : 20s CPU sys time : 0s MEM : 228172KB)


INFO     : ... Setup for logic synthesis begin


INFO     : ... Setup for logic synthesis end (Real time : 0s CPU user time : 20s CPU sys time : 0s MEM : 228172KB)


INFO     : ... LUT mapping begin


INFO     : ... LS, strategy: 3, nd: 3184, ed: 10391, lv: 7, pw: 5943.17


INFO     : ... LUT mapping end (Real time : 11s CPU user time : 34s CPU sys time : 0s MEM : 228172KB)


INFO     : ... Post-synthesis Verific netlist creation begin


INFO     : ... Post-synthesis Verific netlist creation end (Real time : 0s CPU user time : 34s CPU sys time : 0s MEM : 228172KB)


INFO     : ... Postmap Retiming Optimization begin


INFO     : ... Clock Network 'pll_clk~pll_clk' with 2301 loads will be considered for retiming optimization.


INFO     : ... Clock Network 'jtag_dummy_TCK~jtag_dummy_TCK' with 220 loads will be considered for retiming optimization.


INFO     : ... Clock Network 'clk~clk' with 83 loads will be considered for retiming optimization.


INFO     : ... Performed 0 retime moves.


INFO     : ... Postmap Retiming Optimization end (Real time : 14s CPU user time : 48s CPU sys time : 0s MEM : 228172KB)


INFO     : ***** Beginning VDB Netlist Checker ... *****


WARNING  : /home/olle/efinity_p2/BRAM/top_level.vhd(11): Input/inout port phy_intr_n is unconnected and will be removed. [VDB-8003]


WARNING  : /home/olle/efinity_p2/BRAM/top_level.vhd(16): Input/inout port rmii_crs_dv is unconnected and will be removed. [VDB-8003]


WARNING  : /home/olle/efinity_p2/BRAM/top_level.vhd(17): Input/inout port rmii_rx_er is unconnected and will be removed. [VDB-8003]


WARNING  : /home/olle/efinity_p2/BRAM/top_level.vhd(18): Input/inout port rmii_rxd[1] is unconnected and will be removed. [VDB-8003]


WARNING  : /home/olle/efinity_p2/BRAM/top_level.vhd(21): Input/inout port mdio_i is unconnected and will be removed. [VDB-8003]


WARNING  : /home/olle/efinity_p2/BRAM/top_level.vhd(29): Input/inout port jtag_dummy_TMS is unconnected and will be removed. [VDB-8003]


WARNING  : /home/olle/efinity_p2/BRAM/top_level.vhd(30): Input/inout port jtag_dummy_SEL is unconnected and will be removed. [VDB-8003]


WARNING  : /home/olle/efinity_p2/BRAM/top_level.vhd(31): Input/inout port jtag_dummy_DRCK is unconnected and will be removed. [VDB-8003]


WARNING  : /home/olle/efinity_p2/BRAM/top_level.vhd(33): Input/inout port jtag_dummy_RUNTEST is unconnected and will be removed. [VDB-8003]


WARNING  : /home/olle/efinity_p2/BRAM/top_level.vhd(38): Input/inout port led4 is unconnected and will be removed. [VDB-8003]


WARNING  : Net u_micro_risc_v1/u_EfxSapphireSoc/system_cores_0_logic_cpu/IBusCachedPlugin_cache/lineLoader_address[0] is dangling. [VDB-8009]


WARNING  : Net u_micro_risc_v1/u_EfxSapphireSoc/system_cores_0_logic_cpu/IBusCachedPlugin_cache/lineLoader_address[1] is dangling. [VDB-8009]


WARNING  : Net u_micro_risc_v1/u_EfxSapphireSoc/system_cores_0_logic_cpu/IBusCachedPlugin_cache/lineLoader_address[2] is dangling. [VDB-8009]


WARNING  : Net u_micro_risc_v1/u_EfxSapphireSoc/system_cores_0_logic_cpu/IBusCachedPlugin_cache/lineLoader_address[3] is dangling. [VDB-8009]


WARNING  : Net u_micro_risc_v1/u_EfxSapphireSoc/system_cores_0_logic_cpu/IBusCachedPlugin_cache/lineLoader_address[4] is dangling. [VDB-8009]


WARNING  : Net u_micro_risc_v1/u_EfxSapphireSoc/system_cores_0_logic_cpu/IBusCachedPlugin_cache/lineLoader_address[5] is dangling. [VDB-8009]


WARNING  : Found 17 warnings in the post-synthesis netlist.


INFO     : VDB Netlist Checker took 0.0180633 seconds.


INFO     : 	VDB Netlist Checker took 0.03 seconds (approximately) in total CPU time.


INFO     : VDB Netlist Checker virtual memory usage: begin = 308.184 MB, end = 308.184 MB, delta = 0 MB


INFO     : VDB Netlist Checker resident set memory usage: begin = 222.376 MB, end = 222.504 MB, delta = 0.128 MB


INFO     : 	VDB Netlist Checker peak resident set memory usage = 228.172 MB


INFO     : ***** Ending VDB Netlist Checker ... *****


INFO     : Resource Summary 


INFO     : =============================== 


INFO     : EFX_ADD         : 	344


INFO     : EFX_LUT4        : 	3184


INFO     : EFX_FF          : 	2603


INFO     : EFX_RAM_5K      : 	40


INFO     : EFX_GBUFCE      : 	3


INFO     : =============================== 


INFO     : ... Post-Map Verilog Writer begin


INFO     : Writing netlist 'top_level' to Verilog file '/home/olle/efinity_p2/BRAM/outflow/BRAM.map.v' [VDB-1030]


INFO     : ... Post-Map Verilog Writer end (Real time : 0s CPU user time : 48s CPU sys time : 0s MEM : 228172KB)


INFO     : The entire flow of EFX_MAP took 46.2088 seconds.


INFO     : 	The entire flow of EFX_MAP took 49.01 seconds (approximately) in total CPU time.


INFO     : The entire flow of EFX_MAP virtual memory usage: begin = 88.4 MB, end = 308.184 MB, delta = 219.784 MB


INFO     : The entire flow of EFX_MAP resident set memory usage: begin = 27.008 MB, end = 222.504 MB, delta = 195.496 MB


INFO     : 	The entire flow of EFX_MAP peak resident set memory usage = 228.172 MB


Sat August 16 25 08:22:58 - /home/olle/efinix/efinity/2025.1/bin/efx_map finished. Exit code = 0 Exit status : Normal

Running synthesis flow done.

Sat August 16 25 08:22:58 - Start Debugger Flow



-------------------------------------------------------------------------

Debugger

-------------------------------------------------------------------------

Sat August 16 25 08:22:58 - Debugger flow working directory is /home/olle/efinity_p2/BRAM/work_syn


INFO     : --max_threads set to 4 

--------------------------------------------------------------

Start Debugger Step Generate Debugger Cores.

Sat August 16 25 08:22:59 - /home/olle/efinix/efinity/2025.1/bin/python3  -m "efx_dbg.DbgWizard" --device  "T20F169" --family  "Trion" --in_profile_name  "/home/olle/efinity_p2/BRAM/debug_profile.wizard.json" --out_dbg_vdb  "debug_top.post.vdb" --out_profile_name  "/home/olle/efinity_p2/BRAM/debug_profile.wizard.json" --out_dir  "work_dbg"

Sat August 16 25 08:22:59 - Running /home/olle/efinix/efinity/2025.1/bin/python3...

Sat August 16 25 08:22:59 - /home/olle/efinix/efinity/2025.1/bin/python3 finished. Exit code = 0 Exit status : Normal

Debugger Step Generate Debugger Cores. Done

--------------------------------------------------------------

--------------------------------------------------------------

Start Debugger Step Compile Debugger Cores.

Sat August 16 25 08:22:59 - /home/olle/efinix/efinity/2025.1/bin/efx_map  --allow-const-ram-index "0" --blackbox-error "1" --blast_const_operand_adders "1" --bram_output_regs_packing "1" --bram-push-tco-outreg "0" --create-onehot-fsms "0" --fanout-limit "0" --hdl-compile-unit "1" --hdl-loop-limit "20000" --infer-clk-enable "3" --infer-sync-set-reset "1" --enable-mark-debug "1" --max_ram "-1" --max_mult "-1" --max-bit-blast-mem-size "10240" --min-sr-fanout "0" --min-ce-fanout "0" --mode "speed" --mult-auto-pipeline "0" --mult-decomp-retime "0" --operator-sharing "0" --optimize-adder-tree "0" --optimize-zero-init-rom "1" --peri-syn-instantiation "0" --peri-syn-inference "0" --ram-decomp-mode "0" --retiming "1" --seq_opt "1" --seq-opt-sync-only "0" --use-logic-for-small-mem "64" --use-logic-for-small-rom "64" --max_threads "-1" --mult_input_regs_packing "1" --mult_output_regs_packing "1" --I "/home/olle/efinity_p2/BRAM" --I "/home/olle/efinity_p2/BRAM/ip/BRAM_8192_bytes" --I "/home/olle/efinity_p2/BRAM/ip/micro_risc_v1" --family "Trion" --device "T20F169" --root "edb_top" --v "/home/olle/efinity_p2/BRAM/work_dbg/debug_top.v" --write-postmap-module "/home/olle/efinity_p2/BRAM/work_dbg/debug_top.post.vdb" --gen-mark-debug-json "0" --work-dir "/home/olle/efinity_p2/BRAM/work_dbg" --output-dir "/home/olle/efinity_p2/BRAM/outflow"

Sat August 16 25 08:22:59 - Running /home/olle/efinix/efinity/2025.1/bin/efx_map...

INFO     : Efinix FPGA Synthesis.
INFO     : Version: 2025.1.110.2.15
INFO     : Compiled: Jun 21 2025.
INFO     : 
INFO     : Copyright (C) 2013 - 2025 Efinix, Inc. All rights reserved.


INFO     : Analyzing Verilog file '/home/olle/efinix/efinity/2025.1/sim_models/maplib/efinix_peri_lib.v' [VERI-1482]

INFO     : /home/olle/efinix/efinity/2025.1/sim_models/maplib/efinix_peri_lib.v(8): compiling module 'EFX_IBUF' [VERI-1018]
INFO     : /home/olle/efinix/efinity/2025.1/sim_models/maplib/efinix_peri_lib.v(16): compiling module 'EFX_OBUF' [VERI-1018]
INFO     : /home/olle/efinix/efinity/2025.1/sim_models/maplib/efinix_peri_lib.v(23): compiling module 'EFX_IO_BUF' [VERI-1018]
INFO     : /home/olle/efinix/efinity/2025.1/sim_models/maplib/efinix_peri_lib.v(33): compiling module 'EFX_CLKOUT' [VERI-1018]
INFO     : /home/olle/efinix/efinity/2025.1/sim_models/maplib/efinix_peri_lib.v(41): compiling module 'EFX_IREG' [VERI-1018]
INFO     : /home/olle/efinix/efinity/2025.1/sim_models/maplib/efinix_peri_lib.v(51): compiling module 'EFX_OREG' [VERI-1018]
INFO     : /home/olle/efinix/efinity/2025.1/sim_models/maplib/efinix_peri_lib.v(60): compiling module 'EFX_IOREG' [VERI-1018]
INFO     : /home/olle/efinix/efinity/2025.1/sim_models/maplib/efinix_peri_lib.v(75): compiling module 'EFX_IDDIO' [VERI-1018]
INFO     : /home/olle/efinix/efinity/2025.1/sim_models/maplib/efinix_peri_lib.v(87): compiling module 'EFX_ODDIO' [VERI-1018]
INFO     : /home/olle/efinix/efinity/2025.1/sim_models/maplib/efinix_peri_lib.v(99): compiling module 'EFX_GPIO_V1' [VERI-1018]
INFO     : /home/olle/efinix/efinity/2025.1/sim_models/maplib/efinix_peri_lib.v(124): compiling module 'EFX_GPIO_V2' [VERI-1018]
INFO     : /home/olle/efinix/efinity/2025.1/sim_models/maplib/efinix_peri_lib.v(149): compiling module 'EFX_GPIO_V3' [VERI-1018]
INFO     : /home/olle/efinix/efinity/2025.1/sim_models/maplib/efinix_peri_lib.v(186): compiling module 'EFX_PLL_V1' [VERI-1018]
INFO     : /home/olle/efinix/efinity/2025.1/sim_models/maplib/efinix_peri_lib.v(205): compiling module 'EFX_PLL_V2' [VERI-1018]
INFO     : /home/olle/efinix/efinity/2025.1/sim_models/maplib/efinix_peri_lib.v(231): compiling module 'EFX_PLL_V3' [VERI-1018]
INFO     : /home/olle/efinix/efinity/2025.1/sim_models/maplib/efinix_peri_lib.v(279): compiling module 'EFX_OSC_V1' [VERI-1018]
INFO     : /home/olle/efinix/efinity/2025.1/sim_models/maplib/efinix_peri_lib.v(285): compiling module 'EFX_OSC_V3' [VERI-1018]
INFO     : /home/olle/efinix/efinity/2025.1/sim_models/maplib/efinix_peri_lib.v(294): compiling module 'EFX_FPLL_V1' [VERI-1018]
INFO     : /home/olle/efinix/efinity/2025.1/sim_models/maplib/efinix_peri_lib.v(348): compiling module 'EFX_JTAG_V1' [VERI-1018]
INFO     : /home/olle/efinix/efinity/2025.1/sim_models/maplib/efinix_peri_lib.v(357): compiling module 'EFX_JTAG_CTRL' [VERI-1018]
INFO     : /home/olle/efinix/efinity/2025.1/sim_models/maplib/efinix_peri_lib.v(364): compiling module 'EFX_LVDS_RX_V1' [VERI-1018]
INFO     : /home/olle/efinix/efinity/2025.1/sim_models/maplib/efinix_peri_lib.v(381): compiling module 'EFX_LVDS_TX_V1' [VERI-1018]
INFO     : /home/olle/efinix/efinity/2025.1/sim_models/maplib/efinix_peri_lib.v(399): compiling module 'EFX_LVDS_RX_V2' [VERI-1018]
INFO     : /home/olle/efinix/efinity/2025.1/sim_models/maplib/efinix_peri_lib.v(426): compiling module 'EFX_LVDS_TX_V2' [VERI-1018]
INFO     : /home/olle/efinix/efinity/2025.1/sim_models/maplib/efinix_peri_lib.v(446): compiling module 'EFX_LVDS_BIDIR_V2' [VERI-1018]
INFO     : ***** Beginning Analysis ... *****
INFO     : default VHDL library search path is now "/home/olle/efinix/efinity/2025.1/sim_models/vhdl/packages/vhdl_2008" [VHDL-1504]
INFO     : Analyzing Verilog file '/home/olle/efinix/efinity/2025.1/sim_models/maplib/efinix_maplib.v' [VERI-1482]
INFO     : Analyzing Verilog file '/home/olle/efinix/efinity/2025.1/sim_models/maplib/efinix_peri_lib.v' [VERI-1482]

INFO     : Analyzing Verilog file '/home/olle/efinix/efinity/2025.1/sim_models/maplib/efinix_maplib.v' [VERI-1482]

INFO     : Analyzing Verilog file '/home/olle/efinix/efinity/2025.1/sim_models/maplib/efinix_peri_lib.v' [VERI-1482]
INFO     : Analyzing Verilog file '/home/olle/efinity_p2/BRAM/work_dbg/debug_top.v' [VERI-1482]

INFO     : /home/olle/efinity_p2/BRAM/work_dbg/debug_top.v(4552): undeclared symbol 'la_capture_mask', assumed default net type 'wire' [VERI-2561]

INFO     : /home/olle/efinity_p2/BRAM/work_dbg/debug_top.v(4922): undeclared symbol 'next_segment_pointer_eq', assumed default net type 'wire' [VERI-2561]
INFO     : /home/olle/efinity_p2/BRAM/work_dbg/debug_top.v(4923): undeclared symbol 'next_segment_msb_xor', assumed default net type 'wire' [VERI-2561]
INFO     : Analysis took 0.0638324 seconds.
INFO     : 	Analysis took 0.06 seconds (approximately) in total CPU time.
INFO     : Analysis virtual memory usage: begin = 124.564 MB, end = 127.636 MB, delta = 3.072 MB
INFO     : Analysis resident set memory usage: begin = 71.168 MB, end = 74.88 MB, delta = 3.712 MB
INFO     : 	Analysis peak resident set memory usage = 258.972 MB
INFO     : ***** Ending Analysis ... *****
INFO     : ***** Beginning Elaboration ... *****
WARNING  : /home/olle/efinity_p2/BRAM/work_dbg/debug_top.v(266): port 'probe41' remains unconnected for this instance [VERI-1927]
INFO     : /home/olle/efinity_p2/BRAM/work_dbg/debug_top.v(10): compiling module 'edb_top' [VERI-1018]

INFO     : /home/olle/efinity_p2/BRAM/work_dbg/debug_top.v(652): compiling module 'edb_la_top_renamed_due_excessive_length_1' [VERI-1018]

INFO     : /home/olle/efinity_p2/BRAM/work_dbg/debug_top.v(341): compiling module 'edb_adbg_crc32' [VERI-1018]

INFO     : /home/olle/efinity_p2/BRAM/work_dbg/debug_top.v(5653): compiling module 'compare_unit(WIDTH=11'b01,PIPE=1)' [VERI-1018]

INFO     : /home/olle/efinity_p2/BRAM/work_dbg/debug_top.v(5653): compiling module 'compare_unit(WIDTH=11'b011010,PIPE=1)' [VERI-1018]

INFO     : /home/olle/efinity_p2/BRAM/work_dbg/debug_top.v(5653): compiling module 'compare_unit(WIDTH=11'b010000,PIPE=1)' [VERI-1018]

INFO     : /home/olle/efinity_p2/BRAM/work_dbg/debug_top.v(5653): compiling module 'compare_unit(WIDTH=11'b0100,PIPE=1)' [VERI-1018]

INFO     : /home/olle/efinity_p2/BRAM/work_dbg/debug_top.v(5653): compiling module 'compare_unit(WIDTH=11'b0101,PIPE=1)' [VERI-1018]

INFO     : /home/olle/efinity_p2/BRAM/work_dbg/debug_top.v(5653): compiling module 'compare_unit(WIDTH=11'b0100000,PIPE=1)' [VERI-1018]

INFO     : /home/olle/efinity_p2/BRAM/work_dbg/debug_top.v(5653): compiling module 'compare_unit(WIDTH=11'b011,PIPE=1)' [VERI-1018]
INFO     : /home/olle/efinity_p2/BRAM/work_dbg/debug_top.v(5858): compiling module 'trigger_unit(WIDTH=32'b0101001,PIPE=1)' [VERI-1018]
INFO     : /home/olle/efinity_p2/BRAM/work_dbg/debug_top.v(5858): compiling module 'trigger_unit(WIDTH=32'b0101001,PIPE=1,TRIGGER_IF_MASK_ZERO=1)' [VERI-1018]
WARNING  : /home/olle/efinity_p2/BRAM/work_dbg/debug_top.v(4544): actual bit length 32 differs from formal bit length 1 for port 'trigger_in' [VERI-1330]

INFO     : /home/olle/efinity_p2/BRAM/work_dbg/debug_top.v(5983): compiling module 'trigger_skipper' [VERI-1018]
INFO     : /home/olle/efinity_p2/BRAM/work_dbg/debug_top.v(4999): compiling module 'la_biu(CAPTURE_WIDTH=32'b010110110,CAPTURE_CONTROL=1)' [VERI-1018]
INFO     : /home/olle/efinity_p2/BRAM/work_dbg/debug_top.v(4741): compiling module 'fifo_with_read(DATA_WIDTH=32'b010110111)' [VERI-1018]
INFO     : /home/olle/efinity_p2/BRAM/work_dbg/debug_top.v(4691): compiling module 'fifo_address_trancode_unit' [VERI-1018]
INFO     : /home/olle/efinity_p2/BRAM/work_dbg/debug_top.v(562): compiling module 'edb_simple_dual_port_ram(DATA_WIDTH=32'b010110111,ADDR_WIDTH=10,RAM_INIT_FILE="")' [VERI-1018]
INFO     : /home/olle/efinity_p2/BRAM/work_dbg/debug_top.v(577): extracting RAM for identifier 'ram' [VERI-2571]

INFO     : /home/olle/efinity_p2/BRAM/work_dbg/debug_top.v(419): compiling module 'debug_hub' [VERI-1018]

WARNING  : /home/olle/efinity_p2/BRAM/work_dbg/debug_top.v(204): input port 'probe41[0]' remains unconnected for this instance [VDB-1053]
INFO     : Elaboration took 1.35267 seconds.
INFO     : 	Elaboration took 1.32 seconds (approximately) in total CPU time.
INFO     : Elaboration virtual memory usage: begin = 127.636 MB, end = 191.636 MB, delta = 64 MB
INFO     : Elaboration resident set memory usage: begin = 74.88 MB, end = 140.032 MB, delta = 65.152 MB
INFO     : 	Elaboration peak resident set memory usage = 258.972 MB
INFO     : ***** Ending Elaboration ... *****
INFO     : ... Setting Synthesis Option: mode=speed
INFO     : ***** Beginning Reading Mapping Library ... *****
INFO     : Analyzing Verilog file '/home/olle/efinix/efinity/2025.1/sim_models/maplib/efinix_maplib.v' [VERI-1482]
INFO     : /home/olle/efinix/efinity/2025.1/sim_models/maplib/efinix_maplib.v(8): compiling module 'EFX_ADD' [VERI-1018]
INFO     : /home/olle/efinix/efinity/2025.1/sim_models/maplib/efinix_maplib.v(21): compiling module 'EFX_FF' [VERI-1018]
INFO     : /home/olle/efinix/efinity/2025.1/sim_models/maplib/efinix_maplib.v(38): compiling module 'EFX_COMB4' [VERI-1018]
INFO     : /home/olle/efinix/efinity/2025.1/sim_models/maplib/efinix_maplib.v(48): compiling module 'EFX_GBUFCE' [VERI-1018]
INFO     : /home/olle/efinix/efinity/2025.1/sim_models/maplib/efinix_maplib.v(57): compiling module 'EFX_LUT4' [VERI-1018]
INFO     : /home/olle/efinix/efinity/2025.1/sim_models/maplib/efinix_maplib.v(65): compiling module 'EFX_MULT' [VERI-1018]
INFO     : /home/olle/efinix/efinity/2025.1/sim_models/maplib/efinix_maplib.v(100): compiling module 'EFX_DSP48' [VERI-1018]
INFO     : /home/olle/efinix/efinity/2025.1/sim_models/maplib/efinix_maplib.v(156): compiling module 'EFX_DSP24' [VERI-1018]
INFO     : /home/olle/efinix/efinity/2025.1/sim_models/maplib/efinix_maplib.v(209): compiling module 'EFX_DSP12' [VERI-1018]
INFO     : /home/olle/efinix/efinity/2025.1/sim_models/maplib/efinix_maplib.v(262): compiling module 'EFX_RAM_4K' [VERI-1018]
INFO     : /home/olle/efinix/efinity/2025.1/sim_models/maplib/efinix_maplib.v(322): compiling module 'EFX_RAM_5K' [VERI-1018]
INFO     : /home/olle/efinix/efinity/2025.1/sim_models/maplib/efinix_maplib.v(394): compiling module 'EFX_DPRAM_5K' [VERI-1018]
INFO     : /home/olle/efinix/efinity/2025.1/sim_models/maplib/efinix_maplib.v(499): compiling module 'RAMB5' [VERI-1018]
INFO     : /home/olle/efinix/efinity/2025.1/sim_models/maplib/efinix_maplib.v(561): compiling module 'EFX_RAM_10K' [VERI-1018]
INFO     : /home/olle/efinix/efinity/2025.1/sim_models/maplib/efinix_maplib.v(653): compiling module 'EFX_RAM10' [VERI-1018]
INFO     : /home/olle/efinix/efinity/2025.1/sim_models/maplib/efinix_maplib.v(754): compiling module 'EFX_DPRAM10' [VERI-1018]
INFO     : /home/olle/efinix/efinity/2025.1/sim_models/maplib/efinix_maplib.v(884): compiling module 'EFX_SRL8' [VERI-1018]
INFO     : Reading Mapping Library took 0.0143133 seconds.
INFO     : 	Reading Mapping Library took 0.02 seconds (approximately) in total CPU time.
INFO     : Reading Mapping Library virtual memory usage: begin = 191.636 MB, end = 191.636 MB, delta = 0 MB
INFO     : Reading Mapping Library resident set memory usage: begin = 140.672 MB, end = 140.672 MB, delta = 0 MB
INFO     : 	Reading Mapping Library peak resident set memory usage = 258.972 MB
INFO     : ***** Ending Reading Mapping Library ... *****
INFO     : ... Pre-synthesis checks begin

WARNING  : Removing redundant signal : compared_in[0]. (/home/olle/efinity_p2/BRAM/work_dbg/debug_top.v:5659) [EFX-0200]
WARNING  : Removing redundant signal : mask_in[0]. (/home/olle/efinity_p2/BRAM/work_dbg/debug_top.v:5660) [EFX-0200]
WARNING  : Removing redundant signal : trigger_in. (/home/olle/efinity_p2/BRAM/work_dbg/debug_top.v:5870) [EFX-0200]
WARNING  : Removing redundant signal : trigger_in. (/home/olle/efinity_p2/BRAM/work_dbg/debug_top.v:5870) [EFX-0200]
INFO     : ... Memory 'ram' is not initialized, assuming empty initial contents. (/home/olle/efinity_p2/BRAM/work_dbg/debug_top.v:577) [EFX-0677]
WARNING  : Removing redundant signal : din[182]. (/home/olle/efinity_p2/BRAM/work_dbg/debug_top.v:4754) [EFX-0200]
WARNING  : Removing redundant signal : shift_i. (/home/olle/efinity_p2/BRAM/work_dbg/debug_top.v:5019) [EFX-0200]
WARNING  : Removing redundant signal : trig_out. (/home/olle/efinity_p2/BRAM/work_dbg/debug_top.v:5036) [EFX-0200]
WARNING  : Removing redundant signal : trig_out_ack. (/home/olle/efinity_p2/BRAM/work_dbg/debug_top.v:5037) [EFX-0200]

INFO     : Module Instance 'genblk2.global_capture_inst' input pin 'trigger_in' is tied to constant (=0). [EFX-0266]
WARNING  : Removing redundant signal : bscan_DRCK. (/home/olle/efinity_p2/BRAM/work_dbg/debug_top.v:1185) [EFX-0200]
WARNING  : Removing redundant signal : bscan_RESET. (/home/olle/efinity_p2/BRAM/work_dbg/debug_top.v:1186) [EFX-0200]
WARNING  : Removing redundant signal : bscan_RUNTEST. (/home/olle/efinity_p2/BRAM/work_dbg/debug_top.v:1187) [EFX-0200]
WARNING  : Removing redundant signal : bscan_SEL. (/home/olle/efinity_p2/BRAM/work_dbg/debug_top.v:1188) [EFX-0200]
WARNING  : Removing redundant signal : bscan_TMS. (/home/olle/efinity_p2/BRAM/work_dbg/debug_top.v:1192) [EFX-0200]
WARNING  : Removing redundant signal : trig_in_ack. (/home/olle/efinity_p2/BRAM/work_dbg/debug_top.v:1204) [EFX-0200]
WARNING  : Removing redundant signal : bscan_CAPTURE. (/home/olle/efinity_p2/BRAM/work_dbg/debug_top.v:424) [EFX-0200]
WARNING  : Removing redundant signal : bscan_DRCK. (/home/olle/efinity_p2/BRAM/work_dbg/debug_top.v:425) [EFX-0200]
WARNING  : Removing redundant signal : bscan_RUNTEST. (/home/olle/efinity_p2/BRAM/work_dbg/debug_top.v:427) [EFX-0200]
WARNING  : Removing redundant signal : bscan_TMS. (/home/olle/efinity_p2/BRAM/work_dbg/debug_top.v:432) [EFX-0200]
INFO     : Module Instance 'la0' input pin 'trig_in' is tied to constant (=0). [EFX-0266]
INFO     : Module Instance 'la0' input pin 'trig_out_ack' is tied to constant (=0). [EFX-0266]
WARNING  : Re-wiring to GND non-driven net 'la0.probe41[0]'. (/home/olle/efinity_p2/BRAM/work_dbg/debug_top.v:204) [EFX-0201]
WARNING  : Re-wiring to GND non-driven net 'la0.probe42[0]'. (/home/olle/efinity_p2/BRAM/work_dbg/debug_top.v:204) [EFX-0201]
WARNING  : Re-wiring to GND non-driven net 'la0.probe43[0]'. (/home/olle/efinity_p2/BRAM/work_dbg/debug_top.v:204) [EFX-0201]
WARNING  : Re-wiring to GND non-driven net 'la0.probe44[0]'. (/home/olle/efinity_p2/BRAM/work_dbg/debug_top.v:204) [EFX-0201]
WARNING  : Re-wiring to GND non-driven net 'la0.probe45[0]'. (/home/olle/efinity_p2/BRAM/work_dbg/debug_top.v:204) [EFX-0201]
WARNING  : Re-wiring to GND non-driven net 'la0.probe46[0]'. (/home/olle/efinity_p2/BRAM/work_dbg/debug_top.v:204) [EFX-0201]
WARNING  : Re-wiring to GND non-driven net 'la0.probe47[0]'. (/home/olle/efinity_p2/BRAM/work_dbg/debug_top.v:204) [EFX-0201]
WARNING  : Re-wiring to GND non-driven net 'la0.probe48[0]'. (/home/olle/efinity_p2/BRAM/work_dbg/debug_top.v:204) [EFX-0201]
WARNING  : Re-wiring to GND non-driven net 'la0.probe49[0]'. (/home/olle/efinity_p2/BRAM/work_dbg/debug_top.v:204) [EFX-0201]
WARNING  : Re-wiring to GND non-driven net 'la0.probe50[0]'. (/home/olle/efinity_p2/BRAM/work_dbg/debug_top.v:204) [EFX-0201]
WARNING  : (The above message was generated too many times, subsequent similar messages will be muted.) [EFX-0201]
INFO     : ... Pre-synthesis checks end (Real time : 0s CPU user time : 2s CPU sys time : 0s MEM : 258972KB)
INFO     : ... NameSpace init begin
INFO     : ... NameSpace init end (Real time : 0s CPU user time : 2s CPU sys time : 0s MEM : 258972KB)
INFO     : ... Mapping design "edb_top"
INFO     : ... Hierarchical pre-synthesis "edb_adbg_crc32" begin
INFO     : ... Hierarchical pre-synthesis "edb_adbg_crc32" end (Real time : 0s CPU user time : 2s CPU sys time : 0s MEM : 258972KB)
INFO     : ... Hierarchical pre-synthesis "compare_unit(WIDTH=11'b01,PIPE=1)" begin
INFO     : ... Hierarchical pre-synthesis "compare_unit(WIDTH=11'b01,PIPE=1)" end (Real time : 0s CPU user time : 2s CPU sys time : 0s MEM : 258972KB)
INFO     : ... Hierarchical pre-synthesis "compare_unit(WIDTH=11'b011010,PIPE=1)" begin
INFO     : ... Hierarchical pre-synthesis "compare_unit(WIDTH=11'b011010,PIPE=1)" end (Real time : 0s CPU user time : 2s CPU sys time : 0s MEM : 258972KB)
INFO     : ... Hierarchical pre-synthesis "compare_unit(WIDTH=11'b010000,PIPE=1)" begin
INFO     : ... Hierarchical pre-synthesis "compare_unit(WIDTH=11'b010000,PIPE=1)" end (Real time : 0s CPU user time : 2s CPU sys time : 0s MEM : 258972KB)
INFO     : ... Hierarchical pre-synthesis "compare_unit(WIDTH=11'b0100,PIPE=1)" begin
INFO     : ... Hierarchical pre-synthesis "compare_unit(WIDTH=11'b0100,PIPE=1)" end (Real time : 0s CPU user time : 2s CPU sys time : 0s MEM : 258972KB)
INFO     : ... Hierarchical pre-synthesis "compare_unit(WIDTH=11'b0101,PIPE=1)" begin
INFO     : ... Hierarchical pre-synthesis "compare_unit(WIDTH=11'b0101,PIPE=1)" end (Real time : 0s CPU user time : 2s CPU sys time : 0s MEM : 258972KB)
INFO     : ... Hierarchical pre-synthesis "compare_unit(WIDTH=11'b0100000,PIPE=1)" begin

INFO     : ... Hierarchical pre-synthesis "compare_unit(WIDTH=11'b0100000,PIPE=1)" end (Real time : 0s CPU user time : 2s CPU sys time : 0s MEM : 258972KB)
INFO     : ... Hierarchical pre-synthesis "compare_unit(WIDTH=11'b011,PIPE=1)" begin
INFO     : ... Hierarchical pre-synthesis "compare_unit(WIDTH=11'b011,PIPE=1)" end (Real time : 0s CPU user time : 2s CPU sys time : 0s MEM : 258972KB)
INFO     : ... Hierarchical pre-synthesis "trigger_unit(WIDTH=32'b0101001,PIPE=1)" begin

INFO     : ... Hierarchical pre-synthesis "trigger_unit(WIDTH=32'b0101001,PIPE=1)" end (Real time : 0s CPU user time : 2s CPU sys time : 0s MEM : 258972KB)
INFO     : ... Hierarchical pre-synthesis "trigger_unit(WIDTH=32'b0101001,PIPE=1,TRIGGER_IF_MASK_ZERO=1)" begin
INFO     : ... Hierarchical pre-synthesis "trigger_unit(WIDTH=32'b0101001,PIPE=1,TRIGGER_IF_MASK_ZERO=1)" end (Real time : 0s CPU user time : 2s CPU sys time : 0s MEM : 258972KB)
INFO     : ... Hierarchical pre-synthesis "trigger_skipper" begin

INFO     : ... Hierarchical pre-synthesis "trigger_skipper" end (Real time : 0s CPU user time : 2s CPU sys time : 0s MEM : 258972KB)
INFO     : ... Hierarchical pre-synthesis "fifo_address_trancode_unit" begin

INFO     : ... Hierarchical pre-synthesis "fifo_address_trancode_unit" end (Real time : 0s CPU user time : 2s CPU sys time : 0s MEM : 258972KB)
INFO     : ... Hierarchical pre-synthesis "edb_simple_dual_port_ram(DATA_WIDTH=32'b010110111,ADDR_WIDTH=10,RAM_INIT_FILE="")" begin

INFO     : ... Hierarchical pre-synthesis "edb_simple_dual_port_ram(DATA_WIDTH=32'b010110111,ADDR_WIDTH=10,RAM_INIT_FILE="")" end (Real time : 0s CPU user time : 2s CPU sys time : 0s MEM : 258972KB)
INFO     : ... Hierarchical pre-synthesis "fifo_with_read(DATA_WIDTH=32'b010110111)" begin

INFO     : ... Hierarchical pre-synthesis "fifo_with_read(DATA_WIDTH=32'b010110111)" end (Real time : 0s CPU user time : 2s CPU sys time : 0s MEM : 258972KB)
INFO     : ... Hierarchical pre-synthesis "la_biu(CAPTURE_WIDTH=32'b010110110,CAPTURE_CONTROL=1)" begin

INFO     : ... Hierarchical pre-synthesis "la_biu(CAPTURE_WIDTH=32'b010110110,CAPTURE_CONTROL=1)" end (Real time : 0s CPU user time : 2s CPU sys time : 0s MEM : 258972KB)
INFO     : ... Hierarchical pre-synthesis "edb_la_top_renamed_due_excessive_length_1" begin

INFO     : ... Hierarchical pre-synthesis "edb_la_top_renamed_due_excessive_length_1" end (Real time : 2s CPU user time : 3s CPU sys time : 0s MEM : 258972KB)
INFO     : ... Hierarchical pre-synthesis "debug_hub" begin

INFO     : ... Hierarchical pre-synthesis "debug_hub" end (Real time : 0s CPU user time : 3s CPU sys time : 0s MEM : 258972KB)
INFO     : ... Hierarchical pre-synthesis "edb_top" begin

INFO     : ... Clock Enable Synthesis Performed on 129 flops.

INFO     : ... Hierarchical pre-synthesis "edb_top" end (Real time : 0s CPU user time : 4s CPU sys time : 0s MEM : 258972KB)

INFO     : ... Flat optimizations begin

INFO     : ... Flat optimizations end (Real time : 0s CPU user time : 4s CPU sys time : 0s MEM : 258972KB)

INFO     : ... Flat synthesis begin

INFO     : ... Flat synthesis end (Real time : 0s CPU user time : 5s CPU sys time : 0s MEM : 258972KB)

INFO     : ... Flat optimizations begin

INFO     : ... Flat optimizations end (Real time : 0s CPU user time : 5s CPU sys time : 0s MEM : 258972KB)

INFO     : ... Check and break combinational loops begin

INFO     : ... Check and break combinational loops end (Real time : 0s CPU user time : 5s CPU sys time : 0s MEM : 258972KB)

INFO     : ... Sequential Optimization begin

INFO     : ... Clock Network 'la0_clk' with 2026 loads will be considered for sequential optimization.

INFO     : ... Clock Network 'bscan_TCK' with 1353 loads will be considered for sequential optimization.

INFO     : ... Sequential Optimization deduced 293 equivalent points.

INFO     : ... Sequential Optimization end (Real time : 12s CPU user time : 17s CPU sys time : 0s MEM : 258972KB)

INFO     : ... Setup for logic synthesis begin

INFO     : ... Setup for logic synthesis end (Real time : 0s CPU user time : 17s CPU sys time : 0s MEM : 258972KB)
INFO     : ... LUT mapping begin

INFO     : ... LS, strategy: 3, nd: 3134, ed: 9699, lv: 8, pw: 5584.37
INFO     : ... LUT mapping end (Real time : 10s CPU user time : 30s CPU sys time : 0s MEM : 258972KB)
INFO     : ... Post-synthesis Verific netlist creation begin

INFO     : ... Post-synthesis Verific netlist creation end (Real time : 1s CPU user time : 30s CPU sys time : 0s MEM : 258972KB)

INFO     : ... Postmap Retiming Optimization begin

INFO     : ... Clock Network 'la0_clk~la0_clk' with 2026 loads will be considered for retiming optimization.

INFO     : ... Clock Network 'bscan_TCK~bscan_TCK' with 1353 loads will be considered for retiming optimization.

INFO     : ... Performed 0 retime moves.
INFO     : ... Postmap Retiming Optimization end (Real time : 10s CPU user time : 41s CPU sys time : 0s MEM : 258972KB)

INFO     : ***** Beginning VDB Netlist Checker ... *****
WARNING  : /home/olle/efinity_p2/BRAM/work_dbg/debug_top.v(13): Input/inout port bscan_DRCK is unconnected and will be removed. [VDB-8003]
WARNING  : /home/olle/efinity_p2/BRAM/work_dbg/debug_top.v(15): Input/inout port bscan_RUNTEST is unconnected and will be removed. [VDB-8003]
WARNING  : /home/olle/efinity_p2/BRAM/work_dbg/debug_top.v(20): Input/inout port bscan_TMS is unconnected and will be removed. [VDB-8003]

WARNING  : Found 3 warnings in the post-synthesis netlist.
INFO     : VDB Netlist Checker took 0.0218924 seconds.
INFO     : 	VDB Netlist Checker took 0.04 seconds (approximately) in total CPU time.
INFO     : VDB Netlist Checker virtual memory usage: begin = 331.076 MB, end = 331.076 MB, delta = 0 MB
INFO     : VDB Netlist Checker resident set memory usage: begin = 227.14 MB, end = 227.14 MB, delta = 0 MB
INFO     : 	VDB Netlist Checker peak resident set memory usage = 258.972 MB
INFO     : ***** Ending VDB Netlist Checker ... *****

INFO     : Resource Summary 
INFO     : =============================== 
INFO     : EFX_ADD         : 	152
INFO     : EFX_LUT4        : 	3117
INFO     : EFX_FF          : 	3370
INFO     : EFX_RAM_5K      : 	37
INFO     : EFX_GBUFCE      : 	2
INFO     : =============================== 

INFO     : The entire flow of EFX_MAP took 39.0429 seconds.
INFO     : 	The entire flow of EFX_MAP took 41.76 seconds (approximately) in total CPU time.
INFO     : The entire flow of EFX_MAP virtual memory usage: begin = 88.404 MB, end = 331.076 MB, delta = 242.672 MB
INFO     : The entire flow of EFX_MAP resident set memory usage: begin = 27.392 MB, end = 227.14 MB, delta = 199.748 MB
INFO     : 	The entire flow of EFX_MAP peak resident set memory usage = 258.972 MB

Sat August 16 25 08:23:38 - /home/olle/efinix/efinity/2025.1/bin/efx_map finished. Exit code = 0 Exit status : Normal

Debugger Step Compile Debugger Cores. Done

--------------------------------------------------------------

--------------------------------------------------------------

Start Debugger Step Merge User design with Debugger Cores.

Sat August 16 25 08:23:38 - /home/olle/efinix/efinity/2025.1/bin/efx_map  --family "Trion" --device "T20F169" --gen-mark-debug-json "0" --allow-const-ram-index "0" --blackbox-error "1" --blast_const_operand_adders "1" --bram_output_regs_packing "1" --bram-push-tco-outreg "0" --create-onehot-fsms "0" --fanout-limit "0" --hdl-compile-unit "1" --hdl-loop-limit "20000" --infer-clk-enable "3" --infer-sync-set-reset "1" --enable-mark-debug "1" --max_ram "-1" --max_mult "-1" --max-bit-blast-mem-size "10240" --min-sr-fanout "0" --min-ce-fanout "0" --mode "speed" --mult-auto-pipeline "0" --mult-decomp-retime "0" --operator-sharing "0" --optimize-adder-tree "0" --optimize-zero-init-rom "1" --peri-syn-instantiation "0" --peri-syn-inference "0" --ram-decomp-mode "0" --retiming "1" --seq_opt "1" --seq-opt-sync-only "0" --use-logic-for-small-mem "64" --use-logic-for-small-rom "64" --max_threads "-1" --mult_input_regs_packing "1" --mult_output_regs_packing "1" --I "/home/olle/efinity_p2/BRAM" --I "/home/olle/efinity_p2/BRAM/ip/BRAM_8192_bytes" --I "/home/olle/efinity_p2/BRAM/ip/micro_risc_v1" --root "top_level" --vdb "/home/olle/efinity_p2/BRAM/outflow/BRAM.elab.vdb" --vdb "/home/olle/efinity_p2/BRAM/work_dbg/debug_top.post.vdb" --write-efx-verilog "/home/olle/efinity_p2/BRAM/work_dbg/BRAM.dbg.map.v" --binary-db "/home/olle/efinity_p2/BRAM/work_dbg/BRAM.dbg.vdb" --merge_vdbs=1 --conn "/home/olle/efinity_p2/BRAM/debug_profile.wizard.json" --work-dir "/home/olle/efinity_p2/BRAM/work_dbg" --output-dir "/home/olle/efinity_p2/BRAM/outflow"

Sat August 16 25 08:23:38 - Running /home/olle/efinix/efinity/2025.1/bin/efx_map...

INFO     : Efinix FPGA Synthesis.
INFO     : Version: 2025.1.110.2.15
INFO     : Compiled: Jun 21 2025.
INFO     : 
INFO     : Copyright (C) 2013 - 2025 Efinix, Inc. All rights reserved.


INFO     : Analyzing Verilog file '/home/olle/efinix/efinity/2025.1/sim_models/maplib/efinix_peri_lib.v' [VERI-1482]
INFO     : /home/olle/efinix/efinity/2025.1/sim_models/maplib/efinix_peri_lib.v(8): compiling module 'EFX_IBUF' [VERI-1018]
INFO     : /home/olle/efinix/efinity/2025.1/sim_models/maplib/efinix_peri_lib.v(16): compiling module 'EFX_OBUF' [VERI-1018]
INFO     : /home/olle/efinix/efinity/2025.1/sim_models/maplib/efinix_peri_lib.v(23): compiling module 'EFX_IO_BUF' [VERI-1018]
INFO     : /home/olle/efinix/efinity/2025.1/sim_models/maplib/efinix_peri_lib.v(33): compiling module 'EFX_CLKOUT' [VERI-1018]
INFO     : /home/olle/efinix/efinity/2025.1/sim_models/maplib/efinix_peri_lib.v(41): compiling module 'EFX_IREG' [VERI-1018]
INFO     : /home/olle/efinix/efinity/2025.1/sim_models/maplib/efinix_peri_lib.v(51): compiling module 'EFX_OREG' [VERI-1018]
INFO     : /home/olle/efinix/efinity/2025.1/sim_models/maplib/efinix_peri_lib.v(60): compiling module 'EFX_IOREG' [VERI-1018]
INFO     : /home/olle/efinix/efinity/2025.1/sim_models/maplib/efinix_peri_lib.v(75): compiling module 'EFX_IDDIO' [VERI-1018]
INFO     : /home/olle/efinix/efinity/2025.1/sim_models/maplib/efinix_peri_lib.v(87): compiling module 'EFX_ODDIO' [VERI-1018]
INFO     : /home/olle/efinix/efinity/2025.1/sim_models/maplib/efinix_peri_lib.v(99): compiling module 'EFX_GPIO_V1' [VERI-1018]
INFO     : /home/olle/efinix/efinity/2025.1/sim_models/maplib/efinix_peri_lib.v(124): compiling module 'EFX_GPIO_V2' [VERI-1018]
INFO     : /home/olle/efinix/efinity/2025.1/sim_models/maplib/efinix_peri_lib.v(149): compiling module 'EFX_GPIO_V3' [VERI-1018]
INFO     : /home/olle/efinix/efinity/2025.1/sim_models/maplib/efinix_peri_lib.v(186): compiling module 'EFX_PLL_V1' [VERI-1018]
INFO     : /home/olle/efinix/efinity/2025.1/sim_models/maplib/efinix_peri_lib.v(205): compiling module 'EFX_PLL_V2' [VERI-1018]
INFO     : /home/olle/efinix/efinity/2025.1/sim_models/maplib/efinix_peri_lib.v(231): compiling module 'EFX_PLL_V3' [VERI-1018]

INFO     : /home/olle/efinix/efinity/2025.1/sim_models/maplib/efinix_peri_lib.v(279): compiling module 'EFX_OSC_V1' [VERI-1018]
INFO     : /home/olle/efinix/efinity/2025.1/sim_models/maplib/efinix_peri_lib.v(285): compiling module 'EFX_OSC_V3' [VERI-1018]
INFO     : /home/olle/efinix/efinity/2025.1/sim_models/maplib/efinix_peri_lib.v(294): compiling module 'EFX_FPLL_V1' [VERI-1018]
INFO     : /home/olle/efinix/efinity/2025.1/sim_models/maplib/efinix_peri_lib.v(348): compiling module 'EFX_JTAG_V1' [VERI-1018]
INFO     : /home/olle/efinix/efinity/2025.1/sim_models/maplib/efinix_peri_lib.v(357): compiling module 'EFX_JTAG_CTRL' [VERI-1018]
INFO     : /home/olle/efinix/efinity/2025.1/sim_models/maplib/efinix_peri_lib.v(364): compiling module 'EFX_LVDS_RX_V1' [VERI-1018]
INFO     : /home/olle/efinix/efinity/2025.1/sim_models/maplib/efinix_peri_lib.v(381): compiling module 'EFX_LVDS_TX_V1' [VERI-1018]
INFO     : /home/olle/efinix/efinity/2025.1/sim_models/maplib/efinix_peri_lib.v(399): compiling module 'EFX_LVDS_RX_V2' [VERI-1018]
INFO     : /home/olle/efinix/efinity/2025.1/sim_models/maplib/efinix_peri_lib.v(426): compiling module 'EFX_LVDS_TX_V2' [VERI-1018]
INFO     : /home/olle/efinix/efinity/2025.1/sim_models/maplib/efinix_peri_lib.v(446): compiling module 'EFX_LVDS_BIDIR_V2' [VERI-1018]

INFO     : ... Setting Synthesis Option: mode=speed
INFO     : ***** Beginning Reading Mapping Library ... *****
INFO     : Analyzing Verilog file '/home/olle/efinix/efinity/2025.1/sim_models/maplib/efinix_maplib.v' [VERI-1482]

INFO     : /home/olle/efinix/efinity/2025.1/sim_models/maplib/efinix_maplib.v(8): compiling module 'EFX_ADD' [VERI-1018]
INFO     : /home/olle/efinix/efinity/2025.1/sim_models/maplib/efinix_maplib.v(21): compiling module 'EFX_FF' [VERI-1018]
INFO     : /home/olle/efinix/efinity/2025.1/sim_models/maplib/efinix_maplib.v(38): compiling module 'EFX_COMB4' [VERI-1018]
INFO     : /home/olle/efinix/efinity/2025.1/sim_models/maplib/efinix_maplib.v(48): compiling module 'EFX_GBUFCE' [VERI-1018]
INFO     : /home/olle/efinix/efinity/2025.1/sim_models/maplib/efinix_maplib.v(57): compiling module 'EFX_LUT4' [VERI-1018]
INFO     : /home/olle/efinix/efinity/2025.1/sim_models/maplib/efinix_maplib.v(65): compiling module 'EFX_MULT' [VERI-1018]
INFO     : /home/olle/efinix/efinity/2025.1/sim_models/maplib/efinix_maplib.v(100): compiling module 'EFX_DSP48' [VERI-1018]
INFO     : /home/olle/efinix/efinity/2025.1/sim_models/maplib/efinix_maplib.v(156): compiling module 'EFX_DSP24' [VERI-1018]
INFO     : /home/olle/efinix/efinity/2025.1/sim_models/maplib/efinix_maplib.v(209): compiling module 'EFX_DSP12' [VERI-1018]
INFO     : /home/olle/efinix/efinity/2025.1/sim_models/maplib/efinix_maplib.v(262): compiling module 'EFX_RAM_4K' [VERI-1018]
INFO     : /home/olle/efinix/efinity/2025.1/sim_models/maplib/efinix_maplib.v(322): compiling module 'EFX_RAM_5K' [VERI-1018]
INFO     : /home/olle/efinix/efinity/2025.1/sim_models/maplib/efinix_maplib.v(394): compiling module 'EFX_DPRAM_5K' [VERI-1018]
INFO     : /home/olle/efinix/efinity/2025.1/sim_models/maplib/efinix_maplib.v(499): compiling module 'RAMB5' [VERI-1018]
INFO     : /home/olle/efinix/efinity/2025.1/sim_models/maplib/efinix_maplib.v(561): compiling module 'EFX_RAM_10K' [VERI-1018]
INFO     : /home/olle/efinix/efinity/2025.1/sim_models/maplib/efinix_maplib.v(653): compiling module 'EFX_RAM10' [VERI-1018]
INFO     : /home/olle/efinix/efinity/2025.1/sim_models/maplib/efinix_maplib.v(754): compiling module 'EFX_DPRAM10' [VERI-1018]
INFO     : /home/olle/efinix/efinity/2025.1/sim_models/maplib/efinix_maplib.v(884): compiling module 'EFX_SRL8' [VERI-1018]
INFO     : Reading Mapping Library took 0.0111406 seconds.
INFO     : 	Reading Mapping Library took 0.01 seconds (approximately) in total CPU time.
INFO     : Reading Mapping Library virtual memory usage: begin = 168.08 MB, end = 169.104 MB, delta = 1.024 MB
INFO     : Reading Mapping Library resident set memory usage: begin = 116.608 MB, end = 116.992 MB, delta = 0.384 MB
INFO     : 	Reading Mapping Library peak resident set memory usage = 258.972 MB
INFO     : ***** Ending Reading Mapping Library ... *****
INFO     : ... Pre-synthesis checks begin
WARNING  : The primary output port 'led2' wire 'led2' is not driven. [EFX-0256]
WARNING  : The primary output port 'CAM0_EN' wire 'CAM0_EN' is not driven. [EFX-0256]
WARNING  : The primary output port 'CAM1_EN' wire 'CAM1_EN' is not driven. [EFX-0256]
WARNING  : Removing redundant signal : io_cpu_prefetch_isValid. (/home/olle/efinity_p2/BRAM/ip/micro_risc_v1/micro_risc_v1.v:12221) [EFX-0200]
WARNING  : Removing redundant signal : io_cpu_prefetch_pc[31]. (/home/olle/efinity_p2/BRAM/ip/micro_risc_v1/micro_risc_v1.v:12223) [EFX-0200]
WARNING  : Removing redundant signal : io_cpu_prefetch_pc[30]. (/home/olle/efinity_p2/BRAM/ip/micro_risc_v1/micro_risc_v1.v:12223) [EFX-0200]
WARNING  : Removing redundant signal : io_cpu_prefetch_pc[29]. (/home/olle/efinity_p2/BRAM/ip/micro_risc_v1/micro_risc_v1.v:12223) [EFX-0200]
WARNING  : Removing redundant signal : io_cpu_prefetch_pc[28]. (/home/olle/efinity_p2/BRAM/ip/micro_risc_v1/micro_risc_v1.v:12223) [EFX-0200]
WARNING  : Removing redundant signal : io_cpu_prefetch_pc[27]. (/home/olle/efinity_p2/BRAM/ip/micro_risc_v1/micro_risc_v1.v:12223) [EFX-0200]
WARNING  : Removing redundant signal : io_cpu_prefetch_pc[26]. (/home/olle/efinity_p2/BRAM/ip/micro_risc_v1/micro_risc_v1.v:12223) [EFX-0200]
WARNING  : Removing redundant signal : io_cpu_prefetch_pc[25]. (/home/olle/efinity_p2/BRAM/ip/micro_risc_v1/micro_risc_v1.v:12223) [EFX-0200]
WARNING  : Removing redundant signal : io_cpu_prefetch_pc[24]. (/home/olle/efinity_p2/BRAM/ip/micro_risc_v1/micro_risc_v1.v:12223) [EFX-0200]
WARNING  : Removing redundant signal : io_cpu_prefetch_pc[23]. (/home/olle/efinity_p2/BRAM/ip/micro_risc_v1/micro_risc_v1.v:12223) [EFX-0200]
WARNING  : Removing redundant signal : io_cpu_prefetch_pc[22]. (/home/olle/efinity_p2/BRAM/ip/micro_risc_v1/micro_risc_v1.v:12223) [EFX-0200]
WARNING  : Removing redundant signal : io_cpu_prefetch_pc[21]. (/home/olle/efinity_p2/BRAM/ip/micro_risc_v1/micro_risc_v1.v:12223) [EFX-0200]
WARNING  : Removing redundant signal : io_cpu_prefetch_pc[20]. (/home/olle/efinity_p2/BRAM/ip/micro_risc_v1/micro_risc_v1.v:12223) [EFX-0200]
WARNING  : Removing redundant signal : io_cpu_prefetch_pc[19]. (/home/olle/efinity_p2/BRAM/ip/micro_risc_v1/micro_risc_v1.v:12223) [EFX-0200]
WARNING  : Removing redundant signal : io_cpu_prefetch_pc[18]. (/home/olle/efinity_p2/BRAM/ip/micro_risc_v1/micro_risc_v1.v:12223) [EFX-0200]
WARNING  : Removing redundant signal : io_cpu_prefetch_pc[17]. (/home/olle/efinity_p2/BRAM/ip/micro_risc_v1/micro_risc_v1.v:12223) [EFX-0200]
WARNING  : Removing redundant signal : io_cpu_prefetch_pc[16]. (/home/olle/efinity_p2/BRAM/ip/micro_risc_v1/micro_risc_v1.v:12223) [EFX-0200]
WARNING  : Removing redundant signal : io_cpu_prefetch_pc[15]. (/home/olle/efinity_p2/BRAM/ip/micro_risc_v1/micro_risc_v1.v:12223) [EFX-0200]
WARNING  : Removing redundant signal : io_cpu_prefetch_pc[14]. (/home/olle/efinity_p2/BRAM/ip/micro_risc_v1/micro_risc_v1.v:12223) [EFX-0200]
WARNING  : Removing redundant signal : io_cpu_prefetch_pc[13]. (/home/olle/efinity_p2/BRAM/ip/micro_risc_v1/micro_risc_v1.v:12223) [EFX-0200]
WARNING  : (The above message was generated too many times, subsequent similar messages will be muted.) [EFX-0200]
INFO     : ... Memory 'banks_0' is not initialized, assuming empty initial contents. (/home/olle/efinity_p2/BRAM/ip/micro_risc_v1/micro_risc_v1.v:12325) [EFX-0677]
INFO     : ... Memory 'ways_0_tags' is not initialized, assuming empty initial contents. (/home/olle/efinity_p2/BRAM/ip/micro_risc_v1/micro_risc_v1.v:12326) [EFX-0677]

INFO     : ... Memory 'ways_0_tags' is not initialized, assuming empty initial contents. (/home/olle/efinity_p2/BRAM/ip/micro_risc_v1/micro_risc_v1.v:11579) [EFX-0677]
INFO     : ... Memory 'ways_0_data_symbol0' is not initialized, assuming empty initial contents. (/home/olle/efinity_p2/BRAM/ip/micro_risc_v1/micro_risc_v1.v:11580) [EFX-0677]
INFO     : ... Memory 'ways_0_data_symbol1' is not initialized, assuming empty initial contents. (/home/olle/efinity_p2/BRAM/ip/micro_risc_v1/micro_risc_v1.v:11581) [EFX-0677]
INFO     : ... Memory 'ways_0_data_symbol2' is not initialized, assuming empty initial contents. (/home/olle/efinity_p2/BRAM/ip/micro_risc_v1/micro_risc_v1.v:11582) [EFX-0677]
INFO     : ... Memory 'ways_0_data_symbol3' is not initialized, assuming empty initial contents. (/home/olle/efinity_p2/BRAM/ip/micro_risc_v1/micro_risc_v1.v:11583) [EFX-0677]
WARNING  : Re-wiring to GND non-driven net 'IBusCachedPlugin_cache_io_cpu_fetch_isRemoved'. (/home/olle/efinity_p2/BRAM/ip/micro_risc_v1/micro_risc_v1.v:5832) [EFX-0201]
WARNING  : Re-wiring to GND non-driven net 'dataCache_1_io_cpu_writeBack_fence_SW'. (/home/olle/efinity_p2/BRAM/ip/micro_risc_v1/micro_risc_v1.v:5845) [EFX-0201]
WARNING  : Re-wiring to GND non-driven net 'dataCache_1_io_cpu_writeBack_fence_SR'. (/home/olle/efinity_p2/BRAM/ip/micro_risc_v1/micro_risc_v1.v:5846) [EFX-0201]
WARNING  : Re-wiring to GND non-driven net 'dataCache_1_io_cpu_writeBack_fence_SO'. (/home/olle/efinity_p2/BRAM/ip/micro_risc_v1/micro_risc_v1.v:5847) [EFX-0201]
WARNING  : Re-wiring to GND non-driven net 'dataCache_1_io_cpu_writeBack_fence_SI'. (/home/olle/efinity_p2/BRAM/ip/micro_risc_v1/micro_risc_v1.v:5848) [EFX-0201]
WARNING  : Re-wiring to GND non-driven net 'dataCache_1_io_cpu_writeBack_fence_PW'. (/home/olle/efinity_p2/BRAM/ip/micro_risc_v1/micro_risc_v1.v:5849) [EFX-0201]
WARNING  : Re-wiring to GND non-driven net 'dataCache_1_io_cpu_writeBack_fence_PR'. (/home/olle/efinity_p2/BRAM/ip/micro_risc_v1/micro_risc_v1.v:5850) [EFX-0201]
WARNING  : Re-wiring to GND non-driven net 'dataCache_1_io_cpu_writeBack_fence_PO'. (/home/olle/efinity_p2/BRAM/ip/micro_risc_v1/micro_risc_v1.v:5851) [EFX-0201]
WARNING  : Re-wiring to GND non-driven net 'dataCache_1_io_cpu_writeBack_fence_PI'. (/home/olle/efinity_p2/BRAM/ip/micro_risc_v1/micro_risc_v1.v:5852) [EFX-0201]
WARNING  : Re-wiring to GND non-driven net 'dataCache_1_io_cpu_writeBack_fence_FM[3]'. (/home/olle/efinity_p2/BRAM/ip/micro_risc_v1/micro_risc_v1.v:5853) [EFX-0201]
WARNING  : (The above message was generated too many times, subsequent similar messages will be muted.) [EFX-0201]
INFO     : ... Memory 'RegFilePlugin_regFile' is not initialized, assuming empty initial contents. (/home/olle/efinity_p2/BRAM/ip/micro_risc_v1/micro_risc_v1.v:6995) [EFX-0677]
INFO     : ... Memory 'logic_progbufX_mem' is not initialized, assuming empty initial contents. (/home/olle/efinity_p2/BRAM/ip/micro_risc_v1/micro_risc_v1.v:4949) [EFX-0677]

INFO     : Module Instance 'memory_arbiter' input pin 'io_inputs_0_payload_fragment_source[0]' is tied to constant (=0). [EFX-0266]
INFO     : Module Instance 'memory_arbiter' input pin 'io_inputs_1_payload_fragment_source[0]' is tied to constant (=0). [EFX-0266]
INFO     : Module Instance 'memory_arbiter' input pin 'io_inputs_1_payload_fragment_context[0]' is tied to constant (=0). [EFX-0266]
INFO     : Module Instance 'tx' input pin 'io_cts' is tied to constant (=0). [EFX-0266]
INFO     : ... Memory 'logic_ram' is not initialized, assuming empty initial contents. (/home/olle/efinity_p2/BRAM/ip/micro_risc_v1/micro_risc_v1.v:10857) [EFX-0677]
INFO     : Module Instance 'bridge_write_streamUnbuffered_queueWithOccupancy' input pin 'io_flush' is tied to constant (=0). [EFX-0266]
INFO     : Module Instance 'uartCtrl_1_io_read_queueWithOccupancy' input pin 'io_flush' is tied to constant (=0). [EFX-0266]
INFO     : Module Instance 'system_bridge_bmb_arbiter' input pin 'io_inputs_1_cmd_payload_fragment_data[0]' is tied to constant (=0). [EFX-0266]
INFO     : Module Instance 'system_bridge_bmb_arbiter' input pin 'io_inputs_1_cmd_payload_fragment_data[1]' is tied to constant (=0). [EFX-0266]
INFO     : Module Instance 'system_bridge_bmb_arbiter' input pin 'io_inputs_1_cmd_payload_fragment_data[2]' is tied to constant (=0). [EFX-0266]
INFO     : Module Instance 'system_bridge_bmb_arbiter' input pin 'io_inputs_1_cmd_payload_fragment_data[3]' is tied to constant (=0). [EFX-0266]
INFO     : Module Instance 'system_bridge_bmb_arbiter' input pin 'io_inputs_1_cmd_payload_fragment_data[4]' is tied to constant (=0). [EFX-0266]
INFO     : Module Instance 'system_bridge_bmb_arbiter' input pin 'io_inputs_1_cmd_payload_fragment_data[5]' is tied to constant (=0). [EFX-0266]
INFO     : Module Instance 'system_bridge_bmb_arbiter' input pin 'io_inputs_1_cmd_payload_fragment_data[6]' is tied to constant (=0). [EFX-0266]
INFO     : Module Instance 'system_bridge_bmb_arbiter' input pin 'io_inputs_1_cmd_payload_fragment_data[7]' is tied to constant (=0). [EFX-0266]
INFO     : Module Instance 'system_bridge_bmb_arbiter' input pin 'io_inputs_1_cmd_payload_fragment_data[8]' is tied to constant (=0). [EFX-0266]
INFO     : Module Instance 'system_bridge_bmb_arbiter' input pin 'io_inputs_1_cmd_payload_fragment_data[9]' is tied to constant (=0). [EFX-0266]
INFO     : Module Instance 'system_bridge_bmb_arbiter' input pin 'io_inputs_1_cmd_payload_fragment_data[10]' is tied to constant (=0). [EFX-0266]
INFO     : Module Instance 'system_bridge_bmb_arbiter' input pin 'io_inputs_1_cmd_payload_fragment_data[11]' is tied to constant (=0). [EFX-0266]
INFO     : Module Instance 'system_bridge_bmb_arbiter' input pin 'io_inputs_1_cmd_payload_fragment_data[12]' is tied to constant (=0). [EFX-0266]
INFO     : Module Instance 'system_bridge_bmb_arbiter' input pin 'io_inputs_1_cmd_payload_fragment_data[13]' is tied to constant (=0). [EFX-0266]
INFO     : Module Instance 'system_bridge_bmb_arbiter' input pin 'io_inputs_1_cmd_payload_fragment_data[14]' is tied to constant (=0). [EFX-0266]
INFO     : Module Instance 'system_bridge_bmb_arbiter' input pin 'io_inputs_1_cmd_payload_fragment_data[15]' is tied to constant (=0). [EFX-0266]
INFO     : Module Instance 'system_bridge_bmb_arbiter' input pin 'io_inputs_1_cmd_payload_fragment_data[16]' is tied to constant (=0). [EFX-0266]
INFO     : Module Instance 'system_bridge_bmb_arbiter' input pin 'io_inputs_1_cmd_payload_fragment_data[17]' is tied to constant (=0). [EFX-0266]
INFO     : Module Instance 'system_bridge_bmb_arbiter' input pin 'io_inputs_1_cmd_payload_fragment_data[18]' is tied to constant (=0). [EFX-0266]
INFO     : Module Instance 'system_bridge_bmb_arbiter' input pin 'io_inputs_1_cmd_payload_fragment_data[19]' is tied to constant (=0). [EFX-0266]
INFO     : Module Instance 'system_bridge_bmb_arbiter' input pin 'io_inputs_1_cmd_payload_fragment_data[20]' is tied to constant (=0). [EFX-0266]
INFO     : Module Instance 'system_bridge_bmb_arbiter' input pin 'io_inputs_1_cmd_payload_fragment_data[21]' is tied to constant (=0). [EFX-0266]
INFO     : Module Instance 'system_bridge_bmb_arbiter' input pin 'io_inputs_1_cmd_payload_fragment_data[22]' is tied to constant (=0). [EFX-0266]
INFO     : Module Instance 'system_bridge_bmb_arbiter' input pin 'io_inputs_1_cmd_payload_fragment_data[23]' is tied to constant (=0). [EFX-0266]
INFO     : Module Instance 'system_bridge_bmb_arbiter' input pin 'io_inputs_1_cmd_payload_fragment_data[24]' is tied to constant (=0). [EFX-0266]
INFO     : Module Instance 'system_bridge_bmb_arbiter' input pin 'io_inputs_1_cmd_payload_fragment_data[25]' is tied to constant (=0). [EFX-0266]
INFO     : Module Instance 'system_bridge_bmb_arbiter' input pin 'io_inputs_1_cmd_payload_fragment_data[26]' is tied to constant (=0). [EFX-0266]
INFO     : Module Instance 'system_bridge_bmb_arbiter' input pin 'io_inputs_1_cmd_payload_fragment_data[27]' is tied to constant (=0). [EFX-0266]
INFO     : Module Instance 'system_bridge_bmb_arbiter' input pin 'io_inputs_1_cmd_payload_fragment_data[28]' is tied to constant (=0). [EFX-0266]
INFO     : Module Instance 'system_bridge_bmb_arbiter' input pin 'io_inputs_1_cmd_payload_fragment_data[29]' is tied to constant (=0). [EFX-0266]
INFO     : Module Instance 'system_bridge_bmb_arbiter' input pin 'io_inputs_1_cmd_payload_fragment_data[30]' is tied to constant (=0). [EFX-0266]
INFO     : Module Instance 'system_bridge_bmb_arbiter' input pin 'io_inputs_1_cmd_payload_fragment_data[31]' is tied to constant (=0). [EFX-0266]
INFO     : Module Instance 'system_bridge_bmb_arbiter' input pin 'io_inputs_1_cmd_payload_fragment_mask[0]' is tied to constant (=0). [EFX-0266]
INFO     : Module Instance 'system_bridge_bmb_arbiter' input pin 'io_inputs_1_cmd_payload_fragment_mask[1]' is tied to constant (=0). [EFX-0266]
INFO     : Module Instance 'system_bridge_bmb_arbiter' input pin 'io_inputs_1_cmd_payload_fragment_mask[2]' is tied to constant (=0). [EFX-0266]
INFO     : Module Instance 'system_bridge_bmb_arbiter' input pin 'io_inputs_1_cmd_payload_fragment_mask[3]' is tied to constant (=0). [EFX-0266]

INFO     : Module Instance 'u_micro_risc_v1' input pin 'jtagCtrl_enable' is tied to constant (=1). [EFX-0266]
INFO     : ... Pre-synthesis checks end (Real time : 0s CPU user time : 0s CPU sys time : 0s MEM : 258972KB)
INFO     : ... NameSpace init begin
INFO     : ... NameSpace init end (Real time : 0s CPU user time : 0s CPU sys time : 0s MEM : 258972KB)
INFO     : ... Mapping design "top_level"
INFO     : ... Hierarchical pre-synthesis "InstructionCache_2fa2c88f3c1f4868ba7cd09620d007ba" begin

INFO     : ... Hierarchical pre-synthesis "InstructionCache_2fa2c88f3c1f4868ba7cd09620d007ba" end (Real time : 0s CPU user time : 0s CPU sys time : 0s MEM : 258972KB)
INFO     : ... Hierarchical pre-synthesis "DataCache_2fa2c88f3c1f4868ba7cd09620d007ba" begin

INFO     : ... Hierarchical pre-synthesis "DataCache_2fa2c88f3c1f4868ba7cd09620d007ba" end (Real time : 0s CPU user time : 0s CPU sys time : 0s MEM : 258972KB)
INFO     : ... Hierarchical pre-synthesis "BufferCC_2fa2c88f3c1f4868ba7cd09620d007ba" begin
INFO     : ... Hierarchical pre-synthesis "BufferCC_2fa2c88f3c1f4868ba7cd09620d007ba" end (Real time : 0s CPU user time : 0s CPU sys time : 0s MEM : 258972KB)
INFO     : ... Hierarchical pre-synthesis "EfxCPUSp1_2fa2c88f3c1f4868ba7cd09620d007ba" begin

INFO     : ... Hierarchical pre-synthesis "EfxCPUSp1_2fa2c88f3c1f4868ba7cd09620d007ba" end (Real time : 0s CPU user time : 0s CPU sys time : 0s MEM : 258972KB)
INFO     : ... Hierarchical pre-synthesis "VexRiscv_2fa2c88f3c1f4868ba7cd09620d007ba" begin

INFO     : ... Hierarchical pre-synthesis "VexRiscv_2fa2c88f3c1f4868ba7cd09620d007ba" end (Real time : 1s CPU user time : 1s CPU sys time : 0s MEM : 258972KB)
INFO     : ... Hierarchical pre-synthesis "DebugModule_2fa2c88f3c1f4868ba7cd09620d007ba" begin

INFO     : ... Hierarchical pre-synthesis "DebugModule_2fa2c88f3c1f4868ba7cd09620d007ba" end (Real time : 0s CPU user time : 1s CPU sys time : 0s MEM : 258972KB)
INFO     : ... Hierarchical pre-synthesis "BufferCC_5_2fa2c88f3c1f4868ba7cd09620d007ba" begin
INFO     : ... Hierarchical pre-synthesis "BufferCC_5_2fa2c88f3c1f4868ba7cd09620d007ba" end (Real time : 0s CPU user time : 1s CPU sys time : 0s MEM : 258972KB)
INFO     : ... Hierarchical pre-synthesis "BufferCC_6_2fa2c88f3c1f4868ba7cd09620d007ba" begin
INFO     : ... Hierarchical pre-synthesis "BufferCC_6_2fa2c88f3c1f4868ba7cd09620d007ba" end (Real time : 0s CPU user time : 1s CPU sys time : 0s MEM : 258972KB)
INFO     : ... Hierarchical pre-synthesis "BufferCC_8_2fa2c88f3c1f4868ba7cd09620d007ba" begin
INFO     : ... Hierarchical pre-synthesis "BufferCC_8_2fa2c88f3c1f4868ba7cd09620d007ba" end (Real time : 0s CPU user time : 1s CPU sys time : 0s MEM : 258972KB)
INFO     : ... Hierarchical pre-synthesis "BufferCC_1_2fa2c88f3c1f4868ba7cd09620d007ba" begin
INFO     : ... Hierarchical pre-synthesis "BufferCC_1_2fa2c88f3c1f4868ba7cd09620d007ba" end (Real time : 0s CPU user time : 1s CPU sys time : 0s MEM : 258972KB)
INFO     : ... Hierarchical pre-synthesis "FlowCCByToggle_2fa2c88f3c1f4868ba7cd09620d007ba" begin
INFO     : ... Hierarchical pre-synthesis "FlowCCByToggle_2fa2c88f3c1f4868ba7cd09620d007ba" end (Real time : 0s CPU user time : 1s CPU sys time : 0s MEM : 258972KB)
INFO     : ... Hierarchical pre-synthesis "BufferCC_2_2fa2c88f3c1f4868ba7cd09620d007ba" begin
INFO     : ... Hierarchical pre-synthesis "BufferCC_2_2fa2c88f3c1f4868ba7cd09620d007ba" end (Real time : 0s CPU user time : 1s CPU sys time : 0s MEM : 258972KB)
INFO     : ... Hierarchical pre-synthesis "BufferCC_3_2fa2c88f3c1f4868ba7cd09620d007ba" begin
INFO     : ... Hierarchical pre-synthesis "BufferCC_3_2fa2c88f3c1f4868ba7cd09620d007ba" end (Real time : 0s CPU user time : 1s CPU sys time : 0s MEM : 258972KB)
INFO     : ... Hierarchical pre-synthesis "FlowCCByToggle_1_2fa2c88f3c1f4868ba7cd09620d007ba" begin
INFO     : ... Hierarchical pre-synthesis "FlowCCByToggle_1_2fa2c88f3c1f4868ba7cd09620d007ba" end (Real time : 0s CPU user time : 1s CPU sys time : 0s MEM : 258972KB)
INFO     : ... Hierarchical pre-synthesis "DebugTransportModuleTunneled_2fa2c88f3c1f4868ba7cd09620d007ba" begin

INFO     : ... Hierarchical pre-synthesis "DebugTransportModuleTunneled_2fa2c88f3c1f4868ba7cd09620d007ba" end (Real time : 0s CPU user time : 1s CPU sys time : 0s MEM : 258972KB)
INFO     : ... Hierarchical pre-synthesis "BmbDecoder_2fa2c88f3c1f4868ba7cd09620d007ba" begin
INFO     : ... Hierarchical pre-synthesis "BmbDecoder_2fa2c88f3c1f4868ba7cd09620d007ba" end (Real time : 0s CPU user time : 1s CPU sys time : 0s MEM : 258972KB)
INFO     : ... Hierarchical pre-synthesis "StreamArbiter_2fa2c88f3c1f4868ba7cd09620d007ba" begin
INFO     : ... Hierarchical pre-synthesis "StreamArbiter_2fa2c88f3c1f4868ba7cd09620d007ba" end (Real time : 0s CPU user time : 1s CPU sys time : 0s MEM : 258972KB)
INFO     : ... Hierarchical pre-synthesis "BmbArbiter_2fa2c88f3c1f4868ba7cd09620d007ba" begin
INFO     : ... Hierarchical pre-synthesis "BmbArbiter_2fa2c88f3c1f4868ba7cd09620d007ba" end (Real time : 0s CPU user time : 1s CPU sys time : 0s MEM : 258972KB)
INFO     : ... Hierarchical pre-synthesis "BmbDecoder_1_2fa2c88f3c1f4868ba7cd09620d007ba" begin

INFO     : ... Hierarchical pre-synthesis "BmbDecoder_1_2fa2c88f3c1f4868ba7cd09620d007ba" end (Real time : 0s CPU user time : 1s CPU sys time : 0s MEM : 258972KB)
INFO     : ... Hierarchical pre-synthesis "BmbOnChipRam_2fa2c88f3c1f4868ba7cd09620d007ba" begin
INFO     : ... Hierarchical pre-synthesis "BmbOnChipRam_2fa2c88f3c1f4868ba7cd09620d007ba" end (Real time : 0s CPU user time : 1s CPU sys time : 0s MEM : 258972KB)
INFO     : ... Hierarchical pre-synthesis "BmbUnburstify_2fa2c88f3c1f4868ba7cd09620d007ba" begin

INFO     : ... Hierarchical pre-synthesis "BmbUnburstify_2fa2c88f3c1f4868ba7cd09620d007ba" end (Real time : 0s CPU user time : 1s CPU sys time : 0s MEM : 258972KB)
INFO     : ... Hierarchical pre-synthesis "BmbDecoder_2_2fa2c88f3c1f4868ba7cd09620d007ba" begin
INFO     : ... Hierarchical pre-synthesis "BmbDecoder_2_2fa2c88f3c1f4868ba7cd09620d007ba" end (Real time : 0s CPU user time : 1s CPU sys time : 0s MEM : 258972KB)
INFO     : ... Hierarchical pre-synthesis "BmbClint_2fa2c88f3c1f4868ba7cd09620d007ba" begin

INFO     : ... Hierarchical pre-synthesis "BmbClint_2fa2c88f3c1f4868ba7cd09620d007ba" end (Real time : 0s CPU user time : 1s CPU sys time : 0s MEM : 258972KB)
INFO     : ... Hierarchical pre-synthesis "UartCtrlTx_2fa2c88f3c1f4868ba7cd09620d007ba" begin

INFO     : ... Hierarchical pre-synthesis "UartCtrlTx_2fa2c88f3c1f4868ba7cd09620d007ba" end (Real time : 0s CPU user time : 1s CPU sys time : 0s MEM : 258972KB)
INFO     : ... Hierarchical pre-synthesis "BufferCC_4_2fa2c88f3c1f4868ba7cd09620d007ba" begin
INFO     : ... Hierarchical pre-synthesis "BufferCC_4_2fa2c88f3c1f4868ba7cd09620d007ba" end (Real time : 0s CPU user time : 1s CPU sys time : 0s MEM : 258972KB)
INFO     : ... Hierarchical pre-synthesis "UartCtrlRx_2fa2c88f3c1f4868ba7cd09620d007ba" begin

INFO     : ... Hierarchical pre-synthesis "UartCtrlRx_2fa2c88f3c1f4868ba7cd09620d007ba" end (Real time : 0s CPU user time : 1s CPU sys time : 0s MEM : 258972KB)
INFO     : ... Hierarchical pre-synthesis "UartCtrl_2fa2c88f3c1f4868ba7cd09620d007ba" begin

INFO     : ... Hierarchical pre-synthesis "UartCtrl_2fa2c88f3c1f4868ba7cd09620d007ba" end (Real time : 0s CPU user time : 1s CPU sys time : 0s MEM : 258972KB)
INFO     : ... Hierarchical pre-synthesis "StreamFifo_2fa2c88f3c1f4868ba7cd09620d007ba" begin

INFO     : ... Hierarchical pre-synthesis "StreamFifo_2fa2c88f3c1f4868ba7cd09620d007ba" end (Real time : 0s CPU user time : 1s CPU sys time : 0s MEM : 258972KB)
INFO     : ... Hierarchical pre-synthesis "BmbUartCtrl_2fa2c88f3c1f4868ba7cd09620d007ba" begin

INFO     : ... Hierarchical pre-synthesis "BmbUartCtrl_2fa2c88f3c1f4868ba7cd09620d007ba" end (Real time : 0s CPU user time : 1s CPU sys time : 0s MEM : 258972KB)
INFO     : ... Hierarchical pre-synthesis "BmbGpio2_2fa2c88f3c1f4868ba7cd09620d007ba" begin
INFO     : ... Hierarchical pre-synthesis "BmbGpio2_2fa2c88f3c1f4868ba7cd09620d007ba" end (Real time : 0s CPU user time : 1s CPU sys time : 0s MEM : 258972KB)
INFO     : ... Hierarchical pre-synthesis "EfxSapphireSoc_2fa2c88f3c1f4868ba7cd09620d007ba" begin

INFO     : ... Hierarchical pre-synthesis "EfxSapphireSoc_2fa2c88f3c1f4868ba7cd09620d007ba" end (Real time : 0s CPU user time : 2s CPU sys time : 0s MEM : 258972KB)
INFO     : ... Hierarchical pre-synthesis "micro_risc_v1" begin

INFO     : ... Hierarchical pre-synthesis "micro_risc_v1" end (Real time : 1s CPU user time : 2s CPU sys time : 0s MEM : 258972KB)
INFO     : ... Hierarchical pre-synthesis "mdio_clause22" begin

INFO     : ... Hierarchical pre-synthesis "mdio_clause22" end (Real time : 0s CPU user time : 2s CPU sys time : 0s MEM : 258972KB)
INFO     : ... Hierarchical pre-synthesis "eth_dp83825_udp" begin

INFO     : ... Hierarchical pre-synthesis "eth_dp83825_udp" end (Real time : 0s CPU user time : 2s CPU sys time : 0s MEM : 258972KB)
INFO     : ... Hierarchical pre-synthesis "edb_top" begin

INFO     : ... Hierarchical pre-synthesis "edb_top" end (Real time : 0s CPU user time : 2s CPU sys time : 0s MEM : 258972KB)
INFO     : ... Hierarchical pre-synthesis "top_level" begin

WARNING  : Mapping into logic memory block 'u_micro_risc_v1/u_EfxSapphireSoc/system_riscvJtag_debug_logic_dm/logic_progbufX_mem' (64 bits) (/home/olle/efinity_p2/BRAM/ip/micro_risc_v1/micro_risc_v1.v:4949) because size is too small (<=64) [EFX-0657]

INFO     : ... Clock Enable Synthesis Performed on 377 flops.

INFO     : ... Hierarchical pre-synthesis "top_level" end (Real time : 1s CPU user time : 4s CPU sys time : 0s MEM : 258972KB)

INFO     : ... Flat optimizations begin

INFO     : ... Flat optimizations end (Real time : 0s CPU user time : 4s CPU sys time : 0s MEM : 258972KB)

INFO     : ... Flat synthesis begin

INFO     : ... Flat synthesis end (Real time : 0s CPU user time : 4s CPU sys time : 0s MEM : 258972KB)

INFO     : ... Flat optimizations begin

INFO     : ... Flat optimizations end (Real time : 0s CPU user time : 5s CPU sys time : 0s MEM : 258972KB)

INFO     : ... Check and break combinational loops begin

INFO     : ... Check and break combinational loops end (Real time : 1s CPU user time : 5s CPU sys time : 0s MEM : 258972KB)

INFO     : ... Sequential Optimization begin

INFO     : ... Clock Network 'pll_clk' with 2314 loads will be considered for sequential optimization.

INFO     : ... Clock Network 'clk' with 2124 loads will be considered for sequential optimization.

INFO     : ... Clock Network 'jtag_inst1_TCK' with 1346 loads will be considered for sequential optimization.

INFO     : ... Clock Network 'jtag_dummy_TCK' with 221 loads will be considered for sequential optimization.

INFO     : ... Sequential Optimization deduced 1003 equivalent points.

INFO     : ... Sequential Optimization end (Real time : 23s CPU user time : 29s CPU sys time : 0s MEM : 258972KB)
INFO     : ... Setup for logic synthesis begin

INFO     : ... Setup for logic synthesis end (Real time : 0s CPU user time : 29s CPU sys time : 0s MEM : 258972KB)
INFO     : ... LUT mapping begin

INFO     : ... LS, strategy: 3, nd: 3189, ed: 10401, lv: 7, pw: 9170.81
INFO     : ... LUT mapping end (Real time : 12s CPU user time : 43s CPU sys time : 0s MEM : 258972KB)
INFO     : ... Post-synthesis Verific netlist creation begin

INFO     : ... Post-synthesis Verific netlist creation end (Real time : 0s CPU user time : 43s CPU sys time : 0s MEM : 258972KB)

INFO     : ... Postmap Retiming Optimization begin

INFO     : ... Clock Network 'pll_clk~pll_clk' with 2301 loads will be considered for retiming optimization.

INFO     : ... Clock Network 'clk~clk' with 1701 loads will be considered for retiming optimization.

INFO     : ... Clock Network 'jtag_inst1_TCK~jtag_inst1_TCK' with 1346 loads will be considered for retiming optimization.

INFO     : ... Clock Network 'jtag_dummy_TCK~jtag_dummy_TCK' with 220 loads will be considered for retiming optimization.

INFO     : ... Performed 0 retime moves.

INFO     : ... Postmap Retiming Optimization end (Real time : 21s CPU user time : 64s CPU sys time : 0s MEM : 258972KB)

INFO     : ***** Beginning VDB Netlist Checker ... *****
WARNING  : /home/olle/efinity_p2/BRAM/top_level.vhd(11): Input/inout port phy_intr_n is unconnected and will be removed. [VDB-8003]
WARNING  : /home/olle/efinity_p2/BRAM/top_level.vhd(16): Input/inout port rmii_crs_dv is unconnected and will be removed. [VDB-8003]
WARNING  : /home/olle/efinity_p2/BRAM/top_level.vhd(17): Input/inout port rmii_rx_er is unconnected and will be removed. [VDB-8003]
WARNING  : /home/olle/efinity_p2/BRAM/top_level.vhd(18): Input/inout port rmii_rxd[1] is unconnected and will be removed. [VDB-8003]
WARNING  : /home/olle/efinity_p2/BRAM/top_level.vhd(29): Input/inout port jtag_dummy_TMS is unconnected and will be removed. [VDB-8003]
WARNING  : /home/olle/efinity_p2/BRAM/top_level.vhd(30): Input/inout port jtag_dummy_SEL is unconnected and will be removed. [VDB-8003]
WARNING  : /home/olle/efinity_p2/BRAM/top_level.vhd(31): Input/inout port jtag_dummy_DRCK is unconnected and will be removed. [VDB-8003]
WARNING  : /home/olle/efinity_p2/BRAM/top_level.vhd(33): Input/inout port jtag_dummy_RUNTEST is unconnected and will be removed. [VDB-8003]
WARNING  : Input/inout port jtag_inst1_DRCK is unconnected and will be removed. [VDB-8003]
WARNING  : Input/inout port jtag_inst1_RUNTEST is unconnected and will be removed. [VDB-8003]
WARNING  : Input/inout port jtag_inst1_TMS is unconnected and will be removed. [VDB-8003]
WARNING  : Net u_micro_risc_v1/u_EfxSapphireSoc/system_cores_0_logic_cpu/IBusCachedPlugin_cache/lineLoader_address[0] is dangling. [VDB-8009]
WARNING  : Net u_micro_risc_v1/u_EfxSapphireSoc/system_cores_0_logic_cpu/IBusCachedPlugin_cache/lineLoader_address[1] is dangling. [VDB-8009]
WARNING  : Net u_micro_risc_v1/u_EfxSapphireSoc/system_cores_0_logic_cpu/IBusCachedPlugin_cache/lineLoader_address[2] is dangling. [VDB-8009]
WARNING  : Net u_micro_risc_v1/u_EfxSapphireSoc/system_cores_0_logic_cpu/IBusCachedPlugin_cache/lineLoader_address[3] is dangling. [VDB-8009]
WARNING  : Net u_micro_risc_v1/u_EfxSapphireSoc/system_cores_0_logic_cpu/IBusCachedPlugin_cache/lineLoader_address[4] is dangling. [VDB-8009]
WARNING  : Net u_micro_risc_v1/u_EfxSapphireSoc/system_cores_0_logic_cpu/IBusCachedPlugin_cache/lineLoader_address[5] is dangling. [VDB-8009]

WARNING  : Found 18 warnings in the post-synthesis netlist.
INFO     : VDB Netlist Checker took 0.0324718 seconds.
INFO     : 	VDB Netlist Checker took 0.06 seconds (approximately) in total CPU time.
INFO     : VDB Netlist Checker virtual memory usage: begin = 335.444 MB, end = 335.444 MB, delta = 0 MB
INFO     : VDB Netlist Checker resident set memory usage: begin = 246.784 MB, end = 246.912 MB, delta = 0.128 MB
INFO     : 	VDB Netlist Checker peak resident set memory usage = 258.972 MB
INFO     : ***** Ending VDB Netlist Checker ... *****

INFO     : Resource Summary 
INFO     : =============================== 
INFO     : EFX_ADD         : 	496
INFO     : EFX_LUT4        : 	6189
INFO     : EFX_FF          : 	5568
INFO     : EFX_RAM_5K      : 	77
INFO     : EFX_GBUFCE      : 	4
INFO     : =============================== 
INFO     : ... Post-Map Verilog Writer begin
INFO     : Writing netlist 'top_level' to Verilog file '/home/olle/efinity_p2/BRAM/work_dbg/BRAM.dbg.map.v' [VDB-1030]

INFO     : ... Post-Map Verilog Writer end (Real time : 0s CPU user time : 65s CPU sys time : 0s MEM : 258972KB)

INFO     : The entire flow of EFX_MAP took 62.1509 seconds.
INFO     : 	The entire flow of EFX_MAP took 65.84 seconds (approximately) in total CPU time.
INFO     : The entire flow of EFX_MAP virtual memory usage: begin = 88.4 MB, end = 335.444 MB, delta = 247.044 MB
INFO     : The entire flow of EFX_MAP resident set memory usage: begin = 27.392 MB, end = 246.912 MB, delta = 219.52 MB
INFO     : 	The entire flow of EFX_MAP peak resident set memory usage = 258.972 MB

Sat August 16 25 08:24:40 - /home/olle/efinix/efinity/2025.1/bin/efx_map finished. Exit code = 0 Exit status : Normal

Debugger Step Merge User design with Debugger Cores. Done

--------------------------------------------------------------

--------------------------------------------------------------

Start Debugger Step Instantiate Jtag.

Sat August 16 25 08:24:40 - /home/olle/efinix/efinity/2025.1/bin/python3  "/home/olle/efinix/efinity/2025.1/scripts/efx_pt_jtag_util.py" --device "T20F169" --project "BRAM" --design_file "/home/olle/efinity_p2/BRAM/BRAM.peri.xml" --action "add" --jtag_user "JTAG_USER1" --output "/home/olle/efinity_p2/BRAM/BRAM.dbg.peri.xml"

Sat August 16 25 08:24:40 - Running /home/olle/efinix/efinity/2025.1/bin/python3...

Save db version: 20251999


== Load a design from file /home/olle/efinity_p2/BRAM/BRAM.peri.xml
INFO: Load design...
INFO: Periphery design is in sync with Efinity project
INFO: Load design...done.

== Create JTAG with default setting and pin name

== Assign JTAG_USER1 resource to new jtag
INFO: Check design...
INFO: Check design...done.

== Save Design to file: /home/olle/efinity_p2/BRAM/BRAM.dbg.peri.xml
INFO: Save as design...
INFO: Save as design...done.

Sat August 16 25 08:24:43 - /home/olle/efinix/efinity/2025.1/bin/python3 finished. Exit code = 0 Exit status : Normal

Debugger Step Instantiate Jtag. Done

--------------------------------------------------------------

Debugger Step Instantiate Jtag. Done

Sat August 16 25 08:24:43 - End Debugger Flow



-------------------------------------------------------------------------

Placement and Routing

-------------------------------------------------------------------------

Sat August 16 25 08:24:43 - Placement and routing flow working directory is /home/olle/efinity_p2/BRAM/work_pnr


INFO     : --max_threads set to 4 

Sat August 16 25 08:24:44 - /home/olle/efinix/efinity/2025.1/bin/python3  "/home/olle/efinix/efinity/2025.1/scripts/efx_run_pt_unified.py"  "BRAM.dbg"  "Trion"  "T20F169"

Sat August 16 25 08:24:44 - Running /home/olle/efinix/efinity/2025.1/bin/python3...

Load design file BRAM.dbg.peri.xml
Writing out summary report file
Writing out pinout file
Writing out interface config file
Writing out timing related file
Writing out verilog template file
Writing out option register file
Writing out boundary scan description file
Writing out LPF

Sat August 16 25 08:24:48 - /home/olle/efinix/efinity/2025.1/bin/python3 finished. Exit code = 0 Exit status : Normal

Sat August 16 25 08:24:48 - /home/olle/efinix/efinity/2025.1/bin/efx_pnr --circuit "BRAM" --family "Trion" --device "T20F169" --operating_conditions "C3" --pack --place --route --vdb_file "/home/olle/efinity_p2/BRAM/outflow/BRAM.dbg.vdb" --use_vdb_file "on" --place_file "/home/olle/efinity_p2/BRAM/outflow/BRAM.place" --route_file "/home/olle/efinity_p2/BRAM/outflow/BRAM.route" --sdc_file "/home/olle/efinity_p2/BRAM/const1.sdc" --sync_file "/home/olle/efinity_p2/BRAM/outflow/BRAM.interface.csv" --seed "1" --placer_effort_level "2" --max_threads "-1" --print_critical_path "10" --work_dir "/home/olle/efinity_p2/BRAM/work_pnr" --output_dir "/home/olle/efinity_p2/BRAM/outflow" --timing_analysis "on" --load_delay_matrix

Sat August 16 25 08:24:48 - Running /home/olle/efinix/efinity/2025.1/bin/efx_pnr...

INFO     : --max_threads set to 4 


           

           Efinix FPGA Placement and Routing.

           Version: 2025.1.110.2.15 

           Compiled: Jun 21 2025.

           

           Copyright (C) 2013 - 2025 Efinix, Inc. All rights reserved.


           

           The Tool Is Based on VPR of University of Toronto,

           a free open source code under MIT license.

           

           

INFO     : Running Placement and Routing for Family "Trion", Device "T20F169" ...


           

           ***** Beginning stage netlist pre-processing ... *****

INFO     : Successfully Read in Verific binary Netlist dump file "/home/olle/efinity_p2/BRAM/outflow/BRAM.dbg.vdb".


INFO     : ***** Beginning VDB Netlist Checker ... *****


WARNING  : /home/olle/efinity_p2/BRAM/top_level.vhd(11): Input/inout port phy_intr_n is unconnected and will be removed. [VDB-8003]


WARNING  : /home/olle/efinity_p2/BRAM/top_level.vhd(16): Input/inout port rmii_crs_dv is unconnected and will be removed. [VDB-8003]


WARNING  : /home/olle/efinity_p2/BRAM/top_level.vhd(17): Input/inout port rmii_rx_er is unconnected and will be removed. [VDB-8003]


WARNING  : /home/olle/efinity_p2/BRAM/top_level.vhd(18): Input/inout port rmii_rxd[1] is unconnected and will be removed. [VDB-8003]


WARNING  : /home/olle/efinity_p2/BRAM/top_level.vhd(29): Input/inout port jtag_dummy_TMS is unconnected and will be removed. [VDB-8003]


WARNING  : /home/olle/efinity_p2/BRAM/top_level.vhd(30): Input/inout port jtag_dummy_SEL is unconnected and will be removed. [VDB-8003]


WARNING  : /home/olle/efinity_p2/BRAM/top_level.vhd(31): Input/inout port jtag_dummy_DRCK is unconnected and will be removed. [VDB-8003]


WARNING  : /home/olle/efinity_p2/BRAM/top_level.vhd(33): Input/inout port jtag_dummy_RUNTEST is unconnected and will be removed. [VDB-8003]


WARNING  : Input/inout port jtag_inst1_DRCK is unconnected and will be removed. [VDB-8003]


WARNING  : Input/inout port jtag_inst1_RUNTEST is unconnected and will be removed. [VDB-8003]


WARNING  : Input/inout port jtag_inst1_TMS is unconnected and will be removed. [VDB-8003]


WARNING  : Net u_micro_risc_v1/u_EfxSapphireSoc/system_cores_0_logic_cpu/IBusCachedPlugin_cache/lineLoader_address[0] is dangling. [VDB-8009]


WARNING  : Net u_micro_risc_v1/u_EfxSapphireSoc/system_cores_0_logic_cpu/IBusCachedPlugin_cache/lineLoader_address[1] is dangling. [VDB-8009]


WARNING  : Net u_micro_risc_v1/u_EfxSapphireSoc/system_cores_0_logic_cpu/IBusCachedPlugin_cache/lineLoader_address[2] is dangling. [VDB-8009]


WARNING  : Net u_micro_risc_v1/u_EfxSapphireSoc/system_cores_0_logic_cpu/IBusCachedPlugin_cache/lineLoader_address[3] is dangling. [VDB-8009]


WARNING  : Net u_micro_risc_v1/u_EfxSapphireSoc/system_cores_0_logic_cpu/IBusCachedPlugin_cache/lineLoader_address[4] is dangling. [VDB-8009]


WARNING  : Net u_micro_risc_v1/u_EfxSapphireSoc/system_cores_0_logic_cpu/IBusCachedPlugin_cache/lineLoader_address[5] is dangling. [VDB-8009]


WARNING  : Found 18 warnings in the post-synthesis netlist.


INFO     : VDB Netlist Checker took 0.0287836 seconds.


INFO     : 	VDB Netlist Checker took 0.05 seconds (approximately) in total CPU time.


INFO     : VDB Netlist Checker virtual memory usage: begin = 228.656 MB, end = 245.068 MB, delta = 16.412 MB


INFO     : VDB Netlist Checker resident set memory usage: begin = 119.552 MB, end = 120.192 MB, delta = 0.64 MB


INFO     : 	VDB Netlist Checker peak resident set memory usage = 260.188 MB


INFO     : ***** Ending VDB Netlist Checker ... *****


INFO     : Reading core interface constraints file "/home/olle/efinity_p2/BRAM/outflow/BRAM.interface.csv"


INFO     : Successfully read core interface constraints file "/home/olle/efinity_p2/BRAM/outflow/BRAM.interface.csv"


INFO     : Found 0 constant generator nets.


INFO     : Pass 0: Swept away 6 nets with no fanout.


INFO     : logical_block #3(phy_intr_n) has no fanout.


INFO     : Removing input.


INFO     : logical_block #7(rmii_crs_dv) has no fanout.


INFO     : Removing input.


INFO     : logical_block #8(rmii_rx_er) has no fanout.


INFO     : Removing input.


INFO     : logical_block #9(rmii_rxd[1]) has no fanout.


INFO     : Removing input.


INFO     : logical_block #10(rmii_rxd[0]) has no fanout.


INFO     : Removing input.


INFO     : logical_block #22(jtag_dummy_TMS) has no fanout.


INFO     : Removing input.


INFO     : logical_block #23(jtag_dummy_SEL) has no fanout.


INFO     : Removing input.


INFO     : logical_block #24(jtag_dummy_DRCK) has no fanout.


INFO     : Removing input.


INFO     : logical_block #26(jtag_dummy_RUNTEST) has no fanout.


INFO     : Removing input.


INFO     : logical_block #35(jtag_inst1_DRCK) has no fanout.


INFO     : Removing input.


INFO     : logical_block #37(jtag_inst1_RUNTEST) has no fanout.


INFO     : Removing input.


INFO     : logical_block #42(jtag_inst1_TMS) has no fanout.


INFO     : Removing input.


WARNING  : logical_block u_micro_risc_v1/u_EfxSapphireSoc/system_cores_0_logic_cpu/IBusCachedPlugin_cache/lineLoader_address[0]~FF #256 has no fanout. Check synthesis flow


WARNING  : logical_block u_micro_risc_v1/u_EfxSapphireSoc/system_cores_0_logic_cpu/IBusCachedPlugin_cache/lineLoader_address[1]~FF #266 has no fanout. Check synthesis flow


WARNING  : logical_block u_micro_risc_v1/u_EfxSapphireSoc/system_cores_0_logic_cpu/IBusCachedPlugin_cache/lineLoader_address[2]~FF #267 has no fanout. Check synthesis flow


WARNING  : logical_block u_micro_risc_v1/u_EfxSapphireSoc/system_cores_0_logic_cpu/IBusCachedPlugin_cache/lineLoader_address[3]~FF #268 has no fanout. Check synthesis flow


WARNING  : logical_block u_micro_risc_v1/u_EfxSapphireSoc/system_cores_0_logic_cpu/IBusCachedPlugin_cache/lineLoader_address[4]~FF #269 has no fanout. Check synthesis flow


WARNING  : logical_block u_micro_risc_v1/u_EfxSapphireSoc/system_cores_0_logic_cpu/IBusCachedPlugin_cache/lineLoader_address[5]~FF #270 has no fanout. Check synthesis flow


INFO     : Pass 0: Swept away 12 blocks with no fanout.


INFO     : Pass 1: Swept away 0 nets with no fanout.


WARNING  : logical_block u_micro_risc_v1/u_EfxSapphireSoc/system_cores_0_logic_cpu/IBusCachedPlugin_cache/lineLoader_address[0]~FF #256 has no fanout. Check synthesis flow


WARNING  : logical_block u_micro_risc_v1/u_EfxSapphireSoc/system_cores_0_logic_cpu/IBusCachedPlugin_cache/lineLoader_address[1]~FF #266 has no fanout. Check synthesis flow


WARNING  : logical_block u_micro_risc_v1/u_EfxSapphireSoc/system_cores_0_logic_cpu/IBusCachedPlugin_cache/lineLoader_address[2]~FF #267 has no fanout. Check synthesis flow


WARNING  : logical_block u_micro_risc_v1/u_EfxSapphireSoc/system_cores_0_logic_cpu/IBusCachedPlugin_cache/lineLoader_address[3]~FF #268 has no fanout. Check synthesis flow


WARNING  : logical_block u_micro_risc_v1/u_EfxSapphireSoc/system_cores_0_logic_cpu/IBusCachedPlugin_cache/lineLoader_address[4]~FF #269 has no fanout. Check synthesis flow


WARNING  : logical_block u_micro_risc_v1/u_EfxSapphireSoc/system_cores_0_logic_cpu/IBusCachedPlugin_cache/lineLoader_address[5]~FF #270 has no fanout. Check synthesis flow


INFO     : Pass 1: Swept away 0 blocks with no fanout.


INFO     : Swept away 6 nets and 12 blocks in total.


INFO     : Removed 0 LUT buffers


INFO     : Sweept away 12 nodes


INFO     : Successfully created VPR logical netlist from Verific binary DataBase file "/home/olle/efinity_p2/BRAM/outflow/BRAM.dbg.vdb".


INFO     : Netlist pre-processing took 0.253022 seconds.


INFO     : 	Netlist pre-processing took 0.24 seconds (approximately) in total CPU time.


INFO     : Netlist pre-processing virtual memory usage: begin = 228.656 MB, end = 245.068 MB, delta = 16.412 MB


INFO     : Netlist pre-processing resident set memory usage: begin = 118.528 MB, end = 120.448 MB, delta = 1.92 MB


INFO     : 	Netlist pre-processing peak resident set memory usage = 260.188 MB


           ***** Ending stage netlist pre-processing *****

           

           ***** Beginning stage pre-packing ... *****

           ***** Ending stage pre-packing *****

           

           ***** Beginning stage packing ... *****

WARNING  : Packer found FF 'u_micro_risc_v1/u_EfxSapphireSoc/system_cores_0_logic_cpu/IBusCachedPlugin_cache/lineLoader_address[0]~FF' with no output net.


WARNING  : If possible, remove 'syn_preserve' attribute on FF output.


WARNING  : Packer found FF 'u_micro_risc_v1/u_EfxSapphireSoc/system_cores_0_logic_cpu/IBusCachedPlugin_cache/lineLoader_address[1]~FF' with no output net.


WARNING  : If possible, remove 'syn_preserve' attribute on FF output.


WARNING  : Packer found FF 'u_micro_risc_v1/u_EfxSapphireSoc/system_cores_0_logic_cpu/IBusCachedPlugin_cache/lineLoader_address[2]~FF' with no output net.


WARNING  : If possible, remove 'syn_preserve' attribute on FF output.


WARNING  : Packer found FF 'u_micro_risc_v1/u_EfxSapphireSoc/system_cores_0_logic_cpu/IBusCachedPlugin_cache/lineLoader_address[3]~FF' with no output net.


WARNING  : If possible, remove 'syn_preserve' attribute on FF output.


WARNING  : Packer found FF 'u_micro_risc_v1/u_EfxSapphireSoc/system_cores_0_logic_cpu/IBusCachedPlugin_cache/lineLoader_address[4]~FF' with no output net.


WARNING  : If possible, remove 'syn_preserve' attribute on FF output.


WARNING  : Packer found FF 'u_micro_risc_v1/u_EfxSapphireSoc/system_cores_0_logic_cpu/IBusCachedPlugin_cache/lineLoader_address[5]~FF' with no output net.


WARNING  : If possible, remove 'syn_preserve' attribute on FF output.


INFO     : Generate proto netlist for file "/home/olle/efinity_p2/BRAM/work_pnr/BRAM.net_proto" took 0.02305 seconds


INFO     : Creating IO constraints file '/home/olle/efinity_p2/BRAM/work_pnr/BRAM.io_place'


INFO     : Packing took 0.0738745 seconds.


INFO     : 	Packing took 0.07 seconds (approximately) in total CPU time.


INFO     : Packing virtual memory usage: begin = 245.068 MB, end = 245.068 MB, delta = 0 MB


INFO     : Packing resident set memory usage: begin = 121.216 MB, end = 121.728 MB, delta = 0.512 MB


INFO     : 	Packing peak resident set memory usage = 260.188 MB


           ***** Ending stage packing *****

           

INFO     : Read proto netlist file /home/olle/efinity_p2/BRAM/work_pnr/BRAM.net_proto


INFO     : Read proto netlist for file "/home/olle/efinity_p2/BRAM/work_pnr/BRAM.net_proto" took 0.015609 seconds


INFO     : Setup net and block data structure took 0.288175 seconds


WARNING  : Found 18 warnings in the post-synthesis netlist.


INFO     : Reading core interface constraints file "/home/olle/efinity_p2/BRAM/outflow/BRAM.interface.csv"


INFO     : Successfully read core interface constraints file "/home/olle/efinity_p2/BRAM/outflow/BRAM.interface.csv"


INFO     : logical_block u_micro_risc_v1/u_EfxSapphireSoc/system_cores_0_logic_cpu/IBusCachedPlugin_cache/lineLoader_address[0]~FF #256 has no fanout. Check synthesis flow


INFO     : logical_block u_micro_risc_v1/u_EfxSapphireSoc/system_cores_0_logic_cpu/IBusCachedPlugin_cache/lineLoader_address[1]~FF #266 has no fanout. Check synthesis flow


INFO     : logical_block u_micro_risc_v1/u_EfxSapphireSoc/system_cores_0_logic_cpu/IBusCachedPlugin_cache/lineLoader_address[2]~FF #267 has no fanout. Check synthesis flow


INFO     : logical_block u_micro_risc_v1/u_EfxSapphireSoc/system_cores_0_logic_cpu/IBusCachedPlugin_cache/lineLoader_address[3]~FF #268 has no fanout. Check synthesis flow


INFO     : logical_block u_micro_risc_v1/u_EfxSapphireSoc/system_cores_0_logic_cpu/IBusCachedPlugin_cache/lineLoader_address[4]~FF #269 has no fanout. Check synthesis flow


INFO     : logical_block u_micro_risc_v1/u_EfxSapphireSoc/system_cores_0_logic_cpu/IBusCachedPlugin_cache/lineLoader_address[5]~FF #270 has no fanout. Check synthesis flow


INFO     : logical_block u_micro_risc_v1/u_EfxSapphireSoc/system_cores_0_logic_cpu/IBusCachedPlugin_cache/lineLoader_address[0]~FF #256 has no fanout. Check synthesis flow


INFO     : logical_block u_micro_risc_v1/u_EfxSapphireSoc/system_cores_0_logic_cpu/IBusCachedPlugin_cache/lineLoader_address[1]~FF #266 has no fanout. Check synthesis flow


INFO     : logical_block u_micro_risc_v1/u_EfxSapphireSoc/system_cores_0_logic_cpu/IBusCachedPlugin_cache/lineLoader_address[2]~FF #267 has no fanout. Check synthesis flow


INFO     : logical_block u_micro_risc_v1/u_EfxSapphireSoc/system_cores_0_logic_cpu/IBusCachedPlugin_cache/lineLoader_address[3]~FF #268 has no fanout. Check synthesis flow


INFO     : logical_block u_micro_risc_v1/u_EfxSapphireSoc/system_cores_0_logic_cpu/IBusCachedPlugin_cache/lineLoader_address[4]~FF #269 has no fanout. Check synthesis flow


INFO     : logical_block u_micro_risc_v1/u_EfxSapphireSoc/system_cores_0_logic_cpu/IBusCachedPlugin_cache/lineLoader_address[5]~FF #270 has no fanout. Check synthesis flow


           ***** Beginning stage packed netlist loading ... *****

INFO     : Read proto netlist file /home/olle/efinity_p2/BRAM/work_pnr/BRAM.net_proto


INFO     : Read proto netlist for file "/home/olle/efinity_p2/BRAM/work_pnr/BRAM.net_proto" took 0.01681 seconds


INFO     : Setup net and block data structure took 0.281286 seconds


INFO     : Packed netlist loading took 0.300959 seconds.


INFO     : 	Packed netlist loading took 0.3 seconds (approximately) in total CPU time.


INFO     : Packed netlist loading virtual memory usage: begin = 274.372 MB, end = 274.372 MB, delta = 0 MB


INFO     : Packed netlist loading resident set memory usage: begin = 165.888 MB, end = 165.888 MB, delta = 0 MB


INFO     : 	Packed netlist loading peak resident set memory usage = 260.188 MB


           ***** Ending stage packed netlist loading *****

           

           ***** Beginning stage pre-placement ... *****

           

           ***** Ending stage pre-placement *****

           

INFO     : SDC file '/home/olle/efinity_p2/BRAM/const1.sdc' parsed successfully.


INFO     : 2 clocks (including virtual clocks), 0 inputs and 0 outputs were constrained.


           ***** Beginning stage initial placement ... *****

INFO     : Reading core interface constraints file "/home/olle/efinity_p2/BRAM/outflow/BRAM.interface.csv"


INFO     : Successfully read core interface constraints file "/home/olle/efinity_p2/BRAM/outflow/BRAM.interface.csv"


INFO     : Writing IO placement constraints to "/home/olle/efinity_p2/BRAM/outflow/BRAM.interface.io"


INFO     : Reading placement constraints from '/home/olle/efinity_p2/BRAM/outflow/BRAM.interface.io'.


INFO     : Reading placement constraints from '/home/olle/efinity_p2/BRAM/work_pnr/BRAM.io_place'.


WARNING  : phy_rst_n has no assigned placement; it will be placed randomly.


WARNING  : jtag_dummy_TDI has no assigned placement; it will be placed randomly.


WARNING  : jtag_dummy_TCK has no assigned placement; it will be placed randomly.


WARNING  : jtag_dummy_RESET has no assigned placement; it will be placed randomly.


WARNING  : jtag_dummy_CAPTURE has no assigned placement; it will be placed randomly.


WARNING  : jtag_dummy_SHIFT has no assigned placement; it will be placed randomly.


WARNING  : jtag_dummy_UPDATE has no assigned placement; it will be placed randomly.


WARNING  : jtag_dummy_TDO has no assigned placement; it will be placed randomly.


INFO     : 8 IOs will have random placement.


WARNING  : Clock source jtag_inst1_TCK does not use a dedicated clock pad, so extra clock insertion delay is added


           ***** Ending stage initial placement *****

           

           ***** Beginning stage placement ... *****

INFO     : Found 81 synchronizers as follows: 


INFO     : 	Synchronizer 0: 


INFO     :  u_micro_risc_v1/u_EfxSapphireSoc/system_riscvJtag_hard_noTap_tunnel_io_bus_cmd_payload_address[6]~FF


INFO     : 	Synchronizer 1: 


INFO     :  u_micro_risc_v1/u_EfxSapphireSoc/system_riscvJtag_hard_noTap_tunnel_io_bus_cmd_payload_address[5]~FF


INFO     : 	Synchronizer 2: 


INFO     :  u_micro_risc_v1/u_EfxSapphireSoc/system_riscvJtag_hard_noTap_tunnel_io_bus_cmd_payload_address[4]~FF


INFO     : 	Synchronizer 3: 


INFO     :  u_micro_risc_v1/u_EfxSapphireSoc/system_riscvJtag_hard_noTap_tunnel_io_bus_cmd_payload_address[3]~FF


INFO     : 	Synchronizer 4: 


INFO     :  u_micro_risc_v1/u_EfxSapphireSoc/system_riscvJtag_hard_noTap_tunnel_io_bus_cmd_payload_address[2]~FF


INFO     : 	Synchronizer 5: 


INFO     :  u_micro_risc_v1/u_EfxSapphireSoc/system_riscvJtag_hard_noTap_tunnel_io_bus_cmd_payload_address[1]~FF


INFO     : 	Synchronizer 6: 


INFO     :  u_micro_risc_v1/u_EfxSapphireSoc/system_riscvJtag_hard_noTap_tunnel_io_bus_cmd_payload_data[31]~FF


INFO     : 	Synchronizer 7: 


INFO     :  u_micro_risc_v1/u_EfxSapphireSoc/system_riscvJtag_hard_noTap_tunnel_io_bus_cmd_payload_data[30]~FF


INFO     : 	Synchronizer 8: 


INFO     :  u_micro_risc_v1/u_EfxSapphireSoc/system_riscvJtag_hard_noTap_tunnel_io_bus_cmd_payload_data[26]~FF


INFO     : 	Synchronizer 9: 


INFO     :  u_micro_risc_v1/u_EfxSapphireSoc/system_riscvJtag_hard_noTap_tunnel_io_bus_cmd_payload_data[25]~FF


INFO     : 	Synchronizer 10: 


INFO     :  u_micro_risc_v1/u_EfxSapphireSoc/system_riscvJtag_hard_noTap_tunnel_io_bus_cmd_payload_data[24]~FF


INFO     : 	Synchronizer 11: 


INFO     :  u_micro_risc_v1/u_EfxSapphireSoc/system_riscvJtag_hard_noTap_tunnel_io_bus_cmd_payload_data[23]~FF


INFO     : 	Synchronizer 12: 


INFO     :  u_micro_risc_v1/u_EfxSapphireSoc/system_riscvJtag_hard_noTap_tunnel_io_bus_cmd_payload_data[22]~FF


INFO     : 	Synchronizer 13: 


INFO     :  u_micro_risc_v1/u_EfxSapphireSoc/system_riscvJtag_hard_noTap_tunnel_io_bus_cmd_payload_data[21]~FF


INFO     : 	Synchronizer 14: 


INFO     :  u_micro_risc_v1/u_EfxSapphireSoc/system_riscvJtag_hard_noTap_tunnel_io_bus_cmd_payload_data[20]~FF


INFO     : 	Synchronizer 15: 


INFO     :  u_micro_risc_v1/u_EfxSapphireSoc/system_riscvJtag_hard_noTap_tunnel_io_bus_cmd_payload_data[19]~FF


INFO     : 	Synchronizer 16: 


INFO     :  u_micro_risc_v1/u_EfxSapphireSoc/system_riscvJtag_hard_noTap_tunnel_io_bus_cmd_payload_data[18]~FF


INFO     : 	Synchronizer 17: 


INFO     :  u_micro_risc_v1/u_EfxSapphireSoc/system_riscvJtag_hard_noTap_tunnel_io_bus_cmd_payload_data[17]~FF


INFO     : 	Synchronizer 18: 


INFO     :  u_micro_risc_v1/u_EfxSapphireSoc/system_riscvJtag_hard_noTap_tunnel_io_bus_cmd_payload_data[16]~FF


INFO     : 	Synchronizer 19: 


INFO     :  u_micro_risc_v1/u_EfxSapphireSoc/system_riscvJtag_hard_noTap_tunnel_io_bus_cmd_payload_data[15]~FF


INFO     : 	Synchronizer 20: 


INFO     :  u_micro_risc_v1/u_EfxSapphireSoc/system_riscvJtag_hard_noTap_tunnel_io_bus_cmd_payload_data[14]~FF


INFO     : 	Synchronizer 21: 


INFO     :  u_micro_risc_v1/u_EfxSapphireSoc/system_riscvJtag_hard_noTap_tunnel_io_bus_cmd_payload_data[13]~FF


INFO     : 	Synchronizer 22: 


INFO     :  u_micro_risc_v1/u_EfxSapphireSoc/system_riscvJtag_hard_noTap_tunnel_io_bus_cmd_payload_data[12]~FF


INFO     : 	Synchronizer 23: 


INFO     :  u_micro_risc_v1/u_EfxSapphireSoc/system_riscvJtag_hard_noTap_tunnel/logic_systemLogic_bus_rsp_ccToggle_io_output_payload_data[3]~FF


INFO     : 	Synchronizer 24: 


INFO     :  u_micro_risc_v1/u_EfxSapphireSoc/system_riscvJtag_hard_noTap_tunnel/logic_systemLogic_bus_rsp_ccToggle_io_output_payload_data[2]~FF


INFO     : 	Synchronizer 25: 


INFO     :  u_micro_risc_v1/u_EfxSapphireSoc/system_riscvJtag_hard_noTap_tunnel/logic_systemLogic_bus_rsp_ccToggle_io_output_payload_data[1]~FF


INFO     : 	Synchronizer 26: 


INFO     :  u_micro_risc_v1/u_EfxSapphireSoc/system_riscvJtag_hard_noTap_tunnel/logic_systemLogic_bus_rsp_ccToggle_io_output_payload_data[0]~FF


INFO     : 	Synchronizer 27: 


INFO     :  u_micro_risc_v1/u_EfxSapphireSoc/system_riscvJtag_hard_noTap_tunnel/logic_systemLogic_bus_rsp_ccToggle/system_riscvJtag_hard_noTap_tunnel_toplevel_debugCd_logic_outputReset_asyncAssertSyncDeassert_buffercc/buffers_0~FF


INFO     :  u_micro_risc_v1/u_EfxSapphireSoc/system_riscvJtag_hard_noTap_tunnel/logic_systemLogic_bus_rsp_ccToggle/system_riscvJtag_hard_noTap_tunnel_toplevel_debugCd_logic_outputReset_asyncAssertSyncDeassert_buffercc_io_dataOut~FF


INFO     : 	Synchronizer 28: 


INFO     :  u_micro_risc_v1/u_EfxSapphireSoc/system_riscvJtag_hard_noTap_tunnel/logic_systemLogic_bus_rsp_ccToggle/inputArea_target_buffercc/buffers_0~FF


INFO     :  u_micro_risc_v1/u_EfxSapphireSoc/system_riscvJtag_hard_noTap_tunnel/logic_systemLogic_bus_rsp_ccToggle/inputArea_target_buffercc_io_dataOut~FF


INFO     : 	Synchronizer 29: 


INFO     :  u_micro_risc_v1/u_EfxSapphireSoc/system_riscvJtag_hard_noTap_tunnel/logic_systemLogic_bus_rsp_ccToggle_io_output_payload_data[20]~FF


INFO     : 	Synchronizer 30: 


INFO     :  u_micro_risc_v1/u_EfxSapphireSoc/system_riscvJtag_hard_noTap_tunnel_io_bus_cmd_payload_data[29]~FF


INFO     : 	Synchronizer 31: 


INFO     :  u_micro_risc_v1/u_EfxSapphireSoc/system_riscvJtag_hard_noTap_tunnel_io_bus_cmd_payload_address[0]~FF


INFO     : 	Synchronizer 32: 


INFO     :  u_micro_risc_v1/u_EfxSapphireSoc/system_riscvJtag_hard_noTap_tunnel/logic_systemLogic_bus_rsp_ccToggle_io_output_payload_data[4]~FF


INFO     : 	Synchronizer 33: 


INFO     :  u_micro_risc_v1/u_EfxSapphireSoc/system_riscvJtag_hard_noTap_tunnel/logic_systemLogic_bus_rsp_ccToggle_io_output_payload_data[5]~FF


INFO     : 	Synchronizer 34: 


INFO     :  u_micro_risc_v1/u_EfxSapphireSoc/system_riscvJtag_hard_noTap_tunnel/logic_systemLogic_bus_rsp_ccToggle_io_output_payload_data[6]~FF


INFO     : 	Synchronizer 35: 


INFO     :  u_micro_risc_v1/u_EfxSapphireSoc/system_riscvJtag_hard_noTap_tunnel/logic_systemLogic_bus_rsp_ccToggle_io_output_payload_data[7]~FF


INFO     : 	Synchronizer 36: 


INFO     :  u_micro_risc_v1/u_EfxSapphireSoc/system_riscvJtag_hard_noTap_tunnel/logic_systemLogic_bus_rsp_ccToggle_io_output_payload_data[9]~FF


INFO     : 	Synchronizer 37: 


INFO     :  u_micro_risc_v1/u_EfxSapphireSoc/system_riscvJtag_hard_noTap_tunnel/logic_systemLogic_bus_rsp_ccToggle_io_output_payload_data[10]~FF


INFO     : 	Synchronizer 38: 


INFO     :  u_micro_risc_v1/u_EfxSapphireSoc/system_riscvJtag_hard_noTap_tunnel/logic_systemLogic_bus_rsp_ccToggle_io_output_payload_data[8]~FF


INFO     : 	Synchronizer 39: 


INFO     :  u_micro_risc_v1/u_EfxSapphireSoc/system_riscvJtag_hard_noTap_tunnel_io_bus_cmd_payload_data[28]~FF


INFO     : 	Synchronizer 40: 


INFO     :  u_micro_risc_v1/u_EfxSapphireSoc/system_riscvJtag_hard_noTap_tunnel_io_bus_cmd_payload_data[0]~FF


INFO     : 	Synchronizer 41: 


INFO     :  u_micro_risc_v1/u_EfxSapphireSoc/debugCd_logic_outputReset_asyncAssertSyncDeassert_buffercc/buffers_0~FF


INFO     :  u_micro_risc_v1/u_EfxSapphireSoc/debugCd_logic_outputReset_asyncAssertSyncDeassert_buffercc_io_dataOut~FF


INFO     : 	Synchronizer 42: 


INFO     :  u_micro_risc_v1/u_EfxSapphireSoc/system_riscvJtag_hard_noTap_tunnel/logic_systemLogic_bus_rsp_ccToggle_io_output_payload_data[16]~FF


INFO     : 	Synchronizer 43: 


INFO     :  u_micro_risc_v1/u_EfxSapphireSoc/system_riscvJtag_hard_noTap_tunnel/logic_systemLogic_bus_rsp_ccToggle_io_output_payload_data[17]~FF


INFO     : 	Synchronizer 44: 


INFO     :  u_micro_risc_v1/u_EfxSapphireSoc/system_riscvJtag_hard_noTap_tunnel_io_bus_cmd_payload_data[27]~FF


INFO     : 	Synchronizer 45: 


INFO     :  u_micro_risc_v1/u_EfxSapphireSoc/system_riscvJtag_hard_noTap_tunnel_io_bus_cmd_payload_write~FF


INFO     : 	Synchronizer 46: 


INFO     :  u_micro_risc_v1/u_EfxSapphireSoc/system_riscvJtag_hard_noTap_tunnel/logic_systemLogic_bus_rsp_ccToggle_io_output_payload_data[11]~FF


INFO     : 	Synchronizer 47: 


INFO     :  u_micro_risc_v1/u_EfxSapphireSoc/system_riscvJtag_hard_noTap_tunnel/logic_systemLogic_bus_rsp_ccToggle_io_output_payload_data[12]~FF


INFO     : 	Synchronizer 48: 


INFO     :  u_micro_risc_v1/u_EfxSapphireSoc/system_riscvJtag_hard_noTap_tunnel/logic_systemLogic_bus_rsp_ccToggle_io_output_payload_data[13]~FF


INFO     : 	Synchronizer 49: 


INFO     :  u_micro_risc_v1/u_EfxSapphireSoc/system_uart_0_io_logic/uartCtrl_1/rx/io_rxd_buffercc/buffers_0~FF


INFO     :  u_micro_risc_v1/u_EfxSapphireSoc/system_uart_0_io_logic/uartCtrl_1/rx/io_rxd_buffercc_io_dataOut~FF


INFO     : 	Synchronizer 50: 


INFO     :  u_micro_risc_v1/u_EfxSapphireSoc/system_riscvJtag_hard_noTap_tunnel/logic_systemLogic_bus_rsp_ccToggle_io_output_payload_data[14]~FF


INFO     : 	Synchronizer 51: 


INFO     :  u_micro_risc_v1/u_EfxSapphireSoc/io_asyncReset_asyncAssertSyncDeassert_buffercc/buffers_0~FF


INFO     :  u_micro_risc_v1/u_EfxSapphireSoc/io_asyncReset_asyncAssertSyncDeassert_buffercc_io_dataOut~FF


INFO     : 	Synchronizer 52: 


INFO     :  u_micro_risc_v1/u_EfxSapphireSoc/system_riscvJtag_hard_noTap_tunnel/logic_systemLogic_bus_rsp_ccToggle_io_output_payload_data[15]~FF


INFO     : 	Synchronizer 53: 


INFO     :  u_micro_risc_v1/u_EfxSapphireSoc/system_coreStopTime_buffercc/buffers_0~FF


INFO     :  u_micro_risc_v1/u_EfxSapphireSoc/system_coreStopTime_buffercc_io_dataOut~FF


INFO     : 	Synchronizer 54: 


INFO     :  u_micro_risc_v1/u_EfxSapphireSoc/system_riscvJtag_hard_noTap_tunnel/logic_systemLogic_bus_rsp_ccToggle_io_output_payload_data[18]~FF


INFO     : 	Synchronizer 55: 


INFO     :  u_micro_risc_v1/u_EfxSapphireSoc/system_riscvJtag_debug_systemReset_asyncAssertSyncDeassert_buffercc/buffers_0~FF


INFO     :  u_micro_risc_v1/u_EfxSapphireSoc/system_riscvJtag_debug_systemReset_asyncAssertSyncDeassert_buffercc_io_dataOut~FF


INFO     : 	Synchronizer 56: 


INFO     :  u_micro_risc_v1/u_EfxSapphireSoc/system_cores_0_logic_cpu/systemCd_logic_outputReset_buffercc/buffers_0~FF


INFO     :  u_micro_risc_v1/u_EfxSapphireSoc/system_cores_0_logic_cpu_debugBus_unavailable~FF


INFO     : 	Synchronizer 57: 


INFO     :  u_micro_risc_v1/u_EfxSapphireSoc/system_riscvJtag_hard_noTap_tunnel/logic_systemLogic_bus_rsp_ccToggle_io_output_payload_data[19]~FF


INFO     : 	Synchronizer 58: 


INFO     :  u_micro_risc_v1/u_EfxSapphireSoc/system_riscvJtag_hard_noTap_tunnel_io_bus_cmd_payload_data[9]~FF


INFO     : 	Synchronizer 59: 


INFO     :  u_micro_risc_v1/u_EfxSapphireSoc/system_riscvJtag_hard_noTap_tunnel/logic_systemLogic_bus_rsp_ccToggle_io_output_payload_data[29]~FF


INFO     : 	Synchronizer 60: 


INFO     :  u_micro_risc_v1/u_EfxSapphireSoc/system_riscvJtag_hard_noTap_tunnel_io_bus_cmd_payload_data[10]~FF


INFO     : 	Synchronizer 61: 


INFO     :  u_micro_risc_v1/u_EfxSapphireSoc/system_riscvJtag_hard_noTap_tunnel/logic_systemLogic_bus_rsp_ccToggle_io_output_payload_data[30]~FF


INFO     : 	Synchronizer 62: 


INFO     :  u_micro_risc_v1/u_EfxSapphireSoc/system_riscvJtag_hard_noTap_tunnel/logic_systemLogic_bus_rsp_ccToggle_io_output_payload_data[21]~FF


INFO     : 	Synchronizer 63: 


INFO     :  u_micro_risc_v1/u_EfxSapphireSoc/system_riscvJtag_hard_noTap_tunnel_io_bus_cmd_payload_data[1]~FF


INFO     : 	Synchronizer 64: 


INFO     :  u_micro_risc_v1/u_EfxSapphireSoc/system_riscvJtag_hard_noTap_tunnel_io_bus_cmd_payload_data[11]~FF


INFO     : 	Synchronizer 65: 


INFO     :  u_micro_risc_v1/u_EfxSapphireSoc/system_riscvJtag_hard_noTap_tunnel/logic_systemLogic_bus_rsp_ccToggle_io_output_payload_data[31]~FF


INFO     : 	Synchronizer 66: 


INFO     :  u_micro_risc_v1/u_EfxSapphireSoc/system_riscvJtag_hard_noTap_tunnel/logic_systemLogic_bus_rsp_ccToggle_io_output_payload_data[22]~FF


INFO     : 	Synchronizer 67: 


INFO     :  u_micro_risc_v1/u_EfxSapphireSoc/system_riscvJtag_hard_noTap_tunnel_io_bus_cmd_payload_data[2]~FF


INFO     : 	Synchronizer 68: 


INFO     :  u_micro_risc_v1/u_EfxSapphireSoc/system_riscvJtag_hard_noTap_tunnel/logic_systemLogic_bus_rsp_ccToggle_io_output_payload_data[23]~FF


INFO     : 	Synchronizer 69: 


INFO     :  u_micro_risc_v1/u_EfxSapphireSoc/system_riscvJtag_hard_noTap_tunnel_io_bus_cmd_payload_data[3]~FF


INFO     : 	Synchronizer 70: 


INFO     :  u_micro_risc_v1/u_EfxSapphireSoc/system_riscvJtag_hard_noTap_tunnel/logic_systemLogic_bus_rsp_ccToggle_io_output_payload_data[24]~FF


INFO     : 	Synchronizer 71: 


INFO     :  u_micro_risc_v1/u_EfxSapphireSoc/system_riscvJtag_hard_noTap_tunnel_io_bus_cmd_payload_data[4]~FF


INFO     : 	Synchronizer 72: 


INFO     :  u_micro_risc_v1/u_EfxSapphireSoc/system_riscvJtag_hard_noTap_tunnel/logic_systemLogic_bus_rsp_ccToggle_io_output_payload_data[25]~FF


INFO     : 	Synchronizer 73: 


INFO     :  u_micro_risc_v1/u_EfxSapphireSoc/system_riscvJtag_hard_noTap_tunnel_io_bus_cmd_payload_data[5]~FF


INFO     : 	Synchronizer 74: 


INFO     :  u_micro_risc_v1/u_EfxSapphireSoc/system_riscvJtag_hard_noTap_tunnel/logic_jtagLogic_dmiCmd_ccToggle/inputArea_target_buffercc/buffers_0~FF


INFO     :  u_micro_risc_v1/u_EfxSapphireSoc/system_riscvJtag_hard_noTap_tunnel/logic_jtagLogic_dmiCmd_ccToggle/inputArea_target_buffercc_io_dataOut~FF


INFO     : 	Synchronizer 75: 


INFO     :  u_micro_risc_v1/u_EfxSapphireSoc/system_riscvJtag_hard_noTap_tunnel/logic_systemLogic_bus_rsp_ccToggle_io_output_payload_data[26]~FF


INFO     : 	Synchronizer 76: 


INFO     :  u_micro_risc_v1/u_EfxSapphireSoc/system_riscvJtag_hard_noTap_tunnel_io_bus_cmd_payload_data[6]~FF


INFO     : 	Synchronizer 77: 


INFO     :  u_micro_risc_v1/u_EfxSapphireSoc/system_riscvJtag_hard_noTap_tunnel/logic_systemLogic_bus_rsp_ccToggle_io_output_payload_data[27]~FF


INFO     : 	Synchronizer 78: 


INFO     :  u_micro_risc_v1/u_EfxSapphireSoc/system_riscvJtag_hard_noTap_tunnel_io_bus_cmd_payload_data[7]~FF


INFO     : 	Synchronizer 79: 


INFO     :  u_micro_risc_v1/u_EfxSapphireSoc/system_riscvJtag_hard_noTap_tunnel/logic_systemLogic_bus_rsp_ccToggle_io_output_payload_data[28]~FF


INFO     : 	Synchronizer 80: 


INFO     :  u_micro_risc_v1/u_EfxSapphireSoc/system_riscvJtag_hard_noTap_tunnel_io_bus_cmd_payload_data[8]~FF


INFO     : Starting Global Placer with 4 threads ...


            ----------     -------  --------------     -------

             Iteration       WHPWL Worst Slack (ps) Convergence

            ----------     -------  --------------     -------

INFO     :           1    14618750           -2463         1.7%


INFO     :           2    13225304           -2463         2.2%


INFO     :           3    11116276           -2463         2.6%


INFO     :           4     9613817           -2232         3.1%


INFO     :           5     4830514           -2506         4.2%


INFO     :           6     2646004           -2549         8.6%


INFO     :           7     1673302           -3097        16.9%


INFO     :           8      931474           -2879        26.3%


INFO     :           9      589602           -5340        39.4%


INFO     :          10      540765           -6635        55.1%


INFO     :          11      491589           -7297        55.2%


INFO     :          12      483772           -7268        63.5%


INFO     :          13      471767           -7617        63.5%


INFO     :          14      479449           -6804        66.7%


INFO     :          15      473929           -6724        66.7%


INFO     :          16      479747           -7390        67.8%


INFO     :          17      461800           -7370        67.8%


INFO     :          18      472687           -6744        70.2%


INFO     :          19      456655           -6465        70.2%


INFO     :          20      468410           -6214        71.6%


INFO     :          21      452019           -6385        71.6%


INFO     :          22      465168           -5960        73.4%


INFO     :          23      448156           -7103        73.4%


INFO     :          24      458338           -6347        75.6%


INFO     :          25      450029           -6462        75.6%


INFO     :          26      457281           -6365        75.7%


INFO     :          27      446628           -6850        75.7%


INFO     :          28      453827           -7131        77.5%


INFO     :          29      440122           -6722        77.5%


INFO     :          30      452253           -6805        78.3%


INFO     :          31      437346           -6658        78.3%


INFO     :          32      450732           -6514        79.1%


INFO     :          33      434650           -6880        79.1%


INFO     :          34      446222           -6157        80.5%


INFO     :          35      433702           -7358        80.5%


INFO     :          36      444037           -6468        81.9%


INFO     :          37      429815           -6866        81.9%


INFO     :          38      443712           -6772        83.1%


INFO     :          39      425060           -6794        83.1%


INFO     :          40      437283           -6727        85.0%


INFO     :          41      423071           -6603        85.0%


INFO     :          42      436241           -7091        86.3%


INFO     :          43      419878           -6929        86.3%


INFO     :          44      433699           -6752        87.0%


INFO     :          45      421440           -6807        87.0%


INFO     :          46      432479           -7330        88.0%


INFO     :          47      420789           -6620        88.0%


INFO     :          48      432771           -6693        88.8%


INFO     :          49      417781           -6759        88.8%


INFO     :          50      429206           -6790        89.7%


INFO     :          51      422131           -6766        89.7%


INFO     :          52      430361           -6750        89.9%


INFO     :          53      422290           -6285        89.9%


INFO     :          54      430409           -6759        90.4%


INFO     :          55      421462           -6466        90.4%


INFO     :          56      429409           -7475        91.0%


INFO     :          57      421699           -6674        91.0%


INFO     :          58      430294           -6506        91.2%


INFO     :          59      422869           -6257        91.2%


INFO     :          60      429788           -7030        91.8%


INFO     :          61      423567           -6969        91.8%


INFO     :          62      423502           -6654        92.0%


INFO     :          63      425484           -6319        92.0%


INFO     :          64      426431           -6159        92.3%


INFO     :          65      425773           -6604        92.8%


INFO     :          66      427127           -6726        94.2%


INFO     :          67      428095           -7291        94.5%


INFO     :          68      427968           -6738        95.0%


INFO     :          69      427543           -6809        95.5%


INFO     : Starting Annealer


            ----------     -------  --------------     -------

             Iteration       WHPWL  Delay Max (ps)     R Limit

            ----------     -------  --------------     -------

INFO     :           0      202686           17387        30.0


INFO     :           1      189576           16491        28.8


INFO     :           2      178430           13174        27.6


INFO     :           3      163253           12358        26.2


INFO     :           4      157261           11760        24.8


INFO     :           5      152568           11655        23.3


INFO     :           6      149853           15203        21.9


INFO     :           7      148333           10984        20.5


INFO     :           8      146539           10800        19.2


INFO     :           9      146160           10829        17.9


INFO     :          10      145293           13769        16.7


INFO     :          11      144357           10446        15.6


INFO     :          12      143135           10450        14.5


INFO     :          13      142580           10465        13.4


INFO     :          14      141325           10269        12.5


INFO     :          15      139296           11057        11.6


INFO     :          16      138162           10242        10.7


INFO     :          17      136978           13960         9.9


INFO     :          18      136452           13406         9.2


INFO     :          19      135854           13960         8.5


INFO     :          20      134754           13912         7.9


INFO     :          21      134163           10216         7.3


INFO     :          22      133761            9949         6.7


INFO     :          23      133054           12916         6.2


INFO     :          24      132694           10592         5.7


INFO     :          25      132260           13363         5.3


INFO     :          26      131590           13363         4.9


INFO     :          27      130643           13440         4.5


INFO     :          28      129911           13440         4.2


INFO     :          29      129352           13440         3.9


INFO     :          30      128967           13290         3.6


INFO     :          31      128098           13065         3.3


INFO     :          32      127500           13065         3.0


INFO     :          33      126939           13065         2.8


INFO     :          34      126693           13065         2.6


INFO     :          35      126213           13065         2.4


INFO     :          36      125758            9546         2.2


INFO     :          37      125772           13109         2.1


INFO     :          38      125344            9927         1.9


INFO     :          39      125374            9692         1.7


INFO     :          40      125286           13065         1.6


INFO     :          41      125151           13065         1.5


INFO     :          42      125089            9860         1.4


INFO     :          43      124494            9929         1.3


INFO     :          44      124089           10376         1.2


INFO     : Counted delay computer calls: 128692
Placement successful: 9874 cells are placed


INFO     : Peak congestion smeared over 1/4 of the chip is 0.388477 at 1,67


INFO     : Congestion-weighted HPWL per net: 27.7194


INFO     : Post-placement cluster-level checks is successful


INFO     : Checks is successful


INFO     : Reading placement constraints from '/home/olle/efinity_p2/BRAM/outflow/BRAM.qplace'.


INFO     : Finished Realigning Types (860 blocks needed type change)


INFO     : Completed placement consistency check successfully.


INFO     : Successfully created FPGA place file '/home/olle/efinity_p2/BRAM/outflow/BRAM.place'




INFO     : Placement took 18.188 seconds.


INFO     : 	Placement took 47.98 seconds (approximately) in total CPU time.


INFO     : Placement virtual memory usage: begin = 274.372 MB, end = 423.348 MB, delta = 148.976 MB


INFO     : Placement resident set memory usage: begin = 166.144 MB, end = 230.2 MB, delta = 64.056 MB


INFO     : 	Placement peak resident set memory usage = 286.668 MB


           ***** Ending stage placement *****

           

           

           Efinix FPGA Placement and Routing.

           Version: 2025.1.110.2.15 

           Compiled: Jun 21 2025.

           

           Copyright (C) 2013 - 2025 Efinix, Inc. All rights reserved.


           

           The Tool Is Based on VPR of University of Toronto,

           a free open source code under MIT license.

           

           

INFO     : Running Placement and Routing for Family "Trion", Device "T20F169" ...


           

           ***** Beginning stage routing graph generation ... *****

INFO     : Read ipin pattern from /home/olle/efinix/efinity/2025.1/arch/./routing/ipin_oph.xml


INFO     : Finished parsing ipin pattern file '/home/olle/efinix/efinity/2025.1/arch/./routing/ipin_oph.xdb'.


INFO     : Finished parsing switch_block file '/home/olle/efinix/efinity/2025.1/arch/./routing/sb_connectivity_subset.xdb'.


INFO     : BuildGraph process took 2.9033 seconds.


INFO     : 	BuildGraph process took 2.75 seconds (approximately) in total CPU time.


INFO     : BuildGraph process virtual memory usage: begin = 423.348 MB, end = 588.94 MB, delta = 165.592 MB


INFO     : BuildGraph process resident set memory usage: begin = 231.224 MB, end = 491.668 MB, delta = 260.444 MB


INFO     : 	BuildGraph process peak resident set memory usage = 491.668 MB


INFO     : check rr_graph process took 0.112992 seconds.


INFO     : 	check rr_graph process took 0.11 seconds (approximately) in total CPU time.


INFO     : check rr_graph process virtual memory usage: begin = 616.54 MB, end = 621.14 MB, delta = 4.6 MB


INFO     : check rr_graph process resident set memory usage: begin = 520.468 MB, end = 526.356 MB, delta = 5.888 MB


INFO     : 	check rr_graph process peak resident set memory usage = 526.356 MB


INFO     : Generated 1177524 RR nodes and 4449717 RR edges


INFO     : This design has 0 global control net(s). See /home/olle/efinity_p2/BRAM/outflow/BRAM.route.rpt for details.


INFO     : Routing graph took 3.10603 seconds.


INFO     : 	Routing graph took 2.93 seconds (approximately) in total CPU time.


INFO     : Routing graph virtual memory usage: begin = 423.348 MB, end = 621.14 MB, delta = 197.792 MB


INFO     : Routing graph resident set memory usage: begin = 230.328 MB, end = 526.484 MB, delta = 296.156 MB


INFO     : 	Routing graph peak resident set memory usage = 526.484 MB


           ***** Ending stage routing graph generation *****

           

           ***** Beginning stage routing ... *****

INFO     : SDC file '/home/olle/efinity_p2/BRAM/const1.sdc' parsed successfully.


INFO     : 2 clocks (including virtual clocks), 0 inputs and 0 outputs were constrained.


INFO     :  ---------      -------     --------------      -------------


INFO     :  Iteration      Overuse     Crit Path (ns)      Calc Time (s)


INFO     :  ---------      -------     --------------      -------------


INFO     :          1        33399              9.837               3.83


INFO     :          2         6579              9.605               5.54


INFO     :          3         3181              9.655               4.69


INFO     :          4         1223              9.647               5.52


INFO     :          5          591              9.615               4.54


INFO     :          6          328              9.615               3.79


INFO     :          7          195              10.08               3.29


INFO     :          8           78              10.41               3.58


INFO     :          9           19              10.56               2.03


INFO     :         10            6              10.38               1.74


INFO     :         11            6              10.38               1.63


INFO     :         12            1              10.38              0.471


INFO     :         13            1              10.38              0.459


INFO     :         14            0              10.38              0.459


           

INFO     : Successfully routed netlist after 14 routing iterations and 100694997 heapops


INFO     : Completed net delay value cross check successfully.


           ***** Beginning stage routing check ... *****

           ***** Ending stage routing check *****

           

INFO     : Serial number (magic cookie) for the routing is: 322992797


INFO     : Netlist fully routed.


INFO     : Successfully created FPGA route file '/home/olle/efinity_p2/BRAM/outflow/BRAM.route'


INFO     : Routing took 42.9441 seconds.


INFO     : 	Routing took 43.31 seconds (approximately) in total CPU time.


INFO     : Routing virtual memory usage: begin = 621.14 MB, end = 922.3 MB, delta = 301.16 MB


INFO     : Routing resident set memory usage: begin = 526.484 MB, end = 786.964 MB, delta = 260.48 MB


INFO     : 	Routing peak resident set memory usage = 786.964 MB


           ***** Ending stage routing *****

           

           ***** Beginning stage final timing analysis ... *****

INFO     : SDC file '/home/olle/efinity_p2/BRAM/const1.sdc' parsed successfully.


INFO     : 2 clocks (including virtual clocks), 0 inputs and 0 outputs were constrained.


Maximum possible analyzed clocks frequency
 Clock Name  Period (ns)  Frequency (MHz)     Edge
  clk           16.468        60.724         (R-R)
  pll_clk       10.534        94.931         (R-R)

Geomean max period: 13.171

Setup (Max) Clock Relationship
  Launch Clock    Capture Clock   Constraint (ns)     Slack (ns)          Edge
    clk              clk               30.000           13.532           (R-R)
    pll_clk          clk                1.000           -0.460           (R-R)
    pll_clk          pll_clk            7.000           -3.534           (R-R)

Hold (Min) Clock Relationship
  Launch Clock    Capture Clock   Constraint (ns)     Slack (ns)          Edge
    clk              clk               0.000            0.119            (R-R)
    pll_clk          clk               0.000            0.307            (R-R)
    pll_clk          pll_clk           0.000            0.119            (R-R)


WARNING  : Clock domain between pll_clk (rising) and clk (rising) may not meet (slack: -0.460 ns) the setup (max) timing requirement


WARNING  : Clock domain between pll_clk (rising) and pll_clk (rising) may not meet (slack: -3.534 ns) the setup (max) timing requirement


INFO     : Write Timing Report to "/home/olle/efinity_p2/BRAM/outflow/BRAM.timing.rpt" ...


INFO     : final timing analysis took 0.608778 seconds.


INFO     : 	final timing analysis took 0.61 seconds (approximately) in total CPU time.


INFO     : final timing analysis virtual memory usage: begin = 922.3 MB, end = 922.3 MB, delta = 0 MB


INFO     : final timing analysis resident set memory usage: begin = 786.964 MB, end = 787.348 MB, delta = 0.384 MB


INFO     : 	final timing analysis peak resident set memory usage = 787.348 MB


           ***** Ending stage final timing analysis *****

           

           ***** Beginning stage bitstream generation ... *****

INFO     : Reading core interface constraints file "/home/olle/efinity_p2/BRAM/outflow/BRAM.interface.csv"


INFO     : Successfully read core interface constraints file "/home/olle/efinity_p2/BRAM/outflow/BRAM.interface.csv"


INFO     : Finished writing bitstream file /home/olle/efinity_p2/BRAM/work_pnr/BRAM.lbf.


INFO     : Bitstream generation took 0.554866 seconds.


INFO     : 	Bitstream generation took 0.54 seconds (approximately) in total CPU time.


INFO     : Bitstream generation virtual memory usage: begin = 922.3 MB, end = 922.3 MB, delta = 0 MB


INFO     : Bitstream generation resident set memory usage: begin = 787.348 MB, end = 788.244 MB, delta = 0.896 MB


INFO     : 	Bitstream generation peak resident set memory usage = 788.244 MB


           ***** Ending stage bitstream generation *****

           

INFO     : The entire flow of EFX_PNR took 69.659 seconds.


INFO     : 	The entire flow of EFX_PNR took 100.32 seconds (approximately) in total CPU time.


INFO     : The entire flow of EFX_PNR virtual memory usage: begin = 119.632 MB, end = 922.3 MB, delta = 802.668 MB


INFO     : The entire flow of EFX_PNR resident set memory usage: begin = 38.528 MB, end = 788.244 MB, delta = 749.716 MB


INFO     : 	The entire flow of EFX_PNR peak resident set memory usage = 788.244 MB


Sat August 16 25 08:25:57 - /home/olle/efinix/efinity/2025.1/bin/efx_pnr finished. Exit code = 0 Exit status : Normal





-------------------------------------------------------------------------

Generating bitstream

-------------------------------------------------------------------------

Sat August 16 25 08:25:57 - Bitstream generation flow working directory is /home/olle/efinity_p2/BRAM/work_pnr


INFO     : --max_threads set to 4 

Sat August 16 25 08:25:58 - /home/olle/efinix/efinity/2025.1/bin/efx_pgm --source "/home/olle/efinity_p2/BRAM/work_pnr/BRAM.lbf" --dest "/home/olle/efinity_p2/BRAM/outflow/BRAM.hex" --device "T20F169" --family "Trion" --periph "/home/olle/efinity_p2/BRAM/outflow/BRAM.lpf" --interface_designer_settings "/home/olle/efinity_p2/BRAM/outflow/BRAM_or.ini" --enable_external_master_clock "off" --oscillator_clock_divider "DIV8" --active_capture_clk_edge "posedge" --spi_low_power_mode "on" --io_weak_pullup "on" --enable_roms "smart" --mode "active" --width "1" --release_tri_then_reset "on"

Sat August 16 25 08:25:58 - Running /home/olle/efinix/efinity/2025.1/bin/efx_pgm...

INFO     : Efinix FPGA Bitstream Generator.


INFO     : Version: 2025.1.110.2.15 


INFO     : Copyright (C) 2013 - 2025 Efinix, Inc. All rights reserved.


INFO     : Compiled: May  7 2025.


INFO     : Using source file "/home/olle/efinity_p2/BRAM/work_pnr/BRAM.lbf"


INFO     : Generating HEX programming file for device "T20F169", family "Trion"


INFO     : Using periphery source file "/home/olle/efinity_p2/BRAM/outflow/BRAM.lpf"


INFO     : Generating bit file: "/home/olle/efinity_p2/BRAM/outflow/BRAM.bit"


INFO     : HEX Generation Options Summary:


INFO     : 	Listing options specified to bitstream generation:


INFO     : 	spi_low_power_mode                       = on


INFO     : 	oscillator_clock_divider                 = DIV8


INFO     : 	io_weak_pullup                           = on


INFO     : 	enable_remote_update                     = off


INFO     : 	release_tri_then_reset                   = on


INFO     : Finished generating "/home/olle/efinity_p2/BRAM/outflow/BRAM.hex"


INFO     : Efinix Bitstream Generator took 1.02018 seconds.


INFO     : 	Efinix Bitstream Generator took 0.97 seconds (approximately) in total CPU time.


INFO     : Efinix Bitstream Generator virtual memory usage: begin = 35.092 MB, end = 93.388 MB, delta = 58.296 MB


INFO     : Efinix Bitstream Generator resident set memory usage: begin = 14.848 MB, end = 75.392 MB, delta = 60.544 MB


INFO     : 	Efinix Bitstream Generator peak resident set memory usage = 262.612 MB


Sat August 16 25 08:25:59 - /home/olle/efinix/efinity/2025.1/bin/efx_pgm finished. Exit code = 0 Exit status : Normal

Running hex generation flow done.

Sat August 16 25 08:26:00 - Running automated flow starting from synthesis done. Total duration = 3m 48.891s

Sat August 16 25 08:26:57 - Running Efinity Debugger...

Sat August 16 25 08:27:25 - Efinity Debugger finished. Exit code = 0 Exit status : Normal

Sat August 16 25 08:28:54 - Running automated flow starting from placement...



Sat August 16 25 08:28:54 - Floorplan closed VM : 578.004 MB RSS : 301.144 MB

Sat August 16 25 08:28:54 - Start Debugger Flow



-------------------------------------------------------------------------

Debugger

-------------------------------------------------------------------------

Sat August 16 25 08:28:54 - Debugger flow working directory is /home/olle/efinity_p2/BRAM/work_syn


INFO     : --max_threads set to 4 

INFO     : Deleting any pre-existing troute trace files

INFO     : Deleting any pre-existing troute trace files

--------------------------------------------------------------

Start Debugger Step Generate Debugger Cores.

Sat August 16 25 08:28:55 - /home/olle/efinix/efinity/2025.1/bin/python3  -m "efx_dbg.DbgWizard" --device  "T20F169" --family  "Trion" --in_profile_name  "/home/olle/efinity_p2/BRAM/debug_profile.wizard.json" --out_dbg_vdb  "debug_top.post.vdb" --out_profile_name  "/home/olle/efinity_p2/BRAM/debug_profile.wizard.json" --out_dir  "work_dbg"

Sat August 16 25 08:28:55 - Running /home/olle/efinix/efinity/2025.1/bin/python3...

Sat August 16 25 08:28:55 - /home/olle/efinix/efinity/2025.1/bin/python3 finished. Exit code = 0 Exit status : Normal

Debugger Step Generate Debugger Cores. Done

--------------------------------------------------------------

--------------------------------------------------------------

Start Debugger Step Compile Debugger Cores.

Sat August 16 25 08:28:55 - /home/olle/efinix/efinity/2025.1/bin/efx_map  --allow-const-ram-index "0" --blackbox-error "1" --blast_const_operand_adders "1" --bram_output_regs_packing "1" --bram-push-tco-outreg "0" --create-onehot-fsms "0" --fanout-limit "0" --hdl-compile-unit "1" --hdl-loop-limit "20000" --infer-clk-enable "3" --infer-sync-set-reset "1" --enable-mark-debug "1" --max_ram "-1" --max_mult "-1" --max-bit-blast-mem-size "10240" --min-sr-fanout "0" --min-ce-fanout "0" --mode "speed" --mult-auto-pipeline "0" --mult-decomp-retime "0" --operator-sharing "0" --optimize-adder-tree "0" --optimize-zero-init-rom "1" --peri-syn-instantiation "0" --peri-syn-inference "0" --ram-decomp-mode "0" --retiming "1" --seq_opt "1" --seq-opt-sync-only "0" --use-logic-for-small-mem "64" --use-logic-for-small-rom "64" --max_threads "-1" --mult_input_regs_packing "1" --mult_output_regs_packing "1" --I "/home/olle/efinity_p2/BRAM" --I "/home/olle/efinity_p2/BRAM/ip/BRAM_8192_bytes" --I "/home/olle/efinity_p2/BRAM/ip/micro_risc_v1" --family "Trion" --device "T20F169" --root "edb_top" --v "/home/olle/efinity_p2/BRAM/work_dbg/debug_top.v" --write-postmap-module "/home/olle/efinity_p2/BRAM/work_dbg/debug_top.post.vdb" --gen-mark-debug-json "0" --work-dir "/home/olle/efinity_p2/BRAM/work_dbg" --output-dir "/home/olle/efinity_p2/BRAM/outflow"

Sat August 16 25 08:28:55 - Running /home/olle/efinix/efinity/2025.1/bin/efx_map...

INFO     : Efinix FPGA Synthesis.
INFO     : Version: 2025.1.110.2.15
INFO     : Compiled: Jun 21 2025.
INFO     : 
INFO     : Copyright (C) 2013 - 2025 Efinix, Inc. All rights reserved.


INFO     : Analyzing Verilog file '/home/olle/efinix/efinity/2025.1/sim_models/maplib/efinix_peri_lib.v' [VERI-1482]
INFO     : /home/olle/efinix/efinity/2025.1/sim_models/maplib/efinix_peri_lib.v(8): compiling module 'EFX_IBUF' [VERI-1018]
INFO     : /home/olle/efinix/efinity/2025.1/sim_models/maplib/efinix_peri_lib.v(16): compiling module 'EFX_OBUF' [VERI-1018]
INFO     : /home/olle/efinix/efinity/2025.1/sim_models/maplib/efinix_peri_lib.v(23): compiling module 'EFX_IO_BUF' [VERI-1018]
INFO     : /home/olle/efinix/efinity/2025.1/sim_models/maplib/efinix_peri_lib.v(33): compiling module 'EFX_CLKOUT' [VERI-1018]
INFO     : /home/olle/efinix/efinity/2025.1/sim_models/maplib/efinix_peri_lib.v(41): compiling module 'EFX_IREG' [VERI-1018]
INFO     : /home/olle/efinix/efinity/2025.1/sim_models/maplib/efinix_peri_lib.v(51): compiling module 'EFX_OREG' [VERI-1018]
INFO     : /home/olle/efinix/efinity/2025.1/sim_models/maplib/efinix_peri_lib.v(60): compiling module 'EFX_IOREG' [VERI-1018]
INFO     : /home/olle/efinix/efinity/2025.1/sim_models/maplib/efinix_peri_lib.v(75): compiling module 'EFX_IDDIO' [VERI-1018]
INFO     : /home/olle/efinix/efinity/2025.1/sim_models/maplib/efinix_peri_lib.v(87): compiling module 'EFX_ODDIO' [VERI-1018]
INFO     : /home/olle/efinix/efinity/2025.1/sim_models/maplib/efinix_peri_lib.v(99): compiling module 'EFX_GPIO_V1' [VERI-1018]
INFO     : /home/olle/efinix/efinity/2025.1/sim_models/maplib/efinix_peri_lib.v(124): compiling module 'EFX_GPIO_V2' [VERI-1018]
INFO     : /home/olle/efinix/efinity/2025.1/sim_models/maplib/efinix_peri_lib.v(149): compiling module 'EFX_GPIO_V3' [VERI-1018]
INFO     : /home/olle/efinix/efinity/2025.1/sim_models/maplib/efinix_peri_lib.v(186): compiling module 'EFX_PLL_V1' [VERI-1018]
INFO     : /home/olle/efinix/efinity/2025.1/sim_models/maplib/efinix_peri_lib.v(205): compiling module 'EFX_PLL_V2' [VERI-1018]
INFO     : /home/olle/efinix/efinity/2025.1/sim_models/maplib/efinix_peri_lib.v(231): compiling module 'EFX_PLL_V3' [VERI-1018]
INFO     : /home/olle/efinix/efinity/2025.1/sim_models/maplib/efinix_peri_lib.v(279): compiling module 'EFX_OSC_V1' [VERI-1018]
INFO     : /home/olle/efinix/efinity/2025.1/sim_models/maplib/efinix_peri_lib.v(285): compiling module 'EFX_OSC_V3' [VERI-1018]
INFO     : /home/olle/efinix/efinity/2025.1/sim_models/maplib/efinix_peri_lib.v(294): compiling module 'EFX_FPLL_V1' [VERI-1018]
INFO     : /home/olle/efinix/efinity/2025.1/sim_models/maplib/efinix_peri_lib.v(348): compiling module 'EFX_JTAG_V1' [VERI-1018]
INFO     : /home/olle/efinix/efinity/2025.1/sim_models/maplib/efinix_peri_lib.v(357): compiling module 'EFX_JTAG_CTRL' [VERI-1018]
INFO     : /home/olle/efinix/efinity/2025.1/sim_models/maplib/efinix_peri_lib.v(364): compiling module 'EFX_LVDS_RX_V1' [VERI-1018]
INFO     : /home/olle/efinix/efinity/2025.1/sim_models/maplib/efinix_peri_lib.v(381): compiling module 'EFX_LVDS_TX_V1' [VERI-1018]
INFO     : /home/olle/efinix/efinity/2025.1/sim_models/maplib/efinix_peri_lib.v(399): compiling module 'EFX_LVDS_RX_V2' [VERI-1018]
INFO     : /home/olle/efinix/efinity/2025.1/sim_models/maplib/efinix_peri_lib.v(426): compiling module 'EFX_LVDS_TX_V2' [VERI-1018]
INFO     : /home/olle/efinix/efinity/2025.1/sim_models/maplib/efinix_peri_lib.v(446): compiling module 'EFX_LVDS_BIDIR_V2' [VERI-1018]
INFO     : ***** Beginning Analysis ... *****

INFO     : default VHDL library search path is now "/home/olle/efinix/efinity/2025.1/sim_models/vhdl/packages/vhdl_2008" [VHDL-1504]
INFO     : Analyzing Verilog file '/home/olle/efinix/efinity/2025.1/sim_models/maplib/efinix_maplib.v' [VERI-1482]
INFO     : Analyzing Verilog file '/home/olle/efinix/efinity/2025.1/sim_models/maplib/efinix_peri_lib.v' [VERI-1482]
INFO     : Analyzing Verilog file '/home/olle/efinix/efinity/2025.1/sim_models/maplib/efinix_maplib.v' [VERI-1482]
INFO     : Analyzing Verilog file '/home/olle/efinix/efinity/2025.1/sim_models/maplib/efinix_peri_lib.v' [VERI-1482]
INFO     : Analyzing Verilog file '/home/olle/efinity_p2/BRAM/work_dbg/debug_top.v' [VERI-1482]

INFO     : /home/olle/efinity_p2/BRAM/work_dbg/debug_top.v(4556): undeclared symbol 'la_capture_mask', assumed default net type 'wire' [VERI-2561]

INFO     : /home/olle/efinity_p2/BRAM/work_dbg/debug_top.v(4926): undeclared symbol 'next_segment_pointer_eq', assumed default net type 'wire' [VERI-2561]
INFO     : /home/olle/efinity_p2/BRAM/work_dbg/debug_top.v(4927): undeclared symbol 'next_segment_msb_xor', assumed default net type 'wire' [VERI-2561]
INFO     : Analysis took 0.0628315 seconds.
INFO     : 	Analysis took 0.06 seconds (approximately) in total CPU time.
INFO     : Analysis virtual memory usage: begin = 124.56 MB, end = 127.632 MB, delta = 3.072 MB
INFO     : Analysis resident set memory usage: begin = 71.296 MB, end = 74.88 MB, delta = 3.584 MB
INFO     : 	Analysis peak resident set memory usage = 339.724 MB
INFO     : ***** Ending Analysis ... *****
INFO     : ***** Beginning Elaboration ... *****
WARNING  : /home/olle/efinity_p2/BRAM/work_dbg/debug_top.v(270): port 'probe42' remains unconnected for this instance [VERI-1927]
INFO     : /home/olle/efinity_p2/BRAM/work_dbg/debug_top.v(10): compiling module 'edb_top' [VERI-1018]

INFO     : /home/olle/efinity_p2/BRAM/work_dbg/debug_top.v(656): compiling module 'edb_la_top_renamed_due_excessive_length_1' [VERI-1018]

INFO     : /home/olle/efinity_p2/BRAM/work_dbg/debug_top.v(345): compiling module 'edb_adbg_crc32' [VERI-1018]

INFO     : /home/olle/efinity_p2/BRAM/work_dbg/debug_top.v(5657): compiling module 'compare_unit(WIDTH=11'b01,PIPE=1)' [VERI-1018]

INFO     : /home/olle/efinity_p2/BRAM/work_dbg/debug_top.v(5657): compiling module 'compare_unit(WIDTH=11'b011010,PIPE=1)' [VERI-1018]

INFO     : /home/olle/efinity_p2/BRAM/work_dbg/debug_top.v(5657): compiling module 'compare_unit(WIDTH=11'b010000,PIPE=1)' [VERI-1018]

INFO     : /home/olle/efinity_p2/BRAM/work_dbg/debug_top.v(5657): compiling module 'compare_unit(WIDTH=11'b0100,PIPE=1)' [VERI-1018]

INFO     : /home/olle/efinity_p2/BRAM/work_dbg/debug_top.v(5657): compiling module 'compare_unit(WIDTH=11'b0101,PIPE=1)' [VERI-1018]

INFO     : /home/olle/efinity_p2/BRAM/work_dbg/debug_top.v(5657): compiling module 'compare_unit(WIDTH=11'b0100000,PIPE=1)' [VERI-1018]

INFO     : /home/olle/efinity_p2/BRAM/work_dbg/debug_top.v(5657): compiling module 'compare_unit(WIDTH=11'b011,PIPE=1)' [VERI-1018]

INFO     : /home/olle/efinity_p2/BRAM/work_dbg/debug_top.v(5862): compiling module 'trigger_unit(WIDTH=32'b0101001,PIPE=1)' [VERI-1018]
INFO     : /home/olle/efinity_p2/BRAM/work_dbg/debug_top.v(5862): compiling module 'trigger_unit(WIDTH=32'b0101010,PIPE=1,TRIGGER_IF_MASK_ZERO=1)' [VERI-1018]
WARNING  : /home/olle/efinity_p2/BRAM/work_dbg/debug_top.v(4548): actual bit length 32 differs from formal bit length 1 for port 'trigger_in' [VERI-1330]
INFO     : /home/olle/efinity_p2/BRAM/work_dbg/debug_top.v(5987): compiling module 'trigger_skipper' [VERI-1018]

INFO     : /home/olle/efinity_p2/BRAM/work_dbg/debug_top.v(5003): compiling module 'la_biu(CAPTURE_WIDTH=32'b010110111,CAPTURE_CONTROL=1)' [VERI-1018]
INFO     : /home/olle/efinity_p2/BRAM/work_dbg/debug_top.v(4745): compiling module 'fifo_with_read(DATA_WIDTH=32'b010111000)' [VERI-1018]
INFO     : /home/olle/efinity_p2/BRAM/work_dbg/debug_top.v(4695): compiling module 'fifo_address_trancode_unit' [VERI-1018]

INFO     : /home/olle/efinity_p2/BRAM/work_dbg/debug_top.v(566): compiling module 'edb_simple_dual_port_ram(DATA_WIDTH=32'b010111000,ADDR_WIDTH=10,RAM_INIT_FILE="")' [VERI-1018]
INFO     : /home/olle/efinity_p2/BRAM/work_dbg/debug_top.v(581): extracting RAM for identifier 'ram' [VERI-2571]

INFO     : /home/olle/efinity_p2/BRAM/work_dbg/debug_top.v(423): compiling module 'debug_hub' [VERI-1018]

WARNING  : /home/olle/efinity_p2/BRAM/work_dbg/debug_top.v(207): input port 'probe42[0]' remains unconnected for this instance [VDB-1053]
INFO     : Elaboration took 1.38098 seconds.
INFO     : 	Elaboration took 1.34 seconds (approximately) in total CPU time.
INFO     : Elaboration virtual memory usage: begin = 127.632 MB, end = 192.656 MB, delta = 65.024 MB
INFO     : Elaboration resident set memory usage: begin = 74.88 MB, end = 141.312 MB, delta = 66.432 MB
INFO     : 	Elaboration peak resident set memory usage = 339.724 MB
INFO     : ***** Ending Elaboration ... *****
INFO     : ... Setting Synthesis Option: mode=speed
INFO     : ***** Beginning Reading Mapping Library ... *****
INFO     : Analyzing Verilog file '/home/olle/efinix/efinity/2025.1/sim_models/maplib/efinix_maplib.v' [VERI-1482]
INFO     : /home/olle/efinix/efinity/2025.1/sim_models/maplib/efinix_maplib.v(8): compiling module 'EFX_ADD' [VERI-1018]
INFO     : /home/olle/efinix/efinity/2025.1/sim_models/maplib/efinix_maplib.v(21): compiling module 'EFX_FF' [VERI-1018]
INFO     : /home/olle/efinix/efinity/2025.1/sim_models/maplib/efinix_maplib.v(38): compiling module 'EFX_COMB4' [VERI-1018]
INFO     : /home/olle/efinix/efinity/2025.1/sim_models/maplib/efinix_maplib.v(48): compiling module 'EFX_GBUFCE' [VERI-1018]
INFO     : /home/olle/efinix/efinity/2025.1/sim_models/maplib/efinix_maplib.v(57): compiling module 'EFX_LUT4' [VERI-1018]
INFO     : /home/olle/efinix/efinity/2025.1/sim_models/maplib/efinix_maplib.v(65): compiling module 'EFX_MULT' [VERI-1018]
INFO     : /home/olle/efinix/efinity/2025.1/sim_models/maplib/efinix_maplib.v(100): compiling module 'EFX_DSP48' [VERI-1018]
INFO     : /home/olle/efinix/efinity/2025.1/sim_models/maplib/efinix_maplib.v(156): compiling module 'EFX_DSP24' [VERI-1018]
INFO     : /home/olle/efinix/efinity/2025.1/sim_models/maplib/efinix_maplib.v(209): compiling module 'EFX_DSP12' [VERI-1018]
INFO     : /home/olle/efinix/efinity/2025.1/sim_models/maplib/efinix_maplib.v(262): compiling module 'EFX_RAM_4K' [VERI-1018]
INFO     : /home/olle/efinix/efinity/2025.1/sim_models/maplib/efinix_maplib.v(322): compiling module 'EFX_RAM_5K' [VERI-1018]
INFO     : /home/olle/efinix/efinity/2025.1/sim_models/maplib/efinix_maplib.v(394): compiling module 'EFX_DPRAM_5K' [VERI-1018]

INFO     : /home/olle/efinix/efinity/2025.1/sim_models/maplib/efinix_maplib.v(499): compiling module 'RAMB5' [VERI-1018]
INFO     : /home/olle/efinix/efinity/2025.1/sim_models/maplib/efinix_maplib.v(561): compiling module 'EFX_RAM_10K' [VERI-1018]
INFO     : /home/olle/efinix/efinity/2025.1/sim_models/maplib/efinix_maplib.v(653): compiling module 'EFX_RAM10' [VERI-1018]
INFO     : /home/olle/efinix/efinity/2025.1/sim_models/maplib/efinix_maplib.v(754): compiling module 'EFX_DPRAM10' [VERI-1018]
INFO     : /home/olle/efinix/efinity/2025.1/sim_models/maplib/efinix_maplib.v(884): compiling module 'EFX_SRL8' [VERI-1018]
INFO     : Reading Mapping Library took 0.016792 seconds.
INFO     : 	Reading Mapping Library took 0.02 seconds (approximately) in total CPU time.
INFO     : Reading Mapping Library virtual memory usage: begin = 192.656 MB, end = 192.656 MB, delta = 0 MB
INFO     : Reading Mapping Library resident set memory usage: begin = 141.824 MB, end = 141.824 MB, delta = 0 MB
INFO     : 	Reading Mapping Library peak resident set memory usage = 339.724 MB
INFO     : ***** Ending Reading Mapping Library ... *****
INFO     : ... Pre-synthesis checks begin
WARNING  : Removing redundant signal : compared_in[0]. (/home/olle/efinity_p2/BRAM/work_dbg/debug_top.v:5663) [EFX-0200]
WARNING  : Removing redundant signal : mask_in[0]. (/home/olle/efinity_p2/BRAM/work_dbg/debug_top.v:5664) [EFX-0200]
WARNING  : Removing redundant signal : trigger_in. (/home/olle/efinity_p2/BRAM/work_dbg/debug_top.v:5874) [EFX-0200]
WARNING  : Removing redundant signal : trigger_in. (/home/olle/efinity_p2/BRAM/work_dbg/debug_top.v:5874) [EFX-0200]

INFO     : ... Memory 'ram' is not initialized, assuming empty initial contents. (/home/olle/efinity_p2/BRAM/work_dbg/debug_top.v:581) [EFX-0677]
WARNING  : Removing redundant signal : din[183]. (/home/olle/efinity_p2/BRAM/work_dbg/debug_top.v:4758) [EFX-0200]
WARNING  : Removing redundant signal : shift_i. (/home/olle/efinity_p2/BRAM/work_dbg/debug_top.v:5023) [EFX-0200]
WARNING  : Removing redundant signal : trig_out. (/home/olle/efinity_p2/BRAM/work_dbg/debug_top.v:5040) [EFX-0200]
WARNING  : Removing redundant signal : trig_out_ack. (/home/olle/efinity_p2/BRAM/work_dbg/debug_top.v:5041) [EFX-0200]
INFO     : Module Instance 'genblk2.global_capture_inst' input pin 'trigger_in' is tied to constant (=0). [EFX-0266]
WARNING  : Removing redundant signal : bscan_DRCK. (/home/olle/efinity_p2/BRAM/work_dbg/debug_top.v:1189) [EFX-0200]
WARNING  : Removing redundant signal : bscan_RESET. (/home/olle/efinity_p2/BRAM/work_dbg/debug_top.v:1190) [EFX-0200]
WARNING  : Removing redundant signal : bscan_RUNTEST. (/home/olle/efinity_p2/BRAM/work_dbg/debug_top.v:1191) [EFX-0200]
WARNING  : Removing redundant signal : bscan_SEL. (/home/olle/efinity_p2/BRAM/work_dbg/debug_top.v:1192) [EFX-0200]
WARNING  : Removing redundant signal : bscan_TMS. (/home/olle/efinity_p2/BRAM/work_dbg/debug_top.v:1196) [EFX-0200]
WARNING  : Removing redundant signal : trig_in_ack. (/home/olle/efinity_p2/BRAM/work_dbg/debug_top.v:1208) [EFX-0200]
WARNING  : Removing redundant signal : bscan_CAPTURE. (/home/olle/efinity_p2/BRAM/work_dbg/debug_top.v:428) [EFX-0200]
WARNING  : Removing redundant signal : bscan_DRCK. (/home/olle/efinity_p2/BRAM/work_dbg/debug_top.v:429) [EFX-0200]
WARNING  : Removing redundant signal : bscan_RUNTEST. (/home/olle/efinity_p2/BRAM/work_dbg/debug_top.v:431) [EFX-0200]
WARNING  : Removing redundant signal : bscan_TMS. (/home/olle/efinity_p2/BRAM/work_dbg/debug_top.v:436) [EFX-0200]
INFO     : Module Instance 'la0' input pin 'trig_in' is tied to constant (=0). [EFX-0266]
INFO     : Module Instance 'la0' input pin 'trig_out_ack' is tied to constant (=0). [EFX-0266]
WARNING  : Re-wiring to GND non-driven net 'la0.probe42[0]'. (/home/olle/efinity_p2/BRAM/work_dbg/debug_top.v:207) [EFX-0201]
WARNING  : Re-wiring to GND non-driven net 'la0.probe43[0]'. (/home/olle/efinity_p2/BRAM/work_dbg/debug_top.v:207) [EFX-0201]
WARNING  : Re-wiring to GND non-driven net 'la0.probe44[0]'. (/home/olle/efinity_p2/BRAM/work_dbg/debug_top.v:207) [EFX-0201]
WARNING  : Re-wiring to GND non-driven net 'la0.probe45[0]'. (/home/olle/efinity_p2/BRAM/work_dbg/debug_top.v:207) [EFX-0201]
WARNING  : Re-wiring to GND non-driven net 'la0.probe46[0]'. (/home/olle/efinity_p2/BRAM/work_dbg/debug_top.v:207) [EFX-0201]
WARNING  : Re-wiring to GND non-driven net 'la0.probe47[0]'. (/home/olle/efinity_p2/BRAM/work_dbg/debug_top.v:207) [EFX-0201]
WARNING  : Re-wiring to GND non-driven net 'la0.probe48[0]'. (/home/olle/efinity_p2/BRAM/work_dbg/debug_top.v:207) [EFX-0201]
WARNING  : Re-wiring to GND non-driven net 'la0.probe49[0]'. (/home/olle/efinity_p2/BRAM/work_dbg/debug_top.v:207) [EFX-0201]
WARNING  : Re-wiring to GND non-driven net 'la0.probe50[0]'. (/home/olle/efinity_p2/BRAM/work_dbg/debug_top.v:207) [EFX-0201]
WARNING  : Re-wiring to GND non-driven net 'la0.probe51[0]'. (/home/olle/efinity_p2/BRAM/work_dbg/debug_top.v:207) [EFX-0201]
WARNING  : (The above message was generated too many times, subsequent similar messages will be muted.) [EFX-0201]
INFO     : ... Pre-synthesis checks end (Real time : 0s CPU user time : 2s CPU sys time : 0s MEM : 339724KB)
INFO     : ... NameSpace init begin
INFO     : ... NameSpace init end (Real time : 0s CPU user time : 2s CPU sys time : 0s MEM : 339724KB)
INFO     : ... Mapping design "edb_top"
INFO     : ... Hierarchical pre-synthesis "edb_adbg_crc32" begin

INFO     : ... Hierarchical pre-synthesis "edb_adbg_crc32" end (Real time : 0s CPU user time : 2s CPU sys time : 0s MEM : 339724KB)
INFO     : ... Hierarchical pre-synthesis "compare_unit(WIDTH=11'b01,PIPE=1)" begin
INFO     : ... Hierarchical pre-synthesis "compare_unit(WIDTH=11'b01,PIPE=1)" end (Real time : 0s CPU user time : 2s CPU sys time : 0s MEM : 339724KB)
INFO     : ... Hierarchical pre-synthesis "compare_unit(WIDTH=11'b011010,PIPE=1)" begin
INFO     : ... Hierarchical pre-synthesis "compare_unit(WIDTH=11'b011010,PIPE=1)" end (Real time : 0s CPU user time : 2s CPU sys time : 0s MEM : 339724KB)
INFO     : ... Hierarchical pre-synthesis "compare_unit(WIDTH=11'b010000,PIPE=1)" begin
INFO     : ... Hierarchical pre-synthesis "compare_unit(WIDTH=11'b010000,PIPE=1)" end (Real time : 0s CPU user time : 2s CPU sys time : 0s MEM : 339724KB)
INFO     : ... Hierarchical pre-synthesis "compare_unit(WIDTH=11'b0100,PIPE=1)" begin

INFO     : ... Hierarchical pre-synthesis "compare_unit(WIDTH=11'b0100,PIPE=1)" end (Real time : 0s CPU user time : 2s CPU sys time : 0s MEM : 339724KB)
INFO     : ... Hierarchical pre-synthesis "compare_unit(WIDTH=11'b0101,PIPE=1)" begin
INFO     : ... Hierarchical pre-synthesis "compare_unit(WIDTH=11'b0101,PIPE=1)" end (Real time : 0s CPU user time : 2s CPU sys time : 0s MEM : 339724KB)
INFO     : ... Hierarchical pre-synthesis "compare_unit(WIDTH=11'b0100000,PIPE=1)" begin
INFO     : ... Hierarchical pre-synthesis "compare_unit(WIDTH=11'b0100000,PIPE=1)" end (Real time : 0s CPU user time : 2s CPU sys time : 0s MEM : 339724KB)
INFO     : ... Hierarchical pre-synthesis "compare_unit(WIDTH=11'b011,PIPE=1)" begin
INFO     : ... Hierarchical pre-synthesis "compare_unit(WIDTH=11'b011,PIPE=1)" end (Real time : 0s CPU user time : 2s CPU sys time : 0s MEM : 339724KB)
INFO     : ... Hierarchical pre-synthesis "trigger_unit(WIDTH=32'b0101001,PIPE=1)" begin
INFO     : ... Hierarchical pre-synthesis "trigger_unit(WIDTH=32'b0101001,PIPE=1)" end (Real time : 0s CPU user time : 2s CPU sys time : 0s MEM : 339724KB)
INFO     : ... Hierarchical pre-synthesis "trigger_unit(WIDTH=32'b0101010,PIPE=1,TRIGGER_IF_MASK_ZERO=1)" begin
INFO     : ... Hierarchical pre-synthesis "trigger_unit(WIDTH=32'b0101010,PIPE=1,TRIGGER_IF_MASK_ZERO=1)" end (Real time : 0s CPU user time : 2s CPU sys time : 0s MEM : 339724KB)
INFO     : ... Hierarchical pre-synthesis "trigger_skipper" begin

INFO     : ... Hierarchical pre-synthesis "trigger_skipper" end (Real time : 0s CPU user time : 2s CPU sys time : 0s MEM : 339724KB)
INFO     : ... Hierarchical pre-synthesis "fifo_address_trancode_unit" begin
INFO     : ... Hierarchical pre-synthesis "fifo_address_trancode_unit" end (Real time : 0s CPU user time : 2s CPU sys time : 0s MEM : 339724KB)
INFO     : ... Hierarchical pre-synthesis "edb_simple_dual_port_ram(DATA_WIDTH=32'b010111000,ADDR_WIDTH=10,RAM_INIT_FILE="")" begin

INFO     : ... Hierarchical pre-synthesis "edb_simple_dual_port_ram(DATA_WIDTH=32'b010111000,ADDR_WIDTH=10,RAM_INIT_FILE="")" end (Real time : 0s CPU user time : 2s CPU sys time : 0s MEM : 339724KB)
INFO     : ... Hierarchical pre-synthesis "fifo_with_read(DATA_WIDTH=32'b010111000)" begin

INFO     : ... Hierarchical pre-synthesis "fifo_with_read(DATA_WIDTH=32'b010111000)" end (Real time : 1s CPU user time : 2s CPU sys time : 0s MEM : 339724KB)
INFO     : ... Hierarchical pre-synthesis "la_biu(CAPTURE_WIDTH=32'b010110111,CAPTURE_CONTROL=1)" begin

INFO     : ... Hierarchical pre-synthesis "la_biu(CAPTURE_WIDTH=32'b010110111,CAPTURE_CONTROL=1)" end (Real time : 0s CPU user time : 2s CPU sys time : 0s MEM : 339724KB)
INFO     : ... Hierarchical pre-synthesis "edb_la_top_renamed_due_excessive_length_1" begin

INFO     : ... Hierarchical pre-synthesis "edb_la_top_renamed_due_excessive_length_1" end (Real time : 1s CPU user time : 3s CPU sys time : 0s MEM : 339724KB)
INFO     : ... Hierarchical pre-synthesis "debug_hub" begin
INFO     : ... Hierarchical pre-synthesis "debug_hub" end (Real time : 0s CPU user time : 3s CPU sys time : 0s MEM : 339724KB)
INFO     : ... Hierarchical pre-synthesis "edb_top" begin

INFO     : ... Clock Enable Synthesis Performed on 129 flops.

INFO     : ... Hierarchical pre-synthesis "edb_top" end (Real time : 1s CPU user time : 4s CPU sys time : 0s MEM : 339724KB)

INFO     : ... Flat optimizations begin

INFO     : ... Flat optimizations end (Real time : 0s CPU user time : 4s CPU sys time : 0s MEM : 339724KB)

INFO     : ... Flat synthesis begin

INFO     : ... Flat synthesis end (Real time : 0s CPU user time : 5s CPU sys time : 0s MEM : 339724KB)

INFO     : ... Flat optimizations begin

INFO     : ... Flat optimizations end (Real time : 0s CPU user time : 5s CPU sys time : 0s MEM : 339724KB)

INFO     : ... Check and break combinational loops begin

INFO     : ... Check and break combinational loops end (Real time : 0s CPU user time : 5s CPU sys time : 0s MEM : 339724KB)

INFO     : ... Sequential Optimization begin

INFO     : ... Clock Network 'la0_clk' with 2037 loads will be considered for sequential optimization.

INFO     : ... Clock Network 'bscan_TCK' with 1357 loads will be considered for sequential optimization.

INFO     : ... Sequential Optimization deduced 302 equivalent points.

INFO     : ... Sequential Optimization end (Real time : 13s CPU user time : 17s CPU sys time : 0s MEM : 339724KB)
INFO     : ... Setup for logic synthesis begin

INFO     : ... Setup for logic synthesis end (Real time : 0s CPU user time : 17s CPU sys time : 0s MEM : 339724KB)
INFO     : ... LUT mapping begin

INFO     : ... LS, strategy: 3, nd: 3143, ed: 9749, lv: 8, pw: 5611.96
INFO     : ... LUT mapping end (Real time : 11s CPU user time : 31s CPU sys time : 0s MEM : 339724KB)
INFO     : ... Post-synthesis Verific netlist creation begin

INFO     : ... Post-synthesis Verific netlist creation end (Real time : 1s CPU user time : 31s CPU sys time : 0s MEM : 339724KB)

INFO     : ... Postmap Retiming Optimization begin

INFO     : ... Clock Network 'la0_clk~la0_clk' with 2037 loads will be considered for retiming optimization.

INFO     : ... Clock Network 'bscan_TCK~bscan_TCK' with 1357 loads will be considered for retiming optimization.

INFO     : ... Performed 0 retime moves.
INFO     : ... Postmap Retiming Optimization end (Real time : 10s CPU user time : 42s CPU sys time : 0s MEM : 339724KB)

INFO     : ***** Beginning VDB Netlist Checker ... *****
WARNING  : /home/olle/efinity_p2/BRAM/work_dbg/debug_top.v(13): Input/inout port bscan_DRCK is unconnected and will be removed. [VDB-8003]
WARNING  : /home/olle/efinity_p2/BRAM/work_dbg/debug_top.v(15): Input/inout port bscan_RUNTEST is unconnected and will be removed. [VDB-8003]
WARNING  : /home/olle/efinity_p2/BRAM/work_dbg/debug_top.v(20): Input/inout port bscan_TMS is unconnected and will be removed. [VDB-8003]

WARNING  : Found 3 warnings in the post-synthesis netlist.
INFO     : VDB Netlist Checker took 0.0226932 seconds.
INFO     : 	VDB Netlist Checker took 0.04 seconds (approximately) in total CPU time.
INFO     : VDB Netlist Checker virtual memory usage: begin = 321.76 MB, end = 321.76 MB, delta = 0 MB
INFO     : VDB Netlist Checker resident set memory usage: begin = 227.796 MB, end = 227.796 MB, delta = 0 MB
INFO     : 	VDB Netlist Checker peak resident set memory usage = 339.724 MB
INFO     : ***** Ending VDB Netlist Checker ... *****

INFO     : Resource Summary 
INFO     : =============================== 
INFO     : EFX_ADD         : 	155
INFO     : EFX_LUT4        : 	3127
INFO     : EFX_FF          : 	3385
INFO     : EFX_RAM_5K      : 	37
INFO     : EFX_GBUFCE      : 	2
INFO     : =============================== 

INFO     : The entire flow of EFX_MAP took 40.7911 seconds.
INFO     : 	The entire flow of EFX_MAP took 43.06 seconds (approximately) in total CPU time.
INFO     : The entire flow of EFX_MAP virtual memory usage: begin = 88.4 MB, end = 321.76 MB, delta = 233.36 MB
INFO     : The entire flow of EFX_MAP resident set memory usage: begin = 27.264 MB, end = 227.796 MB, delta = 200.532 MB
INFO     : 	The entire flow of EFX_MAP peak resident set memory usage = 339.724 MB

Sat August 16 25 08:29:36 - /home/olle/efinix/efinity/2025.1/bin/efx_map finished. Exit code = 0 Exit status : Normal

Debugger Step Compile Debugger Cores. Done

--------------------------------------------------------------

--------------------------------------------------------------

Start Debugger Step Merge User design with Debugger Cores.

Sat August 16 25 08:29:36 - /home/olle/efinix/efinity/2025.1/bin/efx_map  --family "Trion" --device "T20F169" --gen-mark-debug-json "0" --allow-const-ram-index "0" --blackbox-error "1" --blast_const_operand_adders "1" --bram_output_regs_packing "1" --bram-push-tco-outreg "0" --create-onehot-fsms "0" --fanout-limit "0" --hdl-compile-unit "1" --hdl-loop-limit "20000" --infer-clk-enable "3" --infer-sync-set-reset "1" --enable-mark-debug "1" --max_ram "-1" --max_mult "-1" --max-bit-blast-mem-size "10240" --min-sr-fanout "0" --min-ce-fanout "0" --mode "speed" --mult-auto-pipeline "0" --mult-decomp-retime "0" --operator-sharing "0" --optimize-adder-tree "0" --optimize-zero-init-rom "1" --peri-syn-instantiation "0" --peri-syn-inference "0" --ram-decomp-mode "0" --retiming "1" --seq_opt "1" --seq-opt-sync-only "0" --use-logic-for-small-mem "64" --use-logic-for-small-rom "64" --max_threads "-1" --mult_input_regs_packing "1" --mult_output_regs_packing "1" --I "/home/olle/efinity_p2/BRAM" --I "/home/olle/efinity_p2/BRAM/ip/BRAM_8192_bytes" --I "/home/olle/efinity_p2/BRAM/ip/micro_risc_v1" --root "top_level" --vdb "/home/olle/efinity_p2/BRAM/outflow/BRAM.elab.vdb" --vdb "/home/olle/efinity_p2/BRAM/work_dbg/debug_top.post.vdb" --write-efx-verilog "/home/olle/efinity_p2/BRAM/work_dbg/BRAM.dbg.map.v" --binary-db "/home/olle/efinity_p2/BRAM/work_dbg/BRAM.dbg.vdb" --merge_vdbs=1 --conn "/home/olle/efinity_p2/BRAM/debug_profile.wizard.json" --work-dir "/home/olle/efinity_p2/BRAM/work_dbg" --output-dir "/home/olle/efinity_p2/BRAM/outflow"

Sat August 16 25 08:29:36 - Running /home/olle/efinix/efinity/2025.1/bin/efx_map...

INFO     : Efinix FPGA Synthesis.
INFO     : Version: 2025.1.110.2.15
INFO     : Compiled: Jun 21 2025.
INFO     : 
INFO     : Copyright (C) 2013 - 2025 Efinix, Inc. All rights reserved.


INFO     : Analyzing Verilog file '/home/olle/efinix/efinity/2025.1/sim_models/maplib/efinix_peri_lib.v' [VERI-1482]

INFO     : /home/olle/efinix/efinity/2025.1/sim_models/maplib/efinix_peri_lib.v(8): compiling module 'EFX_IBUF' [VERI-1018]
INFO     : /home/olle/efinix/efinity/2025.1/sim_models/maplib/efinix_peri_lib.v(16): compiling module 'EFX_OBUF' [VERI-1018]
INFO     : /home/olle/efinix/efinity/2025.1/sim_models/maplib/efinix_peri_lib.v(23): compiling module 'EFX_IO_BUF' [VERI-1018]
INFO     : /home/olle/efinix/efinity/2025.1/sim_models/maplib/efinix_peri_lib.v(33): compiling module 'EFX_CLKOUT' [VERI-1018]
INFO     : /home/olle/efinix/efinity/2025.1/sim_models/maplib/efinix_peri_lib.v(41): compiling module 'EFX_IREG' [VERI-1018]
INFO     : /home/olle/efinix/efinity/2025.1/sim_models/maplib/efinix_peri_lib.v(51): compiling module 'EFX_OREG' [VERI-1018]
INFO     : /home/olle/efinix/efinity/2025.1/sim_models/maplib/efinix_peri_lib.v(60): compiling module 'EFX_IOREG' [VERI-1018]
INFO     : /home/olle/efinix/efinity/2025.1/sim_models/maplib/efinix_peri_lib.v(75): compiling module 'EFX_IDDIO' [VERI-1018]
INFO     : /home/olle/efinix/efinity/2025.1/sim_models/maplib/efinix_peri_lib.v(87): compiling module 'EFX_ODDIO' [VERI-1018]
INFO     : /home/olle/efinix/efinity/2025.1/sim_models/maplib/efinix_peri_lib.v(99): compiling module 'EFX_GPIO_V1' [VERI-1018]
INFO     : /home/olle/efinix/efinity/2025.1/sim_models/maplib/efinix_peri_lib.v(124): compiling module 'EFX_GPIO_V2' [VERI-1018]
INFO     : /home/olle/efinix/efinity/2025.1/sim_models/maplib/efinix_peri_lib.v(149): compiling module 'EFX_GPIO_V3' [VERI-1018]
INFO     : /home/olle/efinix/efinity/2025.1/sim_models/maplib/efinix_peri_lib.v(186): compiling module 'EFX_PLL_V1' [VERI-1018]
INFO     : /home/olle/efinix/efinity/2025.1/sim_models/maplib/efinix_peri_lib.v(205): compiling module 'EFX_PLL_V2' [VERI-1018]
INFO     : /home/olle/efinix/efinity/2025.1/sim_models/maplib/efinix_peri_lib.v(231): compiling module 'EFX_PLL_V3' [VERI-1018]
INFO     : /home/olle/efinix/efinity/2025.1/sim_models/maplib/efinix_peri_lib.v(279): compiling module 'EFX_OSC_V1' [VERI-1018]
INFO     : /home/olle/efinix/efinity/2025.1/sim_models/maplib/efinix_peri_lib.v(285): compiling module 'EFX_OSC_V3' [VERI-1018]
INFO     : /home/olle/efinix/efinity/2025.1/sim_models/maplib/efinix_peri_lib.v(294): compiling module 'EFX_FPLL_V1' [VERI-1018]
INFO     : /home/olle/efinix/efinity/2025.1/sim_models/maplib/efinix_peri_lib.v(348): compiling module 'EFX_JTAG_V1' [VERI-1018]
INFO     : /home/olle/efinix/efinity/2025.1/sim_models/maplib/efinix_peri_lib.v(357): compiling module 'EFX_JTAG_CTRL' [VERI-1018]
INFO     : /home/olle/efinix/efinity/2025.1/sim_models/maplib/efinix_peri_lib.v(364): compiling module 'EFX_LVDS_RX_V1' [VERI-1018]
INFO     : /home/olle/efinix/efinity/2025.1/sim_models/maplib/efinix_peri_lib.v(381): compiling module 'EFX_LVDS_TX_V1' [VERI-1018]
INFO     : /home/olle/efinix/efinity/2025.1/sim_models/maplib/efinix_peri_lib.v(399): compiling module 'EFX_LVDS_RX_V2' [VERI-1018]
INFO     : /home/olle/efinix/efinity/2025.1/sim_models/maplib/efinix_peri_lib.v(426): compiling module 'EFX_LVDS_TX_V2' [VERI-1018]
INFO     : /home/olle/efinix/efinity/2025.1/sim_models/maplib/efinix_peri_lib.v(446): compiling module 'EFX_LVDS_BIDIR_V2' [VERI-1018]

INFO     : ... Setting Synthesis Option: mode=speed
INFO     : ***** Beginning Reading Mapping Library ... *****
INFO     : Analyzing Verilog file '/home/olle/efinix/efinity/2025.1/sim_models/maplib/efinix_maplib.v' [VERI-1482]

INFO     : /home/olle/efinix/efinity/2025.1/sim_models/maplib/efinix_maplib.v(8): compiling module 'EFX_ADD' [VERI-1018]
INFO     : /home/olle/efinix/efinity/2025.1/sim_models/maplib/efinix_maplib.v(21): compiling module 'EFX_FF' [VERI-1018]
INFO     : /home/olle/efinix/efinity/2025.1/sim_models/maplib/efinix_maplib.v(38): compiling module 'EFX_COMB4' [VERI-1018]
INFO     : /home/olle/efinix/efinity/2025.1/sim_models/maplib/efinix_maplib.v(48): compiling module 'EFX_GBUFCE' [VERI-1018]
INFO     : /home/olle/efinix/efinity/2025.1/sim_models/maplib/efinix_maplib.v(57): compiling module 'EFX_LUT4' [VERI-1018]
INFO     : /home/olle/efinix/efinity/2025.1/sim_models/maplib/efinix_maplib.v(65): compiling module 'EFX_MULT' [VERI-1018]
INFO     : /home/olle/efinix/efinity/2025.1/sim_models/maplib/efinix_maplib.v(100): compiling module 'EFX_DSP48' [VERI-1018]
INFO     : /home/olle/efinix/efinity/2025.1/sim_models/maplib/efinix_maplib.v(156): compiling module 'EFX_DSP24' [VERI-1018]
INFO     : /home/olle/efinix/efinity/2025.1/sim_models/maplib/efinix_maplib.v(209): compiling module 'EFX_DSP12' [VERI-1018]
INFO     : /home/olle/efinix/efinity/2025.1/sim_models/maplib/efinix_maplib.v(262): compiling module 'EFX_RAM_4K' [VERI-1018]
INFO     : /home/olle/efinix/efinity/2025.1/sim_models/maplib/efinix_maplib.v(322): compiling module 'EFX_RAM_5K' [VERI-1018]
INFO     : /home/olle/efinix/efinity/2025.1/sim_models/maplib/efinix_maplib.v(394): compiling module 'EFX_DPRAM_5K' [VERI-1018]
INFO     : /home/olle/efinix/efinity/2025.1/sim_models/maplib/efinix_maplib.v(499): compiling module 'RAMB5' [VERI-1018]
INFO     : /home/olle/efinix/efinity/2025.1/sim_models/maplib/efinix_maplib.v(561): compiling module 'EFX_RAM_10K' [VERI-1018]
INFO     : /home/olle/efinix/efinity/2025.1/sim_models/maplib/efinix_maplib.v(653): compiling module 'EFX_RAM10' [VERI-1018]
INFO     : /home/olle/efinix/efinity/2025.1/sim_models/maplib/efinix_maplib.v(754): compiling module 'EFX_DPRAM10' [VERI-1018]
INFO     : /home/olle/efinix/efinity/2025.1/sim_models/maplib/efinix_maplib.v(884): compiling module 'EFX_SRL8' [VERI-1018]
INFO     : Reading Mapping Library took 0.0120735 seconds.
INFO     : 	Reading Mapping Library took 0.02 seconds (approximately) in total CPU time.
INFO     : Reading Mapping Library virtual memory usage: begin = 168.084 MB, end = 169.108 MB, delta = 1.024 MB
INFO     : Reading Mapping Library resident set memory usage: begin = 116.608 MB, end = 117.12 MB, delta = 0.512 MB
INFO     : 	Reading Mapping Library peak resident set memory usage = 339.724 MB
INFO     : ***** Ending Reading Mapping Library ... *****

INFO     : ... Pre-synthesis checks begin
WARNING  : The primary output port 'led2' wire 'led2' is not driven. [EFX-0256]
WARNING  : The primary output port 'CAM0_EN' wire 'CAM0_EN' is not driven. [EFX-0256]
WARNING  : The primary output port 'CAM1_EN' wire 'CAM1_EN' is not driven. [EFX-0256]
WARNING  : Removing redundant signal : io_cpu_prefetch_isValid. (/home/olle/efinity_p2/BRAM/ip/micro_risc_v1/micro_risc_v1.v:12221) [EFX-0200]
WARNING  : Removing redundant signal : io_cpu_prefetch_pc[31]. (/home/olle/efinity_p2/BRAM/ip/micro_risc_v1/micro_risc_v1.v:12223) [EFX-0200]
WARNING  : Removing redundant signal : io_cpu_prefetch_pc[30]. (/home/olle/efinity_p2/BRAM/ip/micro_risc_v1/micro_risc_v1.v:12223) [EFX-0200]
WARNING  : Removing redundant signal : io_cpu_prefetch_pc[29]. (/home/olle/efinity_p2/BRAM/ip/micro_risc_v1/micro_risc_v1.v:12223) [EFX-0200]
WARNING  : Removing redundant signal : io_cpu_prefetch_pc[28]. (/home/olle/efinity_p2/BRAM/ip/micro_risc_v1/micro_risc_v1.v:12223) [EFX-0200]
WARNING  : Removing redundant signal : io_cpu_prefetch_pc[27]. (/home/olle/efinity_p2/BRAM/ip/micro_risc_v1/micro_risc_v1.v:12223) [EFX-0200]
WARNING  : Removing redundant signal : io_cpu_prefetch_pc[26]. (/home/olle/efinity_p2/BRAM/ip/micro_risc_v1/micro_risc_v1.v:12223) [EFX-0200]
WARNING  : Removing redundant signal : io_cpu_prefetch_pc[25]. (/home/olle/efinity_p2/BRAM/ip/micro_risc_v1/micro_risc_v1.v:12223) [EFX-0200]
WARNING  : Removing redundant signal : io_cpu_prefetch_pc[24]. (/home/olle/efinity_p2/BRAM/ip/micro_risc_v1/micro_risc_v1.v:12223) [EFX-0200]
WARNING  : Removing redundant signal : io_cpu_prefetch_pc[23]. (/home/olle/efinity_p2/BRAM/ip/micro_risc_v1/micro_risc_v1.v:12223) [EFX-0200]
WARNING  : Removing redundant signal : io_cpu_prefetch_pc[22]. (/home/olle/efinity_p2/BRAM/ip/micro_risc_v1/micro_risc_v1.v:12223) [EFX-0200]
WARNING  : Removing redundant signal : io_cpu_prefetch_pc[21]. (/home/olle/efinity_p2/BRAM/ip/micro_risc_v1/micro_risc_v1.v:12223) [EFX-0200]
WARNING  : Removing redundant signal : io_cpu_prefetch_pc[20]. (/home/olle/efinity_p2/BRAM/ip/micro_risc_v1/micro_risc_v1.v:12223) [EFX-0200]
WARNING  : Removing redundant signal : io_cpu_prefetch_pc[19]. (/home/olle/efinity_p2/BRAM/ip/micro_risc_v1/micro_risc_v1.v:12223) [EFX-0200]
WARNING  : Removing redundant signal : io_cpu_prefetch_pc[18]. (/home/olle/efinity_p2/BRAM/ip/micro_risc_v1/micro_risc_v1.v:12223) [EFX-0200]
WARNING  : Removing redundant signal : io_cpu_prefetch_pc[17]. (/home/olle/efinity_p2/BRAM/ip/micro_risc_v1/micro_risc_v1.v:12223) [EFX-0200]
WARNING  : Removing redundant signal : io_cpu_prefetch_pc[16]. (/home/olle/efinity_p2/BRAM/ip/micro_risc_v1/micro_risc_v1.v:12223) [EFX-0200]
WARNING  : Removing redundant signal : io_cpu_prefetch_pc[15]. (/home/olle/efinity_p2/BRAM/ip/micro_risc_v1/micro_risc_v1.v:12223) [EFX-0200]
WARNING  : Removing redundant signal : io_cpu_prefetch_pc[14]. (/home/olle/efinity_p2/BRAM/ip/micro_risc_v1/micro_risc_v1.v:12223) [EFX-0200]
WARNING  : Removing redundant signal : io_cpu_prefetch_pc[13]. (/home/olle/efinity_p2/BRAM/ip/micro_risc_v1/micro_risc_v1.v:12223) [EFX-0200]
WARNING  : (The above message was generated too many times, subsequent similar messages will be muted.) [EFX-0200]
INFO     : ... Memory 'banks_0' is not initialized, assuming empty initial contents. (/home/olle/efinity_p2/BRAM/ip/micro_risc_v1/micro_risc_v1.v:12325) [EFX-0677]
INFO     : ... Memory 'ways_0_tags' is not initialized, assuming empty initial contents. (/home/olle/efinity_p2/BRAM/ip/micro_risc_v1/micro_risc_v1.v:12326) [EFX-0677]
INFO     : ... Memory 'ways_0_tags' is not initialized, assuming empty initial contents. (/home/olle/efinity_p2/BRAM/ip/micro_risc_v1/micro_risc_v1.v:11579) [EFX-0677]
INFO     : ... Memory 'ways_0_data_symbol0' is not initialized, assuming empty initial contents. (/home/olle/efinity_p2/BRAM/ip/micro_risc_v1/micro_risc_v1.v:11580) [EFX-0677]
INFO     : ... Memory 'ways_0_data_symbol1' is not initialized, assuming empty initial contents. (/home/olle/efinity_p2/BRAM/ip/micro_risc_v1/micro_risc_v1.v:11581) [EFX-0677]
INFO     : ... Memory 'ways_0_data_symbol2' is not initialized, assuming empty initial contents. (/home/olle/efinity_p2/BRAM/ip/micro_risc_v1/micro_risc_v1.v:11582) [EFX-0677]
INFO     : ... Memory 'ways_0_data_symbol3' is not initialized, assuming empty initial contents. (/home/olle/efinity_p2/BRAM/ip/micro_risc_v1/micro_risc_v1.v:11583) [EFX-0677]
WARNING  : Re-wiring to GND non-driven net 'IBusCachedPlugin_cache_io_cpu_fetch_isRemoved'. (/home/olle/efinity_p2/BRAM/ip/micro_risc_v1/micro_risc_v1.v:5832) [EFX-0201]
WARNING  : Re-wiring to GND non-driven net 'dataCache_1_io_cpu_writeBack_fence_SW'. (/home/olle/efinity_p2/BRAM/ip/micro_risc_v1/micro_risc_v1.v:5845) [EFX-0201]
WARNING  : Re-wiring to GND non-driven net 'dataCache_1_io_cpu_writeBack_fence_SR'. (/home/olle/efinity_p2/BRAM/ip/micro_risc_v1/micro_risc_v1.v:5846) [EFX-0201]
WARNING  : Re-wiring to GND non-driven net 'dataCache_1_io_cpu_writeBack_fence_SO'. (/home/olle/efinity_p2/BRAM/ip/micro_risc_v1/micro_risc_v1.v:5847) [EFX-0201]
WARNING  : Re-wiring to GND non-driven net 'dataCache_1_io_cpu_writeBack_fence_SI'. (/home/olle/efinity_p2/BRAM/ip/micro_risc_v1/micro_risc_v1.v:5848) [EFX-0201]
WARNING  : Re-wiring to GND non-driven net 'dataCache_1_io_cpu_writeBack_fence_PW'. (/home/olle/efinity_p2/BRAM/ip/micro_risc_v1/micro_risc_v1.v:5849) [EFX-0201]
WARNING  : Re-wiring to GND non-driven net 'dataCache_1_io_cpu_writeBack_fence_PR'. (/home/olle/efinity_p2/BRAM/ip/micro_risc_v1/micro_risc_v1.v:5850) [EFX-0201]
WARNING  : Re-wiring to GND non-driven net 'dataCache_1_io_cpu_writeBack_fence_PO'. (/home/olle/efinity_p2/BRAM/ip/micro_risc_v1/micro_risc_v1.v:5851) [EFX-0201]
WARNING  : Re-wiring to GND non-driven net 'dataCache_1_io_cpu_writeBack_fence_PI'. (/home/olle/efinity_p2/BRAM/ip/micro_risc_v1/micro_risc_v1.v:5852) [EFX-0201]
WARNING  : Re-wiring to GND non-driven net 'dataCache_1_io_cpu_writeBack_fence_FM[3]'. (/home/olle/efinity_p2/BRAM/ip/micro_risc_v1/micro_risc_v1.v:5853) [EFX-0201]
WARNING  : (The above message was generated too many times, subsequent similar messages will be muted.) [EFX-0201]
INFO     : ... Memory 'RegFilePlugin_regFile' is not initialized, assuming empty initial contents. (/home/olle/efinity_p2/BRAM/ip/micro_risc_v1/micro_risc_v1.v:6995) [EFX-0677]
INFO     : ... Memory 'logic_progbufX_mem' is not initialized, assuming empty initial contents. (/home/olle/efinity_p2/BRAM/ip/micro_risc_v1/micro_risc_v1.v:4949) [EFX-0677]
INFO     : Module Instance 'memory_arbiter' input pin 'io_inputs_0_payload_fragment_source[0]' is tied to constant (=0). [EFX-0266]
INFO     : Module Instance 'memory_arbiter' input pin 'io_inputs_1_payload_fragment_source[0]' is tied to constant (=0). [EFX-0266]
INFO     : Module Instance 'memory_arbiter' input pin 'io_inputs_1_payload_fragment_context[0]' is tied to constant (=0). [EFX-0266]

INFO     : Module Instance 'tx' input pin 'io_cts' is tied to constant (=0). [EFX-0266]
INFO     : ... Memory 'logic_ram' is not initialized, assuming empty initial contents. (/home/olle/efinity_p2/BRAM/ip/micro_risc_v1/micro_risc_v1.v:10857) [EFX-0677]
INFO     : Module Instance 'bridge_write_streamUnbuffered_queueWithOccupancy' input pin 'io_flush' is tied to constant (=0). [EFX-0266]
INFO     : Module Instance 'uartCtrl_1_io_read_queueWithOccupancy' input pin 'io_flush' is tied to constant (=0). [EFX-0266]
INFO     : Module Instance 'system_bridge_bmb_arbiter' input pin 'io_inputs_1_cmd_payload_fragment_data[0]' is tied to constant (=0). [EFX-0266]
INFO     : Module Instance 'system_bridge_bmb_arbiter' input pin 'io_inputs_1_cmd_payload_fragment_data[1]' is tied to constant (=0). [EFX-0266]
INFO     : Module Instance 'system_bridge_bmb_arbiter' input pin 'io_inputs_1_cmd_payload_fragment_data[2]' is tied to constant (=0). [EFX-0266]
INFO     : Module Instance 'system_bridge_bmb_arbiter' input pin 'io_inputs_1_cmd_payload_fragment_data[3]' is tied to constant (=0). [EFX-0266]
INFO     : Module Instance 'system_bridge_bmb_arbiter' input pin 'io_inputs_1_cmd_payload_fragment_data[4]' is tied to constant (=0). [EFX-0266]
INFO     : Module Instance 'system_bridge_bmb_arbiter' input pin 'io_inputs_1_cmd_payload_fragment_data[5]' is tied to constant (=0). [EFX-0266]
INFO     : Module Instance 'system_bridge_bmb_arbiter' input pin 'io_inputs_1_cmd_payload_fragment_data[6]' is tied to constant (=0). [EFX-0266]
INFO     : Module Instance 'system_bridge_bmb_arbiter' input pin 'io_inputs_1_cmd_payload_fragment_data[7]' is tied to constant (=0). [EFX-0266]
INFO     : Module Instance 'system_bridge_bmb_arbiter' input pin 'io_inputs_1_cmd_payload_fragment_data[8]' is tied to constant (=0). [EFX-0266]
INFO     : Module Instance 'system_bridge_bmb_arbiter' input pin 'io_inputs_1_cmd_payload_fragment_data[9]' is tied to constant (=0). [EFX-0266]
INFO     : Module Instance 'system_bridge_bmb_arbiter' input pin 'io_inputs_1_cmd_payload_fragment_data[10]' is tied to constant (=0). [EFX-0266]
INFO     : Module Instance 'system_bridge_bmb_arbiter' input pin 'io_inputs_1_cmd_payload_fragment_data[11]' is tied to constant (=0). [EFX-0266]
INFO     : Module Instance 'system_bridge_bmb_arbiter' input pin 'io_inputs_1_cmd_payload_fragment_data[12]' is tied to constant (=0). [EFX-0266]
INFO     : Module Instance 'system_bridge_bmb_arbiter' input pin 'io_inputs_1_cmd_payload_fragment_data[13]' is tied to constant (=0). [EFX-0266]
INFO     : Module Instance 'system_bridge_bmb_arbiter' input pin 'io_inputs_1_cmd_payload_fragment_data[14]' is tied to constant (=0). [EFX-0266]
INFO     : Module Instance 'system_bridge_bmb_arbiter' input pin 'io_inputs_1_cmd_payload_fragment_data[15]' is tied to constant (=0). [EFX-0266]
INFO     : Module Instance 'system_bridge_bmb_arbiter' input pin 'io_inputs_1_cmd_payload_fragment_data[16]' is tied to constant (=0). [EFX-0266]
INFO     : Module Instance 'system_bridge_bmb_arbiter' input pin 'io_inputs_1_cmd_payload_fragment_data[17]' is tied to constant (=0). [EFX-0266]
INFO     : Module Instance 'system_bridge_bmb_arbiter' input pin 'io_inputs_1_cmd_payload_fragment_data[18]' is tied to constant (=0). [EFX-0266]
INFO     : Module Instance 'system_bridge_bmb_arbiter' input pin 'io_inputs_1_cmd_payload_fragment_data[19]' is tied to constant (=0). [EFX-0266]
INFO     : Module Instance 'system_bridge_bmb_arbiter' input pin 'io_inputs_1_cmd_payload_fragment_data[20]' is tied to constant (=0). [EFX-0266]
INFO     : Module Instance 'system_bridge_bmb_arbiter' input pin 'io_inputs_1_cmd_payload_fragment_data[21]' is tied to constant (=0). [EFX-0266]
INFO     : Module Instance 'system_bridge_bmb_arbiter' input pin 'io_inputs_1_cmd_payload_fragment_data[22]' is tied to constant (=0). [EFX-0266]
INFO     : Module Instance 'system_bridge_bmb_arbiter' input pin 'io_inputs_1_cmd_payload_fragment_data[23]' is tied to constant (=0). [EFX-0266]
INFO     : Module Instance 'system_bridge_bmb_arbiter' input pin 'io_inputs_1_cmd_payload_fragment_data[24]' is tied to constant (=0). [EFX-0266]
INFO     : Module Instance 'system_bridge_bmb_arbiter' input pin 'io_inputs_1_cmd_payload_fragment_data[25]' is tied to constant (=0). [EFX-0266]
INFO     : Module Instance 'system_bridge_bmb_arbiter' input pin 'io_inputs_1_cmd_payload_fragment_data[26]' is tied to constant (=0). [EFX-0266]
INFO     : Module Instance 'system_bridge_bmb_arbiter' input pin 'io_inputs_1_cmd_payload_fragment_data[27]' is tied to constant (=0). [EFX-0266]
INFO     : Module Instance 'system_bridge_bmb_arbiter' input pin 'io_inputs_1_cmd_payload_fragment_data[28]' is tied to constant (=0). [EFX-0266]
INFO     : Module Instance 'system_bridge_bmb_arbiter' input pin 'io_inputs_1_cmd_payload_fragment_data[29]' is tied to constant (=0). [EFX-0266]
INFO     : Module Instance 'system_bridge_bmb_arbiter' input pin 'io_inputs_1_cmd_payload_fragment_data[30]' is tied to constant (=0). [EFX-0266]
INFO     : Module Instance 'system_bridge_bmb_arbiter' input pin 'io_inputs_1_cmd_payload_fragment_data[31]' is tied to constant (=0). [EFX-0266]
INFO     : Module Instance 'system_bridge_bmb_arbiter' input pin 'io_inputs_1_cmd_payload_fragment_mask[0]' is tied to constant (=0). [EFX-0266]
INFO     : Module Instance 'system_bridge_bmb_arbiter' input pin 'io_inputs_1_cmd_payload_fragment_mask[1]' is tied to constant (=0). [EFX-0266]
INFO     : Module Instance 'system_bridge_bmb_arbiter' input pin 'io_inputs_1_cmd_payload_fragment_mask[2]' is tied to constant (=0). [EFX-0266]
INFO     : Module Instance 'system_bridge_bmb_arbiter' input pin 'io_inputs_1_cmd_payload_fragment_mask[3]' is tied to constant (=0). [EFX-0266]

INFO     : Module Instance 'u_micro_risc_v1' input pin 'jtagCtrl_enable' is tied to constant (=1). [EFX-0266]
INFO     : ... Pre-synthesis checks end (Real time : 0s CPU user time : 0s CPU sys time : 0s MEM : 339724KB)
INFO     : ... NameSpace init begin
INFO     : ... NameSpace init end (Real time : 0s CPU user time : 0s CPU sys time : 0s MEM : 339724KB)
INFO     : ... Mapping design "top_level"
INFO     : ... Hierarchical pre-synthesis "InstructionCache_2fa2c88f3c1f4868ba7cd09620d007ba" begin

INFO     : ... Hierarchical pre-synthesis "InstructionCache_2fa2c88f3c1f4868ba7cd09620d007ba" end (Real time : 0s CPU user time : 0s CPU sys time : 0s MEM : 339724KB)
INFO     : ... Hierarchical pre-synthesis "DataCache_2fa2c88f3c1f4868ba7cd09620d007ba" begin

INFO     : ... Hierarchical pre-synthesis "DataCache_2fa2c88f3c1f4868ba7cd09620d007ba" end (Real time : 0s CPU user time : 0s CPU sys time : 0s MEM : 339724KB)
INFO     : ... Hierarchical pre-synthesis "BufferCC_2fa2c88f3c1f4868ba7cd09620d007ba" begin
INFO     : ... Hierarchical pre-synthesis "BufferCC_2fa2c88f3c1f4868ba7cd09620d007ba" end (Real time : 0s CPU user time : 0s CPU sys time : 0s MEM : 339724KB)
INFO     : ... Hierarchical pre-synthesis "EfxCPUSp1_2fa2c88f3c1f4868ba7cd09620d007ba" begin

INFO     : ... Hierarchical pre-synthesis "EfxCPUSp1_2fa2c88f3c1f4868ba7cd09620d007ba" end (Real time : 0s CPU user time : 0s CPU sys time : 0s MEM : 339724KB)
INFO     : ... Hierarchical pre-synthesis "VexRiscv_2fa2c88f3c1f4868ba7cd09620d007ba" begin

INFO     : ... Hierarchical pre-synthesis "VexRiscv_2fa2c88f3c1f4868ba7cd09620d007ba" end (Real time : 1s CPU user time : 1s CPU sys time : 0s MEM : 339724KB)
INFO     : ... Hierarchical pre-synthesis "DebugModule_2fa2c88f3c1f4868ba7cd09620d007ba" begin

INFO     : ... Hierarchical pre-synthesis "DebugModule_2fa2c88f3c1f4868ba7cd09620d007ba" end (Real time : 0s CPU user time : 1s CPU sys time : 0s MEM : 339724KB)
INFO     : ... Hierarchical pre-synthesis "BufferCC_5_2fa2c88f3c1f4868ba7cd09620d007ba" begin
INFO     : ... Hierarchical pre-synthesis "BufferCC_5_2fa2c88f3c1f4868ba7cd09620d007ba" end (Real time : 0s CPU user time : 1s CPU sys time : 0s MEM : 339724KB)
INFO     : ... Hierarchical pre-synthesis "BufferCC_6_2fa2c88f3c1f4868ba7cd09620d007ba" begin
INFO     : ... Hierarchical pre-synthesis "BufferCC_6_2fa2c88f3c1f4868ba7cd09620d007ba" end (Real time : 0s CPU user time : 1s CPU sys time : 0s MEM : 339724KB)
INFO     : ... Hierarchical pre-synthesis "BufferCC_8_2fa2c88f3c1f4868ba7cd09620d007ba" begin
INFO     : ... Hierarchical pre-synthesis "BufferCC_8_2fa2c88f3c1f4868ba7cd09620d007ba" end (Real time : 0s CPU user time : 1s CPU sys time : 0s MEM : 339724KB)
INFO     : ... Hierarchical pre-synthesis "BufferCC_1_2fa2c88f3c1f4868ba7cd09620d007ba" begin
INFO     : ... Hierarchical pre-synthesis "BufferCC_1_2fa2c88f3c1f4868ba7cd09620d007ba" end (Real time : 0s CPU user time : 1s CPU sys time : 0s MEM : 339724KB)
INFO     : ... Hierarchical pre-synthesis "FlowCCByToggle_2fa2c88f3c1f4868ba7cd09620d007ba" begin
INFO     : ... Hierarchical pre-synthesis "FlowCCByToggle_2fa2c88f3c1f4868ba7cd09620d007ba" end (Real time : 0s CPU user time : 1s CPU sys time : 0s MEM : 339724KB)
INFO     : ... Hierarchical pre-synthesis "BufferCC_2_2fa2c88f3c1f4868ba7cd09620d007ba" begin
INFO     : ... Hierarchical pre-synthesis "BufferCC_2_2fa2c88f3c1f4868ba7cd09620d007ba" end (Real time : 0s CPU user time : 1s CPU sys time : 0s MEM : 339724KB)
INFO     : ... Hierarchical pre-synthesis "BufferCC_3_2fa2c88f3c1f4868ba7cd09620d007ba" begin
INFO     : ... Hierarchical pre-synthesis "BufferCC_3_2fa2c88f3c1f4868ba7cd09620d007ba" end (Real time : 0s CPU user time : 1s CPU sys time : 0s MEM : 339724KB)
INFO     : ... Hierarchical pre-synthesis "FlowCCByToggle_1_2fa2c88f3c1f4868ba7cd09620d007ba" begin

INFO     : ... Hierarchical pre-synthesis "FlowCCByToggle_1_2fa2c88f3c1f4868ba7cd09620d007ba" end (Real time : 0s CPU user time : 1s CPU sys time : 0s MEM : 339724KB)
INFO     : ... Hierarchical pre-synthesis "DebugTransportModuleTunneled_2fa2c88f3c1f4868ba7cd09620d007ba" begin

INFO     : ... Hierarchical pre-synthesis "DebugTransportModuleTunneled_2fa2c88f3c1f4868ba7cd09620d007ba" end (Real time : 0s CPU user time : 1s CPU sys time : 0s MEM : 339724KB)
INFO     : ... Hierarchical pre-synthesis "BmbDecoder_2fa2c88f3c1f4868ba7cd09620d007ba" begin
INFO     : ... Hierarchical pre-synthesis "BmbDecoder_2fa2c88f3c1f4868ba7cd09620d007ba" end (Real time : 0s CPU user time : 1s CPU sys time : 0s MEM : 339724KB)
INFO     : ... Hierarchical pre-synthesis "StreamArbiter_2fa2c88f3c1f4868ba7cd09620d007ba" begin
INFO     : ... Hierarchical pre-synthesis "StreamArbiter_2fa2c88f3c1f4868ba7cd09620d007ba" end (Real time : 0s CPU user time : 1s CPU sys time : 0s MEM : 339724KB)
INFO     : ... Hierarchical pre-synthesis "BmbArbiter_2fa2c88f3c1f4868ba7cd09620d007ba" begin
INFO     : ... Hierarchical pre-synthesis "BmbArbiter_2fa2c88f3c1f4868ba7cd09620d007ba" end (Real time : 0s CPU user time : 1s CPU sys time : 0s MEM : 339724KB)
INFO     : ... Hierarchical pre-synthesis "BmbDecoder_1_2fa2c88f3c1f4868ba7cd09620d007ba" begin

INFO     : ... Hierarchical pre-synthesis "BmbDecoder_1_2fa2c88f3c1f4868ba7cd09620d007ba" end (Real time : 0s CPU user time : 1s CPU sys time : 0s MEM : 339724KB)
INFO     : ... Hierarchical pre-synthesis "BmbOnChipRam_2fa2c88f3c1f4868ba7cd09620d007ba" begin
INFO     : ... Hierarchical pre-synthesis "BmbOnChipRam_2fa2c88f3c1f4868ba7cd09620d007ba" end (Real time : 0s CPU user time : 1s CPU sys time : 0s MEM : 339724KB)
INFO     : ... Hierarchical pre-synthesis "BmbUnburstify_2fa2c88f3c1f4868ba7cd09620d007ba" begin
INFO     : ... Hierarchical pre-synthesis "BmbUnburstify_2fa2c88f3c1f4868ba7cd09620d007ba" end (Real time : 0s CPU user time : 1s CPU sys time : 0s MEM : 339724KB)
INFO     : ... Hierarchical pre-synthesis "BmbDecoder_2_2fa2c88f3c1f4868ba7cd09620d007ba" begin

INFO     : ... Hierarchical pre-synthesis "BmbDecoder_2_2fa2c88f3c1f4868ba7cd09620d007ba" end (Real time : 0s CPU user time : 1s CPU sys time : 0s MEM : 339724KB)
INFO     : ... Hierarchical pre-synthesis "BmbClint_2fa2c88f3c1f4868ba7cd09620d007ba" begin

INFO     : ... Hierarchical pre-synthesis "BmbClint_2fa2c88f3c1f4868ba7cd09620d007ba" end (Real time : 0s CPU user time : 1s CPU sys time : 0s MEM : 339724KB)
INFO     : ... Hierarchical pre-synthesis "UartCtrlTx_2fa2c88f3c1f4868ba7cd09620d007ba" begin

INFO     : ... Hierarchical pre-synthesis "UartCtrlTx_2fa2c88f3c1f4868ba7cd09620d007ba" end (Real time : 0s CPU user time : 1s CPU sys time : 0s MEM : 339724KB)
INFO     : ... Hierarchical pre-synthesis "BufferCC_4_2fa2c88f3c1f4868ba7cd09620d007ba" begin
INFO     : ... Hierarchical pre-synthesis "BufferCC_4_2fa2c88f3c1f4868ba7cd09620d007ba" end (Real time : 0s CPU user time : 1s CPU sys time : 0s MEM : 339724KB)
INFO     : ... Hierarchical pre-synthesis "UartCtrlRx_2fa2c88f3c1f4868ba7cd09620d007ba" begin

INFO     : ... Hierarchical pre-synthesis "UartCtrlRx_2fa2c88f3c1f4868ba7cd09620d007ba" end (Real time : 0s CPU user time : 1s CPU sys time : 0s MEM : 339724KB)
INFO     : ... Hierarchical pre-synthesis "UartCtrl_2fa2c88f3c1f4868ba7cd09620d007ba" begin

INFO     : ... Hierarchical pre-synthesis "UartCtrl_2fa2c88f3c1f4868ba7cd09620d007ba" end (Real time : 0s CPU user time : 1s CPU sys time : 0s MEM : 339724KB)
INFO     : ... Hierarchical pre-synthesis "StreamFifo_2fa2c88f3c1f4868ba7cd09620d007ba" begin
INFO     : ... Hierarchical pre-synthesis "StreamFifo_2fa2c88f3c1f4868ba7cd09620d007ba" end (Real time : 0s CPU user time : 1s CPU sys time : 0s MEM : 339724KB)
INFO     : ... Hierarchical pre-synthesis "BmbUartCtrl_2fa2c88f3c1f4868ba7cd09620d007ba" begin

INFO     : ... Hierarchical pre-synthesis "BmbUartCtrl_2fa2c88f3c1f4868ba7cd09620d007ba" end (Real time : 0s CPU user time : 1s CPU sys time : 0s MEM : 339724KB)
INFO     : ... Hierarchical pre-synthesis "BmbGpio2_2fa2c88f3c1f4868ba7cd09620d007ba" begin
INFO     : ... Hierarchical pre-synthesis "BmbGpio2_2fa2c88f3c1f4868ba7cd09620d007ba" end (Real time : 0s CPU user time : 1s CPU sys time : 0s MEM : 339724KB)
INFO     : ... Hierarchical pre-synthesis "EfxSapphireSoc_2fa2c88f3c1f4868ba7cd09620d007ba" begin

INFO     : ... Hierarchical pre-synthesis "EfxSapphireSoc_2fa2c88f3c1f4868ba7cd09620d007ba" end (Real time : 1s CPU user time : 2s CPU sys time : 0s MEM : 339724KB)
INFO     : ... Hierarchical pre-synthesis "micro_risc_v1" begin

INFO     : ... Hierarchical pre-synthesis "micro_risc_v1" end (Real time : 0s CPU user time : 2s CPU sys time : 0s MEM : 339724KB)
INFO     : ... Hierarchical pre-synthesis "mdio_clause22" begin

INFO     : ... Hierarchical pre-synthesis "mdio_clause22" end (Real time : 0s CPU user time : 2s CPU sys time : 0s MEM : 339724KB)
INFO     : ... Hierarchical pre-synthesis "eth_dp83825_udp" begin

INFO     : ... Hierarchical pre-synthesis "eth_dp83825_udp" end (Real time : 0s CPU user time : 2s CPU sys time : 0s MEM : 339724KB)
INFO     : ... Hierarchical pre-synthesis "edb_top" begin

INFO     : ... Hierarchical pre-synthesis "edb_top" end (Real time : 0s CPU user time : 3s CPU sys time : 0s MEM : 339724KB)
INFO     : ... Hierarchical pre-synthesis "top_level" begin

WARNING  : Mapping into logic memory block 'u_micro_risc_v1/u_EfxSapphireSoc/system_riscvJtag_debug_logic_dm/logic_progbufX_mem' (64 bits) (/home/olle/efinity_p2/BRAM/ip/micro_risc_v1/micro_risc_v1.v:4949) because size is too small (<=64) [EFX-0657]

INFO     : ... Clock Enable Synthesis Performed on 377 flops.

INFO     : ... Hierarchical pre-synthesis "top_level" end (Real time : 1s CPU user time : 4s CPU sys time : 0s MEM : 339724KB)

INFO     : ... Flat optimizations begin

INFO     : ... Flat optimizations end (Real time : 0s CPU user time : 4s CPU sys time : 0s MEM : 339724KB)

INFO     : ... Flat synthesis begin

INFO     : ... Flat synthesis end (Real time : 0s CPU user time : 5s CPU sys time : 0s MEM : 339724KB)

INFO     : ... Flat optimizations begin

INFO     : ... Flat optimizations end (Real time : 1s CPU user time : 5s CPU sys time : 0s MEM : 339724KB)

INFO     : ... Check and break combinational loops begin

INFO     : ... Check and break combinational loops end (Real time : 0s CPU user time : 5s CPU sys time : 0s MEM : 339724KB)

INFO     : ... Sequential Optimization begin

INFO     : ... Clock Network 'pll_clk' with 2314 loads will be considered for sequential optimization.

INFO     : ... Clock Network 'clk' with 2135 loads will be considered for sequential optimization.

INFO     : ... Clock Network 'jtag_inst1_TCK' with 1350 loads will be considered for sequential optimization.

INFO     : ... Clock Network 'jtag_dummy_TCK' with 221 loads will be considered for sequential optimization.

INFO     : ... Sequential Optimization deduced 1024 equivalent points.

INFO     : ... Sequential Optimization end (Real time : 23s CPU user time : 29s CPU sys time : 0s MEM : 339724KB)

INFO     : ... Setup for logic synthesis begin

INFO     : ... Setup for logic synthesis end (Real time : 0s CPU user time : 29s CPU sys time : 0s MEM : 339724KB)
INFO     : ... LUT mapping begin

INFO     : ... LS, strategy: 3, nd: 3239, ed: 10403, lv: 7, pw: 9187.68
INFO     : ... LUT mapping end (Real time : 12s CPU user time : 43s CPU sys time : 0s MEM : 339724KB)
INFO     : ... Post-synthesis Verific netlist creation begin

INFO     : ... Post-synthesis Verific netlist creation end (Real time : 0s CPU user time : 43s CPU sys time : 0s MEM : 339724KB)

INFO     : ... Postmap Retiming Optimization begin

INFO     : ... Clock Network 'pll_clk~pll_clk' with 2301 loads will be considered for retiming optimization.

INFO     : ... Clock Network 'clk~clk' with 1702 loads will be considered for retiming optimization.

INFO     : ... Clock Network 'jtag_inst1_TCK~jtag_inst1_TCK' with 1350 loads will be considered for retiming optimization.

INFO     : ... Clock Network 'jtag_dummy_TCK~jtag_dummy_TCK' with 220 loads will be considered for retiming optimization.

INFO     : ... Performed 0 retime moves.

INFO     : ... Postmap Retiming Optimization end (Real time : 20s CPU user time : 65s CPU sys time : 0s MEM : 339724KB)

INFO     : ***** Beginning VDB Netlist Checker ... *****
WARNING  : /home/olle/efinity_p2/BRAM/top_level.vhd(11): Input/inout port phy_intr_n is unconnected and will be removed. [VDB-8003]
WARNING  : /home/olle/efinity_p2/BRAM/top_level.vhd(16): Input/inout port rmii_crs_dv is unconnected and will be removed. [VDB-8003]
WARNING  : /home/olle/efinity_p2/BRAM/top_level.vhd(17): Input/inout port rmii_rx_er is unconnected and will be removed. [VDB-8003]
WARNING  : /home/olle/efinity_p2/BRAM/top_level.vhd(18): Input/inout port rmii_rxd[1] is unconnected and will be removed. [VDB-8003]
WARNING  : /home/olle/efinity_p2/BRAM/top_level.vhd(29): Input/inout port jtag_dummy_TMS is unconnected and will be removed. [VDB-8003]
WARNING  : /home/olle/efinity_p2/BRAM/top_level.vhd(30): Input/inout port jtag_dummy_SEL is unconnected and will be removed. [VDB-8003]
WARNING  : /home/olle/efinity_p2/BRAM/top_level.vhd(31): Input/inout port jtag_dummy_DRCK is unconnected and will be removed. [VDB-8003]
WARNING  : /home/olle/efinity_p2/BRAM/top_level.vhd(33): Input/inout port jtag_dummy_RUNTEST is unconnected and will be removed. [VDB-8003]
WARNING  : Input/inout port jtag_inst1_DRCK is unconnected and will be removed. [VDB-8003]
WARNING  : Input/inout port jtag_inst1_RUNTEST is unconnected and will be removed. [VDB-8003]
WARNING  : Input/inout port jtag_inst1_TMS is unconnected and will be removed. [VDB-8003]

WARNING  : Net u_micro_risc_v1/u_EfxSapphireSoc/system_cores_0_logic_cpu/IBusCachedPlugin_cache/lineLoader_address[0] is dangling. [VDB-8009]
WARNING  : Net u_micro_risc_v1/u_EfxSapphireSoc/system_cores_0_logic_cpu/IBusCachedPlugin_cache/lineLoader_address[1] is dangling. [VDB-8009]
WARNING  : Net u_micro_risc_v1/u_EfxSapphireSoc/system_cores_0_logic_cpu/IBusCachedPlugin_cache/lineLoader_address[2] is dangling. [VDB-8009]
WARNING  : Net u_micro_risc_v1/u_EfxSapphireSoc/system_cores_0_logic_cpu/IBusCachedPlugin_cache/lineLoader_address[3] is dangling. [VDB-8009]
WARNING  : Net u_micro_risc_v1/u_EfxSapphireSoc/system_cores_0_logic_cpu/IBusCachedPlugin_cache/lineLoader_address[4] is dangling. [VDB-8009]
WARNING  : Net u_micro_risc_v1/u_EfxSapphireSoc/system_cores_0_logic_cpu/IBusCachedPlugin_cache/lineLoader_address[5] is dangling. [VDB-8009]

WARNING  : Found 18 warnings in the post-synthesis netlist.
INFO     : VDB Netlist Checker took 0.0324821 seconds.
INFO     : 	VDB Netlist Checker took 0.07 seconds (approximately) in total CPU time.
INFO     : VDB Netlist Checker virtual memory usage: begin = 334.424 MB, end = 334.424 MB, delta = 0 MB
INFO     : VDB Netlist Checker resident set memory usage: begin = 245.72 MB, end = 245.72 MB, delta = 0 MB
INFO     : 	VDB Netlist Checker peak resident set memory usage = 339.724 MB
INFO     : ***** Ending VDB Netlist Checker ... *****

INFO     : Resource Summary 
INFO     : =============================== 
INFO     : EFX_ADD         : 	498
INFO     : EFX_LUT4        : 	6214
INFO     : EFX_FF          : 	5573
INFO     : EFX_RAM_5K      : 	77
INFO     : EFX_GBUFCE      : 	4
INFO     : =============================== 
INFO     : ... Post-Map Verilog Writer begin
INFO     : Writing netlist 'top_level' to Verilog file '/home/olle/efinity_p2/BRAM/work_dbg/BRAM.dbg.map.v' [VDB-1030]

INFO     : ... Post-Map Verilog Writer end (Real time : 1s CPU user time : 66s CPU sys time : 0s MEM : 339724KB)

INFO     : The entire flow of EFX_MAP took 62.5833 seconds.
INFO     : 	The entire flow of EFX_MAP took 66.3 seconds (approximately) in total CPU time.
INFO     : The entire flow of EFX_MAP virtual memory usage: begin = 88.404 MB, end = 334.424 MB, delta = 246.02 MB
INFO     : The entire flow of EFX_MAP resident set memory usage: begin = 27.392 MB, end = 245.72 MB, delta = 218.328 MB
INFO     : 	The entire flow of EFX_MAP peak resident set memory usage = 339.724 MB

Sat August 16 25 08:30:39 - /home/olle/efinix/efinity/2025.1/bin/efx_map finished. Exit code = 0 Exit status : Normal

Debugger Step Merge User design with Debugger Cores. Done

--------------------------------------------------------------

--------------------------------------------------------------

Start Debugger Step Instantiate Jtag.

Sat August 16 25 08:30:39 - /home/olle/efinix/efinity/2025.1/bin/python3  "/home/olle/efinix/efinity/2025.1/scripts/efx_pt_jtag_util.py" --device "T20F169" --project "BRAM" --design_file "/home/olle/efinity_p2/BRAM/BRAM.peri.xml" --action "add" --jtag_user "JTAG_USER1" --output "/home/olle/efinity_p2/BRAM/BRAM.dbg.peri.xml"

Sat August 16 25 08:30:39 - Running /home/olle/efinix/efinity/2025.1/bin/python3...


== Load a design from file /home/olle/efinity_p2/BRAM/BRAM.peri.xml
INFO: Load design...
INFO: Periphery design is in sync with Efinity project
INFO: Load design...done.

== Create JTAG with default setting and pin name

== Assign JTAG_USER1 resource to new jtag
INFO: Check design...
INFO: Check design...done.

== Save Design to file: /home/olle/efinity_p2/BRAM/BRAM.dbg.peri.xml
INFO: Save as design...
INFO: Save as design...done.

Save db version: 20251999

Sat August 16 25 08:30:41 - /home/olle/efinix/efinity/2025.1/bin/python3 finished. Exit code = 0 Exit status : Normal

Debugger Step Instantiate Jtag. Done

--------------------------------------------------------------

Debugger Step Instantiate Jtag. Done

Sat August 16 25 08:30:41 - End Debugger Flow



-------------------------------------------------------------------------

Placement and Routing

-------------------------------------------------------------------------

Sat August 16 25 08:30:41 - Placement and routing flow working directory is /home/olle/efinity_p2/BRAM/work_pnr


INFO     : --max_threads set to 4 

Sat August 16 25 08:30:42 - /home/olle/efinix/efinity/2025.1/bin/python3  "/home/olle/efinix/efinity/2025.1/scripts/efx_run_pt_unified.py"  "BRAM.dbg"  "Trion"  "T20F169"

Sat August 16 25 08:30:42 - Running /home/olle/efinix/efinity/2025.1/bin/python3...

Load design file BRAM.dbg.peri.xml
Writing out summary report file
Writing out pinout file
Writing out interface config file
Writing out timing related file
Writing out verilog template file
Writing out option register file
Writing out boundary scan description file
Writing out LPF

Sat August 16 25 08:30:46 - /home/olle/efinix/efinity/2025.1/bin/python3 finished. Exit code = 0 Exit status : Normal

Sat August 16 25 08:30:46 - /home/olle/efinix/efinity/2025.1/bin/efx_pnr --circuit "BRAM" --family "Trion" --device "T20F169" --operating_conditions "C3" --pack --place --route --vdb_file "/home/olle/efinity_p2/BRAM/outflow/BRAM.dbg.vdb" --use_vdb_file "on" --place_file "/home/olle/efinity_p2/BRAM/outflow/BRAM.place" --route_file "/home/olle/efinity_p2/BRAM/outflow/BRAM.route" --sdc_file "/home/olle/efinity_p2/BRAM/const1.sdc" --sync_file "/home/olle/efinity_p2/BRAM/outflow/BRAM.interface.csv" --seed "1" --placer_effort_level "2" --max_threads "-1" --print_critical_path "10" --work_dir "/home/olle/efinity_p2/BRAM/work_pnr" --output_dir "/home/olle/efinity_p2/BRAM/outflow" --timing_analysis "on" --load_delay_matrix

Sat August 16 25 08:30:46 - Running /home/olle/efinix/efinity/2025.1/bin/efx_pnr...

INFO     : --max_threads set to 4 


           

           Efinix FPGA Placement and Routing.

           Version: 2025.1.110.2.15 

           Compiled: Jun 21 2025.

           

           Copyright (C) 2013 - 2025 Efinix, Inc. All rights reserved.


           

           The Tool Is Based on VPR of University of Toronto,

           a free open source code under MIT license.

           

           

INFO     : Running Placement and Routing for Family "Trion", Device "T20F169" ...


           

           ***** Beginning stage netlist pre-processing ... *****

INFO     : Successfully Read in Verific binary Netlist dump file "/home/olle/efinity_p2/BRAM/outflow/BRAM.dbg.vdb".


INFO     : ***** Beginning VDB Netlist Checker ... *****


WARNING  : /home/olle/efinity_p2/BRAM/top_level.vhd(11): Input/inout port phy_intr_n is unconnected and will be removed. [VDB-8003]


WARNING  : /home/olle/efinity_p2/BRAM/top_level.vhd(16): Input/inout port rmii_crs_dv is unconnected and will be removed. [VDB-8003]


WARNING  : /home/olle/efinity_p2/BRAM/top_level.vhd(17): Input/inout port rmii_rx_er is unconnected and will be removed. [VDB-8003]


WARNING  : /home/olle/efinity_p2/BRAM/top_level.vhd(18): Input/inout port rmii_rxd[1] is unconnected and will be removed. [VDB-8003]


WARNING  : /home/olle/efinity_p2/BRAM/top_level.vhd(29): Input/inout port jtag_dummy_TMS is unconnected and will be removed. [VDB-8003]


WARNING  : /home/olle/efinity_p2/BRAM/top_level.vhd(30): Input/inout port jtag_dummy_SEL is unconnected and will be removed. [VDB-8003]


WARNING  : /home/olle/efinity_p2/BRAM/top_level.vhd(31): Input/inout port jtag_dummy_DRCK is unconnected and will be removed. [VDB-8003]


WARNING  : /home/olle/efinity_p2/BRAM/top_level.vhd(33): Input/inout port jtag_dummy_RUNTEST is unconnected and will be removed. [VDB-8003]


WARNING  : Input/inout port jtag_inst1_DRCK is unconnected and will be removed. [VDB-8003]


WARNING  : Input/inout port jtag_inst1_RUNTEST is unconnected and will be removed. [VDB-8003]


WARNING  : Input/inout port jtag_inst1_TMS is unconnected and will be removed. [VDB-8003]


WARNING  : Net u_micro_risc_v1/u_EfxSapphireSoc/system_cores_0_logic_cpu/IBusCachedPlugin_cache/lineLoader_address[0] is dangling. [VDB-8009]


WARNING  : Net u_micro_risc_v1/u_EfxSapphireSoc/system_cores_0_logic_cpu/IBusCachedPlugin_cache/lineLoader_address[1] is dangling. [VDB-8009]


WARNING  : Net u_micro_risc_v1/u_EfxSapphireSoc/system_cores_0_logic_cpu/IBusCachedPlugin_cache/lineLoader_address[2] is dangling. [VDB-8009]


WARNING  : Net u_micro_risc_v1/u_EfxSapphireSoc/system_cores_0_logic_cpu/IBusCachedPlugin_cache/lineLoader_address[3] is dangling. [VDB-8009]


WARNING  : Net u_micro_risc_v1/u_EfxSapphireSoc/system_cores_0_logic_cpu/IBusCachedPlugin_cache/lineLoader_address[4] is dangling. [VDB-8009]


WARNING  : Net u_micro_risc_v1/u_EfxSapphireSoc/system_cores_0_logic_cpu/IBusCachedPlugin_cache/lineLoader_address[5] is dangling. [VDB-8009]


WARNING  : Found 18 warnings in the post-synthesis netlist.


INFO     : VDB Netlist Checker took 0.0286125 seconds.


INFO     : 	VDB Netlist Checker took 0.05 seconds (approximately) in total CPU time.


INFO     : VDB Netlist Checker virtual memory usage: begin = 228.656 MB, end = 245.068 MB, delta = 16.412 MB


INFO     : VDB Netlist Checker resident set memory usage: begin = 119.68 MB, end = 120.32 MB, delta = 0.64 MB


INFO     : 	VDB Netlist Checker peak resident set memory usage = 339.724 MB


INFO     : ***** Ending VDB Netlist Checker ... *****


INFO     : Reading core interface constraints file "/home/olle/efinity_p2/BRAM/outflow/BRAM.interface.csv"


INFO     : Successfully read core interface constraints file "/home/olle/efinity_p2/BRAM/outflow/BRAM.interface.csv"


INFO     : Found 0 constant generator nets.


INFO     : Pass 0: Swept away 6 nets with no fanout.


INFO     : logical_block #3(phy_intr_n) has no fanout.


INFO     : Removing input.


INFO     : logical_block #7(rmii_crs_dv) has no fanout.


INFO     : Removing input.


INFO     : logical_block #8(rmii_rx_er) has no fanout.


INFO     : Removing input.


INFO     : logical_block #9(rmii_rxd[1]) has no fanout.


INFO     : Removing input.


INFO     : logical_block #10(rmii_rxd[0]) has no fanout.


INFO     : Removing input.


INFO     : logical_block #22(jtag_dummy_TMS) has no fanout.


INFO     : Removing input.


INFO     : logical_block #23(jtag_dummy_SEL) has no fanout.


INFO     : Removing input.


INFO     : logical_block #24(jtag_dummy_DRCK) has no fanout.


INFO     : Removing input.


INFO     : logical_block #26(jtag_dummy_RUNTEST) has no fanout.


INFO     : Removing input.


INFO     : logical_block #35(jtag_inst1_DRCK) has no fanout.


INFO     : Removing input.


INFO     : logical_block #37(jtag_inst1_RUNTEST) has no fanout.


INFO     : Removing input.


INFO     : logical_block #42(jtag_inst1_TMS) has no fanout.


INFO     : Removing input.


WARNING  : logical_block u_micro_risc_v1/u_EfxSapphireSoc/system_cores_0_logic_cpu/IBusCachedPlugin_cache/lineLoader_address[0]~FF #265 has no fanout. Check synthesis flow


WARNING  : logical_block u_micro_risc_v1/u_EfxSapphireSoc/system_cores_0_logic_cpu/IBusCachedPlugin_cache/lineLoader_address[1]~FF #275 has no fanout. Check synthesis flow


WARNING  : logical_block u_micro_risc_v1/u_EfxSapphireSoc/system_cores_0_logic_cpu/IBusCachedPlugin_cache/lineLoader_address[2]~FF #276 has no fanout. Check synthesis flow


WARNING  : logical_block u_micro_risc_v1/u_EfxSapphireSoc/system_cores_0_logic_cpu/IBusCachedPlugin_cache/lineLoader_address[3]~FF #277 has no fanout. Check synthesis flow


WARNING  : logical_block u_micro_risc_v1/u_EfxSapphireSoc/system_cores_0_logic_cpu/IBusCachedPlugin_cache/lineLoader_address[4]~FF #278 has no fanout. Check synthesis flow


WARNING  : logical_block u_micro_risc_v1/u_EfxSapphireSoc/system_cores_0_logic_cpu/IBusCachedPlugin_cache/lineLoader_address[5]~FF #279 has no fanout. Check synthesis flow


INFO     : Pass 0: Swept away 12 blocks with no fanout.


INFO     : Pass 1: Swept away 0 nets with no fanout.


WARNING  : logical_block u_micro_risc_v1/u_EfxSapphireSoc/system_cores_0_logic_cpu/IBusCachedPlugin_cache/lineLoader_address[0]~FF #265 has no fanout. Check synthesis flow


WARNING  : logical_block u_micro_risc_v1/u_EfxSapphireSoc/system_cores_0_logic_cpu/IBusCachedPlugin_cache/lineLoader_address[1]~FF #275 has no fanout. Check synthesis flow


WARNING  : logical_block u_micro_risc_v1/u_EfxSapphireSoc/system_cores_0_logic_cpu/IBusCachedPlugin_cache/lineLoader_address[2]~FF #276 has no fanout. Check synthesis flow


WARNING  : logical_block u_micro_risc_v1/u_EfxSapphireSoc/system_cores_0_logic_cpu/IBusCachedPlugin_cache/lineLoader_address[3]~FF #277 has no fanout. Check synthesis flow


WARNING  : logical_block u_micro_risc_v1/u_EfxSapphireSoc/system_cores_0_logic_cpu/IBusCachedPlugin_cache/lineLoader_address[4]~FF #278 has no fanout. Check synthesis flow


WARNING  : logical_block u_micro_risc_v1/u_EfxSapphireSoc/system_cores_0_logic_cpu/IBusCachedPlugin_cache/lineLoader_address[5]~FF #279 has no fanout. Check synthesis flow


INFO     : Pass 1: Swept away 0 blocks with no fanout.


INFO     : Swept away 6 nets and 12 blocks in total.


INFO     : Removed 0 LUT buffers


INFO     : Sweept away 12 nodes


INFO     : Successfully created VPR logical netlist from Verific binary DataBase file "/home/olle/efinity_p2/BRAM/outflow/BRAM.dbg.vdb".


INFO     : Netlist pre-processing took 0.244802 seconds.


INFO     : 	Netlist pre-processing took 0.25 seconds (approximately) in total CPU time.


INFO     : Netlist pre-processing virtual memory usage: begin = 228.656 MB, end = 245.068 MB, delta = 16.412 MB


INFO     : Netlist pre-processing resident set memory usage: begin = 118.656 MB, end = 120.576 MB, delta = 1.92 MB


INFO     : 	Netlist pre-processing peak resident set memory usage = 339.724 MB


           ***** Ending stage netlist pre-processing *****

           

           ***** Beginning stage pre-packing ... *****

           ***** Ending stage pre-packing *****

           

           ***** Beginning stage packing ... *****

WARNING  : Packer found FF 'u_micro_risc_v1/u_EfxSapphireSoc/system_cores_0_logic_cpu/IBusCachedPlugin_cache/lineLoader_address[0]~FF' with no output net.


WARNING  : If possible, remove 'syn_preserve' attribute on FF output.


WARNING  : Packer found FF 'u_micro_risc_v1/u_EfxSapphireSoc/system_cores_0_logic_cpu/IBusCachedPlugin_cache/lineLoader_address[1]~FF' with no output net.


WARNING  : If possible, remove 'syn_preserve' attribute on FF output.


WARNING  : Packer found FF 'u_micro_risc_v1/u_EfxSapphireSoc/system_cores_0_logic_cpu/IBusCachedPlugin_cache/lineLoader_address[2]~FF' with no output net.


WARNING  : If possible, remove 'syn_preserve' attribute on FF output.


WARNING  : Packer found FF 'u_micro_risc_v1/u_EfxSapphireSoc/system_cores_0_logic_cpu/IBusCachedPlugin_cache/lineLoader_address[3]~FF' with no output net.


WARNING  : If possible, remove 'syn_preserve' attribute on FF output.


WARNING  : Packer found FF 'u_micro_risc_v1/u_EfxSapphireSoc/system_cores_0_logic_cpu/IBusCachedPlugin_cache/lineLoader_address[4]~FF' with no output net.


WARNING  : If possible, remove 'syn_preserve' attribute on FF output.


WARNING  : Packer found FF 'u_micro_risc_v1/u_EfxSapphireSoc/system_cores_0_logic_cpu/IBusCachedPlugin_cache/lineLoader_address[5]~FF' with no output net.


WARNING  : If possible, remove 'syn_preserve' attribute on FF output.


INFO     : Generate proto netlist for file "/home/olle/efinity_p2/BRAM/work_pnr/BRAM.net_proto" took 0.024343 seconds


INFO     : Creating IO constraints file '/home/olle/efinity_p2/BRAM/work_pnr/BRAM.io_place'


INFO     : Packing took 0.0803009 seconds.


INFO     : 	Packing took 0.08 seconds (approximately) in total CPU time.


INFO     : Packing virtual memory usage: begin = 245.068 MB, end = 245.068 MB, delta = 0 MB


INFO     : Packing resident set memory usage: begin = 121.344 MB, end = 121.984 MB, delta = 0.64 MB


INFO     : 	Packing peak resident set memory usage = 339.724 MB


           ***** Ending stage packing *****

           

INFO     : Read proto netlist file /home/olle/efinity_p2/BRAM/work_pnr/BRAM.net_proto


INFO     : Read proto netlist for file "/home/olle/efinity_p2/BRAM/work_pnr/BRAM.net_proto" took 0.01984 seconds


INFO     : Setup net and block data structure took 0.30692 seconds


WARNING  : Found 18 warnings in the post-synthesis netlist.


INFO     : Reading core interface constraints file "/home/olle/efinity_p2/BRAM/outflow/BRAM.interface.csv"


INFO     : Successfully read core interface constraints file "/home/olle/efinity_p2/BRAM/outflow/BRAM.interface.csv"


INFO     : logical_block u_micro_risc_v1/u_EfxSapphireSoc/system_cores_0_logic_cpu/IBusCachedPlugin_cache/lineLoader_address[0]~FF #265 has no fanout. Check synthesis flow


INFO     : logical_block u_micro_risc_v1/u_EfxSapphireSoc/system_cores_0_logic_cpu/IBusCachedPlugin_cache/lineLoader_address[1]~FF #275 has no fanout. Check synthesis flow


INFO     : logical_block u_micro_risc_v1/u_EfxSapphireSoc/system_cores_0_logic_cpu/IBusCachedPlugin_cache/lineLoader_address[2]~FF #276 has no fanout. Check synthesis flow


INFO     : logical_block u_micro_risc_v1/u_EfxSapphireSoc/system_cores_0_logic_cpu/IBusCachedPlugin_cache/lineLoader_address[3]~FF #277 has no fanout. Check synthesis flow


INFO     : logical_block u_micro_risc_v1/u_EfxSapphireSoc/system_cores_0_logic_cpu/IBusCachedPlugin_cache/lineLoader_address[4]~FF #278 has no fanout. Check synthesis flow


INFO     : logical_block u_micro_risc_v1/u_EfxSapphireSoc/system_cores_0_logic_cpu/IBusCachedPlugin_cache/lineLoader_address[5]~FF #279 has no fanout. Check synthesis flow


INFO     : logical_block u_micro_risc_v1/u_EfxSapphireSoc/system_cores_0_logic_cpu/IBusCachedPlugin_cache/lineLoader_address[0]~FF #265 has no fanout. Check synthesis flow


INFO     : logical_block u_micro_risc_v1/u_EfxSapphireSoc/system_cores_0_logic_cpu/IBusCachedPlugin_cache/lineLoader_address[1]~FF #275 has no fanout. Check synthesis flow


INFO     : logical_block u_micro_risc_v1/u_EfxSapphireSoc/system_cores_0_logic_cpu/IBusCachedPlugin_cache/lineLoader_address[2]~FF #276 has no fanout. Check synthesis flow


INFO     : logical_block u_micro_risc_v1/u_EfxSapphireSoc/system_cores_0_logic_cpu/IBusCachedPlugin_cache/lineLoader_address[3]~FF #277 has no fanout. Check synthesis flow


INFO     : logical_block u_micro_risc_v1/u_EfxSapphireSoc/system_cores_0_logic_cpu/IBusCachedPlugin_cache/lineLoader_address[4]~FF #278 has no fanout. Check synthesis flow


INFO     : logical_block u_micro_risc_v1/u_EfxSapphireSoc/system_cores_0_logic_cpu/IBusCachedPlugin_cache/lineLoader_address[5]~FF #279 has no fanout. Check synthesis flow


           ***** Beginning stage packed netlist loading ... *****

INFO     : Read proto netlist file /home/olle/efinity_p2/BRAM/work_pnr/BRAM.net_proto


INFO     : Read proto netlist for file "/home/olle/efinity_p2/BRAM/work_pnr/BRAM.net_proto" took 0.02064 seconds


INFO     : Setup net and block data structure took 0.286569 seconds


INFO     : Packed netlist loading took 0.310492 seconds.


INFO     : 	Packed netlist loading took 0.31 seconds (approximately) in total CPU time.


INFO     : Packed netlist loading virtual memory usage: begin = 274.372 MB, end = 274.372 MB, delta = 0 MB


INFO     : Packed netlist loading resident set memory usage: begin = 165.12 MB, end = 165.12 MB, delta = 0 MB


INFO     : 	Packed netlist loading peak resident set memory usage = 339.724 MB


           ***** Ending stage packed netlist loading *****

           

           ***** Beginning stage pre-placement ... *****

           

           ***** Ending stage pre-placement *****

           

INFO     : SDC file '/home/olle/efinity_p2/BRAM/const1.sdc' parsed successfully.


INFO     : 2 clocks (including virtual clocks), 0 inputs and 0 outputs were constrained.


           ***** Beginning stage initial placement ... *****

INFO     : Reading core interface constraints file "/home/olle/efinity_p2/BRAM/outflow/BRAM.interface.csv"


INFO     : Successfully read core interface constraints file "/home/olle/efinity_p2/BRAM/outflow/BRAM.interface.csv"


INFO     : Writing IO placement constraints to "/home/olle/efinity_p2/BRAM/outflow/BRAM.interface.io"


INFO     : Reading placement constraints from '/home/olle/efinity_p2/BRAM/outflow/BRAM.interface.io'.


INFO     : Reading placement constraints from '/home/olle/efinity_p2/BRAM/work_pnr/BRAM.io_place'.


WARNING  : phy_rst_n has no assigned placement; it will be placed randomly.


WARNING  : jtag_dummy_TDI has no assigned placement; it will be placed randomly.


WARNING  : jtag_dummy_TCK has no assigned placement; it will be placed randomly.


WARNING  : jtag_dummy_RESET has no assigned placement; it will be placed randomly.


WARNING  : jtag_dummy_CAPTURE has no assigned placement; it will be placed randomly.


WARNING  : jtag_dummy_SHIFT has no assigned placement; it will be placed randomly.


WARNING  : jtag_dummy_UPDATE has no assigned placement; it will be placed randomly.


WARNING  : jtag_dummy_TDO has no assigned placement; it will be placed randomly.


INFO     : 8 IOs will have random placement.


WARNING  : Clock source jtag_inst1_TCK does not use a dedicated clock pad, so extra clock insertion delay is added


           ***** Ending stage initial placement *****

           

           ***** Beginning stage placement ... *****

INFO     : Found 81 synchronizers as follows: 


INFO     : 	Synchronizer 0: 


INFO     :  u_micro_risc_v1/u_EfxSapphireSoc/system_riscvJtag_hard_noTap_tunnel_io_bus_cmd_payload_address[6]~FF


INFO     : 	Synchronizer 1: 


INFO     :  u_micro_risc_v1/u_EfxSapphireSoc/system_riscvJtag_hard_noTap_tunnel_io_bus_cmd_payload_address[5]~FF


INFO     : 	Synchronizer 2: 


INFO     :  u_micro_risc_v1/u_EfxSapphireSoc/system_riscvJtag_hard_noTap_tunnel_io_bus_cmd_payload_address[4]~FF


INFO     : 	Synchronizer 3: 


INFO     :  u_micro_risc_v1/u_EfxSapphireSoc/system_riscvJtag_hard_noTap_tunnel_io_bus_cmd_payload_address[3]~FF


INFO     : 	Synchronizer 4: 


INFO     :  u_micro_risc_v1/u_EfxSapphireSoc/system_riscvJtag_hard_noTap_tunnel_io_bus_cmd_payload_address[2]~FF


INFO     : 	Synchronizer 5: 


INFO     :  u_micro_risc_v1/u_EfxSapphireSoc/system_riscvJtag_hard_noTap_tunnel_io_bus_cmd_payload_address[1]~FF


INFO     : 	Synchronizer 6: 


INFO     :  u_micro_risc_v1/u_EfxSapphireSoc/system_riscvJtag_hard_noTap_tunnel_io_bus_cmd_payload_data[31]~FF


INFO     : 	Synchronizer 7: 


INFO     :  u_micro_risc_v1/u_EfxSapphireSoc/system_riscvJtag_hard_noTap_tunnel_io_bus_cmd_payload_data[30]~FF


INFO     : 	Synchronizer 8: 


INFO     :  u_micro_risc_v1/u_EfxSapphireSoc/system_riscvJtag_hard_noTap_tunnel_io_bus_cmd_payload_data[26]~FF


INFO     : 	Synchronizer 9: 


INFO     :  u_micro_risc_v1/u_EfxSapphireSoc/system_riscvJtag_hard_noTap_tunnel_io_bus_cmd_payload_data[25]~FF


INFO     : 	Synchronizer 10: 


INFO     :  u_micro_risc_v1/u_EfxSapphireSoc/system_riscvJtag_hard_noTap_tunnel_io_bus_cmd_payload_data[24]~FF


INFO     : 	Synchronizer 11: 


INFO     :  u_micro_risc_v1/u_EfxSapphireSoc/system_riscvJtag_hard_noTap_tunnel_io_bus_cmd_payload_data[23]~FF


INFO     : 	Synchronizer 12: 


INFO     :  u_micro_risc_v1/u_EfxSapphireSoc/system_riscvJtag_hard_noTap_tunnel_io_bus_cmd_payload_data[22]~FF


INFO     : 	Synchronizer 13: 


INFO     :  u_micro_risc_v1/u_EfxSapphireSoc/system_riscvJtag_hard_noTap_tunnel_io_bus_cmd_payload_data[21]~FF


INFO     : 	Synchronizer 14: 


INFO     :  u_micro_risc_v1/u_EfxSapphireSoc/system_riscvJtag_hard_noTap_tunnel_io_bus_cmd_payload_data[20]~FF


INFO     : 	Synchronizer 15: 


INFO     :  u_micro_risc_v1/u_EfxSapphireSoc/system_riscvJtag_hard_noTap_tunnel_io_bus_cmd_payload_data[19]~FF


INFO     : 	Synchronizer 16: 


INFO     :  u_micro_risc_v1/u_EfxSapphireSoc/system_riscvJtag_hard_noTap_tunnel_io_bus_cmd_payload_data[18]~FF


INFO     : 	Synchronizer 17: 


INFO     :  u_micro_risc_v1/u_EfxSapphireSoc/system_riscvJtag_hard_noTap_tunnel_io_bus_cmd_payload_data[17]~FF


INFO     : 	Synchronizer 18: 


INFO     :  u_micro_risc_v1/u_EfxSapphireSoc/system_riscvJtag_hard_noTap_tunnel_io_bus_cmd_payload_data[16]~FF


INFO     : 	Synchronizer 19: 


INFO     :  u_micro_risc_v1/u_EfxSapphireSoc/system_riscvJtag_hard_noTap_tunnel_io_bus_cmd_payload_data[15]~FF


INFO     : 	Synchronizer 20: 


INFO     :  u_micro_risc_v1/u_EfxSapphireSoc/system_riscvJtag_hard_noTap_tunnel_io_bus_cmd_payload_data[14]~FF


INFO     : 	Synchronizer 21: 


INFO     :  u_micro_risc_v1/u_EfxSapphireSoc/system_riscvJtag_hard_noTap_tunnel_io_bus_cmd_payload_data[13]~FF


INFO     : 	Synchronizer 22: 


INFO     :  u_micro_risc_v1/u_EfxSapphireSoc/system_riscvJtag_hard_noTap_tunnel_io_bus_cmd_payload_data[12]~FF


INFO     : 	Synchronizer 23: 


INFO     :  u_micro_risc_v1/u_EfxSapphireSoc/system_riscvJtag_hard_noTap_tunnel/logic_systemLogic_bus_rsp_ccToggle_io_output_payload_data[3]~FF


INFO     : 	Synchronizer 24: 


INFO     :  u_micro_risc_v1/u_EfxSapphireSoc/system_riscvJtag_hard_noTap_tunnel/logic_systemLogic_bus_rsp_ccToggle_io_output_payload_data[2]~FF


INFO     : 	Synchronizer 25: 


INFO     :  u_micro_risc_v1/u_EfxSapphireSoc/system_riscvJtag_hard_noTap_tunnel/logic_systemLogic_bus_rsp_ccToggle_io_output_payload_data[1]~FF


INFO     : 	Synchronizer 26: 


INFO     :  u_micro_risc_v1/u_EfxSapphireSoc/system_riscvJtag_hard_noTap_tunnel/logic_systemLogic_bus_rsp_ccToggle_io_output_payload_data[0]~FF


INFO     : 	Synchronizer 27: 


INFO     :  u_micro_risc_v1/u_EfxSapphireSoc/system_riscvJtag_hard_noTap_tunnel/logic_systemLogic_bus_rsp_ccToggle/system_riscvJtag_hard_noTap_tunnel_toplevel_debugCd_logic_outputReset_asyncAssertSyncDeassert_buffercc/buffers_0~FF


INFO     :  u_micro_risc_v1/u_EfxSapphireSoc/system_riscvJtag_hard_noTap_tunnel/logic_systemLogic_bus_rsp_ccToggle/system_riscvJtag_hard_noTap_tunnel_toplevel_debugCd_logic_outputReset_asyncAssertSyncDeassert_buffercc_io_dataOut~FF


INFO     : 	Synchronizer 28: 


INFO     :  u_micro_risc_v1/u_EfxSapphireSoc/system_riscvJtag_hard_noTap_tunnel/logic_systemLogic_bus_rsp_ccToggle/inputArea_target_buffercc/buffers_0~FF


INFO     :  u_micro_risc_v1/u_EfxSapphireSoc/system_riscvJtag_hard_noTap_tunnel/logic_systemLogic_bus_rsp_ccToggle/inputArea_target_buffercc_io_dataOut~FF


INFO     : 	Synchronizer 29: 


INFO     :  u_micro_risc_v1/u_EfxSapphireSoc/system_riscvJtag_hard_noTap_tunnel/logic_systemLogic_bus_rsp_ccToggle_io_output_payload_data[20]~FF


INFO     : 	Synchronizer 30: 


INFO     :  u_micro_risc_v1/u_EfxSapphireSoc/system_riscvJtag_hard_noTap_tunnel_io_bus_cmd_payload_data[29]~FF


INFO     : 	Synchronizer 31: 


INFO     :  u_micro_risc_v1/u_EfxSapphireSoc/system_riscvJtag_hard_noTap_tunnel_io_bus_cmd_payload_address[0]~FF


INFO     : 	Synchronizer 32: 


INFO     :  u_micro_risc_v1/u_EfxSapphireSoc/system_riscvJtag_hard_noTap_tunnel/logic_systemLogic_bus_rsp_ccToggle_io_output_payload_data[4]~FF


INFO     : 	Synchronizer 33: 


INFO     :  u_micro_risc_v1/u_EfxSapphireSoc/system_riscvJtag_hard_noTap_tunnel/logic_systemLogic_bus_rsp_ccToggle_io_output_payload_data[5]~FF


INFO     : 	Synchronizer 34: 


INFO     :  u_micro_risc_v1/u_EfxSapphireSoc/system_riscvJtag_hard_noTap_tunnel/logic_systemLogic_bus_rsp_ccToggle_io_output_payload_data[6]~FF


INFO     : 	Synchronizer 35: 


INFO     :  u_micro_risc_v1/u_EfxSapphireSoc/system_riscvJtag_hard_noTap_tunnel/logic_systemLogic_bus_rsp_ccToggle_io_output_payload_data[7]~FF


INFO     : 	Synchronizer 36: 


INFO     :  u_micro_risc_v1/u_EfxSapphireSoc/system_riscvJtag_hard_noTap_tunnel/logic_systemLogic_bus_rsp_ccToggle_io_output_payload_data[9]~FF


INFO     : 	Synchronizer 37: 


INFO     :  u_micro_risc_v1/u_EfxSapphireSoc/system_riscvJtag_hard_noTap_tunnel/logic_systemLogic_bus_rsp_ccToggle_io_output_payload_data[10]~FF


INFO     : 	Synchronizer 38: 


INFO     :  u_micro_risc_v1/u_EfxSapphireSoc/system_riscvJtag_hard_noTap_tunnel/logic_systemLogic_bus_rsp_ccToggle_io_output_payload_data[8]~FF


INFO     : 	Synchronizer 39: 


INFO     :  u_micro_risc_v1/u_EfxSapphireSoc/system_riscvJtag_hard_noTap_tunnel_io_bus_cmd_payload_data[28]~FF


INFO     : 	Synchronizer 40: 


INFO     :  u_micro_risc_v1/u_EfxSapphireSoc/system_riscvJtag_hard_noTap_tunnel_io_bus_cmd_payload_data[0]~FF


INFO     : 	Synchronizer 41: 


INFO     :  u_micro_risc_v1/u_EfxSapphireSoc/debugCd_logic_outputReset_asyncAssertSyncDeassert_buffercc/buffers_0~FF


INFO     :  u_micro_risc_v1/u_EfxSapphireSoc/debugCd_logic_outputReset_asyncAssertSyncDeassert_buffercc_io_dataOut~FF


INFO     : 	Synchronizer 42: 


INFO     :  u_micro_risc_v1/u_EfxSapphireSoc/system_riscvJtag_hard_noTap_tunnel/logic_systemLogic_bus_rsp_ccToggle_io_output_payload_data[16]~FF


INFO     : 	Synchronizer 43: 


INFO     :  u_micro_risc_v1/u_EfxSapphireSoc/system_riscvJtag_hard_noTap_tunnel/logic_systemLogic_bus_rsp_ccToggle_io_output_payload_data[17]~FF


INFO     : 	Synchronizer 44: 


INFO     :  u_micro_risc_v1/u_EfxSapphireSoc/system_riscvJtag_hard_noTap_tunnel_io_bus_cmd_payload_data[27]~FF


INFO     : 	Synchronizer 45: 


INFO     :  u_micro_risc_v1/u_EfxSapphireSoc/system_riscvJtag_hard_noTap_tunnel_io_bus_cmd_payload_write~FF


INFO     : 	Synchronizer 46: 


INFO     :  u_micro_risc_v1/u_EfxSapphireSoc/system_riscvJtag_hard_noTap_tunnel/logic_systemLogic_bus_rsp_ccToggle_io_output_payload_data[11]~FF


INFO     : 	Synchronizer 47: 


INFO     :  u_micro_risc_v1/u_EfxSapphireSoc/system_riscvJtag_hard_noTap_tunnel/logic_systemLogic_bus_rsp_ccToggle_io_output_payload_data[12]~FF


INFO     : 	Synchronizer 48: 


INFO     :  u_micro_risc_v1/u_EfxSapphireSoc/system_riscvJtag_hard_noTap_tunnel/logic_systemLogic_bus_rsp_ccToggle_io_output_payload_data[13]~FF


INFO     : 	Synchronizer 49: 


INFO     :  u_micro_risc_v1/u_EfxSapphireSoc/system_uart_0_io_logic/uartCtrl_1/rx/io_rxd_buffercc/buffers_0~FF


INFO     :  u_micro_risc_v1/u_EfxSapphireSoc/system_uart_0_io_logic/uartCtrl_1/rx/io_rxd_buffercc_io_dataOut~FF


INFO     : 	Synchronizer 50: 


INFO     :  u_micro_risc_v1/u_EfxSapphireSoc/system_riscvJtag_hard_noTap_tunnel/logic_systemLogic_bus_rsp_ccToggle_io_output_payload_data[14]~FF


INFO     : 	Synchronizer 51: 


INFO     :  u_micro_risc_v1/u_EfxSapphireSoc/io_asyncReset_asyncAssertSyncDeassert_buffercc/buffers_0~FF


INFO     :  u_micro_risc_v1/u_EfxSapphireSoc/io_asyncReset_asyncAssertSyncDeassert_buffercc_io_dataOut~FF


INFO     : 	Synchronizer 52: 


INFO     :  u_micro_risc_v1/u_EfxSapphireSoc/system_riscvJtag_hard_noTap_tunnel/logic_systemLogic_bus_rsp_ccToggle_io_output_payload_data[15]~FF


INFO     : 	Synchronizer 53: 


INFO     :  u_micro_risc_v1/u_EfxSapphireSoc/system_coreStopTime_buffercc/buffers_0~FF


INFO     :  u_micro_risc_v1/u_EfxSapphireSoc/system_coreStopTime_buffercc_io_dataOut~FF


INFO     : 	Synchronizer 54: 


INFO     :  u_micro_risc_v1/u_EfxSapphireSoc/system_riscvJtag_hard_noTap_tunnel/logic_systemLogic_bus_rsp_ccToggle_io_output_payload_data[18]~FF


INFO     : 	Synchronizer 55: 


INFO     :  u_micro_risc_v1/u_EfxSapphireSoc/system_riscvJtag_debug_systemReset_asyncAssertSyncDeassert_buffercc/buffers_0~FF


INFO     :  u_micro_risc_v1/u_EfxSapphireSoc/system_riscvJtag_debug_systemReset_asyncAssertSyncDeassert_buffercc_io_dataOut~FF


INFO     : 	Synchronizer 56: 


INFO     :  u_micro_risc_v1/u_EfxSapphireSoc/system_cores_0_logic_cpu/systemCd_logic_outputReset_buffercc/buffers_0~FF


INFO     :  u_micro_risc_v1/u_EfxSapphireSoc/system_cores_0_logic_cpu_debugBus_unavailable~FF


INFO     : 	Synchronizer 57: 


INFO     :  u_micro_risc_v1/u_EfxSapphireSoc/system_riscvJtag_hard_noTap_tunnel/logic_systemLogic_bus_rsp_ccToggle_io_output_payload_data[19]~FF


INFO     : 	Synchronizer 58: 


INFO     :  u_micro_risc_v1/u_EfxSapphireSoc/system_riscvJtag_hard_noTap_tunnel_io_bus_cmd_payload_data[9]~FF


INFO     : 	Synchronizer 59: 


INFO     :  u_micro_risc_v1/u_EfxSapphireSoc/system_riscvJtag_hard_noTap_tunnel/logic_systemLogic_bus_rsp_ccToggle_io_output_payload_data[29]~FF


INFO     : 	Synchronizer 60: 


INFO     :  u_micro_risc_v1/u_EfxSapphireSoc/system_riscvJtag_hard_noTap_tunnel_io_bus_cmd_payload_data[10]~FF


INFO     : 	Synchronizer 61: 


INFO     :  u_micro_risc_v1/u_EfxSapphireSoc/system_riscvJtag_hard_noTap_tunnel/logic_systemLogic_bus_rsp_ccToggle_io_output_payload_data[30]~FF


INFO     : 	Synchronizer 62: 


INFO     :  u_micro_risc_v1/u_EfxSapphireSoc/system_riscvJtag_hard_noTap_tunnel/logic_systemLogic_bus_rsp_ccToggle_io_output_payload_data[21]~FF


INFO     : 	Synchronizer 63: 


INFO     :  u_micro_risc_v1/u_EfxSapphireSoc/system_riscvJtag_hard_noTap_tunnel_io_bus_cmd_payload_data[1]~FF


INFO     : 	Synchronizer 64: 


INFO     :  u_micro_risc_v1/u_EfxSapphireSoc/system_riscvJtag_hard_noTap_tunnel_io_bus_cmd_payload_data[11]~FF


INFO     : 	Synchronizer 65: 


INFO     :  u_micro_risc_v1/u_EfxSapphireSoc/system_riscvJtag_hard_noTap_tunnel/logic_systemLogic_bus_rsp_ccToggle_io_output_payload_data[31]~FF


INFO     : 	Synchronizer 66: 


INFO     :  u_micro_risc_v1/u_EfxSapphireSoc/system_riscvJtag_hard_noTap_tunnel/logic_systemLogic_bus_rsp_ccToggle_io_output_payload_data[22]~FF


INFO     : 	Synchronizer 67: 


INFO     :  u_micro_risc_v1/u_EfxSapphireSoc/system_riscvJtag_hard_noTap_tunnel_io_bus_cmd_payload_data[2]~FF


INFO     : 	Synchronizer 68: 


INFO     :  u_micro_risc_v1/u_EfxSapphireSoc/system_riscvJtag_hard_noTap_tunnel/logic_systemLogic_bus_rsp_ccToggle_io_output_payload_data[23]~FF


INFO     : 	Synchronizer 69: 


INFO     :  u_micro_risc_v1/u_EfxSapphireSoc/system_riscvJtag_hard_noTap_tunnel_io_bus_cmd_payload_data[3]~FF


INFO     : 	Synchronizer 70: 


INFO     :  u_micro_risc_v1/u_EfxSapphireSoc/system_riscvJtag_hard_noTap_tunnel/logic_systemLogic_bus_rsp_ccToggle_io_output_payload_data[24]~FF


INFO     : 	Synchronizer 71: 


INFO     :  u_micro_risc_v1/u_EfxSapphireSoc/system_riscvJtag_hard_noTap_tunnel_io_bus_cmd_payload_data[4]~FF


INFO     : 	Synchronizer 72: 


INFO     :  u_micro_risc_v1/u_EfxSapphireSoc/system_riscvJtag_hard_noTap_tunnel/logic_systemLogic_bus_rsp_ccToggle_io_output_payload_data[25]~FF


INFO     : 	Synchronizer 73: 


INFO     :  u_micro_risc_v1/u_EfxSapphireSoc/system_riscvJtag_hard_noTap_tunnel_io_bus_cmd_payload_data[5]~FF


INFO     : 	Synchronizer 74: 


INFO     :  u_micro_risc_v1/u_EfxSapphireSoc/system_riscvJtag_hard_noTap_tunnel/logic_jtagLogic_dmiCmd_ccToggle/inputArea_target_buffercc/buffers_0~FF


INFO     :  u_micro_risc_v1/u_EfxSapphireSoc/system_riscvJtag_hard_noTap_tunnel/logic_jtagLogic_dmiCmd_ccToggle/inputArea_target_buffercc_io_dataOut~FF


INFO     : 	Synchronizer 75: 


INFO     :  u_micro_risc_v1/u_EfxSapphireSoc/system_riscvJtag_hard_noTap_tunnel/logic_systemLogic_bus_rsp_ccToggle_io_output_payload_data[26]~FF


INFO     : 	Synchronizer 76: 


INFO     :  u_micro_risc_v1/u_EfxSapphireSoc/system_riscvJtag_hard_noTap_tunnel_io_bus_cmd_payload_data[6]~FF


INFO     : 	Synchronizer 77: 


INFO     :  u_micro_risc_v1/u_EfxSapphireSoc/system_riscvJtag_hard_noTap_tunnel/logic_systemLogic_bus_rsp_ccToggle_io_output_payload_data[27]~FF


INFO     : 	Synchronizer 78: 


INFO     :  u_micro_risc_v1/u_EfxSapphireSoc/system_riscvJtag_hard_noTap_tunnel_io_bus_cmd_payload_data[7]~FF


INFO     : 	Synchronizer 79: 


INFO     :  u_micro_risc_v1/u_EfxSapphireSoc/system_riscvJtag_hard_noTap_tunnel/logic_systemLogic_bus_rsp_ccToggle_io_output_payload_data[28]~FF


INFO     : 	Synchronizer 80: 


INFO     :  u_micro_risc_v1/u_EfxSapphireSoc/system_riscvJtag_hard_noTap_tunnel_io_bus_cmd_payload_data[8]~FF


INFO     : Starting Global Placer with 4 threads ...


            ----------     -------  --------------     -------

             Iteration       WHPWL Worst Slack (ps) Convergence

            ----------     -------  --------------     -------

INFO     :           1    16518591           -3247         1.6%


INFO     :           2    10975948           -3247         2.2%


INFO     :           3    11533083           -3016         2.4%


INFO     :           4     9420782           -3247         3.1%


INFO     :           5     4581698           -3016         4.3%


INFO     :           6     2158037           -3290         9.2%


INFO     :           7     1198303           -3376        18.7%


INFO     :           8      866591           -4592        32.1%


INFO     :           9      580310           -5536        45.7%


INFO     :          10      513465           -6790        54.3%


INFO     :          11      478436           -7637        59.2%


INFO     :          12      474080           -7146        61.6%


INFO     :          13      467078           -6677        61.6%


INFO     :          14      462900           -6705        63.3%


INFO     :          15      457623           -6834        63.3%


INFO     :          16      464282           -6522        65.8%


INFO     :          17      449636           -6910        65.8%


INFO     :          18      466734           -6305        68.8%


INFO     :          19      452944           -6490        68.8%


INFO     :          20      469323           -6101        70.2%


INFO     :          21      444998           -7813        70.2%


INFO     :          22      458274           -6561        73.6%


INFO     :          23      435432           -7047        73.6%


INFO     :          24      454094           -6898        76.0%


INFO     :          25      442792           -7105        76.0%


INFO     :          26      447606           -6306        76.7%


INFO     :          27      432066           -7946        76.7%


INFO     :          28      438641           -7043        78.6%


INFO     :          29      428932           -6977        78.6%


INFO     :          30      438545           -7713        79.6%


INFO     :          31      425775           -7405        79.6%


INFO     :          32      435083           -7146        81.2%


INFO     :          33      428263           -6866        81.2%


INFO     :          34      433879           -7344        82.0%


INFO     :          35      421248           -7390        82.0%


INFO     :          36      433627           -7208        83.3%


INFO     :          37      420312           -7057        83.3%


INFO     :          38      429606           -7470        83.6%


INFO     :          39      421341           -8219        83.6%


INFO     :          40      426210           -6678        83.6%


INFO     :          41      418246           -7565        83.6%


INFO     :          42      422842           -6587        84.5%


INFO     :          43      418148           -7186        84.5%


INFO     :          44      426360           -6697        85.8%


INFO     :          45      415462           -6720        85.8%


INFO     :          46      425382           -6828        88.1%


INFO     :          47      414766           -7479        88.1%


INFO     :          48      422837           -6895        89.1%


INFO     :          49      415909           -7405        89.1%


INFO     :          50      423214           -6830        89.6%


INFO     :          51      414942           -7438        89.6%


INFO     :          52      419852           -7943        90.5%


INFO     :          53      416826           -7940        90.5%


INFO     :          54      420340           -7635        90.9%


INFO     :          55      415500           -7368        90.9%


INFO     :          56      420696           -7124        92.2%


INFO     :          57      413002           -7513        92.2%


INFO     :          58      419717           -6943        93.1%


INFO     :          59      417070           -6931        93.1%


INFO     :          60      422418           -7187        94.4%


INFO     :          61      416858           -7442        94.4%


INFO     :          62      422118           -7135        95.2%


INFO     :          63      415337           -7692        95.6%


INFO     :          64      420044           -6864        96.2%


INFO     :          65      417247           -8152        96.4%


INFO     :          66      418305           -7489        97.7%


INFO     :          67      420877           -7808        98.0%


INFO     :          68      423123           -7616        98.3%


INFO     :          69      423954           -7928        98.7%


INFO     : Starting Annealer


            ----------     -------  --------------     -------

             Iteration       WHPWL  Delay Max (ps)     R Limit

            ----------     -------  --------------     -------

INFO     :           0      201792           15014        30.0


INFO     :           1      172896           13535        28.7


INFO     :           2      162438           13443        27.3


INFO     :           3      154359           12293        25.8


INFO     :           4      152346           14874        24.3


INFO     :           5      150445           11425        22.7


INFO     :           6      149191           15211        21.2


INFO     :           7      146988           15087        19.8


INFO     :           8      146225           15106        18.5


INFO     :           9      144531           15087        17.1


INFO     :          10      142719           15087        15.9


INFO     :          11      141449           15087        14.7


INFO     :          12      140272           15087        13.6


INFO     :          13      138977           15087        12.6


INFO     :          14      138347           15087        11.7


INFO     :          15      136476           14746        10.8


INFO     :          16      135596           14746        10.0


INFO     :          17      134827           14767         9.2


INFO     :          18      133524           14767         8.5


INFO     :          19      132488           14767         7.9


INFO     :          20      131400           14977         7.3


INFO     :          21      130333           14977         6.7


INFO     :          22      129321           14977         6.2


INFO     :          23      128443           14851         5.7


INFO     :          24      127829           14767         5.3


INFO     :          25      127058           14767         4.9


INFO     :          26      126120           14767         4.5


INFO     :          27      125560           14767         4.2


INFO     :          28      124722           14767         3.8


INFO     :          29      124039           14767         3.5


INFO     :          30      123509           14767         3.3


INFO     :          31      122455           14767         3.0


INFO     :          32      121839           14767         2.8


INFO     :          33      121459           14767         2.6


INFO     :          34      120933           14767         2.4


INFO     :          35      120568           11223         2.2


INFO     :          36      120018           14512         2.0


INFO     :          37      119752           14512         1.9


INFO     :          38      119678           10710         1.7


INFO     :          39      119516           10887         1.6


INFO     :          40      119260           14512         1.5


INFO     :          41      118842           14512         1.4


INFO     :          42      118354           11090         1.3


INFO     :          43      117628           11552         1.1


INFO     : Counted delay computer calls: 117981
Placement successful: 9906 cells are placed


INFO     : Peak congestion smeared over 1/4 of the chip is 0.398763 at 1,65


INFO     : Congestion-weighted HPWL per net: 26.4531


INFO     : Post-placement cluster-level checks is successful


INFO     : Checks is successful


INFO     : Reading placement constraints from '/home/olle/efinity_p2/BRAM/outflow/BRAM.qplace'.


INFO     : Finished Realigning Types (875 blocks needed type change)


INFO     : Completed placement consistency check successfully.




INFO     : Successfully created FPGA place file '/home/olle/efinity_p2/BRAM/outflow/BRAM.place'


INFO     : Placement took 18.6777 seconds.


INFO     : 	Placement took 49.15 seconds (approximately) in total CPU time.


INFO     : Placement virtual memory usage: begin = 274.372 MB, end = 421.3 MB, delta = 146.928 MB


INFO     : Placement resident set memory usage: begin = 165.376 MB, end = 230.42 MB, delta = 65.044 MB


INFO     : 	Placement peak resident set memory usage = 339.724 MB


           ***** Ending stage placement *****

           

           

           Efinix FPGA Placement and Routing.

           Version: 2025.1.110.2.15 

           Compiled: Jun 21 2025.

           

           Copyright (C) 2013 - 2025 Efinix, Inc. All rights reserved.


           

           The Tool Is Based on VPR of University of Toronto,

           a free open source code under MIT license.

           

           

INFO     : Running Placement and Routing for Family "Trion", Device "T20F169" ...


           

           ***** Beginning stage routing graph generation ... *****

INFO     : Read ipin pattern from /home/olle/efinix/efinity/2025.1/arch/./routing/ipin_oph.xml


INFO     : Finished parsing ipin pattern file '/home/olle/efinix/efinity/2025.1/arch/./routing/ipin_oph.xdb'.


INFO     : Finished parsing switch_block file '/home/olle/efinix/efinity/2025.1/arch/./routing/sb_connectivity_subset.xdb'.


INFO     : BuildGraph process took 2.96496 seconds.


INFO     : 	BuildGraph process took 2.81 seconds (approximately) in total CPU time.


INFO     : BuildGraph process virtual memory usage: begin = 421.3 MB, end = 586.892 MB, delta = 165.592 MB


INFO     : BuildGraph process resident set memory usage: begin = 231.316 MB, end = 491.568 MB, delta = 260.252 MB


INFO     : 	BuildGraph process peak resident set memory usage = 491.568 MB


INFO     : check rr_graph process took 0.116677 seconds.


INFO     : 	check rr_graph process took 0.12 seconds (approximately) in total CPU time.


INFO     : check rr_graph process virtual memory usage: begin = 614.492 MB, end = 620.244 MB, delta = 5.752 MB


INFO     : check rr_graph process resident set memory usage: begin = 520.368 MB, end = 526.128 MB, delta = 5.76 MB


INFO     : 	check rr_graph process peak resident set memory usage = 526.128 MB


INFO     : Generated 1177528 RR nodes and 4449689 RR edges


INFO     : This design has 0 global control net(s). See /home/olle/efinity_p2/BRAM/outflow/BRAM.route.rpt for details.


INFO     : Routing graph took 3.1624 seconds.


INFO     : 	Routing graph took 3 seconds (approximately) in total CPU time.


INFO     : Routing graph virtual memory usage: begin = 421.3 MB, end = 620.244 MB, delta = 198.944 MB


INFO     : Routing graph resident set memory usage: begin = 230.42 MB, end = 526.384 MB, delta = 295.964 MB


INFO     : 	Routing graph peak resident set memory usage = 526.384 MB


           ***** Ending stage routing graph generation *****

           

           ***** Beginning stage routing ... *****

INFO     : SDC file '/home/olle/efinity_p2/BRAM/const1.sdc' parsed successfully.


INFO     : 2 clocks (including virtual clocks), 0 inputs and 0 outputs were constrained.


INFO     :  ---------      -------     --------------      -------------


INFO     :  Iteration      Overuse     Crit Path (ns)      Calc Time (s)


INFO     :  ---------      -------     --------------      -------------


INFO     :          1        31860              10.95               3.48


INFO     :          2         5760              10.84               5.03


INFO     :          3         2400              10.84               4.38


INFO     :          4          771              10.84               3.93


INFO     :          5          314              10.88                3.6


INFO     :          6          160              10.88               2.69


INFO     :          7           77              10.88                4.9


INFO     :          8           36              11.15               3.93


INFO     :          9           14              10.88                9.6


INFO     :         10           12               11.3               3.53


INFO     :         11            5              11.52               3.84


INFO     :         12            1              11.52               2.11


INFO     :         13            2              11.66               2.44


INFO     :         14            0              11.66              0.313


           

INFO     : Successfully routed netlist after 14 routing iterations and 103894938 heapops


INFO     : Completed net delay value cross check successfully.


           ***** Beginning stage routing check ... *****

           ***** Ending stage routing check *****

           

INFO     : Serial number (magic cookie) for the routing is: 1355586646


INFO     : Netlist fully routed.


INFO     : Successfully created FPGA route file '/home/olle/efinity_p2/BRAM/outflow/BRAM.route'


INFO     : Routing took 55.1356 seconds.


INFO     : 	Routing took 55.52 seconds (approximately) in total CPU time.


INFO     : Routing virtual memory usage: begin = 620.244 MB, end = 932.276 MB, delta = 312.032 MB


INFO     : Routing resident set memory usage: begin = 526.384 MB, end = 795.824 MB, delta = 269.44 MB


INFO     : 	Routing peak resident set memory usage = 795.824 MB


           ***** Ending stage routing *****

           

           ***** Beginning stage final timing analysis ... *****

INFO     : SDC file '/home/olle/efinity_p2/BRAM/const1.sdc' parsed successfully.


INFO     : 2 clocks (including virtual clocks), 0 inputs and 0 outputs were constrained.


Maximum possible analyzed clocks frequency
 Clock Name  Period (ns)  Frequency (MHz)     Edge
  clk           14.705        68.004         (R-R)
  pll_clk       11.815        84.638         (R-R)

Geomean max period: 13.181

Setup (Max) Clock Relationship
  Launch Clock    Capture Clock   Constraint (ns)     Slack (ns)          Edge
    clk              clk               30.000           15.295           (R-R)
    pll_clk          clk                1.000           -0.580           (R-R)
    pll_clk          pll_clk            7.000           -4.815           (R-R)

Hold (Min) Clock Relationship
  Launch Clock    Capture Clock   Constraint (ns)     Slack (ns)          Edge
    clk              clk               0.000            0.119            (R-R)
    pll_clk          clk               0.000            0.329            (R-R)
    pll_clk          pll_clk           0.000            0.119            (R-R)


WARNING  : Clock domain between pll_clk (rising) and clk (rising) may not meet (slack: -0.580 ns) the setup (max) timing requirement


WARNING  : Clock domain between pll_clk (rising) and pll_clk (rising) may not meet (slack: -4.815 ns) the setup (max) timing requirement


INFO     : Write Timing Report to "/home/olle/efinity_p2/BRAM/outflow/BRAM.timing.rpt" ...


INFO     : final timing analysis took 0.642333 seconds.


INFO     : 	final timing analysis took 0.67 seconds (approximately) in total CPU time.


INFO     : final timing analysis virtual memory usage: begin = 932.276 MB, end = 932.276 MB, delta = 0 MB


INFO     : final timing analysis resident set memory usage: begin = 795.824 MB, end = 796.208 MB, delta = 0.384 MB


INFO     : 	final timing analysis peak resident set memory usage = 796.208 MB


           ***** Ending stage final timing analysis *****

           

           ***** Beginning stage bitstream generation ... *****

INFO     : Reading core interface constraints file "/home/olle/efinity_p2/BRAM/outflow/BRAM.interface.csv"


INFO     : Successfully read core interface constraints file "/home/olle/efinity_p2/BRAM/outflow/BRAM.interface.csv"


INFO     : Finished writing bitstream file /home/olle/efinity_p2/BRAM/work_pnr/BRAM.lbf.


INFO     : Bitstream generation took 0.616137 seconds.


INFO     : 	Bitstream generation took 0.6 seconds (approximately) in total CPU time.


INFO     : Bitstream generation virtual memory usage: begin = 932.276 MB, end = 932.276 MB, delta = 0 MB


INFO     : Bitstream generation resident set memory usage: begin = 796.208 MB, end = 797.104 MB, delta = 0.896 MB


INFO     : 	Bitstream generation peak resident set memory usage = 797.104 MB


           ***** Ending stage bitstream generation *****

           

INFO     : The entire flow of EFX_PNR took 82.4713 seconds.


INFO     : 	The entire flow of EFX_PNR took 113.86 seconds (approximately) in total CPU time.


INFO     : The entire flow of EFX_PNR virtual memory usage: begin = 119.632 MB, end = 932.276 MB, delta = 812.644 MB


INFO     : The entire flow of EFX_PNR resident set memory usage: begin = 38.656 MB, end = 797.104 MB, delta = 758.448 MB


INFO     : 	The entire flow of EFX_PNR peak resident set memory usage = 797.104 MB


Sat August 16 25 08:32:08 - /home/olle/efinix/efinity/2025.1/bin/efx_pnr finished. Exit code = 0 Exit status : Normal





-------------------------------------------------------------------------

Generating bitstream

-------------------------------------------------------------------------

Sat August 16 25 08:32:08 - Bitstream generation flow working directory is /home/olle/efinity_p2/BRAM/work_pnr


INFO     : --max_threads set to 4 

Sat August 16 25 08:32:09 - /home/olle/efinix/efinity/2025.1/bin/efx_pgm --source "/home/olle/efinity_p2/BRAM/work_pnr/BRAM.lbf" --dest "/home/olle/efinity_p2/BRAM/outflow/BRAM.hex" --device "T20F169" --family "Trion" --periph "/home/olle/efinity_p2/BRAM/outflow/BRAM.lpf" --interface_designer_settings "/home/olle/efinity_p2/BRAM/outflow/BRAM_or.ini" --enable_external_master_clock "off" --oscillator_clock_divider "DIV8" --active_capture_clk_edge "posedge" --spi_low_power_mode "on" --io_weak_pullup "on" --enable_roms "smart" --mode "active" --width "1" --release_tri_then_reset "on"

Sat August 16 25 08:32:09 - Running /home/olle/efinix/efinity/2025.1/bin/efx_pgm...

INFO     : Efinix FPGA Bitstream Generator.


INFO     : Version: 2025.1.110.2.15 


INFO     : Copyright (C) 2013 - 2025 Efinix, Inc. All rights reserved.


INFO     : Compiled: May  7 2025.


INFO     : Using source file "/home/olle/efinity_p2/BRAM/work_pnr/BRAM.lbf"


INFO     : Generating HEX programming file for device "T20F169", family "Trion"


INFO     : Using periphery source file "/home/olle/efinity_p2/BRAM/outflow/BRAM.lpf"


INFO     : Generating bit file: "/home/olle/efinity_p2/BRAM/outflow/BRAM.bit"


INFO     : HEX Generation Options Summary:


INFO     : 	Listing options specified to bitstream generation:


INFO     : 	spi_low_power_mode                       = on


INFO     : 	oscillator_clock_divider                 = DIV8


INFO     : 	io_weak_pullup                           = on


INFO     : 	enable_remote_update                     = off


INFO     : 	release_tri_then_reset                   = on


INFO     : Finished generating "/home/olle/efinity_p2/BRAM/outflow/BRAM.hex"


INFO     : Efinix Bitstream Generator took 1.04039 seconds.


INFO     : 	Efinix Bitstream Generator took 0.97 seconds (approximately) in total CPU time.


INFO     : Efinix Bitstream Generator virtual memory usage: begin = 35.092 MB, end = 93.388 MB, delta = 58.296 MB


INFO     : Efinix Bitstream Generator resident set memory usage: begin = 15.104 MB, end = 75.648 MB, delta = 60.544 MB


INFO     : 	Efinix Bitstream Generator peak resident set memory usage = 339.724 MB


Sat August 16 25 08:32:10 - /home/olle/efinix/efinity/2025.1/bin/efx_pgm finished. Exit code = 0 Exit status : Normal

Running hex generation flow done.

Sat August 16 25 08:32:10 - Running automated flow starting from placement done. Total duration = 3m 16.343s

Sat August 16 25 08:32:27 - Running Efinity Transceiver Debugger Tool...

setup_usb_target
update_modes
on_usb_target_changed(value = -1)
update_modes

Sat August 16 25 08:34:12 - Efinity Transceiver Debugger Tool finished. Exit code = 0 Exit status : Normal

Sat August 16 25 08:34:38 - Running Efinity Debugger...

Sat August 16 25 08:41:16 - Efinity Debugger finished. Exit code = 0 Exit status : Normal

Sat August 16 25 08:43:40 - Running Efinity Debugger...

Sat August 16 25 08:44:35 - Efinity Debugger finished. Exit code = 0 Exit status : Normal

Sat August 16 25 08:44:38 - Running automated flow starting from synthesis...



Sat August 16 25 08:44:38 - Floorplan closed VM : 713.46 MB RSS : 408.696 MB



-------------------------------------------------------------------------

Synthesis

-------------------------------------------------------------------------

Sat August 16 25 08:44:38 - Synthesis flow working directory is /home/olle/efinity_p2/BRAM/work_syn


INFO     : --max_threads set to 4 

INFO     : Deleting any pre-existing troute trace files

INFO     : Deleting any pre-existing troute trace files

INFO     : Deleting any pre-existing troute trace files

Sat August 16 25 08:44:39 - /home/olle/efinix/efinity/2025.1/bin/efx_map --project "BRAM" --root "top_level" --write-efx-verilog "/home/olle/efinity_p2/BRAM/outflow/BRAM.map.v" --write-premap-module "/home/olle/efinity_p2/BRAM/outflow/BRAM.elab.vdb" --binary-db "/home/olle/efinity_p2/BRAM/outflow/BRAM.vdb" --device "T20F169" --family "Trion" --veri_option "verilog_mode=verilog_2k,vhdl_mode=vhdl_2008" --work-dir "/home/olle/efinity_p2/BRAM/work_syn" --output-dir "/home/olle/efinity_p2/BRAM/outflow" --project-xml "/home/olle/efinity_p2/BRAM/BRAM.xml" --I "/home/olle/efinity_p2/BRAM" --I "/home/olle/efinity_p2/BRAM/ip/BRAM_8192_bytes" --I "/home/olle/efinity_p2/BRAM/ip/micro_risc_v1"

Sat August 16 25 08:44:39 - Running /home/olle/efinix/efinity/2025.1/bin/efx_map...

INFO     : Efinix FPGA Synthesis.


INFO     : Version: 2025.1.110.2.15


INFO     : Compiled: Jun 21 2025.


INFO     : 


INFO     : Copyright (C) 2013 - 2025 Efinix, Inc. All rights reserved.



INFO     : Reading project database "/home/olle/efinity_p2/BRAM/BRAM.xml"


INFO     : Analyzing Verilog file '/home/olle/efinix/efinity/2025.1/sim_models/maplib/efinix_peri_lib.v' [VERI-1482]


INFO     : /home/olle/efinix/efinity/2025.1/sim_models/maplib/efinix_peri_lib.v(8): compiling module 'EFX_IBUF' [VERI-1018]


INFO     : /home/olle/efinix/efinity/2025.1/sim_models/maplib/efinix_peri_lib.v(16): compiling module 'EFX_OBUF' [VERI-1018]


INFO     : /home/olle/efinix/efinity/2025.1/sim_models/maplib/efinix_peri_lib.v(23): compiling module 'EFX_IO_BUF' [VERI-1018]


INFO     : /home/olle/efinix/efinity/2025.1/sim_models/maplib/efinix_peri_lib.v(33): compiling module 'EFX_CLKOUT' [VERI-1018]


INFO     : /home/olle/efinix/efinity/2025.1/sim_models/maplib/efinix_peri_lib.v(41): compiling module 'EFX_IREG' [VERI-1018]


INFO     : /home/olle/efinix/efinity/2025.1/sim_models/maplib/efinix_peri_lib.v(51): compiling module 'EFX_OREG' [VERI-1018]


INFO     : /home/olle/efinix/efinity/2025.1/sim_models/maplib/efinix_peri_lib.v(60): compiling module 'EFX_IOREG' [VERI-1018]


INFO     : /home/olle/efinix/efinity/2025.1/sim_models/maplib/efinix_peri_lib.v(75): compiling module 'EFX_IDDIO' [VERI-1018]


INFO     : /home/olle/efinix/efinity/2025.1/sim_models/maplib/efinix_peri_lib.v(87): compiling module 'EFX_ODDIO' [VERI-1018]


INFO     : /home/olle/efinix/efinity/2025.1/sim_models/maplib/efinix_peri_lib.v(99): compiling module 'EFX_GPIO_V1' [VERI-1018]


INFO     : /home/olle/efinix/efinity/2025.1/sim_models/maplib/efinix_peri_lib.v(124): compiling module 'EFX_GPIO_V2' [VERI-1018]


INFO     : /home/olle/efinix/efinity/2025.1/sim_models/maplib/efinix_peri_lib.v(149): compiling module 'EFX_GPIO_V3' [VERI-1018]


INFO     : /home/olle/efinix/efinity/2025.1/sim_models/maplib/efinix_peri_lib.v(186): compiling module 'EFX_PLL_V1' [VERI-1018]


INFO     : /home/olle/efinix/efinity/2025.1/sim_models/maplib/efinix_peri_lib.v(205): compiling module 'EFX_PLL_V2' [VERI-1018]


INFO     : /home/olle/efinix/efinity/2025.1/sim_models/maplib/efinix_peri_lib.v(231): compiling module 'EFX_PLL_V3' [VERI-1018]


INFO     : /home/olle/efinix/efinity/2025.1/sim_models/maplib/efinix_peri_lib.v(279): compiling module 'EFX_OSC_V1' [VERI-1018]


INFO     : /home/olle/efinix/efinity/2025.1/sim_models/maplib/efinix_peri_lib.v(285): compiling module 'EFX_OSC_V3' [VERI-1018]


INFO     : /home/olle/efinix/efinity/2025.1/sim_models/maplib/efinix_peri_lib.v(294): compiling module 'EFX_FPLL_V1' [VERI-1018]


INFO     : /home/olle/efinix/efinity/2025.1/sim_models/maplib/efinix_peri_lib.v(348): compiling module 'EFX_JTAG_V1' [VERI-1018]


INFO     : /home/olle/efinix/efinity/2025.1/sim_models/maplib/efinix_peri_lib.v(357): compiling module 'EFX_JTAG_CTRL' [VERI-1018]


INFO     : /home/olle/efinix/efinity/2025.1/sim_models/maplib/efinix_peri_lib.v(364): compiling module 'EFX_LVDS_RX_V1' [VERI-1018]


INFO     : /home/olle/efinix/efinity/2025.1/sim_models/maplib/efinix_peri_lib.v(381): compiling module 'EFX_LVDS_TX_V1' [VERI-1018]


INFO     : /home/olle/efinix/efinity/2025.1/sim_models/maplib/efinix_peri_lib.v(399): compiling module 'EFX_LVDS_RX_V2' [VERI-1018]


INFO     : /home/olle/efinix/efinity/2025.1/sim_models/maplib/efinix_peri_lib.v(426): compiling module 'EFX_LVDS_TX_V2' [VERI-1018]


INFO     : /home/olle/efinix/efinity/2025.1/sim_models/maplib/efinix_peri_lib.v(446): compiling module 'EFX_LVDS_BIDIR_V2' [VERI-1018]


INFO     : Reading project database "/home/olle/efinity_p2/BRAM/BRAM.xml"


INFO     : ***** Beginning Analysis ... *****


INFO     : default VHDL library search path is now "/home/olle/efinix/efinity/2025.1/sim_models/vhdl/packages/vhdl_2008" [VHDL-1504]


INFO     : Analyzing Verilog file '/home/olle/efinix/efinity/2025.1/sim_models/maplib/efinix_maplib.v' [VERI-1482]


INFO     : Analyzing Verilog file '/home/olle/efinix/efinity/2025.1/sim_models/maplib/efinix_peri_lib.v' [VERI-1482]


INFO     : Analyzing Verilog file '/home/olle/efinix/efinity/2025.1/sim_models/maplib/efinix_maplib.v' [VERI-1482]


INFO     : Analyzing Verilog file '/home/olle/efinix/efinity/2025.1/sim_models/maplib/efinix_peri_lib.v' [VERI-1482]


INFO     : Analyzing VHDL file '/home/olle/efinity_p2/BRAM/top_level.vhd' [VHDL-1481]


INFO     : Restoring VHDL unit 'ieee.std_logic_1164' from file '/home/olle/efinix/efinity/2025.1/sim_models/vhdl/packages/vhdl_2008/ieee/std_logic_1164.vdb' [VHDL-1493]


INFO     : Restoring VHDL unit 'std.standard' from file '/home/olle/efinix/efinity/2025.1/sim_models/vhdl/packages/vhdl_2008/std/standard.vdb' [VHDL-1493]


INFO     : Restoring VHDL unit 'std.textio' from file '/home/olle/efinix/efinity/2025.1/sim_models/vhdl/packages/vhdl_2008/std/textio.vdb' [VHDL-1493]


INFO     : Restoring VHDL unit 'ieee.numeric_std' from file '/home/olle/efinix/efinity/2025.1/sim_models/vhdl/packages/vhdl_2008/ieee/numeric_std.vdb' [VHDL-1493]


INFO     : /home/olle/efinity_p2/BRAM/top_level.vhd(6): analyzing entity 'top_level' [VHDL-1012]


INFO     : /home/olle/efinity_p2/BRAM/top_level.vhd(48): analyzing architecture 'behavior' [VHDL-1010]


INFO     : Analyzing VHDL file '/home/olle/efinity_p2/BRAM/eth_dp83825_udp.vhd' [VHDL-1481]


INFO     : /home/olle/efinity_p2/BRAM/eth_dp83825_udp.vhd(6): analyzing entity 'eth_dp83825_udp' [VHDL-1012]


INFO     : /home/olle/efinity_p2/BRAM/eth_dp83825_udp.vhd(29): analyzing architecture 'behavior' [VHDL-1010]


INFO     : Analyzing VHDL file '/home/olle/efinity_p2/BRAM/mdio_clause22.vhd' [VHDL-1481]


INFO     : /home/olle/efinity_p2/BRAM/mdio_clause22.vhd(9): analyzing entity 'mdio_clause22' [VHDL-1012]


INFO     : /home/olle/efinity_p2/BRAM/mdio_clause22.vhd(37): analyzing architecture 'rtl' [VHDL-1010]


INFO     : Analyzing Verilog file '/home/olle/efinity_p2/BRAM/ip/BRAM_8192_bytes/BRAM_8192_bytes.v' [VERI-1482]


INFO     : /home/olle/efinity_p2/BRAM/ip/BRAM_8192_bytes/BRAM_8192_bytes.v(758): analyzing included file '/home/olle/efinity_p2/BRAM/ip/BRAM_8192_bytes/bram_ini.vh' [VERI-1328]


INFO     : /home/olle/efinity_p2/BRAM/ip/BRAM_8192_bytes/BRAM_8192_bytes.v(758): back to file '/home/olle/efinity_p2/BRAM/ip/BRAM_8192_bytes/BRAM_8192_bytes.v' [VERI-2320]


INFO     : /home/olle/efinity_p2/BRAM/ip/BRAM_8192_bytes/BRAM_8192_bytes.v(985): analyzing included file '/home/olle/efinity_p2/BRAM/ip/BRAM_8192_bytes/bram_decompose.vh' [VERI-1328]


INFO     : /home/olle/efinity_p2/BRAM/ip/BRAM_8192_bytes/BRAM_8192_bytes.v(985): back to file '/home/olle/efinity_p2/BRAM/ip/BRAM_8192_bytes/BRAM_8192_bytes.v' [VERI-2320]


INFO     : Analyzing Verilog file '/home/olle/efinity_p2/BRAM/ip/micro_risc_v1/micro_risc_v1.v' [VERI-1482]


INFO     : Analysis took 0.152508 seconds.


INFO     : 	Analysis took 0.15 seconds (approximately) in total CPU time.


INFO     : Analysis virtual memory usage: begin = 124.56 MB, end = 132.752 MB, delta = 8.192 MB


INFO     : Analysis resident set memory usage: begin = 72.192 MB, end = 81.28 MB, delta = 9.088 MB


INFO     : 	Analysis peak resident set memory usage = 435.96 MB


INFO     : ***** Ending Analysis ... *****


INFO     : ***** Beginning Elaboration ... *****


INFO     : /home/olle/efinity_p2/BRAM/top_level.vhd(6): processing 'top_level(behavior)' [VHDL-1067]


WARNING  : /home/olle/efinity_p2/BRAM/top_level.vhd(100): using initial value '0' for 'system_uart_0_io_rxd' since it is never assigned [VHDL-1303]


WARNING  : /home/olle/efinity_p2/BRAM/top_level.vhd(103): using initial value for 'system_gpio_0_io_read' since it is never assigned [VHDL-1794]


INFO     : Restoring VHDL unit 'vl.vl_types' from file '/home/olle/efinix/efinity/2025.1/sim_models/vhdl/packages/vhdl_2008/vl/vl_types.vdb' [VHDL-1493]


INFO     : /home/olle/efinity_p2/BRAM/top_level.vhd(133): switching to Verilog mode to elaborate module 'micro_risc_v1' [VHDL-1399]


INFO     : /home/olle/efinity_p2/BRAM/ip/micro_risc_v1/micro_risc_v1.v(49): compiling module 'micro_risc_v1' [VERI-1018]


INFO     : /home/olle/efinity_p2/BRAM/ip/micro_risc_v1/micro_risc_v1.v(94): compiling module 'EfxSapphireSoc_2fa2c88f3c1f4868ba7cd09620d007ba' [VERI-1018]


INFO     : /home/olle/efinity_p2/BRAM/ip/micro_risc_v1/micro_risc_v1.v(5744): compiling module 'VexRiscv_2fa2c88f3c1f4868ba7cd09620d007ba' [VERI-1018]


INFO     : /home/olle/efinity_p2/BRAM/ip/micro_risc_v1/micro_risc_v1.v(6995): extracting RAM for identifier 'RegFilePlugin_regFile' [VERI-2571]


INFO     : /home/olle/efinity_p2/BRAM/ip/micro_risc_v1/micro_risc_v1.v(12219): compiling module 'InstructionCache_2fa2c88f3c1f4868ba7cd09620d007ba' [VERI-1018]


INFO     : /home/olle/efinity_p2/BRAM/ip/micro_risc_v1/micro_risc_v1.v(12325): extracting RAM for identifier 'banks_0' [VERI-2571]


INFO     : /home/olle/efinity_p2/BRAM/ip/micro_risc_v1/micro_risc_v1.v(12326): extracting RAM for identifier 'ways_0_tags' [VERI-2571]


INFO     : /home/olle/efinity_p2/BRAM/ip/micro_risc_v1/micro_risc_v1.v(11365): compiling module 'DataCache_2fa2c88f3c1f4868ba7cd09620d007ba' [VERI-1018]


INFO     : /home/olle/efinity_p2/BRAM/ip/micro_risc_v1/micro_risc_v1.v(11579): extracting RAM for identifier 'ways_0_tags' [VERI-2571]


INFO     : /home/olle/efinity_p2/BRAM/ip/micro_risc_v1/micro_risc_v1.v(11580): extracting RAM for identifier 'ways_0_data_symbol0' [VERI-2571]


INFO     : /home/olle/efinity_p2/BRAM/ip/micro_risc_v1/micro_risc_v1.v(11581): extracting RAM for identifier 'ways_0_data_symbol1' [VERI-2571]


INFO     : /home/olle/efinity_p2/BRAM/ip/micro_risc_v1/micro_risc_v1.v(11582): extracting RAM for identifier 'ways_0_data_symbol2' [VERI-2571]


INFO     : /home/olle/efinity_p2/BRAM/ip/micro_risc_v1/micro_risc_v1.v(11583): extracting RAM for identifier 'ways_0_data_symbol3' [VERI-2571]


WARNING  : /home/olle/efinity_p2/BRAM/ip/micro_risc_v1/micro_risc_v1.v(12191): system task 'display' is ignored for synthesis [VERI-1142]


INFO     : /home/olle/efinity_p2/BRAM/ip/micro_risc_v1/micro_risc_v1.v(11346): compiling module 'BufferCC_2fa2c88f3c1f4868ba7cd09620d007ba' [VERI-1018]


INFO     : /home/olle/efinity_p2/BRAM/ip/micro_risc_v1/micro_risc_v1.v(13149): compiling module 'EfxCPUSp1_2fa2c88f3c1f4868ba7cd09620d007ba' [VERI-1018]


WARNING  : /home/olle/efinity_p2/BRAM/ip/micro_risc_v1/micro_risc_v1.v(5832): net 'IBusCachedPlugin_cache_io_cpu_fetch_isRemoved' does not have a driver [VDB-1002]


WARNING  : /home/olle/efinity_p2/BRAM/ip/micro_risc_v1/micro_risc_v1.v(5845): net 'dataCache_1_io_cpu_writeBack_fence_SW' does not have a driver [VDB-1002]


WARNING  : /home/olle/efinity_p2/BRAM/ip/micro_risc_v1/micro_risc_v1.v(5846): net 'dataCache_1_io_cpu_writeBack_fence_SR' does not have a driver [VDB-1002]


WARNING  : /home/olle/efinity_p2/BRAM/ip/micro_risc_v1/micro_risc_v1.v(5847): net 'dataCache_1_io_cpu_writeBack_fence_SO' does not have a driver [VDB-1002]


WARNING  : /home/olle/efinity_p2/BRAM/ip/micro_risc_v1/micro_risc_v1.v(5848): net 'dataCache_1_io_cpu_writeBack_fence_SI' does not have a driver [VDB-1002]


WARNING  : /home/olle/efinity_p2/BRAM/ip/micro_risc_v1/micro_risc_v1.v(5849): net 'dataCache_1_io_cpu_writeBack_fence_PW' does not have a driver [VDB-1002]


WARNING  : /home/olle/efinity_p2/BRAM/ip/micro_risc_v1/micro_risc_v1.v(5850): net 'dataCache_1_io_cpu_writeBack_fence_PR' does not have a driver [VDB-1002]


WARNING  : /home/olle/efinity_p2/BRAM/ip/micro_risc_v1/micro_risc_v1.v(5851): net 'dataCache_1_io_cpu_writeBack_fence_PO' does not have a driver [VDB-1002]


WARNING  : /home/olle/efinity_p2/BRAM/ip/micro_risc_v1/micro_risc_v1.v(5852): net 'dataCache_1_io_cpu_writeBack_fence_PI' does not have a driver [VDB-1002]


WARNING  : /home/olle/efinity_p2/BRAM/ip/micro_risc_v1/micro_risc_v1.v(5853): net 'dataCache_1_io_cpu_writeBack_fence_FM[3]' does not have a driver [VDB-1002]


WARNING  : /home/olle/efinity_p2/BRAM/ip/micro_risc_v1/micro_risc_v1.v(6276): net 'IBusCachedPlugin_mmuBus_rsp_bypassTranslation' does not have a driver [VDB-1002]


WARNING  : /home/olle/efinity_p2/BRAM/ip/micro_risc_v1/micro_risc_v1.v(6302): net 'DBusCachedPlugin_mmuBus_rsp_bypassTranslation' does not have a driver [VDB-1002]


WARNING  : /home/olle/efinity_p2/BRAM/ip/micro_risc_v1/micro_risc_v1.v(6410): net 'IBusCachedPlugin_iBusRsp_output_payload_rsp_error' does not have a driver [VDB-1002]


WARNING  : /home/olle/efinity_p2/BRAM/ip/micro_risc_v1/micro_risc_v1.v(6412): net 'IBusCachedPlugin_iBusRsp_output_payload_isRvc' does not have a driver [VDB-1002]


WARNING  : /home/olle/efinity_p2/BRAM/ip/micro_risc_v1/micro_risc_v1.v(6656): net 'CsrPlugin_mtvec_mode[1]' does not have a driver [VDB-1002]


INFO     : /home/olle/efinity_p2/BRAM/ip/micro_risc_v1/micro_risc_v1.v(4743): compiling module 'DebugModule_2fa2c88f3c1f4868ba7cd09620d007ba' [VERI-1018]


INFO     : /home/olle/efinity_p2/BRAM/ip/micro_risc_v1/micro_risc_v1.v(4949): extracting RAM for identifier 'logic_progbufX_mem' [VERI-2571]


INFO     : /home/olle/efinity_p2/BRAM/ip/micro_risc_v1/micro_risc_v1.v(4719): compiling module 'BufferCC_5_2fa2c88f3c1f4868ba7cd09620d007ba' [VERI-1018]


INFO     : /home/olle/efinity_p2/BRAM/ip/micro_risc_v1/micro_risc_v1.v(4695): compiling module 'BufferCC_6_2fa2c88f3c1f4868ba7cd09620d007ba' [VERI-1018]


INFO     : /home/olle/efinity_p2/BRAM/ip/micro_risc_v1/micro_risc_v1.v(4669): compiling module 'BufferCC_8_2fa2c88f3c1f4868ba7cd09620d007ba' [VERI-1018]


INFO     : /home/olle/efinity_p2/BRAM/ip/micro_risc_v1/micro_risc_v1.v(4196): compiling module 'DebugTransportModuleTunneled_2fa2c88f3c1f4868ba7cd09620d007ba' [VERI-1018]


INFO     : /home/olle/efinity_p2/BRAM/ip/micro_risc_v1/micro_risc_v1.v(11282): compiling module 'FlowCCByToggle_2fa2c88f3c1f4868ba7cd09620d007ba' [VERI-1018]


WARNING  : /home/olle/efinity_p2/BRAM/ip/micro_risc_v1/micro_risc_v1.v(11316): system function call 'urandom' is not supported [VERI-1141]


WARNING  : /home/olle/efinity_p2/BRAM/ip/micro_risc_v1/micro_risc_v1.v(11317): system function call 'urandom' is not supported [VERI-1141]


INFO     : /home/olle/efinity_p2/BRAM/ip/micro_risc_v1/micro_risc_v1.v(13099): compiling module 'BufferCC_1_2fa2c88f3c1f4868ba7cd09620d007ba' [VERI-1018]


WARNING  : /home/olle/efinity_p2/BRAM/ip/micro_risc_v1/micro_risc_v1.v(13111): system function call 'urandom' is not supported [VERI-1141]


WARNING  : /home/olle/efinity_p2/BRAM/ip/micro_risc_v1/micro_risc_v1.v(13112): system function call 'urandom' is not supported [VERI-1141]


INFO     : /home/olle/efinity_p2/BRAM/ip/micro_risc_v1/micro_risc_v1.v(11196): compiling module 'FlowCCByToggle_1_2fa2c88f3c1f4868ba7cd09620d007ba' [VERI-1018]


INFO     : /home/olle/efinity_p2/BRAM/ip/micro_risc_v1/micro_risc_v1.v(13075): compiling module 'BufferCC_2_2fa2c88f3c1f4868ba7cd09620d007ba' [VERI-1018]


INFO     : /home/olle/efinity_p2/BRAM/ip/micro_risc_v1/micro_risc_v1.v(13051): compiling module 'BufferCC_3_2fa2c88f3c1f4868ba7cd09620d007ba' [VERI-1018]


INFO     : /home/olle/efinity_p2/BRAM/ip/micro_risc_v1/micro_risc_v1.v(4156): compiling module 'BmbDecoder_2fa2c88f3c1f4868ba7cd09620d007ba' [VERI-1018]


INFO     : /home/olle/efinity_p2/BRAM/ip/micro_risc_v1/micro_risc_v1.v(4020): compiling module 'BmbArbiter_2fa2c88f3c1f4868ba7cd09620d007ba' [VERI-1018]


INFO     : /home/olle/efinity_p2/BRAM/ip/micro_risc_v1/micro_risc_v1.v(11092): compiling module 'StreamArbiter_2fa2c88f3c1f4868ba7cd09620d007ba' [VERI-1018]


INFO     : /home/olle/efinity_p2/BRAM/ip/micro_risc_v1/micro_risc_v1.v(3748): compiling module 'BmbDecoder_1_2fa2c88f3c1f4868ba7cd09620d007ba' [VERI-1018]


INFO     : /home/olle/efinity_p2/BRAM/ip/micro_risc_v1/micro_risc_v1.v(3640): compiling module 'BmbOnChipRam_2fa2c88f3c1f4868ba7cd09620d007ba' [VERI-1018]


INFO     : /home/olle/efinity_p2/BRAM/ip/micro_risc_v1/micro_risc_v1.v(3672): extracting RAM for identifier 'ram_symbol0' [VERI-2571]


INFO     : /home/olle/efinity_p2/BRAM/ip/micro_risc_v1/micro_risc_v1.v(3673): extracting RAM for identifier 'ram_symbol1' [VERI-2571]


INFO     : /home/olle/efinity_p2/BRAM/ip/micro_risc_v1/micro_risc_v1.v(3674): extracting RAM for identifier 'ram_symbol2' [VERI-2571]


INFO     : /home/olle/efinity_p2/BRAM/ip/micro_risc_v1/micro_risc_v1.v(3675): extracting RAM for identifier 'ram_symbol3' [VERI-2571]


INFO     : /home/olle/efinity_p2/BRAM/ip/micro_risc_v1/micro_risc_v1.v(3414): compiling module 'BmbUnburstify_2fa2c88f3c1f4868ba7cd09620d007ba' [VERI-1018]


INFO     : /home/olle/efinity_p2/BRAM/ip/micro_risc_v1/micro_risc_v1.v(3053): compiling module 'BmbDecoder_2_2fa2c88f3c1f4868ba7cd09620d007ba' [VERI-1018]


INFO     : /home/olle/efinity_p2/BRAM/ip/micro_risc_v1/micro_risc_v1.v(2869): compiling module 'BmbClint_2fa2c88f3c1f4868ba7cd09620d007ba' [VERI-1018]


INFO     : /home/olle/efinity_p2/BRAM/ip/micro_risc_v1/micro_risc_v1.v(2377): compiling module 'BmbUartCtrl_2fa2c88f3c1f4868ba7cd09620d007ba' [VERI-1018]


INFO     : /home/olle/efinity_p2/BRAM/ip/micro_risc_v1/micro_risc_v1.v(10963): compiling module 'UartCtrl_2fa2c88f3c1f4868ba7cd09620d007ba' [VERI-1018]


INFO     : /home/olle/efinity_p2/BRAM/ip/micro_risc_v1/micro_risc_v1.v(12811): compiling module 'UartCtrlTx_2fa2c88f3c1f4868ba7cd09620d007ba' [VERI-1018]


INFO     : /home/olle/efinity_p2/BRAM/ip/micro_risc_v1/micro_risc_v1.v(12517): compiling module 'UartCtrlRx_2fa2c88f3c1f4868ba7cd09620d007ba' [VERI-1018]


INFO     : /home/olle/efinity_p2/BRAM/ip/micro_risc_v1/micro_risc_v1.v(13125): compiling module 'BufferCC_4_2fa2c88f3c1f4868ba7cd09620d007ba' [VERI-1018]


INFO     : /home/olle/efinity_p2/BRAM/ip/micro_risc_v1/micro_risc_v1.v(10809): compiling module 'StreamFifo_2fa2c88f3c1f4868ba7cd09620d007ba' [VERI-1018]


INFO     : /home/olle/efinity_p2/BRAM/ip/micro_risc_v1/micro_risc_v1.v(10857): extracting RAM for identifier 'logic_ram' [VERI-2571]


INFO     : /home/olle/efinity_p2/BRAM/ip/micro_risc_v1/micro_risc_v1.v(2165): compiling module 'BmbGpio2_2fa2c88f3c1f4868ba7cd09620d007ba' [VERI-1018]


INFO     : /home/olle/efinity_p2/BRAM/top_level.vhd(133): returning to VHDL mode to continue with elaboration [VHDL-1400]


INFO     : /home/olle/efinity_p2/BRAM/eth_dp83825_udp.vhd(6): processing 'eth_dp83825_udp(behavior)' [VHDL-1067]


WARNING  : /home/olle/efinity_p2/BRAM/eth_dp83825_udp.vhd(42): using initial value for 'mdio_wr_data' since it is never assigned [VHDL-1794]


WARNING  : /home/olle/efinity_p2/BRAM/eth_dp83825_udp.vhd(47): using initial value '0' for 'vio_step_debug' since it is never assigned [VHDL-1303]


INFO     : /home/olle/efinity_p2/BRAM/mdio_clause22.vhd(9): processing 'mdio_clause22(rtl)' [VHDL-1067]


INFO     : Elaboration took 0.35046 seconds.


INFO     : 	Elaboration took 0.32 seconds (approximately) in total CPU time.


INFO     : Elaboration virtual memory usage: begin = 132.752 MB, end = 167.568 MB, delta = 34.816 MB


INFO     : Elaboration resident set memory usage: begin = 81.28 MB, end = 117.376 MB, delta = 36.096 MB


INFO     : 	Elaboration peak resident set memory usage = 435.96 MB


INFO     : ***** Ending Elaboration ... *****


INFO     : ... Setting Synthesis Option: mode=speed


INFO     : ***** Beginning Reading Mapping Library ... *****


INFO     : Analyzing Verilog file '/home/olle/efinix/efinity/2025.1/sim_models/maplib/efinix_maplib.v' [VERI-1482]


INFO     : /home/olle/efinix/efinity/2025.1/sim_models/maplib/efinix_maplib.v(8): compiling module 'EFX_ADD' [VERI-1018]


INFO     : /home/olle/efinix/efinity/2025.1/sim_models/maplib/efinix_maplib.v(21): compiling module 'EFX_FF' [VERI-1018]


INFO     : /home/olle/efinix/efinity/2025.1/sim_models/maplib/efinix_maplib.v(38): compiling module 'EFX_COMB4' [VERI-1018]


INFO     : /home/olle/efinix/efinity/2025.1/sim_models/maplib/efinix_maplib.v(48): compiling module 'EFX_GBUFCE' [VERI-1018]


INFO     : /home/olle/efinix/efinity/2025.1/sim_models/maplib/efinix_maplib.v(57): compiling module 'EFX_LUT4' [VERI-1018]


INFO     : /home/olle/efinix/efinity/2025.1/sim_models/maplib/efinix_maplib.v(65): compiling module 'EFX_MULT' [VERI-1018]


INFO     : /home/olle/efinix/efinity/2025.1/sim_models/maplib/efinix_maplib.v(100): compiling module 'EFX_DSP48' [VERI-1018]


INFO     : /home/olle/efinix/efinity/2025.1/sim_models/maplib/efinix_maplib.v(156): compiling module 'EFX_DSP24' [VERI-1018]


INFO     : /home/olle/efinix/efinity/2025.1/sim_models/maplib/efinix_maplib.v(209): compiling module 'EFX_DSP12' [VERI-1018]


INFO     : /home/olle/efinix/efinity/2025.1/sim_models/maplib/efinix_maplib.v(262): compiling module 'EFX_RAM_4K' [VERI-1018]


INFO     : /home/olle/efinix/efinity/2025.1/sim_models/maplib/efinix_maplib.v(322): compiling module 'EFX_RAM_5K' [VERI-1018]


INFO     : /home/olle/efinix/efinity/2025.1/sim_models/maplib/efinix_maplib.v(394): compiling module 'EFX_DPRAM_5K' [VERI-1018]


INFO     : /home/olle/efinix/efinity/2025.1/sim_models/maplib/efinix_maplib.v(499): compiling module 'RAMB5' [VERI-1018]


INFO     : /home/olle/efinix/efinity/2025.1/sim_models/maplib/efinix_maplib.v(561): compiling module 'EFX_RAM_10K' [VERI-1018]


INFO     : /home/olle/efinix/efinity/2025.1/sim_models/maplib/efinix_maplib.v(653): compiling module 'EFX_RAM10' [VERI-1018]


INFO     : /home/olle/efinix/efinity/2025.1/sim_models/maplib/efinix_maplib.v(754): compiling module 'EFX_DPRAM10' [VERI-1018]


INFO     : /home/olle/efinix/efinity/2025.1/sim_models/maplib/efinix_maplib.v(884): compiling module 'EFX_SRL8' [VERI-1018]


INFO     : Reading Mapping Library took 0.016973 seconds.


INFO     : 	Reading Mapping Library took 0.02 seconds (approximately) in total CPU time.


INFO     : Reading Mapping Library virtual memory usage: begin = 195.728 MB, end = 195.728 MB, delta = 0 MB


INFO     : Reading Mapping Library resident set memory usage: begin = 146.816 MB, end = 146.816 MB, delta = 0 MB


INFO     : 	Reading Mapping Library peak resident set memory usage = 435.96 MB


INFO     : ***** Ending Reading Mapping Library ... *****


INFO     : ... Pre-synthesis checks begin


WARNING  : The primary output port 'led2' wire 'led2' is not driven. [EFX-0256]


WARNING  : The primary output port 'CAM0_EN' wire 'CAM0_EN' is not driven. [EFX-0256]


WARNING  : The primary output port 'CAM1_EN' wire 'CAM1_EN' is not driven. [EFX-0256]


WARNING  : Removing redundant signal : io_cpu_prefetch_isValid. (/home/olle/efinity_p2/BRAM/ip/micro_risc_v1/micro_risc_v1.v:12221) [EFX-0200]


WARNING  : Removing redundant signal : io_cpu_prefetch_pc[31]. (/home/olle/efinity_p2/BRAM/ip/micro_risc_v1/micro_risc_v1.v:12223) [EFX-0200]


WARNING  : Removing redundant signal : io_cpu_prefetch_pc[30]. (/home/olle/efinity_p2/BRAM/ip/micro_risc_v1/micro_risc_v1.v:12223) [EFX-0200]


WARNING  : Removing redundant signal : io_cpu_prefetch_pc[29]. (/home/olle/efinity_p2/BRAM/ip/micro_risc_v1/micro_risc_v1.v:12223) [EFX-0200]


WARNING  : Removing redundant signal : io_cpu_prefetch_pc[28]. (/home/olle/efinity_p2/BRAM/ip/micro_risc_v1/micro_risc_v1.v:12223) [EFX-0200]


WARNING  : Removing redundant signal : io_cpu_prefetch_pc[27]. (/home/olle/efinity_p2/BRAM/ip/micro_risc_v1/micro_risc_v1.v:12223) [EFX-0200]


WARNING  : Removing redundant signal : io_cpu_prefetch_pc[26]. (/home/olle/efinity_p2/BRAM/ip/micro_risc_v1/micro_risc_v1.v:12223) [EFX-0200]


WARNING  : Removing redundant signal : io_cpu_prefetch_pc[25]. (/home/olle/efinity_p2/BRAM/ip/micro_risc_v1/micro_risc_v1.v:12223) [EFX-0200]


WARNING  : Removing redundant signal : io_cpu_prefetch_pc[24]. (/home/olle/efinity_p2/BRAM/ip/micro_risc_v1/micro_risc_v1.v:12223) [EFX-0200]


WARNING  : Removing redundant signal : io_cpu_prefetch_pc[23]. (/home/olle/efinity_p2/BRAM/ip/micro_risc_v1/micro_risc_v1.v:12223) [EFX-0200]


WARNING  : Removing redundant signal : io_cpu_prefetch_pc[22]. (/home/olle/efinity_p2/BRAM/ip/micro_risc_v1/micro_risc_v1.v:12223) [EFX-0200]


WARNING  : Removing redundant signal : io_cpu_prefetch_pc[21]. (/home/olle/efinity_p2/BRAM/ip/micro_risc_v1/micro_risc_v1.v:12223) [EFX-0200]


WARNING  : Removing redundant signal : io_cpu_prefetch_pc[20]. (/home/olle/efinity_p2/BRAM/ip/micro_risc_v1/micro_risc_v1.v:12223) [EFX-0200]


WARNING  : Removing redundant signal : io_cpu_prefetch_pc[19]. (/home/olle/efinity_p2/BRAM/ip/micro_risc_v1/micro_risc_v1.v:12223) [EFX-0200]


WARNING  : Removing redundant signal : io_cpu_prefetch_pc[18]. (/home/olle/efinity_p2/BRAM/ip/micro_risc_v1/micro_risc_v1.v:12223) [EFX-0200]


WARNING  : Removing redundant signal : io_cpu_prefetch_pc[17]. (/home/olle/efinity_p2/BRAM/ip/micro_risc_v1/micro_risc_v1.v:12223) [EFX-0200]


WARNING  : Removing redundant signal : io_cpu_prefetch_pc[16]. (/home/olle/efinity_p2/BRAM/ip/micro_risc_v1/micro_risc_v1.v:12223) [EFX-0200]


WARNING  : Removing redundant signal : io_cpu_prefetch_pc[15]. (/home/olle/efinity_p2/BRAM/ip/micro_risc_v1/micro_risc_v1.v:12223) [EFX-0200]


WARNING  : Removing redundant signal : io_cpu_prefetch_pc[14]. (/home/olle/efinity_p2/BRAM/ip/micro_risc_v1/micro_risc_v1.v:12223) [EFX-0200]


WARNING  : Removing redundant signal : io_cpu_prefetch_pc[13]. (/home/olle/efinity_p2/BRAM/ip/micro_risc_v1/micro_risc_v1.v:12223) [EFX-0200]


WARNING  : (The above message was generated too many times, subsequent similar messages will be muted.) [EFX-0200]


INFO     : ... Memory 'banks_0' is not initialized, assuming empty initial contents. (/home/olle/efinity_p2/BRAM/ip/micro_risc_v1/micro_risc_v1.v:12325) [EFX-0677]


INFO     : ... Memory 'ways_0_tags' is not initialized, assuming empty initial contents. (/home/olle/efinity_p2/BRAM/ip/micro_risc_v1/micro_risc_v1.v:12326) [EFX-0677]


INFO     : ... Memory 'ways_0_tags' is not initialized, assuming empty initial contents. (/home/olle/efinity_p2/BRAM/ip/micro_risc_v1/micro_risc_v1.v:11579) [EFX-0677]


INFO     : ... Memory 'ways_0_data_symbol0' is not initialized, assuming empty initial contents. (/home/olle/efinity_p2/BRAM/ip/micro_risc_v1/micro_risc_v1.v:11580) [EFX-0677]


INFO     : ... Memory 'ways_0_data_symbol1' is not initialized, assuming empty initial contents. (/home/olle/efinity_p2/BRAM/ip/micro_risc_v1/micro_risc_v1.v:11581) [EFX-0677]


INFO     : ... Memory 'ways_0_data_symbol2' is not initialized, assuming empty initial contents. (/home/olle/efinity_p2/BRAM/ip/micro_risc_v1/micro_risc_v1.v:11582) [EFX-0677]


INFO     : ... Memory 'ways_0_data_symbol3' is not initialized, assuming empty initial contents. (/home/olle/efinity_p2/BRAM/ip/micro_risc_v1/micro_risc_v1.v:11583) [EFX-0677]


WARNING  : Re-wiring to GND non-driven net 'IBusCachedPlugin_cache_io_cpu_fetch_isRemoved'. (/home/olle/efinity_p2/BRAM/ip/micro_risc_v1/micro_risc_v1.v:5832) [EFX-0201]


WARNING  : Re-wiring to GND non-driven net 'dataCache_1_io_cpu_writeBack_fence_SW'. (/home/olle/efinity_p2/BRAM/ip/micro_risc_v1/micro_risc_v1.v:5845) [EFX-0201]


WARNING  : Re-wiring to GND non-driven net 'dataCache_1_io_cpu_writeBack_fence_SR'. (/home/olle/efinity_p2/BRAM/ip/micro_risc_v1/micro_risc_v1.v:5846) [EFX-0201]


WARNING  : Re-wiring to GND non-driven net 'dataCache_1_io_cpu_writeBack_fence_SO'. (/home/olle/efinity_p2/BRAM/ip/micro_risc_v1/micro_risc_v1.v:5847) [EFX-0201]


WARNING  : Re-wiring to GND non-driven net 'dataCache_1_io_cpu_writeBack_fence_SI'. (/home/olle/efinity_p2/BRAM/ip/micro_risc_v1/micro_risc_v1.v:5848) [EFX-0201]


WARNING  : Re-wiring to GND non-driven net 'dataCache_1_io_cpu_writeBack_fence_PW'. (/home/olle/efinity_p2/BRAM/ip/micro_risc_v1/micro_risc_v1.v:5849) [EFX-0201]


WARNING  : Re-wiring to GND non-driven net 'dataCache_1_io_cpu_writeBack_fence_PR'. (/home/olle/efinity_p2/BRAM/ip/micro_risc_v1/micro_risc_v1.v:5850) [EFX-0201]


WARNING  : Re-wiring to GND non-driven net 'dataCache_1_io_cpu_writeBack_fence_PO'. (/home/olle/efinity_p2/BRAM/ip/micro_risc_v1/micro_risc_v1.v:5851) [EFX-0201]


WARNING  : Re-wiring to GND non-driven net 'dataCache_1_io_cpu_writeBack_fence_PI'. (/home/olle/efinity_p2/BRAM/ip/micro_risc_v1/micro_risc_v1.v:5852) [EFX-0201]


WARNING  : Re-wiring to GND non-driven net 'dataCache_1_io_cpu_writeBack_fence_FM[3]'. (/home/olle/efinity_p2/BRAM/ip/micro_risc_v1/micro_risc_v1.v:5853) [EFX-0201]


WARNING  : (The above message was generated too many times, subsequent similar messages will be muted.) [EFX-0201]


INFO     : ... Memory 'RegFilePlugin_regFile' is not initialized, assuming empty initial contents. (/home/olle/efinity_p2/BRAM/ip/micro_risc_v1/micro_risc_v1.v:6995) [EFX-0677]


INFO     : ... Memory 'logic_progbufX_mem' is not initialized, assuming empty initial contents. (/home/olle/efinity_p2/BRAM/ip/micro_risc_v1/micro_risc_v1.v:4949) [EFX-0677]


INFO     : Module Instance 'memory_arbiter' input pin 'io_inputs_0_payload_fragment_source[0]' is tied to constant (=0). [EFX-0266]


INFO     : Module Instance 'memory_arbiter' input pin 'io_inputs_1_payload_fragment_source[0]' is tied to constant (=0). [EFX-0266]


INFO     : Module Instance 'memory_arbiter' input pin 'io_inputs_1_payload_fragment_context[0]' is tied to constant (=0). [EFX-0266]


INFO     : Module Instance 'tx' input pin 'io_cts' is tied to constant (=0). [EFX-0266]


INFO     : ... Memory 'logic_ram' is not initialized, assuming empty initial contents. (/home/olle/efinity_p2/BRAM/ip/micro_risc_v1/micro_risc_v1.v:10857) [EFX-0677]


INFO     : Module Instance 'bridge_write_streamUnbuffered_queueWithOccupancy' input pin 'io_flush' is tied to constant (=0). [EFX-0266]


INFO     : Module Instance 'uartCtrl_1_io_read_queueWithOccupancy' input pin 'io_flush' is tied to constant (=0). [EFX-0266]


INFO     : Module Instance 'system_bridge_bmb_arbiter' input pin 'io_inputs_1_cmd_payload_fragment_data[0]' is tied to constant (=0). [EFX-0266]


INFO     : Module Instance 'system_bridge_bmb_arbiter' input pin 'io_inputs_1_cmd_payload_fragment_data[1]' is tied to constant (=0). [EFX-0266]


INFO     : Module Instance 'system_bridge_bmb_arbiter' input pin 'io_inputs_1_cmd_payload_fragment_data[2]' is tied to constant (=0). [EFX-0266]


INFO     : Module Instance 'system_bridge_bmb_arbiter' input pin 'io_inputs_1_cmd_payload_fragment_data[3]' is tied to constant (=0). [EFX-0266]


INFO     : Module Instance 'system_bridge_bmb_arbiter' input pin 'io_inputs_1_cmd_payload_fragment_data[4]' is tied to constant (=0). [EFX-0266]


INFO     : Module Instance 'system_bridge_bmb_arbiter' input pin 'io_inputs_1_cmd_payload_fragment_data[5]' is tied to constant (=0). [EFX-0266]


INFO     : Module Instance 'system_bridge_bmb_arbiter' input pin 'io_inputs_1_cmd_payload_fragment_data[6]' is tied to constant (=0). [EFX-0266]


INFO     : Module Instance 'system_bridge_bmb_arbiter' input pin 'io_inputs_1_cmd_payload_fragment_data[7]' is tied to constant (=0). [EFX-0266]


INFO     : Module Instance 'system_bridge_bmb_arbiter' input pin 'io_inputs_1_cmd_payload_fragment_data[8]' is tied to constant (=0). [EFX-0266]


INFO     : Module Instance 'system_bridge_bmb_arbiter' input pin 'io_inputs_1_cmd_payload_fragment_data[9]' is tied to constant (=0). [EFX-0266]


INFO     : Module Instance 'system_bridge_bmb_arbiter' input pin 'io_inputs_1_cmd_payload_fragment_data[10]' is tied to constant (=0). [EFX-0266]


INFO     : Module Instance 'system_bridge_bmb_arbiter' input pin 'io_inputs_1_cmd_payload_fragment_data[11]' is tied to constant (=0). [EFX-0266]


INFO     : Module Instance 'system_bridge_bmb_arbiter' input pin 'io_inputs_1_cmd_payload_fragment_data[12]' is tied to constant (=0). [EFX-0266]


INFO     : Module Instance 'system_bridge_bmb_arbiter' input pin 'io_inputs_1_cmd_payload_fragment_data[13]' is tied to constant (=0). [EFX-0266]


INFO     : Module Instance 'system_bridge_bmb_arbiter' input pin 'io_inputs_1_cmd_payload_fragment_data[14]' is tied to constant (=0). [EFX-0266]


INFO     : Module Instance 'system_bridge_bmb_arbiter' input pin 'io_inputs_1_cmd_payload_fragment_data[15]' is tied to constant (=0). [EFX-0266]


INFO     : Module Instance 'system_bridge_bmb_arbiter' input pin 'io_inputs_1_cmd_payload_fragment_data[16]' is tied to constant (=0). [EFX-0266]


INFO     : Module Instance 'system_bridge_bmb_arbiter' input pin 'io_inputs_1_cmd_payload_fragment_data[17]' is tied to constant (=0). [EFX-0266]


INFO     : Module Instance 'system_bridge_bmb_arbiter' input pin 'io_inputs_1_cmd_payload_fragment_data[18]' is tied to constant (=0). [EFX-0266]


INFO     : Module Instance 'system_bridge_bmb_arbiter' input pin 'io_inputs_1_cmd_payload_fragment_data[19]' is tied to constant (=0). [EFX-0266]


INFO     : Module Instance 'system_bridge_bmb_arbiter' input pin 'io_inputs_1_cmd_payload_fragment_data[20]' is tied to constant (=0). [EFX-0266]


INFO     : Module Instance 'system_bridge_bmb_arbiter' input pin 'io_inputs_1_cmd_payload_fragment_data[21]' is tied to constant (=0). [EFX-0266]


INFO     : Module Instance 'system_bridge_bmb_arbiter' input pin 'io_inputs_1_cmd_payload_fragment_data[22]' is tied to constant (=0). [EFX-0266]


INFO     : Module Instance 'system_bridge_bmb_arbiter' input pin 'io_inputs_1_cmd_payload_fragment_data[23]' is tied to constant (=0). [EFX-0266]


INFO     : Module Instance 'system_bridge_bmb_arbiter' input pin 'io_inputs_1_cmd_payload_fragment_data[24]' is tied to constant (=0). [EFX-0266]


INFO     : Module Instance 'system_bridge_bmb_arbiter' input pin 'io_inputs_1_cmd_payload_fragment_data[25]' is tied to constant (=0). [EFX-0266]


INFO     : Module Instance 'system_bridge_bmb_arbiter' input pin 'io_inputs_1_cmd_payload_fragment_data[26]' is tied to constant (=0). [EFX-0266]


INFO     : Module Instance 'system_bridge_bmb_arbiter' input pin 'io_inputs_1_cmd_payload_fragment_data[27]' is tied to constant (=0). [EFX-0266]


INFO     : Module Instance 'system_bridge_bmb_arbiter' input pin 'io_inputs_1_cmd_payload_fragment_data[28]' is tied to constant (=0). [EFX-0266]


INFO     : Module Instance 'system_bridge_bmb_arbiter' input pin 'io_inputs_1_cmd_payload_fragment_data[29]' is tied to constant (=0). [EFX-0266]


INFO     : Module Instance 'system_bridge_bmb_arbiter' input pin 'io_inputs_1_cmd_payload_fragment_data[30]' is tied to constant (=0). [EFX-0266]


INFO     : Module Instance 'system_bridge_bmb_arbiter' input pin 'io_inputs_1_cmd_payload_fragment_data[31]' is tied to constant (=0). [EFX-0266]


INFO     : Module Instance 'system_bridge_bmb_arbiter' input pin 'io_inputs_1_cmd_payload_fragment_mask[0]' is tied to constant (=0). [EFX-0266]


INFO     : Module Instance 'system_bridge_bmb_arbiter' input pin 'io_inputs_1_cmd_payload_fragment_mask[1]' is tied to constant (=0). [EFX-0266]


INFO     : Module Instance 'system_bridge_bmb_arbiter' input pin 'io_inputs_1_cmd_payload_fragment_mask[2]' is tied to constant (=0). [EFX-0266]


INFO     : Module Instance 'system_bridge_bmb_arbiter' input pin 'io_inputs_1_cmd_payload_fragment_mask[3]' is tied to constant (=0). [EFX-0266]


INFO     : Module Instance 'u_micro_risc_v1' input pin 'jtagCtrl_enable' is tied to constant (=1). [EFX-0266]


INFO     : ... Pre-synthesis checks end (Real time : 0s CPU user time : 1s CPU sys time : 0s MEM : 435960KB)


INFO     : ... NameSpace init begin


INFO     : ... NameSpace init end (Real time : 0s CPU user time : 1s CPU sys time : 0s MEM : 435960KB)


INFO     : ... Mapping design "top_level"


INFO     : ... Hierarchical pre-synthesis "InstructionCache_2fa2c88f3c1f4868ba7cd09620d007ba" begin


INFO     : ... Hierarchical pre-synthesis "InstructionCache_2fa2c88f3c1f4868ba7cd09620d007ba" end (Real time : 0s CPU user time : 1s CPU sys time : 0s MEM : 435960KB)


INFO     : ... Hierarchical pre-synthesis "DataCache_2fa2c88f3c1f4868ba7cd09620d007ba" begin


INFO     : ... Hierarchical pre-synthesis "DataCache_2fa2c88f3c1f4868ba7cd09620d007ba" end (Real time : 0s CPU user time : 1s CPU sys time : 0s MEM : 435960KB)


INFO     : ... Hierarchical pre-synthesis "BufferCC_2fa2c88f3c1f4868ba7cd09620d007ba" begin


INFO     : ... Hierarchical pre-synthesis "BufferCC_2fa2c88f3c1f4868ba7cd09620d007ba" end (Real time : 0s CPU user time : 1s CPU sys time : 0s MEM : 435960KB)


INFO     : ... Hierarchical pre-synthesis "EfxCPUSp1_2fa2c88f3c1f4868ba7cd09620d007ba" begin


INFO     : ... Hierarchical pre-synthesis "EfxCPUSp1_2fa2c88f3c1f4868ba7cd09620d007ba" end (Real time : 0s CPU user time : 1s CPU sys time : 0s MEM : 435960KB)


INFO     : ... Hierarchical pre-synthesis "VexRiscv_2fa2c88f3c1f4868ba7cd09620d007ba" begin


INFO     : ... Hierarchical pre-synthesis "VexRiscv_2fa2c88f3c1f4868ba7cd09620d007ba" end (Real time : 1s CPU user time : 2s CPU sys time : 0s MEM : 435960KB)


INFO     : ... Hierarchical pre-synthesis "DebugModule_2fa2c88f3c1f4868ba7cd09620d007ba" begin


INFO     : ... Hierarchical pre-synthesis "DebugModule_2fa2c88f3c1f4868ba7cd09620d007ba" end (Real time : 0s CPU user time : 2s CPU sys time : 0s MEM : 435960KB)


INFO     : ... Hierarchical pre-synthesis "BufferCC_5_2fa2c88f3c1f4868ba7cd09620d007ba" begin


INFO     : ... Hierarchical pre-synthesis "BufferCC_5_2fa2c88f3c1f4868ba7cd09620d007ba" end (Real time : 0s CPU user time : 2s CPU sys time : 0s MEM : 435960KB)


INFO     : ... Hierarchical pre-synthesis "BufferCC_6_2fa2c88f3c1f4868ba7cd09620d007ba" begin


INFO     : ... Hierarchical pre-synthesis "BufferCC_6_2fa2c88f3c1f4868ba7cd09620d007ba" end (Real time : 0s CPU user time : 2s CPU sys time : 0s MEM : 435960KB)


INFO     : ... Hierarchical pre-synthesis "BufferCC_8_2fa2c88f3c1f4868ba7cd09620d007ba" begin


INFO     : ... Hierarchical pre-synthesis "BufferCC_8_2fa2c88f3c1f4868ba7cd09620d007ba" end (Real time : 0s CPU user time : 2s CPU sys time : 0s MEM : 435960KB)


INFO     : ... Hierarchical pre-synthesis "BufferCC_1_2fa2c88f3c1f4868ba7cd09620d007ba" begin


INFO     : ... Hierarchical pre-synthesis "BufferCC_1_2fa2c88f3c1f4868ba7cd09620d007ba" end (Real time : 0s CPU user time : 2s CPU sys time : 0s MEM : 435960KB)


INFO     : ... Hierarchical pre-synthesis "FlowCCByToggle_2fa2c88f3c1f4868ba7cd09620d007ba" begin


INFO     : ... Hierarchical pre-synthesis "FlowCCByToggle_2fa2c88f3c1f4868ba7cd09620d007ba" end (Real time : 0s CPU user time : 2s CPU sys time : 0s MEM : 435960KB)


INFO     : ... Hierarchical pre-synthesis "BufferCC_2_2fa2c88f3c1f4868ba7cd09620d007ba" begin


INFO     : ... Hierarchical pre-synthesis "BufferCC_2_2fa2c88f3c1f4868ba7cd09620d007ba" end (Real time : 0s CPU user time : 2s CPU sys time : 0s MEM : 435960KB)


INFO     : ... Hierarchical pre-synthesis "BufferCC_3_2fa2c88f3c1f4868ba7cd09620d007ba" begin


INFO     : ... Hierarchical pre-synthesis "BufferCC_3_2fa2c88f3c1f4868ba7cd09620d007ba" end (Real time : 0s CPU user time : 2s CPU sys time : 0s MEM : 435960KB)


INFO     : ... Hierarchical pre-synthesis "FlowCCByToggle_1_2fa2c88f3c1f4868ba7cd09620d007ba" begin


INFO     : ... Hierarchical pre-synthesis "FlowCCByToggle_1_2fa2c88f3c1f4868ba7cd09620d007ba" end (Real time : 0s CPU user time : 2s CPU sys time : 0s MEM : 435960KB)


INFO     : ... Hierarchical pre-synthesis "DebugTransportModuleTunneled_2fa2c88f3c1f4868ba7cd09620d007ba" begin


INFO     : ... Hierarchical pre-synthesis "DebugTransportModuleTunneled_2fa2c88f3c1f4868ba7cd09620d007ba" end (Real time : 0s CPU user time : 2s CPU sys time : 0s MEM : 435960KB)


INFO     : ... Hierarchical pre-synthesis "BmbDecoder_2fa2c88f3c1f4868ba7cd09620d007ba" begin


INFO     : ... Hierarchical pre-synthesis "BmbDecoder_2fa2c88f3c1f4868ba7cd09620d007ba" end (Real time : 0s CPU user time : 2s CPU sys time : 0s MEM : 435960KB)


INFO     : ... Hierarchical pre-synthesis "StreamArbiter_2fa2c88f3c1f4868ba7cd09620d007ba" begin


INFO     : ... Hierarchical pre-synthesis "StreamArbiter_2fa2c88f3c1f4868ba7cd09620d007ba" end (Real time : 0s CPU user time : 2s CPU sys time : 0s MEM : 435960KB)


INFO     : ... Hierarchical pre-synthesis "BmbArbiter_2fa2c88f3c1f4868ba7cd09620d007ba" begin


INFO     : ... Hierarchical pre-synthesis "BmbArbiter_2fa2c88f3c1f4868ba7cd09620d007ba" end (Real time : 0s CPU user time : 2s CPU sys time : 0s MEM : 435960KB)


INFO     : ... Hierarchical pre-synthesis "BmbDecoder_1_2fa2c88f3c1f4868ba7cd09620d007ba" begin


INFO     : ... Hierarchical pre-synthesis "BmbDecoder_1_2fa2c88f3c1f4868ba7cd09620d007ba" end (Real time : 0s CPU user time : 2s CPU sys time : 0s MEM : 435960KB)


INFO     : ... Hierarchical pre-synthesis "BmbOnChipRam_2fa2c88f3c1f4868ba7cd09620d007ba" begin


INFO     : ... Hierarchical pre-synthesis "BmbOnChipRam_2fa2c88f3c1f4868ba7cd09620d007ba" end (Real time : 0s CPU user time : 2s CPU sys time : 0s MEM : 435960KB)


INFO     : ... Hierarchical pre-synthesis "BmbUnburstify_2fa2c88f3c1f4868ba7cd09620d007ba" begin


INFO     : ... Hierarchical pre-synthesis "BmbUnburstify_2fa2c88f3c1f4868ba7cd09620d007ba" end (Real time : 0s CPU user time : 2s CPU sys time : 0s MEM : 435960KB)


INFO     : ... Hierarchical pre-synthesis "BmbDecoder_2_2fa2c88f3c1f4868ba7cd09620d007ba" begin


INFO     : ... Hierarchical pre-synthesis "BmbDecoder_2_2fa2c88f3c1f4868ba7cd09620d007ba" end (Real time : 0s CPU user time : 2s CPU sys time : 0s MEM : 435960KB)


INFO     : ... Hierarchical pre-synthesis "BmbClint_2fa2c88f3c1f4868ba7cd09620d007ba" begin


INFO     : ... Hierarchical pre-synthesis "BmbClint_2fa2c88f3c1f4868ba7cd09620d007ba" end (Real time : 0s CPU user time : 2s CPU sys time : 0s MEM : 435960KB)


INFO     : ... Hierarchical pre-synthesis "UartCtrlTx_2fa2c88f3c1f4868ba7cd09620d007ba" begin


INFO     : ... Hierarchical pre-synthesis "UartCtrlTx_2fa2c88f3c1f4868ba7cd09620d007ba" end (Real time : 0s CPU user time : 2s CPU sys time : 0s MEM : 435960KB)


INFO     : ... Hierarchical pre-synthesis "BufferCC_4_2fa2c88f3c1f4868ba7cd09620d007ba" begin


INFO     : ... Hierarchical pre-synthesis "BufferCC_4_2fa2c88f3c1f4868ba7cd09620d007ba" end (Real time : 0s CPU user time : 2s CPU sys time : 0s MEM : 435960KB)


INFO     : ... Hierarchical pre-synthesis "UartCtrlRx_2fa2c88f3c1f4868ba7cd09620d007ba" begin


INFO     : ... Hierarchical pre-synthesis "UartCtrlRx_2fa2c88f3c1f4868ba7cd09620d007ba" end (Real time : 0s CPU user time : 2s CPU sys time : 0s MEM : 435960KB)


INFO     : ... Hierarchical pre-synthesis "UartCtrl_2fa2c88f3c1f4868ba7cd09620d007ba" begin


INFO     : ... Hierarchical pre-synthesis "UartCtrl_2fa2c88f3c1f4868ba7cd09620d007ba" end (Real time : 0s CPU user time : 2s CPU sys time : 0s MEM : 435960KB)


INFO     : ... Hierarchical pre-synthesis "StreamFifo_2fa2c88f3c1f4868ba7cd09620d007ba" begin


INFO     : ... Hierarchical pre-synthesis "StreamFifo_2fa2c88f3c1f4868ba7cd09620d007ba" end (Real time : 0s CPU user time : 2s CPU sys time : 0s MEM : 435960KB)


INFO     : ... Hierarchical pre-synthesis "BmbUartCtrl_2fa2c88f3c1f4868ba7cd09620d007ba" begin


INFO     : ... Hierarchical pre-synthesis "BmbUartCtrl_2fa2c88f3c1f4868ba7cd09620d007ba" end (Real time : 0s CPU user time : 2s CPU sys time : 0s MEM : 435960KB)


INFO     : ... Hierarchical pre-synthesis "BmbGpio2_2fa2c88f3c1f4868ba7cd09620d007ba" begin


INFO     : ... Hierarchical pre-synthesis "BmbGpio2_2fa2c88f3c1f4868ba7cd09620d007ba" end (Real time : 0s CPU user time : 2s CPU sys time : 0s MEM : 435960KB)


INFO     : ... Hierarchical pre-synthesis "EfxSapphireSoc_2fa2c88f3c1f4868ba7cd09620d007ba" begin


INFO     : ... Hierarchical pre-synthesis "EfxSapphireSoc_2fa2c88f3c1f4868ba7cd09620d007ba" end (Real time : 1s CPU user time : 3s CPU sys time : 0s MEM : 435960KB)


INFO     : ... Hierarchical pre-synthesis "micro_risc_v1" begin


INFO     : ... Hierarchical pre-synthesis "micro_risc_v1" end (Real time : 0s CPU user time : 3s CPU sys time : 0s MEM : 435960KB)


INFO     : ... Hierarchical pre-synthesis "mdio_clause22" begin


INFO     : ... Hierarchical pre-synthesis "mdio_clause22" end (Real time : 0s CPU user time : 3s CPU sys time : 0s MEM : 435960KB)


INFO     : ... Hierarchical pre-synthesis "eth_dp83825_udp" begin


INFO     : ... Hierarchical pre-synthesis "eth_dp83825_udp" end (Real time : 0s CPU user time : 3s CPU sys time : 0s MEM : 435960KB)


INFO     : ... Hierarchical pre-synthesis "top_level" begin


WARNING  : Mapping into logic memory block 'u_micro_risc_v1/u_EfxSapphireSoc/system_riscvJtag_debug_logic_dm/logic_progbufX_mem' (64 bits) (/home/olle/efinity_p2/BRAM/ip/micro_risc_v1/micro_risc_v1.v:4949) because size is too small (<=64) [EFX-0657]


INFO     : ... Clock Enable Synthesis Performed on 377 flops.


INFO     : ... Hierarchical pre-synthesis "top_level" end (Real time : 1s CPU user time : 4s CPU sys time : 0s MEM : 435960KB)


INFO     : ... Flat optimizations begin


INFO     : ... Flat optimizations end (Real time : 0s CPU user time : 5s CPU sys time : 0s MEM : 435960KB)


INFO     : ... Flat synthesis begin


INFO     : ... Flat synthesis end (Real time : 0s CPU user time : 5s CPU sys time : 0s MEM : 435960KB)


INFO     : ... Flat optimizations begin


INFO     : ... Flat optimizations end (Real time : 0s CPU user time : 5s CPU sys time : 0s MEM : 435960KB)


INFO     : ... Check and break combinational loops begin


INFO     : ... Check and break combinational loops end (Real time : 0s CPU user time : 5s CPU sys time : 0s MEM : 435960KB)


INFO     : ... Sequential Optimization begin


INFO     : ... Clock Network 'pll_clk' with 2309 loads will be considered for sequential optimization.


INFO     : ... Clock Network 'jtag_dummy_TCK' with 221 loads will be considered for sequential optimization.


INFO     : ... Clock Network 'clk' with 83 loads will be considered for sequential optimization.


INFO     : ... Sequential Optimization deduced 479 equivalent points.


INFO     : ... Sequential Optimization end (Real time : 15s CPU user time : 21s CPU sys time : 0s MEM : 435960KB)


INFO     : ... Setup for logic synthesis begin


INFO     : ... Setup for logic synthesis end (Real time : 1s CPU user time : 21s CPU sys time : 0s MEM : 435960KB)


INFO     : ... LUT mapping begin


INFO     : ... LS, strategy: 3, nd: 3184, ed: 10391, lv: 7, pw: 5943.17


INFO     : ... LUT mapping end (Real time : 11s CPU user time : 34s CPU sys time : 0s MEM : 435960KB)


INFO     : ... Post-synthesis Verific netlist creation begin


INFO     : ... Post-synthesis Verific netlist creation end (Real time : 0s CPU user time : 35s CPU sys time : 0s MEM : 435960KB)


INFO     : ... Postmap Retiming Optimization begin


INFO     : ... Clock Network 'pll_clk~pll_clk' with 2301 loads will be considered for retiming optimization.


INFO     : ... Clock Network 'jtag_dummy_TCK~jtag_dummy_TCK' with 220 loads will be considered for retiming optimization.


INFO     : ... Clock Network 'clk~clk' with 83 loads will be considered for retiming optimization.


INFO     : ... Performed 0 retime moves.


INFO     : ... Postmap Retiming Optimization end (Real time : 14s CPU user time : 49s CPU sys time : 0s MEM : 435960KB)


INFO     : ***** Beginning VDB Netlist Checker ... *****


WARNING  : /home/olle/efinity_p2/BRAM/top_level.vhd(11): Input/inout port phy_intr_n is unconnected and will be removed. [VDB-8003]


WARNING  : /home/olle/efinity_p2/BRAM/top_level.vhd(16): Input/inout port rmii_crs_dv is unconnected and will be removed. [VDB-8003]


WARNING  : /home/olle/efinity_p2/BRAM/top_level.vhd(17): Input/inout port rmii_rx_er is unconnected and will be removed. [VDB-8003]


WARNING  : /home/olle/efinity_p2/BRAM/top_level.vhd(18): Input/inout port rmii_rxd[1] is unconnected and will be removed. [VDB-8003]


WARNING  : /home/olle/efinity_p2/BRAM/top_level.vhd(21): Input/inout port mdio_i is unconnected and will be removed. [VDB-8003]


WARNING  : /home/olle/efinity_p2/BRAM/top_level.vhd(29): Input/inout port jtag_dummy_TMS is unconnected and will be removed. [VDB-8003]


WARNING  : /home/olle/efinity_p2/BRAM/top_level.vhd(30): Input/inout port jtag_dummy_SEL is unconnected and will be removed. [VDB-8003]


WARNING  : /home/olle/efinity_p2/BRAM/top_level.vhd(31): Input/inout port jtag_dummy_DRCK is unconnected and will be removed. [VDB-8003]


WARNING  : /home/olle/efinity_p2/BRAM/top_level.vhd(33): Input/inout port jtag_dummy_RUNTEST is unconnected and will be removed. [VDB-8003]


WARNING  : /home/olle/efinity_p2/BRAM/top_level.vhd(38): Input/inout port led4 is unconnected and will be removed. [VDB-8003]


WARNING  : Net u_micro_risc_v1/u_EfxSapphireSoc/system_cores_0_logic_cpu/IBusCachedPlugin_cache/lineLoader_address[0] is dangling. [VDB-8009]


WARNING  : Net u_micro_risc_v1/u_EfxSapphireSoc/system_cores_0_logic_cpu/IBusCachedPlugin_cache/lineLoader_address[1] is dangling. [VDB-8009]


WARNING  : Net u_micro_risc_v1/u_EfxSapphireSoc/system_cores_0_logic_cpu/IBusCachedPlugin_cache/lineLoader_address[2] is dangling. [VDB-8009]


WARNING  : Net u_micro_risc_v1/u_EfxSapphireSoc/system_cores_0_logic_cpu/IBusCachedPlugin_cache/lineLoader_address[3] is dangling. [VDB-8009]


WARNING  : Net u_micro_risc_v1/u_EfxSapphireSoc/system_cores_0_logic_cpu/IBusCachedPlugin_cache/lineLoader_address[4] is dangling. [VDB-8009]


WARNING  : Net u_micro_risc_v1/u_EfxSapphireSoc/system_cores_0_logic_cpu/IBusCachedPlugin_cache/lineLoader_address[5] is dangling. [VDB-8009]


WARNING  : Found 17 warnings in the post-synthesis netlist.


INFO     : VDB Netlist Checker took 0.020979 seconds.


INFO     : 	VDB Netlist Checker took 0.04 seconds (approximately) in total CPU time.


INFO     : VDB Netlist Checker virtual memory usage: begin = 307.672 MB, end = 307.672 MB, delta = 0 MB


INFO     : VDB Netlist Checker resident set memory usage: begin = 221.008 MB, end = 221.008 MB, delta = 0 MB


INFO     : 	VDB Netlist Checker peak resident set memory usage = 435.96 MB


INFO     : ***** Ending VDB Netlist Checker ... *****


INFO     : Resource Summary 


INFO     : =============================== 


INFO     : EFX_ADD         : 	344


INFO     : EFX_LUT4        : 	3184


INFO     : EFX_FF          : 	2603


INFO     : EFX_RAM_5K      : 	40


INFO     : EFX_GBUFCE      : 	3


INFO     : =============================== 


INFO     : ... Post-Map Verilog Writer begin


INFO     : Writing netlist 'top_level' to Verilog file '/home/olle/efinity_p2/BRAM/outflow/BRAM.map.v' [VDB-1030]


INFO     : ... Post-Map Verilog Writer end (Real time : 0s CPU user time : 49s CPU sys time : 0s MEM : 435960KB)


INFO     : The entire flow of EFX_MAP took 46.6297 seconds.


INFO     : 	The entire flow of EFX_MAP took 49.74 seconds (approximately) in total CPU time.


INFO     : The entire flow of EFX_MAP virtual memory usage: begin = 88.4 MB, end = 307.672 MB, delta = 219.272 MB


INFO     : The entire flow of EFX_MAP resident set memory usage: begin = 27.52 MB, end = 221.008 MB, delta = 193.488 MB


INFO     : 	The entire flow of EFX_MAP peak resident set memory usage = 435.96 MB


Sat August 16 25 08:45:26 - /home/olle/efinix/efinity/2025.1/bin/efx_map finished. Exit code = 0 Exit status : Normal

Running synthesis flow done.

Sat August 16 25 08:45:26 - Start Debugger Flow



-------------------------------------------------------------------------

Debugger

-------------------------------------------------------------------------

Sat August 16 25 08:45:26 - Debugger flow working directory is /home/olle/efinity_p2/BRAM/work_syn


INFO     : --max_threads set to 4 

--------------------------------------------------------------

Start Debugger Step Generate Debugger Cores.

Sat August 16 25 08:45:27 - /home/olle/efinix/efinity/2025.1/bin/python3  -m "efx_dbg.DbgWizard" --device  "T20F169" --family  "Trion" --in_profile_name  "/home/olle/efinity_p2/BRAM/debug_profile.wizard.json" --out_dbg_vdb  "debug_top.post.vdb" --out_profile_name  "/home/olle/efinity_p2/BRAM/debug_profile.wizard.json" --out_dir  "work_dbg"

Sat August 16 25 08:45:27 - Running /home/olle/efinix/efinity/2025.1/bin/python3...

Traceback (most recent call last):
  File "<frozen runpy>", line 198, in _run_module_as_main
  File "<frozen runpy>", line 88, in _run_code
  File "/home/olle/efinix/efinity/2025.1/debugger/bin/efx_dbg/DbgWizard.py", line 1089, in <module>
    _context = DbgWizardContext(args.in_profile_name)
               ^^^^^^^^^^^^^^^^^^^^^^^^^^^^^^^^^^^^^^
  File "/home/olle/efinix/efinity/2025.1/debugger/bin/efx_dbg/DbgWizard.py", line 212, in __init__
    raise Exception("Invalid profile, top_module is missing")
Exception: Invalid profile, top_module is missing

Sat August 16 25 08:45:27 - /home/olle/efinix/efinity/2025.1/bin/python3 finished. Exit code = 1 Exit status : Normal

Running Debugger Step 0 fail. See exit code and exit status

Sat August 16 25 08:45:27 - End Debugger Flow

Sat August 16 25 08:45:27 - Running automated flow starting from synthesis done. Total duration = 0m 48.841s

Sat August 16 25 08:46:18 - Running Efinity Debugger...

Sat August 16 25 09:02:45 - Running automated flow starting from synthesis...



Sat August 16 25 09:02:45 - Floorplan closed VM : 713.48 MB RSS : 341.512 MB



-------------------------------------------------------------------------

Synthesis

-------------------------------------------------------------------------

Sat August 16 25 09:02:45 - Synthesis flow working directory is /home/olle/efinity_p2/BRAM/work_syn


INFO     : --max_threads set to 4 

INFO     : Deleting any pre-existing troute trace files

Sat August 16 25 09:02:46 - /home/olle/efinix/efinity/2025.1/bin/efx_map --project "BRAM" --root "top_level" --write-efx-verilog "/home/olle/efinity_p2/BRAM/outflow/BRAM.map.v" --write-premap-module "/home/olle/efinity_p2/BRAM/outflow/BRAM.elab.vdb" --binary-db "/home/olle/efinity_p2/BRAM/outflow/BRAM.vdb" --device "T20F169" --family "Trion" --veri_option "verilog_mode=verilog_2k,vhdl_mode=vhdl_2008" --work-dir "/home/olle/efinity_p2/BRAM/work_syn" --output-dir "/home/olle/efinity_p2/BRAM/outflow" --project-xml "/home/olle/efinity_p2/BRAM/BRAM.xml" --I "/home/olle/efinity_p2/BRAM" --I "/home/olle/efinity_p2/BRAM/ip/BRAM_8192_bytes" --I "/home/olle/efinity_p2/BRAM/ip/micro_risc_v1"

Sat August 16 25 09:02:46 - Running /home/olle/efinix/efinity/2025.1/bin/efx_map...

INFO     : Efinix FPGA Synthesis.


INFO     : Version: 2025.1.110.2.15


INFO     : Compiled: Jun 21 2025.


INFO     : 


INFO     : Copyright (C) 2013 - 2025 Efinix, Inc. All rights reserved.



INFO     : Reading project database "/home/olle/efinity_p2/BRAM/BRAM.xml"


INFO     : Analyzing Verilog file '/home/olle/efinix/efinity/2025.1/sim_models/maplib/efinix_peri_lib.v' [VERI-1482]


INFO     : /home/olle/efinix/efinity/2025.1/sim_models/maplib/efinix_peri_lib.v(8): compiling module 'EFX_IBUF' [VERI-1018]


INFO     : /home/olle/efinix/efinity/2025.1/sim_models/maplib/efinix_peri_lib.v(16): compiling module 'EFX_OBUF' [VERI-1018]


INFO     : /home/olle/efinix/efinity/2025.1/sim_models/maplib/efinix_peri_lib.v(23): compiling module 'EFX_IO_BUF' [VERI-1018]


INFO     : /home/olle/efinix/efinity/2025.1/sim_models/maplib/efinix_peri_lib.v(33): compiling module 'EFX_CLKOUT' [VERI-1018]


INFO     : /home/olle/efinix/efinity/2025.1/sim_models/maplib/efinix_peri_lib.v(41): compiling module 'EFX_IREG' [VERI-1018]


INFO     : /home/olle/efinix/efinity/2025.1/sim_models/maplib/efinix_peri_lib.v(51): compiling module 'EFX_OREG' [VERI-1018]


INFO     : /home/olle/efinix/efinity/2025.1/sim_models/maplib/efinix_peri_lib.v(60): compiling module 'EFX_IOREG' [VERI-1018]


INFO     : /home/olle/efinix/efinity/2025.1/sim_models/maplib/efinix_peri_lib.v(75): compiling module 'EFX_IDDIO' [VERI-1018]


INFO     : /home/olle/efinix/efinity/2025.1/sim_models/maplib/efinix_peri_lib.v(87): compiling module 'EFX_ODDIO' [VERI-1018]


INFO     : /home/olle/efinix/efinity/2025.1/sim_models/maplib/efinix_peri_lib.v(99): compiling module 'EFX_GPIO_V1' [VERI-1018]


INFO     : /home/olle/efinix/efinity/2025.1/sim_models/maplib/efinix_peri_lib.v(124): compiling module 'EFX_GPIO_V2' [VERI-1018]


INFO     : /home/olle/efinix/efinity/2025.1/sim_models/maplib/efinix_peri_lib.v(149): compiling module 'EFX_GPIO_V3' [VERI-1018]


INFO     : /home/olle/efinix/efinity/2025.1/sim_models/maplib/efinix_peri_lib.v(186): compiling module 'EFX_PLL_V1' [VERI-1018]


INFO     : /home/olle/efinix/efinity/2025.1/sim_models/maplib/efinix_peri_lib.v(205): compiling module 'EFX_PLL_V2' [VERI-1018]


INFO     : /home/olle/efinix/efinity/2025.1/sim_models/maplib/efinix_peri_lib.v(231): compiling module 'EFX_PLL_V3' [VERI-1018]


INFO     : /home/olle/efinix/efinity/2025.1/sim_models/maplib/efinix_peri_lib.v(279): compiling module 'EFX_OSC_V1' [VERI-1018]


INFO     : /home/olle/efinix/efinity/2025.1/sim_models/maplib/efinix_peri_lib.v(285): compiling module 'EFX_OSC_V3' [VERI-1018]


INFO     : /home/olle/efinix/efinity/2025.1/sim_models/maplib/efinix_peri_lib.v(294): compiling module 'EFX_FPLL_V1' [VERI-1018]


INFO     : /home/olle/efinix/efinity/2025.1/sim_models/maplib/efinix_peri_lib.v(348): compiling module 'EFX_JTAG_V1' [VERI-1018]


INFO     : /home/olle/efinix/efinity/2025.1/sim_models/maplib/efinix_peri_lib.v(357): compiling module 'EFX_JTAG_CTRL' [VERI-1018]


INFO     : /home/olle/efinix/efinity/2025.1/sim_models/maplib/efinix_peri_lib.v(364): compiling module 'EFX_LVDS_RX_V1' [VERI-1018]


INFO     : /home/olle/efinix/efinity/2025.1/sim_models/maplib/efinix_peri_lib.v(381): compiling module 'EFX_LVDS_TX_V1' [VERI-1018]


INFO     : /home/olle/efinix/efinity/2025.1/sim_models/maplib/efinix_peri_lib.v(399): compiling module 'EFX_LVDS_RX_V2' [VERI-1018]


INFO     : /home/olle/efinix/efinity/2025.1/sim_models/maplib/efinix_peri_lib.v(426): compiling module 'EFX_LVDS_TX_V2' [VERI-1018]


INFO     : /home/olle/efinix/efinity/2025.1/sim_models/maplib/efinix_peri_lib.v(446): compiling module 'EFX_LVDS_BIDIR_V2' [VERI-1018]


INFO     : Reading project database "/home/olle/efinity_p2/BRAM/BRAM.xml"


INFO     : ***** Beginning Analysis ... *****


INFO     : default VHDL library search path is now "/home/olle/efinix/efinity/2025.1/sim_models/vhdl/packages/vhdl_2008" [VHDL-1504]


INFO     : Analyzing Verilog file '/home/olle/efinix/efinity/2025.1/sim_models/maplib/efinix_maplib.v' [VERI-1482]


INFO     : Analyzing Verilog file '/home/olle/efinix/efinity/2025.1/sim_models/maplib/efinix_peri_lib.v' [VERI-1482]


INFO     : Analyzing Verilog file '/home/olle/efinix/efinity/2025.1/sim_models/maplib/efinix_maplib.v' [VERI-1482]


INFO     : Analyzing Verilog file '/home/olle/efinix/efinity/2025.1/sim_models/maplib/efinix_peri_lib.v' [VERI-1482]


INFO     : Analyzing VHDL file '/home/olle/efinity_p2/BRAM/top_level.vhd' [VHDL-1481]


INFO     : Restoring VHDL unit 'ieee.std_logic_1164' from file '/home/olle/efinix/efinity/2025.1/sim_models/vhdl/packages/vhdl_2008/ieee/std_logic_1164.vdb' [VHDL-1493]


INFO     : Restoring VHDL unit 'std.standard' from file '/home/olle/efinix/efinity/2025.1/sim_models/vhdl/packages/vhdl_2008/std/standard.vdb' [VHDL-1493]


INFO     : Restoring VHDL unit 'std.textio' from file '/home/olle/efinix/efinity/2025.1/sim_models/vhdl/packages/vhdl_2008/std/textio.vdb' [VHDL-1493]


INFO     : Restoring VHDL unit 'ieee.numeric_std' from file '/home/olle/efinix/efinity/2025.1/sim_models/vhdl/packages/vhdl_2008/ieee/numeric_std.vdb' [VHDL-1493]


INFO     : /home/olle/efinity_p2/BRAM/top_level.vhd(6): analyzing entity 'top_level' [VHDL-1012]


INFO     : /home/olle/efinity_p2/BRAM/top_level.vhd(48): analyzing architecture 'behavior' [VHDL-1010]


ERROR    : /home/olle/efinity_p2/BRAM/top_level.vhd(116): syntax error near '/' [VHDL-1261]


ERROR    : /home/olle/efinity_p2/BRAM/top_level.vhd(117): syntax error near '/' [VHDL-1261]


ERROR    : /home/olle/efinity_p2/BRAM/top_level.vhd(118): syntax error near '/' [VHDL-1261]


ERROR    : /home/olle/efinity_p2/BRAM/top_level.vhd(119): syntax error near '/' [VHDL-1261]


ERROR    : /home/olle/efinity_p2/BRAM/top_level.vhd(120): syntax error near '/' [VHDL-1261]


ERROR    : /home/olle/efinity_p2/BRAM/top_level.vhd(121): syntax error near '/' [VHDL-1261]


ERROR    : /home/olle/efinity_p2/BRAM/top_level.vhd(122): syntax error near '/' [VHDL-1261]


ERROR    : /home/olle/efinity_p2/BRAM/top_level.vhd(123): syntax error near '/' [VHDL-1261]


ERROR    : /home/olle/efinity_p2/BRAM/top_level.vhd(124): syntax error near '/' [VHDL-1261]


ERROR    : /home/olle/efinity_p2/BRAM/top_level.vhd(125): syntax error near '/' [VHDL-1261]


ERROR    : /home/olle/efinity_p2/BRAM/top_level.vhd(126): syntax error near '/' [VHDL-1261]


ERROR    : /home/olle/efinity_p2/BRAM/top_level.vhd(127): syntax error near '/' [VHDL-1261]


ERROR    : /home/olle/efinity_p2/BRAM/top_level.vhd(128): syntax error near '/' [VHDL-1261]


ERROR    : /home/olle/efinity_p2/BRAM/top_level.vhd(129): syntax error near '/' [VHDL-1261]


ERROR    : /home/olle/efinity_p2/BRAM/top_level.vhd(130): syntax error near '/' [VHDL-1261]


ERROR    : /home/olle/efinity_p2/BRAM/top_level.vhd(131): syntax error near '/' [VHDL-1261]


ERROR    : /home/olle/efinity_p2/BRAM/top_level.vhd(132): syntax error near '/' [VHDL-1261]


ERROR    : /home/olle/efinity_p2/BRAM/top_level.vhd(133): syntax error near '/' [VHDL-1261]


ERROR    : /home/olle/efinity_p2/BRAM/top_level.vhd(134): syntax error near '/' [VHDL-1261]


INFO     : Sorry, too many errors.. [SYS-1004]


INFO     : Analysis took 0.0636357 seconds.


INFO     : 	Analysis took 0.06 seconds (approximately) in total CPU time.


INFO     : Analysis virtual memory usage: begin = 124.564 MB, end = 128.66 MB, delta = 4.096 MB


INFO     : Analysis resident set memory usage: begin = 72.192 MB, end = 77.056 MB, delta = 4.864 MB


INFO     : 	Analysis peak resident set memory usage = 435.96 MB


INFO     : ***** Ending Analysis ... *****


INFO     : The entire flow of EFX_MAP took 0.759814 seconds.


INFO     : 	The entire flow of EFX_MAP took 0.71 seconds (approximately) in total CPU time.


INFO     : The entire flow of EFX_MAP virtual memory usage: begin = 88.404 MB, end = 128.66 MB, delta = 40.256 MB


INFO     : The entire flow of EFX_MAP resident set memory usage: begin = 27.52 MB, end = 77.056 MB, delta = 49.536 MB


INFO     : 	The entire flow of EFX_MAP peak resident set memory usage = 435.96 MB


Sat August 16 25 09:02:47 - /home/olle/efinix/efinity/2025.1/bin/efx_map finished. Exit code = 3 Exit status : Normal

Running synthesis flow fail. See exit code and exit status.

Sat August 16 25 09:02:47 - Running automated flow starting from synthesis done. Total duration = 0m 1.869s

Sat August 16 25 09:04:28 - Running automated flow starting from synthesis...



Sat August 16 25 09:04:28 - Floorplan closed VM : 721.676 MB RSS : 213.816 MB



-------------------------------------------------------------------------

Synthesis

-------------------------------------------------------------------------

Sat August 16 25 09:04:28 - Synthesis flow working directory is /home/olle/efinity_p2/BRAM/work_syn


INFO     : --max_threads set to 4 

Sat August 16 25 09:04:29 - /home/olle/efinix/efinity/2025.1/bin/efx_map --project "BRAM" --root "top_level" --write-efx-verilog "/home/olle/efinity_p2/BRAM/outflow/BRAM.map.v" --write-premap-module "/home/olle/efinity_p2/BRAM/outflow/BRAM.elab.vdb" --binary-db "/home/olle/efinity_p2/BRAM/outflow/BRAM.vdb" --device "T20F169" --family "Trion" --veri_option "verilog_mode=verilog_2k,vhdl_mode=vhdl_2008" --work-dir "/home/olle/efinity_p2/BRAM/work_syn" --output-dir "/home/olle/efinity_p2/BRAM/outflow" --project-xml "/home/olle/efinity_p2/BRAM/BRAM.xml" --I "/home/olle/efinity_p2/BRAM" --I "/home/olle/efinity_p2/BRAM/ip/BRAM_8192_bytes" --I "/home/olle/efinity_p2/BRAM/ip/micro_risc_v1"

Sat August 16 25 09:04:29 - Running /home/olle/efinix/efinity/2025.1/bin/efx_map...

INFO     : Efinix FPGA Synthesis.


INFO     : Version: 2025.1.110.2.15


INFO     : Compiled: Jun 21 2025.


INFO     : 


INFO     : Copyright (C) 2013 - 2025 Efinix, Inc. All rights reserved.



INFO     : Reading project database "/home/olle/efinity_p2/BRAM/BRAM.xml"


INFO     : Analyzing Verilog file '/home/olle/efinix/efinity/2025.1/sim_models/maplib/efinix_peri_lib.v' [VERI-1482]


INFO     : /home/olle/efinix/efinity/2025.1/sim_models/maplib/efinix_peri_lib.v(8): compiling module 'EFX_IBUF' [VERI-1018]


INFO     : /home/olle/efinix/efinity/2025.1/sim_models/maplib/efinix_peri_lib.v(16): compiling module 'EFX_OBUF' [VERI-1018]


INFO     : /home/olle/efinix/efinity/2025.1/sim_models/maplib/efinix_peri_lib.v(23): compiling module 'EFX_IO_BUF' [VERI-1018]


INFO     : /home/olle/efinix/efinity/2025.1/sim_models/maplib/efinix_peri_lib.v(33): compiling module 'EFX_CLKOUT' [VERI-1018]


INFO     : /home/olle/efinix/efinity/2025.1/sim_models/maplib/efinix_peri_lib.v(41): compiling module 'EFX_IREG' [VERI-1018]


INFO     : /home/olle/efinix/efinity/2025.1/sim_models/maplib/efinix_peri_lib.v(51): compiling module 'EFX_OREG' [VERI-1018]


INFO     : /home/olle/efinix/efinity/2025.1/sim_models/maplib/efinix_peri_lib.v(60): compiling module 'EFX_IOREG' [VERI-1018]


INFO     : /home/olle/efinix/efinity/2025.1/sim_models/maplib/efinix_peri_lib.v(75): compiling module 'EFX_IDDIO' [VERI-1018]


INFO     : /home/olle/efinix/efinity/2025.1/sim_models/maplib/efinix_peri_lib.v(87): compiling module 'EFX_ODDIO' [VERI-1018]


INFO     : /home/olle/efinix/efinity/2025.1/sim_models/maplib/efinix_peri_lib.v(99): compiling module 'EFX_GPIO_V1' [VERI-1018]


INFO     : /home/olle/efinix/efinity/2025.1/sim_models/maplib/efinix_peri_lib.v(124): compiling module 'EFX_GPIO_V2' [VERI-1018]


INFO     : /home/olle/efinix/efinity/2025.1/sim_models/maplib/efinix_peri_lib.v(149): compiling module 'EFX_GPIO_V3' [VERI-1018]


INFO     : /home/olle/efinix/efinity/2025.1/sim_models/maplib/efinix_peri_lib.v(186): compiling module 'EFX_PLL_V1' [VERI-1018]


INFO     : /home/olle/efinix/efinity/2025.1/sim_models/maplib/efinix_peri_lib.v(205): compiling module 'EFX_PLL_V2' [VERI-1018]


INFO     : /home/olle/efinix/efinity/2025.1/sim_models/maplib/efinix_peri_lib.v(231): compiling module 'EFX_PLL_V3' [VERI-1018]


INFO     : /home/olle/efinix/efinity/2025.1/sim_models/maplib/efinix_peri_lib.v(279): compiling module 'EFX_OSC_V1' [VERI-1018]


INFO     : /home/olle/efinix/efinity/2025.1/sim_models/maplib/efinix_peri_lib.v(285): compiling module 'EFX_OSC_V3' [VERI-1018]


INFO     : /home/olle/efinix/efinity/2025.1/sim_models/maplib/efinix_peri_lib.v(294): compiling module 'EFX_FPLL_V1' [VERI-1018]


INFO     : /home/olle/efinix/efinity/2025.1/sim_models/maplib/efinix_peri_lib.v(348): compiling module 'EFX_JTAG_V1' [VERI-1018]


INFO     : /home/olle/efinix/efinity/2025.1/sim_models/maplib/efinix_peri_lib.v(357): compiling module 'EFX_JTAG_CTRL' [VERI-1018]


INFO     : /home/olle/efinix/efinity/2025.1/sim_models/maplib/efinix_peri_lib.v(364): compiling module 'EFX_LVDS_RX_V1' [VERI-1018]


INFO     : /home/olle/efinix/efinity/2025.1/sim_models/maplib/efinix_peri_lib.v(381): compiling module 'EFX_LVDS_TX_V1' [VERI-1018]


INFO     : /home/olle/efinix/efinity/2025.1/sim_models/maplib/efinix_peri_lib.v(399): compiling module 'EFX_LVDS_RX_V2' [VERI-1018]


INFO     : /home/olle/efinix/efinity/2025.1/sim_models/maplib/efinix_peri_lib.v(426): compiling module 'EFX_LVDS_TX_V2' [VERI-1018]


INFO     : /home/olle/efinix/efinity/2025.1/sim_models/maplib/efinix_peri_lib.v(446): compiling module 'EFX_LVDS_BIDIR_V2' [VERI-1018]


INFO     : Reading project database "/home/olle/efinity_p2/BRAM/BRAM.xml"


INFO     : ***** Beginning Analysis ... *****


INFO     : default VHDL library search path is now "/home/olle/efinix/efinity/2025.1/sim_models/vhdl/packages/vhdl_2008" [VHDL-1504]


INFO     : Analyzing Verilog file '/home/olle/efinix/efinity/2025.1/sim_models/maplib/efinix_maplib.v' [VERI-1482]


INFO     : Analyzing Verilog file '/home/olle/efinix/efinity/2025.1/sim_models/maplib/efinix_peri_lib.v' [VERI-1482]


INFO     : Analyzing Verilog file '/home/olle/efinix/efinity/2025.1/sim_models/maplib/efinix_maplib.v' [VERI-1482]


INFO     : Analyzing Verilog file '/home/olle/efinix/efinity/2025.1/sim_models/maplib/efinix_peri_lib.v' [VERI-1482]


INFO     : Analyzing VHDL file '/home/olle/efinity_p2/BRAM/top_level.vhd' [VHDL-1481]


INFO     : Restoring VHDL unit 'ieee.std_logic_1164' from file '/home/olle/efinix/efinity/2025.1/sim_models/vhdl/packages/vhdl_2008/ieee/std_logic_1164.vdb' [VHDL-1493]


INFO     : Restoring VHDL unit 'std.standard' from file '/home/olle/efinix/efinity/2025.1/sim_models/vhdl/packages/vhdl_2008/std/standard.vdb' [VHDL-1493]


INFO     : Restoring VHDL unit 'std.textio' from file '/home/olle/efinix/efinity/2025.1/sim_models/vhdl/packages/vhdl_2008/std/textio.vdb' [VHDL-1493]


INFO     : Restoring VHDL unit 'ieee.numeric_std' from file '/home/olle/efinix/efinity/2025.1/sim_models/vhdl/packages/vhdl_2008/ieee/numeric_std.vdb' [VHDL-1493]


INFO     : /home/olle/efinity_p2/BRAM/top_level.vhd(6): analyzing entity 'top_level' [VHDL-1012]


INFO     : /home/olle/efinity_p2/BRAM/top_level.vhd(48): analyzing architecture 'behavior' [VHDL-1010]


ERROR    : /home/olle/efinity_p2/BRAM/top_level.vhd(116): syntax error near '/' [VHDL-1261]


ERROR    : /home/olle/efinity_p2/BRAM/top_level.vhd(117): syntax error near '/' [VHDL-1261]


ERROR    : /home/olle/efinity_p2/BRAM/top_level.vhd(118): syntax error near '/' [VHDL-1261]


ERROR    : /home/olle/efinity_p2/BRAM/top_level.vhd(119): syntax error near '/' [VHDL-1261]


ERROR    : /home/olle/efinity_p2/BRAM/top_level.vhd(120): syntax error near '/' [VHDL-1261]


ERROR    : /home/olle/efinity_p2/BRAM/top_level.vhd(121): syntax error near '/' [VHDL-1261]


ERROR    : /home/olle/efinity_p2/BRAM/top_level.vhd(122): syntax error near '/' [VHDL-1261]


ERROR    : /home/olle/efinity_p2/BRAM/top_level.vhd(123): syntax error near '/' [VHDL-1261]


ERROR    : /home/olle/efinity_p2/BRAM/top_level.vhd(124): syntax error near '/' [VHDL-1261]


ERROR    : /home/olle/efinity_p2/BRAM/top_level.vhd(125): syntax error near '/' [VHDL-1261]


ERROR    : /home/olle/efinity_p2/BRAM/top_level.vhd(126): syntax error near '/' [VHDL-1261]


ERROR    : /home/olle/efinity_p2/BRAM/top_level.vhd(127): syntax error near '/' [VHDL-1261]


ERROR    : /home/olle/efinity_p2/BRAM/top_level.vhd(128): syntax error near '/' [VHDL-1261]


ERROR    : /home/olle/efinity_p2/BRAM/top_level.vhd(129): syntax error near '/' [VHDL-1261]


ERROR    : /home/olle/efinity_p2/BRAM/top_level.vhd(130): syntax error near '/' [VHDL-1261]


ERROR    : /home/olle/efinity_p2/BRAM/top_level.vhd(131): syntax error near '/' [VHDL-1261]


ERROR    : /home/olle/efinity_p2/BRAM/top_level.vhd(132): syntax error near '/' [VHDL-1261]


ERROR    : /home/olle/efinity_p2/BRAM/top_level.vhd(133): syntax error near '/' [VHDL-1261]


ERROR    : /home/olle/efinity_p2/BRAM/top_level.vhd(134): syntax error near '/' [VHDL-1261]


INFO     : Sorry, too many errors.. [SYS-1004]


INFO     : Analysis took 0.0618653 seconds.


INFO     : 	Analysis took 0.06 seconds (approximately) in total CPU time.


INFO     : Analysis virtual memory usage: begin = 124.564 MB, end = 128.66 MB, delta = 4.096 MB


INFO     : Analysis resident set memory usage: begin = 72.192 MB, end = 77.056 MB, delta = 4.864 MB


INFO     : 	Analysis peak resident set memory usage = 435.96 MB


INFO     : ***** Ending Analysis ... *****


INFO     : The entire flow of EFX_MAP took 0.800421 seconds.


INFO     : 	The entire flow of EFX_MAP took 0.76 seconds (approximately) in total CPU time.


INFO     : The entire flow of EFX_MAP virtual memory usage: begin = 88.404 MB, end = 128.66 MB, delta = 40.256 MB


INFO     : The entire flow of EFX_MAP resident set memory usage: begin = 27.52 MB, end = 77.056 MB, delta = 49.536 MB


INFO     : 	The entire flow of EFX_MAP peak resident set memory usage = 435.96 MB


Sat August 16 25 09:04:30 - /home/olle/efinix/efinity/2025.1/bin/efx_map finished. Exit code = 3 Exit status : Normal

Running synthesis flow fail. See exit code and exit status.

Sat August 16 25 09:04:30 - Running automated flow starting from synthesis done. Total duration = 0m 1.874s

Sat August 16 25 09:04:38 - Running automated flow starting from synthesis...



Sat August 16 25 09:04:38 - Floorplan closed VM : 721.676 MB RSS : 214.224 MB



-------------------------------------------------------------------------

Synthesis

-------------------------------------------------------------------------

Sat August 16 25 09:04:38 - Synthesis flow working directory is /home/olle/efinity_p2/BRAM/work_syn


INFO     : --max_threads set to 4 

Sat August 16 25 09:04:39 - /home/olle/efinix/efinity/2025.1/bin/efx_map --project "BRAM" --root "top_level" --write-efx-verilog "/home/olle/efinity_p2/BRAM/outflow/BRAM.map.v" --write-premap-module "/home/olle/efinity_p2/BRAM/outflow/BRAM.elab.vdb" --binary-db "/home/olle/efinity_p2/BRAM/outflow/BRAM.vdb" --device "T20F169" --family "Trion" --veri_option "verilog_mode=verilog_2k,vhdl_mode=vhdl_2008" --work-dir "/home/olle/efinity_p2/BRAM/work_syn" --output-dir "/home/olle/efinity_p2/BRAM/outflow" --project-xml "/home/olle/efinity_p2/BRAM/BRAM.xml" --I "/home/olle/efinity_p2/BRAM" --I "/home/olle/efinity_p2/BRAM/ip/BRAM_8192_bytes" --I "/home/olle/efinity_p2/BRAM/ip/micro_risc_v1"

Sat August 16 25 09:04:39 - Running /home/olle/efinix/efinity/2025.1/bin/efx_map...

INFO     : Efinix FPGA Synthesis.


INFO     : Version: 2025.1.110.2.15


INFO     : Compiled: Jun 21 2025.


INFO     : 


INFO     : Copyright (C) 2013 - 2025 Efinix, Inc. All rights reserved.



INFO     : Reading project database "/home/olle/efinity_p2/BRAM/BRAM.xml"


INFO     : Analyzing Verilog file '/home/olle/efinix/efinity/2025.1/sim_models/maplib/efinix_peri_lib.v' [VERI-1482]


INFO     : /home/olle/efinix/efinity/2025.1/sim_models/maplib/efinix_peri_lib.v(8): compiling module 'EFX_IBUF' [VERI-1018]


INFO     : /home/olle/efinix/efinity/2025.1/sim_models/maplib/efinix_peri_lib.v(16): compiling module 'EFX_OBUF' [VERI-1018]


INFO     : /home/olle/efinix/efinity/2025.1/sim_models/maplib/efinix_peri_lib.v(23): compiling module 'EFX_IO_BUF' [VERI-1018]


INFO     : /home/olle/efinix/efinity/2025.1/sim_models/maplib/efinix_peri_lib.v(33): compiling module 'EFX_CLKOUT' [VERI-1018]


INFO     : /home/olle/efinix/efinity/2025.1/sim_models/maplib/efinix_peri_lib.v(41): compiling module 'EFX_IREG' [VERI-1018]


INFO     : /home/olle/efinix/efinity/2025.1/sim_models/maplib/efinix_peri_lib.v(51): compiling module 'EFX_OREG' [VERI-1018]


INFO     : /home/olle/efinix/efinity/2025.1/sim_models/maplib/efinix_peri_lib.v(60): compiling module 'EFX_IOREG' [VERI-1018]


INFO     : /home/olle/efinix/efinity/2025.1/sim_models/maplib/efinix_peri_lib.v(75): compiling module 'EFX_IDDIO' [VERI-1018]


INFO     : /home/olle/efinix/efinity/2025.1/sim_models/maplib/efinix_peri_lib.v(87): compiling module 'EFX_ODDIO' [VERI-1018]


INFO     : /home/olle/efinix/efinity/2025.1/sim_models/maplib/efinix_peri_lib.v(99): compiling module 'EFX_GPIO_V1' [VERI-1018]


INFO     : /home/olle/efinix/efinity/2025.1/sim_models/maplib/efinix_peri_lib.v(124): compiling module 'EFX_GPIO_V2' [VERI-1018]


INFO     : /home/olle/efinix/efinity/2025.1/sim_models/maplib/efinix_peri_lib.v(149): compiling module 'EFX_GPIO_V3' [VERI-1018]


INFO     : /home/olle/efinix/efinity/2025.1/sim_models/maplib/efinix_peri_lib.v(186): compiling module 'EFX_PLL_V1' [VERI-1018]


INFO     : /home/olle/efinix/efinity/2025.1/sim_models/maplib/efinix_peri_lib.v(205): compiling module 'EFX_PLL_V2' [VERI-1018]


INFO     : /home/olle/efinix/efinity/2025.1/sim_models/maplib/efinix_peri_lib.v(231): compiling module 'EFX_PLL_V3' [VERI-1018]


INFO     : /home/olle/efinix/efinity/2025.1/sim_models/maplib/efinix_peri_lib.v(279): compiling module 'EFX_OSC_V1' [VERI-1018]


INFO     : /home/olle/efinix/efinity/2025.1/sim_models/maplib/efinix_peri_lib.v(285): compiling module 'EFX_OSC_V3' [VERI-1018]


INFO     : /home/olle/efinix/efinity/2025.1/sim_models/maplib/efinix_peri_lib.v(294): compiling module 'EFX_FPLL_V1' [VERI-1018]


INFO     : /home/olle/efinix/efinity/2025.1/sim_models/maplib/efinix_peri_lib.v(348): compiling module 'EFX_JTAG_V1' [VERI-1018]


INFO     : /home/olle/efinix/efinity/2025.1/sim_models/maplib/efinix_peri_lib.v(357): compiling module 'EFX_JTAG_CTRL' [VERI-1018]


INFO     : /home/olle/efinix/efinity/2025.1/sim_models/maplib/efinix_peri_lib.v(364): compiling module 'EFX_LVDS_RX_V1' [VERI-1018]


INFO     : /home/olle/efinix/efinity/2025.1/sim_models/maplib/efinix_peri_lib.v(381): compiling module 'EFX_LVDS_TX_V1' [VERI-1018]


INFO     : /home/olle/efinix/efinity/2025.1/sim_models/maplib/efinix_peri_lib.v(399): compiling module 'EFX_LVDS_RX_V2' [VERI-1018]


INFO     : /home/olle/efinix/efinity/2025.1/sim_models/maplib/efinix_peri_lib.v(426): compiling module 'EFX_LVDS_TX_V2' [VERI-1018]


INFO     : /home/olle/efinix/efinity/2025.1/sim_models/maplib/efinix_peri_lib.v(446): compiling module 'EFX_LVDS_BIDIR_V2' [VERI-1018]


INFO     : Reading project database "/home/olle/efinity_p2/BRAM/BRAM.xml"


INFO     : ***** Beginning Analysis ... *****


INFO     : default VHDL library search path is now "/home/olle/efinix/efinity/2025.1/sim_models/vhdl/packages/vhdl_2008" [VHDL-1504]


INFO     : Analyzing Verilog file '/home/olle/efinix/efinity/2025.1/sim_models/maplib/efinix_maplib.v' [VERI-1482]


INFO     : Analyzing Verilog file '/home/olle/efinix/efinity/2025.1/sim_models/maplib/efinix_peri_lib.v' [VERI-1482]


INFO     : Analyzing Verilog file '/home/olle/efinix/efinity/2025.1/sim_models/maplib/efinix_maplib.v' [VERI-1482]


INFO     : Analyzing Verilog file '/home/olle/efinix/efinity/2025.1/sim_models/maplib/efinix_peri_lib.v' [VERI-1482]


INFO     : Analyzing VHDL file '/home/olle/efinity_p2/BRAM/top_level.vhd' [VHDL-1481]


INFO     : Restoring VHDL unit 'ieee.std_logic_1164' from file '/home/olle/efinix/efinity/2025.1/sim_models/vhdl/packages/vhdl_2008/ieee/std_logic_1164.vdb' [VHDL-1493]


INFO     : Restoring VHDL unit 'std.standard' from file '/home/olle/efinix/efinity/2025.1/sim_models/vhdl/packages/vhdl_2008/std/standard.vdb' [VHDL-1493]


INFO     : Restoring VHDL unit 'std.textio' from file '/home/olle/efinix/efinity/2025.1/sim_models/vhdl/packages/vhdl_2008/std/textio.vdb' [VHDL-1493]


INFO     : Restoring VHDL unit 'ieee.numeric_std' from file '/home/olle/efinix/efinity/2025.1/sim_models/vhdl/packages/vhdl_2008/ieee/numeric_std.vdb' [VHDL-1493]


INFO     : /home/olle/efinity_p2/BRAM/top_level.vhd(6): analyzing entity 'top_level' [VHDL-1012]


INFO     : /home/olle/efinity_p2/BRAM/top_level.vhd(48): analyzing architecture 'behavior' [VHDL-1010]


INFO     : Analyzing VHDL file '/home/olle/efinity_p2/BRAM/eth_dp83825_udp.vhd' [VHDL-1481]


INFO     : /home/olle/efinity_p2/BRAM/eth_dp83825_udp.vhd(6): analyzing entity 'eth_dp83825_udp' [VHDL-1012]


INFO     : /home/olle/efinity_p2/BRAM/eth_dp83825_udp.vhd(29): analyzing architecture 'behavior' [VHDL-1010]


INFO     : Analyzing VHDL file '/home/olle/efinity_p2/BRAM/mdio_clause22.vhd' [VHDL-1481]


INFO     : /home/olle/efinity_p2/BRAM/mdio_clause22.vhd(9): analyzing entity 'mdio_clause22' [VHDL-1012]


INFO     : /home/olle/efinity_p2/BRAM/mdio_clause22.vhd(37): analyzing architecture 'rtl' [VHDL-1010]


INFO     : Analyzing Verilog file '/home/olle/efinity_p2/BRAM/ip/BRAM_8192_bytes/BRAM_8192_bytes.v' [VERI-1482]


INFO     : /home/olle/efinity_p2/BRAM/ip/BRAM_8192_bytes/BRAM_8192_bytes.v(758): analyzing included file '/home/olle/efinity_p2/BRAM/ip/BRAM_8192_bytes/bram_ini.vh' [VERI-1328]


INFO     : /home/olle/efinity_p2/BRAM/ip/BRAM_8192_bytes/BRAM_8192_bytes.v(758): back to file '/home/olle/efinity_p2/BRAM/ip/BRAM_8192_bytes/BRAM_8192_bytes.v' [VERI-2320]


INFO     : /home/olle/efinity_p2/BRAM/ip/BRAM_8192_bytes/BRAM_8192_bytes.v(985): analyzing included file '/home/olle/efinity_p2/BRAM/ip/BRAM_8192_bytes/bram_decompose.vh' [VERI-1328]


INFO     : /home/olle/efinity_p2/BRAM/ip/BRAM_8192_bytes/BRAM_8192_bytes.v(985): back to file '/home/olle/efinity_p2/BRAM/ip/BRAM_8192_bytes/BRAM_8192_bytes.v' [VERI-2320]


INFO     : Analyzing Verilog file '/home/olle/efinity_p2/BRAM/ip/micro_risc_v1/micro_risc_v1.v' [VERI-1482]


INFO     : Analysis took 0.155108 seconds.


INFO     : 	Analysis took 0.14 seconds (approximately) in total CPU time.


INFO     : Analysis virtual memory usage: begin = 124.56 MB, end = 132.752 MB, delta = 8.192 MB


INFO     : Analysis resident set memory usage: begin = 72.192 MB, end = 81.152 MB, delta = 8.96 MB


INFO     : 	Analysis peak resident set memory usage = 435.96 MB


INFO     : ***** Ending Analysis ... *****


INFO     : ***** Beginning Elaboration ... *****


INFO     : /home/olle/efinity_p2/BRAM/top_level.vhd(6): processing 'top_level(behavior)' [VHDL-1067]


WARNING  : /home/olle/efinity_p2/BRAM/top_level.vhd(102): using initial value '0' for 'system_uart_0_io_rxd' since it is never assigned [VHDL-1303]


WARNING  : /home/olle/efinity_p2/BRAM/top_level.vhd(105): using initial value for 'system_gpio_0_io_read' since it is never assigned [VHDL-1794]


INFO     : Restoring VHDL unit 'vl.vl_types' from file '/home/olle/efinix/efinity/2025.1/sim_models/vhdl/packages/vhdl_2008/vl/vl_types.vdb' [VHDL-1493]


INFO     : /home/olle/efinity_p2/BRAM/top_level.vhd(135): switching to Verilog mode to elaborate module 'micro_risc_v1' [VHDL-1399]


INFO     : /home/olle/efinity_p2/BRAM/ip/micro_risc_v1/micro_risc_v1.v(49): compiling module 'micro_risc_v1' [VERI-1018]


INFO     : /home/olle/efinity_p2/BRAM/ip/micro_risc_v1/micro_risc_v1.v(94): compiling module 'EfxSapphireSoc_2fa2c88f3c1f4868ba7cd09620d007ba' [VERI-1018]


INFO     : /home/olle/efinity_p2/BRAM/ip/micro_risc_v1/micro_risc_v1.v(5744): compiling module 'VexRiscv_2fa2c88f3c1f4868ba7cd09620d007ba' [VERI-1018]


INFO     : /home/olle/efinity_p2/BRAM/ip/micro_risc_v1/micro_risc_v1.v(6995): extracting RAM for identifier 'RegFilePlugin_regFile' [VERI-2571]


INFO     : /home/olle/efinity_p2/BRAM/ip/micro_risc_v1/micro_risc_v1.v(12219): compiling module 'InstructionCache_2fa2c88f3c1f4868ba7cd09620d007ba' [VERI-1018]


INFO     : /home/olle/efinity_p2/BRAM/ip/micro_risc_v1/micro_risc_v1.v(12325): extracting RAM for identifier 'banks_0' [VERI-2571]


INFO     : /home/olle/efinity_p2/BRAM/ip/micro_risc_v1/micro_risc_v1.v(12326): extracting RAM for identifier 'ways_0_tags' [VERI-2571]


INFO     : /home/olle/efinity_p2/BRAM/ip/micro_risc_v1/micro_risc_v1.v(11365): compiling module 'DataCache_2fa2c88f3c1f4868ba7cd09620d007ba' [VERI-1018]


INFO     : /home/olle/efinity_p2/BRAM/ip/micro_risc_v1/micro_risc_v1.v(11579): extracting RAM for identifier 'ways_0_tags' [VERI-2571]


INFO     : /home/olle/efinity_p2/BRAM/ip/micro_risc_v1/micro_risc_v1.v(11580): extracting RAM for identifier 'ways_0_data_symbol0' [VERI-2571]


INFO     : /home/olle/efinity_p2/BRAM/ip/micro_risc_v1/micro_risc_v1.v(11581): extracting RAM for identifier 'ways_0_data_symbol1' [VERI-2571]


INFO     : /home/olle/efinity_p2/BRAM/ip/micro_risc_v1/micro_risc_v1.v(11582): extracting RAM for identifier 'ways_0_data_symbol2' [VERI-2571]


INFO     : /home/olle/efinity_p2/BRAM/ip/micro_risc_v1/micro_risc_v1.v(11583): extracting RAM for identifier 'ways_0_data_symbol3' [VERI-2571]


WARNING  : /home/olle/efinity_p2/BRAM/ip/micro_risc_v1/micro_risc_v1.v(12191): system task 'display' is ignored for synthesis [VERI-1142]


INFO     : /home/olle/efinity_p2/BRAM/ip/micro_risc_v1/micro_risc_v1.v(11346): compiling module 'BufferCC_2fa2c88f3c1f4868ba7cd09620d007ba' [VERI-1018]


INFO     : /home/olle/efinity_p2/BRAM/ip/micro_risc_v1/micro_risc_v1.v(13149): compiling module 'EfxCPUSp1_2fa2c88f3c1f4868ba7cd09620d007ba' [VERI-1018]


WARNING  : /home/olle/efinity_p2/BRAM/ip/micro_risc_v1/micro_risc_v1.v(5832): net 'IBusCachedPlugin_cache_io_cpu_fetch_isRemoved' does not have a driver [VDB-1002]


WARNING  : /home/olle/efinity_p2/BRAM/ip/micro_risc_v1/micro_risc_v1.v(5845): net 'dataCache_1_io_cpu_writeBack_fence_SW' does not have a driver [VDB-1002]


WARNING  : /home/olle/efinity_p2/BRAM/ip/micro_risc_v1/micro_risc_v1.v(5846): net 'dataCache_1_io_cpu_writeBack_fence_SR' does not have a driver [VDB-1002]


WARNING  : /home/olle/efinity_p2/BRAM/ip/micro_risc_v1/micro_risc_v1.v(5847): net 'dataCache_1_io_cpu_writeBack_fence_SO' does not have a driver [VDB-1002]


WARNING  : /home/olle/efinity_p2/BRAM/ip/micro_risc_v1/micro_risc_v1.v(5848): net 'dataCache_1_io_cpu_writeBack_fence_SI' does not have a driver [VDB-1002]


WARNING  : /home/olle/efinity_p2/BRAM/ip/micro_risc_v1/micro_risc_v1.v(5849): net 'dataCache_1_io_cpu_writeBack_fence_PW' does not have a driver [VDB-1002]


WARNING  : /home/olle/efinity_p2/BRAM/ip/micro_risc_v1/micro_risc_v1.v(5850): net 'dataCache_1_io_cpu_writeBack_fence_PR' does not have a driver [VDB-1002]


WARNING  : /home/olle/efinity_p2/BRAM/ip/micro_risc_v1/micro_risc_v1.v(5851): net 'dataCache_1_io_cpu_writeBack_fence_PO' does not have a driver [VDB-1002]


WARNING  : /home/olle/efinity_p2/BRAM/ip/micro_risc_v1/micro_risc_v1.v(5852): net 'dataCache_1_io_cpu_writeBack_fence_PI' does not have a driver [VDB-1002]


WARNING  : /home/olle/efinity_p2/BRAM/ip/micro_risc_v1/micro_risc_v1.v(5853): net 'dataCache_1_io_cpu_writeBack_fence_FM[3]' does not have a driver [VDB-1002]


WARNING  : /home/olle/efinity_p2/BRAM/ip/micro_risc_v1/micro_risc_v1.v(6276): net 'IBusCachedPlugin_mmuBus_rsp_bypassTranslation' does not have a driver [VDB-1002]


WARNING  : /home/olle/efinity_p2/BRAM/ip/micro_risc_v1/micro_risc_v1.v(6302): net 'DBusCachedPlugin_mmuBus_rsp_bypassTranslation' does not have a driver [VDB-1002]


WARNING  : /home/olle/efinity_p2/BRAM/ip/micro_risc_v1/micro_risc_v1.v(6410): net 'IBusCachedPlugin_iBusRsp_output_payload_rsp_error' does not have a driver [VDB-1002]


WARNING  : /home/olle/efinity_p2/BRAM/ip/micro_risc_v1/micro_risc_v1.v(6412): net 'IBusCachedPlugin_iBusRsp_output_payload_isRvc' does not have a driver [VDB-1002]


WARNING  : /home/olle/efinity_p2/BRAM/ip/micro_risc_v1/micro_risc_v1.v(6656): net 'CsrPlugin_mtvec_mode[1]' does not have a driver [VDB-1002]


INFO     : /home/olle/efinity_p2/BRAM/ip/micro_risc_v1/micro_risc_v1.v(4743): compiling module 'DebugModule_2fa2c88f3c1f4868ba7cd09620d007ba' [VERI-1018]


INFO     : /home/olle/efinity_p2/BRAM/ip/micro_risc_v1/micro_risc_v1.v(4949): extracting RAM for identifier 'logic_progbufX_mem' [VERI-2571]


INFO     : /home/olle/efinity_p2/BRAM/ip/micro_risc_v1/micro_risc_v1.v(4719): compiling module 'BufferCC_5_2fa2c88f3c1f4868ba7cd09620d007ba' [VERI-1018]


INFO     : /home/olle/efinity_p2/BRAM/ip/micro_risc_v1/micro_risc_v1.v(4695): compiling module 'BufferCC_6_2fa2c88f3c1f4868ba7cd09620d007ba' [VERI-1018]


INFO     : /home/olle/efinity_p2/BRAM/ip/micro_risc_v1/micro_risc_v1.v(4669): compiling module 'BufferCC_8_2fa2c88f3c1f4868ba7cd09620d007ba' [VERI-1018]


INFO     : /home/olle/efinity_p2/BRAM/ip/micro_risc_v1/micro_risc_v1.v(4196): compiling module 'DebugTransportModuleTunneled_2fa2c88f3c1f4868ba7cd09620d007ba' [VERI-1018]


INFO     : /home/olle/efinity_p2/BRAM/ip/micro_risc_v1/micro_risc_v1.v(11282): compiling module 'FlowCCByToggle_2fa2c88f3c1f4868ba7cd09620d007ba' [VERI-1018]


WARNING  : /home/olle/efinity_p2/BRAM/ip/micro_risc_v1/micro_risc_v1.v(11316): system function call 'urandom' is not supported [VERI-1141]


WARNING  : /home/olle/efinity_p2/BRAM/ip/micro_risc_v1/micro_risc_v1.v(11317): system function call 'urandom' is not supported [VERI-1141]


INFO     : /home/olle/efinity_p2/BRAM/ip/micro_risc_v1/micro_risc_v1.v(13099): compiling module 'BufferCC_1_2fa2c88f3c1f4868ba7cd09620d007ba' [VERI-1018]


WARNING  : /home/olle/efinity_p2/BRAM/ip/micro_risc_v1/micro_risc_v1.v(13111): system function call 'urandom' is not supported [VERI-1141]


WARNING  : /home/olle/efinity_p2/BRAM/ip/micro_risc_v1/micro_risc_v1.v(13112): system function call 'urandom' is not supported [VERI-1141]


INFO     : /home/olle/efinity_p2/BRAM/ip/micro_risc_v1/micro_risc_v1.v(11196): compiling module 'FlowCCByToggle_1_2fa2c88f3c1f4868ba7cd09620d007ba' [VERI-1018]


INFO     : /home/olle/efinity_p2/BRAM/ip/micro_risc_v1/micro_risc_v1.v(13075): compiling module 'BufferCC_2_2fa2c88f3c1f4868ba7cd09620d007ba' [VERI-1018]


INFO     : /home/olle/efinity_p2/BRAM/ip/micro_risc_v1/micro_risc_v1.v(13051): compiling module 'BufferCC_3_2fa2c88f3c1f4868ba7cd09620d007ba' [VERI-1018]


INFO     : /home/olle/efinity_p2/BRAM/ip/micro_risc_v1/micro_risc_v1.v(4156): compiling module 'BmbDecoder_2fa2c88f3c1f4868ba7cd09620d007ba' [VERI-1018]


INFO     : /home/olle/efinity_p2/BRAM/ip/micro_risc_v1/micro_risc_v1.v(4020): compiling module 'BmbArbiter_2fa2c88f3c1f4868ba7cd09620d007ba' [VERI-1018]


INFO     : /home/olle/efinity_p2/BRAM/ip/micro_risc_v1/micro_risc_v1.v(11092): compiling module 'StreamArbiter_2fa2c88f3c1f4868ba7cd09620d007ba' [VERI-1018]


INFO     : /home/olle/efinity_p2/BRAM/ip/micro_risc_v1/micro_risc_v1.v(3748): compiling module 'BmbDecoder_1_2fa2c88f3c1f4868ba7cd09620d007ba' [VERI-1018]


INFO     : /home/olle/efinity_p2/BRAM/ip/micro_risc_v1/micro_risc_v1.v(3640): compiling module 'BmbOnChipRam_2fa2c88f3c1f4868ba7cd09620d007ba' [VERI-1018]


INFO     : /home/olle/efinity_p2/BRAM/ip/micro_risc_v1/micro_risc_v1.v(3672): extracting RAM for identifier 'ram_symbol0' [VERI-2571]


INFO     : /home/olle/efinity_p2/BRAM/ip/micro_risc_v1/micro_risc_v1.v(3673): extracting RAM for identifier 'ram_symbol1' [VERI-2571]


INFO     : /home/olle/efinity_p2/BRAM/ip/micro_risc_v1/micro_risc_v1.v(3674): extracting RAM for identifier 'ram_symbol2' [VERI-2571]


INFO     : /home/olle/efinity_p2/BRAM/ip/micro_risc_v1/micro_risc_v1.v(3675): extracting RAM for identifier 'ram_symbol3' [VERI-2571]


INFO     : /home/olle/efinity_p2/BRAM/ip/micro_risc_v1/micro_risc_v1.v(3414): compiling module 'BmbUnburstify_2fa2c88f3c1f4868ba7cd09620d007ba' [VERI-1018]


INFO     : /home/olle/efinity_p2/BRAM/ip/micro_risc_v1/micro_risc_v1.v(3053): compiling module 'BmbDecoder_2_2fa2c88f3c1f4868ba7cd09620d007ba' [VERI-1018]


INFO     : /home/olle/efinity_p2/BRAM/ip/micro_risc_v1/micro_risc_v1.v(2869): compiling module 'BmbClint_2fa2c88f3c1f4868ba7cd09620d007ba' [VERI-1018]


INFO     : /home/olle/efinity_p2/BRAM/ip/micro_risc_v1/micro_risc_v1.v(2377): compiling module 'BmbUartCtrl_2fa2c88f3c1f4868ba7cd09620d007ba' [VERI-1018]


INFO     : /home/olle/efinity_p2/BRAM/ip/micro_risc_v1/micro_risc_v1.v(10963): compiling module 'UartCtrl_2fa2c88f3c1f4868ba7cd09620d007ba' [VERI-1018]


INFO     : /home/olle/efinity_p2/BRAM/ip/micro_risc_v1/micro_risc_v1.v(12811): compiling module 'UartCtrlTx_2fa2c88f3c1f4868ba7cd09620d007ba' [VERI-1018]


INFO     : /home/olle/efinity_p2/BRAM/ip/micro_risc_v1/micro_risc_v1.v(12517): compiling module 'UartCtrlRx_2fa2c88f3c1f4868ba7cd09620d007ba' [VERI-1018]


INFO     : /home/olle/efinity_p2/BRAM/ip/micro_risc_v1/micro_risc_v1.v(13125): compiling module 'BufferCC_4_2fa2c88f3c1f4868ba7cd09620d007ba' [VERI-1018]


INFO     : /home/olle/efinity_p2/BRAM/ip/micro_risc_v1/micro_risc_v1.v(10809): compiling module 'StreamFifo_2fa2c88f3c1f4868ba7cd09620d007ba' [VERI-1018]


INFO     : /home/olle/efinity_p2/BRAM/ip/micro_risc_v1/micro_risc_v1.v(10857): extracting RAM for identifier 'logic_ram' [VERI-2571]


INFO     : /home/olle/efinity_p2/BRAM/ip/micro_risc_v1/micro_risc_v1.v(2165): compiling module 'BmbGpio2_2fa2c88f3c1f4868ba7cd09620d007ba' [VERI-1018]


INFO     : /home/olle/efinity_p2/BRAM/top_level.vhd(135): returning to VHDL mode to continue with elaboration [VHDL-1400]


INFO     : /home/olle/efinity_p2/BRAM/eth_dp83825_udp.vhd(6): processing 'eth_dp83825_udp(behavior)' [VHDL-1067]


WARNING  : /home/olle/efinity_p2/BRAM/eth_dp83825_udp.vhd(42): using initial value for 'mdio_wr_data' since it is never assigned [VHDL-1794]


WARNING  : /home/olle/efinity_p2/BRAM/eth_dp83825_udp.vhd(47): using initial value '0' for 'vio_step_debug' since it is never assigned [VHDL-1303]


INFO     : /home/olle/efinity_p2/BRAM/mdio_clause22.vhd(9): processing 'mdio_clause22(rtl)' [VHDL-1067]


INFO     : Elaboration took 0.35286 seconds.


INFO     : 	Elaboration took 0.33 seconds (approximately) in total CPU time.


INFO     : Elaboration virtual memory usage: begin = 132.752 MB, end = 167.568 MB, delta = 34.816 MB


INFO     : Elaboration resident set memory usage: begin = 81.152 MB, end = 117.12 MB, delta = 35.968 MB


INFO     : 	Elaboration peak resident set memory usage = 435.96 MB


INFO     : ***** Ending Elaboration ... *****


INFO     : ... Setting Synthesis Option: mode=speed


INFO     : ***** Beginning Reading Mapping Library ... *****


INFO     : Analyzing Verilog file '/home/olle/efinix/efinity/2025.1/sim_models/maplib/efinix_maplib.v' [VERI-1482]


INFO     : /home/olle/efinix/efinity/2025.1/sim_models/maplib/efinix_maplib.v(8): compiling module 'EFX_ADD' [VERI-1018]


INFO     : /home/olle/efinix/efinity/2025.1/sim_models/maplib/efinix_maplib.v(21): compiling module 'EFX_FF' [VERI-1018]


INFO     : /home/olle/efinix/efinity/2025.1/sim_models/maplib/efinix_maplib.v(38): compiling module 'EFX_COMB4' [VERI-1018]


INFO     : /home/olle/efinix/efinity/2025.1/sim_models/maplib/efinix_maplib.v(48): compiling module 'EFX_GBUFCE' [VERI-1018]


INFO     : /home/olle/efinix/efinity/2025.1/sim_models/maplib/efinix_maplib.v(57): compiling module 'EFX_LUT4' [VERI-1018]


INFO     : /home/olle/efinix/efinity/2025.1/sim_models/maplib/efinix_maplib.v(65): compiling module 'EFX_MULT' [VERI-1018]


INFO     : /home/olle/efinix/efinity/2025.1/sim_models/maplib/efinix_maplib.v(100): compiling module 'EFX_DSP48' [VERI-1018]


INFO     : /home/olle/efinix/efinity/2025.1/sim_models/maplib/efinix_maplib.v(156): compiling module 'EFX_DSP24' [VERI-1018]


INFO     : /home/olle/efinix/efinity/2025.1/sim_models/maplib/efinix_maplib.v(209): compiling module 'EFX_DSP12' [VERI-1018]


INFO     : /home/olle/efinix/efinity/2025.1/sim_models/maplib/efinix_maplib.v(262): compiling module 'EFX_RAM_4K' [VERI-1018]


INFO     : /home/olle/efinix/efinity/2025.1/sim_models/maplib/efinix_maplib.v(322): compiling module 'EFX_RAM_5K' [VERI-1018]


INFO     : /home/olle/efinix/efinity/2025.1/sim_models/maplib/efinix_maplib.v(394): compiling module 'EFX_DPRAM_5K' [VERI-1018]


INFO     : /home/olle/efinix/efinity/2025.1/sim_models/maplib/efinix_maplib.v(499): compiling module 'RAMB5' [VERI-1018]


INFO     : /home/olle/efinix/efinity/2025.1/sim_models/maplib/efinix_maplib.v(561): compiling module 'EFX_RAM_10K' [VERI-1018]


INFO     : /home/olle/efinix/efinity/2025.1/sim_models/maplib/efinix_maplib.v(653): compiling module 'EFX_RAM10' [VERI-1018]


INFO     : /home/olle/efinix/efinity/2025.1/sim_models/maplib/efinix_maplib.v(754): compiling module 'EFX_DPRAM10' [VERI-1018]


INFO     : /home/olle/efinix/efinity/2025.1/sim_models/maplib/efinix_maplib.v(884): compiling module 'EFX_SRL8' [VERI-1018]


INFO     : Reading Mapping Library took 0.0179074 seconds.


INFO     : 	Reading Mapping Library took 0.02 seconds (approximately) in total CPU time.


INFO     : Reading Mapping Library virtual memory usage: begin = 195.728 MB, end = 195.728 MB, delta = 0 MB


INFO     : Reading Mapping Library resident set memory usage: begin = 146.56 MB, end = 146.56 MB, delta = 0 MB


INFO     : 	Reading Mapping Library peak resident set memory usage = 435.96 MB


INFO     : ***** Ending Reading Mapping Library ... *****


INFO     : ... Pre-synthesis checks begin


WARNING  : The primary output port 'led2' wire 'led2' is not driven. [EFX-0256]


WARNING  : The primary output port 'CAM0_EN' wire 'CAM0_EN' is not driven. [EFX-0256]


WARNING  : The primary output port 'CAM1_EN' wire 'CAM1_EN' is not driven. [EFX-0256]


WARNING  : Removing redundant signal : io_cpu_prefetch_isValid. (/home/olle/efinity_p2/BRAM/ip/micro_risc_v1/micro_risc_v1.v:12221) [EFX-0200]


WARNING  : Removing redundant signal : io_cpu_prefetch_pc[31]. (/home/olle/efinity_p2/BRAM/ip/micro_risc_v1/micro_risc_v1.v:12223) [EFX-0200]


WARNING  : Removing redundant signal : io_cpu_prefetch_pc[30]. (/home/olle/efinity_p2/BRAM/ip/micro_risc_v1/micro_risc_v1.v:12223) [EFX-0200]


WARNING  : Removing redundant signal : io_cpu_prefetch_pc[29]. (/home/olle/efinity_p2/BRAM/ip/micro_risc_v1/micro_risc_v1.v:12223) [EFX-0200]


WARNING  : Removing redundant signal : io_cpu_prefetch_pc[28]. (/home/olle/efinity_p2/BRAM/ip/micro_risc_v1/micro_risc_v1.v:12223) [EFX-0200]


WARNING  : Removing redundant signal : io_cpu_prefetch_pc[27]. (/home/olle/efinity_p2/BRAM/ip/micro_risc_v1/micro_risc_v1.v:12223) [EFX-0200]


WARNING  : Removing redundant signal : io_cpu_prefetch_pc[26]. (/home/olle/efinity_p2/BRAM/ip/micro_risc_v1/micro_risc_v1.v:12223) [EFX-0200]


WARNING  : Removing redundant signal : io_cpu_prefetch_pc[25]. (/home/olle/efinity_p2/BRAM/ip/micro_risc_v1/micro_risc_v1.v:12223) [EFX-0200]


WARNING  : Removing redundant signal : io_cpu_prefetch_pc[24]. (/home/olle/efinity_p2/BRAM/ip/micro_risc_v1/micro_risc_v1.v:12223) [EFX-0200]


WARNING  : Removing redundant signal : io_cpu_prefetch_pc[23]. (/home/olle/efinity_p2/BRAM/ip/micro_risc_v1/micro_risc_v1.v:12223) [EFX-0200]


WARNING  : Removing redundant signal : io_cpu_prefetch_pc[22]. (/home/olle/efinity_p2/BRAM/ip/micro_risc_v1/micro_risc_v1.v:12223) [EFX-0200]


WARNING  : Removing redundant signal : io_cpu_prefetch_pc[21]. (/home/olle/efinity_p2/BRAM/ip/micro_risc_v1/micro_risc_v1.v:12223) [EFX-0200]


WARNING  : Removing redundant signal : io_cpu_prefetch_pc[20]. (/home/olle/efinity_p2/BRAM/ip/micro_risc_v1/micro_risc_v1.v:12223) [EFX-0200]


WARNING  : Removing redundant signal : io_cpu_prefetch_pc[19]. (/home/olle/efinity_p2/BRAM/ip/micro_risc_v1/micro_risc_v1.v:12223) [EFX-0200]


WARNING  : Removing redundant signal : io_cpu_prefetch_pc[18]. (/home/olle/efinity_p2/BRAM/ip/micro_risc_v1/micro_risc_v1.v:12223) [EFX-0200]


WARNING  : Removing redundant signal : io_cpu_prefetch_pc[17]. (/home/olle/efinity_p2/BRAM/ip/micro_risc_v1/micro_risc_v1.v:12223) [EFX-0200]


WARNING  : Removing redundant signal : io_cpu_prefetch_pc[16]. (/home/olle/efinity_p2/BRAM/ip/micro_risc_v1/micro_risc_v1.v:12223) [EFX-0200]


WARNING  : Removing redundant signal : io_cpu_prefetch_pc[15]. (/home/olle/efinity_p2/BRAM/ip/micro_risc_v1/micro_risc_v1.v:12223) [EFX-0200]


WARNING  : Removing redundant signal : io_cpu_prefetch_pc[14]. (/home/olle/efinity_p2/BRAM/ip/micro_risc_v1/micro_risc_v1.v:12223) [EFX-0200]


WARNING  : Removing redundant signal : io_cpu_prefetch_pc[13]. (/home/olle/efinity_p2/BRAM/ip/micro_risc_v1/micro_risc_v1.v:12223) [EFX-0200]


WARNING  : (The above message was generated too many times, subsequent similar messages will be muted.) [EFX-0200]


INFO     : ... Memory 'banks_0' is not initialized, assuming empty initial contents. (/home/olle/efinity_p2/BRAM/ip/micro_risc_v1/micro_risc_v1.v:12325) [EFX-0677]


INFO     : ... Memory 'ways_0_tags' is not initialized, assuming empty initial contents. (/home/olle/efinity_p2/BRAM/ip/micro_risc_v1/micro_risc_v1.v:12326) [EFX-0677]


INFO     : ... Memory 'ways_0_tags' is not initialized, assuming empty initial contents. (/home/olle/efinity_p2/BRAM/ip/micro_risc_v1/micro_risc_v1.v:11579) [EFX-0677]


INFO     : ... Memory 'ways_0_data_symbol0' is not initialized, assuming empty initial contents. (/home/olle/efinity_p2/BRAM/ip/micro_risc_v1/micro_risc_v1.v:11580) [EFX-0677]


INFO     : ... Memory 'ways_0_data_symbol1' is not initialized, assuming empty initial contents. (/home/olle/efinity_p2/BRAM/ip/micro_risc_v1/micro_risc_v1.v:11581) [EFX-0677]


INFO     : ... Memory 'ways_0_data_symbol2' is not initialized, assuming empty initial contents. (/home/olle/efinity_p2/BRAM/ip/micro_risc_v1/micro_risc_v1.v:11582) [EFX-0677]


INFO     : ... Memory 'ways_0_data_symbol3' is not initialized, assuming empty initial contents. (/home/olle/efinity_p2/BRAM/ip/micro_risc_v1/micro_risc_v1.v:11583) [EFX-0677]


WARNING  : Re-wiring to GND non-driven net 'IBusCachedPlugin_cache_io_cpu_fetch_isRemoved'. (/home/olle/efinity_p2/BRAM/ip/micro_risc_v1/micro_risc_v1.v:5832) [EFX-0201]


WARNING  : Re-wiring to GND non-driven net 'dataCache_1_io_cpu_writeBack_fence_SW'. (/home/olle/efinity_p2/BRAM/ip/micro_risc_v1/micro_risc_v1.v:5845) [EFX-0201]


WARNING  : Re-wiring to GND non-driven net 'dataCache_1_io_cpu_writeBack_fence_SR'. (/home/olle/efinity_p2/BRAM/ip/micro_risc_v1/micro_risc_v1.v:5846) [EFX-0201]


WARNING  : Re-wiring to GND non-driven net 'dataCache_1_io_cpu_writeBack_fence_SO'. (/home/olle/efinity_p2/BRAM/ip/micro_risc_v1/micro_risc_v1.v:5847) [EFX-0201]


WARNING  : Re-wiring to GND non-driven net 'dataCache_1_io_cpu_writeBack_fence_SI'. (/home/olle/efinity_p2/BRAM/ip/micro_risc_v1/micro_risc_v1.v:5848) [EFX-0201]


WARNING  : Re-wiring to GND non-driven net 'dataCache_1_io_cpu_writeBack_fence_PW'. (/home/olle/efinity_p2/BRAM/ip/micro_risc_v1/micro_risc_v1.v:5849) [EFX-0201]


WARNING  : Re-wiring to GND non-driven net 'dataCache_1_io_cpu_writeBack_fence_PR'. (/home/olle/efinity_p2/BRAM/ip/micro_risc_v1/micro_risc_v1.v:5850) [EFX-0201]


WARNING  : Re-wiring to GND non-driven net 'dataCache_1_io_cpu_writeBack_fence_PO'. (/home/olle/efinity_p2/BRAM/ip/micro_risc_v1/micro_risc_v1.v:5851) [EFX-0201]


WARNING  : Re-wiring to GND non-driven net 'dataCache_1_io_cpu_writeBack_fence_PI'. (/home/olle/efinity_p2/BRAM/ip/micro_risc_v1/micro_risc_v1.v:5852) [EFX-0201]


WARNING  : Re-wiring to GND non-driven net 'dataCache_1_io_cpu_writeBack_fence_FM[3]'. (/home/olle/efinity_p2/BRAM/ip/micro_risc_v1/micro_risc_v1.v:5853) [EFX-0201]


WARNING  : (The above message was generated too many times, subsequent similar messages will be muted.) [EFX-0201]


INFO     : ... Memory 'RegFilePlugin_regFile' is not initialized, assuming empty initial contents. (/home/olle/efinity_p2/BRAM/ip/micro_risc_v1/micro_risc_v1.v:6995) [EFX-0677]


INFO     : ... Memory 'logic_progbufX_mem' is not initialized, assuming empty initial contents. (/home/olle/efinity_p2/BRAM/ip/micro_risc_v1/micro_risc_v1.v:4949) [EFX-0677]


INFO     : Module Instance 'memory_arbiter' input pin 'io_inputs_0_payload_fragment_source[0]' is tied to constant (=0). [EFX-0266]


INFO     : Module Instance 'memory_arbiter' input pin 'io_inputs_1_payload_fragment_source[0]' is tied to constant (=0). [EFX-0266]


INFO     : Module Instance 'memory_arbiter' input pin 'io_inputs_1_payload_fragment_context[0]' is tied to constant (=0). [EFX-0266]


INFO     : Module Instance 'tx' input pin 'io_cts' is tied to constant (=0). [EFX-0266]


INFO     : ... Memory 'logic_ram' is not initialized, assuming empty initial contents. (/home/olle/efinity_p2/BRAM/ip/micro_risc_v1/micro_risc_v1.v:10857) [EFX-0677]


INFO     : Module Instance 'bridge_write_streamUnbuffered_queueWithOccupancy' input pin 'io_flush' is tied to constant (=0). [EFX-0266]


INFO     : Module Instance 'uartCtrl_1_io_read_queueWithOccupancy' input pin 'io_flush' is tied to constant (=0). [EFX-0266]


INFO     : Module Instance 'system_bridge_bmb_arbiter' input pin 'io_inputs_1_cmd_payload_fragment_data[0]' is tied to constant (=0). [EFX-0266]


INFO     : Module Instance 'system_bridge_bmb_arbiter' input pin 'io_inputs_1_cmd_payload_fragment_data[1]' is tied to constant (=0). [EFX-0266]


INFO     : Module Instance 'system_bridge_bmb_arbiter' input pin 'io_inputs_1_cmd_payload_fragment_data[2]' is tied to constant (=0). [EFX-0266]


INFO     : Module Instance 'system_bridge_bmb_arbiter' input pin 'io_inputs_1_cmd_payload_fragment_data[3]' is tied to constant (=0). [EFX-0266]


INFO     : Module Instance 'system_bridge_bmb_arbiter' input pin 'io_inputs_1_cmd_payload_fragment_data[4]' is tied to constant (=0). [EFX-0266]


INFO     : Module Instance 'system_bridge_bmb_arbiter' input pin 'io_inputs_1_cmd_payload_fragment_data[5]' is tied to constant (=0). [EFX-0266]


INFO     : Module Instance 'system_bridge_bmb_arbiter' input pin 'io_inputs_1_cmd_payload_fragment_data[6]' is tied to constant (=0). [EFX-0266]


INFO     : Module Instance 'system_bridge_bmb_arbiter' input pin 'io_inputs_1_cmd_payload_fragment_data[7]' is tied to constant (=0). [EFX-0266]


INFO     : Module Instance 'system_bridge_bmb_arbiter' input pin 'io_inputs_1_cmd_payload_fragment_data[8]' is tied to constant (=0). [EFX-0266]


INFO     : Module Instance 'system_bridge_bmb_arbiter' input pin 'io_inputs_1_cmd_payload_fragment_data[9]' is tied to constant (=0). [EFX-0266]


INFO     : Module Instance 'system_bridge_bmb_arbiter' input pin 'io_inputs_1_cmd_payload_fragment_data[10]' is tied to constant (=0). [EFX-0266]


INFO     : Module Instance 'system_bridge_bmb_arbiter' input pin 'io_inputs_1_cmd_payload_fragment_data[11]' is tied to constant (=0). [EFX-0266]


INFO     : Module Instance 'system_bridge_bmb_arbiter' input pin 'io_inputs_1_cmd_payload_fragment_data[12]' is tied to constant (=0). [EFX-0266]


INFO     : Module Instance 'system_bridge_bmb_arbiter' input pin 'io_inputs_1_cmd_payload_fragment_data[13]' is tied to constant (=0). [EFX-0266]


INFO     : Module Instance 'system_bridge_bmb_arbiter' input pin 'io_inputs_1_cmd_payload_fragment_data[14]' is tied to constant (=0). [EFX-0266]


INFO     : Module Instance 'system_bridge_bmb_arbiter' input pin 'io_inputs_1_cmd_payload_fragment_data[15]' is tied to constant (=0). [EFX-0266]


INFO     : Module Instance 'system_bridge_bmb_arbiter' input pin 'io_inputs_1_cmd_payload_fragment_data[16]' is tied to constant (=0). [EFX-0266]


INFO     : Module Instance 'system_bridge_bmb_arbiter' input pin 'io_inputs_1_cmd_payload_fragment_data[17]' is tied to constant (=0). [EFX-0266]


INFO     : Module Instance 'system_bridge_bmb_arbiter' input pin 'io_inputs_1_cmd_payload_fragment_data[18]' is tied to constant (=0). [EFX-0266]


INFO     : Module Instance 'system_bridge_bmb_arbiter' input pin 'io_inputs_1_cmd_payload_fragment_data[19]' is tied to constant (=0). [EFX-0266]


INFO     : Module Instance 'system_bridge_bmb_arbiter' input pin 'io_inputs_1_cmd_payload_fragment_data[20]' is tied to constant (=0). [EFX-0266]


INFO     : Module Instance 'system_bridge_bmb_arbiter' input pin 'io_inputs_1_cmd_payload_fragment_data[21]' is tied to constant (=0). [EFX-0266]


INFO     : Module Instance 'system_bridge_bmb_arbiter' input pin 'io_inputs_1_cmd_payload_fragment_data[22]' is tied to constant (=0). [EFX-0266]


INFO     : Module Instance 'system_bridge_bmb_arbiter' input pin 'io_inputs_1_cmd_payload_fragment_data[23]' is tied to constant (=0). [EFX-0266]


INFO     : Module Instance 'system_bridge_bmb_arbiter' input pin 'io_inputs_1_cmd_payload_fragment_data[24]' is tied to constant (=0). [EFX-0266]


INFO     : Module Instance 'system_bridge_bmb_arbiter' input pin 'io_inputs_1_cmd_payload_fragment_data[25]' is tied to constant (=0). [EFX-0266]


INFO     : Module Instance 'system_bridge_bmb_arbiter' input pin 'io_inputs_1_cmd_payload_fragment_data[26]' is tied to constant (=0). [EFX-0266]


INFO     : Module Instance 'system_bridge_bmb_arbiter' input pin 'io_inputs_1_cmd_payload_fragment_data[27]' is tied to constant (=0). [EFX-0266]


INFO     : Module Instance 'system_bridge_bmb_arbiter' input pin 'io_inputs_1_cmd_payload_fragment_data[28]' is tied to constant (=0). [EFX-0266]


INFO     : Module Instance 'system_bridge_bmb_arbiter' input pin 'io_inputs_1_cmd_payload_fragment_data[29]' is tied to constant (=0). [EFX-0266]


INFO     : Module Instance 'system_bridge_bmb_arbiter' input pin 'io_inputs_1_cmd_payload_fragment_data[30]' is tied to constant (=0). [EFX-0266]


INFO     : Module Instance 'system_bridge_bmb_arbiter' input pin 'io_inputs_1_cmd_payload_fragment_data[31]' is tied to constant (=0). [EFX-0266]


INFO     : Module Instance 'system_bridge_bmb_arbiter' input pin 'io_inputs_1_cmd_payload_fragment_mask[0]' is tied to constant (=0). [EFX-0266]


INFO     : Module Instance 'system_bridge_bmb_arbiter' input pin 'io_inputs_1_cmd_payload_fragment_mask[1]' is tied to constant (=0). [EFX-0266]


INFO     : Module Instance 'system_bridge_bmb_arbiter' input pin 'io_inputs_1_cmd_payload_fragment_mask[2]' is tied to constant (=0). [EFX-0266]


INFO     : Module Instance 'system_bridge_bmb_arbiter' input pin 'io_inputs_1_cmd_payload_fragment_mask[3]' is tied to constant (=0). [EFX-0266]


INFO     : Module Instance 'u_micro_risc_v1' input pin 'jtagCtrl_enable' is tied to constant (=1). [EFX-0266]


INFO     : ... Pre-synthesis checks end (Real time : 0s CPU user time : 1s CPU sys time : 0s MEM : 435960KB)


INFO     : ... NameSpace init begin


INFO     : ... NameSpace init end (Real time : 0s CPU user time : 1s CPU sys time : 0s MEM : 435960KB)


INFO     : ... Mapping design "top_level"


INFO     : ... Hierarchical pre-synthesis "InstructionCache_2fa2c88f3c1f4868ba7cd09620d007ba" begin


INFO     : ... Hierarchical pre-synthesis "InstructionCache_2fa2c88f3c1f4868ba7cd09620d007ba" end (Real time : 0s CPU user time : 1s CPU sys time : 0s MEM : 435960KB)


INFO     : ... Hierarchical pre-synthesis "DataCache_2fa2c88f3c1f4868ba7cd09620d007ba" begin


INFO     : ... Hierarchical pre-synthesis "DataCache_2fa2c88f3c1f4868ba7cd09620d007ba" end (Real time : 0s CPU user time : 1s CPU sys time : 0s MEM : 435960KB)


INFO     : ... Hierarchical pre-synthesis "BufferCC_2fa2c88f3c1f4868ba7cd09620d007ba" begin


INFO     : ... Hierarchical pre-synthesis "BufferCC_2fa2c88f3c1f4868ba7cd09620d007ba" end (Real time : 0s CPU user time : 1s CPU sys time : 0s MEM : 435960KB)


INFO     : ... Hierarchical pre-synthesis "EfxCPUSp1_2fa2c88f3c1f4868ba7cd09620d007ba" begin


INFO     : ... Hierarchical pre-synthesis "EfxCPUSp1_2fa2c88f3c1f4868ba7cd09620d007ba" end (Real time : 0s CPU user time : 1s CPU sys time : 0s MEM : 435960KB)


INFO     : ... Hierarchical pre-synthesis "VexRiscv_2fa2c88f3c1f4868ba7cd09620d007ba" begin


INFO     : ... Hierarchical pre-synthesis "VexRiscv_2fa2c88f3c1f4868ba7cd09620d007ba" end (Real time : 0s CPU user time : 2s CPU sys time : 0s MEM : 435960KB)


INFO     : ... Hierarchical pre-synthesis "DebugModule_2fa2c88f3c1f4868ba7cd09620d007ba" begin


INFO     : ... Hierarchical pre-synthesis "DebugModule_2fa2c88f3c1f4868ba7cd09620d007ba" end (Real time : 0s CPU user time : 2s CPU sys time : 0s MEM : 435960KB)


INFO     : ... Hierarchical pre-synthesis "BufferCC_5_2fa2c88f3c1f4868ba7cd09620d007ba" begin


INFO     : ... Hierarchical pre-synthesis "BufferCC_5_2fa2c88f3c1f4868ba7cd09620d007ba" end (Real time : 0s CPU user time : 2s CPU sys time : 0s MEM : 435960KB)


INFO     : ... Hierarchical pre-synthesis "BufferCC_6_2fa2c88f3c1f4868ba7cd09620d007ba" begin


INFO     : ... Hierarchical pre-synthesis "BufferCC_6_2fa2c88f3c1f4868ba7cd09620d007ba" end (Real time : 0s CPU user time : 2s CPU sys time : 0s MEM : 435960KB)


INFO     : ... Hierarchical pre-synthesis "BufferCC_8_2fa2c88f3c1f4868ba7cd09620d007ba" begin


INFO     : ... Hierarchical pre-synthesis "BufferCC_8_2fa2c88f3c1f4868ba7cd09620d007ba" end (Real time : 0s CPU user time : 2s CPU sys time : 0s MEM : 435960KB)


INFO     : ... Hierarchical pre-synthesis "BufferCC_1_2fa2c88f3c1f4868ba7cd09620d007ba" begin


INFO     : ... Hierarchical pre-synthesis "BufferCC_1_2fa2c88f3c1f4868ba7cd09620d007ba" end (Real time : 0s CPU user time : 2s CPU sys time : 0s MEM : 435960KB)


INFO     : ... Hierarchical pre-synthesis "FlowCCByToggle_2fa2c88f3c1f4868ba7cd09620d007ba" begin


INFO     : ... Hierarchical pre-synthesis "FlowCCByToggle_2fa2c88f3c1f4868ba7cd09620d007ba" end (Real time : 0s CPU user time : 2s CPU sys time : 0s MEM : 435960KB)


INFO     : ... Hierarchical pre-synthesis "BufferCC_2_2fa2c88f3c1f4868ba7cd09620d007ba" begin


INFO     : ... Hierarchical pre-synthesis "BufferCC_2_2fa2c88f3c1f4868ba7cd09620d007ba" end (Real time : 0s CPU user time : 2s CPU sys time : 0s MEM : 435960KB)


INFO     : ... Hierarchical pre-synthesis "BufferCC_3_2fa2c88f3c1f4868ba7cd09620d007ba" begin


INFO     : ... Hierarchical pre-synthesis "BufferCC_3_2fa2c88f3c1f4868ba7cd09620d007ba" end (Real time : 0s CPU user time : 2s CPU sys time : 0s MEM : 435960KB)


INFO     : ... Hierarchical pre-synthesis "FlowCCByToggle_1_2fa2c88f3c1f4868ba7cd09620d007ba" begin


INFO     : ... Hierarchical pre-synthesis "FlowCCByToggle_1_2fa2c88f3c1f4868ba7cd09620d007ba" end (Real time : 0s CPU user time : 2s CPU sys time : 0s MEM : 435960KB)


INFO     : ... Hierarchical pre-synthesis "DebugTransportModuleTunneled_2fa2c88f3c1f4868ba7cd09620d007ba" begin


INFO     : ... Hierarchical pre-synthesis "DebugTransportModuleTunneled_2fa2c88f3c1f4868ba7cd09620d007ba" end (Real time : 0s CPU user time : 2s CPU sys time : 0s MEM : 435960KB)


INFO     : ... Hierarchical pre-synthesis "BmbDecoder_2fa2c88f3c1f4868ba7cd09620d007ba" begin


INFO     : ... Hierarchical pre-synthesis "BmbDecoder_2fa2c88f3c1f4868ba7cd09620d007ba" end (Real time : 0s CPU user time : 2s CPU sys time : 0s MEM : 435960KB)


INFO     : ... Hierarchical pre-synthesis "StreamArbiter_2fa2c88f3c1f4868ba7cd09620d007ba" begin


INFO     : ... Hierarchical pre-synthesis "StreamArbiter_2fa2c88f3c1f4868ba7cd09620d007ba" end (Real time : 0s CPU user time : 2s CPU sys time : 0s MEM : 435960KB)


INFO     : ... Hierarchical pre-synthesis "BmbArbiter_2fa2c88f3c1f4868ba7cd09620d007ba" begin


INFO     : ... Hierarchical pre-synthesis "BmbArbiter_2fa2c88f3c1f4868ba7cd09620d007ba" end (Real time : 0s CPU user time : 2s CPU sys time : 0s MEM : 435960KB)


INFO     : ... Hierarchical pre-synthesis "BmbDecoder_1_2fa2c88f3c1f4868ba7cd09620d007ba" begin


INFO     : ... Hierarchical pre-synthesis "BmbDecoder_1_2fa2c88f3c1f4868ba7cd09620d007ba" end (Real time : 0s CPU user time : 2s CPU sys time : 0s MEM : 435960KB)


INFO     : ... Hierarchical pre-synthesis "BmbOnChipRam_2fa2c88f3c1f4868ba7cd09620d007ba" begin


INFO     : ... Hierarchical pre-synthesis "BmbOnChipRam_2fa2c88f3c1f4868ba7cd09620d007ba" end (Real time : 0s CPU user time : 2s CPU sys time : 0s MEM : 435960KB)


INFO     : ... Hierarchical pre-synthesis "BmbUnburstify_2fa2c88f3c1f4868ba7cd09620d007ba" begin


INFO     : ... Hierarchical pre-synthesis "BmbUnburstify_2fa2c88f3c1f4868ba7cd09620d007ba" end (Real time : 0s CPU user time : 2s CPU sys time : 0s MEM : 435960KB)


INFO     : ... Hierarchical pre-synthesis "BmbDecoder_2_2fa2c88f3c1f4868ba7cd09620d007ba" begin


INFO     : ... Hierarchical pre-synthesis "BmbDecoder_2_2fa2c88f3c1f4868ba7cd09620d007ba" end (Real time : 0s CPU user time : 2s CPU sys time : 0s MEM : 435960KB)


INFO     : ... Hierarchical pre-synthesis "BmbClint_2fa2c88f3c1f4868ba7cd09620d007ba" begin


INFO     : ... Hierarchical pre-synthesis "BmbClint_2fa2c88f3c1f4868ba7cd09620d007ba" end (Real time : 0s CPU user time : 2s CPU sys time : 0s MEM : 435960KB)


INFO     : ... Hierarchical pre-synthesis "UartCtrlTx_2fa2c88f3c1f4868ba7cd09620d007ba" begin


INFO     : ... Hierarchical pre-synthesis "UartCtrlTx_2fa2c88f3c1f4868ba7cd09620d007ba" end (Real time : 0s CPU user time : 2s CPU sys time : 0s MEM : 435960KB)


INFO     : ... Hierarchical pre-synthesis "BufferCC_4_2fa2c88f3c1f4868ba7cd09620d007ba" begin


INFO     : ... Hierarchical pre-synthesis "BufferCC_4_2fa2c88f3c1f4868ba7cd09620d007ba" end (Real time : 0s CPU user time : 2s CPU sys time : 0s MEM : 435960KB)


INFO     : ... Hierarchical pre-synthesis "UartCtrlRx_2fa2c88f3c1f4868ba7cd09620d007ba" begin


INFO     : ... Hierarchical pre-synthesis "UartCtrlRx_2fa2c88f3c1f4868ba7cd09620d007ba" end (Real time : 0s CPU user time : 2s CPU sys time : 0s MEM : 435960KB)


INFO     : ... Hierarchical pre-synthesis "UartCtrl_2fa2c88f3c1f4868ba7cd09620d007ba" begin


INFO     : ... Hierarchical pre-synthesis "UartCtrl_2fa2c88f3c1f4868ba7cd09620d007ba" end (Real time : 1s CPU user time : 2s CPU sys time : 0s MEM : 435960KB)


INFO     : ... Hierarchical pre-synthesis "StreamFifo_2fa2c88f3c1f4868ba7cd09620d007ba" begin


INFO     : ... Hierarchical pre-synthesis "StreamFifo_2fa2c88f3c1f4868ba7cd09620d007ba" end (Real time : 0s CPU user time : 2s CPU sys time : 0s MEM : 435960KB)


INFO     : ... Hierarchical pre-synthesis "BmbUartCtrl_2fa2c88f3c1f4868ba7cd09620d007ba" begin


INFO     : ... Hierarchical pre-synthesis "BmbUartCtrl_2fa2c88f3c1f4868ba7cd09620d007ba" end (Real time : 0s CPU user time : 2s CPU sys time : 0s MEM : 435960KB)


INFO     : ... Hierarchical pre-synthesis "BmbGpio2_2fa2c88f3c1f4868ba7cd09620d007ba" begin


INFO     : ... Hierarchical pre-synthesis "BmbGpio2_2fa2c88f3c1f4868ba7cd09620d007ba" end (Real time : 0s CPU user time : 2s CPU sys time : 0s MEM : 435960KB)


INFO     : ... Hierarchical pre-synthesis "EfxSapphireSoc_2fa2c88f3c1f4868ba7cd09620d007ba" begin


INFO     : ... Hierarchical pre-synthesis "EfxSapphireSoc_2fa2c88f3c1f4868ba7cd09620d007ba" end (Real time : 0s CPU user time : 3s CPU sys time : 0s MEM : 435960KB)


INFO     : ... Hierarchical pre-synthesis "micro_risc_v1" begin


INFO     : ... Hierarchical pre-synthesis "micro_risc_v1" end (Real time : 1s CPU user time : 3s CPU sys time : 0s MEM : 435960KB)


INFO     : ... Hierarchical pre-synthesis "mdio_clause22" begin


INFO     : ... Hierarchical pre-synthesis "mdio_clause22" end (Real time : 0s CPU user time : 4s CPU sys time : 0s MEM : 435960KB)


INFO     : ... Hierarchical pre-synthesis "eth_dp83825_udp" begin


INFO     : ... Hierarchical pre-synthesis "eth_dp83825_udp" end (Real time : 0s CPU user time : 4s CPU sys time : 0s MEM : 435960KB)


INFO     : ... Hierarchical pre-synthesis "top_level" begin


WARNING  : Mapping into logic memory block 'u_micro_risc_v1/u_EfxSapphireSoc/system_riscvJtag_debug_logic_dm/logic_progbufX_mem' (64 bits) (/home/olle/efinity_p2/BRAM/ip/micro_risc_v1/micro_risc_v1.v:4949) because size is too small (<=64) [EFX-0657]


INFO     : ... Clock Enable Synthesis Performed on 377 flops.


INFO     : ... Hierarchical pre-synthesis "top_level" end (Real time : 0s CPU user time : 5s CPU sys time : 0s MEM : 435960KB)


INFO     : ... Flat optimizations begin


INFO     : ... Flat optimizations end (Real time : 1s CPU user time : 5s CPU sys time : 0s MEM : 435960KB)


INFO     : ... Flat synthesis begin


INFO     : ... Flat synthesis end (Real time : 0s CPU user time : 5s CPU sys time : 0s MEM : 435960KB)


INFO     : ... Flat optimizations begin


INFO     : ... Flat optimizations end (Real time : 0s CPU user time : 5s CPU sys time : 0s MEM : 435960KB)


INFO     : ... Check and break combinational loops begin


INFO     : ... Check and break combinational loops end (Real time : 0s CPU user time : 5s CPU sys time : 0s MEM : 435960KB)


INFO     : ... Sequential Optimization begin


INFO     : ... Clock Network 'pll_clk' with 2309 loads will be considered for sequential optimization.


Force stop running flow.

Sat August 16 25 09:04:45 - /home/olle/efinix/efinity/2025.1/bin/efx_map finished. Exit code = 1 Exit status : Normal

Running synthesis flow fail. See exit code and exit status.

Sat August 16 25 09:04:48 - Running automated flow starting from synthesis done. Total duration = 0m 10.130s

Sat August 16 25 09:04:53 - Running automated flow starting from synthesis...



Sat August 16 25 09:04:53 - Floorplan closed VM : 721.676 MB RSS : 214.904 MB



-------------------------------------------------------------------------

Synthesis

-------------------------------------------------------------------------

Sat August 16 25 09:04:53 - Synthesis flow working directory is /home/olle/efinity_p2/BRAM/work_syn


INFO     : --max_threads set to 4 

Sat August 16 25 09:04:54 - /home/olle/efinix/efinity/2025.1/bin/efx_map --project "BRAM" --root "top_level" --write-efx-verilog "/home/olle/efinity_p2/BRAM/outflow/BRAM.map.v" --write-premap-module "/home/olle/efinity_p2/BRAM/outflow/BRAM.elab.vdb" --binary-db "/home/olle/efinity_p2/BRAM/outflow/BRAM.vdb" --device "T20F169" --family "Trion" --veri_option "verilog_mode=verilog_2k,vhdl_mode=vhdl_2008" --work-dir "/home/olle/efinity_p2/BRAM/work_syn" --output-dir "/home/olle/efinity_p2/BRAM/outflow" --project-xml "/home/olle/efinity_p2/BRAM/BRAM.xml" --I "/home/olle/efinity_p2/BRAM" --I "/home/olle/efinity_p2/BRAM/ip/BRAM_8192_bytes" --I "/home/olle/efinity_p2/BRAM/ip/micro_risc_v1"

Sat August 16 25 09:04:54 - Running /home/olle/efinix/efinity/2025.1/bin/efx_map...

INFO     : Efinix FPGA Synthesis.


INFO     : Version: 2025.1.110.2.15


INFO     : Compiled: Jun 21 2025.


INFO     : 


INFO     : Copyright (C) 2013 - 2025 Efinix, Inc. All rights reserved.



INFO     : Reading project database "/home/olle/efinity_p2/BRAM/BRAM.xml"


INFO     : Analyzing Verilog file '/home/olle/efinix/efinity/2025.1/sim_models/maplib/efinix_peri_lib.v' [VERI-1482]


INFO     : /home/olle/efinix/efinity/2025.1/sim_models/maplib/efinix_peri_lib.v(8): compiling module 'EFX_IBUF' [VERI-1018]


INFO     : /home/olle/efinix/efinity/2025.1/sim_models/maplib/efinix_peri_lib.v(16): compiling module 'EFX_OBUF' [VERI-1018]


INFO     : /home/olle/efinix/efinity/2025.1/sim_models/maplib/efinix_peri_lib.v(23): compiling module 'EFX_IO_BUF' [VERI-1018]


INFO     : /home/olle/efinix/efinity/2025.1/sim_models/maplib/efinix_peri_lib.v(33): compiling module 'EFX_CLKOUT' [VERI-1018]


INFO     : /home/olle/efinix/efinity/2025.1/sim_models/maplib/efinix_peri_lib.v(41): compiling module 'EFX_IREG' [VERI-1018]


INFO     : /home/olle/efinix/efinity/2025.1/sim_models/maplib/efinix_peri_lib.v(51): compiling module 'EFX_OREG' [VERI-1018]


INFO     : /home/olle/efinix/efinity/2025.1/sim_models/maplib/efinix_peri_lib.v(60): compiling module 'EFX_IOREG' [VERI-1018]


INFO     : /home/olle/efinix/efinity/2025.1/sim_models/maplib/efinix_peri_lib.v(75): compiling module 'EFX_IDDIO' [VERI-1018]


INFO     : /home/olle/efinix/efinity/2025.1/sim_models/maplib/efinix_peri_lib.v(87): compiling module 'EFX_ODDIO' [VERI-1018]


INFO     : /home/olle/efinix/efinity/2025.1/sim_models/maplib/efinix_peri_lib.v(99): compiling module 'EFX_GPIO_V1' [VERI-1018]


INFO     : /home/olle/efinix/efinity/2025.1/sim_models/maplib/efinix_peri_lib.v(124): compiling module 'EFX_GPIO_V2' [VERI-1018]


INFO     : /home/olle/efinix/efinity/2025.1/sim_models/maplib/efinix_peri_lib.v(149): compiling module 'EFX_GPIO_V3' [VERI-1018]


INFO     : /home/olle/efinix/efinity/2025.1/sim_models/maplib/efinix_peri_lib.v(186): compiling module 'EFX_PLL_V1' [VERI-1018]


INFO     : /home/olle/efinix/efinity/2025.1/sim_models/maplib/efinix_peri_lib.v(205): compiling module 'EFX_PLL_V2' [VERI-1018]


INFO     : /home/olle/efinix/efinity/2025.1/sim_models/maplib/efinix_peri_lib.v(231): compiling module 'EFX_PLL_V3' [VERI-1018]


INFO     : /home/olle/efinix/efinity/2025.1/sim_models/maplib/efinix_peri_lib.v(279): compiling module 'EFX_OSC_V1' [VERI-1018]


INFO     : /home/olle/efinix/efinity/2025.1/sim_models/maplib/efinix_peri_lib.v(285): compiling module 'EFX_OSC_V3' [VERI-1018]


INFO     : /home/olle/efinix/efinity/2025.1/sim_models/maplib/efinix_peri_lib.v(294): compiling module 'EFX_FPLL_V1' [VERI-1018]


INFO     : /home/olle/efinix/efinity/2025.1/sim_models/maplib/efinix_peri_lib.v(348): compiling module 'EFX_JTAG_V1' [VERI-1018]


INFO     : /home/olle/efinix/efinity/2025.1/sim_models/maplib/efinix_peri_lib.v(357): compiling module 'EFX_JTAG_CTRL' [VERI-1018]


INFO     : /home/olle/efinix/efinity/2025.1/sim_models/maplib/efinix_peri_lib.v(364): compiling module 'EFX_LVDS_RX_V1' [VERI-1018]


INFO     : /home/olle/efinix/efinity/2025.1/sim_models/maplib/efinix_peri_lib.v(381): compiling module 'EFX_LVDS_TX_V1' [VERI-1018]


INFO     : /home/olle/efinix/efinity/2025.1/sim_models/maplib/efinix_peri_lib.v(399): compiling module 'EFX_LVDS_RX_V2' [VERI-1018]


INFO     : /home/olle/efinix/efinity/2025.1/sim_models/maplib/efinix_peri_lib.v(426): compiling module 'EFX_LVDS_TX_V2' [VERI-1018]


INFO     : /home/olle/efinix/efinity/2025.1/sim_models/maplib/efinix_peri_lib.v(446): compiling module 'EFX_LVDS_BIDIR_V2' [VERI-1018]


INFO     : Reading project database "/home/olle/efinity_p2/BRAM/BRAM.xml"


INFO     : ***** Beginning Analysis ... *****


INFO     : default VHDL library search path is now "/home/olle/efinix/efinity/2025.1/sim_models/vhdl/packages/vhdl_2008" [VHDL-1504]


INFO     : Analyzing Verilog file '/home/olle/efinix/efinity/2025.1/sim_models/maplib/efinix_maplib.v' [VERI-1482]


INFO     : Analyzing Verilog file '/home/olle/efinix/efinity/2025.1/sim_models/maplib/efinix_peri_lib.v' [VERI-1482]


INFO     : Analyzing Verilog file '/home/olle/efinix/efinity/2025.1/sim_models/maplib/efinix_maplib.v' [VERI-1482]


INFO     : Analyzing Verilog file '/home/olle/efinix/efinity/2025.1/sim_models/maplib/efinix_peri_lib.v' [VERI-1482]


INFO     : Analyzing VHDL file '/home/olle/efinity_p2/BRAM/top_level.vhd' [VHDL-1481]


INFO     : Restoring VHDL unit 'ieee.std_logic_1164' from file '/home/olle/efinix/efinity/2025.1/sim_models/vhdl/packages/vhdl_2008/ieee/std_logic_1164.vdb' [VHDL-1493]


INFO     : Restoring VHDL unit 'std.standard' from file '/home/olle/efinix/efinity/2025.1/sim_models/vhdl/packages/vhdl_2008/std/standard.vdb' [VHDL-1493]


INFO     : Restoring VHDL unit 'std.textio' from file '/home/olle/efinix/efinity/2025.1/sim_models/vhdl/packages/vhdl_2008/std/textio.vdb' [VHDL-1493]


INFO     : Restoring VHDL unit 'ieee.numeric_std' from file '/home/olle/efinix/efinity/2025.1/sim_models/vhdl/packages/vhdl_2008/ieee/numeric_std.vdb' [VHDL-1493]


INFO     : /home/olle/efinity_p2/BRAM/top_level.vhd(6): analyzing entity 'top_level' [VHDL-1012]


INFO     : /home/olle/efinity_p2/BRAM/top_level.vhd(48): analyzing architecture 'behavior' [VHDL-1010]


INFO     : Analyzing VHDL file '/home/olle/efinity_p2/BRAM/eth_dp83825_udp.vhd' [VHDL-1481]


INFO     : /home/olle/efinity_p2/BRAM/eth_dp83825_udp.vhd(6): analyzing entity 'eth_dp83825_udp' [VHDL-1012]


INFO     : /home/olle/efinity_p2/BRAM/eth_dp83825_udp.vhd(29): analyzing architecture 'behavior' [VHDL-1010]


INFO     : Analyzing VHDL file '/home/olle/efinity_p2/BRAM/mdio_clause22.vhd' [VHDL-1481]


INFO     : /home/olle/efinity_p2/BRAM/mdio_clause22.vhd(9): analyzing entity 'mdio_clause22' [VHDL-1012]


INFO     : /home/olle/efinity_p2/BRAM/mdio_clause22.vhd(37): analyzing architecture 'rtl' [VHDL-1010]


INFO     : Analyzing Verilog file '/home/olle/efinity_p2/BRAM/ip/BRAM_8192_bytes/BRAM_8192_bytes.v' [VERI-1482]


INFO     : /home/olle/efinity_p2/BRAM/ip/BRAM_8192_bytes/BRAM_8192_bytes.v(758): analyzing included file '/home/olle/efinity_p2/BRAM/ip/BRAM_8192_bytes/bram_ini.vh' [VERI-1328]


INFO     : /home/olle/efinity_p2/BRAM/ip/BRAM_8192_bytes/BRAM_8192_bytes.v(758): back to file '/home/olle/efinity_p2/BRAM/ip/BRAM_8192_bytes/BRAM_8192_bytes.v' [VERI-2320]


INFO     : /home/olle/efinity_p2/BRAM/ip/BRAM_8192_bytes/BRAM_8192_bytes.v(985): analyzing included file '/home/olle/efinity_p2/BRAM/ip/BRAM_8192_bytes/bram_decompose.vh' [VERI-1328]


INFO     : /home/olle/efinity_p2/BRAM/ip/BRAM_8192_bytes/BRAM_8192_bytes.v(985): back to file '/home/olle/efinity_p2/BRAM/ip/BRAM_8192_bytes/BRAM_8192_bytes.v' [VERI-2320]


INFO     : Analyzing Verilog file '/home/olle/efinity_p2/BRAM/ip/micro_risc_v1/micro_risc_v1.v' [VERI-1482]


INFO     : Analysis took 0.143796 seconds.


INFO     : 	Analysis took 0.14 seconds (approximately) in total CPU time.


INFO     : Analysis virtual memory usage: begin = 124.56 MB, end = 132.752 MB, delta = 8.192 MB


INFO     : Analysis resident set memory usage: begin = 72.192 MB, end = 81.152 MB, delta = 8.96 MB


INFO     : 	Analysis peak resident set memory usage = 435.96 MB


INFO     : ***** Ending Analysis ... *****


INFO     : ***** Beginning Elaboration ... *****


INFO     : /home/olle/efinity_p2/BRAM/top_level.vhd(6): processing 'top_level(behavior)' [VHDL-1067]


WARNING  : /home/olle/efinity_p2/BRAM/top_level.vhd(102): using initial value '0' for 'system_uart_0_io_rxd' since it is never assigned [VHDL-1303]


WARNING  : /home/olle/efinity_p2/BRAM/top_level.vhd(105): using initial value for 'system_gpio_0_io_read' since it is never assigned [VHDL-1794]


INFO     : Restoring VHDL unit 'vl.vl_types' from file '/home/olle/efinix/efinity/2025.1/sim_models/vhdl/packages/vhdl_2008/vl/vl_types.vdb' [VHDL-1493]


INFO     : /home/olle/efinity_p2/BRAM/top_level.vhd(135): switching to Verilog mode to elaborate module 'micro_risc_v1' [VHDL-1399]


INFO     : /home/olle/efinity_p2/BRAM/ip/micro_risc_v1/micro_risc_v1.v(49): compiling module 'micro_risc_v1' [VERI-1018]


INFO     : /home/olle/efinity_p2/BRAM/ip/micro_risc_v1/micro_risc_v1.v(94): compiling module 'EfxSapphireSoc_2fa2c88f3c1f4868ba7cd09620d007ba' [VERI-1018]


INFO     : /home/olle/efinity_p2/BRAM/ip/micro_risc_v1/micro_risc_v1.v(5744): compiling module 'VexRiscv_2fa2c88f3c1f4868ba7cd09620d007ba' [VERI-1018]


INFO     : /home/olle/efinity_p2/BRAM/ip/micro_risc_v1/micro_risc_v1.v(6995): extracting RAM for identifier 'RegFilePlugin_regFile' [VERI-2571]


INFO     : /home/olle/efinity_p2/BRAM/ip/micro_risc_v1/micro_risc_v1.v(12219): compiling module 'InstructionCache_2fa2c88f3c1f4868ba7cd09620d007ba' [VERI-1018]


INFO     : /home/olle/efinity_p2/BRAM/ip/micro_risc_v1/micro_risc_v1.v(12325): extracting RAM for identifier 'banks_0' [VERI-2571]


INFO     : /home/olle/efinity_p2/BRAM/ip/micro_risc_v1/micro_risc_v1.v(12326): extracting RAM for identifier 'ways_0_tags' [VERI-2571]


INFO     : /home/olle/efinity_p2/BRAM/ip/micro_risc_v1/micro_risc_v1.v(11365): compiling module 'DataCache_2fa2c88f3c1f4868ba7cd09620d007ba' [VERI-1018]


INFO     : /home/olle/efinity_p2/BRAM/ip/micro_risc_v1/micro_risc_v1.v(11579): extracting RAM for identifier 'ways_0_tags' [VERI-2571]


INFO     : /home/olle/efinity_p2/BRAM/ip/micro_risc_v1/micro_risc_v1.v(11580): extracting RAM for identifier 'ways_0_data_symbol0' [VERI-2571]


INFO     : /home/olle/efinity_p2/BRAM/ip/micro_risc_v1/micro_risc_v1.v(11581): extracting RAM for identifier 'ways_0_data_symbol1' [VERI-2571]


INFO     : /home/olle/efinity_p2/BRAM/ip/micro_risc_v1/micro_risc_v1.v(11582): extracting RAM for identifier 'ways_0_data_symbol2' [VERI-2571]


INFO     : /home/olle/efinity_p2/BRAM/ip/micro_risc_v1/micro_risc_v1.v(11583): extracting RAM for identifier 'ways_0_data_symbol3' [VERI-2571]


WARNING  : /home/olle/efinity_p2/BRAM/ip/micro_risc_v1/micro_risc_v1.v(12191): system task 'display' is ignored for synthesis [VERI-1142]


INFO     : /home/olle/efinity_p2/BRAM/ip/micro_risc_v1/micro_risc_v1.v(11346): compiling module 'BufferCC_2fa2c88f3c1f4868ba7cd09620d007ba' [VERI-1018]


INFO     : /home/olle/efinity_p2/BRAM/ip/micro_risc_v1/micro_risc_v1.v(13149): compiling module 'EfxCPUSp1_2fa2c88f3c1f4868ba7cd09620d007ba' [VERI-1018]


WARNING  : /home/olle/efinity_p2/BRAM/ip/micro_risc_v1/micro_risc_v1.v(5832): net 'IBusCachedPlugin_cache_io_cpu_fetch_isRemoved' does not have a driver [VDB-1002]


WARNING  : /home/olle/efinity_p2/BRAM/ip/micro_risc_v1/micro_risc_v1.v(5845): net 'dataCache_1_io_cpu_writeBack_fence_SW' does not have a driver [VDB-1002]


WARNING  : /home/olle/efinity_p2/BRAM/ip/micro_risc_v1/micro_risc_v1.v(5846): net 'dataCache_1_io_cpu_writeBack_fence_SR' does not have a driver [VDB-1002]


WARNING  : /home/olle/efinity_p2/BRAM/ip/micro_risc_v1/micro_risc_v1.v(5847): net 'dataCache_1_io_cpu_writeBack_fence_SO' does not have a driver [VDB-1002]


WARNING  : /home/olle/efinity_p2/BRAM/ip/micro_risc_v1/micro_risc_v1.v(5848): net 'dataCache_1_io_cpu_writeBack_fence_SI' does not have a driver [VDB-1002]


WARNING  : /home/olle/efinity_p2/BRAM/ip/micro_risc_v1/micro_risc_v1.v(5849): net 'dataCache_1_io_cpu_writeBack_fence_PW' does not have a driver [VDB-1002]


WARNING  : /home/olle/efinity_p2/BRAM/ip/micro_risc_v1/micro_risc_v1.v(5850): net 'dataCache_1_io_cpu_writeBack_fence_PR' does not have a driver [VDB-1002]


WARNING  : /home/olle/efinity_p2/BRAM/ip/micro_risc_v1/micro_risc_v1.v(5851): net 'dataCache_1_io_cpu_writeBack_fence_PO' does not have a driver [VDB-1002]


WARNING  : /home/olle/efinity_p2/BRAM/ip/micro_risc_v1/micro_risc_v1.v(5852): net 'dataCache_1_io_cpu_writeBack_fence_PI' does not have a driver [VDB-1002]


WARNING  : /home/olle/efinity_p2/BRAM/ip/micro_risc_v1/micro_risc_v1.v(5853): net 'dataCache_1_io_cpu_writeBack_fence_FM[3]' does not have a driver [VDB-1002]


WARNING  : /home/olle/efinity_p2/BRAM/ip/micro_risc_v1/micro_risc_v1.v(6276): net 'IBusCachedPlugin_mmuBus_rsp_bypassTranslation' does not have a driver [VDB-1002]


WARNING  : /home/olle/efinity_p2/BRAM/ip/micro_risc_v1/micro_risc_v1.v(6302): net 'DBusCachedPlugin_mmuBus_rsp_bypassTranslation' does not have a driver [VDB-1002]


WARNING  : /home/olle/efinity_p2/BRAM/ip/micro_risc_v1/micro_risc_v1.v(6410): net 'IBusCachedPlugin_iBusRsp_output_payload_rsp_error' does not have a driver [VDB-1002]


WARNING  : /home/olle/efinity_p2/BRAM/ip/micro_risc_v1/micro_risc_v1.v(6412): net 'IBusCachedPlugin_iBusRsp_output_payload_isRvc' does not have a driver [VDB-1002]


WARNING  : /home/olle/efinity_p2/BRAM/ip/micro_risc_v1/micro_risc_v1.v(6656): net 'CsrPlugin_mtvec_mode[1]' does not have a driver [VDB-1002]


INFO     : /home/olle/efinity_p2/BRAM/ip/micro_risc_v1/micro_risc_v1.v(4743): compiling module 'DebugModule_2fa2c88f3c1f4868ba7cd09620d007ba' [VERI-1018]


INFO     : /home/olle/efinity_p2/BRAM/ip/micro_risc_v1/micro_risc_v1.v(4949): extracting RAM for identifier 'logic_progbufX_mem' [VERI-2571]


INFO     : /home/olle/efinity_p2/BRAM/ip/micro_risc_v1/micro_risc_v1.v(4719): compiling module 'BufferCC_5_2fa2c88f3c1f4868ba7cd09620d007ba' [VERI-1018]


INFO     : /home/olle/efinity_p2/BRAM/ip/micro_risc_v1/micro_risc_v1.v(4695): compiling module 'BufferCC_6_2fa2c88f3c1f4868ba7cd09620d007ba' [VERI-1018]


INFO     : /home/olle/efinity_p2/BRAM/ip/micro_risc_v1/micro_risc_v1.v(4669): compiling module 'BufferCC_8_2fa2c88f3c1f4868ba7cd09620d007ba' [VERI-1018]


INFO     : /home/olle/efinity_p2/BRAM/ip/micro_risc_v1/micro_risc_v1.v(4196): compiling module 'DebugTransportModuleTunneled_2fa2c88f3c1f4868ba7cd09620d007ba' [VERI-1018]


INFO     : /home/olle/efinity_p2/BRAM/ip/micro_risc_v1/micro_risc_v1.v(11282): compiling module 'FlowCCByToggle_2fa2c88f3c1f4868ba7cd09620d007ba' [VERI-1018]


WARNING  : /home/olle/efinity_p2/BRAM/ip/micro_risc_v1/micro_risc_v1.v(11316): system function call 'urandom' is not supported [VERI-1141]


WARNING  : /home/olle/efinity_p2/BRAM/ip/micro_risc_v1/micro_risc_v1.v(11317): system function call 'urandom' is not supported [VERI-1141]


INFO     : /home/olle/efinity_p2/BRAM/ip/micro_risc_v1/micro_risc_v1.v(13099): compiling module 'BufferCC_1_2fa2c88f3c1f4868ba7cd09620d007ba' [VERI-1018]


WARNING  : /home/olle/efinity_p2/BRAM/ip/micro_risc_v1/micro_risc_v1.v(13111): system function call 'urandom' is not supported [VERI-1141]


WARNING  : /home/olle/efinity_p2/BRAM/ip/micro_risc_v1/micro_risc_v1.v(13112): system function call 'urandom' is not supported [VERI-1141]


INFO     : /home/olle/efinity_p2/BRAM/ip/micro_risc_v1/micro_risc_v1.v(11196): compiling module 'FlowCCByToggle_1_2fa2c88f3c1f4868ba7cd09620d007ba' [VERI-1018]


INFO     : /home/olle/efinity_p2/BRAM/ip/micro_risc_v1/micro_risc_v1.v(13075): compiling module 'BufferCC_2_2fa2c88f3c1f4868ba7cd09620d007ba' [VERI-1018]


INFO     : /home/olle/efinity_p2/BRAM/ip/micro_risc_v1/micro_risc_v1.v(13051): compiling module 'BufferCC_3_2fa2c88f3c1f4868ba7cd09620d007ba' [VERI-1018]


INFO     : /home/olle/efinity_p2/BRAM/ip/micro_risc_v1/micro_risc_v1.v(4156): compiling module 'BmbDecoder_2fa2c88f3c1f4868ba7cd09620d007ba' [VERI-1018]


INFO     : /home/olle/efinity_p2/BRAM/ip/micro_risc_v1/micro_risc_v1.v(4020): compiling module 'BmbArbiter_2fa2c88f3c1f4868ba7cd09620d007ba' [VERI-1018]


INFO     : /home/olle/efinity_p2/BRAM/ip/micro_risc_v1/micro_risc_v1.v(11092): compiling module 'StreamArbiter_2fa2c88f3c1f4868ba7cd09620d007ba' [VERI-1018]


INFO     : /home/olle/efinity_p2/BRAM/ip/micro_risc_v1/micro_risc_v1.v(3748): compiling module 'BmbDecoder_1_2fa2c88f3c1f4868ba7cd09620d007ba' [VERI-1018]


INFO     : /home/olle/efinity_p2/BRAM/ip/micro_risc_v1/micro_risc_v1.v(3640): compiling module 'BmbOnChipRam_2fa2c88f3c1f4868ba7cd09620d007ba' [VERI-1018]


INFO     : /home/olle/efinity_p2/BRAM/ip/micro_risc_v1/micro_risc_v1.v(3672): extracting RAM for identifier 'ram_symbol0' [VERI-2571]


INFO     : /home/olle/efinity_p2/BRAM/ip/micro_risc_v1/micro_risc_v1.v(3673): extracting RAM for identifier 'ram_symbol1' [VERI-2571]


INFO     : /home/olle/efinity_p2/BRAM/ip/micro_risc_v1/micro_risc_v1.v(3674): extracting RAM for identifier 'ram_symbol2' [VERI-2571]


INFO     : /home/olle/efinity_p2/BRAM/ip/micro_risc_v1/micro_risc_v1.v(3675): extracting RAM for identifier 'ram_symbol3' [VERI-2571]


INFO     : /home/olle/efinity_p2/BRAM/ip/micro_risc_v1/micro_risc_v1.v(3414): compiling module 'BmbUnburstify_2fa2c88f3c1f4868ba7cd09620d007ba' [VERI-1018]


INFO     : /home/olle/efinity_p2/BRAM/ip/micro_risc_v1/micro_risc_v1.v(3053): compiling module 'BmbDecoder_2_2fa2c88f3c1f4868ba7cd09620d007ba' [VERI-1018]


INFO     : /home/olle/efinity_p2/BRAM/ip/micro_risc_v1/micro_risc_v1.v(2869): compiling module 'BmbClint_2fa2c88f3c1f4868ba7cd09620d007ba' [VERI-1018]


INFO     : /home/olle/efinity_p2/BRAM/ip/micro_risc_v1/micro_risc_v1.v(2377): compiling module 'BmbUartCtrl_2fa2c88f3c1f4868ba7cd09620d007ba' [VERI-1018]


INFO     : /home/olle/efinity_p2/BRAM/ip/micro_risc_v1/micro_risc_v1.v(10963): compiling module 'UartCtrl_2fa2c88f3c1f4868ba7cd09620d007ba' [VERI-1018]


INFO     : /home/olle/efinity_p2/BRAM/ip/micro_risc_v1/micro_risc_v1.v(12811): compiling module 'UartCtrlTx_2fa2c88f3c1f4868ba7cd09620d007ba' [VERI-1018]


INFO     : /home/olle/efinity_p2/BRAM/ip/micro_risc_v1/micro_risc_v1.v(12517): compiling module 'UartCtrlRx_2fa2c88f3c1f4868ba7cd09620d007ba' [VERI-1018]


INFO     : /home/olle/efinity_p2/BRAM/ip/micro_risc_v1/micro_risc_v1.v(13125): compiling module 'BufferCC_4_2fa2c88f3c1f4868ba7cd09620d007ba' [VERI-1018]


INFO     : /home/olle/efinity_p2/BRAM/ip/micro_risc_v1/micro_risc_v1.v(10809): compiling module 'StreamFifo_2fa2c88f3c1f4868ba7cd09620d007ba' [VERI-1018]


INFO     : /home/olle/efinity_p2/BRAM/ip/micro_risc_v1/micro_risc_v1.v(10857): extracting RAM for identifier 'logic_ram' [VERI-2571]


INFO     : /home/olle/efinity_p2/BRAM/ip/micro_risc_v1/micro_risc_v1.v(2165): compiling module 'BmbGpio2_2fa2c88f3c1f4868ba7cd09620d007ba' [VERI-1018]


INFO     : /home/olle/efinity_p2/BRAM/top_level.vhd(135): returning to VHDL mode to continue with elaboration [VHDL-1400]


INFO     : /home/olle/efinity_p2/BRAM/eth_dp83825_udp.vhd(6): processing 'eth_dp83825_udp(behavior)' [VHDL-1067]


WARNING  : /home/olle/efinity_p2/BRAM/eth_dp83825_udp.vhd(42): using initial value for 'mdio_wr_data' since it is never assigned [VHDL-1794]


WARNING  : /home/olle/efinity_p2/BRAM/eth_dp83825_udp.vhd(47): using initial value '0' for 'vio_step_debug' since it is never assigned [VHDL-1303]


INFO     : /home/olle/efinity_p2/BRAM/mdio_clause22.vhd(9): processing 'mdio_clause22(rtl)' [VHDL-1067]


INFO     : Elaboration took 0.329463 seconds.


INFO     : 	Elaboration took 0.31 seconds (approximately) in total CPU time.


INFO     : Elaboration virtual memory usage: begin = 132.752 MB, end = 167.568 MB, delta = 34.816 MB


INFO     : Elaboration resident set memory usage: begin = 81.152 MB, end = 117.248 MB, delta = 36.096 MB


INFO     : 	Elaboration peak resident set memory usage = 435.96 MB


INFO     : ***** Ending Elaboration ... *****


INFO     : ... Setting Synthesis Option: mode=speed


INFO     : ***** Beginning Reading Mapping Library ... *****


INFO     : Analyzing Verilog file '/home/olle/efinix/efinity/2025.1/sim_models/maplib/efinix_maplib.v' [VERI-1482]


INFO     : /home/olle/efinix/efinity/2025.1/sim_models/maplib/efinix_maplib.v(8): compiling module 'EFX_ADD' [VERI-1018]


INFO     : /home/olle/efinix/efinity/2025.1/sim_models/maplib/efinix_maplib.v(21): compiling module 'EFX_FF' [VERI-1018]


INFO     : /home/olle/efinix/efinity/2025.1/sim_models/maplib/efinix_maplib.v(38): compiling module 'EFX_COMB4' [VERI-1018]


INFO     : /home/olle/efinix/efinity/2025.1/sim_models/maplib/efinix_maplib.v(48): compiling module 'EFX_GBUFCE' [VERI-1018]


INFO     : /home/olle/efinix/efinity/2025.1/sim_models/maplib/efinix_maplib.v(57): compiling module 'EFX_LUT4' [VERI-1018]


INFO     : /home/olle/efinix/efinity/2025.1/sim_models/maplib/efinix_maplib.v(65): compiling module 'EFX_MULT' [VERI-1018]


INFO     : /home/olle/efinix/efinity/2025.1/sim_models/maplib/efinix_maplib.v(100): compiling module 'EFX_DSP48' [VERI-1018]


INFO     : /home/olle/efinix/efinity/2025.1/sim_models/maplib/efinix_maplib.v(156): compiling module 'EFX_DSP24' [VERI-1018]


INFO     : /home/olle/efinix/efinity/2025.1/sim_models/maplib/efinix_maplib.v(209): compiling module 'EFX_DSP12' [VERI-1018]


INFO     : /home/olle/efinix/efinity/2025.1/sim_models/maplib/efinix_maplib.v(262): compiling module 'EFX_RAM_4K' [VERI-1018]


INFO     : /home/olle/efinix/efinity/2025.1/sim_models/maplib/efinix_maplib.v(322): compiling module 'EFX_RAM_5K' [VERI-1018]


INFO     : /home/olle/efinix/efinity/2025.1/sim_models/maplib/efinix_maplib.v(394): compiling module 'EFX_DPRAM_5K' [VERI-1018]


INFO     : /home/olle/efinix/efinity/2025.1/sim_models/maplib/efinix_maplib.v(499): compiling module 'RAMB5' [VERI-1018]


INFO     : /home/olle/efinix/efinity/2025.1/sim_models/maplib/efinix_maplib.v(561): compiling module 'EFX_RAM_10K' [VERI-1018]


INFO     : /home/olle/efinix/efinity/2025.1/sim_models/maplib/efinix_maplib.v(653): compiling module 'EFX_RAM10' [VERI-1018]


INFO     : /home/olle/efinix/efinity/2025.1/sim_models/maplib/efinix_maplib.v(754): compiling module 'EFX_DPRAM10' [VERI-1018]


INFO     : /home/olle/efinix/efinity/2025.1/sim_models/maplib/efinix_maplib.v(884): compiling module 'EFX_SRL8' [VERI-1018]


INFO     : Reading Mapping Library took 0.0168084 seconds.


INFO     : 	Reading Mapping Library took 0.01 seconds (approximately) in total CPU time.


INFO     : Reading Mapping Library virtual memory usage: begin = 195.728 MB, end = 195.728 MB, delta = 0 MB


INFO     : Reading Mapping Library resident set memory usage: begin = 146.816 MB, end = 146.816 MB, delta = 0 MB


INFO     : 	Reading Mapping Library peak resident set memory usage = 435.96 MB


INFO     : ***** Ending Reading Mapping Library ... *****


INFO     : ... Pre-synthesis checks begin


WARNING  : The primary output port 'led2' wire 'led2' is not driven. [EFX-0256]


WARNING  : The primary output port 'CAM0_EN' wire 'CAM0_EN' is not driven. [EFX-0256]


WARNING  : The primary output port 'CAM1_EN' wire 'CAM1_EN' is not driven. [EFX-0256]


WARNING  : Removing redundant signal : io_cpu_prefetch_isValid. (/home/olle/efinity_p2/BRAM/ip/micro_risc_v1/micro_risc_v1.v:12221) [EFX-0200]


WARNING  : Removing redundant signal : io_cpu_prefetch_pc[31]. (/home/olle/efinity_p2/BRAM/ip/micro_risc_v1/micro_risc_v1.v:12223) [EFX-0200]


WARNING  : Removing redundant signal : io_cpu_prefetch_pc[30]. (/home/olle/efinity_p2/BRAM/ip/micro_risc_v1/micro_risc_v1.v:12223) [EFX-0200]


WARNING  : Removing redundant signal : io_cpu_prefetch_pc[29]. (/home/olle/efinity_p2/BRAM/ip/micro_risc_v1/micro_risc_v1.v:12223) [EFX-0200]


WARNING  : Removing redundant signal : io_cpu_prefetch_pc[28]. (/home/olle/efinity_p2/BRAM/ip/micro_risc_v1/micro_risc_v1.v:12223) [EFX-0200]


WARNING  : Removing redundant signal : io_cpu_prefetch_pc[27]. (/home/olle/efinity_p2/BRAM/ip/micro_risc_v1/micro_risc_v1.v:12223) [EFX-0200]


WARNING  : Removing redundant signal : io_cpu_prefetch_pc[26]. (/home/olle/efinity_p2/BRAM/ip/micro_risc_v1/micro_risc_v1.v:12223) [EFX-0200]


WARNING  : Removing redundant signal : io_cpu_prefetch_pc[25]. (/home/olle/efinity_p2/BRAM/ip/micro_risc_v1/micro_risc_v1.v:12223) [EFX-0200]


WARNING  : Removing redundant signal : io_cpu_prefetch_pc[24]. (/home/olle/efinity_p2/BRAM/ip/micro_risc_v1/micro_risc_v1.v:12223) [EFX-0200]


WARNING  : Removing redundant signal : io_cpu_prefetch_pc[23]. (/home/olle/efinity_p2/BRAM/ip/micro_risc_v1/micro_risc_v1.v:12223) [EFX-0200]


WARNING  : Removing redundant signal : io_cpu_prefetch_pc[22]. (/home/olle/efinity_p2/BRAM/ip/micro_risc_v1/micro_risc_v1.v:12223) [EFX-0200]


WARNING  : Removing redundant signal : io_cpu_prefetch_pc[21]. (/home/olle/efinity_p2/BRAM/ip/micro_risc_v1/micro_risc_v1.v:12223) [EFX-0200]


WARNING  : Removing redundant signal : io_cpu_prefetch_pc[20]. (/home/olle/efinity_p2/BRAM/ip/micro_risc_v1/micro_risc_v1.v:12223) [EFX-0200]


WARNING  : Removing redundant signal : io_cpu_prefetch_pc[19]. (/home/olle/efinity_p2/BRAM/ip/micro_risc_v1/micro_risc_v1.v:12223) [EFX-0200]


WARNING  : Removing redundant signal : io_cpu_prefetch_pc[18]. (/home/olle/efinity_p2/BRAM/ip/micro_risc_v1/micro_risc_v1.v:12223) [EFX-0200]


WARNING  : Removing redundant signal : io_cpu_prefetch_pc[17]. (/home/olle/efinity_p2/BRAM/ip/micro_risc_v1/micro_risc_v1.v:12223) [EFX-0200]


WARNING  : Removing redundant signal : io_cpu_prefetch_pc[16]. (/home/olle/efinity_p2/BRAM/ip/micro_risc_v1/micro_risc_v1.v:12223) [EFX-0200]


WARNING  : Removing redundant signal : io_cpu_prefetch_pc[15]. (/home/olle/efinity_p2/BRAM/ip/micro_risc_v1/micro_risc_v1.v:12223) [EFX-0200]


WARNING  : Removing redundant signal : io_cpu_prefetch_pc[14]. (/home/olle/efinity_p2/BRAM/ip/micro_risc_v1/micro_risc_v1.v:12223) [EFX-0200]


WARNING  : Removing redundant signal : io_cpu_prefetch_pc[13]. (/home/olle/efinity_p2/BRAM/ip/micro_risc_v1/micro_risc_v1.v:12223) [EFX-0200]


WARNING  : (The above message was generated too many times, subsequent similar messages will be muted.) [EFX-0200]


INFO     : ... Memory 'banks_0' is not initialized, assuming empty initial contents. (/home/olle/efinity_p2/BRAM/ip/micro_risc_v1/micro_risc_v1.v:12325) [EFX-0677]


INFO     : ... Memory 'ways_0_tags' is not initialized, assuming empty initial contents. (/home/olle/efinity_p2/BRAM/ip/micro_risc_v1/micro_risc_v1.v:12326) [EFX-0677]


INFO     : ... Memory 'ways_0_tags' is not initialized, assuming empty initial contents. (/home/olle/efinity_p2/BRAM/ip/micro_risc_v1/micro_risc_v1.v:11579) [EFX-0677]


INFO     : ... Memory 'ways_0_data_symbol0' is not initialized, assuming empty initial contents. (/home/olle/efinity_p2/BRAM/ip/micro_risc_v1/micro_risc_v1.v:11580) [EFX-0677]


INFO     : ... Memory 'ways_0_data_symbol1' is not initialized, assuming empty initial contents. (/home/olle/efinity_p2/BRAM/ip/micro_risc_v1/micro_risc_v1.v:11581) [EFX-0677]


INFO     : ... Memory 'ways_0_data_symbol2' is not initialized, assuming empty initial contents. (/home/olle/efinity_p2/BRAM/ip/micro_risc_v1/micro_risc_v1.v:11582) [EFX-0677]


INFO     : ... Memory 'ways_0_data_symbol3' is not initialized, assuming empty initial contents. (/home/olle/efinity_p2/BRAM/ip/micro_risc_v1/micro_risc_v1.v:11583) [EFX-0677]


WARNING  : Re-wiring to GND non-driven net 'IBusCachedPlugin_cache_io_cpu_fetch_isRemoved'. (/home/olle/efinity_p2/BRAM/ip/micro_risc_v1/micro_risc_v1.v:5832) [EFX-0201]


WARNING  : Re-wiring to GND non-driven net 'dataCache_1_io_cpu_writeBack_fence_SW'. (/home/olle/efinity_p2/BRAM/ip/micro_risc_v1/micro_risc_v1.v:5845) [EFX-0201]


WARNING  : Re-wiring to GND non-driven net 'dataCache_1_io_cpu_writeBack_fence_SR'. (/home/olle/efinity_p2/BRAM/ip/micro_risc_v1/micro_risc_v1.v:5846) [EFX-0201]


WARNING  : Re-wiring to GND non-driven net 'dataCache_1_io_cpu_writeBack_fence_SO'. (/home/olle/efinity_p2/BRAM/ip/micro_risc_v1/micro_risc_v1.v:5847) [EFX-0201]


WARNING  : Re-wiring to GND non-driven net 'dataCache_1_io_cpu_writeBack_fence_SI'. (/home/olle/efinity_p2/BRAM/ip/micro_risc_v1/micro_risc_v1.v:5848) [EFX-0201]


WARNING  : Re-wiring to GND non-driven net 'dataCache_1_io_cpu_writeBack_fence_PW'. (/home/olle/efinity_p2/BRAM/ip/micro_risc_v1/micro_risc_v1.v:5849) [EFX-0201]


WARNING  : Re-wiring to GND non-driven net 'dataCache_1_io_cpu_writeBack_fence_PR'. (/home/olle/efinity_p2/BRAM/ip/micro_risc_v1/micro_risc_v1.v:5850) [EFX-0201]


WARNING  : Re-wiring to GND non-driven net 'dataCache_1_io_cpu_writeBack_fence_PO'. (/home/olle/efinity_p2/BRAM/ip/micro_risc_v1/micro_risc_v1.v:5851) [EFX-0201]


WARNING  : Re-wiring to GND non-driven net 'dataCache_1_io_cpu_writeBack_fence_PI'. (/home/olle/efinity_p2/BRAM/ip/micro_risc_v1/micro_risc_v1.v:5852) [EFX-0201]


WARNING  : Re-wiring to GND non-driven net 'dataCache_1_io_cpu_writeBack_fence_FM[3]'. (/home/olle/efinity_p2/BRAM/ip/micro_risc_v1/micro_risc_v1.v:5853) [EFX-0201]


WARNING  : (The above message was generated too many times, subsequent similar messages will be muted.) [EFX-0201]


INFO     : ... Memory 'RegFilePlugin_regFile' is not initialized, assuming empty initial contents. (/home/olle/efinity_p2/BRAM/ip/micro_risc_v1/micro_risc_v1.v:6995) [EFX-0677]


INFO     : ... Memory 'logic_progbufX_mem' is not initialized, assuming empty initial contents. (/home/olle/efinity_p2/BRAM/ip/micro_risc_v1/micro_risc_v1.v:4949) [EFX-0677]


INFO     : Module Instance 'memory_arbiter' input pin 'io_inputs_0_payload_fragment_source[0]' is tied to constant (=0). [EFX-0266]


INFO     : Module Instance 'memory_arbiter' input pin 'io_inputs_1_payload_fragment_source[0]' is tied to constant (=0). [EFX-0266]


INFO     : Module Instance 'memory_arbiter' input pin 'io_inputs_1_payload_fragment_context[0]' is tied to constant (=0). [EFX-0266]


INFO     : Module Instance 'tx' input pin 'io_cts' is tied to constant (=0). [EFX-0266]


INFO     : ... Memory 'logic_ram' is not initialized, assuming empty initial contents. (/home/olle/efinity_p2/BRAM/ip/micro_risc_v1/micro_risc_v1.v:10857) [EFX-0677]


INFO     : Module Instance 'bridge_write_streamUnbuffered_queueWithOccupancy' input pin 'io_flush' is tied to constant (=0). [EFX-0266]


INFO     : Module Instance 'uartCtrl_1_io_read_queueWithOccupancy' input pin 'io_flush' is tied to constant (=0). [EFX-0266]


INFO     : Module Instance 'system_bridge_bmb_arbiter' input pin 'io_inputs_1_cmd_payload_fragment_data[0]' is tied to constant (=0). [EFX-0266]


INFO     : Module Instance 'system_bridge_bmb_arbiter' input pin 'io_inputs_1_cmd_payload_fragment_data[1]' is tied to constant (=0). [EFX-0266]


INFO     : Module Instance 'system_bridge_bmb_arbiter' input pin 'io_inputs_1_cmd_payload_fragment_data[2]' is tied to constant (=0). [EFX-0266]


INFO     : Module Instance 'system_bridge_bmb_arbiter' input pin 'io_inputs_1_cmd_payload_fragment_data[3]' is tied to constant (=0). [EFX-0266]


INFO     : Module Instance 'system_bridge_bmb_arbiter' input pin 'io_inputs_1_cmd_payload_fragment_data[4]' is tied to constant (=0). [EFX-0266]


INFO     : Module Instance 'system_bridge_bmb_arbiter' input pin 'io_inputs_1_cmd_payload_fragment_data[5]' is tied to constant (=0). [EFX-0266]


INFO     : Module Instance 'system_bridge_bmb_arbiter' input pin 'io_inputs_1_cmd_payload_fragment_data[6]' is tied to constant (=0). [EFX-0266]


INFO     : Module Instance 'system_bridge_bmb_arbiter' input pin 'io_inputs_1_cmd_payload_fragment_data[7]' is tied to constant (=0). [EFX-0266]


INFO     : Module Instance 'system_bridge_bmb_arbiter' input pin 'io_inputs_1_cmd_payload_fragment_data[8]' is tied to constant (=0). [EFX-0266]


INFO     : Module Instance 'system_bridge_bmb_arbiter' input pin 'io_inputs_1_cmd_payload_fragment_data[9]' is tied to constant (=0). [EFX-0266]


INFO     : Module Instance 'system_bridge_bmb_arbiter' input pin 'io_inputs_1_cmd_payload_fragment_data[10]' is tied to constant (=0). [EFX-0266]


INFO     : Module Instance 'system_bridge_bmb_arbiter' input pin 'io_inputs_1_cmd_payload_fragment_data[11]' is tied to constant (=0). [EFX-0266]


INFO     : Module Instance 'system_bridge_bmb_arbiter' input pin 'io_inputs_1_cmd_payload_fragment_data[12]' is tied to constant (=0). [EFX-0266]


INFO     : Module Instance 'system_bridge_bmb_arbiter' input pin 'io_inputs_1_cmd_payload_fragment_data[13]' is tied to constant (=0). [EFX-0266]


INFO     : Module Instance 'system_bridge_bmb_arbiter' input pin 'io_inputs_1_cmd_payload_fragment_data[14]' is tied to constant (=0). [EFX-0266]


INFO     : Module Instance 'system_bridge_bmb_arbiter' input pin 'io_inputs_1_cmd_payload_fragment_data[15]' is tied to constant (=0). [EFX-0266]


INFO     : Module Instance 'system_bridge_bmb_arbiter' input pin 'io_inputs_1_cmd_payload_fragment_data[16]' is tied to constant (=0). [EFX-0266]


INFO     : Module Instance 'system_bridge_bmb_arbiter' input pin 'io_inputs_1_cmd_payload_fragment_data[17]' is tied to constant (=0). [EFX-0266]


INFO     : Module Instance 'system_bridge_bmb_arbiter' input pin 'io_inputs_1_cmd_payload_fragment_data[18]' is tied to constant (=0). [EFX-0266]


INFO     : Module Instance 'system_bridge_bmb_arbiter' input pin 'io_inputs_1_cmd_payload_fragment_data[19]' is tied to constant (=0). [EFX-0266]


INFO     : Module Instance 'system_bridge_bmb_arbiter' input pin 'io_inputs_1_cmd_payload_fragment_data[20]' is tied to constant (=0). [EFX-0266]


INFO     : Module Instance 'system_bridge_bmb_arbiter' input pin 'io_inputs_1_cmd_payload_fragment_data[21]' is tied to constant (=0). [EFX-0266]


INFO     : Module Instance 'system_bridge_bmb_arbiter' input pin 'io_inputs_1_cmd_payload_fragment_data[22]' is tied to constant (=0). [EFX-0266]


INFO     : Module Instance 'system_bridge_bmb_arbiter' input pin 'io_inputs_1_cmd_payload_fragment_data[23]' is tied to constant (=0). [EFX-0266]


INFO     : Module Instance 'system_bridge_bmb_arbiter' input pin 'io_inputs_1_cmd_payload_fragment_data[24]' is tied to constant (=0). [EFX-0266]


INFO     : Module Instance 'system_bridge_bmb_arbiter' input pin 'io_inputs_1_cmd_payload_fragment_data[25]' is tied to constant (=0). [EFX-0266]


INFO     : Module Instance 'system_bridge_bmb_arbiter' input pin 'io_inputs_1_cmd_payload_fragment_data[26]' is tied to constant (=0). [EFX-0266]


INFO     : Module Instance 'system_bridge_bmb_arbiter' input pin 'io_inputs_1_cmd_payload_fragment_data[27]' is tied to constant (=0). [EFX-0266]


INFO     : Module Instance 'system_bridge_bmb_arbiter' input pin 'io_inputs_1_cmd_payload_fragment_data[28]' is tied to constant (=0). [EFX-0266]


INFO     : Module Instance 'system_bridge_bmb_arbiter' input pin 'io_inputs_1_cmd_payload_fragment_data[29]' is tied to constant (=0). [EFX-0266]


INFO     : Module Instance 'system_bridge_bmb_arbiter' input pin 'io_inputs_1_cmd_payload_fragment_data[30]' is tied to constant (=0). [EFX-0266]


INFO     : Module Instance 'system_bridge_bmb_arbiter' input pin 'io_inputs_1_cmd_payload_fragment_data[31]' is tied to constant (=0). [EFX-0266]


INFO     : Module Instance 'system_bridge_bmb_arbiter' input pin 'io_inputs_1_cmd_payload_fragment_mask[0]' is tied to constant (=0). [EFX-0266]


INFO     : Module Instance 'system_bridge_bmb_arbiter' input pin 'io_inputs_1_cmd_payload_fragment_mask[1]' is tied to constant (=0). [EFX-0266]


INFO     : Module Instance 'system_bridge_bmb_arbiter' input pin 'io_inputs_1_cmd_payload_fragment_mask[2]' is tied to constant (=0). [EFX-0266]


INFO     : Module Instance 'system_bridge_bmb_arbiter' input pin 'io_inputs_1_cmd_payload_fragment_mask[3]' is tied to constant (=0). [EFX-0266]


INFO     : Module Instance 'u_micro_risc_v1' input pin 'jtagCtrl_enable' is tied to constant (=1). [EFX-0266]


INFO     : ... Pre-synthesis checks end (Real time : 0s CPU user time : 1s CPU sys time : 0s MEM : 435960KB)


INFO     : ... NameSpace init begin


INFO     : ... NameSpace init end (Real time : 0s CPU user time : 1s CPU sys time : 0s MEM : 435960KB)


INFO     : ... Mapping design "top_level"


INFO     : ... Hierarchical pre-synthesis "InstructionCache_2fa2c88f3c1f4868ba7cd09620d007ba" begin


INFO     : ... Hierarchical pre-synthesis "InstructionCache_2fa2c88f3c1f4868ba7cd09620d007ba" end (Real time : 0s CPU user time : 1s CPU sys time : 0s MEM : 435960KB)


INFO     : ... Hierarchical pre-synthesis "DataCache_2fa2c88f3c1f4868ba7cd09620d007ba" begin


INFO     : ... Hierarchical pre-synthesis "DataCache_2fa2c88f3c1f4868ba7cd09620d007ba" end (Real time : 1s CPU user time : 1s CPU sys time : 0s MEM : 435960KB)


INFO     : ... Hierarchical pre-synthesis "BufferCC_2fa2c88f3c1f4868ba7cd09620d007ba" begin


INFO     : ... Hierarchical pre-synthesis "BufferCC_2fa2c88f3c1f4868ba7cd09620d007ba" end (Real time : 0s CPU user time : 1s CPU sys time : 0s MEM : 435960KB)


INFO     : ... Hierarchical pre-synthesis "EfxCPUSp1_2fa2c88f3c1f4868ba7cd09620d007ba" begin


INFO     : ... Hierarchical pre-synthesis "EfxCPUSp1_2fa2c88f3c1f4868ba7cd09620d007ba" end (Real time : 0s CPU user time : 1s CPU sys time : 0s MEM : 435960KB)


INFO     : ... Hierarchical pre-synthesis "VexRiscv_2fa2c88f3c1f4868ba7cd09620d007ba" begin


INFO     : ... Hierarchical pre-synthesis "VexRiscv_2fa2c88f3c1f4868ba7cd09620d007ba" end (Real time : 0s CPU user time : 2s CPU sys time : 0s MEM : 435960KB)


INFO     : ... Hierarchical pre-synthesis "DebugModule_2fa2c88f3c1f4868ba7cd09620d007ba" begin


INFO     : ... Hierarchical pre-synthesis "DebugModule_2fa2c88f3c1f4868ba7cd09620d007ba" end (Real time : 0s CPU user time : 2s CPU sys time : 0s MEM : 435960KB)


INFO     : ... Hierarchical pre-synthesis "BufferCC_5_2fa2c88f3c1f4868ba7cd09620d007ba" begin


INFO     : ... Hierarchical pre-synthesis "BufferCC_5_2fa2c88f3c1f4868ba7cd09620d007ba" end (Real time : 0s CPU user time : 2s CPU sys time : 0s MEM : 435960KB)


INFO     : ... Hierarchical pre-synthesis "BufferCC_6_2fa2c88f3c1f4868ba7cd09620d007ba" begin


INFO     : ... Hierarchical pre-synthesis "BufferCC_6_2fa2c88f3c1f4868ba7cd09620d007ba" end (Real time : 0s CPU user time : 2s CPU sys time : 0s MEM : 435960KB)


INFO     : ... Hierarchical pre-synthesis "BufferCC_8_2fa2c88f3c1f4868ba7cd09620d007ba" begin


INFO     : ... Hierarchical pre-synthesis "BufferCC_8_2fa2c88f3c1f4868ba7cd09620d007ba" end (Real time : 0s CPU user time : 2s CPU sys time : 0s MEM : 435960KB)


INFO     : ... Hierarchical pre-synthesis "BufferCC_1_2fa2c88f3c1f4868ba7cd09620d007ba" begin


INFO     : ... Hierarchical pre-synthesis "BufferCC_1_2fa2c88f3c1f4868ba7cd09620d007ba" end (Real time : 0s CPU user time : 2s CPU sys time : 0s MEM : 435960KB)


INFO     : ... Hierarchical pre-synthesis "FlowCCByToggle_2fa2c88f3c1f4868ba7cd09620d007ba" begin


INFO     : ... Hierarchical pre-synthesis "FlowCCByToggle_2fa2c88f3c1f4868ba7cd09620d007ba" end (Real time : 0s CPU user time : 2s CPU sys time : 0s MEM : 435960KB)


INFO     : ... Hierarchical pre-synthesis "BufferCC_2_2fa2c88f3c1f4868ba7cd09620d007ba" begin


INFO     : ... Hierarchical pre-synthesis "BufferCC_2_2fa2c88f3c1f4868ba7cd09620d007ba" end (Real time : 0s CPU user time : 2s CPU sys time : 0s MEM : 435960KB)


INFO     : ... Hierarchical pre-synthesis "BufferCC_3_2fa2c88f3c1f4868ba7cd09620d007ba" begin


INFO     : ... Hierarchical pre-synthesis "BufferCC_3_2fa2c88f3c1f4868ba7cd09620d007ba" end (Real time : 0s CPU user time : 2s CPU sys time : 0s MEM : 435960KB)


INFO     : ... Hierarchical pre-synthesis "FlowCCByToggle_1_2fa2c88f3c1f4868ba7cd09620d007ba" begin


INFO     : ... Hierarchical pre-synthesis "FlowCCByToggle_1_2fa2c88f3c1f4868ba7cd09620d007ba" end (Real time : 0s CPU user time : 2s CPU sys time : 0s MEM : 435960KB)


INFO     : ... Hierarchical pre-synthesis "DebugTransportModuleTunneled_2fa2c88f3c1f4868ba7cd09620d007ba" begin


INFO     : ... Hierarchical pre-synthesis "DebugTransportModuleTunneled_2fa2c88f3c1f4868ba7cd09620d007ba" end (Real time : 0s CPU user time : 2s CPU sys time : 0s MEM : 435960KB)


INFO     : ... Hierarchical pre-synthesis "BmbDecoder_2fa2c88f3c1f4868ba7cd09620d007ba" begin


INFO     : ... Hierarchical pre-synthesis "BmbDecoder_2fa2c88f3c1f4868ba7cd09620d007ba" end (Real time : 0s CPU user time : 2s CPU sys time : 0s MEM : 435960KB)


INFO     : ... Hierarchical pre-synthesis "StreamArbiter_2fa2c88f3c1f4868ba7cd09620d007ba" begin


INFO     : ... Hierarchical pre-synthesis "StreamArbiter_2fa2c88f3c1f4868ba7cd09620d007ba" end (Real time : 0s CPU user time : 2s CPU sys time : 0s MEM : 435960KB)


INFO     : ... Hierarchical pre-synthesis "BmbArbiter_2fa2c88f3c1f4868ba7cd09620d007ba" begin


INFO     : ... Hierarchical pre-synthesis "BmbArbiter_2fa2c88f3c1f4868ba7cd09620d007ba" end (Real time : 0s CPU user time : 2s CPU sys time : 0s MEM : 435960KB)


INFO     : ... Hierarchical pre-synthesis "BmbDecoder_1_2fa2c88f3c1f4868ba7cd09620d007ba" begin


INFO     : ... Hierarchical pre-synthesis "BmbDecoder_1_2fa2c88f3c1f4868ba7cd09620d007ba" end (Real time : 0s CPU user time : 2s CPU sys time : 0s MEM : 435960KB)


INFO     : ... Hierarchical pre-synthesis "BmbOnChipRam_2fa2c88f3c1f4868ba7cd09620d007ba" begin


INFO     : ... Hierarchical pre-synthesis "BmbOnChipRam_2fa2c88f3c1f4868ba7cd09620d007ba" end (Real time : 0s CPU user time : 2s CPU sys time : 0s MEM : 435960KB)


INFO     : ... Hierarchical pre-synthesis "BmbUnburstify_2fa2c88f3c1f4868ba7cd09620d007ba" begin


INFO     : ... Hierarchical pre-synthesis "BmbUnburstify_2fa2c88f3c1f4868ba7cd09620d007ba" end (Real time : 0s CPU user time : 2s CPU sys time : 0s MEM : 435960KB)


INFO     : ... Hierarchical pre-synthesis "BmbDecoder_2_2fa2c88f3c1f4868ba7cd09620d007ba" begin


INFO     : ... Hierarchical pre-synthesis "BmbDecoder_2_2fa2c88f3c1f4868ba7cd09620d007ba" end (Real time : 0s CPU user time : 2s CPU sys time : 0s MEM : 435960KB)


INFO     : ... Hierarchical pre-synthesis "BmbClint_2fa2c88f3c1f4868ba7cd09620d007ba" begin


INFO     : ... Hierarchical pre-synthesis "BmbClint_2fa2c88f3c1f4868ba7cd09620d007ba" end (Real time : 0s CPU user time : 2s CPU sys time : 0s MEM : 435960KB)


INFO     : ... Hierarchical pre-synthesis "UartCtrlTx_2fa2c88f3c1f4868ba7cd09620d007ba" begin


INFO     : ... Hierarchical pre-synthesis "UartCtrlTx_2fa2c88f3c1f4868ba7cd09620d007ba" end (Real time : 0s CPU user time : 2s CPU sys time : 0s MEM : 435960KB)


INFO     : ... Hierarchical pre-synthesis "BufferCC_4_2fa2c88f3c1f4868ba7cd09620d007ba" begin


INFO     : ... Hierarchical pre-synthesis "BufferCC_4_2fa2c88f3c1f4868ba7cd09620d007ba" end (Real time : 0s CPU user time : 2s CPU sys time : 0s MEM : 435960KB)


INFO     : ... Hierarchical pre-synthesis "UartCtrlRx_2fa2c88f3c1f4868ba7cd09620d007ba" begin


INFO     : ... Hierarchical pre-synthesis "UartCtrlRx_2fa2c88f3c1f4868ba7cd09620d007ba" end (Real time : 0s CPU user time : 2s CPU sys time : 0s MEM : 435960KB)


INFO     : ... Hierarchical pre-synthesis "UartCtrl_2fa2c88f3c1f4868ba7cd09620d007ba" begin


INFO     : ... Hierarchical pre-synthesis "UartCtrl_2fa2c88f3c1f4868ba7cd09620d007ba" end (Real time : 0s CPU user time : 2s CPU sys time : 0s MEM : 435960KB)


INFO     : ... Hierarchical pre-synthesis "StreamFifo_2fa2c88f3c1f4868ba7cd09620d007ba" begin


INFO     : ... Hierarchical pre-synthesis "StreamFifo_2fa2c88f3c1f4868ba7cd09620d007ba" end (Real time : 0s CPU user time : 2s CPU sys time : 0s MEM : 435960KB)


INFO     : ... Hierarchical pre-synthesis "BmbUartCtrl_2fa2c88f3c1f4868ba7cd09620d007ba" begin


INFO     : ... Hierarchical pre-synthesis "BmbUartCtrl_2fa2c88f3c1f4868ba7cd09620d007ba" end (Real time : 0s CPU user time : 2s CPU sys time : 0s MEM : 435960KB)


INFO     : ... Hierarchical pre-synthesis "BmbGpio2_2fa2c88f3c1f4868ba7cd09620d007ba" begin


INFO     : ... Hierarchical pre-synthesis "BmbGpio2_2fa2c88f3c1f4868ba7cd09620d007ba" end (Real time : 0s CPU user time : 2s CPU sys time : 0s MEM : 435960KB)


INFO     : ... Hierarchical pre-synthesis "EfxSapphireSoc_2fa2c88f3c1f4868ba7cd09620d007ba" begin


INFO     : ... Hierarchical pre-synthesis "EfxSapphireSoc_2fa2c88f3c1f4868ba7cd09620d007ba" end (Real time : 1s CPU user time : 3s CPU sys time : 0s MEM : 435960KB)


INFO     : ... Hierarchical pre-synthesis "micro_risc_v1" begin


INFO     : ... Hierarchical pre-synthesis "micro_risc_v1" end (Real time : 0s CPU user time : 3s CPU sys time : 0s MEM : 435960KB)


INFO     : ... Hierarchical pre-synthesis "mdio_clause22" begin


INFO     : ... Hierarchical pre-synthesis "mdio_clause22" end (Real time : 0s CPU user time : 4s CPU sys time : 0s MEM : 435960KB)


INFO     : ... Hierarchical pre-synthesis "eth_dp83825_udp" begin


INFO     : ... Hierarchical pre-synthesis "eth_dp83825_udp" end (Real time : 1s CPU user time : 4s CPU sys time : 0s MEM : 435960KB)


INFO     : ... Hierarchical pre-synthesis "top_level" begin


WARNING  : Mapping into logic memory block 'u_micro_risc_v1/u_EfxSapphireSoc/system_riscvJtag_debug_logic_dm/logic_progbufX_mem' (64 bits) (/home/olle/efinity_p2/BRAM/ip/micro_risc_v1/micro_risc_v1.v:4949) because size is too small (<=64) [EFX-0657]


INFO     : ... Clock Enable Synthesis Performed on 377 flops.


INFO     : ... Hierarchical pre-synthesis "top_level" end (Real time : 0s CPU user time : 5s CPU sys time : 0s MEM : 435960KB)


INFO     : ... Flat optimizations begin


INFO     : ... Flat optimizations end (Real time : 0s CPU user time : 5s CPU sys time : 0s MEM : 435960KB)


INFO     : ... Flat synthesis begin


INFO     : ... Flat synthesis end (Real time : 0s CPU user time : 5s CPU sys time : 0s MEM : 435960KB)


INFO     : ... Flat optimizations begin


INFO     : ... Flat optimizations end (Real time : 0s CPU user time : 5s CPU sys time : 0s MEM : 435960KB)


INFO     : ... Check and break combinational loops begin


INFO     : ... Check and break combinational loops end (Real time : 0s CPU user time : 5s CPU sys time : 0s MEM : 435960KB)


INFO     : ... Sequential Optimization begin


INFO     : ... Clock Network 'pll_clk' with 2309 loads will be considered for sequential optimization.


INFO     : ... Clock Network 'jtag_dummy_TCK' with 221 loads will be considered for sequential optimization.


INFO     : ... Clock Network 'clk' with 83 loads will be considered for sequential optimization.


INFO     : ... Sequential Optimization deduced 479 equivalent points.


INFO     : ... Sequential Optimization end (Real time : 15s CPU user time : 21s CPU sys time : 0s MEM : 435960KB)


INFO     : ... Setup for logic synthesis begin


INFO     : ... Setup for logic synthesis end (Real time : 0s CPU user time : 21s CPU sys time : 0s MEM : 435960KB)


INFO     : ... LUT mapping begin


INFO     : ... LS, strategy: 3, nd: 3184, ed: 10391, lv: 7, pw: 5943.17


INFO     : ... LUT mapping end (Real time : 11s CPU user time : 34s CPU sys time : 0s MEM : 435960KB)


INFO     : ... Post-synthesis Verific netlist creation begin


INFO     : ... Post-synthesis Verific netlist creation end (Real time : 1s CPU user time : 34s CPU sys time : 0s MEM : 435960KB)


INFO     : ... Postmap Retiming Optimization begin


INFO     : ... Clock Network 'pll_clk~pll_clk' with 2301 loads will be considered for retiming optimization.


INFO     : ... Clock Network 'jtag_dummy_TCK~jtag_dummy_TCK' with 220 loads will be considered for retiming optimization.


INFO     : ... Clock Network 'clk~clk' with 83 loads will be considered for retiming optimization.


INFO     : ... Performed 0 retime moves.


INFO     : ... Postmap Retiming Optimization end (Real time : 14s CPU user time : 48s CPU sys time : 0s MEM : 435960KB)


INFO     : ***** Beginning VDB Netlist Checker ... *****


WARNING  : /home/olle/efinity_p2/BRAM/top_level.vhd(11): Input/inout port phy_intr_n is unconnected and will be removed. [VDB-8003]


WARNING  : /home/olle/efinity_p2/BRAM/top_level.vhd(16): Input/inout port rmii_crs_dv is unconnected and will be removed. [VDB-8003]


WARNING  : /home/olle/efinity_p2/BRAM/top_level.vhd(17): Input/inout port rmii_rx_er is unconnected and will be removed. [VDB-8003]


WARNING  : /home/olle/efinity_p2/BRAM/top_level.vhd(18): Input/inout port rmii_rxd[1] is unconnected and will be removed. [VDB-8003]


WARNING  : /home/olle/efinity_p2/BRAM/top_level.vhd(21): Input/inout port mdio_i is unconnected and will be removed. [VDB-8003]


WARNING  : /home/olle/efinity_p2/BRAM/top_level.vhd(29): Input/inout port jtag_dummy_TMS is unconnected and will be removed. [VDB-8003]


WARNING  : /home/olle/efinity_p2/BRAM/top_level.vhd(30): Input/inout port jtag_dummy_SEL is unconnected and will be removed. [VDB-8003]


WARNING  : /home/olle/efinity_p2/BRAM/top_level.vhd(31): Input/inout port jtag_dummy_DRCK is unconnected and will be removed. [VDB-8003]


WARNING  : /home/olle/efinity_p2/BRAM/top_level.vhd(33): Input/inout port jtag_dummy_RUNTEST is unconnected and will be removed. [VDB-8003]


WARNING  : /home/olle/efinity_p2/BRAM/top_level.vhd(38): Input/inout port led4 is unconnected and will be removed. [VDB-8003]


WARNING  : Net u_micro_risc_v1/u_EfxSapphireSoc/system_cores_0_logic_cpu/IBusCachedPlugin_cache/lineLoader_address[0] is dangling. [VDB-8009]


WARNING  : Net u_micro_risc_v1/u_EfxSapphireSoc/system_cores_0_logic_cpu/IBusCachedPlugin_cache/lineLoader_address[1] is dangling. [VDB-8009]


WARNING  : Net u_micro_risc_v1/u_EfxSapphireSoc/system_cores_0_logic_cpu/IBusCachedPlugin_cache/lineLoader_address[2] is dangling. [VDB-8009]


WARNING  : Net u_micro_risc_v1/u_EfxSapphireSoc/system_cores_0_logic_cpu/IBusCachedPlugin_cache/lineLoader_address[3] is dangling. [VDB-8009]


WARNING  : Net u_micro_risc_v1/u_EfxSapphireSoc/system_cores_0_logic_cpu/IBusCachedPlugin_cache/lineLoader_address[4] is dangling. [VDB-8009]


WARNING  : Net u_micro_risc_v1/u_EfxSapphireSoc/system_cores_0_logic_cpu/IBusCachedPlugin_cache/lineLoader_address[5] is dangling. [VDB-8009]


WARNING  : Found 17 warnings in the post-synthesis netlist.


INFO     : VDB Netlist Checker took 0.0200177 seconds.


INFO     : 	VDB Netlist Checker took 0.04 seconds (approximately) in total CPU time.


INFO     : VDB Netlist Checker virtual memory usage: begin = 307.676 MB, end = 307.676 MB, delta = 0 MB


INFO     : VDB Netlist Checker resident set memory usage: begin = 221.56 MB, end = 221.56 MB, delta = 0 MB


INFO     : 	VDB Netlist Checker peak resident set memory usage = 435.96 MB


INFO     : ***** Ending VDB Netlist Checker ... *****


INFO     : Resource Summary 


INFO     : =============================== 


INFO     : EFX_ADD         : 	344


INFO     : EFX_LUT4        : 	3184


INFO     : EFX_FF          : 	2603


INFO     : EFX_RAM_5K      : 	40


INFO     : EFX_GBUFCE      : 	3


INFO     : =============================== 


INFO     : ... Post-Map Verilog Writer begin


INFO     : Writing netlist 'top_level' to Verilog file '/home/olle/efinity_p2/BRAM/outflow/BRAM.map.v' [VDB-1030]


INFO     : ... Post-Map Verilog Writer end (Real time : 0s CPU user time : 49s CPU sys time : 0s MEM : 435960KB)


INFO     : The entire flow of EFX_MAP took 46.4641 seconds.


INFO     : 	The entire flow of EFX_MAP took 49.58 seconds (approximately) in total CPU time.


INFO     : The entire flow of EFX_MAP virtual memory usage: begin = 88.4 MB, end = 307.676 MB, delta = 219.276 MB


INFO     : The entire flow of EFX_MAP resident set memory usage: begin = 27.264 MB, end = 221.944 MB, delta = 194.68 MB


INFO     : 	The entire flow of EFX_MAP peak resident set memory usage = 435.96 MB


Sat August 16 25 09:05:40 - /home/olle/efinix/efinity/2025.1/bin/efx_map finished. Exit code = 0 Exit status : Normal

Running synthesis flow done.

Sat August 16 25 09:05:40 - Start Debugger Flow



-------------------------------------------------------------------------

Debugger

-------------------------------------------------------------------------

Sat August 16 25 09:05:40 - Debugger flow working directory is /home/olle/efinity_p2/BRAM/work_syn


INFO     : --max_threads set to 4 

--------------------------------------------------------------

Start Debugger Step Generate Debugger Cores.

Sat August 16 25 09:05:41 - /home/olle/efinix/efinity/2025.1/bin/python3  -m "efx_dbg.DbgWizard" --device  "T20F169" --family  "Trion" --in_profile_name  "/home/olle/efinity_p2/BRAM/debug_profile.wizard.json" --out_dbg_vdb  "debug_top.post.vdb" --out_profile_name  "/home/olle/efinity_p2/BRAM/debug_profile.wizard.json" --out_dir  "work_dbg"

Sat August 16 25 09:05:41 - Running /home/olle/efinix/efinity/2025.1/bin/python3...

Traceback (most recent call last):
  File "<frozen runpy>", line 198, in _run_module_as_main
  File "<frozen runpy>", line 88, in _run_code
  File "/home/olle/efinix/efinity/2025.1/debugger/bin/efx_dbg/DbgWizard.py", line 1089, in <module>
    _context = DbgWizardContext(args.in_profile_name)
               ^^^^^^^^^^^^^^^^^^^^^^^^^^^^^^^^^^^^^^
  File "/home/olle/efinix/efinity/2025.1/debugger/bin/efx_dbg/DbgWizard.py", line 212, in __init__
    raise Exception("Invalid profile, top_module is missing")
Exception: Invalid profile, top_module is missing

Sat August 16 25 09:05:41 - /home/olle/efinix/efinity/2025.1/bin/python3 finished. Exit code = 1 Exit status : Normal

Running Debugger Step 0 fail. See exit code and exit status

Sat August 16 25 09:05:41 - End Debugger Flow

Sat August 16 25 09:05:41 - Running automated flow starting from synthesis done. Total duration = 0m 48.669s

Sat August 16 25 09:07:41 - Efinity Debugger finished. Exit code = 0 Exit status : Normal

Sat August 16 25 09:11:01 - Running Efinity Debugger...

Sat August 16 25 09:13:56 - Efinity Debugger finished. Exit code = 0 Exit status : Normal

Sat August 16 25 09:14:02 - Running Efinity Debugger...

Sat August 16 25 09:14:39 - Efinity Debugger finished. Exit code = 0 Exit status : Normal

Sat August 16 25 09:14:42 - Running automated flow starting from synthesis...



Sat August 16 25 09:14:42 - Floorplan closed VM : 722.204 MB RSS : 304.98 MB



-------------------------------------------------------------------------

Synthesis

-------------------------------------------------------------------------

Sat August 16 25 09:14:42 - Synthesis flow working directory is /home/olle/efinity_p2/BRAM/work_syn


INFO     : --max_threads set to 4 

INFO     : Deleting any pre-existing troute trace files

Sat August 16 25 09:14:43 - /home/olle/efinix/efinity/2025.1/bin/efx_map --project "BRAM" --root "top_level" --write-efx-verilog "/home/olle/efinity_p2/BRAM/outflow/BRAM.map.v" --write-premap-module "/home/olle/efinity_p2/BRAM/outflow/BRAM.elab.vdb" --binary-db "/home/olle/efinity_p2/BRAM/outflow/BRAM.vdb" --device "T20F169" --family "Trion" --veri_option "verilog_mode=verilog_2k,vhdl_mode=vhdl_2008" --work-dir "/home/olle/efinity_p2/BRAM/work_syn" --output-dir "/home/olle/efinity_p2/BRAM/outflow" --project-xml "/home/olle/efinity_p2/BRAM/BRAM.xml" --I "/home/olle/efinity_p2/BRAM" --I "/home/olle/efinity_p2/BRAM/ip/BRAM_8192_bytes" --I "/home/olle/efinity_p2/BRAM/ip/micro_risc_v1"

Sat August 16 25 09:14:43 - Running /home/olle/efinix/efinity/2025.1/bin/efx_map...

INFO     : Efinix FPGA Synthesis.


INFO     : Version: 2025.1.110.2.15


INFO     : Compiled: Jun 21 2025.


INFO     : 


INFO     : Copyright (C) 2013 - 2025 Efinix, Inc. All rights reserved.



INFO     : Reading project database "/home/olle/efinity_p2/BRAM/BRAM.xml"


INFO     : Analyzing Verilog file '/home/olle/efinix/efinity/2025.1/sim_models/maplib/efinix_peri_lib.v' [VERI-1482]


INFO     : /home/olle/efinix/efinity/2025.1/sim_models/maplib/efinix_peri_lib.v(8): compiling module 'EFX_IBUF' [VERI-1018]


INFO     : /home/olle/efinix/efinity/2025.1/sim_models/maplib/efinix_peri_lib.v(16): compiling module 'EFX_OBUF' [VERI-1018]


INFO     : /home/olle/efinix/efinity/2025.1/sim_models/maplib/efinix_peri_lib.v(23): compiling module 'EFX_IO_BUF' [VERI-1018]


INFO     : /home/olle/efinix/efinity/2025.1/sim_models/maplib/efinix_peri_lib.v(33): compiling module 'EFX_CLKOUT' [VERI-1018]


INFO     : /home/olle/efinix/efinity/2025.1/sim_models/maplib/efinix_peri_lib.v(41): compiling module 'EFX_IREG' [VERI-1018]


INFO     : /home/olle/efinix/efinity/2025.1/sim_models/maplib/efinix_peri_lib.v(51): compiling module 'EFX_OREG' [VERI-1018]


INFO     : /home/olle/efinix/efinity/2025.1/sim_models/maplib/efinix_peri_lib.v(60): compiling module 'EFX_IOREG' [VERI-1018]


INFO     : /home/olle/efinix/efinity/2025.1/sim_models/maplib/efinix_peri_lib.v(75): compiling module 'EFX_IDDIO' [VERI-1018]


INFO     : /home/olle/efinix/efinity/2025.1/sim_models/maplib/efinix_peri_lib.v(87): compiling module 'EFX_ODDIO' [VERI-1018]


INFO     : /home/olle/efinix/efinity/2025.1/sim_models/maplib/efinix_peri_lib.v(99): compiling module 'EFX_GPIO_V1' [VERI-1018]


INFO     : /home/olle/efinix/efinity/2025.1/sim_models/maplib/efinix_peri_lib.v(124): compiling module 'EFX_GPIO_V2' [VERI-1018]


INFO     : /home/olle/efinix/efinity/2025.1/sim_models/maplib/efinix_peri_lib.v(149): compiling module 'EFX_GPIO_V3' [VERI-1018]


INFO     : /home/olle/efinix/efinity/2025.1/sim_models/maplib/efinix_peri_lib.v(186): compiling module 'EFX_PLL_V1' [VERI-1018]


INFO     : /home/olle/efinix/efinity/2025.1/sim_models/maplib/efinix_peri_lib.v(205): compiling module 'EFX_PLL_V2' [VERI-1018]


INFO     : /home/olle/efinix/efinity/2025.1/sim_models/maplib/efinix_peri_lib.v(231): compiling module 'EFX_PLL_V3' [VERI-1018]


INFO     : /home/olle/efinix/efinity/2025.1/sim_models/maplib/efinix_peri_lib.v(279): compiling module 'EFX_OSC_V1' [VERI-1018]


INFO     : /home/olle/efinix/efinity/2025.1/sim_models/maplib/efinix_peri_lib.v(285): compiling module 'EFX_OSC_V3' [VERI-1018]


INFO     : /home/olle/efinix/efinity/2025.1/sim_models/maplib/efinix_peri_lib.v(294): compiling module 'EFX_FPLL_V1' [VERI-1018]


INFO     : /home/olle/efinix/efinity/2025.1/sim_models/maplib/efinix_peri_lib.v(348): compiling module 'EFX_JTAG_V1' [VERI-1018]


INFO     : /home/olle/efinix/efinity/2025.1/sim_models/maplib/efinix_peri_lib.v(357): compiling module 'EFX_JTAG_CTRL' [VERI-1018]


INFO     : /home/olle/efinix/efinity/2025.1/sim_models/maplib/efinix_peri_lib.v(364): compiling module 'EFX_LVDS_RX_V1' [VERI-1018]


INFO     : /home/olle/efinix/efinity/2025.1/sim_models/maplib/efinix_peri_lib.v(381): compiling module 'EFX_LVDS_TX_V1' [VERI-1018]


INFO     : /home/olle/efinix/efinity/2025.1/sim_models/maplib/efinix_peri_lib.v(399): compiling module 'EFX_LVDS_RX_V2' [VERI-1018]


INFO     : /home/olle/efinix/efinity/2025.1/sim_models/maplib/efinix_peri_lib.v(426): compiling module 'EFX_LVDS_TX_V2' [VERI-1018]


INFO     : /home/olle/efinix/efinity/2025.1/sim_models/maplib/efinix_peri_lib.v(446): compiling module 'EFX_LVDS_BIDIR_V2' [VERI-1018]


INFO     : Reading project database "/home/olle/efinity_p2/BRAM/BRAM.xml"


INFO     : ***** Beginning Analysis ... *****


INFO     : default VHDL library search path is now "/home/olle/efinix/efinity/2025.1/sim_models/vhdl/packages/vhdl_2008" [VHDL-1504]


INFO     : Analyzing Verilog file '/home/olle/efinix/efinity/2025.1/sim_models/maplib/efinix_maplib.v' [VERI-1482]


INFO     : Analyzing Verilog file '/home/olle/efinix/efinity/2025.1/sim_models/maplib/efinix_peri_lib.v' [VERI-1482]


INFO     : Analyzing Verilog file '/home/olle/efinix/efinity/2025.1/sim_models/maplib/efinix_maplib.v' [VERI-1482]


INFO     : Analyzing Verilog file '/home/olle/efinix/efinity/2025.1/sim_models/maplib/efinix_peri_lib.v' [VERI-1482]


INFO     : Analyzing VHDL file '/home/olle/efinity_p2/BRAM/top_level.vhd' [VHDL-1481]


INFO     : Restoring VHDL unit 'ieee.std_logic_1164' from file '/home/olle/efinix/efinity/2025.1/sim_models/vhdl/packages/vhdl_2008/ieee/std_logic_1164.vdb' [VHDL-1493]


INFO     : Restoring VHDL unit 'std.standard' from file '/home/olle/efinix/efinity/2025.1/sim_models/vhdl/packages/vhdl_2008/std/standard.vdb' [VHDL-1493]


INFO     : Restoring VHDL unit 'std.textio' from file '/home/olle/efinix/efinity/2025.1/sim_models/vhdl/packages/vhdl_2008/std/textio.vdb' [VHDL-1493]


INFO     : Restoring VHDL unit 'ieee.numeric_std' from file '/home/olle/efinix/efinity/2025.1/sim_models/vhdl/packages/vhdl_2008/ieee/numeric_std.vdb' [VHDL-1493]


INFO     : /home/olle/efinity_p2/BRAM/top_level.vhd(6): analyzing entity 'top_level' [VHDL-1012]


INFO     : /home/olle/efinity_p2/BRAM/top_level.vhd(48): analyzing architecture 'behavior' [VHDL-1010]


INFO     : Analyzing VHDL file '/home/olle/efinity_p2/BRAM/eth_dp83825_udp.vhd' [VHDL-1481]


INFO     : /home/olle/efinity_p2/BRAM/eth_dp83825_udp.vhd(6): analyzing entity 'eth_dp83825_udp' [VHDL-1012]


INFO     : /home/olle/efinity_p2/BRAM/eth_dp83825_udp.vhd(29): analyzing architecture 'behavior' [VHDL-1010]


INFO     : Analyzing VHDL file '/home/olle/efinity_p2/BRAM/mdio_clause22.vhd' [VHDL-1481]


INFO     : /home/olle/efinity_p2/BRAM/mdio_clause22.vhd(9): analyzing entity 'mdio_clause22' [VHDL-1012]


INFO     : /home/olle/efinity_p2/BRAM/mdio_clause22.vhd(37): analyzing architecture 'rtl' [VHDL-1010]


INFO     : Analyzing Verilog file '/home/olle/efinity_p2/BRAM/ip/BRAM_8192_bytes/BRAM_8192_bytes.v' [VERI-1482]


INFO     : /home/olle/efinity_p2/BRAM/ip/BRAM_8192_bytes/BRAM_8192_bytes.v(758): analyzing included file '/home/olle/efinity_p2/BRAM/ip/BRAM_8192_bytes/bram_ini.vh' [VERI-1328]


INFO     : /home/olle/efinity_p2/BRAM/ip/BRAM_8192_bytes/BRAM_8192_bytes.v(758): back to file '/home/olle/efinity_p2/BRAM/ip/BRAM_8192_bytes/BRAM_8192_bytes.v' [VERI-2320]


INFO     : /home/olle/efinity_p2/BRAM/ip/BRAM_8192_bytes/BRAM_8192_bytes.v(985): analyzing included file '/home/olle/efinity_p2/BRAM/ip/BRAM_8192_bytes/bram_decompose.vh' [VERI-1328]


INFO     : /home/olle/efinity_p2/BRAM/ip/BRAM_8192_bytes/BRAM_8192_bytes.v(985): back to file '/home/olle/efinity_p2/BRAM/ip/BRAM_8192_bytes/BRAM_8192_bytes.v' [VERI-2320]


INFO     : Analyzing Verilog file '/home/olle/efinity_p2/BRAM/ip/micro_risc_v1/micro_risc_v1.v' [VERI-1482]


INFO     : Analysis took 0.1466 seconds.


INFO     : 	Analysis took 0.14 seconds (approximately) in total CPU time.


INFO     : Analysis virtual memory usage: begin = 124.564 MB, end = 132.756 MB, delta = 8.192 MB


INFO     : Analysis resident set memory usage: begin = 72.064 MB, end = 81.28 MB, delta = 9.216 MB


INFO     : 	Analysis peak resident set memory usage = 435.96 MB


INFO     : ***** Ending Analysis ... *****


INFO     : ***** Beginning Elaboration ... *****


INFO     : /home/olle/efinity_p2/BRAM/top_level.vhd(6): processing 'top_level(behavior)' [VHDL-1067]


WARNING  : /home/olle/efinity_p2/BRAM/top_level.vhd(102): using initial value '0' for 'system_uart_0_io_rxd' since it is never assigned [VHDL-1303]


WARNING  : /home/olle/efinity_p2/BRAM/top_level.vhd(105): using initial value for 'system_gpio_0_io_read' since it is never assigned [VHDL-1794]


INFO     : Restoring VHDL unit 'vl.vl_types' from file '/home/olle/efinix/efinity/2025.1/sim_models/vhdl/packages/vhdl_2008/vl/vl_types.vdb' [VHDL-1493]


INFO     : /home/olle/efinity_p2/BRAM/top_level.vhd(135): switching to Verilog mode to elaborate module 'micro_risc_v1' [VHDL-1399]


INFO     : /home/olle/efinity_p2/BRAM/ip/micro_risc_v1/micro_risc_v1.v(49): compiling module 'micro_risc_v1' [VERI-1018]


INFO     : /home/olle/efinity_p2/BRAM/ip/micro_risc_v1/micro_risc_v1.v(94): compiling module 'EfxSapphireSoc_2fa2c88f3c1f4868ba7cd09620d007ba' [VERI-1018]


INFO     : /home/olle/efinity_p2/BRAM/ip/micro_risc_v1/micro_risc_v1.v(5744): compiling module 'VexRiscv_2fa2c88f3c1f4868ba7cd09620d007ba' [VERI-1018]


INFO     : /home/olle/efinity_p2/BRAM/ip/micro_risc_v1/micro_risc_v1.v(6995): extracting RAM for identifier 'RegFilePlugin_regFile' [VERI-2571]


INFO     : /home/olle/efinity_p2/BRAM/ip/micro_risc_v1/micro_risc_v1.v(12219): compiling module 'InstructionCache_2fa2c88f3c1f4868ba7cd09620d007ba' [VERI-1018]


INFO     : /home/olle/efinity_p2/BRAM/ip/micro_risc_v1/micro_risc_v1.v(12325): extracting RAM for identifier 'banks_0' [VERI-2571]


INFO     : /home/olle/efinity_p2/BRAM/ip/micro_risc_v1/micro_risc_v1.v(12326): extracting RAM for identifier 'ways_0_tags' [VERI-2571]


INFO     : /home/olle/efinity_p2/BRAM/ip/micro_risc_v1/micro_risc_v1.v(11365): compiling module 'DataCache_2fa2c88f3c1f4868ba7cd09620d007ba' [VERI-1018]


INFO     : /home/olle/efinity_p2/BRAM/ip/micro_risc_v1/micro_risc_v1.v(11579): extracting RAM for identifier 'ways_0_tags' [VERI-2571]


INFO     : /home/olle/efinity_p2/BRAM/ip/micro_risc_v1/micro_risc_v1.v(11580): extracting RAM for identifier 'ways_0_data_symbol0' [VERI-2571]


INFO     : /home/olle/efinity_p2/BRAM/ip/micro_risc_v1/micro_risc_v1.v(11581): extracting RAM for identifier 'ways_0_data_symbol1' [VERI-2571]


INFO     : /home/olle/efinity_p2/BRAM/ip/micro_risc_v1/micro_risc_v1.v(11582): extracting RAM for identifier 'ways_0_data_symbol2' [VERI-2571]


INFO     : /home/olle/efinity_p2/BRAM/ip/micro_risc_v1/micro_risc_v1.v(11583): extracting RAM for identifier 'ways_0_data_symbol3' [VERI-2571]


WARNING  : /home/olle/efinity_p2/BRAM/ip/micro_risc_v1/micro_risc_v1.v(12191): system task 'display' is ignored for synthesis [VERI-1142]


INFO     : /home/olle/efinity_p2/BRAM/ip/micro_risc_v1/micro_risc_v1.v(11346): compiling module 'BufferCC_2fa2c88f3c1f4868ba7cd09620d007ba' [VERI-1018]


INFO     : /home/olle/efinity_p2/BRAM/ip/micro_risc_v1/micro_risc_v1.v(13149): compiling module 'EfxCPUSp1_2fa2c88f3c1f4868ba7cd09620d007ba' [VERI-1018]


WARNING  : /home/olle/efinity_p2/BRAM/ip/micro_risc_v1/micro_risc_v1.v(5832): net 'IBusCachedPlugin_cache_io_cpu_fetch_isRemoved' does not have a driver [VDB-1002]


WARNING  : /home/olle/efinity_p2/BRAM/ip/micro_risc_v1/micro_risc_v1.v(5845): net 'dataCache_1_io_cpu_writeBack_fence_SW' does not have a driver [VDB-1002]


WARNING  : /home/olle/efinity_p2/BRAM/ip/micro_risc_v1/micro_risc_v1.v(5846): net 'dataCache_1_io_cpu_writeBack_fence_SR' does not have a driver [VDB-1002]


WARNING  : /home/olle/efinity_p2/BRAM/ip/micro_risc_v1/micro_risc_v1.v(5847): net 'dataCache_1_io_cpu_writeBack_fence_SO' does not have a driver [VDB-1002]


WARNING  : /home/olle/efinity_p2/BRAM/ip/micro_risc_v1/micro_risc_v1.v(5848): net 'dataCache_1_io_cpu_writeBack_fence_SI' does not have a driver [VDB-1002]


WARNING  : /home/olle/efinity_p2/BRAM/ip/micro_risc_v1/micro_risc_v1.v(5849): net 'dataCache_1_io_cpu_writeBack_fence_PW' does not have a driver [VDB-1002]


WARNING  : /home/olle/efinity_p2/BRAM/ip/micro_risc_v1/micro_risc_v1.v(5850): net 'dataCache_1_io_cpu_writeBack_fence_PR' does not have a driver [VDB-1002]


WARNING  : /home/olle/efinity_p2/BRAM/ip/micro_risc_v1/micro_risc_v1.v(5851): net 'dataCache_1_io_cpu_writeBack_fence_PO' does not have a driver [VDB-1002]


WARNING  : /home/olle/efinity_p2/BRAM/ip/micro_risc_v1/micro_risc_v1.v(5852): net 'dataCache_1_io_cpu_writeBack_fence_PI' does not have a driver [VDB-1002]


WARNING  : /home/olle/efinity_p2/BRAM/ip/micro_risc_v1/micro_risc_v1.v(5853): net 'dataCache_1_io_cpu_writeBack_fence_FM[3]' does not have a driver [VDB-1002]


WARNING  : /home/olle/efinity_p2/BRAM/ip/micro_risc_v1/micro_risc_v1.v(6276): net 'IBusCachedPlugin_mmuBus_rsp_bypassTranslation' does not have a driver [VDB-1002]


WARNING  : /home/olle/efinity_p2/BRAM/ip/micro_risc_v1/micro_risc_v1.v(6302): net 'DBusCachedPlugin_mmuBus_rsp_bypassTranslation' does not have a driver [VDB-1002]


WARNING  : /home/olle/efinity_p2/BRAM/ip/micro_risc_v1/micro_risc_v1.v(6410): net 'IBusCachedPlugin_iBusRsp_output_payload_rsp_error' does not have a driver [VDB-1002]


WARNING  : /home/olle/efinity_p2/BRAM/ip/micro_risc_v1/micro_risc_v1.v(6412): net 'IBusCachedPlugin_iBusRsp_output_payload_isRvc' does not have a driver [VDB-1002]


WARNING  : /home/olle/efinity_p2/BRAM/ip/micro_risc_v1/micro_risc_v1.v(6656): net 'CsrPlugin_mtvec_mode[1]' does not have a driver [VDB-1002]


INFO     : /home/olle/efinity_p2/BRAM/ip/micro_risc_v1/micro_risc_v1.v(4743): compiling module 'DebugModule_2fa2c88f3c1f4868ba7cd09620d007ba' [VERI-1018]


INFO     : /home/olle/efinity_p2/BRAM/ip/micro_risc_v1/micro_risc_v1.v(4949): extracting RAM for identifier 'logic_progbufX_mem' [VERI-2571]


INFO     : /home/olle/efinity_p2/BRAM/ip/micro_risc_v1/micro_risc_v1.v(4719): compiling module 'BufferCC_5_2fa2c88f3c1f4868ba7cd09620d007ba' [VERI-1018]


INFO     : /home/olle/efinity_p2/BRAM/ip/micro_risc_v1/micro_risc_v1.v(4695): compiling module 'BufferCC_6_2fa2c88f3c1f4868ba7cd09620d007ba' [VERI-1018]


INFO     : /home/olle/efinity_p2/BRAM/ip/micro_risc_v1/micro_risc_v1.v(4669): compiling module 'BufferCC_8_2fa2c88f3c1f4868ba7cd09620d007ba' [VERI-1018]


INFO     : /home/olle/efinity_p2/BRAM/ip/micro_risc_v1/micro_risc_v1.v(4196): compiling module 'DebugTransportModuleTunneled_2fa2c88f3c1f4868ba7cd09620d007ba' [VERI-1018]


INFO     : /home/olle/efinity_p2/BRAM/ip/micro_risc_v1/micro_risc_v1.v(11282): compiling module 'FlowCCByToggle_2fa2c88f3c1f4868ba7cd09620d007ba' [VERI-1018]


WARNING  : /home/olle/efinity_p2/BRAM/ip/micro_risc_v1/micro_risc_v1.v(11316): system function call 'urandom' is not supported [VERI-1141]


WARNING  : /home/olle/efinity_p2/BRAM/ip/micro_risc_v1/micro_risc_v1.v(11317): system function call 'urandom' is not supported [VERI-1141]


INFO     : /home/olle/efinity_p2/BRAM/ip/micro_risc_v1/micro_risc_v1.v(13099): compiling module 'BufferCC_1_2fa2c88f3c1f4868ba7cd09620d007ba' [VERI-1018]


WARNING  : /home/olle/efinity_p2/BRAM/ip/micro_risc_v1/micro_risc_v1.v(13111): system function call 'urandom' is not supported [VERI-1141]


WARNING  : /home/olle/efinity_p2/BRAM/ip/micro_risc_v1/micro_risc_v1.v(13112): system function call 'urandom' is not supported [VERI-1141]


INFO     : /home/olle/efinity_p2/BRAM/ip/micro_risc_v1/micro_risc_v1.v(11196): compiling module 'FlowCCByToggle_1_2fa2c88f3c1f4868ba7cd09620d007ba' [VERI-1018]


INFO     : /home/olle/efinity_p2/BRAM/ip/micro_risc_v1/micro_risc_v1.v(13075): compiling module 'BufferCC_2_2fa2c88f3c1f4868ba7cd09620d007ba' [VERI-1018]


INFO     : /home/olle/efinity_p2/BRAM/ip/micro_risc_v1/micro_risc_v1.v(13051): compiling module 'BufferCC_3_2fa2c88f3c1f4868ba7cd09620d007ba' [VERI-1018]


INFO     : /home/olle/efinity_p2/BRAM/ip/micro_risc_v1/micro_risc_v1.v(4156): compiling module 'BmbDecoder_2fa2c88f3c1f4868ba7cd09620d007ba' [VERI-1018]


INFO     : /home/olle/efinity_p2/BRAM/ip/micro_risc_v1/micro_risc_v1.v(4020): compiling module 'BmbArbiter_2fa2c88f3c1f4868ba7cd09620d007ba' [VERI-1018]


INFO     : /home/olle/efinity_p2/BRAM/ip/micro_risc_v1/micro_risc_v1.v(11092): compiling module 'StreamArbiter_2fa2c88f3c1f4868ba7cd09620d007ba' [VERI-1018]


INFO     : /home/olle/efinity_p2/BRAM/ip/micro_risc_v1/micro_risc_v1.v(3748): compiling module 'BmbDecoder_1_2fa2c88f3c1f4868ba7cd09620d007ba' [VERI-1018]


INFO     : /home/olle/efinity_p2/BRAM/ip/micro_risc_v1/micro_risc_v1.v(3640): compiling module 'BmbOnChipRam_2fa2c88f3c1f4868ba7cd09620d007ba' [VERI-1018]


INFO     : /home/olle/efinity_p2/BRAM/ip/micro_risc_v1/micro_risc_v1.v(3672): extracting RAM for identifier 'ram_symbol0' [VERI-2571]


INFO     : /home/olle/efinity_p2/BRAM/ip/micro_risc_v1/micro_risc_v1.v(3673): extracting RAM for identifier 'ram_symbol1' [VERI-2571]


INFO     : /home/olle/efinity_p2/BRAM/ip/micro_risc_v1/micro_risc_v1.v(3674): extracting RAM for identifier 'ram_symbol2' [VERI-2571]


INFO     : /home/olle/efinity_p2/BRAM/ip/micro_risc_v1/micro_risc_v1.v(3675): extracting RAM for identifier 'ram_symbol3' [VERI-2571]


INFO     : /home/olle/efinity_p2/BRAM/ip/micro_risc_v1/micro_risc_v1.v(3414): compiling module 'BmbUnburstify_2fa2c88f3c1f4868ba7cd09620d007ba' [VERI-1018]


INFO     : /home/olle/efinity_p2/BRAM/ip/micro_risc_v1/micro_risc_v1.v(3053): compiling module 'BmbDecoder_2_2fa2c88f3c1f4868ba7cd09620d007ba' [VERI-1018]


INFO     : /home/olle/efinity_p2/BRAM/ip/micro_risc_v1/micro_risc_v1.v(2869): compiling module 'BmbClint_2fa2c88f3c1f4868ba7cd09620d007ba' [VERI-1018]


INFO     : /home/olle/efinity_p2/BRAM/ip/micro_risc_v1/micro_risc_v1.v(2377): compiling module 'BmbUartCtrl_2fa2c88f3c1f4868ba7cd09620d007ba' [VERI-1018]


INFO     : /home/olle/efinity_p2/BRAM/ip/micro_risc_v1/micro_risc_v1.v(10963): compiling module 'UartCtrl_2fa2c88f3c1f4868ba7cd09620d007ba' [VERI-1018]


INFO     : /home/olle/efinity_p2/BRAM/ip/micro_risc_v1/micro_risc_v1.v(12811): compiling module 'UartCtrlTx_2fa2c88f3c1f4868ba7cd09620d007ba' [VERI-1018]


INFO     : /home/olle/efinity_p2/BRAM/ip/micro_risc_v1/micro_risc_v1.v(12517): compiling module 'UartCtrlRx_2fa2c88f3c1f4868ba7cd09620d007ba' [VERI-1018]


INFO     : /home/olle/efinity_p2/BRAM/ip/micro_risc_v1/micro_risc_v1.v(13125): compiling module 'BufferCC_4_2fa2c88f3c1f4868ba7cd09620d007ba' [VERI-1018]


INFO     : /home/olle/efinity_p2/BRAM/ip/micro_risc_v1/micro_risc_v1.v(10809): compiling module 'StreamFifo_2fa2c88f3c1f4868ba7cd09620d007ba' [VERI-1018]


INFO     : /home/olle/efinity_p2/BRAM/ip/micro_risc_v1/micro_risc_v1.v(10857): extracting RAM for identifier 'logic_ram' [VERI-2571]


INFO     : /home/olle/efinity_p2/BRAM/ip/micro_risc_v1/micro_risc_v1.v(2165): compiling module 'BmbGpio2_2fa2c88f3c1f4868ba7cd09620d007ba' [VERI-1018]


INFO     : /home/olle/efinity_p2/BRAM/top_level.vhd(135): returning to VHDL mode to continue with elaboration [VHDL-1400]


INFO     : /home/olle/efinity_p2/BRAM/eth_dp83825_udp.vhd(6): processing 'eth_dp83825_udp(behavior)' [VHDL-1067]


WARNING  : /home/olle/efinity_p2/BRAM/eth_dp83825_udp.vhd(42): using initial value for 'mdio_wr_data' since it is never assigned [VHDL-1794]


WARNING  : /home/olle/efinity_p2/BRAM/eth_dp83825_udp.vhd(47): using initial value '0' for 'vio_step_debug' since it is never assigned [VHDL-1303]


INFO     : /home/olle/efinity_p2/BRAM/mdio_clause22.vhd(9): processing 'mdio_clause22(rtl)' [VHDL-1067]


INFO     : Elaboration took 0.334428 seconds.


INFO     : 	Elaboration took 0.32 seconds (approximately) in total CPU time.


INFO     : Elaboration virtual memory usage: begin = 132.756 MB, end = 167.572 MB, delta = 34.816 MB


INFO     : Elaboration resident set memory usage: begin = 81.28 MB, end = 117.248 MB, delta = 35.968 MB


INFO     : 	Elaboration peak resident set memory usage = 435.96 MB


INFO     : ***** Ending Elaboration ... *****


INFO     : ... Setting Synthesis Option: mode=speed


INFO     : ***** Beginning Reading Mapping Library ... *****


INFO     : Analyzing Verilog file '/home/olle/efinix/efinity/2025.1/sim_models/maplib/efinix_maplib.v' [VERI-1482]


INFO     : /home/olle/efinix/efinity/2025.1/sim_models/maplib/efinix_maplib.v(8): compiling module 'EFX_ADD' [VERI-1018]


INFO     : /home/olle/efinix/efinity/2025.1/sim_models/maplib/efinix_maplib.v(21): compiling module 'EFX_FF' [VERI-1018]


INFO     : /home/olle/efinix/efinity/2025.1/sim_models/maplib/efinix_maplib.v(38): compiling module 'EFX_COMB4' [VERI-1018]


INFO     : /home/olle/efinix/efinity/2025.1/sim_models/maplib/efinix_maplib.v(48): compiling module 'EFX_GBUFCE' [VERI-1018]


INFO     : /home/olle/efinix/efinity/2025.1/sim_models/maplib/efinix_maplib.v(57): compiling module 'EFX_LUT4' [VERI-1018]


INFO     : /home/olle/efinix/efinity/2025.1/sim_models/maplib/efinix_maplib.v(65): compiling module 'EFX_MULT' [VERI-1018]


INFO     : /home/olle/efinix/efinity/2025.1/sim_models/maplib/efinix_maplib.v(100): compiling module 'EFX_DSP48' [VERI-1018]


INFO     : /home/olle/efinix/efinity/2025.1/sim_models/maplib/efinix_maplib.v(156): compiling module 'EFX_DSP24' [VERI-1018]


INFO     : /home/olle/efinix/efinity/2025.1/sim_models/maplib/efinix_maplib.v(209): compiling module 'EFX_DSP12' [VERI-1018]


INFO     : /home/olle/efinix/efinity/2025.1/sim_models/maplib/efinix_maplib.v(262): compiling module 'EFX_RAM_4K' [VERI-1018]


INFO     : /home/olle/efinix/efinity/2025.1/sim_models/maplib/efinix_maplib.v(322): compiling module 'EFX_RAM_5K' [VERI-1018]


INFO     : /home/olle/efinix/efinity/2025.1/sim_models/maplib/efinix_maplib.v(394): compiling module 'EFX_DPRAM_5K' [VERI-1018]


INFO     : /home/olle/efinix/efinity/2025.1/sim_models/maplib/efinix_maplib.v(499): compiling module 'RAMB5' [VERI-1018]


INFO     : /home/olle/efinix/efinity/2025.1/sim_models/maplib/efinix_maplib.v(561): compiling module 'EFX_RAM_10K' [VERI-1018]


INFO     : /home/olle/efinix/efinity/2025.1/sim_models/maplib/efinix_maplib.v(653): compiling module 'EFX_RAM10' [VERI-1018]


INFO     : /home/olle/efinix/efinity/2025.1/sim_models/maplib/efinix_maplib.v(754): compiling module 'EFX_DPRAM10' [VERI-1018]


INFO     : /home/olle/efinix/efinity/2025.1/sim_models/maplib/efinix_maplib.v(884): compiling module 'EFX_SRL8' [VERI-1018]


INFO     : Reading Mapping Library took 0.0191231 seconds.


INFO     : 	Reading Mapping Library took 0.02 seconds (approximately) in total CPU time.


INFO     : Reading Mapping Library virtual memory usage: begin = 195.732 MB, end = 195.732 MB, delta = 0 MB


INFO     : Reading Mapping Library resident set memory usage: begin = 146.688 MB, end = 146.688 MB, delta = 0 MB


INFO     : 	Reading Mapping Library peak resident set memory usage = 435.96 MB


INFO     : ***** Ending Reading Mapping Library ... *****


INFO     : ... Pre-synthesis checks begin


WARNING  : The primary output port 'led2' wire 'led2' is not driven. [EFX-0256]


WARNING  : The primary output port 'CAM0_EN' wire 'CAM0_EN' is not driven. [EFX-0256]


WARNING  : The primary output port 'CAM1_EN' wire 'CAM1_EN' is not driven. [EFX-0256]


WARNING  : Removing redundant signal : io_cpu_prefetch_isValid. (/home/olle/efinity_p2/BRAM/ip/micro_risc_v1/micro_risc_v1.v:12221) [EFX-0200]


WARNING  : Removing redundant signal : io_cpu_prefetch_pc[31]. (/home/olle/efinity_p2/BRAM/ip/micro_risc_v1/micro_risc_v1.v:12223) [EFX-0200]


WARNING  : Removing redundant signal : io_cpu_prefetch_pc[30]. (/home/olle/efinity_p2/BRAM/ip/micro_risc_v1/micro_risc_v1.v:12223) [EFX-0200]


WARNING  : Removing redundant signal : io_cpu_prefetch_pc[29]. (/home/olle/efinity_p2/BRAM/ip/micro_risc_v1/micro_risc_v1.v:12223) [EFX-0200]


WARNING  : Removing redundant signal : io_cpu_prefetch_pc[28]. (/home/olle/efinity_p2/BRAM/ip/micro_risc_v1/micro_risc_v1.v:12223) [EFX-0200]


WARNING  : Removing redundant signal : io_cpu_prefetch_pc[27]. (/home/olle/efinity_p2/BRAM/ip/micro_risc_v1/micro_risc_v1.v:12223) [EFX-0200]


WARNING  : Removing redundant signal : io_cpu_prefetch_pc[26]. (/home/olle/efinity_p2/BRAM/ip/micro_risc_v1/micro_risc_v1.v:12223) [EFX-0200]


WARNING  : Removing redundant signal : io_cpu_prefetch_pc[25]. (/home/olle/efinity_p2/BRAM/ip/micro_risc_v1/micro_risc_v1.v:12223) [EFX-0200]


WARNING  : Removing redundant signal : io_cpu_prefetch_pc[24]. (/home/olle/efinity_p2/BRAM/ip/micro_risc_v1/micro_risc_v1.v:12223) [EFX-0200]


WARNING  : Removing redundant signal : io_cpu_prefetch_pc[23]. (/home/olle/efinity_p2/BRAM/ip/micro_risc_v1/micro_risc_v1.v:12223) [EFX-0200]


WARNING  : Removing redundant signal : io_cpu_prefetch_pc[22]. (/home/olle/efinity_p2/BRAM/ip/micro_risc_v1/micro_risc_v1.v:12223) [EFX-0200]


WARNING  : Removing redundant signal : io_cpu_prefetch_pc[21]. (/home/olle/efinity_p2/BRAM/ip/micro_risc_v1/micro_risc_v1.v:12223) [EFX-0200]


WARNING  : Removing redundant signal : io_cpu_prefetch_pc[20]. (/home/olle/efinity_p2/BRAM/ip/micro_risc_v1/micro_risc_v1.v:12223) [EFX-0200]


WARNING  : Removing redundant signal : io_cpu_prefetch_pc[19]. (/home/olle/efinity_p2/BRAM/ip/micro_risc_v1/micro_risc_v1.v:12223) [EFX-0200]


WARNING  : Removing redundant signal : io_cpu_prefetch_pc[18]. (/home/olle/efinity_p2/BRAM/ip/micro_risc_v1/micro_risc_v1.v:12223) [EFX-0200]


WARNING  : Removing redundant signal : io_cpu_prefetch_pc[17]. (/home/olle/efinity_p2/BRAM/ip/micro_risc_v1/micro_risc_v1.v:12223) [EFX-0200]


WARNING  : Removing redundant signal : io_cpu_prefetch_pc[16]. (/home/olle/efinity_p2/BRAM/ip/micro_risc_v1/micro_risc_v1.v:12223) [EFX-0200]


WARNING  : Removing redundant signal : io_cpu_prefetch_pc[15]. (/home/olle/efinity_p2/BRAM/ip/micro_risc_v1/micro_risc_v1.v:12223) [EFX-0200]


WARNING  : Removing redundant signal : io_cpu_prefetch_pc[14]. (/home/olle/efinity_p2/BRAM/ip/micro_risc_v1/micro_risc_v1.v:12223) [EFX-0200]


WARNING  : Removing redundant signal : io_cpu_prefetch_pc[13]. (/home/olle/efinity_p2/BRAM/ip/micro_risc_v1/micro_risc_v1.v:12223) [EFX-0200]


WARNING  : (The above message was generated too many times, subsequent similar messages will be muted.) [EFX-0200]


INFO     : ... Memory 'banks_0' is not initialized, assuming empty initial contents. (/home/olle/efinity_p2/BRAM/ip/micro_risc_v1/micro_risc_v1.v:12325) [EFX-0677]


INFO     : ... Memory 'ways_0_tags' is not initialized, assuming empty initial contents. (/home/olle/efinity_p2/BRAM/ip/micro_risc_v1/micro_risc_v1.v:12326) [EFX-0677]


INFO     : ... Memory 'ways_0_tags' is not initialized, assuming empty initial contents. (/home/olle/efinity_p2/BRAM/ip/micro_risc_v1/micro_risc_v1.v:11579) [EFX-0677]


INFO     : ... Memory 'ways_0_data_symbol0' is not initialized, assuming empty initial contents. (/home/olle/efinity_p2/BRAM/ip/micro_risc_v1/micro_risc_v1.v:11580) [EFX-0677]


INFO     : ... Memory 'ways_0_data_symbol1' is not initialized, assuming empty initial contents. (/home/olle/efinity_p2/BRAM/ip/micro_risc_v1/micro_risc_v1.v:11581) [EFX-0677]


INFO     : ... Memory 'ways_0_data_symbol2' is not initialized, assuming empty initial contents. (/home/olle/efinity_p2/BRAM/ip/micro_risc_v1/micro_risc_v1.v:11582) [EFX-0677]


INFO     : ... Memory 'ways_0_data_symbol3' is not initialized, assuming empty initial contents. (/home/olle/efinity_p2/BRAM/ip/micro_risc_v1/micro_risc_v1.v:11583) [EFX-0677]


WARNING  : Re-wiring to GND non-driven net 'IBusCachedPlugin_cache_io_cpu_fetch_isRemoved'. (/home/olle/efinity_p2/BRAM/ip/micro_risc_v1/micro_risc_v1.v:5832) [EFX-0201]


WARNING  : Re-wiring to GND non-driven net 'dataCache_1_io_cpu_writeBack_fence_SW'. (/home/olle/efinity_p2/BRAM/ip/micro_risc_v1/micro_risc_v1.v:5845) [EFX-0201]


WARNING  : Re-wiring to GND non-driven net 'dataCache_1_io_cpu_writeBack_fence_SR'. (/home/olle/efinity_p2/BRAM/ip/micro_risc_v1/micro_risc_v1.v:5846) [EFX-0201]


WARNING  : Re-wiring to GND non-driven net 'dataCache_1_io_cpu_writeBack_fence_SO'. (/home/olle/efinity_p2/BRAM/ip/micro_risc_v1/micro_risc_v1.v:5847) [EFX-0201]


WARNING  : Re-wiring to GND non-driven net 'dataCache_1_io_cpu_writeBack_fence_SI'. (/home/olle/efinity_p2/BRAM/ip/micro_risc_v1/micro_risc_v1.v:5848) [EFX-0201]


WARNING  : Re-wiring to GND non-driven net 'dataCache_1_io_cpu_writeBack_fence_PW'. (/home/olle/efinity_p2/BRAM/ip/micro_risc_v1/micro_risc_v1.v:5849) [EFX-0201]


WARNING  : Re-wiring to GND non-driven net 'dataCache_1_io_cpu_writeBack_fence_PR'. (/home/olle/efinity_p2/BRAM/ip/micro_risc_v1/micro_risc_v1.v:5850) [EFX-0201]


WARNING  : Re-wiring to GND non-driven net 'dataCache_1_io_cpu_writeBack_fence_PO'. (/home/olle/efinity_p2/BRAM/ip/micro_risc_v1/micro_risc_v1.v:5851) [EFX-0201]


WARNING  : Re-wiring to GND non-driven net 'dataCache_1_io_cpu_writeBack_fence_PI'. (/home/olle/efinity_p2/BRAM/ip/micro_risc_v1/micro_risc_v1.v:5852) [EFX-0201]


WARNING  : Re-wiring to GND non-driven net 'dataCache_1_io_cpu_writeBack_fence_FM[3]'. (/home/olle/efinity_p2/BRAM/ip/micro_risc_v1/micro_risc_v1.v:5853) [EFX-0201]


WARNING  : (The above message was generated too many times, subsequent similar messages will be muted.) [EFX-0201]


INFO     : ... Memory 'RegFilePlugin_regFile' is not initialized, assuming empty initial contents. (/home/olle/efinity_p2/BRAM/ip/micro_risc_v1/micro_risc_v1.v:6995) [EFX-0677]


INFO     : ... Memory 'logic_progbufX_mem' is not initialized, assuming empty initial contents. (/home/olle/efinity_p2/BRAM/ip/micro_risc_v1/micro_risc_v1.v:4949) [EFX-0677]


INFO     : Module Instance 'memory_arbiter' input pin 'io_inputs_0_payload_fragment_source[0]' is tied to constant (=0). [EFX-0266]


INFO     : Module Instance 'memory_arbiter' input pin 'io_inputs_1_payload_fragment_source[0]' is tied to constant (=0). [EFX-0266]


INFO     : Module Instance 'memory_arbiter' input pin 'io_inputs_1_payload_fragment_context[0]' is tied to constant (=0). [EFX-0266]


INFO     : Module Instance 'tx' input pin 'io_cts' is tied to constant (=0). [EFX-0266]


INFO     : ... Memory 'logic_ram' is not initialized, assuming empty initial contents. (/home/olle/efinity_p2/BRAM/ip/micro_risc_v1/micro_risc_v1.v:10857) [EFX-0677]


INFO     : Module Instance 'bridge_write_streamUnbuffered_queueWithOccupancy' input pin 'io_flush' is tied to constant (=0). [EFX-0266]


INFO     : Module Instance 'uartCtrl_1_io_read_queueWithOccupancy' input pin 'io_flush' is tied to constant (=0). [EFX-0266]


INFO     : Module Instance 'system_bridge_bmb_arbiter' input pin 'io_inputs_1_cmd_payload_fragment_data[0]' is tied to constant (=0). [EFX-0266]


INFO     : Module Instance 'system_bridge_bmb_arbiter' input pin 'io_inputs_1_cmd_payload_fragment_data[1]' is tied to constant (=0). [EFX-0266]


INFO     : Module Instance 'system_bridge_bmb_arbiter' input pin 'io_inputs_1_cmd_payload_fragment_data[2]' is tied to constant (=0). [EFX-0266]


INFO     : Module Instance 'system_bridge_bmb_arbiter' input pin 'io_inputs_1_cmd_payload_fragment_data[3]' is tied to constant (=0). [EFX-0266]


INFO     : Module Instance 'system_bridge_bmb_arbiter' input pin 'io_inputs_1_cmd_payload_fragment_data[4]' is tied to constant (=0). [EFX-0266]


INFO     : Module Instance 'system_bridge_bmb_arbiter' input pin 'io_inputs_1_cmd_payload_fragment_data[5]' is tied to constant (=0). [EFX-0266]


INFO     : Module Instance 'system_bridge_bmb_arbiter' input pin 'io_inputs_1_cmd_payload_fragment_data[6]' is tied to constant (=0). [EFX-0266]


INFO     : Module Instance 'system_bridge_bmb_arbiter' input pin 'io_inputs_1_cmd_payload_fragment_data[7]' is tied to constant (=0). [EFX-0266]


INFO     : Module Instance 'system_bridge_bmb_arbiter' input pin 'io_inputs_1_cmd_payload_fragment_data[8]' is tied to constant (=0). [EFX-0266]


INFO     : Module Instance 'system_bridge_bmb_arbiter' input pin 'io_inputs_1_cmd_payload_fragment_data[9]' is tied to constant (=0). [EFX-0266]


INFO     : Module Instance 'system_bridge_bmb_arbiter' input pin 'io_inputs_1_cmd_payload_fragment_data[10]' is tied to constant (=0). [EFX-0266]


INFO     : Module Instance 'system_bridge_bmb_arbiter' input pin 'io_inputs_1_cmd_payload_fragment_data[11]' is tied to constant (=0). [EFX-0266]


INFO     : Module Instance 'system_bridge_bmb_arbiter' input pin 'io_inputs_1_cmd_payload_fragment_data[12]' is tied to constant (=0). [EFX-0266]


INFO     : Module Instance 'system_bridge_bmb_arbiter' input pin 'io_inputs_1_cmd_payload_fragment_data[13]' is tied to constant (=0). [EFX-0266]


INFO     : Module Instance 'system_bridge_bmb_arbiter' input pin 'io_inputs_1_cmd_payload_fragment_data[14]' is tied to constant (=0). [EFX-0266]


INFO     : Module Instance 'system_bridge_bmb_arbiter' input pin 'io_inputs_1_cmd_payload_fragment_data[15]' is tied to constant (=0). [EFX-0266]


INFO     : Module Instance 'system_bridge_bmb_arbiter' input pin 'io_inputs_1_cmd_payload_fragment_data[16]' is tied to constant (=0). [EFX-0266]


INFO     : Module Instance 'system_bridge_bmb_arbiter' input pin 'io_inputs_1_cmd_payload_fragment_data[17]' is tied to constant (=0). [EFX-0266]


INFO     : Module Instance 'system_bridge_bmb_arbiter' input pin 'io_inputs_1_cmd_payload_fragment_data[18]' is tied to constant (=0). [EFX-0266]


INFO     : Module Instance 'system_bridge_bmb_arbiter' input pin 'io_inputs_1_cmd_payload_fragment_data[19]' is tied to constant (=0). [EFX-0266]


INFO     : Module Instance 'system_bridge_bmb_arbiter' input pin 'io_inputs_1_cmd_payload_fragment_data[20]' is tied to constant (=0). [EFX-0266]


INFO     : Module Instance 'system_bridge_bmb_arbiter' input pin 'io_inputs_1_cmd_payload_fragment_data[21]' is tied to constant (=0). [EFX-0266]


INFO     : Module Instance 'system_bridge_bmb_arbiter' input pin 'io_inputs_1_cmd_payload_fragment_data[22]' is tied to constant (=0). [EFX-0266]


INFO     : Module Instance 'system_bridge_bmb_arbiter' input pin 'io_inputs_1_cmd_payload_fragment_data[23]' is tied to constant (=0). [EFX-0266]


INFO     : Module Instance 'system_bridge_bmb_arbiter' input pin 'io_inputs_1_cmd_payload_fragment_data[24]' is tied to constant (=0). [EFX-0266]


INFO     : Module Instance 'system_bridge_bmb_arbiter' input pin 'io_inputs_1_cmd_payload_fragment_data[25]' is tied to constant (=0). [EFX-0266]


INFO     : Module Instance 'system_bridge_bmb_arbiter' input pin 'io_inputs_1_cmd_payload_fragment_data[26]' is tied to constant (=0). [EFX-0266]


INFO     : Module Instance 'system_bridge_bmb_arbiter' input pin 'io_inputs_1_cmd_payload_fragment_data[27]' is tied to constant (=0). [EFX-0266]


INFO     : Module Instance 'system_bridge_bmb_arbiter' input pin 'io_inputs_1_cmd_payload_fragment_data[28]' is tied to constant (=0). [EFX-0266]


INFO     : Module Instance 'system_bridge_bmb_arbiter' input pin 'io_inputs_1_cmd_payload_fragment_data[29]' is tied to constant (=0). [EFX-0266]


INFO     : Module Instance 'system_bridge_bmb_arbiter' input pin 'io_inputs_1_cmd_payload_fragment_data[30]' is tied to constant (=0). [EFX-0266]


INFO     : Module Instance 'system_bridge_bmb_arbiter' input pin 'io_inputs_1_cmd_payload_fragment_data[31]' is tied to constant (=0). [EFX-0266]


INFO     : Module Instance 'system_bridge_bmb_arbiter' input pin 'io_inputs_1_cmd_payload_fragment_mask[0]' is tied to constant (=0). [EFX-0266]


INFO     : Module Instance 'system_bridge_bmb_arbiter' input pin 'io_inputs_1_cmd_payload_fragment_mask[1]' is tied to constant (=0). [EFX-0266]


INFO     : Module Instance 'system_bridge_bmb_arbiter' input pin 'io_inputs_1_cmd_payload_fragment_mask[2]' is tied to constant (=0). [EFX-0266]


INFO     : Module Instance 'system_bridge_bmb_arbiter' input pin 'io_inputs_1_cmd_payload_fragment_mask[3]' is tied to constant (=0). [EFX-0266]


INFO     : Module Instance 'u_micro_risc_v1' input pin 'jtagCtrl_enable' is tied to constant (=1). [EFX-0266]


INFO     : ... Pre-synthesis checks end (Real time : 0s CPU user time : 1s CPU sys time : 0s MEM : 435960KB)


INFO     : ... NameSpace init begin


INFO     : ... NameSpace init end (Real time : 0s CPU user time : 1s CPU sys time : 0s MEM : 435960KB)


INFO     : ... Mapping design "top_level"


INFO     : ... Hierarchical pre-synthesis "InstructionCache_2fa2c88f3c1f4868ba7cd09620d007ba" begin


INFO     : ... Hierarchical pre-synthesis "InstructionCache_2fa2c88f3c1f4868ba7cd09620d007ba" end (Real time : 0s CPU user time : 1s CPU sys time : 0s MEM : 435960KB)


INFO     : ... Hierarchical pre-synthesis "DataCache_2fa2c88f3c1f4868ba7cd09620d007ba" begin


INFO     : ... Hierarchical pre-synthesis "DataCache_2fa2c88f3c1f4868ba7cd09620d007ba" end (Real time : 0s CPU user time : 1s CPU sys time : 0s MEM : 435960KB)


INFO     : ... Hierarchical pre-synthesis "BufferCC_2fa2c88f3c1f4868ba7cd09620d007ba" begin


INFO     : ... Hierarchical pre-synthesis "BufferCC_2fa2c88f3c1f4868ba7cd09620d007ba" end (Real time : 0s CPU user time : 1s CPU sys time : 0s MEM : 435960KB)


INFO     : ... Hierarchical pre-synthesis "EfxCPUSp1_2fa2c88f3c1f4868ba7cd09620d007ba" begin


INFO     : ... Hierarchical pre-synthesis "EfxCPUSp1_2fa2c88f3c1f4868ba7cd09620d007ba" end (Real time : 0s CPU user time : 1s CPU sys time : 0s MEM : 435960KB)


INFO     : ... Hierarchical pre-synthesis "VexRiscv_2fa2c88f3c1f4868ba7cd09620d007ba" begin


INFO     : ... Hierarchical pre-synthesis "VexRiscv_2fa2c88f3c1f4868ba7cd09620d007ba" end (Real time : 0s CPU user time : 2s CPU sys time : 0s MEM : 435960KB)


INFO     : ... Hierarchical pre-synthesis "DebugModule_2fa2c88f3c1f4868ba7cd09620d007ba" begin


INFO     : ... Hierarchical pre-synthesis "DebugModule_2fa2c88f3c1f4868ba7cd09620d007ba" end (Real time : 0s CPU user time : 2s CPU sys time : 0s MEM : 435960KB)


INFO     : ... Hierarchical pre-synthesis "BufferCC_5_2fa2c88f3c1f4868ba7cd09620d007ba" begin


INFO     : ... Hierarchical pre-synthesis "BufferCC_5_2fa2c88f3c1f4868ba7cd09620d007ba" end (Real time : 0s CPU user time : 2s CPU sys time : 0s MEM : 435960KB)


INFO     : ... Hierarchical pre-synthesis "BufferCC_6_2fa2c88f3c1f4868ba7cd09620d007ba" begin


INFO     : ... Hierarchical pre-synthesis "BufferCC_6_2fa2c88f3c1f4868ba7cd09620d007ba" end (Real time : 0s CPU user time : 2s CPU sys time : 0s MEM : 435960KB)


INFO     : ... Hierarchical pre-synthesis "BufferCC_8_2fa2c88f3c1f4868ba7cd09620d007ba" begin


INFO     : ... Hierarchical pre-synthesis "BufferCC_8_2fa2c88f3c1f4868ba7cd09620d007ba" end (Real time : 0s CPU user time : 2s CPU sys time : 0s MEM : 435960KB)


INFO     : ... Hierarchical pre-synthesis "BufferCC_1_2fa2c88f3c1f4868ba7cd09620d007ba" begin


INFO     : ... Hierarchical pre-synthesis "BufferCC_1_2fa2c88f3c1f4868ba7cd09620d007ba" end (Real time : 0s CPU user time : 2s CPU sys time : 0s MEM : 435960KB)


INFO     : ... Hierarchical pre-synthesis "FlowCCByToggle_2fa2c88f3c1f4868ba7cd09620d007ba" begin


INFO     : ... Hierarchical pre-synthesis "FlowCCByToggle_2fa2c88f3c1f4868ba7cd09620d007ba" end (Real time : 0s CPU user time : 2s CPU sys time : 0s MEM : 435960KB)


INFO     : ... Hierarchical pre-synthesis "BufferCC_2_2fa2c88f3c1f4868ba7cd09620d007ba" begin


INFO     : ... Hierarchical pre-synthesis "BufferCC_2_2fa2c88f3c1f4868ba7cd09620d007ba" end (Real time : 0s CPU user time : 2s CPU sys time : 0s MEM : 435960KB)


INFO     : ... Hierarchical pre-synthesis "BufferCC_3_2fa2c88f3c1f4868ba7cd09620d007ba" begin


INFO     : ... Hierarchical pre-synthesis "BufferCC_3_2fa2c88f3c1f4868ba7cd09620d007ba" end (Real time : 0s CPU user time : 2s CPU sys time : 0s MEM : 435960KB)


INFO     : ... Hierarchical pre-synthesis "FlowCCByToggle_1_2fa2c88f3c1f4868ba7cd09620d007ba" begin


INFO     : ... Hierarchical pre-synthesis "FlowCCByToggle_1_2fa2c88f3c1f4868ba7cd09620d007ba" end (Real time : 0s CPU user time : 2s CPU sys time : 0s MEM : 435960KB)


INFO     : ... Hierarchical pre-synthesis "DebugTransportModuleTunneled_2fa2c88f3c1f4868ba7cd09620d007ba" begin


INFO     : ... Hierarchical pre-synthesis "DebugTransportModuleTunneled_2fa2c88f3c1f4868ba7cd09620d007ba" end (Real time : 0s CPU user time : 2s CPU sys time : 0s MEM : 435960KB)


INFO     : ... Hierarchical pre-synthesis "BmbDecoder_2fa2c88f3c1f4868ba7cd09620d007ba" begin


INFO     : ... Hierarchical pre-synthesis "BmbDecoder_2fa2c88f3c1f4868ba7cd09620d007ba" end (Real time : 0s CPU user time : 2s CPU sys time : 0s MEM : 435960KB)


INFO     : ... Hierarchical pre-synthesis "StreamArbiter_2fa2c88f3c1f4868ba7cd09620d007ba" begin


INFO     : ... Hierarchical pre-synthesis "StreamArbiter_2fa2c88f3c1f4868ba7cd09620d007ba" end (Real time : 0s CPU user time : 2s CPU sys time : 0s MEM : 435960KB)


INFO     : ... Hierarchical pre-synthesis "BmbArbiter_2fa2c88f3c1f4868ba7cd09620d007ba" begin


INFO     : ... Hierarchical pre-synthesis "BmbArbiter_2fa2c88f3c1f4868ba7cd09620d007ba" end (Real time : 0s CPU user time : 2s CPU sys time : 0s MEM : 435960KB)


INFO     : ... Hierarchical pre-synthesis "BmbDecoder_1_2fa2c88f3c1f4868ba7cd09620d007ba" begin


INFO     : ... Hierarchical pre-synthesis "BmbDecoder_1_2fa2c88f3c1f4868ba7cd09620d007ba" end (Real time : 0s CPU user time : 2s CPU sys time : 0s MEM : 435960KB)


INFO     : ... Hierarchical pre-synthesis "BmbOnChipRam_2fa2c88f3c1f4868ba7cd09620d007ba" begin


INFO     : ... Hierarchical pre-synthesis "BmbOnChipRam_2fa2c88f3c1f4868ba7cd09620d007ba" end (Real time : 0s CPU user time : 2s CPU sys time : 0s MEM : 435960KB)


INFO     : ... Hierarchical pre-synthesis "BmbUnburstify_2fa2c88f3c1f4868ba7cd09620d007ba" begin


INFO     : ... Hierarchical pre-synthesis "BmbUnburstify_2fa2c88f3c1f4868ba7cd09620d007ba" end (Real time : 0s CPU user time : 2s CPU sys time : 0s MEM : 435960KB)


INFO     : ... Hierarchical pre-synthesis "BmbDecoder_2_2fa2c88f3c1f4868ba7cd09620d007ba" begin


INFO     : ... Hierarchical pre-synthesis "BmbDecoder_2_2fa2c88f3c1f4868ba7cd09620d007ba" end (Real time : 0s CPU user time : 2s CPU sys time : 0s MEM : 435960KB)


INFO     : ... Hierarchical pre-synthesis "BmbClint_2fa2c88f3c1f4868ba7cd09620d007ba" begin


INFO     : ... Hierarchical pre-synthesis "BmbClint_2fa2c88f3c1f4868ba7cd09620d007ba" end (Real time : 0s CPU user time : 2s CPU sys time : 0s MEM : 435960KB)


INFO     : ... Hierarchical pre-synthesis "UartCtrlTx_2fa2c88f3c1f4868ba7cd09620d007ba" begin


INFO     : ... Hierarchical pre-synthesis "UartCtrlTx_2fa2c88f3c1f4868ba7cd09620d007ba" end (Real time : 0s CPU user time : 2s CPU sys time : 0s MEM : 435960KB)


INFO     : ... Hierarchical pre-synthesis "BufferCC_4_2fa2c88f3c1f4868ba7cd09620d007ba" begin


INFO     : ... Hierarchical pre-synthesis "BufferCC_4_2fa2c88f3c1f4868ba7cd09620d007ba" end (Real time : 0s CPU user time : 2s CPU sys time : 0s MEM : 435960KB)


INFO     : ... Hierarchical pre-synthesis "UartCtrlRx_2fa2c88f3c1f4868ba7cd09620d007ba" begin


INFO     : ... Hierarchical pre-synthesis "UartCtrlRx_2fa2c88f3c1f4868ba7cd09620d007ba" end (Real time : 0s CPU user time : 2s CPU sys time : 0s MEM : 435960KB)


INFO     : ... Hierarchical pre-synthesis "UartCtrl_2fa2c88f3c1f4868ba7cd09620d007ba" begin


INFO     : ... Hierarchical pre-synthesis "UartCtrl_2fa2c88f3c1f4868ba7cd09620d007ba" end (Real time : 1s CPU user time : 2s CPU sys time : 0s MEM : 435960KB)


INFO     : ... Hierarchical pre-synthesis "StreamFifo_2fa2c88f3c1f4868ba7cd09620d007ba" begin


INFO     : ... Hierarchical pre-synthesis "StreamFifo_2fa2c88f3c1f4868ba7cd09620d007ba" end (Real time : 0s CPU user time : 2s CPU sys time : 0s MEM : 435960KB)


INFO     : ... Hierarchical pre-synthesis "BmbUartCtrl_2fa2c88f3c1f4868ba7cd09620d007ba" begin


INFO     : ... Hierarchical pre-synthesis "BmbUartCtrl_2fa2c88f3c1f4868ba7cd09620d007ba" end (Real time : 0s CPU user time : 2s CPU sys time : 0s MEM : 435960KB)


INFO     : ... Hierarchical pre-synthesis "BmbGpio2_2fa2c88f3c1f4868ba7cd09620d007ba" begin


INFO     : ... Hierarchical pre-synthesis "BmbGpio2_2fa2c88f3c1f4868ba7cd09620d007ba" end (Real time : 0s CPU user time : 2s CPU sys time : 0s MEM : 435960KB)


INFO     : ... Hierarchical pre-synthesis "EfxSapphireSoc_2fa2c88f3c1f4868ba7cd09620d007ba" begin


INFO     : ... Hierarchical pre-synthesis "EfxSapphireSoc_2fa2c88f3c1f4868ba7cd09620d007ba" end (Real time : 0s CPU user time : 3s CPU sys time : 0s MEM : 435960KB)


INFO     : ... Hierarchical pre-synthesis "micro_risc_v1" begin


INFO     : ... Hierarchical pre-synthesis "micro_risc_v1" end (Real time : 1s CPU user time : 3s CPU sys time : 0s MEM : 435960KB)


INFO     : ... Hierarchical pre-synthesis "mdio_clause22" begin


INFO     : ... Hierarchical pre-synthesis "mdio_clause22" end (Real time : 0s CPU user time : 3s CPU sys time : 0s MEM : 435960KB)


INFO     : ... Hierarchical pre-synthesis "eth_dp83825_udp" begin


INFO     : ... Hierarchical pre-synthesis "eth_dp83825_udp" end (Real time : 0s CPU user time : 3s CPU sys time : 0s MEM : 435960KB)


INFO     : ... Hierarchical pre-synthesis "top_level" begin


WARNING  : Mapping into logic memory block 'u_micro_risc_v1/u_EfxSapphireSoc/system_riscvJtag_debug_logic_dm/logic_progbufX_mem' (64 bits) (/home/olle/efinity_p2/BRAM/ip/micro_risc_v1/micro_risc_v1.v:4949) because size is too small (<=64) [EFX-0657]


INFO     : ... Clock Enable Synthesis Performed on 377 flops.


INFO     : ... Hierarchical pre-synthesis "top_level" end (Real time : 0s CPU user time : 4s CPU sys time : 0s MEM : 435960KB)


INFO     : ... Flat optimizations begin


INFO     : ... Flat optimizations end (Real time : 1s CPU user time : 5s CPU sys time : 0s MEM : 435960KB)


INFO     : ... Flat synthesis begin


INFO     : ... Flat synthesis end (Real time : 0s CPU user time : 5s CPU sys time : 0s MEM : 435960KB)


INFO     : ... Flat optimizations begin


INFO     : ... Flat optimizations end (Real time : 0s CPU user time : 5s CPU sys time : 0s MEM : 435960KB)


INFO     : ... Check and break combinational loops begin


INFO     : ... Check and break combinational loops end (Real time : 0s CPU user time : 5s CPU sys time : 0s MEM : 435960KB)


INFO     : ... Sequential Optimization begin


INFO     : ... Clock Network 'pll_clk' with 2309 loads will be considered for sequential optimization.


INFO     : ... Clock Network 'jtag_dummy_TCK' with 221 loads will be considered for sequential optimization.


INFO     : ... Clock Network 'clk' with 83 loads will be considered for sequential optimization.


INFO     : ... Sequential Optimization deduced 479 equivalent points.


INFO     : ... Sequential Optimization end (Real time : 15s CPU user time : 20s CPU sys time : 0s MEM : 435960KB)


INFO     : ... Setup for logic synthesis begin


INFO     : ... Setup for logic synthesis end (Real time : 0s CPU user time : 20s CPU sys time : 0s MEM : 435960KB)


INFO     : ... LUT mapping begin


INFO     : ... LS, strategy: 3, nd: 3184, ed: 10391, lv: 7, pw: 5943.17


INFO     : ... LUT mapping end (Real time : 12s CPU user time : 34s CPU sys time : 0s MEM : 435960KB)


INFO     : ... Post-synthesis Verific netlist creation begin


INFO     : ... Post-synthesis Verific netlist creation end (Real time : 0s CPU user time : 34s CPU sys time : 0s MEM : 435960KB)


INFO     : ... Postmap Retiming Optimization begin


INFO     : ... Clock Network 'pll_clk~pll_clk' with 2301 loads will be considered for retiming optimization.


INFO     : ... Clock Network 'jtag_dummy_TCK~jtag_dummy_TCK' with 220 loads will be considered for retiming optimization.


INFO     : ... Clock Network 'clk~clk' with 83 loads will be considered for retiming optimization.


INFO     : ... Performed 0 retime moves.


INFO     : ... Postmap Retiming Optimization end (Real time : 14s CPU user time : 48s CPU sys time : 0s MEM : 435960KB)


INFO     : ***** Beginning VDB Netlist Checker ... *****


WARNING  : /home/olle/efinity_p2/BRAM/top_level.vhd(11): Input/inout port phy_intr_n is unconnected and will be removed. [VDB-8003]


WARNING  : /home/olle/efinity_p2/BRAM/top_level.vhd(16): Input/inout port rmii_crs_dv is unconnected and will be removed. [VDB-8003]


WARNING  : /home/olle/efinity_p2/BRAM/top_level.vhd(17): Input/inout port rmii_rx_er is unconnected and will be removed. [VDB-8003]


WARNING  : /home/olle/efinity_p2/BRAM/top_level.vhd(18): Input/inout port rmii_rxd[1] is unconnected and will be removed. [VDB-8003]


WARNING  : /home/olle/efinity_p2/BRAM/top_level.vhd(21): Input/inout port mdio_i is unconnected and will be removed. [VDB-8003]


WARNING  : /home/olle/efinity_p2/BRAM/top_level.vhd(29): Input/inout port jtag_dummy_TMS is unconnected and will be removed. [VDB-8003]


WARNING  : /home/olle/efinity_p2/BRAM/top_level.vhd(30): Input/inout port jtag_dummy_SEL is unconnected and will be removed. [VDB-8003]


WARNING  : /home/olle/efinity_p2/BRAM/top_level.vhd(31): Input/inout port jtag_dummy_DRCK is unconnected and will be removed. [VDB-8003]


WARNING  : /home/olle/efinity_p2/BRAM/top_level.vhd(33): Input/inout port jtag_dummy_RUNTEST is unconnected and will be removed. [VDB-8003]


WARNING  : /home/olle/efinity_p2/BRAM/top_level.vhd(38): Input/inout port led4 is unconnected and will be removed. [VDB-8003]


WARNING  : Net u_micro_risc_v1/u_EfxSapphireSoc/system_cores_0_logic_cpu/IBusCachedPlugin_cache/lineLoader_address[0] is dangling. [VDB-8009]


WARNING  : Net u_micro_risc_v1/u_EfxSapphireSoc/system_cores_0_logic_cpu/IBusCachedPlugin_cache/lineLoader_address[1] is dangling. [VDB-8009]


WARNING  : Net u_micro_risc_v1/u_EfxSapphireSoc/system_cores_0_logic_cpu/IBusCachedPlugin_cache/lineLoader_address[2] is dangling. [VDB-8009]


WARNING  : Net u_micro_risc_v1/u_EfxSapphireSoc/system_cores_0_logic_cpu/IBusCachedPlugin_cache/lineLoader_address[3] is dangling. [VDB-8009]


WARNING  : Net u_micro_risc_v1/u_EfxSapphireSoc/system_cores_0_logic_cpu/IBusCachedPlugin_cache/lineLoader_address[4] is dangling. [VDB-8009]


WARNING  : Net u_micro_risc_v1/u_EfxSapphireSoc/system_cores_0_logic_cpu/IBusCachedPlugin_cache/lineLoader_address[5] is dangling. [VDB-8009]


WARNING  : Found 17 warnings in the post-synthesis netlist.


INFO     : VDB Netlist Checker took 0.0208172 seconds.


INFO     : 	VDB Netlist Checker took 0.04 seconds (approximately) in total CPU time.


INFO     : VDB Netlist Checker virtual memory usage: begin = 317.928 MB, end = 317.928 MB, delta = 0 MB


INFO     : VDB Netlist Checker resident set memory usage: begin = 231.224 MB, end = 231.224 MB, delta = 0 MB


INFO     : 	VDB Netlist Checker peak resident set memory usage = 435.96 MB


INFO     : ***** Ending VDB Netlist Checker ... *****


INFO     : Resource Summary 


INFO     : =============================== 


INFO     : EFX_ADD         : 	344


INFO     : EFX_LUT4        : 	3184


INFO     : EFX_FF          : 	2603


INFO     : EFX_RAM_5K      : 	40


INFO     : EFX_GBUFCE      : 	3


INFO     : =============================== 


INFO     : ... Post-Map Verilog Writer begin


INFO     : Writing netlist 'top_level' to Verilog file '/home/olle/efinity_p2/BRAM/outflow/BRAM.map.v' [VDB-1030]


INFO     : ... Post-Map Verilog Writer end (Real time : 0s CPU user time : 49s CPU sys time : 0s MEM : 435960KB)


INFO     : The entire flow of EFX_MAP took 46.3174 seconds.


INFO     : 	The entire flow of EFX_MAP took 49.3 seconds (approximately) in total CPU time.


INFO     : The entire flow of EFX_MAP virtual memory usage: begin = 88.404 MB, end = 317.928 MB, delta = 229.524 MB


INFO     : The entire flow of EFX_MAP resident set memory usage: begin = 27.392 MB, end = 231.352 MB, delta = 203.96 MB


INFO     : 	The entire flow of EFX_MAP peak resident set memory usage = 435.96 MB


Sat August 16 25 09:15:29 - /home/olle/efinix/efinity/2025.1/bin/efx_map finished. Exit code = 0 Exit status : Normal

Running synthesis flow done.

Sat August 16 25 09:15:29 - Start Debugger Flow



-------------------------------------------------------------------------

Debugger

-------------------------------------------------------------------------

Sat August 16 25 09:15:29 - Debugger flow working directory is /home/olle/efinity_p2/BRAM/work_syn


INFO     : --max_threads set to 4 

--------------------------------------------------------------

Start Debugger Step Generate Debugger Cores.

Sat August 16 25 09:15:30 - /home/olle/efinix/efinity/2025.1/bin/python3  -m "efx_dbg.DbgWizard" --device  "T20F169" --family  "Trion" --in_profile_name  "/home/olle/efinity_p2/BRAM/debug_profile.wizard.json" --out_dbg_vdb  "debug_top.post.vdb" --out_profile_name  "/home/olle/efinity_p2/BRAM/debug_profile.wizard.json" --out_dir  "work_dbg"

Sat August 16 25 09:15:30 - Running /home/olle/efinix/efinity/2025.1/bin/python3...

Traceback (most recent call last):
  File "<frozen runpy>", line 198, in _run_module_as_main
  File "<frozen runpy>", line 88, in _run_code
  File "/home/olle/efinix/efinity/2025.1/debugger/bin/efx_dbg/DbgWizard.py", line 1089, in <module>
    _context = DbgWizardContext(args.in_profile_name)
               ^^^^^^^^^^^^^^^^^^^^^^^^^^^^^^^^^^^^^^
  File "/home/olle/efinix/efinity/2025.1/debugger/bin/efx_dbg/DbgWizard.py", line 212, in __init__
    raise Exception("Invalid profile, top_module is missing")
Exception: Invalid profile, top_module is missing

Sat August 16 25 09:15:30 - /home/olle/efinix/efinity/2025.1/bin/python3 finished. Exit code = 1 Exit status : Normal

Running Debugger Step 0 fail. See exit code and exit status

Sat August 16 25 09:15:30 - End Debugger Flow

Sat August 16 25 09:15:30 - Running automated flow starting from synthesis done. Total duration = 0m 48.566s

Sat August 16 25 09:16:27 - Running Efinity Debugger...

Sat August 16 25 09:21:14 - Efinity Debugger finished. Exit code = 0 Exit status : Normal

Sat August 16 25 09:24:35 - Running Efinity Debugger...

Sat August 16 25 09:24:45 - Efinity Debugger finished. Exit code = 0 Exit status : Normal

Sat August 16 25 09:24:53 - Running automated flow starting from placement...



Sat August 16 25 09:24:53 - Floorplan closed VM : 722.224 MB RSS : 365.212 MB

Sat August 16 25 09:24:53 - Start Debugger Flow



-------------------------------------------------------------------------

Debugger

-------------------------------------------------------------------------

Sat August 16 25 09:24:53 - Debugger flow working directory is /home/olle/efinity_p2/BRAM/work_syn


INFO     : --max_threads set to 4 

--------------------------------------------------------------

Start Debugger Step Generate Debugger Cores.

Sat August 16 25 09:24:54 - /home/olle/efinix/efinity/2025.1/bin/python3  -m "efx_dbg.DbgWizard" --device  "T20F169" --family  "Trion" --in_profile_name  "/home/olle/efinity_p2/BRAM/debug_profile.wizard.json" --out_dbg_vdb  "debug_top.post.vdb" --out_profile_name  "/home/olle/efinity_p2/BRAM/debug_profile.wizard.json" --out_dir  "work_dbg"

Sat August 16 25 09:24:54 - Running /home/olle/efinix/efinity/2025.1/bin/python3...

Traceback (most recent call last):
  File "<frozen runpy>", line 198, in _run_module_as_main
  File "<frozen runpy>", line 88, in _run_code
  File "/home/olle/efinix/efinity/2025.1/debugger/bin/efx_dbg/DbgWizard.py", line 1089, in <module>
    _context = DbgWizardContext(args.in_profile_name)
               ^^^^^^^^^^^^^^^^^^^^^^^^^^^^^^^^^^^^^^
  File "/home/olle/efinix/efinity/2025.1/debugger/bin/efx_dbg/DbgWizard.py", line 212, in __init__
    raise Exception("Invalid profile, top_module is missing")
Exception: Invalid profile, top_module is missing

Sat August 16 25 09:24:54 - /home/olle/efinix/efinity/2025.1/bin/python3 finished. Exit code = 1 Exit status : Normal

Running Debugger Step 0 fail. See exit code and exit status

Sat August 16 25 09:24:54 - End Debugger Flow

Sat August 16 25 09:24:54 - Running automated flow starting from placement done. Total duration = 0m 1.127s

Sat August 16 25 09:25:09 - Running Efinity Debugger...

Sat August 16 25 09:25:16 - Efinity Debugger finished. Exit code = 0 Exit status : Normal

Sat August 16 25 09:26:28 - Running automated flow starting from placement...



Sat August 16 25 09:26:28 - Floorplan closed VM : 730.42 MB RSS : 307.144 MB

Sat August 16 25 09:26:28 - Start Debugger Flow



-------------------------------------------------------------------------

Debugger

-------------------------------------------------------------------------

Sat August 16 25 09:26:28 - Debugger flow working directory is /home/olle/efinity_p2/BRAM/work_syn


INFO     : --max_threads set to 4 

--------------------------------------------------------------

Start Debugger Step Generate Debugger Cores.

Sat August 16 25 09:26:29 - /home/olle/efinix/efinity/2025.1/bin/python3  -m "efx_dbg.DbgWizard" --device  "T20F169" --family  "Trion" --in_profile_name  "/home/olle/efinity_p2/BRAM/debug_profile.wizard.json" --out_dbg_vdb  "debug_top.post.vdb" --out_profile_name  "/home/olle/efinity_p2/BRAM/debug_profile.wizard.json" --out_dir  "work_dbg"

Sat August 16 25 09:26:29 - Running /home/olle/efinix/efinity/2025.1/bin/python3...

Sat August 16 25 09:26:30 - /home/olle/efinix/efinity/2025.1/bin/python3 finished. Exit code = 0 Exit status : Normal

Debugger Step Generate Debugger Cores. Done

--------------------------------------------------------------

--------------------------------------------------------------

Start Debugger Step Compile Debugger Cores.

Sat August 16 25 09:26:30 - /home/olle/efinix/efinity/2025.1/bin/efx_map  --allow-const-ram-index "0" --blackbox-error "1" --blast_const_operand_adders "1" --bram_output_regs_packing "1" --bram-push-tco-outreg "0" --create-onehot-fsms "0" --fanout-limit "0" --hdl-compile-unit "1" --hdl-loop-limit "20000" --infer-clk-enable "3" --infer-sync-set-reset "1" --enable-mark-debug "1" --max_ram "-1" --max_mult "-1" --max-bit-blast-mem-size "10240" --min-sr-fanout "0" --min-ce-fanout "0" --mode "speed" --mult-auto-pipeline "0" --mult-decomp-retime "0" --operator-sharing "0" --optimize-adder-tree "0" --optimize-zero-init-rom "1" --peri-syn-instantiation "0" --peri-syn-inference "0" --ram-decomp-mode "0" --retiming "1" --seq_opt "1" --seq-opt-sync-only "0" --use-logic-for-small-mem "64" --use-logic-for-small-rom "64" --max_threads "-1" --mult_input_regs_packing "1" --mult_output_regs_packing "1" --I "/home/olle/efinity_p2/BRAM" --I "/home/olle/efinity_p2/BRAM/ip/BRAM_8192_bytes" --I "/home/olle/efinity_p2/BRAM/ip/micro_risc_v1" --family "Trion" --device "T20F169" --root "edb_top" --v "/home/olle/efinity_p2/BRAM/work_dbg/debug_top.v" --write-postmap-module "/home/olle/efinity_p2/BRAM/work_dbg/debug_top.post.vdb" --gen-mark-debug-json "0" --work-dir "/home/olle/efinity_p2/BRAM/work_dbg" --output-dir "/home/olle/efinity_p2/BRAM/outflow"

Sat August 16 25 09:26:30 - Running /home/olle/efinix/efinity/2025.1/bin/efx_map...

INFO     : Efinix FPGA Synthesis.
INFO     : Version: 2025.1.110.2.15
INFO     : Compiled: Jun 21 2025.
INFO     : 
INFO     : Copyright (C) 2013 - 2025 Efinix, Inc. All rights reserved.


INFO     : Analyzing Verilog file '/home/olle/efinix/efinity/2025.1/sim_models/maplib/efinix_peri_lib.v' [VERI-1482]
INFO     : /home/olle/efinix/efinity/2025.1/sim_models/maplib/efinix_peri_lib.v(8): compiling module 'EFX_IBUF' [VERI-1018]
INFO     : /home/olle/efinix/efinity/2025.1/sim_models/maplib/efinix_peri_lib.v(16): compiling module 'EFX_OBUF' [VERI-1018]
INFO     : /home/olle/efinix/efinity/2025.1/sim_models/maplib/efinix_peri_lib.v(23): compiling module 'EFX_IO_BUF' [VERI-1018]
INFO     : /home/olle/efinix/efinity/2025.1/sim_models/maplib/efinix_peri_lib.v(33): compiling module 'EFX_CLKOUT' [VERI-1018]
INFO     : /home/olle/efinix/efinity/2025.1/sim_models/maplib/efinix_peri_lib.v(41): compiling module 'EFX_IREG' [VERI-1018]
INFO     : /home/olle/efinix/efinity/2025.1/sim_models/maplib/efinix_peri_lib.v(51): compiling module 'EFX_OREG' [VERI-1018]
INFO     : /home/olle/efinix/efinity/2025.1/sim_models/maplib/efinix_peri_lib.v(60): compiling module 'EFX_IOREG' [VERI-1018]
INFO     : /home/olle/efinix/efinity/2025.1/sim_models/maplib/efinix_peri_lib.v(75): compiling module 'EFX_IDDIO' [VERI-1018]
INFO     : /home/olle/efinix/efinity/2025.1/sim_models/maplib/efinix_peri_lib.v(87): compiling module 'EFX_ODDIO' [VERI-1018]
INFO     : /home/olle/efinix/efinity/2025.1/sim_models/maplib/efinix_peri_lib.v(99): compiling module 'EFX_GPIO_V1' [VERI-1018]
INFO     : /home/olle/efinix/efinity/2025.1/sim_models/maplib/efinix_peri_lib.v(124): compiling module 'EFX_GPIO_V2' [VERI-1018]
INFO     : /home/olle/efinix/efinity/2025.1/sim_models/maplib/efinix_peri_lib.v(149): compiling module 'EFX_GPIO_V3' [VERI-1018]
INFO     : /home/olle/efinix/efinity/2025.1/sim_models/maplib/efinix_peri_lib.v(186): compiling module 'EFX_PLL_V1' [VERI-1018]
INFO     : /home/olle/efinix/efinity/2025.1/sim_models/maplib/efinix_peri_lib.v(205): compiling module 'EFX_PLL_V2' [VERI-1018]
INFO     : /home/olle/efinix/efinity/2025.1/sim_models/maplib/efinix_peri_lib.v(231): compiling module 'EFX_PLL_V3' [VERI-1018]
INFO     : /home/olle/efinix/efinity/2025.1/sim_models/maplib/efinix_peri_lib.v(279): compiling module 'EFX_OSC_V1' [VERI-1018]
INFO     : /home/olle/efinix/efinity/2025.1/sim_models/maplib/efinix_peri_lib.v(285): compiling module 'EFX_OSC_V3' [VERI-1018]
INFO     : /home/olle/efinix/efinity/2025.1/sim_models/maplib/efinix_peri_lib.v(294): compiling module 'EFX_FPLL_V1' [VERI-1018]
INFO     : /home/olle/efinix/efinity/2025.1/sim_models/maplib/efinix_peri_lib.v(348): compiling module 'EFX_JTAG_V1' [VERI-1018]
INFO     : /home/olle/efinix/efinity/2025.1/sim_models/maplib/efinix_peri_lib.v(357): compiling module 'EFX_JTAG_CTRL' [VERI-1018]
INFO     : /home/olle/efinix/efinity/2025.1/sim_models/maplib/efinix_peri_lib.v(364): compiling module 'EFX_LVDS_RX_V1' [VERI-1018]
INFO     : /home/olle/efinix/efinity/2025.1/sim_models/maplib/efinix_peri_lib.v(381): compiling module 'EFX_LVDS_TX_V1' [VERI-1018]
INFO     : /home/olle/efinix/efinity/2025.1/sim_models/maplib/efinix_peri_lib.v(399): compiling module 'EFX_LVDS_RX_V2' [VERI-1018]
INFO     : /home/olle/efinix/efinity/2025.1/sim_models/maplib/efinix_peri_lib.v(426): compiling module 'EFX_LVDS_TX_V2' [VERI-1018]
INFO     : /home/olle/efinix/efinity/2025.1/sim_models/maplib/efinix_peri_lib.v(446): compiling module 'EFX_LVDS_BIDIR_V2' [VERI-1018]
INFO     : ***** Beginning Analysis ... *****

INFO     : default VHDL library search path is now "/home/olle/efinix/efinity/2025.1/sim_models/vhdl/packages/vhdl_2008" [VHDL-1504]
INFO     : Analyzing Verilog file '/home/olle/efinix/efinity/2025.1/sim_models/maplib/efinix_maplib.v' [VERI-1482]
INFO     : Analyzing Verilog file '/home/olle/efinix/efinity/2025.1/sim_models/maplib/efinix_peri_lib.v' [VERI-1482]
INFO     : Analyzing Verilog file '/home/olle/efinix/efinity/2025.1/sim_models/maplib/efinix_maplib.v' [VERI-1482]

INFO     : Analyzing Verilog file '/home/olle/efinix/efinity/2025.1/sim_models/maplib/efinix_peri_lib.v' [VERI-1482]
INFO     : Analyzing Verilog file '/home/olle/efinity_p2/BRAM/work_dbg/debug_top.v' [VERI-1482]

INFO     : /home/olle/efinity_p2/BRAM/work_dbg/debug_top.v(4566): undeclared symbol 'la_capture_mask', assumed default net type 'wire' [VERI-2561]

INFO     : /home/olle/efinity_p2/BRAM/work_dbg/debug_top.v(4936): undeclared symbol 'next_segment_pointer_eq', assumed default net type 'wire' [VERI-2561]
INFO     : /home/olle/efinity_p2/BRAM/work_dbg/debug_top.v(4937): undeclared symbol 'next_segment_msb_xor', assumed default net type 'wire' [VERI-2561]
INFO     : Analysis took 0.0610337 seconds.
INFO     : 	Analysis took 0.06 seconds (approximately) in total CPU time.
INFO     : Analysis virtual memory usage: begin = 124.56 MB, end = 127.632 MB, delta = 3.072 MB
INFO     : Analysis resident set memory usage: begin = 71.296 MB, end = 74.88 MB, delta = 3.584 MB
INFO     : 	Analysis peak resident set memory usage = 435.96 MB
INFO     : ***** Ending Analysis ... *****
INFO     : ***** Beginning Elaboration ... *****
WARNING  : /home/olle/efinity_p2/BRAM/work_dbg/debug_top.v(245): port 'probe34' remains unconnected for this instance [VERI-1927]
WARNING  : /home/olle/efinity_p2/BRAM/work_dbg/debug_top.v(280): port 'probe1' remains unconnected for this instance [VERI-1927]
INFO     : /home/olle/efinity_p2/BRAM/work_dbg/debug_top.v(10): compiling module 'edb_top' [VERI-1018]
INFO     : /home/olle/efinity_p2/BRAM/work_dbg/debug_top.v(666): compiling module 'edb_la_top_renamed_due_excessive_length_1' [VERI-1018]

INFO     : /home/olle/efinity_p2/BRAM/work_dbg/debug_top.v(355): compiling module 'edb_adbg_crc32' [VERI-1018]

INFO     : /home/olle/efinity_p2/BRAM/work_dbg/debug_top.v(5667): compiling module 'compare_unit(WIDTH=11'b0101,PIPE=1)' [VERI-1018]

INFO     : /home/olle/efinity_p2/BRAM/work_dbg/debug_top.v(5667): compiling module 'compare_unit(WIDTH=11'b010000,PIPE=1)' [VERI-1018]

INFO     : /home/olle/efinity_p2/BRAM/work_dbg/debug_top.v(5667): compiling module 'compare_unit(WIDTH=11'b010,PIPE=1)' [VERI-1018]

INFO     : /home/olle/efinity_p2/BRAM/work_dbg/debug_top.v(5667): compiling module 'compare_unit(WIDTH=11'b01,PIPE=1)' [VERI-1018]

INFO     : /home/olle/efinity_p2/BRAM/work_dbg/debug_top.v(5667): compiling module 'compare_unit(WIDTH=11'b011,PIPE=1)' [VERI-1018]

INFO     : /home/olle/efinity_p2/BRAM/work_dbg/debug_top.v(5667): compiling module 'compare_unit(WIDTH=11'b0100,PIPE=1)' [VERI-1018]

INFO     : /home/olle/efinity_p2/BRAM/work_dbg/debug_top.v(5667): compiling module 'compare_unit(WIDTH=11'b0110,PIPE=1)' [VERI-1018]

INFO     : /home/olle/efinity_p2/BRAM/work_dbg/debug_top.v(5872): compiling module 'trigger_unit(WIDTH=32'b0100010,PIPE=1)' [VERI-1018]
INFO     : /home/olle/efinity_p2/BRAM/work_dbg/debug_top.v(5872): compiling module 'trigger_unit(WIDTH=32'b0100010,PIPE=1,TRIGGER_IF_MASK_ZERO=1)' [VERI-1018]
WARNING  : /home/olle/efinity_p2/BRAM/work_dbg/debug_top.v(4558): actual bit length 32 differs from formal bit length 1 for port 'trigger_in' [VERI-1330]
INFO     : /home/olle/efinity_p2/BRAM/work_dbg/debug_top.v(5997): compiling module 'trigger_skipper' [VERI-1018]
INFO     : /home/olle/efinity_p2/BRAM/work_dbg/debug_top.v(5013): compiling module 'la_biu(CAPTURE_WIDTH=32'b01011111,CAPTURE_CONTROL=1)' [VERI-1018]

INFO     : /home/olle/efinity_p2/BRAM/work_dbg/debug_top.v(4755): compiling module 'fifo_with_read(DATA_WIDTH=32'b01100000)' [VERI-1018]
INFO     : /home/olle/efinity_p2/BRAM/work_dbg/debug_top.v(4705): compiling module 'fifo_address_trancode_unit' [VERI-1018]
INFO     : /home/olle/efinity_p2/BRAM/work_dbg/debug_top.v(576): compiling module 'edb_simple_dual_port_ram(DATA_WIDTH=32'b01100000,ADDR_WIDTH=10,RAM_INIT_FILE="")' [VERI-1018]
INFO     : /home/olle/efinity_p2/BRAM/work_dbg/debug_top.v(591): extracting RAM for identifier 'ram' [VERI-2571]

INFO     : /home/olle/efinity_p2/BRAM/work_dbg/debug_top.v(666): compiling module 'edb_la_top(INPUT_PIPE_STAGES=1,CAPTURE_CONTROL=1,UUID=128'b10010001000110000100100011100010110011101100010001000111000111101001110011000000110001101101001001101111101011101111011110011000,PROBE0_TYPE=1)' [VERI-1018]

INFO     : /home/olle/efinity_p2/BRAM/work_dbg/debug_top.v(5872): compiling module 'trigger_unit(WIDTH=32'b01,PIPE=1)' [VERI-1018]
INFO     : /home/olle/efinity_p2/BRAM/work_dbg/debug_top.v(5872): compiling module 'trigger_unit(WIDTH=32'b01,PIPE=1,TRIGGER_IF_MASK_ZERO=1)' [VERI-1018]
WARNING  : /home/olle/efinity_p2/BRAM/work_dbg/debug_top.v(4558): actual bit length 32 differs from formal bit length 1 for port 'trigger_in' [VERI-1330]
INFO     : /home/olle/efinity_p2/BRAM/work_dbg/debug_top.v(5013): compiling module 'la_biu(CAPTURE_WIDTH=32'b01,CAPTURE_CONTROL=1)' [VERI-1018]
INFO     : /home/olle/efinity_p2/BRAM/work_dbg/debug_top.v(4755): compiling module 'fifo_with_read(DATA_WIDTH=32'b010)' [VERI-1018]

INFO     : /home/olle/efinity_p2/BRAM/work_dbg/debug_top.v(576): compiling module 'edb_simple_dual_port_ram(DATA_WIDTH=32'b010,ADDR_WIDTH=10,RAM_INIT_FILE="")' [VERI-1018]
INFO     : /home/olle/efinity_p2/BRAM/work_dbg/debug_top.v(591): extracting RAM for identifier 'ram' [VERI-2571]

INFO     : /home/olle/efinity_p2/BRAM/work_dbg/debug_top.v(433): compiling module 'debug_hub' [VERI-1018]
WARNING  : /home/olle/efinity_p2/BRAM/work_dbg/debug_top.v(190): input port 'probe34[0]' remains unconnected for this instance [VDB-1053]
WARNING  : /home/olle/efinity_p2/BRAM/work_dbg/debug_top.v(258): input port 'probe1[0]' remains unconnected for this instance [VDB-1053]
INFO     : Elaboration took 1.22267 seconds.
INFO     : 	Elaboration took 1.2 seconds (approximately) in total CPU time.
INFO     : Elaboration virtual memory usage: begin = 127.632 MB, end = 181.392 MB, delta = 53.76 MB
INFO     : Elaboration resident set memory usage: begin = 74.88 MB, end = 129.024 MB, delta = 54.144 MB
INFO     : 	Elaboration peak resident set memory usage = 435.96 MB
INFO     : ***** Ending Elaboration ... *****
INFO     : ... Setting Synthesis Option: mode=speed
INFO     : ***** Beginning Reading Mapping Library ... *****
INFO     : Analyzing Verilog file '/home/olle/efinix/efinity/2025.1/sim_models/maplib/efinix_maplib.v' [VERI-1482]

INFO     : /home/olle/efinix/efinity/2025.1/sim_models/maplib/efinix_maplib.v(8): compiling module 'EFX_ADD' [VERI-1018]
INFO     : /home/olle/efinix/efinity/2025.1/sim_models/maplib/efinix_maplib.v(21): compiling module 'EFX_FF' [VERI-1018]
INFO     : /home/olle/efinix/efinity/2025.1/sim_models/maplib/efinix_maplib.v(38): compiling module 'EFX_COMB4' [VERI-1018]
INFO     : /home/olle/efinix/efinity/2025.1/sim_models/maplib/efinix_maplib.v(48): compiling module 'EFX_GBUFCE' [VERI-1018]
INFO     : /home/olle/efinix/efinity/2025.1/sim_models/maplib/efinix_maplib.v(57): compiling module 'EFX_LUT4' [VERI-1018]
INFO     : /home/olle/efinix/efinity/2025.1/sim_models/maplib/efinix_maplib.v(65): compiling module 'EFX_MULT' [VERI-1018]
INFO     : /home/olle/efinix/efinity/2025.1/sim_models/maplib/efinix_maplib.v(100): compiling module 'EFX_DSP48' [VERI-1018]
INFO     : /home/olle/efinix/efinity/2025.1/sim_models/maplib/efinix_maplib.v(156): compiling module 'EFX_DSP24' [VERI-1018]
INFO     : /home/olle/efinix/efinity/2025.1/sim_models/maplib/efinix_maplib.v(209): compiling module 'EFX_DSP12' [VERI-1018]
INFO     : /home/olle/efinix/efinity/2025.1/sim_models/maplib/efinix_maplib.v(262): compiling module 'EFX_RAM_4K' [VERI-1018]
INFO     : /home/olle/efinix/efinity/2025.1/sim_models/maplib/efinix_maplib.v(322): compiling module 'EFX_RAM_5K' [VERI-1018]
INFO     : /home/olle/efinix/efinity/2025.1/sim_models/maplib/efinix_maplib.v(394): compiling module 'EFX_DPRAM_5K' [VERI-1018]
INFO     : /home/olle/efinix/efinity/2025.1/sim_models/maplib/efinix_maplib.v(499): compiling module 'RAMB5' [VERI-1018]
INFO     : /home/olle/efinix/efinity/2025.1/sim_models/maplib/efinix_maplib.v(561): compiling module 'EFX_RAM_10K' [VERI-1018]
INFO     : /home/olle/efinix/efinity/2025.1/sim_models/maplib/efinix_maplib.v(653): compiling module 'EFX_RAM10' [VERI-1018]
INFO     : /home/olle/efinix/efinity/2025.1/sim_models/maplib/efinix_maplib.v(754): compiling module 'EFX_DPRAM10' [VERI-1018]
INFO     : /home/olle/efinix/efinity/2025.1/sim_models/maplib/efinix_maplib.v(884): compiling module 'EFX_SRL8' [VERI-1018]
INFO     : Reading Mapping Library took 0.0143732 seconds.
INFO     : 	Reading Mapping Library took 0.01 seconds (approximately) in total CPU time.
INFO     : Reading Mapping Library virtual memory usage: begin = 181.392 MB, end = 181.392 MB, delta = 0 MB
INFO     : Reading Mapping Library resident set memory usage: begin = 129.536 MB, end = 129.536 MB, delta = 0 MB
INFO     : 	Reading Mapping Library peak resident set memory usage = 435.96 MB
INFO     : ***** Ending Reading Mapping Library ... *****
INFO     : ... Pre-synthesis checks begin

WARNING  : Removing redundant signal : compared_in[0]. (/home/olle/efinity_p2/BRAM/work_dbg/debug_top.v:5673) [EFX-0200]
WARNING  : Removing redundant signal : mask_in[0]. (/home/olle/efinity_p2/BRAM/work_dbg/debug_top.v:5674) [EFX-0200]
WARNING  : Removing redundant signal : trigger_in. (/home/olle/efinity_p2/BRAM/work_dbg/debug_top.v:5884) [EFX-0200]
WARNING  : Removing redundant signal : trigger_in. (/home/olle/efinity_p2/BRAM/work_dbg/debug_top.v:5884) [EFX-0200]
INFO     : ... Memory 'ram' is not initialized, assuming empty initial contents. (/home/olle/efinity_p2/BRAM/work_dbg/debug_top.v:591) [EFX-0677]
WARNING  : Removing redundant signal : din[95]. (/home/olle/efinity_p2/BRAM/work_dbg/debug_top.v:4768) [EFX-0200]
WARNING  : Removing redundant signal : shift_i. (/home/olle/efinity_p2/BRAM/work_dbg/debug_top.v:5033) [EFX-0200]
WARNING  : Removing redundant signal : trig_out. (/home/olle/efinity_p2/BRAM/work_dbg/debug_top.v:5050) [EFX-0200]
WARNING  : Removing redundant signal : trig_out_ack. (/home/olle/efinity_p2/BRAM/work_dbg/debug_top.v:5051) [EFX-0200]
INFO     : Module Instance 'genblk2.global_capture_inst' input pin 'trigger_in' is tied to constant (=0). [EFX-0266]
WARNING  : Removing redundant signal : bscan_DRCK. (/home/olle/efinity_p2/BRAM/work_dbg/debug_top.v:1199) [EFX-0200]
WARNING  : Removing redundant signal : bscan_RESET. (/home/olle/efinity_p2/BRAM/work_dbg/debug_top.v:1200) [EFX-0200]
WARNING  : Removing redundant signal : bscan_RUNTEST. (/home/olle/efinity_p2/BRAM/work_dbg/debug_top.v:1201) [EFX-0200]
WARNING  : Removing redundant signal : bscan_SEL. (/home/olle/efinity_p2/BRAM/work_dbg/debug_top.v:1202) [EFX-0200]
WARNING  : Removing redundant signal : bscan_TMS. (/home/olle/efinity_p2/BRAM/work_dbg/debug_top.v:1206) [EFX-0200]
WARNING  : Removing redundant signal : trig_in_ack. (/home/olle/efinity_p2/BRAM/work_dbg/debug_top.v:1218) [EFX-0200]

WARNING  : Removing redundant signal : trigger_in. (/home/olle/efinity_p2/BRAM/work_dbg/debug_top.v:5884) [EFX-0200]
WARNING  : Removing redundant signal : trigger_in. (/home/olle/efinity_p2/BRAM/work_dbg/debug_top.v:5884) [EFX-0200]
INFO     : ... Memory 'ram' is not initialized, assuming empty initial contents. (/home/olle/efinity_p2/BRAM/work_dbg/debug_top.v:591) [EFX-0677]
WARNING  : Removing redundant signal : din[1]. (/home/olle/efinity_p2/BRAM/work_dbg/debug_top.v:4768) [EFX-0200]
WARNING  : Removing redundant signal : shift_i. (/home/olle/efinity_p2/BRAM/work_dbg/debug_top.v:5033) [EFX-0200]
WARNING  : Removing redundant signal : trig_out. (/home/olle/efinity_p2/BRAM/work_dbg/debug_top.v:5050) [EFX-0200]
WARNING  : Removing redundant signal : trig_out_ack. (/home/olle/efinity_p2/BRAM/work_dbg/debug_top.v:5051) [EFX-0200]
WARNING  : (The above message was generated too many times, subsequent similar messages will be muted.) [EFX-0200]
INFO     : Module Instance 'genblk2.global_capture_inst' input pin 'trigger_in' is tied to constant (=0). [EFX-0266]
INFO     : Module Instance 'la0' input pin 'trig_in' is tied to constant (=0). [EFX-0266]
INFO     : Module Instance 'la0' input pin 'trig_out_ack' is tied to constant (=0). [EFX-0266]
WARNING  : Re-wiring to GND non-driven net 'la0.probe34[0]'. (/home/olle/efinity_p2/BRAM/work_dbg/debug_top.v:190) [EFX-0201]
WARNING  : Re-wiring to GND non-driven net 'la0.probe35[0]'. (/home/olle/efinity_p2/BRAM/work_dbg/debug_top.v:190) [EFX-0201]
WARNING  : Re-wiring to GND non-driven net 'la0.probe36[0]'. (/home/olle/efinity_p2/BRAM/work_dbg/debug_top.v:190) [EFX-0201]
WARNING  : Re-wiring to GND non-driven net 'la0.probe37[0]'. (/home/olle/efinity_p2/BRAM/work_dbg/debug_top.v:190) [EFX-0201]
WARNING  : Re-wiring to GND non-driven net 'la0.probe38[0]'. (/home/olle/efinity_p2/BRAM/work_dbg/debug_top.v:190) [EFX-0201]
WARNING  : Re-wiring to GND non-driven net 'la0.probe39[0]'. (/home/olle/efinity_p2/BRAM/work_dbg/debug_top.v:190) [EFX-0201]
WARNING  : Re-wiring to GND non-driven net 'la0.probe40[0]'. (/home/olle/efinity_p2/BRAM/work_dbg/debug_top.v:190) [EFX-0201]
WARNING  : Re-wiring to GND non-driven net 'la0.probe41[0]'. (/home/olle/efinity_p2/BRAM/work_dbg/debug_top.v:190) [EFX-0201]
WARNING  : Re-wiring to GND non-driven net 'la0.probe42[0]'. (/home/olle/efinity_p2/BRAM/work_dbg/debug_top.v:190) [EFX-0201]
WARNING  : Re-wiring to GND non-driven net 'la0.probe43[0]'. (/home/olle/efinity_p2/BRAM/work_dbg/debug_top.v:190) [EFX-0201]
WARNING  : (The above message was generated too many times, subsequent similar messages will be muted.) [EFX-0201]
INFO     : Module Instance 'la1' input pin 'trig_in' is tied to constant (=0). [EFX-0266]
INFO     : Module Instance 'la1' input pin 'trig_out_ack' is tied to constant (=0). [EFX-0266]
INFO     : ... Pre-synthesis checks end (Real time : 0s CPU user time : 1s CPU sys time : 0s MEM : 435960KB)
INFO     : ... NameSpace init begin
INFO     : ... NameSpace init end (Real time : 0s CPU user time : 1s CPU sys time : 0s MEM : 435960KB)
INFO     : ... Mapping design "edb_top"
INFO     : ... Hierarchical pre-synthesis "edb_adbg_crc32" begin
INFO     : ... Hierarchical pre-synthesis "edb_adbg_crc32" end (Real time : 0s CPU user time : 1s CPU sys time : 0s MEM : 435960KB)
INFO     : ... Hierarchical pre-synthesis "compare_unit(WIDTH=11'b0101,PIPE=1)" begin
INFO     : ... Hierarchical pre-synthesis "compare_unit(WIDTH=11'b0101,PIPE=1)" end (Real time : 0s CPU user time : 1s CPU sys time : 0s MEM : 435960KB)
INFO     : ... Hierarchical pre-synthesis "compare_unit(WIDTH=11'b010000,PIPE=1)" begin
INFO     : ... Hierarchical pre-synthesis "compare_unit(WIDTH=11'b010000,PIPE=1)" end (Real time : 0s CPU user time : 1s CPU sys time : 0s MEM : 435960KB)
INFO     : ... Hierarchical pre-synthesis "compare_unit(WIDTH=11'b010,PIPE=1)" begin

INFO     : ... Hierarchical pre-synthesis "compare_unit(WIDTH=11'b010,PIPE=1)" end (Real time : 0s CPU user time : 1s CPU sys time : 0s MEM : 435960KB)
INFO     : ... Hierarchical pre-synthesis "compare_unit(WIDTH=11'b01,PIPE=1)" begin
INFO     : ... Hierarchical pre-synthesis "compare_unit(WIDTH=11'b01,PIPE=1)" end (Real time : 0s CPU user time : 1s CPU sys time : 0s MEM : 435960KB)
INFO     : ... Hierarchical pre-synthesis "compare_unit(WIDTH=11'b011,PIPE=1)" begin
INFO     : ... Hierarchical pre-synthesis "compare_unit(WIDTH=11'b011,PIPE=1)" end (Real time : 0s CPU user time : 1s CPU sys time : 0s MEM : 435960KB)
INFO     : ... Hierarchical pre-synthesis "compare_unit(WIDTH=11'b0100,PIPE=1)" begin
INFO     : ... Hierarchical pre-synthesis "compare_unit(WIDTH=11'b0100,PIPE=1)" end (Real time : 0s CPU user time : 1s CPU sys time : 0s MEM : 435960KB)
INFO     : ... Hierarchical pre-synthesis "compare_unit(WIDTH=11'b0110,PIPE=1)" begin
INFO     : ... Hierarchical pre-synthesis "compare_unit(WIDTH=11'b0110,PIPE=1)" end (Real time : 0s CPU user time : 1s CPU sys time : 0s MEM : 435960KB)
INFO     : ... Hierarchical pre-synthesis "trigger_unit(WIDTH=32'b0100010,PIPE=1)" begin
INFO     : ... Hierarchical pre-synthesis "trigger_unit(WIDTH=32'b0100010,PIPE=1)" end (Real time : 0s CPU user time : 1s CPU sys time : 0s MEM : 435960KB)
INFO     : ... Hierarchical pre-synthesis "trigger_unit(WIDTH=32'b0100010,PIPE=1,TRIGGER_IF_MASK_ZERO=1)" begin

INFO     : ... Hierarchical pre-synthesis "trigger_unit(WIDTH=32'b0100010,PIPE=1,TRIGGER_IF_MASK_ZERO=1)" end (Real time : 0s CPU user time : 1s CPU sys time : 0s MEM : 435960KB)
INFO     : ... Hierarchical pre-synthesis "trigger_skipper" begin

INFO     : ... Hierarchical pre-synthesis "trigger_skipper" end (Real time : 0s CPU user time : 2s CPU sys time : 0s MEM : 435960KB)
INFO     : ... Hierarchical pre-synthesis "fifo_address_trancode_unit" begin
INFO     : ... Hierarchical pre-synthesis "fifo_address_trancode_unit" end (Real time : 0s CPU user time : 2s CPU sys time : 0s MEM : 435960KB)
INFO     : ... Hierarchical pre-synthesis "edb_simple_dual_port_ram(DATA_WIDTH=32'b01100000,ADDR_WIDTH=10,RAM_INIT_FILE="")" begin

INFO     : ... Hierarchical pre-synthesis "edb_simple_dual_port_ram(DATA_WIDTH=32'b01100000,ADDR_WIDTH=10,RAM_INIT_FILE="")" end (Real time : 0s CPU user time : 2s CPU sys time : 0s MEM : 435960KB)
INFO     : ... Hierarchical pre-synthesis "fifo_with_read(DATA_WIDTH=32'b01100000)" begin

INFO     : ... Hierarchical pre-synthesis "fifo_with_read(DATA_WIDTH=32'b01100000)" end (Real time : 0s CPU user time : 2s CPU sys time : 0s MEM : 435960KB)
INFO     : ... Hierarchical pre-synthesis "la_biu(CAPTURE_WIDTH=32'b01011111,CAPTURE_CONTROL=1)" begin

INFO     : ... Hierarchical pre-synthesis "la_biu(CAPTURE_WIDTH=32'b01011111,CAPTURE_CONTROL=1)" end (Real time : 0s CPU user time : 2s CPU sys time : 0s MEM : 435960KB)
INFO     : ... Hierarchical pre-synthesis "edb_la_top_renamed_due_excessive_length_1" begin

INFO     : ... Hierarchical pre-synthesis "edb_la_top_renamed_due_excessive_length_1" end (Real time : 1s CPU user time : 3s CPU sys time : 0s MEM : 435960KB)
INFO     : ... Hierarchical pre-synthesis "trigger_unit(WIDTH=32'b01,PIPE=1)" begin
INFO     : ... Hierarchical pre-synthesis "trigger_unit(WIDTH=32'b01,PIPE=1)" end (Real time : 0s CPU user time : 3s CPU sys time : 0s MEM : 435960KB)
INFO     : ... Hierarchical pre-synthesis "trigger_unit(WIDTH=32'b01,PIPE=1,TRIGGER_IF_MASK_ZERO=1)" begin
INFO     : ... Hierarchical pre-synthesis "trigger_unit(WIDTH=32'b01,PIPE=1,TRIGGER_IF_MASK_ZERO=1)" end (Real time : 0s CPU user time : 3s CPU sys time : 0s MEM : 435960KB)
INFO     : ... Hierarchical pre-synthesis "edb_simple_dual_port_ram(DATA_WIDTH=32'b010,ADDR_WIDTH=10,RAM_INIT_FILE="")" begin
INFO     : ... Hierarchical pre-synthesis "edb_simple_dual_port_ram(DATA_WIDTH=32'b010,ADDR_WIDTH=10,RAM_INIT_FILE="")" end (Real time : 0s CPU user time : 3s CPU sys time : 0s MEM : 435960KB)
INFO     : ... Hierarchical pre-synthesis "fifo_with_read(DATA_WIDTH=32'b010)" begin

INFO     : ... Hierarchical pre-synthesis "fifo_with_read(DATA_WIDTH=32'b010)" end (Real time : 0s CPU user time : 3s CPU sys time : 0s MEM : 435960KB)
INFO     : ... Hierarchical pre-synthesis "la_biu(CAPTURE_WIDTH=32'b01,CAPTURE_CONTROL=1)" begin

INFO     : ... Hierarchical pre-synthesis "la_biu(CAPTURE_WIDTH=32'b01,CAPTURE_CONTROL=1)" end (Real time : 0s CPU user time : 3s CPU sys time : 0s MEM : 435960KB)
INFO     : ... Hierarchical pre-synthesis "edb_la_top(INPUT_PIPE_STAGES=1,CAPTURE_CONTROL=1,UUID=128'b10010001000110000100100011100010110011101100010001000111000111101001110011000000110001101101001001101111101011101111011110011000,PROBE0_TYPE=1)" begin

INFO     : ... Hierarchical pre-synthesis "edb_la_top(INPUT_PIPE_STAGES=1,CAPTURE_CONTROL=1,UUID=128'b10010001000110000100100011100010110011101100010001000111000111101001110011000000110001101101001001101111101011101111011110011000,PROBE0_TYPE=1)" end (Real time : 0s CPU user time : 3s CPU sys time : 0s MEM : 435960KB)
INFO     : ... Hierarchical pre-synthesis "debug_hub" begin

INFO     : ... Hierarchical pre-synthesis "debug_hub" end (Real time : 0s CPU user time : 3s CPU sys time : 0s MEM : 435960KB)
INFO     : ... Hierarchical pre-synthesis "edb_top" begin

INFO     : ... Clock Enable Synthesis Performed on 258 flops.

INFO     : ... Hierarchical pre-synthesis "edb_top" end (Real time : 1s CPU user time : 4s CPU sys time : 0s MEM : 435960KB)

INFO     : ... Flat optimizations begin

INFO     : ... Flat optimizations end (Real time : 0s CPU user time : 4s CPU sys time : 0s MEM : 435960KB)

INFO     : ... Flat synthesis begin

INFO     : ... Flat synthesis end (Real time : 0s CPU user time : 5s CPU sys time : 0s MEM : 435960KB)

INFO     : ... Flat optimizations begin

INFO     : ... Flat optimizations end (Real time : 0s CPU user time : 5s CPU sys time : 0s MEM : 435960KB)

INFO     : ... Check and break combinational loops begin

INFO     : ... Check and break combinational loops end (Real time : 0s CPU user time : 5s CPU sys time : 0s MEM : 435960KB)

INFO     : ... Sequential Optimization begin

INFO     : ... Clock Network 'bscan_TCK' with 1351 loads will be considered for sequential optimization.

INFO     : ... Clock Network 'la0_clk' with 1222 loads will be considered for sequential optimization.

INFO     : ... Clock Network 'la1_clk' with 176 loads will be considered for sequential optimization.

INFO     : ... Sequential Optimization deduced 484 equivalent points.

INFO     : ... Sequential Optimization end (Real time : 14s CPU user time : 19s CPU sys time : 0s MEM : 435960KB)

INFO     : ... Setup for logic synthesis begin

INFO     : ... Setup for logic synthesis end (Real time : 0s CPU user time : 19s CPU sys time : 0s MEM : 435960KB)
INFO     : ... LUT mapping begin

INFO     : ... LS, strategy: 3, nd: 3177, ed: 10025, lv: 8, pw: 5191.17
INFO     : ... LUT mapping end (Real time : 14s CPU user time : 35s CPU sys time : 0s MEM : 435960KB)
INFO     : ... Post-synthesis Verific netlist creation begin

INFO     : ... Post-synthesis Verific netlist creation end (Real time : 0s CPU user time : 36s CPU sys time : 0s MEM : 435960KB)

INFO     : ... Postmap Retiming Optimization begin

INFO     : ... Clock Network 'bscan_TCK~bscan_TCK' with 1351 loads will be considered for retiming optimization.

INFO     : ... Clock Network 'la0_clk~la0_clk' with 1222 loads will be considered for retiming optimization.

INFO     : ... Clock Network 'la1_clk~la1_clk' with 176 loads will be considered for retiming optimization.

INFO     : ... Performed 0 retime moves.
INFO     : ... Postmap Retiming Optimization end (Real time : 12s CPU user time : 48s CPU sys time : 0s MEM : 435960KB)

INFO     : ***** Beginning VDB Netlist Checker ... *****
WARNING  : /home/olle/efinity_p2/BRAM/work_dbg/debug_top.v(13): Input/inout port bscan_DRCK is unconnected and will be removed. [VDB-8003]
WARNING  : /home/olle/efinity_p2/BRAM/work_dbg/debug_top.v(15): Input/inout port bscan_RUNTEST is unconnected and will be removed. [VDB-8003]
WARNING  : /home/olle/efinity_p2/BRAM/work_dbg/debug_top.v(20): Input/inout port bscan_TMS is unconnected and will be removed. [VDB-8003]

WARNING  : Found 3 warnings in the post-synthesis netlist.
INFO     : VDB Netlist Checker took 0.018262 seconds.
INFO     : 	VDB Netlist Checker took 0.03 seconds (approximately) in total CPU time.
INFO     : VDB Netlist Checker virtual memory usage: begin = 318.456 MB, end = 318.456 MB, delta = 0 MB
INFO     : VDB Netlist Checker resident set memory usage: begin = 223.912 MB, end = 223.912 MB, delta = 0 MB
INFO     : 	VDB Netlist Checker peak resident set memory usage = 435.96 MB
INFO     : ***** Ending VDB Netlist Checker ... *****

INFO     : Resource Summary 
INFO     : =============================== 
INFO     : EFX_ADD         : 	304
INFO     : EFX_LUT4        : 	3147
INFO     : EFX_FF          : 	2731
INFO     : EFX_RAM_5K      : 	21
INFO     : EFX_GBUFCE      : 	3
INFO     : =============================== 

INFO     : The entire flow of EFX_MAP took 44.9134 seconds.
INFO     : 	The entire flow of EFX_MAP took 48.71 seconds (approximately) in total CPU time.
INFO     : The entire flow of EFX_MAP virtual memory usage: begin = 88.4 MB, end = 318.456 MB, delta = 230.056 MB
INFO     : The entire flow of EFX_MAP resident set memory usage: begin = 27.264 MB, end = 223.912 MB, delta = 196.648 MB
INFO     : 	The entire flow of EFX_MAP peak resident set memory usage = 435.96 MB

Sat August 16 25 09:27:14 - /home/olle/efinix/efinity/2025.1/bin/efx_map finished. Exit code = 0 Exit status : Normal

Debugger Step Compile Debugger Cores. Done

--------------------------------------------------------------

--------------------------------------------------------------

Start Debugger Step Merge User design with Debugger Cores.

Sat August 16 25 09:27:15 - /home/olle/efinix/efinity/2025.1/bin/efx_map  --family "Trion" --device "T20F169" --gen-mark-debug-json "0" --allow-const-ram-index "0" --blackbox-error "1" --blast_const_operand_adders "1" --bram_output_regs_packing "1" --bram-push-tco-outreg "0" --create-onehot-fsms "0" --fanout-limit "0" --hdl-compile-unit "1" --hdl-loop-limit "20000" --infer-clk-enable "3" --infer-sync-set-reset "1" --enable-mark-debug "1" --max_ram "-1" --max_mult "-1" --max-bit-blast-mem-size "10240" --min-sr-fanout "0" --min-ce-fanout "0" --mode "speed" --mult-auto-pipeline "0" --mult-decomp-retime "0" --operator-sharing "0" --optimize-adder-tree "0" --optimize-zero-init-rom "1" --peri-syn-instantiation "0" --peri-syn-inference "0" --ram-decomp-mode "0" --retiming "1" --seq_opt "1" --seq-opt-sync-only "0" --use-logic-for-small-mem "64" --use-logic-for-small-rom "64" --max_threads "-1" --mult_input_regs_packing "1" --mult_output_regs_packing "1" --I "/home/olle/efinity_p2/BRAM" --I "/home/olle/efinity_p2/BRAM/ip/BRAM_8192_bytes" --I "/home/olle/efinity_p2/BRAM/ip/micro_risc_v1" --root "top_level" --vdb "/home/olle/efinity_p2/BRAM/outflow/BRAM.elab.vdb" --vdb "/home/olle/efinity_p2/BRAM/work_dbg/debug_top.post.vdb" --write-efx-verilog "/home/olle/efinity_p2/BRAM/work_dbg/BRAM.dbg.map.v" --binary-db "/home/olle/efinity_p2/BRAM/work_dbg/BRAM.dbg.vdb" --merge_vdbs=1 --conn "/home/olle/efinity_p2/BRAM/debug_profile.wizard.json" --work-dir "/home/olle/efinity_p2/BRAM/work_dbg" --output-dir "/home/olle/efinity_p2/BRAM/outflow"

Sat August 16 25 09:27:15 - Running /home/olle/efinix/efinity/2025.1/bin/efx_map...

INFO     : Efinix FPGA Synthesis.
INFO     : Version: 2025.1.110.2.15
INFO     : Compiled: Jun 21 2025.
INFO     : 
INFO     : Copyright (C) 2013 - 2025 Efinix, Inc. All rights reserved.


INFO     : Analyzing Verilog file '/home/olle/efinix/efinity/2025.1/sim_models/maplib/efinix_peri_lib.v' [VERI-1482]
INFO     : /home/olle/efinix/efinity/2025.1/sim_models/maplib/efinix_peri_lib.v(8): compiling module 'EFX_IBUF' [VERI-1018]
INFO     : /home/olle/efinix/efinity/2025.1/sim_models/maplib/efinix_peri_lib.v(16): compiling module 'EFX_OBUF' [VERI-1018]
INFO     : /home/olle/efinix/efinity/2025.1/sim_models/maplib/efinix_peri_lib.v(23): compiling module 'EFX_IO_BUF' [VERI-1018]
INFO     : /home/olle/efinix/efinity/2025.1/sim_models/maplib/efinix_peri_lib.v(33): compiling module 'EFX_CLKOUT' [VERI-1018]
INFO     : /home/olle/efinix/efinity/2025.1/sim_models/maplib/efinix_peri_lib.v(41): compiling module 'EFX_IREG' [VERI-1018]
INFO     : /home/olle/efinix/efinity/2025.1/sim_models/maplib/efinix_peri_lib.v(51): compiling module 'EFX_OREG' [VERI-1018]
INFO     : /home/olle/efinix/efinity/2025.1/sim_models/maplib/efinix_peri_lib.v(60): compiling module 'EFX_IOREG' [VERI-1018]
INFO     : /home/olle/efinix/efinity/2025.1/sim_models/maplib/efinix_peri_lib.v(75): compiling module 'EFX_IDDIO' [VERI-1018]
INFO     : /home/olle/efinix/efinity/2025.1/sim_models/maplib/efinix_peri_lib.v(87): compiling module 'EFX_ODDIO' [VERI-1018]
INFO     : /home/olle/efinix/efinity/2025.1/sim_models/maplib/efinix_peri_lib.v(99): compiling module 'EFX_GPIO_V1' [VERI-1018]
INFO     : /home/olle/efinix/efinity/2025.1/sim_models/maplib/efinix_peri_lib.v(124): compiling module 'EFX_GPIO_V2' [VERI-1018]

INFO     : /home/olle/efinix/efinity/2025.1/sim_models/maplib/efinix_peri_lib.v(149): compiling module 'EFX_GPIO_V3' [VERI-1018]
INFO     : /home/olle/efinix/efinity/2025.1/sim_models/maplib/efinix_peri_lib.v(186): compiling module 'EFX_PLL_V1' [VERI-1018]
INFO     : /home/olle/efinix/efinity/2025.1/sim_models/maplib/efinix_peri_lib.v(205): compiling module 'EFX_PLL_V2' [VERI-1018]
INFO     : /home/olle/efinix/efinity/2025.1/sim_models/maplib/efinix_peri_lib.v(231): compiling module 'EFX_PLL_V3' [VERI-1018]
INFO     : /home/olle/efinix/efinity/2025.1/sim_models/maplib/efinix_peri_lib.v(279): compiling module 'EFX_OSC_V1' [VERI-1018]
INFO     : /home/olle/efinix/efinity/2025.1/sim_models/maplib/efinix_peri_lib.v(285): compiling module 'EFX_OSC_V3' [VERI-1018]
INFO     : /home/olle/efinix/efinity/2025.1/sim_models/maplib/efinix_peri_lib.v(294): compiling module 'EFX_FPLL_V1' [VERI-1018]
INFO     : /home/olle/efinix/efinity/2025.1/sim_models/maplib/efinix_peri_lib.v(348): compiling module 'EFX_JTAG_V1' [VERI-1018]
INFO     : /home/olle/efinix/efinity/2025.1/sim_models/maplib/efinix_peri_lib.v(357): compiling module 'EFX_JTAG_CTRL' [VERI-1018]
INFO     : /home/olle/efinix/efinity/2025.1/sim_models/maplib/efinix_peri_lib.v(364): compiling module 'EFX_LVDS_RX_V1' [VERI-1018]
INFO     : /home/olle/efinix/efinity/2025.1/sim_models/maplib/efinix_peri_lib.v(381): compiling module 'EFX_LVDS_TX_V1' [VERI-1018]
INFO     : /home/olle/efinix/efinity/2025.1/sim_models/maplib/efinix_peri_lib.v(399): compiling module 'EFX_LVDS_RX_V2' [VERI-1018]
INFO     : /home/olle/efinix/efinity/2025.1/sim_models/maplib/efinix_peri_lib.v(426): compiling module 'EFX_LVDS_TX_V2' [VERI-1018]
INFO     : /home/olle/efinix/efinity/2025.1/sim_models/maplib/efinix_peri_lib.v(446): compiling module 'EFX_LVDS_BIDIR_V2' [VERI-1018]

INFO     : ... Setting Synthesis Option: mode=speed
INFO     : ***** Beginning Reading Mapping Library ... *****
INFO     : Analyzing Verilog file '/home/olle/efinix/efinity/2025.1/sim_models/maplib/efinix_maplib.v' [VERI-1482]

INFO     : /home/olle/efinix/efinity/2025.1/sim_models/maplib/efinix_maplib.v(8): compiling module 'EFX_ADD' [VERI-1018]
INFO     : /home/olle/efinix/efinity/2025.1/sim_models/maplib/efinix_maplib.v(21): compiling module 'EFX_FF' [VERI-1018]
INFO     : /home/olle/efinix/efinity/2025.1/sim_models/maplib/efinix_maplib.v(38): compiling module 'EFX_COMB4' [VERI-1018]
INFO     : /home/olle/efinix/efinity/2025.1/sim_models/maplib/efinix_maplib.v(48): compiling module 'EFX_GBUFCE' [VERI-1018]
INFO     : /home/olle/efinix/efinity/2025.1/sim_models/maplib/efinix_maplib.v(57): compiling module 'EFX_LUT4' [VERI-1018]
INFO     : /home/olle/efinix/efinity/2025.1/sim_models/maplib/efinix_maplib.v(65): compiling module 'EFX_MULT' [VERI-1018]
INFO     : /home/olle/efinix/efinity/2025.1/sim_models/maplib/efinix_maplib.v(100): compiling module 'EFX_DSP48' [VERI-1018]
INFO     : /home/olle/efinix/efinity/2025.1/sim_models/maplib/efinix_maplib.v(156): compiling module 'EFX_DSP24' [VERI-1018]
INFO     : /home/olle/efinix/efinity/2025.1/sim_models/maplib/efinix_maplib.v(209): compiling module 'EFX_DSP12' [VERI-1018]
INFO     : /home/olle/efinix/efinity/2025.1/sim_models/maplib/efinix_maplib.v(262): compiling module 'EFX_RAM_4K' [VERI-1018]
INFO     : /home/olle/efinix/efinity/2025.1/sim_models/maplib/efinix_maplib.v(322): compiling module 'EFX_RAM_5K' [VERI-1018]
INFO     : /home/olle/efinix/efinity/2025.1/sim_models/maplib/efinix_maplib.v(394): compiling module 'EFX_DPRAM_5K' [VERI-1018]
INFO     : /home/olle/efinix/efinity/2025.1/sim_models/maplib/efinix_maplib.v(499): compiling module 'RAMB5' [VERI-1018]
INFO     : /home/olle/efinix/efinity/2025.1/sim_models/maplib/efinix_maplib.v(561): compiling module 'EFX_RAM_10K' [VERI-1018]
INFO     : /home/olle/efinix/efinity/2025.1/sim_models/maplib/efinix_maplib.v(653): compiling module 'EFX_RAM10' [VERI-1018]
INFO     : /home/olle/efinix/efinity/2025.1/sim_models/maplib/efinix_maplib.v(754): compiling module 'EFX_DPRAM10' [VERI-1018]
INFO     : /home/olle/efinix/efinity/2025.1/sim_models/maplib/efinix_maplib.v(884): compiling module 'EFX_SRL8' [VERI-1018]
INFO     : Reading Mapping Library took 0.0116113 seconds.
INFO     : 	Reading Mapping Library took 0.02 seconds (approximately) in total CPU time.
INFO     : Reading Mapping Library virtual memory usage: begin = 167.06 MB, end = 168.084 MB, delta = 1.024 MB
INFO     : Reading Mapping Library resident set memory usage: begin = 115.456 MB, end = 115.968 MB, delta = 0.512 MB
INFO     : 	Reading Mapping Library peak resident set memory usage = 435.96 MB
INFO     : ***** Ending Reading Mapping Library ... *****

INFO     : ... Pre-synthesis checks begin
WARNING  : The primary output port 'led2' wire 'led2' is not driven. [EFX-0256]
WARNING  : The primary output port 'CAM0_EN' wire 'CAM0_EN' is not driven. [EFX-0256]
WARNING  : The primary output port 'CAM1_EN' wire 'CAM1_EN' is not driven. [EFX-0256]
WARNING  : Removing redundant signal : io_cpu_prefetch_isValid. (/home/olle/efinity_p2/BRAM/ip/micro_risc_v1/micro_risc_v1.v:12221) [EFX-0200]
WARNING  : Removing redundant signal : io_cpu_prefetch_pc[31]. (/home/olle/efinity_p2/BRAM/ip/micro_risc_v1/micro_risc_v1.v:12223) [EFX-0200]
WARNING  : Removing redundant signal : io_cpu_prefetch_pc[30]. (/home/olle/efinity_p2/BRAM/ip/micro_risc_v1/micro_risc_v1.v:12223) [EFX-0200]
WARNING  : Removing redundant signal : io_cpu_prefetch_pc[29]. (/home/olle/efinity_p2/BRAM/ip/micro_risc_v1/micro_risc_v1.v:12223) [EFX-0200]
WARNING  : Removing redundant signal : io_cpu_prefetch_pc[28]. (/home/olle/efinity_p2/BRAM/ip/micro_risc_v1/micro_risc_v1.v:12223) [EFX-0200]
WARNING  : Removing redundant signal : io_cpu_prefetch_pc[27]. (/home/olle/efinity_p2/BRAM/ip/micro_risc_v1/micro_risc_v1.v:12223) [EFX-0200]
WARNING  : Removing redundant signal : io_cpu_prefetch_pc[26]. (/home/olle/efinity_p2/BRAM/ip/micro_risc_v1/micro_risc_v1.v:12223) [EFX-0200]
WARNING  : Removing redundant signal : io_cpu_prefetch_pc[25]. (/home/olle/efinity_p2/BRAM/ip/micro_risc_v1/micro_risc_v1.v:12223) [EFX-0200]
WARNING  : Removing redundant signal : io_cpu_prefetch_pc[24]. (/home/olle/efinity_p2/BRAM/ip/micro_risc_v1/micro_risc_v1.v:12223) [EFX-0200]
WARNING  : Removing redundant signal : io_cpu_prefetch_pc[23]. (/home/olle/efinity_p2/BRAM/ip/micro_risc_v1/micro_risc_v1.v:12223) [EFX-0200]
WARNING  : Removing redundant signal : io_cpu_prefetch_pc[22]. (/home/olle/efinity_p2/BRAM/ip/micro_risc_v1/micro_risc_v1.v:12223) [EFX-0200]
WARNING  : Removing redundant signal : io_cpu_prefetch_pc[21]. (/home/olle/efinity_p2/BRAM/ip/micro_risc_v1/micro_risc_v1.v:12223) [EFX-0200]
WARNING  : Removing redundant signal : io_cpu_prefetch_pc[20]. (/home/olle/efinity_p2/BRAM/ip/micro_risc_v1/micro_risc_v1.v:12223) [EFX-0200]
WARNING  : Removing redundant signal : io_cpu_prefetch_pc[19]. (/home/olle/efinity_p2/BRAM/ip/micro_risc_v1/micro_risc_v1.v:12223) [EFX-0200]
WARNING  : Removing redundant signal : io_cpu_prefetch_pc[18]. (/home/olle/efinity_p2/BRAM/ip/micro_risc_v1/micro_risc_v1.v:12223) [EFX-0200]
WARNING  : Removing redundant signal : io_cpu_prefetch_pc[17]. (/home/olle/efinity_p2/BRAM/ip/micro_risc_v1/micro_risc_v1.v:12223) [EFX-0200]
WARNING  : Removing redundant signal : io_cpu_prefetch_pc[16]. (/home/olle/efinity_p2/BRAM/ip/micro_risc_v1/micro_risc_v1.v:12223) [EFX-0200]
WARNING  : Removing redundant signal : io_cpu_prefetch_pc[15]. (/home/olle/efinity_p2/BRAM/ip/micro_risc_v1/micro_risc_v1.v:12223) [EFX-0200]
WARNING  : Removing redundant signal : io_cpu_prefetch_pc[14]. (/home/olle/efinity_p2/BRAM/ip/micro_risc_v1/micro_risc_v1.v:12223) [EFX-0200]
WARNING  : Removing redundant signal : io_cpu_prefetch_pc[13]. (/home/olle/efinity_p2/BRAM/ip/micro_risc_v1/micro_risc_v1.v:12223) [EFX-0200]
WARNING  : (The above message was generated too many times, subsequent similar messages will be muted.) [EFX-0200]
INFO     : ... Memory 'banks_0' is not initialized, assuming empty initial contents. (/home/olle/efinity_p2/BRAM/ip/micro_risc_v1/micro_risc_v1.v:12325) [EFX-0677]
INFO     : ... Memory 'ways_0_tags' is not initialized, assuming empty initial contents. (/home/olle/efinity_p2/BRAM/ip/micro_risc_v1/micro_risc_v1.v:12326) [EFX-0677]
INFO     : ... Memory 'ways_0_tags' is not initialized, assuming empty initial contents. (/home/olle/efinity_p2/BRAM/ip/micro_risc_v1/micro_risc_v1.v:11579) [EFX-0677]
INFO     : ... Memory 'ways_0_data_symbol0' is not initialized, assuming empty initial contents. (/home/olle/efinity_p2/BRAM/ip/micro_risc_v1/micro_risc_v1.v:11580) [EFX-0677]
INFO     : ... Memory 'ways_0_data_symbol1' is not initialized, assuming empty initial contents. (/home/olle/efinity_p2/BRAM/ip/micro_risc_v1/micro_risc_v1.v:11581) [EFX-0677]
INFO     : ... Memory 'ways_0_data_symbol2' is not initialized, assuming empty initial contents. (/home/olle/efinity_p2/BRAM/ip/micro_risc_v1/micro_risc_v1.v:11582) [EFX-0677]
INFO     : ... Memory 'ways_0_data_symbol3' is not initialized, assuming empty initial contents. (/home/olle/efinity_p2/BRAM/ip/micro_risc_v1/micro_risc_v1.v:11583) [EFX-0677]
WARNING  : Re-wiring to GND non-driven net 'IBusCachedPlugin_cache_io_cpu_fetch_isRemoved'. (/home/olle/efinity_p2/BRAM/ip/micro_risc_v1/micro_risc_v1.v:5832) [EFX-0201]
WARNING  : Re-wiring to GND non-driven net 'dataCache_1_io_cpu_writeBack_fence_SW'. (/home/olle/efinity_p2/BRAM/ip/micro_risc_v1/micro_risc_v1.v:5845) [EFX-0201]
WARNING  : Re-wiring to GND non-driven net 'dataCache_1_io_cpu_writeBack_fence_SR'. (/home/olle/efinity_p2/BRAM/ip/micro_risc_v1/micro_risc_v1.v:5846) [EFX-0201]
WARNING  : Re-wiring to GND non-driven net 'dataCache_1_io_cpu_writeBack_fence_SO'. (/home/olle/efinity_p2/BRAM/ip/micro_risc_v1/micro_risc_v1.v:5847) [EFX-0201]

WARNING  : Re-wiring to GND non-driven net 'dataCache_1_io_cpu_writeBack_fence_SI'. (/home/olle/efinity_p2/BRAM/ip/micro_risc_v1/micro_risc_v1.v:5848) [EFX-0201]
WARNING  : Re-wiring to GND non-driven net 'dataCache_1_io_cpu_writeBack_fence_PW'. (/home/olle/efinity_p2/BRAM/ip/micro_risc_v1/micro_risc_v1.v:5849) [EFX-0201]
WARNING  : Re-wiring to GND non-driven net 'dataCache_1_io_cpu_writeBack_fence_PR'. (/home/olle/efinity_p2/BRAM/ip/micro_risc_v1/micro_risc_v1.v:5850) [EFX-0201]
WARNING  : Re-wiring to GND non-driven net 'dataCache_1_io_cpu_writeBack_fence_PO'. (/home/olle/efinity_p2/BRAM/ip/micro_risc_v1/micro_risc_v1.v:5851) [EFX-0201]
WARNING  : Re-wiring to GND non-driven net 'dataCache_1_io_cpu_writeBack_fence_PI'. (/home/olle/efinity_p2/BRAM/ip/micro_risc_v1/micro_risc_v1.v:5852) [EFX-0201]
WARNING  : Re-wiring to GND non-driven net 'dataCache_1_io_cpu_writeBack_fence_FM[3]'. (/home/olle/efinity_p2/BRAM/ip/micro_risc_v1/micro_risc_v1.v:5853) [EFX-0201]
WARNING  : (The above message was generated too many times, subsequent similar messages will be muted.) [EFX-0201]
INFO     : ... Memory 'RegFilePlugin_regFile' is not initialized, assuming empty initial contents. (/home/olle/efinity_p2/BRAM/ip/micro_risc_v1/micro_risc_v1.v:6995) [EFX-0677]
INFO     : ... Memory 'logic_progbufX_mem' is not initialized, assuming empty initial contents. (/home/olle/efinity_p2/BRAM/ip/micro_risc_v1/micro_risc_v1.v:4949) [EFX-0677]
INFO     : Module Instance 'memory_arbiter' input pin 'io_inputs_0_payload_fragment_source[0]' is tied to constant (=0). [EFX-0266]
INFO     : Module Instance 'memory_arbiter' input pin 'io_inputs_1_payload_fragment_source[0]' is tied to constant (=0). [EFX-0266]
INFO     : Module Instance 'memory_arbiter' input pin 'io_inputs_1_payload_fragment_context[0]' is tied to constant (=0). [EFX-0266]
INFO     : Module Instance 'tx' input pin 'io_cts' is tied to constant (=0). [EFX-0266]
INFO     : ... Memory 'logic_ram' is not initialized, assuming empty initial contents. (/home/olle/efinity_p2/BRAM/ip/micro_risc_v1/micro_risc_v1.v:10857) [EFX-0677]
INFO     : Module Instance 'bridge_write_streamUnbuffered_queueWithOccupancy' input pin 'io_flush' is tied to constant (=0). [EFX-0266]
INFO     : Module Instance 'uartCtrl_1_io_read_queueWithOccupancy' input pin 'io_flush' is tied to constant (=0). [EFX-0266]
INFO     : Module Instance 'system_bridge_bmb_arbiter' input pin 'io_inputs_1_cmd_payload_fragment_data[0]' is tied to constant (=0). [EFX-0266]
INFO     : Module Instance 'system_bridge_bmb_arbiter' input pin 'io_inputs_1_cmd_payload_fragment_data[1]' is tied to constant (=0). [EFX-0266]
INFO     : Module Instance 'system_bridge_bmb_arbiter' input pin 'io_inputs_1_cmd_payload_fragment_data[2]' is tied to constant (=0). [EFX-0266]
INFO     : Module Instance 'system_bridge_bmb_arbiter' input pin 'io_inputs_1_cmd_payload_fragment_data[3]' is tied to constant (=0). [EFX-0266]
INFO     : Module Instance 'system_bridge_bmb_arbiter' input pin 'io_inputs_1_cmd_payload_fragment_data[4]' is tied to constant (=0). [EFX-0266]
INFO     : Module Instance 'system_bridge_bmb_arbiter' input pin 'io_inputs_1_cmd_payload_fragment_data[5]' is tied to constant (=0). [EFX-0266]
INFO     : Module Instance 'system_bridge_bmb_arbiter' input pin 'io_inputs_1_cmd_payload_fragment_data[6]' is tied to constant (=0). [EFX-0266]
INFO     : Module Instance 'system_bridge_bmb_arbiter' input pin 'io_inputs_1_cmd_payload_fragment_data[7]' is tied to constant (=0). [EFX-0266]
INFO     : Module Instance 'system_bridge_bmb_arbiter' input pin 'io_inputs_1_cmd_payload_fragment_data[8]' is tied to constant (=0). [EFX-0266]
INFO     : Module Instance 'system_bridge_bmb_arbiter' input pin 'io_inputs_1_cmd_payload_fragment_data[9]' is tied to constant (=0). [EFX-0266]
INFO     : Module Instance 'system_bridge_bmb_arbiter' input pin 'io_inputs_1_cmd_payload_fragment_data[10]' is tied to constant (=0). [EFX-0266]
INFO     : Module Instance 'system_bridge_bmb_arbiter' input pin 'io_inputs_1_cmd_payload_fragment_data[11]' is tied to constant (=0). [EFX-0266]
INFO     : Module Instance 'system_bridge_bmb_arbiter' input pin 'io_inputs_1_cmd_payload_fragment_data[12]' is tied to constant (=0). [EFX-0266]
INFO     : Module Instance 'system_bridge_bmb_arbiter' input pin 'io_inputs_1_cmd_payload_fragment_data[13]' is tied to constant (=0). [EFX-0266]
INFO     : Module Instance 'system_bridge_bmb_arbiter' input pin 'io_inputs_1_cmd_payload_fragment_data[14]' is tied to constant (=0). [EFX-0266]
INFO     : Module Instance 'system_bridge_bmb_arbiter' input pin 'io_inputs_1_cmd_payload_fragment_data[15]' is tied to constant (=0). [EFX-0266]
INFO     : Module Instance 'system_bridge_bmb_arbiter' input pin 'io_inputs_1_cmd_payload_fragment_data[16]' is tied to constant (=0). [EFX-0266]
INFO     : Module Instance 'system_bridge_bmb_arbiter' input pin 'io_inputs_1_cmd_payload_fragment_data[17]' is tied to constant (=0). [EFX-0266]
INFO     : Module Instance 'system_bridge_bmb_arbiter' input pin 'io_inputs_1_cmd_payload_fragment_data[18]' is tied to constant (=0). [EFX-0266]
INFO     : Module Instance 'system_bridge_bmb_arbiter' input pin 'io_inputs_1_cmd_payload_fragment_data[19]' is tied to constant (=0). [EFX-0266]
INFO     : Module Instance 'system_bridge_bmb_arbiter' input pin 'io_inputs_1_cmd_payload_fragment_data[20]' is tied to constant (=0). [EFX-0266]
INFO     : Module Instance 'system_bridge_bmb_arbiter' input pin 'io_inputs_1_cmd_payload_fragment_data[21]' is tied to constant (=0). [EFX-0266]
INFO     : Module Instance 'system_bridge_bmb_arbiter' input pin 'io_inputs_1_cmd_payload_fragment_data[22]' is tied to constant (=0). [EFX-0266]
INFO     : Module Instance 'system_bridge_bmb_arbiter' input pin 'io_inputs_1_cmd_payload_fragment_data[23]' is tied to constant (=0). [EFX-0266]
INFO     : Module Instance 'system_bridge_bmb_arbiter' input pin 'io_inputs_1_cmd_payload_fragment_data[24]' is tied to constant (=0). [EFX-0266]
INFO     : Module Instance 'system_bridge_bmb_arbiter' input pin 'io_inputs_1_cmd_payload_fragment_data[25]' is tied to constant (=0). [EFX-0266]
INFO     : Module Instance 'system_bridge_bmb_arbiter' input pin 'io_inputs_1_cmd_payload_fragment_data[26]' is tied to constant (=0). [EFX-0266]
INFO     : Module Instance 'system_bridge_bmb_arbiter' input pin 'io_inputs_1_cmd_payload_fragment_data[27]' is tied to constant (=0). [EFX-0266]
INFO     : Module Instance 'system_bridge_bmb_arbiter' input pin 'io_inputs_1_cmd_payload_fragment_data[28]' is tied to constant (=0). [EFX-0266]
INFO     : Module Instance 'system_bridge_bmb_arbiter' input pin 'io_inputs_1_cmd_payload_fragment_data[29]' is tied to constant (=0). [EFX-0266]
INFO     : Module Instance 'system_bridge_bmb_arbiter' input pin 'io_inputs_1_cmd_payload_fragment_data[30]' is tied to constant (=0). [EFX-0266]
INFO     : Module Instance 'system_bridge_bmb_arbiter' input pin 'io_inputs_1_cmd_payload_fragment_data[31]' is tied to constant (=0). [EFX-0266]
INFO     : Module Instance 'system_bridge_bmb_arbiter' input pin 'io_inputs_1_cmd_payload_fragment_mask[0]' is tied to constant (=0). [EFX-0266]
INFO     : Module Instance 'system_bridge_bmb_arbiter' input pin 'io_inputs_1_cmd_payload_fragment_mask[1]' is tied to constant (=0). [EFX-0266]
INFO     : Module Instance 'system_bridge_bmb_arbiter' input pin 'io_inputs_1_cmd_payload_fragment_mask[2]' is tied to constant (=0). [EFX-0266]
INFO     : Module Instance 'system_bridge_bmb_arbiter' input pin 'io_inputs_1_cmd_payload_fragment_mask[3]' is tied to constant (=0). [EFX-0266]

INFO     : Module Instance 'u_micro_risc_v1' input pin 'jtagCtrl_enable' is tied to constant (=1). [EFX-0266]
INFO     : ... Pre-synthesis checks end (Real time : 0s CPU user time : 0s CPU sys time : 0s MEM : 435960KB)
INFO     : ... NameSpace init begin
INFO     : ... NameSpace init end (Real time : 0s CPU user time : 0s CPU sys time : 0s MEM : 435960KB)
INFO     : ... Mapping design "top_level"
INFO     : ... Hierarchical pre-synthesis "InstructionCache_2fa2c88f3c1f4868ba7cd09620d007ba" begin

INFO     : ... Hierarchical pre-synthesis "InstructionCache_2fa2c88f3c1f4868ba7cd09620d007ba" end (Real time : 0s CPU user time : 0s CPU sys time : 0s MEM : 435960KB)
INFO     : ... Hierarchical pre-synthesis "DataCache_2fa2c88f3c1f4868ba7cd09620d007ba" begin

INFO     : ... Hierarchical pre-synthesis "DataCache_2fa2c88f3c1f4868ba7cd09620d007ba" end (Real time : 0s CPU user time : 0s CPU sys time : 0s MEM : 435960KB)
INFO     : ... Hierarchical pre-synthesis "BufferCC_2fa2c88f3c1f4868ba7cd09620d007ba" begin
INFO     : ... Hierarchical pre-synthesis "BufferCC_2fa2c88f3c1f4868ba7cd09620d007ba" end (Real time : 0s CPU user time : 0s CPU sys time : 0s MEM : 435960KB)
INFO     : ... Hierarchical pre-synthesis "EfxCPUSp1_2fa2c88f3c1f4868ba7cd09620d007ba" begin

INFO     : ... Hierarchical pre-synthesis "EfxCPUSp1_2fa2c88f3c1f4868ba7cd09620d007ba" end (Real time : 0s CPU user time : 0s CPU sys time : 0s MEM : 435960KB)
INFO     : ... Hierarchical pre-synthesis "VexRiscv_2fa2c88f3c1f4868ba7cd09620d007ba" begin

INFO     : ... Hierarchical pre-synthesis "VexRiscv_2fa2c88f3c1f4868ba7cd09620d007ba" end (Real time : 1s CPU user time : 1s CPU sys time : 0s MEM : 435960KB)
INFO     : ... Hierarchical pre-synthesis "DebugModule_2fa2c88f3c1f4868ba7cd09620d007ba" begin

INFO     : ... Hierarchical pre-synthesis "DebugModule_2fa2c88f3c1f4868ba7cd09620d007ba" end (Real time : 0s CPU user time : 1s CPU sys time : 0s MEM : 435960KB)
INFO     : ... Hierarchical pre-synthesis "BufferCC_5_2fa2c88f3c1f4868ba7cd09620d007ba" begin
INFO     : ... Hierarchical pre-synthesis "BufferCC_5_2fa2c88f3c1f4868ba7cd09620d007ba" end (Real time : 0s CPU user time : 1s CPU sys time : 0s MEM : 435960KB)
INFO     : ... Hierarchical pre-synthesis "BufferCC_6_2fa2c88f3c1f4868ba7cd09620d007ba" begin
INFO     : ... Hierarchical pre-synthesis "BufferCC_6_2fa2c88f3c1f4868ba7cd09620d007ba" end (Real time : 0s CPU user time : 1s CPU sys time : 0s MEM : 435960KB)
INFO     : ... Hierarchical pre-synthesis "BufferCC_8_2fa2c88f3c1f4868ba7cd09620d007ba" begin
INFO     : ... Hierarchical pre-synthesis "BufferCC_8_2fa2c88f3c1f4868ba7cd09620d007ba" end (Real time : 0s CPU user time : 1s CPU sys time : 0s MEM : 435960KB)
INFO     : ... Hierarchical pre-synthesis "BufferCC_1_2fa2c88f3c1f4868ba7cd09620d007ba" begin
INFO     : ... Hierarchical pre-synthesis "BufferCC_1_2fa2c88f3c1f4868ba7cd09620d007ba" end (Real time : 0s CPU user time : 1s CPU sys time : 0s MEM : 435960KB)
INFO     : ... Hierarchical pre-synthesis "FlowCCByToggle_2fa2c88f3c1f4868ba7cd09620d007ba" begin
INFO     : ... Hierarchical pre-synthesis "FlowCCByToggle_2fa2c88f3c1f4868ba7cd09620d007ba" end (Real time : 0s CPU user time : 1s CPU sys time : 0s MEM : 435960KB)
INFO     : ... Hierarchical pre-synthesis "BufferCC_2_2fa2c88f3c1f4868ba7cd09620d007ba" begin
INFO     : ... Hierarchical pre-synthesis "BufferCC_2_2fa2c88f3c1f4868ba7cd09620d007ba" end (Real time : 0s CPU user time : 1s CPU sys time : 0s MEM : 435960KB)
INFO     : ... Hierarchical pre-synthesis "BufferCC_3_2fa2c88f3c1f4868ba7cd09620d007ba" begin
INFO     : ... Hierarchical pre-synthesis "BufferCC_3_2fa2c88f3c1f4868ba7cd09620d007ba" end (Real time : 0s CPU user time : 1s CPU sys time : 0s MEM : 435960KB)
INFO     : ... Hierarchical pre-synthesis "FlowCCByToggle_1_2fa2c88f3c1f4868ba7cd09620d007ba" begin
INFO     : ... Hierarchical pre-synthesis "FlowCCByToggle_1_2fa2c88f3c1f4868ba7cd09620d007ba" end (Real time : 0s CPU user time : 1s CPU sys time : 0s MEM : 435960KB)
INFO     : ... Hierarchical pre-synthesis "DebugTransportModuleTunneled_2fa2c88f3c1f4868ba7cd09620d007ba" begin

INFO     : ... Hierarchical pre-synthesis "DebugTransportModuleTunneled_2fa2c88f3c1f4868ba7cd09620d007ba" end (Real time : 0s CPU user time : 1s CPU sys time : 0s MEM : 435960KB)
INFO     : ... Hierarchical pre-synthesis "BmbDecoder_2fa2c88f3c1f4868ba7cd09620d007ba" begin
INFO     : ... Hierarchical pre-synthesis "BmbDecoder_2fa2c88f3c1f4868ba7cd09620d007ba" end (Real time : 0s CPU user time : 1s CPU sys time : 0s MEM : 435960KB)
INFO     : ... Hierarchical pre-synthesis "StreamArbiter_2fa2c88f3c1f4868ba7cd09620d007ba" begin
INFO     : ... Hierarchical pre-synthesis "StreamArbiter_2fa2c88f3c1f4868ba7cd09620d007ba" end (Real time : 0s CPU user time : 1s CPU sys time : 0s MEM : 435960KB)
INFO     : ... Hierarchical pre-synthesis "BmbArbiter_2fa2c88f3c1f4868ba7cd09620d007ba" begin
INFO     : ... Hierarchical pre-synthesis "BmbArbiter_2fa2c88f3c1f4868ba7cd09620d007ba" end (Real time : 0s CPU user time : 1s CPU sys time : 0s MEM : 435960KB)
INFO     : ... Hierarchical pre-synthesis "BmbDecoder_1_2fa2c88f3c1f4868ba7cd09620d007ba" begin

INFO     : ... Hierarchical pre-synthesis "BmbDecoder_1_2fa2c88f3c1f4868ba7cd09620d007ba" end (Real time : 0s CPU user time : 1s CPU sys time : 0s MEM : 435960KB)
INFO     : ... Hierarchical pre-synthesis "BmbOnChipRam_2fa2c88f3c1f4868ba7cd09620d007ba" begin
INFO     : ... Hierarchical pre-synthesis "BmbOnChipRam_2fa2c88f3c1f4868ba7cd09620d007ba" end (Real time : 0s CPU user time : 1s CPU sys time : 0s MEM : 435960KB)
INFO     : ... Hierarchical pre-synthesis "BmbUnburstify_2fa2c88f3c1f4868ba7cd09620d007ba" begin
INFO     : ... Hierarchical pre-synthesis "BmbUnburstify_2fa2c88f3c1f4868ba7cd09620d007ba" end (Real time : 0s CPU user time : 1s CPU sys time : 0s MEM : 435960KB)
INFO     : ... Hierarchical pre-synthesis "BmbDecoder_2_2fa2c88f3c1f4868ba7cd09620d007ba" begin

INFO     : ... Hierarchical pre-synthesis "BmbDecoder_2_2fa2c88f3c1f4868ba7cd09620d007ba" end (Real time : 0s CPU user time : 1s CPU sys time : 0s MEM : 435960KB)
INFO     : ... Hierarchical pre-synthesis "BmbClint_2fa2c88f3c1f4868ba7cd09620d007ba" begin

INFO     : ... Hierarchical pre-synthesis "BmbClint_2fa2c88f3c1f4868ba7cd09620d007ba" end (Real time : 0s CPU user time : 1s CPU sys time : 0s MEM : 435960KB)
INFO     : ... Hierarchical pre-synthesis "UartCtrlTx_2fa2c88f3c1f4868ba7cd09620d007ba" begin

INFO     : ... Hierarchical pre-synthesis "UartCtrlTx_2fa2c88f3c1f4868ba7cd09620d007ba" end (Real time : 0s CPU user time : 1s CPU sys time : 0s MEM : 435960KB)
INFO     : ... Hierarchical pre-synthesis "BufferCC_4_2fa2c88f3c1f4868ba7cd09620d007ba" begin
INFO     : ... Hierarchical pre-synthesis "BufferCC_4_2fa2c88f3c1f4868ba7cd09620d007ba" end (Real time : 0s CPU user time : 1s CPU sys time : 0s MEM : 435960KB)
INFO     : ... Hierarchical pre-synthesis "UartCtrlRx_2fa2c88f3c1f4868ba7cd09620d007ba" begin

INFO     : ... Hierarchical pre-synthesis "UartCtrlRx_2fa2c88f3c1f4868ba7cd09620d007ba" end (Real time : 0s CPU user time : 1s CPU sys time : 0s MEM : 435960KB)
INFO     : ... Hierarchical pre-synthesis "UartCtrl_2fa2c88f3c1f4868ba7cd09620d007ba" begin

INFO     : ... Hierarchical pre-synthesis "UartCtrl_2fa2c88f3c1f4868ba7cd09620d007ba" end (Real time : 0s CPU user time : 1s CPU sys time : 0s MEM : 435960KB)
INFO     : ... Hierarchical pre-synthesis "StreamFifo_2fa2c88f3c1f4868ba7cd09620d007ba" begin
INFO     : ... Hierarchical pre-synthesis "StreamFifo_2fa2c88f3c1f4868ba7cd09620d007ba" end (Real time : 0s CPU user time : 1s CPU sys time : 0s MEM : 435960KB)
INFO     : ... Hierarchical pre-synthesis "BmbUartCtrl_2fa2c88f3c1f4868ba7cd09620d007ba" begin

INFO     : ... Hierarchical pre-synthesis "BmbUartCtrl_2fa2c88f3c1f4868ba7cd09620d007ba" end (Real time : 0s CPU user time : 1s CPU sys time : 0s MEM : 435960KB)
INFO     : ... Hierarchical pre-synthesis "BmbGpio2_2fa2c88f3c1f4868ba7cd09620d007ba" begin

INFO     : ... Hierarchical pre-synthesis "BmbGpio2_2fa2c88f3c1f4868ba7cd09620d007ba" end (Real time : 0s CPU user time : 1s CPU sys time : 0s MEM : 435960KB)
INFO     : ... Hierarchical pre-synthesis "EfxSapphireSoc_2fa2c88f3c1f4868ba7cd09620d007ba" begin

INFO     : ... Hierarchical pre-synthesis "EfxSapphireSoc_2fa2c88f3c1f4868ba7cd09620d007ba" end (Real time : 1s CPU user time : 2s CPU sys time : 0s MEM : 435960KB)
INFO     : ... Hierarchical pre-synthesis "micro_risc_v1" begin

INFO     : ... Hierarchical pre-synthesis "micro_risc_v1" end (Real time : 0s CPU user time : 2s CPU sys time : 0s MEM : 435960KB)
INFO     : ... Hierarchical pre-synthesis "mdio_clause22" begin

INFO     : ... Hierarchical pre-synthesis "mdio_clause22" end (Real time : 0s CPU user time : 2s CPU sys time : 0s MEM : 435960KB)
INFO     : ... Hierarchical pre-synthesis "eth_dp83825_udp" begin

INFO     : ... Hierarchical pre-synthesis "eth_dp83825_udp" end (Real time : 0s CPU user time : 2s CPU sys time : 0s MEM : 435960KB)
INFO     : ... Hierarchical pre-synthesis "edb_top" begin

INFO     : ... Hierarchical pre-synthesis "edb_top" end (Real time : 0s CPU user time : 3s CPU sys time : 0s MEM : 435960KB)
INFO     : ... Hierarchical pre-synthesis "top_level" begin

WARNING  : Mapping into logic memory block 'u_micro_risc_v1/u_EfxSapphireSoc/system_riscvJtag_debug_logic_dm/logic_progbufX_mem' (64 bits) (/home/olle/efinity_p2/BRAM/ip/micro_risc_v1/micro_risc_v1.v:4949) because size is too small (<=64) [EFX-0657]

INFO     : ... Clock Enable Synthesis Performed on 377 flops.

INFO     : ... Hierarchical pre-synthesis "top_level" end (Real time : 1s CPU user time : 4s CPU sys time : 0s MEM : 435960KB)

INFO     : ... Flat optimizations begin

INFO     : ... Flat optimizations end (Real time : 0s CPU user time : 4s CPU sys time : 0s MEM : 435960KB)

INFO     : ... Flat synthesis begin

INFO     : ... Flat synthesis end (Real time : 0s CPU user time : 5s CPU sys time : 0s MEM : 435960KB)

INFO     : ... Flat optimizations begin

INFO     : ... Flat optimizations end (Real time : 0s CPU user time : 5s CPU sys time : 0s MEM : 435960KB)

INFO     : ... Check and break combinational loops begin

INFO     : ... Check and break combinational loops end (Real time : 0s CPU user time : 5s CPU sys time : 0s MEM : 435960KB)

INFO     : ... Sequential Optimization begin

INFO     : ... Clock Network 'pll_clk' with 2488 loads will be considered for sequential optimization.

INFO     : ... Clock Network 'jtag_inst1_TCK' with 1337 loads will be considered for sequential optimization.

INFO     : ... Clock Network 'clk' with 1320 loads will be considered for sequential optimization.

INFO     : ... Clock Network 'jtag_dummy_TCK' with 221 loads will be considered for sequential optimization.

INFO     : ... Sequential Optimization deduced 697 equivalent points.

INFO     : ... Sequential Optimization end (Real time : 23s CPU user time : 28s CPU sys time : 0s MEM : 435960KB)

INFO     : ... Setup for logic synthesis begin

INFO     : ... Setup for logic synthesis end (Real time : 0s CPU user time : 29s CPU sys time : 0s MEM : 435960KB)
INFO     : ... LUT mapping begin

INFO     : ... LS, strategy: 3, nd: 3235, ed: 10465, lv: 7, pw: 9140.61
INFO     : ... LUT mapping end (Real time : 12s CPU user time : 43s CPU sys time : 0s MEM : 435960KB)
INFO     : ... Post-synthesis Verific netlist creation begin

INFO     : ... Post-synthesis Verific netlist creation end (Real time : 1s CPU user time : 43s CPU sys time : 0s MEM : 435960KB)

INFO     : ... Postmap Retiming Optimization begin

INFO     : ... Clock Network 'pll_clk~pll_clk' with 2474 loads will be considered for retiming optimization.

INFO     : ... Clock Network 'jtag_inst1_TCK~jtag_inst1_TCK' with 1337 loads will be considered for retiming optimization.

INFO     : ... Clock Network 'clk~clk' with 1154 loads will be considered for retiming optimization.

INFO     : ... Clock Network 'jtag_dummy_TCK~jtag_dummy_TCK' with 220 loads will be considered for retiming optimization.

INFO     : ... Performed 0 retime moves.

INFO     : ... Postmap Retiming Optimization end (Real time : 20s CPU user time : 63s CPU sys time : 0s MEM : 435960KB)

INFO     : ***** Beginning VDB Netlist Checker ... *****
WARNING  : /home/olle/efinity_p2/BRAM/top_level.vhd(29): Input/inout port jtag_dummy_TMS is unconnected and will be removed. [VDB-8003]
WARNING  : /home/olle/efinity_p2/BRAM/top_level.vhd(30): Input/inout port jtag_dummy_SEL is unconnected and will be removed. [VDB-8003]
WARNING  : /home/olle/efinity_p2/BRAM/top_level.vhd(31): Input/inout port jtag_dummy_DRCK is unconnected and will be removed. [VDB-8003]
WARNING  : /home/olle/efinity_p2/BRAM/top_level.vhd(33): Input/inout port jtag_dummy_RUNTEST is unconnected and will be removed. [VDB-8003]
WARNING  : /home/olle/efinity_p2/BRAM/top_level.vhd(38): Input/inout port led4 is unconnected and will be removed. [VDB-8003]
WARNING  : Input/inout port jtag_inst1_DRCK is unconnected and will be removed. [VDB-8003]
WARNING  : Input/inout port jtag_inst1_RUNTEST is unconnected and will be removed. [VDB-8003]
WARNING  : Input/inout port jtag_inst1_TMS is unconnected and will be removed. [VDB-8003]
WARNING  : Net u_micro_risc_v1/u_EfxSapphireSoc/system_cores_0_logic_cpu/IBusCachedPlugin_cache/lineLoader_address[0] is dangling. [VDB-8009]
WARNING  : Net u_micro_risc_v1/u_EfxSapphireSoc/system_cores_0_logic_cpu/IBusCachedPlugin_cache/lineLoader_address[1] is dangling. [VDB-8009]
WARNING  : Net u_micro_risc_v1/u_EfxSapphireSoc/system_cores_0_logic_cpu/IBusCachedPlugin_cache/lineLoader_address[2] is dangling. [VDB-8009]
WARNING  : Net u_micro_risc_v1/u_EfxSapphireSoc/system_cores_0_logic_cpu/IBusCachedPlugin_cache/lineLoader_address[3] is dangling. [VDB-8009]
WARNING  : Net u_micro_risc_v1/u_EfxSapphireSoc/system_cores_0_logic_cpu/IBusCachedPlugin_cache/lineLoader_address[4] is dangling. [VDB-8009]
WARNING  : Net u_micro_risc_v1/u_EfxSapphireSoc/system_cores_0_logic_cpu/IBusCachedPlugin_cache/lineLoader_address[5] is dangling. [VDB-8009]

WARNING  : Found 14 warnings in the post-synthesis netlist.
INFO     : VDB Netlist Checker took 0.0390081 seconds.
INFO     : 	VDB Netlist Checker took 0.06 seconds (approximately) in total CPU time.
INFO     : VDB Netlist Checker virtual memory usage: begin = 355.668 MB, end = 355.668 MB, delta = 0 MB
INFO     : VDB Netlist Checker resident set memory usage: begin = 246.016 MB, end = 246.144 MB, delta = 0.128 MB
INFO     : 	VDB Netlist Checker peak resident set memory usage = 435.96 MB
INFO     : ***** Ending VDB Netlist Checker ... *****

INFO     : Resource Summary 
INFO     : =============================== 
INFO     : EFX_ADD         : 	646
INFO     : EFX_LUT4        : 	6281
INFO     : EFX_FF          : 	5184
INFO     : EFX_RAM_5K      : 	61
INFO     : EFX_GBUFCE      : 	4
INFO     : =============================== 
INFO     : ... Post-Map Verilog Writer begin
INFO     : Writing netlist 'top_level' to Verilog file '/home/olle/efinity_p2/BRAM/work_dbg/BRAM.dbg.map.v' [VDB-1030]

INFO     : ... Post-Map Verilog Writer end (Real time : 1s CPU user time : 65s CPU sys time : 0s MEM : 435960KB)

INFO     : The entire flow of EFX_MAP took 61.2221 seconds.
INFO     : 	The entire flow of EFX_MAP took 65.12 seconds (approximately) in total CPU time.
INFO     : The entire flow of EFX_MAP virtual memory usage: begin = 88.404 MB, end = 355.668 MB, delta = 267.264 MB
INFO     : The entire flow of EFX_MAP resident set memory usage: begin = 27.264 MB, end = 246.144 MB, delta = 218.88 MB
INFO     : 	The entire flow of EFX_MAP peak resident set memory usage = 435.96 MB

Sat August 16 25 09:28:16 - /home/olle/efinix/efinity/2025.1/bin/efx_map finished. Exit code = 0 Exit status : Normal

Debugger Step Merge User design with Debugger Cores. Done

--------------------------------------------------------------

--------------------------------------------------------------

Start Debugger Step Instantiate Jtag.

Sat August 16 25 09:28:16 - /home/olle/efinix/efinity/2025.1/bin/python3  "/home/olle/efinix/efinity/2025.1/scripts/efx_pt_jtag_util.py" --device "T20F169" --project "BRAM" --design_file "/home/olle/efinity_p2/BRAM/BRAM.peri.xml" --action "add" --jtag_user "JTAG_USER1" --output "/home/olle/efinity_p2/BRAM/BRAM.dbg.peri.xml"

Sat August 16 25 09:28:16 - Running /home/olle/efinix/efinity/2025.1/bin/python3...

Save db version: 20251999


== Load a design from file /home/olle/efinity_p2/BRAM/BRAM.peri.xml
INFO: Load design...
INFO: Periphery design is in sync with Efinity project
INFO: Load design...done.

== Create JTAG with default setting and pin name

== Assign JTAG_USER1 resource to new jtag
INFO: Check design...
INFO: Check design...done.

== Save Design to file: /home/olle/efinity_p2/BRAM/BRAM.dbg.peri.xml
INFO: Save as design...
INFO: Save as design...done.

Sat August 16 25 09:28:18 - /home/olle/efinix/efinity/2025.1/bin/python3 finished. Exit code = 0 Exit status : Normal

Debugger Step Instantiate Jtag. Done

--------------------------------------------------------------

Debugger Step Instantiate Jtag. Done

Sat August 16 25 09:28:22 - End Debugger Flow



-------------------------------------------------------------------------

Placement and Routing

-------------------------------------------------------------------------

Sat August 16 25 09:28:22 - Placement and routing flow working directory is /home/olle/efinity_p2/BRAM/work_pnr


INFO     : --max_threads set to 4 

Sat August 16 25 09:28:23 - /home/olle/efinix/efinity/2025.1/bin/python3  "/home/olle/efinix/efinity/2025.1/scripts/efx_run_pt_unified.py"  "BRAM.dbg"  "Trion"  "T20F169"

Sat August 16 25 09:28:23 - Running /home/olle/efinix/efinity/2025.1/bin/python3...

Load design file BRAM.dbg.peri.xml
Writing out summary report file
Writing out pinout file
Writing out interface config file
Writing out timing related file
Writing out verilog template file
Writing out option register file
Writing out boundary scan description file
Writing out LPF

Sat August 16 25 09:28:27 - /home/olle/efinix/efinity/2025.1/bin/python3 finished. Exit code = 0 Exit status : Normal

Sat August 16 25 09:28:27 - /home/olle/efinix/efinity/2025.1/bin/efx_pnr --circuit "BRAM" --family "Trion" --device "T20F169" --operating_conditions "C3" --pack --place --route --vdb_file "/home/olle/efinity_p2/BRAM/outflow/BRAM.dbg.vdb" --use_vdb_file "on" --place_file "/home/olle/efinity_p2/BRAM/outflow/BRAM.place" --route_file "/home/olle/efinity_p2/BRAM/outflow/BRAM.route" --sdc_file "/home/olle/efinity_p2/BRAM/const1.sdc" --sync_file "/home/olle/efinity_p2/BRAM/outflow/BRAM.interface.csv" --seed "1" --placer_effort_level "2" --max_threads "-1" --print_critical_path "10" --work_dir "/home/olle/efinity_p2/BRAM/work_pnr" --output_dir "/home/olle/efinity_p2/BRAM/outflow" --timing_analysis "on" --load_delay_matrix

Sat August 16 25 09:28:27 - Running /home/olle/efinix/efinity/2025.1/bin/efx_pnr...

INFO     : --max_threads set to 4 


           

           Efinix FPGA Placement and Routing.

           Version: 2025.1.110.2.15 

           Compiled: Jun 21 2025.

           

           Copyright (C) 2013 - 2025 Efinix, Inc. All rights reserved.


           

           The Tool Is Based on VPR of University of Toronto,

           a free open source code under MIT license.

           

           

INFO     : Running Placement and Routing for Family "Trion", Device "T20F169" ...


           

           ***** Beginning stage netlist pre-processing ... *****

INFO     : Successfully Read in Verific binary Netlist dump file "/home/olle/efinity_p2/BRAM/outflow/BRAM.dbg.vdb".


INFO     : ***** Beginning VDB Netlist Checker ... *****


WARNING  : /home/olle/efinity_p2/BRAM/top_level.vhd(29): Input/inout port jtag_dummy_TMS is unconnected and will be removed. [VDB-8003]


WARNING  : /home/olle/efinity_p2/BRAM/top_level.vhd(30): Input/inout port jtag_dummy_SEL is unconnected and will be removed. [VDB-8003]


WARNING  : /home/olle/efinity_p2/BRAM/top_level.vhd(31): Input/inout port jtag_dummy_DRCK is unconnected and will be removed. [VDB-8003]


WARNING  : /home/olle/efinity_p2/BRAM/top_level.vhd(33): Input/inout port jtag_dummy_RUNTEST is unconnected and will be removed. [VDB-8003]


WARNING  : /home/olle/efinity_p2/BRAM/top_level.vhd(38): Input/inout port led4 is unconnected and will be removed. [VDB-8003]


WARNING  : Input/inout port jtag_inst1_DRCK is unconnected and will be removed. [VDB-8003]


WARNING  : Input/inout port jtag_inst1_RUNTEST is unconnected and will be removed. [VDB-8003]


WARNING  : Input/inout port jtag_inst1_TMS is unconnected and will be removed. [VDB-8003]


WARNING  : Net u_micro_risc_v1/u_EfxSapphireSoc/system_cores_0_logic_cpu/IBusCachedPlugin_cache/lineLoader_address[0] is dangling. [VDB-8009]


WARNING  : Net u_micro_risc_v1/u_EfxSapphireSoc/system_cores_0_logic_cpu/IBusCachedPlugin_cache/lineLoader_address[1] is dangling. [VDB-8009]


WARNING  : Net u_micro_risc_v1/u_EfxSapphireSoc/system_cores_0_logic_cpu/IBusCachedPlugin_cache/lineLoader_address[2] is dangling. [VDB-8009]


WARNING  : Net u_micro_risc_v1/u_EfxSapphireSoc/system_cores_0_logic_cpu/IBusCachedPlugin_cache/lineLoader_address[3] is dangling. [VDB-8009]


WARNING  : Net u_micro_risc_v1/u_EfxSapphireSoc/system_cores_0_logic_cpu/IBusCachedPlugin_cache/lineLoader_address[4] is dangling. [VDB-8009]


WARNING  : Net u_micro_risc_v1/u_EfxSapphireSoc/system_cores_0_logic_cpu/IBusCachedPlugin_cache/lineLoader_address[5] is dangling. [VDB-8009]


WARNING  : Found 14 warnings in the post-synthesis netlist.


INFO     : VDB Netlist Checker took 0.0306108 seconds.


INFO     : 	VDB Netlist Checker took 0.06 seconds (approximately) in total CPU time.


INFO     : VDB Netlist Checker virtual memory usage: begin = 228.656 MB, end = 245.068 MB, delta = 16.412 MB


INFO     : VDB Netlist Checker resident set memory usage: begin = 119.552 MB, end = 120.192 MB, delta = 0.64 MB


INFO     : 	VDB Netlist Checker peak resident set memory usage = 435.96 MB


INFO     : ***** Ending VDB Netlist Checker ... *****


INFO     : Reading core interface constraints file "/home/olle/efinity_p2/BRAM/outflow/BRAM.interface.csv"


INFO     : Successfully read core interface constraints file "/home/olle/efinity_p2/BRAM/outflow/BRAM.interface.csv"


INFO     : Found 0 constant generator nets.


INFO     : Pass 0: Swept away 6 nets with no fanout.


INFO     : logical_block #22(jtag_dummy_TMS) has no fanout.


INFO     : Removing input.


INFO     : logical_block #23(jtag_dummy_SEL) has no fanout.


INFO     : Removing input.


INFO     : logical_block #24(jtag_dummy_DRCK) has no fanout.


INFO     : Removing input.


INFO     : logical_block #26(jtag_dummy_RUNTEST) has no fanout.


INFO     : Removing input.


INFO     : logical_block #31(led4) has no fanout.


INFO     : Removing input.


INFO     : logical_block #35(jtag_inst1_DRCK) has no fanout.


INFO     : Removing input.


INFO     : logical_block #37(jtag_inst1_RUNTEST) has no fanout.


INFO     : Removing input.


INFO     : logical_block #42(jtag_inst1_TMS) has no fanout.


INFO     : Removing input.


WARNING  : logical_block u_micro_risc_v1/u_EfxSapphireSoc/system_cores_0_logic_cpu/IBusCachedPlugin_cache/lineLoader_address[0]~FF #263 has no fanout. Check synthesis flow


WARNING  : logical_block u_micro_risc_v1/u_EfxSapphireSoc/system_cores_0_logic_cpu/IBusCachedPlugin_cache/lineLoader_address[1]~FF #273 has no fanout. Check synthesis flow


WARNING  : logical_block u_micro_risc_v1/u_EfxSapphireSoc/system_cores_0_logic_cpu/IBusCachedPlugin_cache/lineLoader_address[2]~FF #274 has no fanout. Check synthesis flow


WARNING  : logical_block u_micro_risc_v1/u_EfxSapphireSoc/system_cores_0_logic_cpu/IBusCachedPlugin_cache/lineLoader_address[3]~FF #275 has no fanout. Check synthesis flow


WARNING  : logical_block u_micro_risc_v1/u_EfxSapphireSoc/system_cores_0_logic_cpu/IBusCachedPlugin_cache/lineLoader_address[4]~FF #276 has no fanout. Check synthesis flow


WARNING  : logical_block u_micro_risc_v1/u_EfxSapphireSoc/system_cores_0_logic_cpu/IBusCachedPlugin_cache/lineLoader_address[5]~FF #277 has no fanout. Check synthesis flow


INFO     : Pass 0: Swept away 8 blocks with no fanout.


INFO     : Pass 1: Swept away 0 nets with no fanout.


WARNING  : logical_block u_micro_risc_v1/u_EfxSapphireSoc/system_cores_0_logic_cpu/IBusCachedPlugin_cache/lineLoader_address[0]~FF #263 has no fanout. Check synthesis flow


WARNING  : logical_block u_micro_risc_v1/u_EfxSapphireSoc/system_cores_0_logic_cpu/IBusCachedPlugin_cache/lineLoader_address[1]~FF #273 has no fanout. Check synthesis flow


WARNING  : logical_block u_micro_risc_v1/u_EfxSapphireSoc/system_cores_0_logic_cpu/IBusCachedPlugin_cache/lineLoader_address[2]~FF #274 has no fanout. Check synthesis flow


WARNING  : logical_block u_micro_risc_v1/u_EfxSapphireSoc/system_cores_0_logic_cpu/IBusCachedPlugin_cache/lineLoader_address[3]~FF #275 has no fanout. Check synthesis flow


WARNING  : logical_block u_micro_risc_v1/u_EfxSapphireSoc/system_cores_0_logic_cpu/IBusCachedPlugin_cache/lineLoader_address[4]~FF #276 has no fanout. Check synthesis flow


WARNING  : logical_block u_micro_risc_v1/u_EfxSapphireSoc/system_cores_0_logic_cpu/IBusCachedPlugin_cache/lineLoader_address[5]~FF #277 has no fanout. Check synthesis flow


INFO     : Pass 1: Swept away 0 blocks with no fanout.


INFO     : Swept away 6 nets and 8 blocks in total.


INFO     : Removed 0 LUT buffers


INFO     : Sweept away 8 nodes


INFO     : Successfully created VPR logical netlist from Verific binary DataBase file "/home/olle/efinity_p2/BRAM/outflow/BRAM.dbg.vdb".


INFO     : Netlist pre-processing took 0.22186 seconds.


INFO     : 	Netlist pre-processing took 0.23 seconds (approximately) in total CPU time.


INFO     : Netlist pre-processing virtual memory usage: begin = 228.656 MB, end = 245.068 MB, delta = 16.412 MB


INFO     : Netlist pre-processing resident set memory usage: begin = 118.4 MB, end = 120.448 MB, delta = 2.048 MB


INFO     : 	Netlist pre-processing peak resident set memory usage = 435.96 MB


           ***** Ending stage netlist pre-processing *****

           

           ***** Beginning stage pre-packing ... *****

           ***** Ending stage pre-packing *****

           

           ***** Beginning stage packing ... *****

WARNING  : Packer found FF 'u_micro_risc_v1/u_EfxSapphireSoc/system_cores_0_logic_cpu/IBusCachedPlugin_cache/lineLoader_address[0]~FF' with no output net.


WARNING  : If possible, remove 'syn_preserve' attribute on FF output.


WARNING  : Packer found FF 'u_micro_risc_v1/u_EfxSapphireSoc/system_cores_0_logic_cpu/IBusCachedPlugin_cache/lineLoader_address[1]~FF' with no output net.


WARNING  : If possible, remove 'syn_preserve' attribute on FF output.


WARNING  : Packer found FF 'u_micro_risc_v1/u_EfxSapphireSoc/system_cores_0_logic_cpu/IBusCachedPlugin_cache/lineLoader_address[2]~FF' with no output net.


WARNING  : If possible, remove 'syn_preserve' attribute on FF output.


WARNING  : Packer found FF 'u_micro_risc_v1/u_EfxSapphireSoc/system_cores_0_logic_cpu/IBusCachedPlugin_cache/lineLoader_address[3]~FF' with no output net.


WARNING  : If possible, remove 'syn_preserve' attribute on FF output.


WARNING  : Packer found FF 'u_micro_risc_v1/u_EfxSapphireSoc/system_cores_0_logic_cpu/IBusCachedPlugin_cache/lineLoader_address[4]~FF' with no output net.


WARNING  : If possible, remove 'syn_preserve' attribute on FF output.


WARNING  : Packer found FF 'u_micro_risc_v1/u_EfxSapphireSoc/system_cores_0_logic_cpu/IBusCachedPlugin_cache/lineLoader_address[5]~FF' with no output net.


WARNING  : If possible, remove 'syn_preserve' attribute on FF output.


INFO     : Generate proto netlist for file "/home/olle/efinity_p2/BRAM/work_pnr/BRAM.net_proto" took 0.018793 seconds


INFO     : Creating IO constraints file '/home/olle/efinity_p2/BRAM/work_pnr/BRAM.io_place'


INFO     : Packing took 0.0676061 seconds.


INFO     : 	Packing took 0.06 seconds (approximately) in total CPU time.


INFO     : Packing virtual memory usage: begin = 245.068 MB, end = 245.068 MB, delta = 0 MB


INFO     : Packing resident set memory usage: begin = 121.216 MB, end = 121.728 MB, delta = 0.512 MB


INFO     : 	Packing peak resident set memory usage = 435.96 MB


           ***** Ending stage packing *****

           

INFO     : Read proto netlist file /home/olle/efinity_p2/BRAM/work_pnr/BRAM.net_proto


INFO     : Read proto netlist for file "/home/olle/efinity_p2/BRAM/work_pnr/BRAM.net_proto" took 0.015542 seconds


INFO     : Setup net and block data structure took 0.278137 seconds


WARNING  : Found 14 warnings in the post-synthesis netlist.


INFO     : Reading core interface constraints file "/home/olle/efinity_p2/BRAM/outflow/BRAM.interface.csv"


INFO     : Successfully read core interface constraints file "/home/olle/efinity_p2/BRAM/outflow/BRAM.interface.csv"


INFO     : logical_block u_micro_risc_v1/u_EfxSapphireSoc/system_cores_0_logic_cpu/IBusCachedPlugin_cache/lineLoader_address[0]~FF #263 has no fanout. Check synthesis flow


INFO     : logical_block u_micro_risc_v1/u_EfxSapphireSoc/system_cores_0_logic_cpu/IBusCachedPlugin_cache/lineLoader_address[1]~FF #273 has no fanout. Check synthesis flow


INFO     : logical_block u_micro_risc_v1/u_EfxSapphireSoc/system_cores_0_logic_cpu/IBusCachedPlugin_cache/lineLoader_address[2]~FF #274 has no fanout. Check synthesis flow


INFO     : logical_block u_micro_risc_v1/u_EfxSapphireSoc/system_cores_0_logic_cpu/IBusCachedPlugin_cache/lineLoader_address[3]~FF #275 has no fanout. Check synthesis flow


INFO     : logical_block u_micro_risc_v1/u_EfxSapphireSoc/system_cores_0_logic_cpu/IBusCachedPlugin_cache/lineLoader_address[4]~FF #276 has no fanout. Check synthesis flow


INFO     : logical_block u_micro_risc_v1/u_EfxSapphireSoc/system_cores_0_logic_cpu/IBusCachedPlugin_cache/lineLoader_address[5]~FF #277 has no fanout. Check synthesis flow


INFO     : logical_block u_micro_risc_v1/u_EfxSapphireSoc/system_cores_0_logic_cpu/IBusCachedPlugin_cache/lineLoader_address[0]~FF #263 has no fanout. Check synthesis flow


INFO     : logical_block u_micro_risc_v1/u_EfxSapphireSoc/system_cores_0_logic_cpu/IBusCachedPlugin_cache/lineLoader_address[1]~FF #273 has no fanout. Check synthesis flow


INFO     : logical_block u_micro_risc_v1/u_EfxSapphireSoc/system_cores_0_logic_cpu/IBusCachedPlugin_cache/lineLoader_address[2]~FF #274 has no fanout. Check synthesis flow


INFO     : logical_block u_micro_risc_v1/u_EfxSapphireSoc/system_cores_0_logic_cpu/IBusCachedPlugin_cache/lineLoader_address[3]~FF #275 has no fanout. Check synthesis flow


INFO     : logical_block u_micro_risc_v1/u_EfxSapphireSoc/system_cores_0_logic_cpu/IBusCachedPlugin_cache/lineLoader_address[4]~FF #276 has no fanout. Check synthesis flow


INFO     : logical_block u_micro_risc_v1/u_EfxSapphireSoc/system_cores_0_logic_cpu/IBusCachedPlugin_cache/lineLoader_address[5]~FF #277 has no fanout. Check synthesis flow


           ***** Beginning stage packed netlist loading ... *****

INFO     : Read proto netlist file /home/olle/efinity_p2/BRAM/work_pnr/BRAM.net_proto


INFO     : Read proto netlist for file "/home/olle/efinity_p2/BRAM/work_pnr/BRAM.net_proto" took 0.016901 seconds


INFO     : Setup net and block data structure took 0.266367 seconds


INFO     : Packed netlist loading took 0.28654 seconds.


INFO     : 	Packed netlist loading took 0.29 seconds (approximately) in total CPU time.


INFO     : Packed netlist loading virtual memory usage: begin = 274.372 MB, end = 274.372 MB, delta = 0 MB


INFO     : Packed netlist loading resident set memory usage: begin = 165.248 MB, end = 165.248 MB, delta = 0 MB


INFO     : 	Packed netlist loading peak resident set memory usage = 435.96 MB


           ***** Ending stage packed netlist loading *****

           

           ***** Beginning stage pre-placement ... *****

           

           ***** Ending stage pre-placement *****

           

INFO     : SDC file '/home/olle/efinity_p2/BRAM/const1.sdc' parsed successfully.


INFO     : 2 clocks (including virtual clocks), 0 inputs and 0 outputs were constrained.


           ***** Beginning stage initial placement ... *****

INFO     : Reading core interface constraints file "/home/olle/efinity_p2/BRAM/outflow/BRAM.interface.csv"


INFO     : Successfully read core interface constraints file "/home/olle/efinity_p2/BRAM/outflow/BRAM.interface.csv"


INFO     : Writing IO placement constraints to "/home/olle/efinity_p2/BRAM/outflow/BRAM.interface.io"


INFO     : Reading placement constraints from '/home/olle/efinity_p2/BRAM/outflow/BRAM.interface.io'.


INFO     : Reading placement constraints from '/home/olle/efinity_p2/BRAM/work_pnr/BRAM.io_place'.


WARNING  : phy_rst_n has no assigned placement; it will be placed randomly.


WARNING  : jtag_dummy_TDI has no assigned placement; it will be placed randomly.


WARNING  : jtag_dummy_TCK has no assigned placement; it will be placed randomly.


WARNING  : jtag_dummy_RESET has no assigned placement; it will be placed randomly.


WARNING  : jtag_dummy_CAPTURE has no assigned placement; it will be placed randomly.


WARNING  : jtag_dummy_SHIFT has no assigned placement; it will be placed randomly.


WARNING  : jtag_dummy_UPDATE has no assigned placement; it will be placed randomly.


WARNING  : jtag_dummy_TDO has no assigned placement; it will be placed randomly.


INFO     : 8 IOs will have random placement.


WARNING  : Clock source jtag_inst1_TCK does not use a dedicated clock pad, so extra clock insertion delay is added


WARNING  : Clock input pad, pll_clk, of net, pll_clk, drives both clock buffer and logic. Expect extra clock skew.


           ***** Ending stage initial placement *****

           

           ***** Beginning stage placement ... *****

INFO     : Found 81 synchronizers as follows: 


INFO     : 	Synchronizer 0: 


INFO     :  u_micro_risc_v1/u_EfxSapphireSoc/system_riscvJtag_hard_noTap_tunnel_io_bus_cmd_payload_address[6]~FF


INFO     : 	Synchronizer 1: 


INFO     :  u_micro_risc_v1/u_EfxSapphireSoc/system_riscvJtag_hard_noTap_tunnel_io_bus_cmd_payload_address[5]~FF


INFO     : 	Synchronizer 2: 


INFO     :  u_micro_risc_v1/u_EfxSapphireSoc/system_riscvJtag_hard_noTap_tunnel_io_bus_cmd_payload_address[4]~FF


INFO     : 	Synchronizer 3: 


INFO     :  u_micro_risc_v1/u_EfxSapphireSoc/system_riscvJtag_hard_noTap_tunnel_io_bus_cmd_payload_address[3]~FF


INFO     : 	Synchronizer 4: 


INFO     :  u_micro_risc_v1/u_EfxSapphireSoc/system_riscvJtag_hard_noTap_tunnel_io_bus_cmd_payload_address[2]~FF


INFO     : 	Synchronizer 5: 


INFO     :  u_micro_risc_v1/u_EfxSapphireSoc/system_riscvJtag_hard_noTap_tunnel_io_bus_cmd_payload_address[1]~FF


INFO     : 	Synchronizer 6: 


INFO     :  u_micro_risc_v1/u_EfxSapphireSoc/system_riscvJtag_hard_noTap_tunnel_io_bus_cmd_payload_data[31]~FF


INFO     : 	Synchronizer 7: 


INFO     :  u_micro_risc_v1/u_EfxSapphireSoc/system_riscvJtag_hard_noTap_tunnel_io_bus_cmd_payload_data[30]~FF


INFO     : 	Synchronizer 8: 


INFO     :  u_micro_risc_v1/u_EfxSapphireSoc/system_riscvJtag_hard_noTap_tunnel_io_bus_cmd_payload_data[26]~FF


INFO     : 	Synchronizer 9: 


INFO     :  u_micro_risc_v1/u_EfxSapphireSoc/system_riscvJtag_hard_noTap_tunnel_io_bus_cmd_payload_data[25]~FF


INFO     : 	Synchronizer 10: 


INFO     :  u_micro_risc_v1/u_EfxSapphireSoc/system_riscvJtag_hard_noTap_tunnel_io_bus_cmd_payload_data[24]~FF


INFO     : 	Synchronizer 11: 


INFO     :  u_micro_risc_v1/u_EfxSapphireSoc/system_riscvJtag_hard_noTap_tunnel_io_bus_cmd_payload_data[23]~FF


INFO     : 	Synchronizer 12: 


INFO     :  u_micro_risc_v1/u_EfxSapphireSoc/system_riscvJtag_hard_noTap_tunnel_io_bus_cmd_payload_data[22]~FF


INFO     : 	Synchronizer 13: 


INFO     :  u_micro_risc_v1/u_EfxSapphireSoc/system_riscvJtag_hard_noTap_tunnel_io_bus_cmd_payload_data[21]~FF


INFO     : 	Synchronizer 14: 


INFO     :  u_micro_risc_v1/u_EfxSapphireSoc/system_riscvJtag_hard_noTap_tunnel_io_bus_cmd_payload_data[20]~FF


INFO     : 	Synchronizer 15: 


INFO     :  u_micro_risc_v1/u_EfxSapphireSoc/system_riscvJtag_hard_noTap_tunnel_io_bus_cmd_payload_data[19]~FF


INFO     : 	Synchronizer 16: 


INFO     :  u_micro_risc_v1/u_EfxSapphireSoc/system_riscvJtag_hard_noTap_tunnel_io_bus_cmd_payload_data[18]~FF


INFO     : 	Synchronizer 17: 


INFO     :  u_micro_risc_v1/u_EfxSapphireSoc/system_riscvJtag_hard_noTap_tunnel_io_bus_cmd_payload_data[17]~FF


INFO     : 	Synchronizer 18: 


INFO     :  u_micro_risc_v1/u_EfxSapphireSoc/system_riscvJtag_hard_noTap_tunnel_io_bus_cmd_payload_data[16]~FF


INFO     : 	Synchronizer 19: 


INFO     :  u_micro_risc_v1/u_EfxSapphireSoc/system_riscvJtag_hard_noTap_tunnel_io_bus_cmd_payload_data[15]~FF


INFO     : 	Synchronizer 20: 


INFO     :  u_micro_risc_v1/u_EfxSapphireSoc/system_riscvJtag_hard_noTap_tunnel_io_bus_cmd_payload_data[14]~FF


INFO     : 	Synchronizer 21: 


INFO     :  u_micro_risc_v1/u_EfxSapphireSoc/system_riscvJtag_hard_noTap_tunnel_io_bus_cmd_payload_data[13]~FF


INFO     : 	Synchronizer 22: 


INFO     :  u_micro_risc_v1/u_EfxSapphireSoc/system_riscvJtag_hard_noTap_tunnel_io_bus_cmd_payload_data[12]~FF


INFO     : 	Synchronizer 23: 


INFO     :  u_micro_risc_v1/u_EfxSapphireSoc/system_riscvJtag_hard_noTap_tunnel/logic_systemLogic_bus_rsp_ccToggle_io_output_payload_data[3]~FF


INFO     : 	Synchronizer 24: 


INFO     :  u_micro_risc_v1/u_EfxSapphireSoc/system_riscvJtag_hard_noTap_tunnel/logic_systemLogic_bus_rsp_ccToggle_io_output_payload_data[2]~FF


INFO     : 	Synchronizer 25: 


INFO     :  u_micro_risc_v1/u_EfxSapphireSoc/system_riscvJtag_hard_noTap_tunnel/logic_systemLogic_bus_rsp_ccToggle_io_output_payload_data[1]~FF


INFO     : 	Synchronizer 26: 


INFO     :  u_micro_risc_v1/u_EfxSapphireSoc/system_riscvJtag_hard_noTap_tunnel/logic_systemLogic_bus_rsp_ccToggle_io_output_payload_data[0]~FF


INFO     : 	Synchronizer 27: 


INFO     :  u_micro_risc_v1/u_EfxSapphireSoc/system_riscvJtag_hard_noTap_tunnel/logic_systemLogic_bus_rsp_ccToggle/system_riscvJtag_hard_noTap_tunnel_toplevel_debugCd_logic_outputReset_asyncAssertSyncDeassert_buffercc/buffers_0~FF


INFO     :  u_micro_risc_v1/u_EfxSapphireSoc/system_riscvJtag_hard_noTap_tunnel/logic_systemLogic_bus_rsp_ccToggle/system_riscvJtag_hard_noTap_tunnel_toplevel_debugCd_logic_outputReset_asyncAssertSyncDeassert_buffercc_io_dataOut~FF


INFO     : 	Synchronizer 28: 


INFO     :  u_micro_risc_v1/u_EfxSapphireSoc/system_riscvJtag_hard_noTap_tunnel/logic_systemLogic_bus_rsp_ccToggle/inputArea_target_buffercc/buffers_0~FF


INFO     :  u_micro_risc_v1/u_EfxSapphireSoc/system_riscvJtag_hard_noTap_tunnel/logic_systemLogic_bus_rsp_ccToggle/inputArea_target_buffercc_io_dataOut~FF


INFO     : 	Synchronizer 29: 


INFO     :  u_micro_risc_v1/u_EfxSapphireSoc/system_riscvJtag_hard_noTap_tunnel/logic_systemLogic_bus_rsp_ccToggle_io_output_payload_data[20]~FF


INFO     : 	Synchronizer 30: 


INFO     :  u_micro_risc_v1/u_EfxSapphireSoc/system_riscvJtag_hard_noTap_tunnel_io_bus_cmd_payload_data[29]~FF


INFO     : 	Synchronizer 31: 


INFO     :  u_micro_risc_v1/u_EfxSapphireSoc/system_riscvJtag_hard_noTap_tunnel_io_bus_cmd_payload_address[0]~FF


INFO     : 	Synchronizer 32: 


INFO     :  u_micro_risc_v1/u_EfxSapphireSoc/system_riscvJtag_hard_noTap_tunnel/logic_systemLogic_bus_rsp_ccToggle_io_output_payload_data[4]~FF


INFO     : 	Synchronizer 33: 


INFO     :  u_micro_risc_v1/u_EfxSapphireSoc/system_riscvJtag_hard_noTap_tunnel/logic_systemLogic_bus_rsp_ccToggle_io_output_payload_data[5]~FF


INFO     : 	Synchronizer 34: 


INFO     :  u_micro_risc_v1/u_EfxSapphireSoc/system_riscvJtag_hard_noTap_tunnel/logic_systemLogic_bus_rsp_ccToggle_io_output_payload_data[6]~FF


INFO     : 	Synchronizer 35: 


INFO     :  u_micro_risc_v1/u_EfxSapphireSoc/system_riscvJtag_hard_noTap_tunnel/logic_systemLogic_bus_rsp_ccToggle_io_output_payload_data[7]~FF


INFO     : 	Synchronizer 36: 


INFO     :  u_micro_risc_v1/u_EfxSapphireSoc/system_riscvJtag_hard_noTap_tunnel/logic_systemLogic_bus_rsp_ccToggle_io_output_payload_data[9]~FF


INFO     : 	Synchronizer 37: 


INFO     :  u_micro_risc_v1/u_EfxSapphireSoc/system_riscvJtag_hard_noTap_tunnel/logic_systemLogic_bus_rsp_ccToggle_io_output_payload_data[10]~FF


INFO     : 	Synchronizer 38: 


INFO     :  u_micro_risc_v1/u_EfxSapphireSoc/system_riscvJtag_hard_noTap_tunnel/logic_systemLogic_bus_rsp_ccToggle_io_output_payload_data[8]~FF


INFO     : 	Synchronizer 39: 


INFO     :  u_micro_risc_v1/u_EfxSapphireSoc/system_riscvJtag_hard_noTap_tunnel_io_bus_cmd_payload_data[28]~FF


INFO     : 	Synchronizer 40: 


INFO     :  u_micro_risc_v1/u_EfxSapphireSoc/system_riscvJtag_hard_noTap_tunnel_io_bus_cmd_payload_data[0]~FF


INFO     : 	Synchronizer 41: 


INFO     :  u_micro_risc_v1/u_EfxSapphireSoc/debugCd_logic_outputReset_asyncAssertSyncDeassert_buffercc/buffers_0~FF


INFO     :  u_micro_risc_v1/u_EfxSapphireSoc/debugCd_logic_outputReset_asyncAssertSyncDeassert_buffercc_io_dataOut~FF


INFO     : 	Synchronizer 42: 


INFO     :  u_micro_risc_v1/u_EfxSapphireSoc/system_riscvJtag_hard_noTap_tunnel/logic_systemLogic_bus_rsp_ccToggle_io_output_payload_data[16]~FF


INFO     : 	Synchronizer 43: 


INFO     :  u_micro_risc_v1/u_EfxSapphireSoc/system_riscvJtag_hard_noTap_tunnel/logic_systemLogic_bus_rsp_ccToggle_io_output_payload_data[17]~FF


INFO     : 	Synchronizer 44: 


INFO     :  u_micro_risc_v1/u_EfxSapphireSoc/system_riscvJtag_hard_noTap_tunnel_io_bus_cmd_payload_data[27]~FF


INFO     : 	Synchronizer 45: 


INFO     :  u_micro_risc_v1/u_EfxSapphireSoc/system_riscvJtag_hard_noTap_tunnel_io_bus_cmd_payload_write~FF


INFO     : 	Synchronizer 46: 


INFO     :  u_micro_risc_v1/u_EfxSapphireSoc/system_riscvJtag_hard_noTap_tunnel/logic_systemLogic_bus_rsp_ccToggle_io_output_payload_data[11]~FF


INFO     : 	Synchronizer 47: 


INFO     :  u_micro_risc_v1/u_EfxSapphireSoc/system_riscvJtag_hard_noTap_tunnel/logic_systemLogic_bus_rsp_ccToggle_io_output_payload_data[12]~FF


INFO     : 	Synchronizer 48: 


INFO     :  u_micro_risc_v1/u_EfxSapphireSoc/system_riscvJtag_hard_noTap_tunnel/logic_systemLogic_bus_rsp_ccToggle_io_output_payload_data[13]~FF


INFO     : 	Synchronizer 49: 


INFO     :  u_micro_risc_v1/u_EfxSapphireSoc/system_uart_0_io_logic/uartCtrl_1/rx/io_rxd_buffercc/buffers_0~FF


INFO     :  u_micro_risc_v1/u_EfxSapphireSoc/system_uart_0_io_logic/uartCtrl_1/rx/io_rxd_buffercc_io_dataOut~FF


INFO     : 	Synchronizer 50: 


INFO     :  u_micro_risc_v1/u_EfxSapphireSoc/system_riscvJtag_hard_noTap_tunnel/logic_systemLogic_bus_rsp_ccToggle_io_output_payload_data[14]~FF


INFO     : 	Synchronizer 51: 


INFO     :  u_micro_risc_v1/u_EfxSapphireSoc/io_asyncReset_asyncAssertSyncDeassert_buffercc/buffers_0~FF


INFO     :  u_micro_risc_v1/u_EfxSapphireSoc/io_asyncReset_asyncAssertSyncDeassert_buffercc_io_dataOut~FF


INFO     : 	Synchronizer 52: 


INFO     :  u_micro_risc_v1/u_EfxSapphireSoc/system_riscvJtag_hard_noTap_tunnel/logic_systemLogic_bus_rsp_ccToggle_io_output_payload_data[15]~FF


INFO     : 	Synchronizer 53: 


INFO     :  u_micro_risc_v1/u_EfxSapphireSoc/system_coreStopTime_buffercc/buffers_0~FF


INFO     :  u_micro_risc_v1/u_EfxSapphireSoc/system_coreStopTime_buffercc_io_dataOut~FF


INFO     : 	Synchronizer 54: 


INFO     :  u_micro_risc_v1/u_EfxSapphireSoc/system_riscvJtag_hard_noTap_tunnel/logic_systemLogic_bus_rsp_ccToggle_io_output_payload_data[18]~FF


INFO     : 	Synchronizer 55: 


INFO     :  u_micro_risc_v1/u_EfxSapphireSoc/system_riscvJtag_debug_systemReset_asyncAssertSyncDeassert_buffercc/buffers_0~FF


INFO     :  u_micro_risc_v1/u_EfxSapphireSoc/system_riscvJtag_debug_systemReset_asyncAssertSyncDeassert_buffercc_io_dataOut~FF


INFO     : 	Synchronizer 56: 


INFO     :  u_micro_risc_v1/u_EfxSapphireSoc/system_cores_0_logic_cpu/systemCd_logic_outputReset_buffercc/buffers_0~FF


INFO     :  u_micro_risc_v1/u_EfxSapphireSoc/system_cores_0_logic_cpu_debugBus_unavailable~FF


INFO     : 	Synchronizer 57: 


INFO     :  u_micro_risc_v1/u_EfxSapphireSoc/system_riscvJtag_hard_noTap_tunnel/logic_systemLogic_bus_rsp_ccToggle_io_output_payload_data[19]~FF


INFO     : 	Synchronizer 58: 


INFO     :  u_micro_risc_v1/u_EfxSapphireSoc/system_riscvJtag_hard_noTap_tunnel_io_bus_cmd_payload_data[9]~FF


INFO     : 	Synchronizer 59: 


INFO     :  u_micro_risc_v1/u_EfxSapphireSoc/system_riscvJtag_hard_noTap_tunnel/logic_systemLogic_bus_rsp_ccToggle_io_output_payload_data[29]~FF


INFO     : 	Synchronizer 60: 


INFO     :  u_micro_risc_v1/u_EfxSapphireSoc/system_riscvJtag_hard_noTap_tunnel_io_bus_cmd_payload_data[10]~FF


INFO     : 	Synchronizer 61: 


INFO     :  u_micro_risc_v1/u_EfxSapphireSoc/system_riscvJtag_hard_noTap_tunnel/logic_systemLogic_bus_rsp_ccToggle_io_output_payload_data[30]~FF


INFO     : 	Synchronizer 62: 


INFO     :  u_micro_risc_v1/u_EfxSapphireSoc/system_riscvJtag_hard_noTap_tunnel/logic_systemLogic_bus_rsp_ccToggle_io_output_payload_data[21]~FF


INFO     : 	Synchronizer 63: 


INFO     :  u_micro_risc_v1/u_EfxSapphireSoc/system_riscvJtag_hard_noTap_tunnel_io_bus_cmd_payload_data[1]~FF


INFO     : 	Synchronizer 64: 


INFO     :  u_micro_risc_v1/u_EfxSapphireSoc/system_riscvJtag_hard_noTap_tunnel_io_bus_cmd_payload_data[11]~FF


INFO     : 	Synchronizer 65: 


INFO     :  u_micro_risc_v1/u_EfxSapphireSoc/system_riscvJtag_hard_noTap_tunnel/logic_systemLogic_bus_rsp_ccToggle_io_output_payload_data[31]~FF


INFO     : 	Synchronizer 66: 


INFO     :  u_micro_risc_v1/u_EfxSapphireSoc/system_riscvJtag_hard_noTap_tunnel/logic_systemLogic_bus_rsp_ccToggle_io_output_payload_data[22]~FF


INFO     : 	Synchronizer 67: 


INFO     :  u_micro_risc_v1/u_EfxSapphireSoc/system_riscvJtag_hard_noTap_tunnel_io_bus_cmd_payload_data[2]~FF


INFO     : 	Synchronizer 68: 


INFO     :  u_micro_risc_v1/u_EfxSapphireSoc/system_riscvJtag_hard_noTap_tunnel/logic_systemLogic_bus_rsp_ccToggle_io_output_payload_data[23]~FF


INFO     : 	Synchronizer 69: 


INFO     :  u_micro_risc_v1/u_EfxSapphireSoc/system_riscvJtag_hard_noTap_tunnel_io_bus_cmd_payload_data[3]~FF


INFO     : 	Synchronizer 70: 


INFO     :  u_micro_risc_v1/u_EfxSapphireSoc/system_riscvJtag_hard_noTap_tunnel/logic_systemLogic_bus_rsp_ccToggle_io_output_payload_data[24]~FF


INFO     : 	Synchronizer 71: 


INFO     :  u_micro_risc_v1/u_EfxSapphireSoc/system_riscvJtag_hard_noTap_tunnel_io_bus_cmd_payload_data[4]~FF


INFO     : 	Synchronizer 72: 


INFO     :  u_micro_risc_v1/u_EfxSapphireSoc/system_riscvJtag_hard_noTap_tunnel/logic_systemLogic_bus_rsp_ccToggle_io_output_payload_data[25]~FF


INFO     : 	Synchronizer 73: 


INFO     :  u_micro_risc_v1/u_EfxSapphireSoc/system_riscvJtag_hard_noTap_tunnel_io_bus_cmd_payload_data[5]~FF


INFO     : 	Synchronizer 74: 


INFO     :  u_micro_risc_v1/u_EfxSapphireSoc/system_riscvJtag_hard_noTap_tunnel/logic_jtagLogic_dmiCmd_ccToggle/inputArea_target_buffercc/buffers_0~FF


INFO     :  u_micro_risc_v1/u_EfxSapphireSoc/system_riscvJtag_hard_noTap_tunnel/logic_jtagLogic_dmiCmd_ccToggle/inputArea_target_buffercc_io_dataOut~FF


INFO     : 	Synchronizer 75: 


INFO     :  u_micro_risc_v1/u_EfxSapphireSoc/system_riscvJtag_hard_noTap_tunnel/logic_systemLogic_bus_rsp_ccToggle_io_output_payload_data[26]~FF


INFO     : 	Synchronizer 76: 


INFO     :  u_micro_risc_v1/u_EfxSapphireSoc/system_riscvJtag_hard_noTap_tunnel_io_bus_cmd_payload_data[6]~FF


INFO     : 	Synchronizer 77: 


INFO     :  u_micro_risc_v1/u_EfxSapphireSoc/system_riscvJtag_hard_noTap_tunnel/logic_systemLogic_bus_rsp_ccToggle_io_output_payload_data[27]~FF


INFO     : 	Synchronizer 78: 


INFO     :  u_micro_risc_v1/u_EfxSapphireSoc/system_riscvJtag_hard_noTap_tunnel_io_bus_cmd_payload_data[7]~FF


INFO     : 	Synchronizer 79: 


INFO     :  u_micro_risc_v1/u_EfxSapphireSoc/system_riscvJtag_hard_noTap_tunnel/logic_systemLogic_bus_rsp_ccToggle_io_output_payload_data[28]~FF


INFO     : 	Synchronizer 80: 


INFO     :  u_micro_risc_v1/u_EfxSapphireSoc/system_riscvJtag_hard_noTap_tunnel_io_bus_cmd_payload_data[8]~FF


INFO     : Starting Global Placer with 4 threads ...


            ----------     -------  --------------     -------

             Iteration       WHPWL Worst Slack (ps) Convergence

            ----------     -------  --------------     -------

INFO     :           1    19721330           -2959         1.9%


INFO     :           2    15651387           -3190         2.5%


INFO     :           3    14391578           -2916         2.7%


INFO     :           4    11288230           -2916         3.6%


INFO     :           5     5130310           -3190         4.6%


INFO     :           6     2462551           -3002         9.9%


INFO     :           7     1459907           -4360        19.9%


INFO     :           8      777134           -4834        34.4%


INFO     :           9      573480           -5592        46.0%


INFO     :          10      511974           -7141        57.3%


INFO     :          11      494360           -6787        60.0%


INFO     :          12      481693           -6720        60.6%


INFO     :          13      485140           -6616        63.7%


INFO     :          14      479030           -6740        63.7%


INFO     :          15      477295           -6163        65.8%


INFO     :          16      471289           -6531        65.8%


INFO     :          17      469679           -5976        65.8%


INFO     :          18      462637           -6109        68.0%


INFO     :          19      463538           -7521        69.0%


INFO     :          20      460295           -6551        69.0%


INFO     :          21      454988           -6411        69.0%


INFO     :          22      461707           -6080        70.9%


INFO     :          23      450247           -6619        70.9%


INFO     :          24      454187           -6627        73.6%


INFO     :          25      446457           -6972        73.6%


INFO     :          26      457092           -5938        75.7%


INFO     :          27      451000           -6289        75.7%


INFO     :          28      451906           -6705        77.0%


INFO     :          29      444365           -6962        77.0%


INFO     :          30      447784           -7532        78.6%


INFO     :          31      441215           -6140        78.6%


INFO     :          32      445737           -6593        79.4%


INFO     :          33      436696           -7033        79.4%


INFO     :          34      443023           -7200        80.3%


INFO     :          35      431318           -6878        80.3%


INFO     :          36      440884           -6978        81.4%


INFO     :          37      429485           -6950        81.4%


INFO     :          38      438455           -6842        82.2%


INFO     :          39      428608           -6811        82.2%


INFO     :          40      437622           -6803        82.9%


INFO     :          41      427094           -7290        82.9%


INFO     :          42      434398           -7358        83.6%


INFO     :          43      425829           -7027        83.6%


INFO     :          44      436963           -6846        83.6%


INFO     :          45      427058           -6858        83.6%


INFO     :          46      436751           -6875        83.8%


INFO     :          47      425303           -6864        83.8%


INFO     :          48      435250           -7400        84.6%


INFO     :          49      427062           -7424        84.6%


INFO     :          50      433187           -7088        84.9%


INFO     :          51      424916           -7211        84.9%


INFO     :          52      429886           -7416        85.9%


INFO     :          53      425513           -7227        85.9%


INFO     :          54      428834           -7188        85.9%


INFO     :          55      425202           -7352        85.9%


INFO     :          56      429925           -7380        86.2%


INFO     :          57      424457           -7400        86.2%


INFO     :          58      429123           -7497        87.1%


INFO     :          59      426844           -7670        87.1%


INFO     :          60      428615           -7674        87.5%


INFO     :          61      424895           -7251        87.5%


INFO     :          62      428278           -7257        88.0%


INFO     :          63      427475           -7336        88.0%


INFO     :          64      430423           -6978        88.4%


INFO     :          65      428143           -7152        88.4%


INFO     :          66      431257           -6561        89.2%


INFO     :          67      429563           -7199        89.2%


INFO     :          68      431454           -6870        89.7%


INFO     :          69      431069           -6732        89.7%


INFO     :          70      427143           -7134        89.9%


INFO     :          71      426616           -7611        89.9%


INFO     :          72      426411           -7639        90.8%


INFO     :          73      427960           -7543        90.8%


INFO     :          74      428568           -7252        91.3%


INFO     :          75      429854           -7332        91.3%


INFO     :          76      428392           -6911        92.5%


INFO     :          77      430101           -7150        92.7%


INFO     :          78      432134           -6988        93.4%


INFO     :          79      428577           -7710        93.4%


INFO     :          80      428452           -7792        94.8%


INFO     :          81      430720           -7939        94.9%


INFO     :          82      432287           -7671        94.9%


INFO     :          83      430486           -7363        95.2%


INFO     : Starting Annealer


            ----------     -------  --------------     -------

             Iteration       WHPWL  Delay Max (ps)     R Limit

            ----------     -------  --------------     -------

INFO     :           0      208314           17571        30.0


INFO     :           1      196972           12627        28.5


INFO     :           2      188159           13818        27.0


INFO     :           3      177564           12029        25.4


INFO     :           4      172426           15303        23.9


INFO     :           5      167269           11746        22.4


INFO     :           6      165787           11622        20.9


INFO     :           7      164125           15071        19.5


INFO     :           8      161735           11102        18.2


INFO     :           9      160728           10968        16.9


INFO     :          10      160190           10768        15.7


INFO     :          11      159690           14033        14.5


INFO     :          12      158745           10846        13.5


INFO     :          13      157128           10522        12.6


INFO     :          14      156011           14033        11.7


INFO     :          15      155564           13885        10.8


INFO     :          16      153465           13885        10.0


INFO     :          17      152210           13884         9.3


INFO     :          18      150619           13790         8.6


INFO     :          19      149429           10849         7.9


INFO     :          20      148276           13789         7.3


INFO     :          21      147208           13790         6.8


INFO     :          22      146405           10259         6.3


INFO     :          23      145554           10161         5.8


INFO     :          24      144716           10048         5.4


INFO     :          25      144056           13790         5.0


INFO     :          26      143380           13871         4.6


INFO     :          27      142573           13870         4.3


INFO     :          28      142027           13870         4.0


INFO     :          29      141351           13870         3.7


INFO     :          30      140793           10430         3.4


INFO     :          31      140304           13789         3.2


INFO     :          32      139917           13790         2.9


INFO     :          33      139553           13789         2.7


INFO     :          34      139017           10119         2.5


INFO     :          35      138498           13789         2.3


INFO     :          36      138138           13789         2.2


INFO     :          37      137476           13789         2.0


INFO     :          38      137324           13789         1.8


INFO     :          39      136912           13789         1.7


INFO     :          40      136623           13789         1.6


INFO     :          41      136513           13789         1.4


INFO     :          42      136404           10344         1.3


INFO     :          43      136153           10755         1.2


INFO     :          44      135530           10532         1.1


INFO     : Counted delay computer calls: 109217
Placement successful: 9750 cells are placed


INFO     : Peak congestion smeared over 1/4 of the chip is 0.441302 at 135,84


INFO     : Congestion-weighted HPWL per net: 30.5848


INFO     : Post-placement cluster-level checks is successful


INFO     : Checks is successful


INFO     : Reading placement constraints from '/home/olle/efinity_p2/BRAM/outflow/BRAM.qplace'.


INFO     : Finished Realigning Types (996 blocks needed type change)


INFO     : Completed placement consistency check successfully.




INFO     : Successfully created FPGA place file '/home/olle/efinity_p2/BRAM/outflow/BRAM.place'


INFO     : Placement took 20.4098 seconds.


INFO     : 	Placement took 52.91 seconds (approximately) in total CPU time.


INFO     : Placement virtual memory usage: begin = 274.372 MB, end = 417.62 MB, delta = 143.248 MB


INFO     : Placement resident set memory usage: begin = 165.632 MB, end = 226.348 MB, delta = 60.716 MB


INFO     : 	Placement peak resident set memory usage = 435.96 MB


           ***** Ending stage placement *****

           

           

           Efinix FPGA Placement and Routing.

           Version: 2025.1.110.2.15 

           Compiled: Jun 21 2025.

           

           Copyright (C) 2013 - 2025 Efinix, Inc. All rights reserved.


           

           The Tool Is Based on VPR of University of Toronto,

           a free open source code under MIT license.

           

           

INFO     : Running Placement and Routing for Family "Trion", Device "T20F169" ...


           

           ***** Beginning stage routing graph generation ... *****

INFO     : Read ipin pattern from /home/olle/efinix/efinity/2025.1/arch/./routing/ipin_oph.xml


INFO     : Finished parsing ipin pattern file '/home/olle/efinix/efinity/2025.1/arch/./routing/ipin_oph.xdb'.


INFO     : Finished parsing switch_block file '/home/olle/efinix/efinity/2025.1/arch/./routing/sb_connectivity_subset.xdb'.


INFO     : BuildGraph process took 3.17464 seconds.


INFO     : 	BuildGraph process took 3.01 seconds (approximately) in total CPU time.


INFO     : BuildGraph process virtual memory usage: begin = 417.62 MB, end = 583.22 MB, delta = 165.6 MB


INFO     : BuildGraph process resident set memory usage: begin = 227.116 MB, end = 487.284 MB, delta = 260.168 MB


INFO     : 	BuildGraph process peak resident set memory usage = 487.284 MB


INFO     : check rr_graph process took 0.112886 seconds.


INFO     : 	check rr_graph process took 0.11 seconds (approximately) in total CPU time.


INFO     : check rr_graph process virtual memory usage: begin = 620.02 MB, end = 620.02 MB, delta = 0 MB


INFO     : check rr_graph process resident set memory usage: begin = 525.3 MB, end = 525.3 MB, delta = 0 MB


INFO     : 	check rr_graph process peak resident set memory usage = 525.3 MB


INFO     : Generated 1177600 RR nodes and 4447645 RR edges


INFO     : This design has 0 global control net(s). See /home/olle/efinity_p2/BRAM/outflow/BRAM.route.rpt for details.


INFO     : Routing graph took 3.37349 seconds.


INFO     : 	Routing graph took 3.19 seconds (approximately) in total CPU time.


INFO     : Routing graph virtual memory usage: begin = 417.62 MB, end = 620.02 MB, delta = 202.4 MB


INFO     : Routing graph resident set memory usage: begin = 226.348 MB, end = 525.556 MB, delta = 299.208 MB


INFO     : 	Routing graph peak resident set memory usage = 525.556 MB


           ***** Ending stage routing graph generation *****

           

           ***** Beginning stage routing ... *****

INFO     : SDC file '/home/olle/efinity_p2/BRAM/const1.sdc' parsed successfully.


INFO     : 2 clocks (including virtual clocks), 0 inputs and 0 outputs were constrained.


INFO     :  ---------      -------     --------------      -------------


INFO     :  Iteration      Overuse     Crit Path (ns)      Calc Time (s)


INFO     :  ---------      -------     --------------      -------------


INFO     :          1        34768              10.57               3.76


INFO     :          2         6674              10.46               5.68


INFO     :          3         3237              10.41               5.52


INFO     :          4         1180              10.41               5.58


INFO     :          5          495              10.41               6.09


INFO     :          6          250              10.14               4.29


INFO     :          7          130              10.19               4.67


INFO     :          8           66              10.29               3.59


INFO     :          9           29              10.65               3.23


INFO     :         10           10              10.91                2.7


INFO     :         11            7              10.69              0.365


INFO     :         12            2              10.61              0.411


INFO     :         13            0              10.61              0.405


           

INFO     : Successfully routed netlist after 13 routing iterations and 108319891 heapops


INFO     : Completed net delay value cross check successfully.


           ***** Beginning stage routing check ... *****

           ***** Ending stage routing check *****

           

INFO     : Serial number (magic cookie) for the routing is: 1942891303


INFO     : Netlist fully routed.


INFO     : Successfully created FPGA route file '/home/olle/efinity_p2/BRAM/outflow/BRAM.route'


INFO     : Routing took 47.6405 seconds.


INFO     : 	Routing took 48.05 seconds (approximately) in total CPU time.


INFO     : Routing virtual memory usage: begin = 620.02 MB, end = 917.748 MB, delta = 297.728 MB


INFO     : Routing resident set memory usage: begin = 525.556 MB, end = 780.02 MB, delta = 254.464 MB


INFO     : 	Routing peak resident set memory usage = 780.02 MB


           ***** Ending stage routing *****

           

           ***** Beginning stage final timing analysis ... *****

INFO     : SDC file '/home/olle/efinity_p2/BRAM/const1.sdc' parsed successfully.


INFO     : 2 clocks (including virtual clocks), 0 inputs and 0 outputs were constrained.


Maximum possible analyzed clocks frequency
 Clock Name  Period (ns)  Frequency (MHz)     Edge
  clk           16.038        62.352         (R-R)
  pll_clk       10.767        92.876         (R-R)

Geomean max period: 13.141

Setup (Max) Clock Relationship
  Launch Clock    Capture Clock   Constraint (ns)     Slack (ns)          Edge
    clk              clk               30.000           13.962           (R-R)
    pll_clk          clk                1.000           -0.460           (R-R)
    pll_clk          pll_clk            7.000           -3.767           (R-R)

Hold (Min) Clock Relationship
  Launch Clock    Capture Clock   Constraint (ns)     Slack (ns)          Edge
    clk              clk               0.000            0.086            (R-R)
    pll_clk          clk               0.000            0.383            (R-R)
    pll_clk          pll_clk           0.000            0.086            (R-R)


WARNING  : Clock domain between pll_clk (rising) and clk (rising) may not meet (slack: -0.460 ns) the setup (max) timing requirement


WARNING  : Clock domain between pll_clk (rising) and pll_clk (rising) may not meet (slack: -3.767 ns) the setup (max) timing requirement


INFO     : Write Timing Report to "/home/olle/efinity_p2/BRAM/outflow/BRAM.timing.rpt" ...


INFO     : final timing analysis took 0.564621 seconds.


INFO     : 	final timing analysis took 0.58 seconds (approximately) in total CPU time.


INFO     : final timing analysis virtual memory usage: begin = 917.748 MB, end = 917.748 MB, delta = 0 MB


INFO     : final timing analysis resident set memory usage: begin = 780.02 MB, end = 780.404 MB, delta = 0.384 MB


INFO     : 	final timing analysis peak resident set memory usage = 780.404 MB


           ***** Ending stage final timing analysis *****

           

           ***** Beginning stage bitstream generation ... *****

INFO     : Reading core interface constraints file "/home/olle/efinity_p2/BRAM/outflow/BRAM.interface.csv"


INFO     : Successfully read core interface constraints file "/home/olle/efinity_p2/BRAM/outflow/BRAM.interface.csv"


INFO     : Finished writing bitstream file /home/olle/efinity_p2/BRAM/work_pnr/BRAM.lbf.


INFO     : Bitstream generation took 0.551866 seconds.


INFO     : 	Bitstream generation took 0.54 seconds (approximately) in total CPU time.


INFO     : Bitstream generation virtual memory usage: begin = 917.748 MB, end = 917.748 MB, delta = 0 MB


INFO     : Bitstream generation resident set memory usage: begin = 780.404 MB, end = 781.3 MB, delta = 0.896 MB


INFO     : 	Bitstream generation peak resident set memory usage = 781.3 MB


           ***** Ending stage bitstream generation *****

           

INFO     : The entire flow of EFX_PNR took 76.4744 seconds.


INFO     : 	The entire flow of EFX_PNR took 109.87 seconds (approximately) in total CPU time.


INFO     : The entire flow of EFX_PNR virtual memory usage: begin = 119.632 MB, end = 917.748 MB, delta = 798.116 MB


INFO     : The entire flow of EFX_PNR resident set memory usage: begin = 38.528 MB, end = 781.3 MB, delta = 742.772 MB


INFO     : 	The entire flow of EFX_PNR peak resident set memory usage = 781.3 MB


Sat August 16 25 09:29:44 - /home/olle/efinix/efinity/2025.1/bin/efx_pnr finished. Exit code = 0 Exit status : Normal





-------------------------------------------------------------------------

Generating bitstream

-------------------------------------------------------------------------

Sat August 16 25 09:29:44 - Bitstream generation flow working directory is /home/olle/efinity_p2/BRAM/work_pnr


INFO     : --max_threads set to 4 

Sat August 16 25 09:29:45 - /home/olle/efinix/efinity/2025.1/bin/efx_pgm --source "/home/olle/efinity_p2/BRAM/work_pnr/BRAM.lbf" --dest "/home/olle/efinity_p2/BRAM/outflow/BRAM.hex" --device "T20F169" --family "Trion" --periph "/home/olle/efinity_p2/BRAM/outflow/BRAM.lpf" --interface_designer_settings "/home/olle/efinity_p2/BRAM/outflow/BRAM_or.ini" --enable_external_master_clock "off" --oscillator_clock_divider "DIV8" --active_capture_clk_edge "posedge" --spi_low_power_mode "on" --io_weak_pullup "on" --enable_roms "smart" --mode "active" --width "1" --release_tri_then_reset "on"

Sat August 16 25 09:29:45 - Running /home/olle/efinix/efinity/2025.1/bin/efx_pgm...

INFO     : Efinix FPGA Bitstream Generator.


INFO     : Version: 2025.1.110.2.15 


INFO     : Copyright (C) 2013 - 2025 Efinix, Inc. All rights reserved.


INFO     : Compiled: May  7 2025.


INFO     : Using source file "/home/olle/efinity_p2/BRAM/work_pnr/BRAM.lbf"


INFO     : Generating HEX programming file for device "T20F169", family "Trion"


INFO     : Using periphery source file "/home/olle/efinity_p2/BRAM/outflow/BRAM.lpf"


INFO     : Generating bit file: "/home/olle/efinity_p2/BRAM/outflow/BRAM.bit"


INFO     : HEX Generation Options Summary:


INFO     : 	Listing options specified to bitstream generation:


INFO     : 	spi_low_power_mode                       = on


INFO     : 	oscillator_clock_divider                 = DIV8


INFO     : 	io_weak_pullup                           = on


INFO     : 	enable_remote_update                     = off


INFO     : 	release_tri_then_reset                   = on


INFO     : Finished generating "/home/olle/efinity_p2/BRAM/outflow/BRAM.hex"


INFO     : Efinix Bitstream Generator took 1.03627 seconds.


INFO     : 	Efinix Bitstream Generator took 0.98 seconds (approximately) in total CPU time.


INFO     : Efinix Bitstream Generator virtual memory usage: begin = 35.096 MB, end = 93.392 MB, delta = 58.296 MB


INFO     : Efinix Bitstream Generator resident set memory usage: begin = 15.104 MB, end = 75.648 MB, delta = 60.544 MB


INFO     : 	Efinix Bitstream Generator peak resident set memory usage = 435.96 MB


Sat August 16 25 09:29:46 - /home/olle/efinix/efinity/2025.1/bin/efx_pgm finished. Exit code = 0 Exit status : Normal

Running hex generation flow done.

Sat August 16 25 09:29:46 - Running automated flow starting from placement done. Total duration = 3m 17.473s

Sat August 16 25 09:30:09 - Running Efinity Debugger...

Sat August 16 25 09:31:04 - Efinity Debugger finished. Exit code = 0 Exit status : Normal

Sat August 16 25 09:31:06 - Running Efinity Debugger...

Sat August 16 25 09:33:42 - Floorplan closed VM : 722.224 MB RSS : 331.696 MB

Sat August 16 25 09:33:42 - Project close VM : 722.224 MB RSS : 228.968 MB


