Fri August 8 25 22:02:47 - Starting Efinity IP Manager RPC Service...

Fri August 8 25 22:02:49 - IP Manager RPC Server Connected.

DEBUG    : Initialising Efx::ConcurrencyControl with 4 threads [Debug]

INFO     : --max_threads set to 4 

Fri August 8 25 22:03:17 - Project loaded VM : 544.96 MB RSS : 228.488 MB

Fri August 8 25 22:03:37 - Running automated flow starting from synthesis...



Fri August 8 25 22:03:37 - Floorplan closed VM : 559.296 MB RSS : 273.928 MB



-------------------------------------------------------------------------

Synthesis

-------------------------------------------------------------------------

Fri August 8 25 22:03:37 - Synthesis flow working directory is /home/olle/efinity_p2/BRAM/work_syn


INFO     : --max_threads set to 4 

INFO     : Deleting any pre-existing troute trace files

INFO     : Deleting any pre-existing troute trace files

INFO     : Deleting any pre-existing troute trace files

Fri August 8 25 22:03:38 - /home/olle/efinix/efinity/2025.1/bin/efx_map --project "BRAM" --root "top_level" --write-efx-verilog "/home/olle/efinity_p2/BRAM/outflow/BRAM.map.v" --write-premap-module "/home/olle/efinity_p2/BRAM/outflow/BRAM.elab.vdb" --binary-db "/home/olle/efinity_p2/BRAM/outflow/BRAM.vdb" --device "T20F169" --family "Trion" --veri_option "verilog_mode=verilog_2k,vhdl_mode=vhdl_2008" --work-dir "/home/olle/efinity_p2/BRAM/work_syn" --output-dir "/home/olle/efinity_p2/BRAM/outflow" --project-xml "/home/olle/efinity_p2/BRAM/BRAM.xml" --I "/home/olle/efinity_p2/BRAM" --I "/home/olle/efinity_p2/BRAM/ip/BRAM_8192_bytes" --I "/home/olle/efinity_p2/BRAM/ip/micro_risc_v1"

Fri August 8 25 22:03:38 - Running /home/olle/efinix/efinity/2025.1/bin/efx_map...

INFO     : Efinix FPGA Synthesis.


INFO     : Version: 2025.1.110.2.15


INFO     : Compiled: Jun 21 2025.


INFO     : 


INFO     : Copyright (C) 2013 - 2025 Efinix, Inc. All rights reserved.



INFO     : Reading project database "/home/olle/efinity_p2/BRAM/BRAM.xml"


INFO     : Analyzing Verilog file '/home/olle/efinix/efinity/2025.1/sim_models/maplib/efinix_peri_lib.v' [VERI-1482]


INFO     : /home/olle/efinix/efinity/2025.1/sim_models/maplib/efinix_peri_lib.v(8): compiling module 'EFX_IBUF' [VERI-1018]


INFO     : /home/olle/efinix/efinity/2025.1/sim_models/maplib/efinix_peri_lib.v(16): compiling module 'EFX_OBUF' [VERI-1018]


INFO     : /home/olle/efinix/efinity/2025.1/sim_models/maplib/efinix_peri_lib.v(23): compiling module 'EFX_IO_BUF' [VERI-1018]


INFO     : /home/olle/efinix/efinity/2025.1/sim_models/maplib/efinix_peri_lib.v(33): compiling module 'EFX_CLKOUT' [VERI-1018]


INFO     : /home/olle/efinix/efinity/2025.1/sim_models/maplib/efinix_peri_lib.v(41): compiling module 'EFX_IREG' [VERI-1018]


INFO     : /home/olle/efinix/efinity/2025.1/sim_models/maplib/efinix_peri_lib.v(51): compiling module 'EFX_OREG' [VERI-1018]


INFO     : /home/olle/efinix/efinity/2025.1/sim_models/maplib/efinix_peri_lib.v(60): compiling module 'EFX_IOREG' [VERI-1018]


INFO     : /home/olle/efinix/efinity/2025.1/sim_models/maplib/efinix_peri_lib.v(75): compiling module 'EFX_IDDIO' [VERI-1018]


INFO     : /home/olle/efinix/efinity/2025.1/sim_models/maplib/efinix_peri_lib.v(87): compiling module 'EFX_ODDIO' [VERI-1018]


INFO     : /home/olle/efinix/efinity/2025.1/sim_models/maplib/efinix_peri_lib.v(99): compiling module 'EFX_GPIO_V1' [VERI-1018]


INFO     : /home/olle/efinix/efinity/2025.1/sim_models/maplib/efinix_peri_lib.v(124): compiling module 'EFX_GPIO_V2' [VERI-1018]


INFO     : /home/olle/efinix/efinity/2025.1/sim_models/maplib/efinix_peri_lib.v(149): compiling module 'EFX_GPIO_V3' [VERI-1018]


INFO     : /home/olle/efinix/efinity/2025.1/sim_models/maplib/efinix_peri_lib.v(186): compiling module 'EFX_PLL_V1' [VERI-1018]


INFO     : /home/olle/efinix/efinity/2025.1/sim_models/maplib/efinix_peri_lib.v(205): compiling module 'EFX_PLL_V2' [VERI-1018]


INFO     : /home/olle/efinix/efinity/2025.1/sim_models/maplib/efinix_peri_lib.v(231): compiling module 'EFX_PLL_V3' [VERI-1018]


INFO     : /home/olle/efinix/efinity/2025.1/sim_models/maplib/efinix_peri_lib.v(279): compiling module 'EFX_OSC_V1' [VERI-1018]


INFO     : /home/olle/efinix/efinity/2025.1/sim_models/maplib/efinix_peri_lib.v(285): compiling module 'EFX_OSC_V3' [VERI-1018]


INFO     : /home/olle/efinix/efinity/2025.1/sim_models/maplib/efinix_peri_lib.v(294): compiling module 'EFX_FPLL_V1' [VERI-1018]


INFO     : /home/olle/efinix/efinity/2025.1/sim_models/maplib/efinix_peri_lib.v(348): compiling module 'EFX_JTAG_V1' [VERI-1018]


INFO     : /home/olle/efinix/efinity/2025.1/sim_models/maplib/efinix_peri_lib.v(357): compiling module 'EFX_JTAG_CTRL' [VERI-1018]


INFO     : /home/olle/efinix/efinity/2025.1/sim_models/maplib/efinix_peri_lib.v(364): compiling module 'EFX_LVDS_RX_V1' [VERI-1018]


INFO     : /home/olle/efinix/efinity/2025.1/sim_models/maplib/efinix_peri_lib.v(381): compiling module 'EFX_LVDS_TX_V1' [VERI-1018]


INFO     : /home/olle/efinix/efinity/2025.1/sim_models/maplib/efinix_peri_lib.v(399): compiling module 'EFX_LVDS_RX_V2' [VERI-1018]


INFO     : /home/olle/efinix/efinity/2025.1/sim_models/maplib/efinix_peri_lib.v(426): compiling module 'EFX_LVDS_TX_V2' [VERI-1018]


INFO     : /home/olle/efinix/efinity/2025.1/sim_models/maplib/efinix_peri_lib.v(446): compiling module 'EFX_LVDS_BIDIR_V2' [VERI-1018]


INFO     : Reading project database "/home/olle/efinity_p2/BRAM/BRAM.xml"


INFO     : ***** Beginning Analysis ... *****


INFO     : default VHDL library search path is now "/home/olle/efinix/efinity/2025.1/sim_models/vhdl/packages/vhdl_2008" [VHDL-1504]


INFO     : Analyzing Verilog file '/home/olle/efinix/efinity/2025.1/sim_models/maplib/efinix_maplib.v' [VERI-1482]


INFO     : Analyzing Verilog file '/home/olle/efinix/efinity/2025.1/sim_models/maplib/efinix_peri_lib.v' [VERI-1482]


INFO     : Analyzing Verilog file '/home/olle/efinix/efinity/2025.1/sim_models/maplib/efinix_maplib.v' [VERI-1482]


INFO     : Analyzing Verilog file '/home/olle/efinix/efinity/2025.1/sim_models/maplib/efinix_peri_lib.v' [VERI-1482]


INFO     : Analyzing VHDL file '/home/olle/efinity_p2/BRAM/top_level.vhd' [VHDL-1481]


INFO     : Restoring VHDL unit 'ieee.std_logic_1164' from file '/home/olle/efinix/efinity/2025.1/sim_models/vhdl/packages/vhdl_2008/ieee/std_logic_1164.vdb' [VHDL-1493]


INFO     : Restoring VHDL unit 'std.standard' from file '/home/olle/efinix/efinity/2025.1/sim_models/vhdl/packages/vhdl_2008/std/standard.vdb' [VHDL-1493]


INFO     : Restoring VHDL unit 'std.textio' from file '/home/olle/efinix/efinity/2025.1/sim_models/vhdl/packages/vhdl_2008/std/textio.vdb' [VHDL-1493]


INFO     : Restoring VHDL unit 'ieee.numeric_std' from file '/home/olle/efinix/efinity/2025.1/sim_models/vhdl/packages/vhdl_2008/ieee/numeric_std.vdb' [VHDL-1493]


INFO     : /home/olle/efinity_p2/BRAM/top_level.vhd(6): analyzing entity 'top_level' [VHDL-1012]


INFO     : /home/olle/efinity_p2/BRAM/top_level.vhd(25): analyzing architecture 'behavior' [VHDL-1010]


INFO     : Analyzing Verilog file '/home/olle/efinity_p2/BRAM/ip/BRAM_8192_bytes/BRAM_8192_bytes.v' [VERI-1482]


INFO     : /home/olle/efinity_p2/BRAM/ip/BRAM_8192_bytes/BRAM_8192_bytes.v(758): analyzing included file '/home/olle/efinity_p2/BRAM/ip/BRAM_8192_bytes/bram_ini.vh' [VERI-1328]


INFO     : /home/olle/efinity_p2/BRAM/ip/BRAM_8192_bytes/BRAM_8192_bytes.v(758): back to file '/home/olle/efinity_p2/BRAM/ip/BRAM_8192_bytes/BRAM_8192_bytes.v' [VERI-2320]


INFO     : /home/olle/efinity_p2/BRAM/ip/BRAM_8192_bytes/BRAM_8192_bytes.v(985): analyzing included file '/home/olle/efinity_p2/BRAM/ip/BRAM_8192_bytes/bram_decompose.vh' [VERI-1328]


INFO     : /home/olle/efinity_p2/BRAM/ip/BRAM_8192_bytes/BRAM_8192_bytes.v(985): back to file '/home/olle/efinity_p2/BRAM/ip/BRAM_8192_bytes/BRAM_8192_bytes.v' [VERI-2320]


INFO     : Analyzing Verilog file '/home/olle/efinity_p2/BRAM/ip/micro_risc_v1/micro_risc_v1.v' [VERI-1482]


INFO     : Analysis took 0.148077 seconds.


INFO     : 	Analysis took 0.14 seconds (approximately) in total CPU time.


INFO     : Analysis virtual memory usage: begin = 124.56 MB, end = 132.752 MB, delta = 8.192 MB


INFO     : Analysis resident set memory usage: begin = 72.064 MB, end = 81.408 MB, delta = 9.344 MB


INFO     : 	Analysis peak resident set memory usage = 313.736 MB


INFO     : ***** Ending Analysis ... *****


INFO     : ***** Beginning Elaboration ... *****


INFO     : /home/olle/efinity_p2/BRAM/top_level.vhd(6): processing 'top_level(behavior)' [VHDL-1067]


WARNING  : /home/olle/efinity_p2/BRAM/top_level.vhd(66): using initial value '0' for 'system_uart_0_io_rxd' since it is never assigned [VHDL-1303]


WARNING  : /home/olle/efinity_p2/BRAM/top_level.vhd(69): using initial value for 'system_gpio_0_io_read' since it is never assigned [VHDL-1794]


WARNING  : /home/olle/efinity_p2/BRAM/top_level.vhd(71): using initial value '0' for 'bram_8k_we' since it is never assigned [VHDL-1303]


WARNING  : /home/olle/efinity_p2/BRAM/top_level.vhd(72): using initial value for 'bram_8k_waddr' since it is never assigned [VHDL-1794]


WARNING  : /home/olle/efinity_p2/BRAM/top_level.vhd(74): using initial value for 'bram_8k_wdata_a' since it is never assigned [VHDL-1794]


INFO     : Restoring VHDL unit 'vl.vl_types' from file '/home/olle/efinix/efinity/2025.1/sim_models/vhdl/packages/vhdl_2008/vl/vl_types.vdb' [VHDL-1493]


INFO     : /home/olle/efinity_p2/BRAM/top_level.vhd(93): switching to Verilog mode to elaborate module 'BRAM_8192_bytes' [VHDL-1399]


WARNING  : /home/olle/efinity_p2/BRAM/ip/BRAM_8192_bytes/BRAM_8192_bytes.v(140): port 'wdata_b' is not connected on this instance [VERI-2435]


WARNING  : /home/olle/efinity_p2/BRAM/ip/BRAM_8192_bytes/BRAM_8192_bytes.v(140): port 'rdata_a' remains unconnected for this instance [VERI-1927]


INFO     : /home/olle/efinity_p2/BRAM/ip/BRAM_8192_bytes/BRAM_8192_bytes.v(49): compiling module 'BRAM_8192_bytes' [VERI-1018]


INFO     : /home/olle/efinity_p2/BRAM/ip/BRAM_8192_bytes/BRAM_8192_bytes.v(143): compiling module 'efx_bram_8d8bd7fa46784c519c924c36e9ddd8d4_renamed_due_excessive_length_1' [VERI-1018]


INFO     : /home/olle/efinity_p2/BRAM/ip/BRAM_8192_bytes/BRAM_8192_bytes.v(1611): compiling module 'efx_simple_dual_port_ram_8d8bd7fa46784c519c924c36e9ddd8d4_renamed_due_excessive_length_2' [VERI-1018]


INFO     : /home/olle/efinity_p2/BRAM/ip/BRAM_8192_bytes/BRAM_8192_bytes.v(929): compiling module 'bram_wrapper_mwm_8d8bd7fa46784c519c924c36e9ddd8d4(FAMILY="TRION",WCLK_POLARITY=1,WCLKE_POLARITY=1,WE_POLARITY=1,RCLK_POLARITY=1,RE_POLARITY=1,OUTPUT_REG=0,BYTEEN_POLARITY=1,RST_POLARITY=1,WADDREN_POLARITY=1,RADDREN_POLARITY=1,DATA_WIDTH_A=8,DATA_WIDTH_B=8,ADDR_WIDTH_A=13,ADDR_WIDTH_B=13,BYTEEN_WIDTH=1)' [VERI-1018]


WARNING  : /home/olle/efinity_p2/BRAM/ip/BRAM_8192_bytes/BRAM_8192_bytes.v(1131): expression size 32 truncated to fit in target size 1 [VERI-1209]


WARNING  : /home/olle/efinity_p2/BRAM/ip/BRAM_8192_bytes/BRAM_8192_bytes.v(1182): expression size 32 truncated to fit in target size 1 [VERI-1209]


INFO     : /home/olle/efinity_p2/BRAM/ip/BRAM_8192_bytes/BRAM_8192_bytes.v(653): compiling module 'bram_primitive_8d8bd7fa46784c519c924c36e9ddd8d4(FAMILY="TRION",WRITE_WIDTH=1,WCLK_POLARITY=1,WCLKE_POLARITY=1,WE_POLARITY=1,READ_WIDTH=1,RCLK_POLARITY=1,RE_POLARITY=1,OUTPUT_REG=0,RST_POLARITY=1,WADDREN_POLARITY=1,RADDREN_POLARITY=1)' [VERI-1018]


INFO     : /home/olle/efinix/efinity/2025.1/sim_models/maplib/efinix_maplib.v(322): compiling module 'EFX_RAM_5K_renamed_due_excessive_length_3' [VERI-1018]


INFO     : /home/olle/efinity_p2/BRAM/ip/BRAM_8192_bytes/BRAM_8192_bytes.v(653): compiling module 'bram_primitive_8d8bd7fa46784c519c924c36e9ddd8d4(FAMILY="TRION",WRITE_WIDTH=1,WCLK_POLARITY=1,WCLKE_POLARITY=1,WE_POLARITY=1,READ_WIDTH=1,RCLK_POLARITY=1,RE_POLARITY=1,OUTPUT_REG=0,RST_POLARITY=1,WADDREN_POLARITY=1,RADDREN_POLARITY=1,ini_index=1)' [VERI-1018]


INFO     : /home/olle/efinity_p2/BRAM/ip/BRAM_8192_bytes/BRAM_8192_bytes.v(653): compiling module 'bram_primitive_8d8bd7fa46784c519c924c36e9ddd8d4(FAMILY="TRION",WRITE_WIDTH=1,WCLK_POLARITY=1,WCLKE_POLARITY=1,WE_POLARITY=1,READ_WIDTH=1,RCLK_POLARITY=1,RE_POLARITY=1,OUTPUT_REG=0,RST_POLARITY=1,WADDREN_POLARITY=1,RADDREN_POLARITY=1,ini_index=2)' [VERI-1018]


INFO     : /home/olle/efinity_p2/BRAM/ip/BRAM_8192_bytes/BRAM_8192_bytes.v(653): compiling module 'bram_primitive_8d8bd7fa46784c519c924c36e9ddd8d4(FAMILY="TRION",WRITE_WIDTH=1,WCLK_POLARITY=1,WCLKE_POLARITY=1,WE_POLARITY=1,READ_WIDTH=1,RCLK_POLARITY=1,RE_POLARITY=1,OUTPUT_REG=0,RST_POLARITY=1,WADDREN_POLARITY=1,RADDREN_POLARITY=1,ini_index=3)' [VERI-1018]


INFO     : /home/olle/efinity_p2/BRAM/ip/BRAM_8192_bytes/BRAM_8192_bytes.v(653): compiling module 'bram_primitive_8d8bd7fa46784c519c924c36e9ddd8d4(FAMILY="TRION",WRITE_WIDTH=1,WCLK_POLARITY=1,WCLKE_POLARITY=1,WE_POLARITY=1,READ_WIDTH=1,RCLK_POLARITY=1,RE_POLARITY=1,OUTPUT_REG=0,RST_POLARITY=1,WADDREN_POLARITY=1,RADDREN_POLARITY=1,ini_index=4)' [VERI-1018]


INFO     : /home/olle/efinity_p2/BRAM/ip/BRAM_8192_bytes/BRAM_8192_bytes.v(653): compiling module 'bram_primitive_8d8bd7fa46784c519c924c36e9ddd8d4(FAMILY="TRION",WRITE_WIDTH=1,WCLK_POLARITY=1,WCLKE_POLARITY=1,WE_POLARITY=1,READ_WIDTH=1,RCLK_POLARITY=1,RE_POLARITY=1,OUTPUT_REG=0,RST_POLARITY=1,WADDREN_POLARITY=1,RADDREN_POLARITY=1,ini_index=5)' [VERI-1018]


INFO     : /home/olle/efinity_p2/BRAM/ip/BRAM_8192_bytes/BRAM_8192_bytes.v(653): compiling module 'bram_primitive_8d8bd7fa46784c519c924c36e9ddd8d4(FAMILY="TRION",WRITE_WIDTH=1,WCLK_POLARITY=1,WCLKE_POLARITY=1,WE_POLARITY=1,READ_WIDTH=1,RCLK_POLARITY=1,RE_POLARITY=1,OUTPUT_REG=0,RST_POLARITY=1,WADDREN_POLARITY=1,RADDREN_POLARITY=1,ini_index=6)' [VERI-1018]


INFO     : /home/olle/efinity_p2/BRAM/ip/BRAM_8192_bytes/BRAM_8192_bytes.v(653): compiling module 'bram_primitive_8d8bd7fa46784c519c924c36e9ddd8d4(FAMILY="TRION",WRITE_WIDTH=1,WCLK_POLARITY=1,WCLKE_POLARITY=1,WE_POLARITY=1,READ_WIDTH=1,RCLK_POLARITY=1,RE_POLARITY=1,OUTPUT_REG=0,RST_POLARITY=1,WADDREN_POLARITY=1,RADDREN_POLARITY=1,ini_index=7)' [VERI-1018]


INFO     : /home/olle/efinity_p2/BRAM/ip/BRAM_8192_bytes/BRAM_8192_bytes.v(653): compiling module 'bram_primitive_8d8bd7fa46784c519c924c36e9ddd8d4(FAMILY="TRION",WRITE_WIDTH=1,WCLK_POLARITY=1,WCLKE_POLARITY=1,WE_POLARITY=1,READ_WIDTH=1,RCLK_POLARITY=1,RE_POLARITY=1,OUTPUT_REG=0,RST_POLARITY=1,WADDREN_POLARITY=1,RADDREN_POLARITY=1,ini_index=8)' [VERI-1018]


INFO     : /home/olle/efinix/efinity/2025.1/sim_models/maplib/efinix_maplib.v(322): compiling module 'EFX_RAM_5K(WCLK_POLARITY=1,WCLKE_POLARITY=1,RCLK_POLARITY=1,RE_POLARITY=1,OUTPUT_REG=0)' [VERI-1018]


INFO     : /home/olle/efinity_p2/BRAM/ip/BRAM_8192_bytes/BRAM_8192_bytes.v(653): compiling module 'bram_primitive_8d8bd7fa46784c519c924c36e9ddd8d4(FAMILY="TRION",WRITE_WIDTH=1,WCLK_POLARITY=1,WCLKE_POLARITY=1,WE_POLARITY=1,READ_WIDTH=1,RCLK_POLARITY=1,RE_POLARITY=1,OUTPUT_REG=0,RST_POLARITY=1,WADDREN_POLARITY=1,RADDREN_POLARITY=1,ini_index=9)' [VERI-1018]


INFO     : /home/olle/efinity_p2/BRAM/ip/BRAM_8192_bytes/BRAM_8192_bytes.v(653): compiling module 'bram_primitive_8d8bd7fa46784c519c924c36e9ddd8d4(FAMILY="TRION",WRITE_WIDTH=1,WCLK_POLARITY=1,WCLKE_POLARITY=1,WE_POLARITY=1,READ_WIDTH=1,RCLK_POLARITY=1,RE_POLARITY=1,OUTPUT_REG=0,RST_POLARITY=1,WADDREN_POLARITY=1,RADDREN_POLARITY=1,ini_index=10)' [VERI-1018]


INFO     : /home/olle/efinity_p2/BRAM/ip/BRAM_8192_bytes/BRAM_8192_bytes.v(653): compiling module 'bram_primitive_8d8bd7fa46784c519c924c36e9ddd8d4(FAMILY="TRION",WRITE_WIDTH=1,WCLK_POLARITY=1,WCLKE_POLARITY=1,WE_POLARITY=1,READ_WIDTH=1,RCLK_POLARITY=1,RE_POLARITY=1,OUTPUT_REG=0,RST_POLARITY=1,WADDREN_POLARITY=1,RADDREN_POLARITY=1,ini_index=11)' [VERI-1018]


INFO     : /home/olle/efinity_p2/BRAM/ip/BRAM_8192_bytes/BRAM_8192_bytes.v(653): compiling module 'bram_primitive_8d8bd7fa46784c519c924c36e9ddd8d4(FAMILY="TRION",WRITE_WIDTH=1,WCLK_POLARITY=1,WCLKE_POLARITY=1,WE_POLARITY=1,READ_WIDTH=1,RCLK_POLARITY=1,RE_POLARITY=1,OUTPUT_REG=0,RST_POLARITY=1,WADDREN_POLARITY=1,RADDREN_POLARITY=1,ini_index=12)' [VERI-1018]


INFO     : /home/olle/efinity_p2/BRAM/ip/BRAM_8192_bytes/BRAM_8192_bytes.v(653): compiling module 'bram_primitive_8d8bd7fa46784c519c924c36e9ddd8d4(FAMILY="TRION",WRITE_WIDTH=1,WCLK_POLARITY=1,WCLKE_POLARITY=1,WE_POLARITY=1,READ_WIDTH=1,RCLK_POLARITY=1,RE_POLARITY=1,OUTPUT_REG=0,RST_POLARITY=1,WADDREN_POLARITY=1,RADDREN_POLARITY=1,ini_index=13)' [VERI-1018]


INFO     : /home/olle/efinity_p2/BRAM/ip/BRAM_8192_bytes/BRAM_8192_bytes.v(653): compiling module 'bram_primitive_8d8bd7fa46784c519c924c36e9ddd8d4(FAMILY="TRION",WRITE_WIDTH=1,WCLK_POLARITY=1,WCLKE_POLARITY=1,WE_POLARITY=1,READ_WIDTH=1,RCLK_POLARITY=1,RE_POLARITY=1,OUTPUT_REG=0,RST_POLARITY=1,WADDREN_POLARITY=1,RADDREN_POLARITY=1,ini_index=14)' [VERI-1018]


INFO     : /home/olle/efinity_p2/BRAM/ip/BRAM_8192_bytes/BRAM_8192_bytes.v(653): compiling module 'bram_primitive_8d8bd7fa46784c519c924c36e9ddd8d4(FAMILY="TRION",WRITE_WIDTH=1,WCLK_POLARITY=1,WCLKE_POLARITY=1,WE_POLARITY=1,READ_WIDTH=1,RCLK_POLARITY=1,RE_POLARITY=1,OUTPUT_REG=0,RST_POLARITY=1,WADDREN_POLARITY=1,RADDREN_POLARITY=1,ini_index=15)' [VERI-1018]


WARNING  : /home/olle/efinity_p2/BRAM/ip/BRAM_8192_bytes/BRAM_8192_bytes.v(131): input port 'wdata_b[7]' is not connected on this instance [VDB-1013]


WARNING  : /home/olle/efinity_p2/BRAM/ip/BRAM_8192_bytes/BRAM_8192_bytes.v(131): input port 'wclke' remains unconnected for this instance [VDB-1053]


INFO     : /home/olle/efinity_p2/BRAM/top_level.vhd(93): returning to VHDL mode to continue with elaboration [VHDL-1400]


INFO     : /home/olle/efinity_p2/BRAM/top_level.vhd(110): switching to Verilog mode to elaborate module 'micro_risc_v1' [VHDL-1399]


INFO     : /home/olle/efinity_p2/BRAM/ip/micro_risc_v1/micro_risc_v1.v(49): compiling module 'micro_risc_v1' [VERI-1018]


INFO     : /home/olle/efinity_p2/BRAM/ip/micro_risc_v1/micro_risc_v1.v(86): compiling module 'EfxSapphireSoc_faed934d2b154b51963a7ef5a6cb5a17' [VERI-1018]


INFO     : /home/olle/efinity_p2/BRAM/ip/micro_risc_v1/micro_risc_v1.v(6236): compiling module 'VexRiscv_faed934d2b154b51963a7ef5a6cb5a17' [VERI-1018]


INFO     : /home/olle/efinity_p2/BRAM/ip/micro_risc_v1/micro_risc_v1.v(7542): extracting RAM for identifier 'RegFilePlugin_regFile' [VERI-2571]


INFO     : /home/olle/efinity_p2/BRAM/ip/micro_risc_v1/micro_risc_v1.v(13004): compiling module 'InstructionCache_faed934d2b154b51963a7ef5a6cb5a17' [VERI-1018]


INFO     : /home/olle/efinity_p2/BRAM/ip/micro_risc_v1/micro_risc_v1.v(13110): extracting RAM for identifier 'banks_0' [VERI-2571]


INFO     : /home/olle/efinity_p2/BRAM/ip/micro_risc_v1/micro_risc_v1.v(13111): extracting RAM for identifier 'ways_0_tags' [VERI-2571]


INFO     : /home/olle/efinity_p2/BRAM/ip/micro_risc_v1/micro_risc_v1.v(12150): compiling module 'DataCache_faed934d2b154b51963a7ef5a6cb5a17' [VERI-1018]


INFO     : /home/olle/efinity_p2/BRAM/ip/micro_risc_v1/micro_risc_v1.v(12364): extracting RAM for identifier 'ways_0_tags' [VERI-2571]


INFO     : /home/olle/efinity_p2/BRAM/ip/micro_risc_v1/micro_risc_v1.v(12365): extracting RAM for identifier 'ways_0_data_symbol0' [VERI-2571]


INFO     : /home/olle/efinity_p2/BRAM/ip/micro_risc_v1/micro_risc_v1.v(12366): extracting RAM for identifier 'ways_0_data_symbol1' [VERI-2571]


INFO     : /home/olle/efinity_p2/BRAM/ip/micro_risc_v1/micro_risc_v1.v(12367): extracting RAM for identifier 'ways_0_data_symbol2' [VERI-2571]


INFO     : /home/olle/efinity_p2/BRAM/ip/micro_risc_v1/micro_risc_v1.v(12368): extracting RAM for identifier 'ways_0_data_symbol3' [VERI-2571]


WARNING  : /home/olle/efinity_p2/BRAM/ip/micro_risc_v1/micro_risc_v1.v(12976): system task 'display' is ignored for synthesis [VERI-1142]


INFO     : /home/olle/efinity_p2/BRAM/ip/micro_risc_v1/micro_risc_v1.v(12131): compiling module 'BufferCC_faed934d2b154b51963a7ef5a6cb5a17' [VERI-1018]


INFO     : /home/olle/efinity_p2/BRAM/ip/micro_risc_v1/micro_risc_v1.v(13934): compiling module 'EfxCPUSp1_faed934d2b154b51963a7ef5a6cb5a17' [VERI-1018]


WARNING  : /home/olle/efinity_p2/BRAM/ip/micro_risc_v1/micro_risc_v1.v(6324): net 'IBusCachedPlugin_cache_io_cpu_fetch_isRemoved' does not have a driver [VDB-1002]


WARNING  : /home/olle/efinity_p2/BRAM/ip/micro_risc_v1/micro_risc_v1.v(6337): net 'dataCache_1_io_cpu_writeBack_fence_SW' does not have a driver [VDB-1002]


WARNING  : /home/olle/efinity_p2/BRAM/ip/micro_risc_v1/micro_risc_v1.v(6338): net 'dataCache_1_io_cpu_writeBack_fence_SR' does not have a driver [VDB-1002]


WARNING  : /home/olle/efinity_p2/BRAM/ip/micro_risc_v1/micro_risc_v1.v(6339): net 'dataCache_1_io_cpu_writeBack_fence_SO' does not have a driver [VDB-1002]


WARNING  : /home/olle/efinity_p2/BRAM/ip/micro_risc_v1/micro_risc_v1.v(6340): net 'dataCache_1_io_cpu_writeBack_fence_SI' does not have a driver [VDB-1002]


WARNING  : /home/olle/efinity_p2/BRAM/ip/micro_risc_v1/micro_risc_v1.v(6341): net 'dataCache_1_io_cpu_writeBack_fence_PW' does not have a driver [VDB-1002]


WARNING  : /home/olle/efinity_p2/BRAM/ip/micro_risc_v1/micro_risc_v1.v(6342): net 'dataCache_1_io_cpu_writeBack_fence_PR' does not have a driver [VDB-1002]


WARNING  : /home/olle/efinity_p2/BRAM/ip/micro_risc_v1/micro_risc_v1.v(6343): net 'dataCache_1_io_cpu_writeBack_fence_PO' does not have a driver [VDB-1002]


WARNING  : /home/olle/efinity_p2/BRAM/ip/micro_risc_v1/micro_risc_v1.v(6344): net 'dataCache_1_io_cpu_writeBack_fence_PI' does not have a driver [VDB-1002]


WARNING  : /home/olle/efinity_p2/BRAM/ip/micro_risc_v1/micro_risc_v1.v(6345): net 'dataCache_1_io_cpu_writeBack_fence_FM[3]' does not have a driver [VDB-1002]


WARNING  : /home/olle/efinity_p2/BRAM/ip/micro_risc_v1/micro_risc_v1.v(6775): net 'IBusCachedPlugin_mmuBus_rsp_bypassTranslation' does not have a driver [VDB-1002]


WARNING  : /home/olle/efinity_p2/BRAM/ip/micro_risc_v1/micro_risc_v1.v(6801): net 'DBusCachedPlugin_mmuBus_rsp_bypassTranslation' does not have a driver [VDB-1002]


WARNING  : /home/olle/efinity_p2/BRAM/ip/micro_risc_v1/micro_risc_v1.v(6909): net 'IBusCachedPlugin_iBusRsp_output_payload_rsp_error' does not have a driver [VDB-1002]


WARNING  : /home/olle/efinity_p2/BRAM/ip/micro_risc_v1/micro_risc_v1.v(6911): net 'IBusCachedPlugin_iBusRsp_output_payload_isRvc' does not have a driver [VDB-1002]


WARNING  : /home/olle/efinity_p2/BRAM/ip/micro_risc_v1/micro_risc_v1.v(7192): net 'CsrPlugin_mtvec_mode[1]' does not have a driver [VDB-1002]


INFO     : /home/olle/efinity_p2/BRAM/ip/micro_risc_v1/micro_risc_v1.v(5235): compiling module 'DebugModule_faed934d2b154b51963a7ef5a6cb5a17' [VERI-1018]


INFO     : /home/olle/efinity_p2/BRAM/ip/micro_risc_v1/micro_risc_v1.v(5441): extracting RAM for identifier 'logic_progbufX_mem' [VERI-2571]


INFO     : /home/olle/efinity_p2/BRAM/ip/micro_risc_v1/micro_risc_v1.v(5211): compiling module 'BufferCC_5_faed934d2b154b51963a7ef5a6cb5a17' [VERI-1018]


INFO     : /home/olle/efinity_p2/BRAM/ip/micro_risc_v1/micro_risc_v1.v(4230): compiling module 'DebugTransportModuleJtagTap_faed934d2b154b51963a7ef5a6cb5a17' [VERI-1018]


WARNING  : /home/olle/efinity_p2/BRAM/ip/micro_risc_v1/micro_risc_v1.v(4442): system function call 'urandom' is not supported [VERI-1141]


INFO     : /home/olle/efinity_p2/BRAM/ip/micro_risc_v1/micro_risc_v1.v(12067): compiling module 'FlowCCByToggle_faed934d2b154b51963a7ef5a6cb5a17' [VERI-1018]


WARNING  : /home/olle/efinity_p2/BRAM/ip/micro_risc_v1/micro_risc_v1.v(12101): system function call 'urandom' is not supported [VERI-1141]


WARNING  : /home/olle/efinity_p2/BRAM/ip/micro_risc_v1/micro_risc_v1.v(12102): system function call 'urandom' is not supported [VERI-1141]


INFO     : /home/olle/efinity_p2/BRAM/ip/micro_risc_v1/micro_risc_v1.v(13884): compiling module 'BufferCC_1_faed934d2b154b51963a7ef5a6cb5a17' [VERI-1018]


WARNING  : /home/olle/efinity_p2/BRAM/ip/micro_risc_v1/micro_risc_v1.v(13896): system function call 'urandom' is not supported [VERI-1141]


WARNING  : /home/olle/efinity_p2/BRAM/ip/micro_risc_v1/micro_risc_v1.v(13897): system function call 'urandom' is not supported [VERI-1141]


INFO     : /home/olle/efinity_p2/BRAM/ip/micro_risc_v1/micro_risc_v1.v(11981): compiling module 'FlowCCByToggle_1_faed934d2b154b51963a7ef5a6cb5a17' [VERI-1018]


INFO     : /home/olle/efinity_p2/BRAM/ip/micro_risc_v1/micro_risc_v1.v(13860): compiling module 'BufferCC_2_faed934d2b154b51963a7ef5a6cb5a17' [VERI-1018]


INFO     : /home/olle/efinity_p2/BRAM/ip/micro_risc_v1/micro_risc_v1.v(13836): compiling module 'BufferCC_3_faed934d2b154b51963a7ef5a6cb5a17' [VERI-1018]


INFO     : /home/olle/efinity_p2/BRAM/ip/micro_risc_v1/micro_risc_v1.v(4206): compiling module 'BufferCC_6_faed934d2b154b51963a7ef5a6cb5a17' [VERI-1018]


INFO     : /home/olle/efinity_p2/BRAM/ip/micro_risc_v1/micro_risc_v1.v(4180): compiling module 'BufferCC_8_faed934d2b154b51963a7ef5a6cb5a17' [VERI-1018]


INFO     : /home/olle/efinity_p2/BRAM/ip/micro_risc_v1/micro_risc_v1.v(4140): compiling module 'BmbDecoder_faed934d2b154b51963a7ef5a6cb5a17' [VERI-1018]


INFO     : /home/olle/efinity_p2/BRAM/ip/micro_risc_v1/micro_risc_v1.v(4004): compiling module 'BmbArbiter_faed934d2b154b51963a7ef5a6cb5a17' [VERI-1018]


INFO     : /home/olle/efinity_p2/BRAM/ip/micro_risc_v1/micro_risc_v1.v(11877): compiling module 'StreamArbiter_faed934d2b154b51963a7ef5a6cb5a17' [VERI-1018]


INFO     : /home/olle/efinity_p2/BRAM/ip/micro_risc_v1/micro_risc_v1.v(3732): compiling module 'BmbDecoder_1_faed934d2b154b51963a7ef5a6cb5a17' [VERI-1018]


INFO     : /home/olle/efinity_p2/BRAM/ip/micro_risc_v1/micro_risc_v1.v(3624): compiling module 'BmbOnChipRam_faed934d2b154b51963a7ef5a6cb5a17' [VERI-1018]


INFO     : /home/olle/efinity_p2/BRAM/ip/micro_risc_v1/micro_risc_v1.v(3656): extracting RAM for identifier 'ram_symbol0' [VERI-2571]


INFO     : /home/olle/efinity_p2/BRAM/ip/micro_risc_v1/micro_risc_v1.v(3657): extracting RAM for identifier 'ram_symbol1' [VERI-2571]


INFO     : /home/olle/efinity_p2/BRAM/ip/micro_risc_v1/micro_risc_v1.v(3658): extracting RAM for identifier 'ram_symbol2' [VERI-2571]


INFO     : /home/olle/efinity_p2/BRAM/ip/micro_risc_v1/micro_risc_v1.v(3659): extracting RAM for identifier 'ram_symbol3' [VERI-2571]


INFO     : /home/olle/efinity_p2/BRAM/ip/micro_risc_v1/micro_risc_v1.v(3398): compiling module 'BmbUnburstify_faed934d2b154b51963a7ef5a6cb5a17' [VERI-1018]


INFO     : /home/olle/efinity_p2/BRAM/ip/micro_risc_v1/micro_risc_v1.v(3037): compiling module 'BmbDecoder_2_faed934d2b154b51963a7ef5a6cb5a17' [VERI-1018]


INFO     : /home/olle/efinity_p2/BRAM/ip/micro_risc_v1/micro_risc_v1.v(2853): compiling module 'BmbClint_faed934d2b154b51963a7ef5a6cb5a17' [VERI-1018]


INFO     : /home/olle/efinity_p2/BRAM/ip/micro_risc_v1/micro_risc_v1.v(2361): compiling module 'BmbUartCtrl_faed934d2b154b51963a7ef5a6cb5a17' [VERI-1018]


INFO     : /home/olle/efinity_p2/BRAM/ip/micro_risc_v1/micro_risc_v1.v(11748): compiling module 'UartCtrl_faed934d2b154b51963a7ef5a6cb5a17' [VERI-1018]


INFO     : /home/olle/efinity_p2/BRAM/ip/micro_risc_v1/micro_risc_v1.v(13596): compiling module 'UartCtrlTx_faed934d2b154b51963a7ef5a6cb5a17' [VERI-1018]


INFO     : /home/olle/efinity_p2/BRAM/ip/micro_risc_v1/micro_risc_v1.v(13302): compiling module 'UartCtrlRx_faed934d2b154b51963a7ef5a6cb5a17' [VERI-1018]


INFO     : /home/olle/efinity_p2/BRAM/ip/micro_risc_v1/micro_risc_v1.v(13910): compiling module 'BufferCC_4_faed934d2b154b51963a7ef5a6cb5a17' [VERI-1018]


INFO     : /home/olle/efinity_p2/BRAM/ip/micro_risc_v1/micro_risc_v1.v(11594): compiling module 'StreamFifo_faed934d2b154b51963a7ef5a6cb5a17' [VERI-1018]


INFO     : /home/olle/efinity_p2/BRAM/ip/micro_risc_v1/micro_risc_v1.v(11642): extracting RAM for identifier 'logic_ram' [VERI-2571]


INFO     : /home/olle/efinity_p2/BRAM/ip/micro_risc_v1/micro_risc_v1.v(2149): compiling module 'BmbGpio2_faed934d2b154b51963a7ef5a6cb5a17' [VERI-1018]


INFO     : /home/olle/efinity_p2/BRAM/top_level.vhd(110): returning to VHDL mode to continue with elaboration [VHDL-1400]


INFO     : Elaboration took 0.484243 seconds.


INFO     : 	Elaboration took 0.46 seconds (approximately) in total CPU time.


INFO     : Elaboration virtual memory usage: begin = 132.752 MB, end = 173.712 MB, delta = 40.96 MB


INFO     : Elaboration resident set memory usage: begin = 81.408 MB, end = 124.16 MB, delta = 42.752 MB


INFO     : 	Elaboration peak resident set memory usage = 313.736 MB


INFO     : ***** Ending Elaboration ... *****


INFO     : ... Setting Synthesis Option: mode=speed


INFO     : ***** Beginning Reading Mapping Library ... *****


INFO     : Analyzing Verilog file '/home/olle/efinix/efinity/2025.1/sim_models/maplib/efinix_maplib.v' [VERI-1482]


INFO     : /home/olle/efinix/efinity/2025.1/sim_models/maplib/efinix_maplib.v(8): compiling module 'EFX_ADD' [VERI-1018]


INFO     : /home/olle/efinix/efinity/2025.1/sim_models/maplib/efinix_maplib.v(21): compiling module 'EFX_FF' [VERI-1018]


INFO     : /home/olle/efinix/efinity/2025.1/sim_models/maplib/efinix_maplib.v(38): compiling module 'EFX_COMB4' [VERI-1018]


INFO     : /home/olle/efinix/efinity/2025.1/sim_models/maplib/efinix_maplib.v(48): compiling module 'EFX_GBUFCE' [VERI-1018]


INFO     : /home/olle/efinix/efinity/2025.1/sim_models/maplib/efinix_maplib.v(57): compiling module 'EFX_LUT4' [VERI-1018]


INFO     : /home/olle/efinix/efinity/2025.1/sim_models/maplib/efinix_maplib.v(65): compiling module 'EFX_MULT' [VERI-1018]


INFO     : /home/olle/efinix/efinity/2025.1/sim_models/maplib/efinix_maplib.v(100): compiling module 'EFX_DSP48' [VERI-1018]


INFO     : /home/olle/efinix/efinity/2025.1/sim_models/maplib/efinix_maplib.v(156): compiling module 'EFX_DSP24' [VERI-1018]


INFO     : /home/olle/efinix/efinity/2025.1/sim_models/maplib/efinix_maplib.v(209): compiling module 'EFX_DSP12' [VERI-1018]


INFO     : /home/olle/efinix/efinity/2025.1/sim_models/maplib/efinix_maplib.v(262): compiling module 'EFX_RAM_4K' [VERI-1018]


INFO     : /home/olle/efinix/efinity/2025.1/sim_models/maplib/efinix_maplib.v(322): compiling module 'EFX_RAM_5K' [VERI-1018]


INFO     : /home/olle/efinix/efinity/2025.1/sim_models/maplib/efinix_maplib.v(394): compiling module 'EFX_DPRAM_5K' [VERI-1018]


INFO     : /home/olle/efinix/efinity/2025.1/sim_models/maplib/efinix_maplib.v(499): compiling module 'RAMB5' [VERI-1018]


INFO     : /home/olle/efinix/efinity/2025.1/sim_models/maplib/efinix_maplib.v(561): compiling module 'EFX_RAM_10K' [VERI-1018]


INFO     : /home/olle/efinix/efinity/2025.1/sim_models/maplib/efinix_maplib.v(653): compiling module 'EFX_RAM10' [VERI-1018]


INFO     : /home/olle/efinix/efinity/2025.1/sim_models/maplib/efinix_maplib.v(754): compiling module 'EFX_DPRAM10' [VERI-1018]


INFO     : /home/olle/efinix/efinity/2025.1/sim_models/maplib/efinix_maplib.v(884): compiling module 'EFX_SRL8' [VERI-1018]


INFO     : Reading Mapping Library took 0.0174609 seconds.


INFO     : 	Reading Mapping Library took 0.02 seconds (approximately) in total CPU time.


INFO     : Reading Mapping Library virtual memory usage: begin = 210.064 MB, end = 210.064 MB, delta = 0 MB


INFO     : Reading Mapping Library resident set memory usage: begin = 160.896 MB, end = 160.896 MB, delta = 0 MB


INFO     : 	Reading Mapping Library peak resident set memory usage = 313.736 MB


INFO     : ***** Ending Reading Mapping Library ... *****


INFO     : ... Pre-synthesis checks begin


WARNING  : Removing redundant signal : address_map[31]. (/home/olle/efinity_p2/BRAM/ip/BRAM_8192_bytes/BRAM_8192_bytes.v:705) [EFX-0200]


WARNING  : Removing redundant signal : address_map[30]. (/home/olle/efinity_p2/BRAM/ip/BRAM_8192_bytes/BRAM_8192_bytes.v:705) [EFX-0200]


WARNING  : Removing redundant signal : address_map[29]. (/home/olle/efinity_p2/BRAM/ip/BRAM_8192_bytes/BRAM_8192_bytes.v:705) [EFX-0200]


WARNING  : Removing redundant signal : address_map[28]. (/home/olle/efinity_p2/BRAM/ip/BRAM_8192_bytes/BRAM_8192_bytes.v:705) [EFX-0200]


WARNING  : Removing redundant signal : address_map[27]. (/home/olle/efinity_p2/BRAM/ip/BRAM_8192_bytes/BRAM_8192_bytes.v:705) [EFX-0200]


WARNING  : Removing redundant signal : address_map[26]. (/home/olle/efinity_p2/BRAM/ip/BRAM_8192_bytes/BRAM_8192_bytes.v:705) [EFX-0200]


WARNING  : Removing redundant signal : address_map[25]. (/home/olle/efinity_p2/BRAM/ip/BRAM_8192_bytes/BRAM_8192_bytes.v:705) [EFX-0200]


WARNING  : Removing redundant signal : address_map[24]. (/home/olle/efinity_p2/BRAM/ip/BRAM_8192_bytes/BRAM_8192_bytes.v:705) [EFX-0200]


WARNING  : Removing redundant signal : address_map[23]. (/home/olle/efinity_p2/BRAM/ip/BRAM_8192_bytes/BRAM_8192_bytes.v:705) [EFX-0200]


WARNING  : Removing redundant signal : address_map[22]. (/home/olle/efinity_p2/BRAM/ip/BRAM_8192_bytes/BRAM_8192_bytes.v:705) [EFX-0200]


WARNING  : Removing redundant signal : address_map[21]. (/home/olle/efinity_p2/BRAM/ip/BRAM_8192_bytes/BRAM_8192_bytes.v:705) [EFX-0200]


WARNING  : Removing redundant signal : address_map[20]. (/home/olle/efinity_p2/BRAM/ip/BRAM_8192_bytes/BRAM_8192_bytes.v:705) [EFX-0200]


WARNING  : Removing redundant signal : address_map[19]. (/home/olle/efinity_p2/BRAM/ip/BRAM_8192_bytes/BRAM_8192_bytes.v:705) [EFX-0200]


WARNING  : Removing redundant signal : address_map[18]. (/home/olle/efinity_p2/BRAM/ip/BRAM_8192_bytes/BRAM_8192_bytes.v:705) [EFX-0200]


WARNING  : Removing redundant signal : address_map[17]. (/home/olle/efinity_p2/BRAM/ip/BRAM_8192_bytes/BRAM_8192_bytes.v:705) [EFX-0200]


WARNING  : Removing redundant signal : address_map[16]. (/home/olle/efinity_p2/BRAM/ip/BRAM_8192_bytes/BRAM_8192_bytes.v:705) [EFX-0200]


WARNING  : Removing redundant signal : address_map[15]. (/home/olle/efinity_p2/BRAM/ip/BRAM_8192_bytes/BRAM_8192_bytes.v:705) [EFX-0200]


WARNING  : Removing redundant signal : address_map[14]. (/home/olle/efinity_p2/BRAM/ip/BRAM_8192_bytes/BRAM_8192_bytes.v:705) [EFX-0200]


WARNING  : Removing redundant signal : address_map[13]. (/home/olle/efinity_p2/BRAM/ip/BRAM_8192_bytes/BRAM_8192_bytes.v:705) [EFX-0200]


WARNING  : Removing redundant signal : address_map[12]. (/home/olle/efinity_p2/BRAM/ip/BRAM_8192_bytes/BRAM_8192_bytes.v:705) [EFX-0200]


WARNING  : (The above message was generated too many times, subsequent similar messages will be muted.) [EFX-0200]


WARNING  : Re-wiring to GND non-driven net 'u_efx_bram.wdata_b[7]'. (/home/olle/efinity_p2/BRAM/ip/BRAM_8192_bytes/BRAM_8192_bytes.v:131) [EFX-0201]


WARNING  : Re-wiring to GND non-driven net 'u_efx_bram.wdata_b[6]'. (/home/olle/efinity_p2/BRAM/ip/BRAM_8192_bytes/BRAM_8192_bytes.v:131) [EFX-0201]


WARNING  : Re-wiring to GND non-driven net 'u_efx_bram.wdata_b[5]'. (/home/olle/efinity_p2/BRAM/ip/BRAM_8192_bytes/BRAM_8192_bytes.v:131) [EFX-0201]


WARNING  : Re-wiring to GND non-driven net 'u_efx_bram.wdata_b[4]'. (/home/olle/efinity_p2/BRAM/ip/BRAM_8192_bytes/BRAM_8192_bytes.v:131) [EFX-0201]


WARNING  : Re-wiring to GND non-driven net 'u_efx_bram.wdata_b[3]'. (/home/olle/efinity_p2/BRAM/ip/BRAM_8192_bytes/BRAM_8192_bytes.v:131) [EFX-0201]


WARNING  : Re-wiring to GND non-driven net 'u_efx_bram.wdata_b[2]'. (/home/olle/efinity_p2/BRAM/ip/BRAM_8192_bytes/BRAM_8192_bytes.v:131) [EFX-0201]


WARNING  : Re-wiring to GND non-driven net 'u_efx_bram.wdata_b[1]'. (/home/olle/efinity_p2/BRAM/ip/BRAM_8192_bytes/BRAM_8192_bytes.v:131) [EFX-0201]


WARNING  : Re-wiring to GND non-driven net 'u_efx_bram.wdata_b[0]'. (/home/olle/efinity_p2/BRAM/ip/BRAM_8192_bytes/BRAM_8192_bytes.v:131) [EFX-0201]


WARNING  : Re-wiring to GND non-driven net 'u_efx_bram.addr[12]'. (/home/olle/efinity_p2/BRAM/ip/BRAM_8192_bytes/BRAM_8192_bytes.v:131) [EFX-0201]


WARNING  : Re-wiring to GND non-driven net 'u_efx_bram.addr[11]'. (/home/olle/efinity_p2/BRAM/ip/BRAM_8192_bytes/BRAM_8192_bytes.v:131) [EFX-0201]


WARNING  : (The above message was generated too many times, subsequent similar messages will be muted.) [EFX-0201]


INFO     : ... Memory 'banks_0' is not initialized, assuming empty initial contents. (/home/olle/efinity_p2/BRAM/ip/micro_risc_v1/micro_risc_v1.v:13110) [EFX-0677]


INFO     : ... Memory 'ways_0_tags' is not initialized, assuming empty initial contents. (/home/olle/efinity_p2/BRAM/ip/micro_risc_v1/micro_risc_v1.v:13111) [EFX-0677]


INFO     : ... Memory 'ways_0_tags' is not initialized, assuming empty initial contents. (/home/olle/efinity_p2/BRAM/ip/micro_risc_v1/micro_risc_v1.v:12364) [EFX-0677]


INFO     : ... Memory 'ways_0_data_symbol0' is not initialized, assuming empty initial contents. (/home/olle/efinity_p2/BRAM/ip/micro_risc_v1/micro_risc_v1.v:12365) [EFX-0677]


INFO     : ... Memory 'ways_0_data_symbol1' is not initialized, assuming empty initial contents. (/home/olle/efinity_p2/BRAM/ip/micro_risc_v1/micro_risc_v1.v:12366) [EFX-0677]


INFO     : ... Memory 'ways_0_data_symbol2' is not initialized, assuming empty initial contents. (/home/olle/efinity_p2/BRAM/ip/micro_risc_v1/micro_risc_v1.v:12367) [EFX-0677]


INFO     : ... Memory 'ways_0_data_symbol3' is not initialized, assuming empty initial contents. (/home/olle/efinity_p2/BRAM/ip/micro_risc_v1/micro_risc_v1.v:12368) [EFX-0677]


INFO     : ... Memory 'RegFilePlugin_regFile' is not initialized, assuming empty initial contents. (/home/olle/efinity_p2/BRAM/ip/micro_risc_v1/micro_risc_v1.v:7542) [EFX-0677]


INFO     : ... Memory 'logic_progbufX_mem' is not initialized, assuming empty initial contents. (/home/olle/efinity_p2/BRAM/ip/micro_risc_v1/micro_risc_v1.v:5441) [EFX-0677]


INFO     : Module Instance 'memory_arbiter' input pin 'io_inputs_0_payload_fragment_source[0]' is tied to constant (=0). [EFX-0266]


INFO     : Module Instance 'memory_arbiter' input pin 'io_inputs_1_payload_fragment_source[0]' is tied to constant (=0). [EFX-0266]


INFO     : Module Instance 'memory_arbiter' input pin 'io_inputs_1_payload_fragment_context[0]' is tied to constant (=0). [EFX-0266]


INFO     : Module Instance 'tx' input pin 'io_cts' is tied to constant (=0). [EFX-0266]


INFO     : ... Memory 'logic_ram' is not initialized, assuming empty initial contents. (/home/olle/efinity_p2/BRAM/ip/micro_risc_v1/micro_risc_v1.v:11642) [EFX-0677]


INFO     : Module Instance 'bridge_write_streamUnbuffered_queueWithOccupancy' input pin 'io_flush' is tied to constant (=0). [EFX-0266]


INFO     : Module Instance 'uartCtrl_1_io_read_queueWithOccupancy' input pin 'io_flush' is tied to constant (=0). [EFX-0266]


INFO     : Module Instance 'system_bridge_bmb_arbiter' input pin 'io_inputs_1_cmd_payload_fragment_data[0]' is tied to constant (=0). [EFX-0266]


INFO     : Module Instance 'system_bridge_bmb_arbiter' input pin 'io_inputs_1_cmd_payload_fragment_data[1]' is tied to constant (=0). [EFX-0266]


INFO     : Module Instance 'system_bridge_bmb_arbiter' input pin 'io_inputs_1_cmd_payload_fragment_data[2]' is tied to constant (=0). [EFX-0266]


INFO     : Module Instance 'system_bridge_bmb_arbiter' input pin 'io_inputs_1_cmd_payload_fragment_data[3]' is tied to constant (=0). [EFX-0266]


INFO     : Module Instance 'system_bridge_bmb_arbiter' input pin 'io_inputs_1_cmd_payload_fragment_data[4]' is tied to constant (=0). [EFX-0266]


INFO     : Module Instance 'system_bridge_bmb_arbiter' input pin 'io_inputs_1_cmd_payload_fragment_data[5]' is tied to constant (=0). [EFX-0266]


INFO     : Module Instance 'system_bridge_bmb_arbiter' input pin 'io_inputs_1_cmd_payload_fragment_data[6]' is tied to constant (=0). [EFX-0266]


INFO     : Module Instance 'system_bridge_bmb_arbiter' input pin 'io_inputs_1_cmd_payload_fragment_data[7]' is tied to constant (=0). [EFX-0266]


INFO     : Module Instance 'system_bridge_bmb_arbiter' input pin 'io_inputs_1_cmd_payload_fragment_data[8]' is tied to constant (=0). [EFX-0266]


INFO     : Module Instance 'system_bridge_bmb_arbiter' input pin 'io_inputs_1_cmd_payload_fragment_data[9]' is tied to constant (=0). [EFX-0266]


INFO     : Module Instance 'system_bridge_bmb_arbiter' input pin 'io_inputs_1_cmd_payload_fragment_data[10]' is tied to constant (=0). [EFX-0266]


INFO     : Module Instance 'system_bridge_bmb_arbiter' input pin 'io_inputs_1_cmd_payload_fragment_data[11]' is tied to constant (=0). [EFX-0266]


INFO     : Module Instance 'system_bridge_bmb_arbiter' input pin 'io_inputs_1_cmd_payload_fragment_data[12]' is tied to constant (=0). [EFX-0266]


INFO     : Module Instance 'system_bridge_bmb_arbiter' input pin 'io_inputs_1_cmd_payload_fragment_data[13]' is tied to constant (=0). [EFX-0266]


INFO     : Module Instance 'system_bridge_bmb_arbiter' input pin 'io_inputs_1_cmd_payload_fragment_data[14]' is tied to constant (=0). [EFX-0266]


INFO     : Module Instance 'system_bridge_bmb_arbiter' input pin 'io_inputs_1_cmd_payload_fragment_data[15]' is tied to constant (=0). [EFX-0266]


INFO     : Module Instance 'system_bridge_bmb_arbiter' input pin 'io_inputs_1_cmd_payload_fragment_data[16]' is tied to constant (=0). [EFX-0266]


INFO     : Module Instance 'system_bridge_bmb_arbiter' input pin 'io_inputs_1_cmd_payload_fragment_data[17]' is tied to constant (=0). [EFX-0266]


INFO     : Module Instance 'system_bridge_bmb_arbiter' input pin 'io_inputs_1_cmd_payload_fragment_data[18]' is tied to constant (=0). [EFX-0266]


INFO     : Module Instance 'system_bridge_bmb_arbiter' input pin 'io_inputs_1_cmd_payload_fragment_data[19]' is tied to constant (=0). [EFX-0266]


INFO     : Module Instance 'system_bridge_bmb_arbiter' input pin 'io_inputs_1_cmd_payload_fragment_data[20]' is tied to constant (=0). [EFX-0266]


INFO     : Module Instance 'system_bridge_bmb_arbiter' input pin 'io_inputs_1_cmd_payload_fragment_data[21]' is tied to constant (=0). [EFX-0266]


INFO     : Module Instance 'system_bridge_bmb_arbiter' input pin 'io_inputs_1_cmd_payload_fragment_data[22]' is tied to constant (=0). [EFX-0266]


INFO     : Module Instance 'system_bridge_bmb_arbiter' input pin 'io_inputs_1_cmd_payload_fragment_data[23]' is tied to constant (=0). [EFX-0266]


INFO     : Module Instance 'system_bridge_bmb_arbiter' input pin 'io_inputs_1_cmd_payload_fragment_data[24]' is tied to constant (=0). [EFX-0266]


INFO     : Module Instance 'system_bridge_bmb_arbiter' input pin 'io_inputs_1_cmd_payload_fragment_data[25]' is tied to constant (=0). [EFX-0266]


INFO     : Module Instance 'system_bridge_bmb_arbiter' input pin 'io_inputs_1_cmd_payload_fragment_data[26]' is tied to constant (=0). [EFX-0266]


INFO     : Module Instance 'system_bridge_bmb_arbiter' input pin 'io_inputs_1_cmd_payload_fragment_data[27]' is tied to constant (=0). [EFX-0266]


INFO     : Module Instance 'system_bridge_bmb_arbiter' input pin 'io_inputs_1_cmd_payload_fragment_data[28]' is tied to constant (=0). [EFX-0266]


INFO     : Module Instance 'system_bridge_bmb_arbiter' input pin 'io_inputs_1_cmd_payload_fragment_data[29]' is tied to constant (=0). [EFX-0266]


INFO     : Module Instance 'system_bridge_bmb_arbiter' input pin 'io_inputs_1_cmd_payload_fragment_data[30]' is tied to constant (=0). [EFX-0266]


INFO     : Module Instance 'system_bridge_bmb_arbiter' input pin 'io_inputs_1_cmd_payload_fragment_data[31]' is tied to constant (=0). [EFX-0266]


INFO     : Module Instance 'system_bridge_bmb_arbiter' input pin 'io_inputs_1_cmd_payload_fragment_mask[0]' is tied to constant (=0). [EFX-0266]


INFO     : Module Instance 'system_bridge_bmb_arbiter' input pin 'io_inputs_1_cmd_payload_fragment_mask[1]' is tied to constant (=0). [EFX-0266]


INFO     : Module Instance 'system_bridge_bmb_arbiter' input pin 'io_inputs_1_cmd_payload_fragment_mask[2]' is tied to constant (=0). [EFX-0266]


INFO     : Module Instance 'system_bridge_bmb_arbiter' input pin 'io_inputs_1_cmd_payload_fragment_mask[3]' is tied to constant (=0). [EFX-0266]


INFO     : ... Pre-synthesis checks end (Real time : 0s CPU user time : 1s CPU sys time : 0s MEM : 313736KB)


INFO     : ... NameSpace init begin


INFO     : ... NameSpace init end (Real time : 0s CPU user time : 1s CPU sys time : 0s MEM : 313736KB)


INFO     : ... Mapping design "top_level"


INFO     : ... Hierarchical pre-synthesis "bram_primitive_8d8bd7fa46784c519c924c36e9ddd8d4(FAMILY="TRION",WRITE_WIDTH=1,WCLK_POLARITY=1,WCLKE_POLARITY=1,WE_POLARITY=1,READ_WIDTH=1,RCLK_POLARITY=1,RE_POLARITY=1,OUTPUT_REG=0,RST_POLARITY=1,WADDREN_POLARITY=1,RADDREN_POLARITY=1)" begin


INFO     : ... Hierarchical pre-synthesis "bram_primitive_8d8bd7fa46784c519c924c36e9ddd8d4(FAMILY="TRION",WRITE_WIDTH=1,WCLK_POLARITY=1,WCLKE_POLARITY=1,WE_POLARITY=1,READ_WIDTH=1,RCLK_POLARITY=1,RE_POLARITY=1,OUTPUT_REG=0,RST_POLARITY=1,WADDREN_POLARITY=1,RADDREN_POLARITY=1)" end (Real time : 0s CPU user time : 1s CPU sys time : 0s MEM : 313736KB)


INFO     : ... Hierarchical pre-synthesis "bram_primitive_8d8bd7fa46784c519c924c36e9ddd8d4(FAMILY="TRION",WRITE_WIDTH=1,WCLK_POLARITY=1,WCLKE_POLARITY=1,WE_POLARITY=1,READ_WIDTH=1,RCLK_POLARITY=1,RE_POLARITY=1,OUTPUT_REG=0,RST_POLARITY=1,WADDREN_POLARITY=1,RADDREN_POLARITY=1,ini_index=1)" begin


INFO     : ... Hierarchical pre-synthesis "bram_primitive_8d8bd7fa46784c519c924c36e9ddd8d4(FAMILY="TRION",WRITE_WIDTH=1,WCLK_POLARITY=1,WCLKE_POLARITY=1,WE_POLARITY=1,READ_WIDTH=1,RCLK_POLARITY=1,RE_POLARITY=1,OUTPUT_REG=0,RST_POLARITY=1,WADDREN_POLARITY=1,RADDREN_POLARITY=1,ini_index=1)" end (Real time : 0s CPU user time : 1s CPU sys time : 0s MEM : 313736KB)


INFO     : ... Hierarchical pre-synthesis "bram_primitive_8d8bd7fa46784c519c924c36e9ddd8d4(FAMILY="TRION",WRITE_WIDTH=1,WCLK_POLARITY=1,WCLKE_POLARITY=1,WE_POLARITY=1,READ_WIDTH=1,RCLK_POLARITY=1,RE_POLARITY=1,OUTPUT_REG=0,RST_POLARITY=1,WADDREN_POLARITY=1,RADDREN_POLARITY=1,ini_index=2)" begin


INFO     : ... Hierarchical pre-synthesis "bram_primitive_8d8bd7fa46784c519c924c36e9ddd8d4(FAMILY="TRION",WRITE_WIDTH=1,WCLK_POLARITY=1,WCLKE_POLARITY=1,WE_POLARITY=1,READ_WIDTH=1,RCLK_POLARITY=1,RE_POLARITY=1,OUTPUT_REG=0,RST_POLARITY=1,WADDREN_POLARITY=1,RADDREN_POLARITY=1,ini_index=2)" end (Real time : 0s CPU user time : 1s CPU sys time : 0s MEM : 313736KB)


INFO     : ... Hierarchical pre-synthesis "bram_primitive_8d8bd7fa46784c519c924c36e9ddd8d4(FAMILY="TRION",WRITE_WIDTH=1,WCLK_POLARITY=1,WCLKE_POLARITY=1,WE_POLARITY=1,READ_WIDTH=1,RCLK_POLARITY=1,RE_POLARITY=1,OUTPUT_REG=0,RST_POLARITY=1,WADDREN_POLARITY=1,RADDREN_POLARITY=1,ini_index=3)" begin


INFO     : ... Hierarchical pre-synthesis "bram_primitive_8d8bd7fa46784c519c924c36e9ddd8d4(FAMILY="TRION",WRITE_WIDTH=1,WCLK_POLARITY=1,WCLKE_POLARITY=1,WE_POLARITY=1,READ_WIDTH=1,RCLK_POLARITY=1,RE_POLARITY=1,OUTPUT_REG=0,RST_POLARITY=1,WADDREN_POLARITY=1,RADDREN_POLARITY=1,ini_index=3)" end (Real time : 0s CPU user time : 1s CPU sys time : 0s MEM : 313736KB)


INFO     : ... Hierarchical pre-synthesis "bram_primitive_8d8bd7fa46784c519c924c36e9ddd8d4(FAMILY="TRION",WRITE_WIDTH=1,WCLK_POLARITY=1,WCLKE_POLARITY=1,WE_POLARITY=1,READ_WIDTH=1,RCLK_POLARITY=1,RE_POLARITY=1,OUTPUT_REG=0,RST_POLARITY=1,WADDREN_POLARITY=1,RADDREN_POLARITY=1,ini_index=4)" begin


INFO     : ... Hierarchical pre-synthesis "bram_primitive_8d8bd7fa46784c519c924c36e9ddd8d4(FAMILY="TRION",WRITE_WIDTH=1,WCLK_POLARITY=1,WCLKE_POLARITY=1,WE_POLARITY=1,READ_WIDTH=1,RCLK_POLARITY=1,RE_POLARITY=1,OUTPUT_REG=0,RST_POLARITY=1,WADDREN_POLARITY=1,RADDREN_POLARITY=1,ini_index=4)" end (Real time : 0s CPU user time : 1s CPU sys time : 0s MEM : 313736KB)


INFO     : ... Hierarchical pre-synthesis "bram_primitive_8d8bd7fa46784c519c924c36e9ddd8d4(FAMILY="TRION",WRITE_WIDTH=1,WCLK_POLARITY=1,WCLKE_POLARITY=1,WE_POLARITY=1,READ_WIDTH=1,RCLK_POLARITY=1,RE_POLARITY=1,OUTPUT_REG=0,RST_POLARITY=1,WADDREN_POLARITY=1,RADDREN_POLARITY=1,ini_index=5)" begin


INFO     : ... Hierarchical pre-synthesis "bram_primitive_8d8bd7fa46784c519c924c36e9ddd8d4(FAMILY="TRION",WRITE_WIDTH=1,WCLK_POLARITY=1,WCLKE_POLARITY=1,WE_POLARITY=1,READ_WIDTH=1,RCLK_POLARITY=1,RE_POLARITY=1,OUTPUT_REG=0,RST_POLARITY=1,WADDREN_POLARITY=1,RADDREN_POLARITY=1,ini_index=5)" end (Real time : 0s CPU user time : 1s CPU sys time : 0s MEM : 313736KB)


INFO     : ... Hierarchical pre-synthesis "bram_primitive_8d8bd7fa46784c519c924c36e9ddd8d4(FAMILY="TRION",WRITE_WIDTH=1,WCLK_POLARITY=1,WCLKE_POLARITY=1,WE_POLARITY=1,READ_WIDTH=1,RCLK_POLARITY=1,RE_POLARITY=1,OUTPUT_REG=0,RST_POLARITY=1,WADDREN_POLARITY=1,RADDREN_POLARITY=1,ini_index=6)" begin


INFO     : ... Hierarchical pre-synthesis "bram_primitive_8d8bd7fa46784c519c924c36e9ddd8d4(FAMILY="TRION",WRITE_WIDTH=1,WCLK_POLARITY=1,WCLKE_POLARITY=1,WE_POLARITY=1,READ_WIDTH=1,RCLK_POLARITY=1,RE_POLARITY=1,OUTPUT_REG=0,RST_POLARITY=1,WADDREN_POLARITY=1,RADDREN_POLARITY=1,ini_index=6)" end (Real time : 0s CPU user time : 1s CPU sys time : 0s MEM : 313736KB)


INFO     : ... Hierarchical pre-synthesis "bram_primitive_8d8bd7fa46784c519c924c36e9ddd8d4(FAMILY="TRION",WRITE_WIDTH=1,WCLK_POLARITY=1,WCLKE_POLARITY=1,WE_POLARITY=1,READ_WIDTH=1,RCLK_POLARITY=1,RE_POLARITY=1,OUTPUT_REG=0,RST_POLARITY=1,WADDREN_POLARITY=1,RADDREN_POLARITY=1,ini_index=7)" begin


INFO     : ... Hierarchical pre-synthesis "bram_primitive_8d8bd7fa46784c519c924c36e9ddd8d4(FAMILY="TRION",WRITE_WIDTH=1,WCLK_POLARITY=1,WCLKE_POLARITY=1,WE_POLARITY=1,READ_WIDTH=1,RCLK_POLARITY=1,RE_POLARITY=1,OUTPUT_REG=0,RST_POLARITY=1,WADDREN_POLARITY=1,RADDREN_POLARITY=1,ini_index=7)" end (Real time : 0s CPU user time : 1s CPU sys time : 0s MEM : 313736KB)


INFO     : ... Hierarchical pre-synthesis "bram_primitive_8d8bd7fa46784c519c924c36e9ddd8d4(FAMILY="TRION",WRITE_WIDTH=1,WCLK_POLARITY=1,WCLKE_POLARITY=1,WE_POLARITY=1,READ_WIDTH=1,RCLK_POLARITY=1,RE_POLARITY=1,OUTPUT_REG=0,RST_POLARITY=1,WADDREN_POLARITY=1,RADDREN_POLARITY=1,ini_index=8)" begin


INFO     : ... Hierarchical pre-synthesis "bram_primitive_8d8bd7fa46784c519c924c36e9ddd8d4(FAMILY="TRION",WRITE_WIDTH=1,WCLK_POLARITY=1,WCLKE_POLARITY=1,WE_POLARITY=1,READ_WIDTH=1,RCLK_POLARITY=1,RE_POLARITY=1,OUTPUT_REG=0,RST_POLARITY=1,WADDREN_POLARITY=1,RADDREN_POLARITY=1,ini_index=8)" end (Real time : 0s CPU user time : 1s CPU sys time : 0s MEM : 313736KB)


INFO     : ... Hierarchical pre-synthesis "bram_primitive_8d8bd7fa46784c519c924c36e9ddd8d4(FAMILY="TRION",WRITE_WIDTH=1,WCLK_POLARITY=1,WCLKE_POLARITY=1,WE_POLARITY=1,READ_WIDTH=1,RCLK_POLARITY=1,RE_POLARITY=1,OUTPUT_REG=0,RST_POLARITY=1,WADDREN_POLARITY=1,RADDREN_POLARITY=1,ini_index=9)" begin


INFO     : ... Hierarchical pre-synthesis "bram_primitive_8d8bd7fa46784c519c924c36e9ddd8d4(FAMILY="TRION",WRITE_WIDTH=1,WCLK_POLARITY=1,WCLKE_POLARITY=1,WE_POLARITY=1,READ_WIDTH=1,RCLK_POLARITY=1,RE_POLARITY=1,OUTPUT_REG=0,RST_POLARITY=1,WADDREN_POLARITY=1,RADDREN_POLARITY=1,ini_index=9)" end (Real time : 0s CPU user time : 1s CPU sys time : 0s MEM : 313736KB)


INFO     : ... Hierarchical pre-synthesis "bram_primitive_8d8bd7fa46784c519c924c36e9ddd8d4(FAMILY="TRION",WRITE_WIDTH=1,WCLK_POLARITY=1,WCLKE_POLARITY=1,WE_POLARITY=1,READ_WIDTH=1,RCLK_POLARITY=1,RE_POLARITY=1,OUTPUT_REG=0,RST_POLARITY=1,WADDREN_POLARITY=1,RADDREN_POLARITY=1,ini_index=10)" begin


INFO     : ... Hierarchical pre-synthesis "bram_primitive_8d8bd7fa46784c519c924c36e9ddd8d4(FAMILY="TRION",WRITE_WIDTH=1,WCLK_POLARITY=1,WCLKE_POLARITY=1,WE_POLARITY=1,READ_WIDTH=1,RCLK_POLARITY=1,RE_POLARITY=1,OUTPUT_REG=0,RST_POLARITY=1,WADDREN_POLARITY=1,RADDREN_POLARITY=1,ini_index=10)" end (Real time : 0s CPU user time : 1s CPU sys time : 0s MEM : 313736KB)


INFO     : ... Hierarchical pre-synthesis "bram_primitive_8d8bd7fa46784c519c924c36e9ddd8d4(FAMILY="TRION",WRITE_WIDTH=1,WCLK_POLARITY=1,WCLKE_POLARITY=1,WE_POLARITY=1,READ_WIDTH=1,RCLK_POLARITY=1,RE_POLARITY=1,OUTPUT_REG=0,RST_POLARITY=1,WADDREN_POLARITY=1,RADDREN_POLARITY=1,ini_index=11)" begin


INFO     : ... Hierarchical pre-synthesis "bram_primitive_8d8bd7fa46784c519c924c36e9ddd8d4(FAMILY="TRION",WRITE_WIDTH=1,WCLK_POLARITY=1,WCLKE_POLARITY=1,WE_POLARITY=1,READ_WIDTH=1,RCLK_POLARITY=1,RE_POLARITY=1,OUTPUT_REG=0,RST_POLARITY=1,WADDREN_POLARITY=1,RADDREN_POLARITY=1,ini_index=11)" end (Real time : 0s CPU user time : 1s CPU sys time : 0s MEM : 313736KB)


INFO     : ... Hierarchical pre-synthesis "bram_primitive_8d8bd7fa46784c519c924c36e9ddd8d4(FAMILY="TRION",WRITE_WIDTH=1,WCLK_POLARITY=1,WCLKE_POLARITY=1,WE_POLARITY=1,READ_WIDTH=1,RCLK_POLARITY=1,RE_POLARITY=1,OUTPUT_REG=0,RST_POLARITY=1,WADDREN_POLARITY=1,RADDREN_POLARITY=1,ini_index=12)" begin


INFO     : ... Hierarchical pre-synthesis "bram_primitive_8d8bd7fa46784c519c924c36e9ddd8d4(FAMILY="TRION",WRITE_WIDTH=1,WCLK_POLARITY=1,WCLKE_POLARITY=1,WE_POLARITY=1,READ_WIDTH=1,RCLK_POLARITY=1,RE_POLARITY=1,OUTPUT_REG=0,RST_POLARITY=1,WADDREN_POLARITY=1,RADDREN_POLARITY=1,ini_index=12)" end (Real time : 0s CPU user time : 1s CPU sys time : 0s MEM : 313736KB)


INFO     : ... Hierarchical pre-synthesis "bram_primitive_8d8bd7fa46784c519c924c36e9ddd8d4(FAMILY="TRION",WRITE_WIDTH=1,WCLK_POLARITY=1,WCLKE_POLARITY=1,WE_POLARITY=1,READ_WIDTH=1,RCLK_POLARITY=1,RE_POLARITY=1,OUTPUT_REG=0,RST_POLARITY=1,WADDREN_POLARITY=1,RADDREN_POLARITY=1,ini_index=13)" begin


INFO     : ... Hierarchical pre-synthesis "bram_primitive_8d8bd7fa46784c519c924c36e9ddd8d4(FAMILY="TRION",WRITE_WIDTH=1,WCLK_POLARITY=1,WCLKE_POLARITY=1,WE_POLARITY=1,READ_WIDTH=1,RCLK_POLARITY=1,RE_POLARITY=1,OUTPUT_REG=0,RST_POLARITY=1,WADDREN_POLARITY=1,RADDREN_POLARITY=1,ini_index=13)" end (Real time : 0s CPU user time : 1s CPU sys time : 0s MEM : 313736KB)


INFO     : ... Hierarchical pre-synthesis "bram_primitive_8d8bd7fa46784c519c924c36e9ddd8d4(FAMILY="TRION",WRITE_WIDTH=1,WCLK_POLARITY=1,WCLKE_POLARITY=1,WE_POLARITY=1,READ_WIDTH=1,RCLK_POLARITY=1,RE_POLARITY=1,OUTPUT_REG=0,RST_POLARITY=1,WADDREN_POLARITY=1,RADDREN_POLARITY=1,ini_index=14)" begin


INFO     : ... Hierarchical pre-synthesis "bram_primitive_8d8bd7fa46784c519c924c36e9ddd8d4(FAMILY="TRION",WRITE_WIDTH=1,WCLK_POLARITY=1,WCLKE_POLARITY=1,WE_POLARITY=1,READ_WIDTH=1,RCLK_POLARITY=1,RE_POLARITY=1,OUTPUT_REG=0,RST_POLARITY=1,WADDREN_POLARITY=1,RADDREN_POLARITY=1,ini_index=14)" end (Real time : 0s CPU user time : 1s CPU sys time : 0s MEM : 313736KB)


INFO     : ... Hierarchical pre-synthesis "bram_primitive_8d8bd7fa46784c519c924c36e9ddd8d4(FAMILY="TRION",WRITE_WIDTH=1,WCLK_POLARITY=1,WCLKE_POLARITY=1,WE_POLARITY=1,READ_WIDTH=1,RCLK_POLARITY=1,RE_POLARITY=1,OUTPUT_REG=0,RST_POLARITY=1,WADDREN_POLARITY=1,RADDREN_POLARITY=1,ini_index=15)" begin


INFO     : ... Hierarchical pre-synthesis "bram_primitive_8d8bd7fa46784c519c924c36e9ddd8d4(FAMILY="TRION",WRITE_WIDTH=1,WCLK_POLARITY=1,WCLKE_POLARITY=1,WE_POLARITY=1,READ_WIDTH=1,RCLK_POLARITY=1,RE_POLARITY=1,OUTPUT_REG=0,RST_POLARITY=1,WADDREN_POLARITY=1,RADDREN_POLARITY=1,ini_index=15)" end (Real time : 0s CPU user time : 1s CPU sys time : 0s MEM : 313736KB)


INFO     : ... Hierarchical pre-synthesis "bram_wrapper_mwm_8d8bd7fa46784c519c924c36e9ddd8d4(FAMILY="TRION",WCLK_POLARITY=1,WCLKE_POLARITY=1,WE_POLARITY=1,RCLK_POLARITY=1,RE_POLARITY=1,OUTPUT_REG=0,BYTEEN_POLARITY=1,RST_POLARITY=1,WADDREN_POLARITY=1,RADDREN_POLARITY=1,DATA_WIDTH_A=8,DATA_WIDTH_B=8,ADDR_WIDTH_A=13,ADDR_WIDTH_B=13,BYTEEN_WIDTH=1)" begin


INFO     : ... Hierarchical pre-synthesis "bram_wrapper_mwm_8d8bd7fa46784c519c924c36e9ddd8d4(FAMILY="TRION",WCLK_POLARITY=1,WCLKE_POLARITY=1,WE_POLARITY=1,RCLK_POLARITY=1,RE_POLARITY=1,OUTPUT_REG=0,BYTEEN_POLARITY=1,RST_POLARITY=1,WADDREN_POLARITY=1,RADDREN_POLARITY=1,DATA_WIDTH_A=8,DATA_WIDTH_B=8,ADDR_WIDTH_A=13,ADDR_WIDTH_B=13,BYTEEN_WIDTH=1)" end (Real time : 0s CPU user time : 1s CPU sys time : 0s MEM : 313736KB)


INFO     : ... Hierarchical pre-synthesis "efx_simple_dual_port_ram_8d8bd7fa46784c519c924c36e9ddd8d4_renamed_due_excessive_length_2" begin


INFO     : ... Hierarchical pre-synthesis "efx_simple_dual_port_ram_8d8bd7fa46784c519c924c36e9ddd8d4_renamed_due_excessive_length_2" end (Real time : 0s CPU user time : 1s CPU sys time : 0s MEM : 313736KB)


INFO     : ... Hierarchical pre-synthesis "efx_bram_8d8bd7fa46784c519c924c36e9ddd8d4_renamed_due_excessive_length_1" begin


INFO     : ... Hierarchical pre-synthesis "efx_bram_8d8bd7fa46784c519c924c36e9ddd8d4_renamed_due_excessive_length_1" end (Real time : 0s CPU user time : 1s CPU sys time : 0s MEM : 313736KB)


INFO     : ... Hierarchical pre-synthesis "BRAM_8192_bytes" begin


INFO     : ... Hierarchical pre-synthesis "BRAM_8192_bytes" end (Real time : 0s CPU user time : 1s CPU sys time : 0s MEM : 313736KB)


INFO     : ... Hierarchical pre-synthesis "InstructionCache_faed934d2b154b51963a7ef5a6cb5a17" begin


INFO     : ... Hierarchical pre-synthesis "InstructionCache_faed934d2b154b51963a7ef5a6cb5a17" end (Real time : 0s CPU user time : 1s CPU sys time : 0s MEM : 313736KB)


INFO     : ... Hierarchical pre-synthesis "DataCache_faed934d2b154b51963a7ef5a6cb5a17" begin


INFO     : ... Hierarchical pre-synthesis "DataCache_faed934d2b154b51963a7ef5a6cb5a17" end (Real time : 0s CPU user time : 1s CPU sys time : 0s MEM : 313736KB)


INFO     : ... Hierarchical pre-synthesis "BufferCC_faed934d2b154b51963a7ef5a6cb5a17" begin


INFO     : ... Hierarchical pre-synthesis "BufferCC_faed934d2b154b51963a7ef5a6cb5a17" end (Real time : 0s CPU user time : 1s CPU sys time : 0s MEM : 313736KB)


INFO     : ... Hierarchical pre-synthesis "EfxCPUSp1_faed934d2b154b51963a7ef5a6cb5a17" begin


INFO     : ... Hierarchical pre-synthesis "EfxCPUSp1_faed934d2b154b51963a7ef5a6cb5a17" end (Real time : 0s CPU user time : 1s CPU sys time : 0s MEM : 313736KB)


INFO     : ... Hierarchical pre-synthesis "VexRiscv_faed934d2b154b51963a7ef5a6cb5a17" begin


INFO     : ... Hierarchical pre-synthesis "VexRiscv_faed934d2b154b51963a7ef5a6cb5a17" end (Real time : 0s CPU user time : 2s CPU sys time : 0s MEM : 313736KB)


INFO     : ... Hierarchical pre-synthesis "DebugModule_faed934d2b154b51963a7ef5a6cb5a17" begin


INFO     : ... Hierarchical pre-synthesis "DebugModule_faed934d2b154b51963a7ef5a6cb5a17" end (Real time : 0s CPU user time : 2s CPU sys time : 0s MEM : 313736KB)


INFO     : ... Hierarchical pre-synthesis "BufferCC_5_faed934d2b154b51963a7ef5a6cb5a17" begin


INFO     : ... Hierarchical pre-synthesis "BufferCC_5_faed934d2b154b51963a7ef5a6cb5a17" end (Real time : 0s CPU user time : 2s CPU sys time : 0s MEM : 313736KB)


INFO     : ... Hierarchical pre-synthesis "BufferCC_1_faed934d2b154b51963a7ef5a6cb5a17" begin


INFO     : ... Hierarchical pre-synthesis "BufferCC_1_faed934d2b154b51963a7ef5a6cb5a17" end (Real time : 0s CPU user time : 2s CPU sys time : 0s MEM : 313736KB)


INFO     : ... Hierarchical pre-synthesis "FlowCCByToggle_faed934d2b154b51963a7ef5a6cb5a17" begin


INFO     : ... Hierarchical pre-synthesis "FlowCCByToggle_faed934d2b154b51963a7ef5a6cb5a17" end (Real time : 0s CPU user time : 2s CPU sys time : 0s MEM : 313736KB)


INFO     : ... Hierarchical pre-synthesis "BufferCC_2_faed934d2b154b51963a7ef5a6cb5a17" begin


INFO     : ... Hierarchical pre-synthesis "BufferCC_2_faed934d2b154b51963a7ef5a6cb5a17" end (Real time : 0s CPU user time : 2s CPU sys time : 0s MEM : 313736KB)


INFO     : ... Hierarchical pre-synthesis "BufferCC_3_faed934d2b154b51963a7ef5a6cb5a17" begin


INFO     : ... Hierarchical pre-synthesis "BufferCC_3_faed934d2b154b51963a7ef5a6cb5a17" end (Real time : 0s CPU user time : 2s CPU sys time : 0s MEM : 313736KB)


INFO     : ... Hierarchical pre-synthesis "FlowCCByToggle_1_faed934d2b154b51963a7ef5a6cb5a17" begin


INFO     : ... Hierarchical pre-synthesis "FlowCCByToggle_1_faed934d2b154b51963a7ef5a6cb5a17" end (Real time : 0s CPU user time : 2s CPU sys time : 0s MEM : 313736KB)


INFO     : ... Hierarchical pre-synthesis "DebugTransportModuleJtagTap_faed934d2b154b51963a7ef5a6cb5a17" begin


INFO     : ... Wide MUX mapping to ram-net, output: 'tap_fsm_stateNext_string' select size : 4 output width: 80


INFO     : ... Wide MUX mapping to ram-net, output: 'tap_fsm_state_string' select size : 4 output width: 80


INFO     : ... Wide MUX mapping to ram-net, output: '_zz_tap_fsm_stateNext_string' select size : 4 output width: 80


INFO     : ... Wide MUX mapping to ram-net, output: '_zz_tap_fsm_stateNext_1_string' select size : 4 output width: 80


INFO     : ... Wide MUX mapping to ram-net, output: '_zz_tap_fsm_stateNext_2_string' select size : 4 output width: 80


INFO     : ... Wide MUX mapping to ram-net, output: '_zz_tap_fsm_stateNext_3_string' select size : 4 output width: 80


INFO     : ... Wide MUX mapping to ram-net, output: '_zz_tap_fsm_stateNext_4_string' select size : 4 output width: 80


INFO     : ... Wide MUX mapping to ram-net, output: '_zz_tap_fsm_stateNext_5_string' select size : 4 output width: 80


INFO     : ... Wide MUX mapping to ram-net, output: '_zz_tap_fsm_stateNext_6_string' select size : 4 output width: 80


INFO     : ... Wide MUX mapping to ram-net, output: '_zz_tap_fsm_stateNext_7_string' select size : 4 output width: 80


INFO     : ... Wide MUX mapping to ram-net, output: '_zz_tap_fsm_stateNext_9_string' select size : 4 output width: 80


INFO     : ... Wide MUX mapping to ram-net, output: '_zz_tap_fsm_stateNext_10_string' select size : 4 output width: 80


INFO     : ... Wide MUX mapping to ram-net, output: '_zz_tap_fsm_stateNext_12_string' select size : 4 output width: 80


INFO     : ... Wide MUX mapping to ram-net, output: '_zz_tap_fsm_stateNext_13_string' select size : 4 output width: 80


INFO     : ... Wide MUX mapping to ram-net, output: '_zz_tap_fsm_stateNext_14_string' select size : 4 output width: 80


INFO     : ... Hierarchical pre-synthesis "DebugTransportModuleJtagTap_faed934d2b154b51963a7ef5a6cb5a17" end (Real time : 1s CPU user time : 2s CPU sys time : 0s MEM : 313736KB)


INFO     : ... Hierarchical pre-synthesis "BufferCC_6_faed934d2b154b51963a7ef5a6cb5a17" begin


INFO     : ... Hierarchical pre-synthesis "BufferCC_6_faed934d2b154b51963a7ef5a6cb5a17" end (Real time : 0s CPU user time : 2s CPU sys time : 0s MEM : 313736KB)


INFO     : ... Hierarchical pre-synthesis "BufferCC_8_faed934d2b154b51963a7ef5a6cb5a17" begin


INFO     : ... Hierarchical pre-synthesis "BufferCC_8_faed934d2b154b51963a7ef5a6cb5a17" end (Real time : 0s CPU user time : 2s CPU sys time : 0s MEM : 313736KB)


INFO     : ... Hierarchical pre-synthesis "BmbDecoder_faed934d2b154b51963a7ef5a6cb5a17" begin


INFO     : ... Hierarchical pre-synthesis "BmbDecoder_faed934d2b154b51963a7ef5a6cb5a17" end (Real time : 0s CPU user time : 2s CPU sys time : 0s MEM : 313736KB)


INFO     : ... Hierarchical pre-synthesis "StreamArbiter_faed934d2b154b51963a7ef5a6cb5a17" begin


INFO     : ... Hierarchical pre-synthesis "StreamArbiter_faed934d2b154b51963a7ef5a6cb5a17" end (Real time : 0s CPU user time : 2s CPU sys time : 0s MEM : 313736KB)


INFO     : ... Hierarchical pre-synthesis "BmbArbiter_faed934d2b154b51963a7ef5a6cb5a17" begin


INFO     : ... Hierarchical pre-synthesis "BmbArbiter_faed934d2b154b51963a7ef5a6cb5a17" end (Real time : 0s CPU user time : 2s CPU sys time : 0s MEM : 313736KB)


INFO     : ... Hierarchical pre-synthesis "BmbDecoder_1_faed934d2b154b51963a7ef5a6cb5a17" begin


INFO     : ... Hierarchical pre-synthesis "BmbDecoder_1_faed934d2b154b51963a7ef5a6cb5a17" end (Real time : 0s CPU user time : 2s CPU sys time : 0s MEM : 313736KB)


INFO     : ... Hierarchical pre-synthesis "BmbOnChipRam_faed934d2b154b51963a7ef5a6cb5a17" begin


INFO     : ... Hierarchical pre-synthesis "BmbOnChipRam_faed934d2b154b51963a7ef5a6cb5a17" end (Real time : 0s CPU user time : 2s CPU sys time : 0s MEM : 313736KB)


INFO     : ... Hierarchical pre-synthesis "BmbUnburstify_faed934d2b154b51963a7ef5a6cb5a17" begin


INFO     : ... Hierarchical pre-synthesis "BmbUnburstify_faed934d2b154b51963a7ef5a6cb5a17" end (Real time : 0s CPU user time : 2s CPU sys time : 0s MEM : 313736KB)


INFO     : ... Hierarchical pre-synthesis "BmbDecoder_2_faed934d2b154b51963a7ef5a6cb5a17" begin


INFO     : ... Hierarchical pre-synthesis "BmbDecoder_2_faed934d2b154b51963a7ef5a6cb5a17" end (Real time : 0s CPU user time : 2s CPU sys time : 0s MEM : 313736KB)


INFO     : ... Hierarchical pre-synthesis "BmbClint_faed934d2b154b51963a7ef5a6cb5a17" begin


INFO     : ... Hierarchical pre-synthesis "BmbClint_faed934d2b154b51963a7ef5a6cb5a17" end (Real time : 0s CPU user time : 2s CPU sys time : 0s MEM : 313736KB)


INFO     : ... Hierarchical pre-synthesis "UartCtrlTx_faed934d2b154b51963a7ef5a6cb5a17" begin


INFO     : ... Hierarchical pre-synthesis "UartCtrlTx_faed934d2b154b51963a7ef5a6cb5a17" end (Real time : 0s CPU user time : 2s CPU sys time : 0s MEM : 313736KB)


INFO     : ... Hierarchical pre-synthesis "BufferCC_4_faed934d2b154b51963a7ef5a6cb5a17" begin


INFO     : ... Hierarchical pre-synthesis "BufferCC_4_faed934d2b154b51963a7ef5a6cb5a17" end (Real time : 0s CPU user time : 2s CPU sys time : 0s MEM : 313736KB)


INFO     : ... Hierarchical pre-synthesis "UartCtrlRx_faed934d2b154b51963a7ef5a6cb5a17" begin


INFO     : ... Hierarchical pre-synthesis "UartCtrlRx_faed934d2b154b51963a7ef5a6cb5a17" end (Real time : 0s CPU user time : 2s CPU sys time : 0s MEM : 313736KB)


INFO     : ... Hierarchical pre-synthesis "UartCtrl_faed934d2b154b51963a7ef5a6cb5a17" begin


INFO     : ... Hierarchical pre-synthesis "UartCtrl_faed934d2b154b51963a7ef5a6cb5a17" end (Real time : 0s CPU user time : 2s CPU sys time : 0s MEM : 313736KB)


INFO     : ... Hierarchical pre-synthesis "StreamFifo_faed934d2b154b51963a7ef5a6cb5a17" begin


INFO     : ... Hierarchical pre-synthesis "StreamFifo_faed934d2b154b51963a7ef5a6cb5a17" end (Real time : 0s CPU user time : 2s CPU sys time : 0s MEM : 313736KB)


INFO     : ... Hierarchical pre-synthesis "BmbUartCtrl_faed934d2b154b51963a7ef5a6cb5a17" begin


INFO     : ... Hierarchical pre-synthesis "BmbUartCtrl_faed934d2b154b51963a7ef5a6cb5a17" end (Real time : 0s CPU user time : 2s CPU sys time : 0s MEM : 313736KB)


INFO     : ... Hierarchical pre-synthesis "BmbGpio2_faed934d2b154b51963a7ef5a6cb5a17" begin


INFO     : ... Hierarchical pre-synthesis "BmbGpio2_faed934d2b154b51963a7ef5a6cb5a17" end (Real time : 0s CPU user time : 2s CPU sys time : 0s MEM : 313736KB)


INFO     : ... Hierarchical pre-synthesis "EfxSapphireSoc_faed934d2b154b51963a7ef5a6cb5a17" begin


INFO     : ... Hierarchical pre-synthesis "EfxSapphireSoc_faed934d2b154b51963a7ef5a6cb5a17" end (Real time : 0s CPU user time : 3s CPU sys time : 0s MEM : 313736KB)


INFO     : ... Hierarchical pre-synthesis "micro_risc_v1" begin


INFO     : ... Hierarchical pre-synthesis "micro_risc_v1" end (Real time : 1s CPU user time : 4s CPU sys time : 0s MEM : 313736KB)


INFO     : ... Hierarchical pre-synthesis "top_level" begin


WARNING  : Mapping into logic memory block 'u_micro_risc_v1/u_EfxSapphireSoc/system_riscvJtag_debug_logic_dm/logic_progbufX_mem' (64 bits) (/home/olle/efinity_p2/BRAM/ip/micro_risc_v1/micro_risc_v1.v:5441) because size is too small (<=64) [EFX-0657]


INFO     : ... Clock Enable Synthesis Performed on 295 flops.


INFO     : ... Hierarchical pre-synthesis "top_level" end (Real time : 0s CPU user time : 5s CPU sys time : 0s MEM : 313736KB)


INFO     : ... Flat optimizations begin


INFO     : ... Flat optimizations end (Real time : 0s CPU user time : 5s CPU sys time : 0s MEM : 313736KB)


INFO     : ... Flat synthesis begin


INFO     : ... Flat synthesis end (Real time : 0s CPU user time : 5s CPU sys time : 0s MEM : 313736KB)


INFO     : ... Flat optimizations begin


INFO     : ... Flat optimizations end (Real time : 0s CPU user time : 5s CPU sys time : 0s MEM : 313736KB)


INFO     : ... Check and break combinational loops begin


INFO     : ... Check and break combinational loops end (Real time : 0s CPU user time : 5s CPU sys time : 0s MEM : 313736KB)


INFO     : ... Sequential Optimization begin


INFO     : ... Clock Network 'pll_clk' with 2380 loads will be considered for sequential optimization.


INFO     : ... Clock Network 'jtag_inst1_TCK' with 235 loads will be considered for sequential optimization.


INFO     : ... Sequential Optimization deduced 454 equivalent points.


INFO     : ... Sequential Optimization end (Real time : 12s CPU user time : 17s CPU sys time : 0s MEM : 313736KB)


INFO     : ... Setup for logic synthesis begin


INFO     : ... Setup for logic synthesis end (Real time : 0s CPU user time : 17s CPU sys time : 0s MEM : 313736KB)


INFO     : ... LUT mapping begin


INFO     : ... LS, strategy: 3, nd: 3244, ed: 10584, lv: 7, pw: 5971.30


INFO     : ... LUT mapping end (Real time : 12s CPU user time : 32s CPU sys time : 0s MEM : 313736KB)


INFO     : ... Post-synthesis Verific netlist creation begin


INFO     : ... Post-synthesis Verific netlist creation end (Real time : 0s CPU user time : 32s CPU sys time : 0s MEM : 313736KB)


INFO     : ... Postmap Retiming Optimization begin


INFO     : ... Clock Network 'pll_clk~pll_clk' with 2367 loads will be considered for retiming optimization.


INFO     : ... Clock Network 'jtag_inst1_TCK~jtag_inst1_TCK' with 234 loads will be considered for retiming optimization.


INFO     : ... Performed 0 retime moves.


INFO     : ... Postmap Retiming Optimization end (Real time : 11s CPU user time : 43s CPU sys time : 0s MEM : 313736KB)


INFO     : ***** Beginning VDB Netlist Checker ... *****


WARNING  : /home/olle/efinity_p2/BRAM/top_level.vhd(8): Input/inout port clk is unconnected and will be removed. [VDB-8003]


WARNING  : /home/olle/efinity_p2/BRAM/top_level.vhd(15): Input/inout port led4 is unconnected and will be removed. [VDB-8003]


WARNING  : Net u_micro_risc_v1/u_EfxSapphireSoc/system_cores_0_logic_cpu/IBusCachedPlugin_cache/lineLoader_address[0] is dangling. [VDB-8009]


WARNING  : Net u_micro_risc_v1/u_EfxSapphireSoc/system_cores_0_logic_cpu/IBusCachedPlugin_cache/lineLoader_address[1] is dangling. [VDB-8009]


WARNING  : Net u_micro_risc_v1/u_EfxSapphireSoc/system_cores_0_logic_cpu/IBusCachedPlugin_cache/lineLoader_address[2] is dangling. [VDB-8009]


WARNING  : Net u_micro_risc_v1/u_EfxSapphireSoc/system_cores_0_logic_cpu/IBusCachedPlugin_cache/lineLoader_address[3] is dangling. [VDB-8009]


WARNING  : Net u_micro_risc_v1/u_EfxSapphireSoc/system_cores_0_logic_cpu/IBusCachedPlugin_cache/lineLoader_address[4] is dangling. [VDB-8009]


WARNING  : Net u_micro_risc_v1/u_EfxSapphireSoc/system_cores_0_logic_cpu/IBusCachedPlugin_cache/lineLoader_address[5] is dangling. [VDB-8009]


WARNING  : Found 8 warnings in the post-synthesis netlist.


INFO     : VDB Netlist Checker took 0.0206946 seconds.


INFO     : 	VDB Netlist Checker took 0.04 seconds (approximately) in total CPU time.


INFO     : VDB Netlist Checker virtual memory usage: begin = 311.304 MB, end = 311.304 MB, delta = 0 MB


INFO     : VDB Netlist Checker resident set memory usage: begin = 222.252 MB, end = 222.252 MB, delta = 0 MB


INFO     : 	VDB Netlist Checker peak resident set memory usage = 313.736 MB


INFO     : ***** Ending VDB Netlist Checker ... *****


INFO     : Resource Summary 


INFO     : =============================== 


INFO     : EFX_ADD         : 	306


INFO     : EFX_LUT4        : 	3242


INFO     : EFX_FF          : 	2601


INFO     : EFX_RAM_5K      : 	42


INFO     : EFX_GBUFCE      : 	2


INFO     : =============================== 


INFO     : ... Post-Map Verilog Writer begin


INFO     : Writing netlist 'top_level' to Verilog file '/home/olle/efinity_p2/BRAM/outflow/BRAM.map.v' [VDB-1030]


INFO     : ... Post-Map Verilog Writer end (Real time : 0s CPU user time : 43s CPU sys time : 0s MEM : 313736KB)


INFO     : The entire flow of EFX_MAP took 40.596 seconds.


INFO     : 	The entire flow of EFX_MAP took 43.8 seconds (approximately) in total CPU time.


INFO     : The entire flow of EFX_MAP virtual memory usage: begin = 88.4 MB, end = 311.304 MB, delta = 222.904 MB


INFO     : The entire flow of EFX_MAP resident set memory usage: begin = 27.264 MB, end = 222.252 MB, delta = 194.988 MB


INFO     : 	The entire flow of EFX_MAP peak resident set memory usage = 313.736 MB


Fri August 8 25 22:04:18 - /home/olle/efinix/efinity/2025.1/bin/efx_map finished. Exit code = 0 Exit status : Normal

Running synthesis flow done.

Fri August 8 25 22:04:18 - Start Debugger Flow



-------------------------------------------------------------------------

Debugger

-------------------------------------------------------------------------

Fri August 8 25 22:04:18 - Debugger flow working directory is /home/olle/efinity_p2/BRAM/work_syn


INFO     : --max_threads set to 4 

--------------------------------------------------------------

Start Debugger Step Generate Debugger Cores.

Fri August 8 25 22:04:19 - /home/olle/efinix/efinity/2025.1/bin/python3  -m "efx_dbg.DbgWizard" --device  "T20F169" --family  "Trion" --in_profile_name  "/home/olle/efinity_p2/BRAM/debug_profile.wizard.json" --out_dbg_vdb  "debug_top.post.vdb" --out_profile_name  "/home/olle/efinity_p2/BRAM/debug_profile.wizard.json" --out_dir  "work_dbg"

Fri August 8 25 22:04:19 - Running /home/olle/efinix/efinity/2025.1/bin/python3...

Fri August 8 25 22:04:19 - /home/olle/efinix/efinity/2025.1/bin/python3 finished. Exit code = 0 Exit status : Normal

Debugger Step Generate Debugger Cores. Done

--------------------------------------------------------------

--------------------------------------------------------------

Start Debugger Step Compile Debugger Cores.

Fri August 8 25 22:04:19 - /home/olle/efinix/efinity/2025.1/bin/efx_map  --allow-const-ram-index "0" --blackbox-error "1" --blast_const_operand_adders "1" --bram_output_regs_packing "1" --bram-push-tco-outreg "0" --create-onehot-fsms "0" --fanout-limit "0" --hdl-compile-unit "1" --hdl-loop-limit "20000" --infer-clk-enable "3" --infer-sync-set-reset "1" --enable-mark-debug "1" --max_ram "-1" --max_mult "-1" --max-bit-blast-mem-size "10240" --min-sr-fanout "0" --min-ce-fanout "0" --mode "speed" --mult-auto-pipeline "0" --mult-decomp-retime "0" --operator-sharing "0" --optimize-adder-tree "0" --optimize-zero-init-rom "1" --peri-syn-instantiation "0" --peri-syn-inference "0" --ram-decomp-mode "0" --retiming "1" --seq_opt "1" --seq-opt-sync-only "0" --use-logic-for-small-mem "64" --use-logic-for-small-rom "64" --max_threads "-1" --mult_input_regs_packing "1" --mult_output_regs_packing "1" --I "/home/olle/efinity_p2/BRAM" --I "/home/olle/efinity_p2/BRAM/ip/BRAM_8192_bytes" --I "/home/olle/efinity_p2/BRAM/ip/micro_risc_v1" --family "Trion" --device "T20F169" --root "edb_top" --v "/home/olle/efinity_p2/BRAM/work_dbg/debug_top.v" --write-postmap-module "/home/olle/efinity_p2/BRAM/work_dbg/debug_top.post.vdb" --gen-mark-debug-json "0" --work-dir "/home/olle/efinity_p2/BRAM/work_dbg" --output-dir "/home/olle/efinity_p2/BRAM/outflow"

Fri August 8 25 22:04:19 - Running /home/olle/efinix/efinity/2025.1/bin/efx_map...

INFO     : Efinix FPGA Synthesis.
INFO     : Version: 2025.1.110.2.15
INFO     : Compiled: Jun 21 2025.
INFO     : 
INFO     : Copyright (C) 2013 - 2025 Efinix, Inc. All rights reserved.


INFO     : Analyzing Verilog file '/home/olle/efinix/efinity/2025.1/sim_models/maplib/efinix_peri_lib.v' [VERI-1482]
INFO     : /home/olle/efinix/efinity/2025.1/sim_models/maplib/efinix_peri_lib.v(8): compiling module 'EFX_IBUF' [VERI-1018]

INFO     : /home/olle/efinix/efinity/2025.1/sim_models/maplib/efinix_peri_lib.v(16): compiling module 'EFX_OBUF' [VERI-1018]
INFO     : /home/olle/efinix/efinity/2025.1/sim_models/maplib/efinix_peri_lib.v(23): compiling module 'EFX_IO_BUF' [VERI-1018]
INFO     : /home/olle/efinix/efinity/2025.1/sim_models/maplib/efinix_peri_lib.v(33): compiling module 'EFX_CLKOUT' [VERI-1018]
INFO     : /home/olle/efinix/efinity/2025.1/sim_models/maplib/efinix_peri_lib.v(41): compiling module 'EFX_IREG' [VERI-1018]
INFO     : /home/olle/efinix/efinity/2025.1/sim_models/maplib/efinix_peri_lib.v(51): compiling module 'EFX_OREG' [VERI-1018]
INFO     : /home/olle/efinix/efinity/2025.1/sim_models/maplib/efinix_peri_lib.v(60): compiling module 'EFX_IOREG' [VERI-1018]
INFO     : /home/olle/efinix/efinity/2025.1/sim_models/maplib/efinix_peri_lib.v(75): compiling module 'EFX_IDDIO' [VERI-1018]
INFO     : /home/olle/efinix/efinity/2025.1/sim_models/maplib/efinix_peri_lib.v(87): compiling module 'EFX_ODDIO' [VERI-1018]
INFO     : /home/olle/efinix/efinity/2025.1/sim_models/maplib/efinix_peri_lib.v(99): compiling module 'EFX_GPIO_V1' [VERI-1018]
INFO     : /home/olle/efinix/efinity/2025.1/sim_models/maplib/efinix_peri_lib.v(124): compiling module 'EFX_GPIO_V2' [VERI-1018]
INFO     : /home/olle/efinix/efinity/2025.1/sim_models/maplib/efinix_peri_lib.v(149): compiling module 'EFX_GPIO_V3' [VERI-1018]
INFO     : /home/olle/efinix/efinity/2025.1/sim_models/maplib/efinix_peri_lib.v(186): compiling module 'EFX_PLL_V1' [VERI-1018]
INFO     : /home/olle/efinix/efinity/2025.1/sim_models/maplib/efinix_peri_lib.v(205): compiling module 'EFX_PLL_V2' [VERI-1018]
INFO     : /home/olle/efinix/efinity/2025.1/sim_models/maplib/efinix_peri_lib.v(231): compiling module 'EFX_PLL_V3' [VERI-1018]
INFO     : /home/olle/efinix/efinity/2025.1/sim_models/maplib/efinix_peri_lib.v(279): compiling module 'EFX_OSC_V1' [VERI-1018]
INFO     : /home/olle/efinix/efinity/2025.1/sim_models/maplib/efinix_peri_lib.v(285): compiling module 'EFX_OSC_V3' [VERI-1018]
INFO     : /home/olle/efinix/efinity/2025.1/sim_models/maplib/efinix_peri_lib.v(294): compiling module 'EFX_FPLL_V1' [VERI-1018]
INFO     : /home/olle/efinix/efinity/2025.1/sim_models/maplib/efinix_peri_lib.v(348): compiling module 'EFX_JTAG_V1' [VERI-1018]
INFO     : /home/olle/efinix/efinity/2025.1/sim_models/maplib/efinix_peri_lib.v(357): compiling module 'EFX_JTAG_CTRL' [VERI-1018]
INFO     : /home/olle/efinix/efinity/2025.1/sim_models/maplib/efinix_peri_lib.v(364): compiling module 'EFX_LVDS_RX_V1' [VERI-1018]
INFO     : /home/olle/efinix/efinity/2025.1/sim_models/maplib/efinix_peri_lib.v(381): compiling module 'EFX_LVDS_TX_V1' [VERI-1018]
INFO     : /home/olle/efinix/efinity/2025.1/sim_models/maplib/efinix_peri_lib.v(399): compiling module 'EFX_LVDS_RX_V2' [VERI-1018]
INFO     : /home/olle/efinix/efinity/2025.1/sim_models/maplib/efinix_peri_lib.v(426): compiling module 'EFX_LVDS_TX_V2' [VERI-1018]
INFO     : /home/olle/efinix/efinity/2025.1/sim_models/maplib/efinix_peri_lib.v(446): compiling module 'EFX_LVDS_BIDIR_V2' [VERI-1018]
INFO     : ***** Beginning Analysis ... *****

INFO     : default VHDL library search path is now "/home/olle/efinix/efinity/2025.1/sim_models/vhdl/packages/vhdl_2008" [VHDL-1504]
INFO     : Analyzing Verilog file '/home/olle/efinix/efinity/2025.1/sim_models/maplib/efinix_maplib.v' [VERI-1482]
INFO     : Analyzing Verilog file '/home/olle/efinix/efinity/2025.1/sim_models/maplib/efinix_peri_lib.v' [VERI-1482]
INFO     : Analyzing Verilog file '/home/olle/efinix/efinity/2025.1/sim_models/maplib/efinix_maplib.v' [VERI-1482]
INFO     : Analyzing Verilog file '/home/olle/efinix/efinity/2025.1/sim_models/maplib/efinix_peri_lib.v' [VERI-1482]
INFO     : Analyzing Verilog file '/home/olle/efinity_p2/BRAM/work_dbg/debug_top.v' [VERI-1482]

INFO     : /home/olle/efinity_p2/BRAM/work_dbg/debug_top.v(4392): undeclared symbol 'la_capture_mask', assumed default net type 'wire' [VERI-2561]

INFO     : /home/olle/efinity_p2/BRAM/work_dbg/debug_top.v(4762): undeclared symbol 'next_segment_pointer_eq', assumed default net type 'wire' [VERI-2561]
INFO     : /home/olle/efinity_p2/BRAM/work_dbg/debug_top.v(4763): undeclared symbol 'next_segment_msb_xor', assumed default net type 'wire' [VERI-2561]

INFO     : Analysis took 0.0633675 seconds.
INFO     : 	Analysis took 0.06 seconds (approximately) in total CPU time.
INFO     : Analysis virtual memory usage: begin = 124.564 MB, end = 127.636 MB, delta = 3.072 MB
INFO     : Analysis resident set memory usage: begin = 71.424 MB, end = 74.88 MB, delta = 3.456 MB
INFO     : 	Analysis peak resident set memory usage = 313.736 MB
INFO     : ***** Ending Analysis ... *****
INFO     : ***** Beginning Elaboration ... *****
WARNING  : /home/olle/efinity_p2/BRAM/work_dbg/debug_top.v(106): port 'probe1' remains unconnected for this instance [VERI-1927]
INFO     : /home/olle/efinity_p2/BRAM/work_dbg/debug_top.v(10): compiling module 'edb_top' [VERI-1018]
INFO     : /home/olle/efinity_p2/BRAM/work_dbg/debug_top.v(492): compiling module 'edb_la_top(INPUT_PIPE_STAGES=1,UUID=128'b10000100000011110110110010011011101000111001000001001001000010111011000100011110011100001110001110101010101000100100010001101111,PROBE0_WIDTH=32,PROBE0_TYPE=1)' [VERI-1018]

INFO     : /home/olle/efinity_p2/BRAM/work_dbg/debug_top.v(181): compiling module 'edb_adbg_crc32' [VERI-1018]

INFO     : /home/olle/efinity_p2/BRAM/work_dbg/debug_top.v(5493): compiling module 'compare_unit(WIDTH=11'b0100000,PIPE=1)' [VERI-1018]

INFO     : /home/olle/efinity_p2/BRAM/work_dbg/debug_top.v(5698): compiling module 'trigger_unit(WIDTH=32'b01,PIPE=1)' [VERI-1018]
INFO     : /home/olle/efinity_p2/BRAM/work_dbg/debug_top.v(5823): compiling module 'trigger_skipper' [VERI-1018]
INFO     : /home/olle/efinity_p2/BRAM/work_dbg/debug_top.v(4839): compiling module 'la_biu(CAPTURE_WIDTH=32'b0100000)' [VERI-1018]

INFO     : /home/olle/efinity_p2/BRAM/work_dbg/debug_top.v(4581): compiling module 'fifo_with_read(DATA_WIDTH=32'b0100001)' [VERI-1018]
INFO     : /home/olle/efinity_p2/BRAM/work_dbg/debug_top.v(4531): compiling module 'fifo_address_trancode_unit' [VERI-1018]
INFO     : /home/olle/efinity_p2/BRAM/work_dbg/debug_top.v(402): compiling module 'edb_simple_dual_port_ram(DATA_WIDTH=32'b0100001,ADDR_WIDTH=10,RAM_INIT_FILE="")' [VERI-1018]
INFO     : /home/olle/efinity_p2/BRAM/work_dbg/debug_top.v(417): extracting RAM for identifier 'ram' [VERI-2571]

INFO     : /home/olle/efinity_p2/BRAM/work_dbg/debug_top.v(259): compiling module 'debug_hub' [VERI-1018]
WARNING  : /home/olle/efinity_p2/BRAM/work_dbg/debug_top.v(84): input port 'probe1[0]' remains unconnected for this instance [VDB-1053]
INFO     : Elaboration took 0.128364 seconds.
INFO     : 	Elaboration took 0.12 seconds (approximately) in total CPU time.
INFO     : Elaboration virtual memory usage: begin = 127.636 MB, end = 140.948 MB, delta = 13.312 MB
INFO     : Elaboration resident set memory usage: begin = 74.88 MB, end = 88.832 MB, delta = 13.952 MB
INFO     : 	Elaboration peak resident set memory usage = 313.736 MB
INFO     : ***** Ending Elaboration ... *****
INFO     : ... Setting Synthesis Option: mode=speed
INFO     : ***** Beginning Reading Mapping Library ... *****

INFO     : Analyzing Verilog file '/home/olle/efinix/efinity/2025.1/sim_models/maplib/efinix_maplib.v' [VERI-1482]
INFO     : /home/olle/efinix/efinity/2025.1/sim_models/maplib/efinix_maplib.v(8): compiling module 'EFX_ADD' [VERI-1018]
INFO     : /home/olle/efinix/efinity/2025.1/sim_models/maplib/efinix_maplib.v(21): compiling module 'EFX_FF' [VERI-1018]
INFO     : /home/olle/efinix/efinity/2025.1/sim_models/maplib/efinix_maplib.v(38): compiling module 'EFX_COMB4' [VERI-1018]
INFO     : /home/olle/efinix/efinity/2025.1/sim_models/maplib/efinix_maplib.v(48): compiling module 'EFX_GBUFCE' [VERI-1018]
INFO     : /home/olle/efinix/efinity/2025.1/sim_models/maplib/efinix_maplib.v(57): compiling module 'EFX_LUT4' [VERI-1018]
INFO     : /home/olle/efinix/efinity/2025.1/sim_models/maplib/efinix_maplib.v(65): compiling module 'EFX_MULT' [VERI-1018]
INFO     : /home/olle/efinix/efinity/2025.1/sim_models/maplib/efinix_maplib.v(100): compiling module 'EFX_DSP48' [VERI-1018]
INFO     : /home/olle/efinix/efinity/2025.1/sim_models/maplib/efinix_maplib.v(156): compiling module 'EFX_DSP24' [VERI-1018]
INFO     : /home/olle/efinix/efinity/2025.1/sim_models/maplib/efinix_maplib.v(209): compiling module 'EFX_DSP12' [VERI-1018]
INFO     : /home/olle/efinix/efinity/2025.1/sim_models/maplib/efinix_maplib.v(262): compiling module 'EFX_RAM_4K' [VERI-1018]
INFO     : /home/olle/efinix/efinity/2025.1/sim_models/maplib/efinix_maplib.v(322): compiling module 'EFX_RAM_5K' [VERI-1018]
INFO     : /home/olle/efinix/efinity/2025.1/sim_models/maplib/efinix_maplib.v(394): compiling module 'EFX_DPRAM_5K' [VERI-1018]
INFO     : /home/olle/efinix/efinity/2025.1/sim_models/maplib/efinix_maplib.v(499): compiling module 'RAMB5' [VERI-1018]
INFO     : /home/olle/efinix/efinity/2025.1/sim_models/maplib/efinix_maplib.v(561): compiling module 'EFX_RAM_10K' [VERI-1018]

INFO     : /home/olle/efinix/efinity/2025.1/sim_models/maplib/efinix_maplib.v(653): compiling module 'EFX_RAM10' [VERI-1018]
INFO     : /home/olle/efinix/efinity/2025.1/sim_models/maplib/efinix_maplib.v(754): compiling module 'EFX_DPRAM10' [VERI-1018]
INFO     : /home/olle/efinix/efinity/2025.1/sim_models/maplib/efinix_maplib.v(884): compiling module 'EFX_SRL8' [VERI-1018]
INFO     : Reading Mapping Library took 0.0142302 seconds.
INFO     : 	Reading Mapping Library took 0.02 seconds (approximately) in total CPU time.
INFO     : Reading Mapping Library virtual memory usage: begin = 140.948 MB, end = 140.948 MB, delta = 0 MB
INFO     : Reading Mapping Library resident set memory usage: begin = 89.472 MB, end = 89.472 MB, delta = 0 MB
INFO     : 	Reading Mapping Library peak resident set memory usage = 313.736 MB
INFO     : ***** Ending Reading Mapping Library ... *****
INFO     : ... Pre-synthesis checks begin
WARNING  : Removing redundant signal : trigger_in. (/home/olle/efinity_p2/BRAM/work_dbg/debug_top.v:5710) [EFX-0200]
INFO     : ... Memory 'ram' is not initialized, assuming empty initial contents. (/home/olle/efinity_p2/BRAM/work_dbg/debug_top.v:417) [EFX-0677]
WARNING  : Removing redundant signal : din[32]. (/home/olle/efinity_p2/BRAM/work_dbg/debug_top.v:4594) [EFX-0200]
WARNING  : Removing redundant signal : shift_i. (/home/olle/efinity_p2/BRAM/work_dbg/debug_top.v:4859) [EFX-0200]
WARNING  : Removing redundant signal : trig_out. (/home/olle/efinity_p2/BRAM/work_dbg/debug_top.v:4876) [EFX-0200]
WARNING  : Removing redundant signal : trig_out_ack. (/home/olle/efinity_p2/BRAM/work_dbg/debug_top.v:4877) [EFX-0200]
WARNING  : Removing redundant signal : bscan_DRCK. (/home/olle/efinity_p2/BRAM/work_dbg/debug_top.v:1025) [EFX-0200]
WARNING  : Removing redundant signal : bscan_RESET. (/home/olle/efinity_p2/BRAM/work_dbg/debug_top.v:1026) [EFX-0200]
WARNING  : Removing redundant signal : bscan_RUNTEST. (/home/olle/efinity_p2/BRAM/work_dbg/debug_top.v:1027) [EFX-0200]
WARNING  : Removing redundant signal : bscan_SEL. (/home/olle/efinity_p2/BRAM/work_dbg/debug_top.v:1028) [EFX-0200]
WARNING  : Removing redundant signal : bscan_TMS. (/home/olle/efinity_p2/BRAM/work_dbg/debug_top.v:1032) [EFX-0200]
WARNING  : Removing redundant signal : trig_in_ack. (/home/olle/efinity_p2/BRAM/work_dbg/debug_top.v:1044) [EFX-0200]
WARNING  : Removing redundant signal : mux_capture_cmp[0]. (/home/olle/efinity_p2/BRAM/work_dbg/debug_top.v:3458) [EFX-0200]
WARNING  : Removing redundant signal : bscan_CAPTURE. (/home/olle/efinity_p2/BRAM/work_dbg/debug_top.v:264) [EFX-0200]
WARNING  : Removing redundant signal : bscan_DRCK. (/home/olle/efinity_p2/BRAM/work_dbg/debug_top.v:265) [EFX-0200]
WARNING  : Removing redundant signal : bscan_RUNTEST. (/home/olle/efinity_p2/BRAM/work_dbg/debug_top.v:267) [EFX-0200]
WARNING  : Removing redundant signal : bscan_TMS. (/home/olle/efinity_p2/BRAM/work_dbg/debug_top.v:272) [EFX-0200]
INFO     : Module Instance 'la0' input pin 'trig_in' is tied to constant (=0). [EFX-0266]
INFO     : Module Instance 'la0' input pin 'trig_out_ack' is tied to constant (=0). [EFX-0266]
WARNING  : Re-wiring to GND non-driven net 'la0.probe1[0]'. (/home/olle/efinity_p2/BRAM/work_dbg/debug_top.v:84) [EFX-0201]
WARNING  : Re-wiring to GND non-driven net 'la0.probe2[0]'. (/home/olle/efinity_p2/BRAM/work_dbg/debug_top.v:84) [EFX-0201]
WARNING  : Re-wiring to GND non-driven net 'la0.probe3[0]'. (/home/olle/efinity_p2/BRAM/work_dbg/debug_top.v:84) [EFX-0201]
WARNING  : Re-wiring to GND non-driven net 'la0.probe4[0]'. (/home/olle/efinity_p2/BRAM/work_dbg/debug_top.v:84) [EFX-0201]
WARNING  : Re-wiring to GND non-driven net 'la0.probe5[0]'. (/home/olle/efinity_p2/BRAM/work_dbg/debug_top.v:84) [EFX-0201]
WARNING  : Re-wiring to GND non-driven net 'la0.probe6[0]'. (/home/olle/efinity_p2/BRAM/work_dbg/debug_top.v:84) [EFX-0201]
WARNING  : Re-wiring to GND non-driven net 'la0.probe7[0]'. (/home/olle/efinity_p2/BRAM/work_dbg/debug_top.v:84) [EFX-0201]
WARNING  : Re-wiring to GND non-driven net 'la0.probe8[0]'. (/home/olle/efinity_p2/BRAM/work_dbg/debug_top.v:84) [EFX-0201]

WARNING  : Re-wiring to GND non-driven net 'la0.probe9[0]'. (/home/olle/efinity_p2/BRAM/work_dbg/debug_top.v:84) [EFX-0201]
WARNING  : Re-wiring to GND non-driven net 'la0.probe10[0]'. (/home/olle/efinity_p2/BRAM/work_dbg/debug_top.v:84) [EFX-0201]
WARNING  : (The above message was generated too many times, subsequent similar messages will be muted.) [EFX-0201]
INFO     : ... Pre-synthesis checks end (Real time : 0s CPU user time : 0s CPU sys time : 0s MEM : 313736KB)
INFO     : ... NameSpace init begin
INFO     : ... NameSpace init end (Real time : 0s CPU user time : 0s CPU sys time : 0s MEM : 313736KB)
INFO     : ... Mapping design "edb_top"
INFO     : ... Hierarchical pre-synthesis "edb_adbg_crc32" begin
INFO     : ... Hierarchical pre-synthesis "edb_adbg_crc32" end (Real time : 0s CPU user time : 0s CPU sys time : 0s MEM : 313736KB)
INFO     : ... Hierarchical pre-synthesis "compare_unit(WIDTH=11'b0100000,PIPE=1)" begin
INFO     : ... Hierarchical pre-synthesis "compare_unit(WIDTH=11'b0100000,PIPE=1)" end (Real time : 0s CPU user time : 0s CPU sys time : 0s MEM : 313736KB)
INFO     : ... Hierarchical pre-synthesis "trigger_unit(WIDTH=32'b01,PIPE=1)" begin
INFO     : ... Hierarchical pre-synthesis "trigger_unit(WIDTH=32'b01,PIPE=1)" end (Real time : 0s CPU user time : 0s CPU sys time : 0s MEM : 313736KB)
INFO     : ... Hierarchical pre-synthesis "trigger_skipper" begin

INFO     : ... Hierarchical pre-synthesis "trigger_skipper" end (Real time : 0s CPU user time : 0s CPU sys time : 0s MEM : 313736KB)
INFO     : ... Hierarchical pre-synthesis "fifo_address_trancode_unit" begin

INFO     : ... Hierarchical pre-synthesis "fifo_address_trancode_unit" end (Real time : 0s CPU user time : 0s CPU sys time : 0s MEM : 313736KB)
INFO     : ... Hierarchical pre-synthesis "edb_simple_dual_port_ram(DATA_WIDTH=32'b0100001,ADDR_WIDTH=10,RAM_INIT_FILE="")" begin
INFO     : ... Hierarchical pre-synthesis "edb_simple_dual_port_ram(DATA_WIDTH=32'b0100001,ADDR_WIDTH=10,RAM_INIT_FILE="")" end (Real time : 0s CPU user time : 0s CPU sys time : 0s MEM : 313736KB)
INFO     : ... Hierarchical pre-synthesis "fifo_with_read(DATA_WIDTH=32'b0100001)" begin

INFO     : ... Hierarchical pre-synthesis "fifo_with_read(DATA_WIDTH=32'b0100001)" end (Real time : 0s CPU user time : 0s CPU sys time : 0s MEM : 313736KB)
INFO     : ... Hierarchical pre-synthesis "la_biu(CAPTURE_WIDTH=32'b0100000)" begin

INFO     : ... Hierarchical pre-synthesis "la_biu(CAPTURE_WIDTH=32'b0100000)" end (Real time : 1s CPU user time : 1s CPU sys time : 0s MEM : 313736KB)
INFO     : ... Hierarchical pre-synthesis "edb_la_top(INPUT_PIPE_STAGES=1,UUID=128'b10000100000011110110110010011011101000111001000001001001000010111011000100011110011100001110001110101010101000100100010001101111,PROBE0_WIDTH=32,PROBE0_TYPE=1)" begin

INFO     : ... Hierarchical pre-synthesis "edb_la_top(INPUT_PIPE_STAGES=1,UUID=128'b10000100000011110110110010011011101000111001000001001001000010111011000100011110011100001110001110101010101000100100010001101111,PROBE0_WIDTH=32,PROBE0_TYPE=1)" end (Real time : 0s CPU user time : 1s CPU sys time : 0s MEM : 313736KB)
INFO     : ... Hierarchical pre-synthesis "debug_hub" begin

INFO     : ... Hierarchical pre-synthesis "debug_hub" end (Real time : 0s CPU user time : 1s CPU sys time : 0s MEM : 313736KB)
INFO     : ... Hierarchical pre-synthesis "edb_top" begin

INFO     : ... Clock Enable Synthesis Performed on 129 flops.

INFO     : ... Hierarchical pre-synthesis "edb_top" end (Real time : 0s CPU user time : 1s CPU sys time : 0s MEM : 313736KB)

INFO     : ... Flat optimizations begin

INFO     : ... Flat optimizations end (Real time : 0s CPU user time : 1s CPU sys time : 0s MEM : 313736KB)

INFO     : ... Flat synthesis begin

INFO     : ... Flat synthesis end (Real time : 0s CPU user time : 1s CPU sys time : 0s MEM : 313736KB)

INFO     : ... Flat optimizations begin

INFO     : ... Flat optimizations end (Real time : 0s CPU user time : 1s CPU sys time : 0s MEM : 313736KB)
INFO     : ... Check and break combinational loops begin

INFO     : ... Check and break combinational loops end (Real time : 0s CPU user time : 1s CPU sys time : 0s MEM : 313736KB)
INFO     : ... Sequential Optimization begin

INFO     : ... Clock Network 'bscan_TCK' with 515 loads will be considered for sequential optimization.

INFO     : ... Clock Network 'la0_clk' with 420 loads will be considered for sequential optimization.

INFO     : ... Sequential Optimization deduced 236 equivalent points.

INFO     : ... Sequential Optimization end (Real time : 7s CPU user time : 8s CPU sys time : 0s MEM : 313736KB)
INFO     : ... Setup for logic synthesis begin

INFO     : ... Setup for logic synthesis end (Real time : 0s CPU user time : 8s CPU sys time : 0s MEM : 313736KB)
INFO     : ... LUT mapping begin

INFO     : ... LS, strategy: 3, nd: 1080, ed: 3466, lv: 8, pw: 1784.91
INFO     : ... LUT mapping end (Real time : 6s CPU user time : 16s CPU sys time : 0s MEM : 313736KB)
INFO     : ... Post-synthesis Verific netlist creation begin

INFO     : ... Post-synthesis Verific netlist creation end (Real time : 0s CPU user time : 16s CPU sys time : 0s MEM : 313736KB)

INFO     : ... Postmap Retiming Optimization begin

INFO     : ... Clock Network 'bscan_TCK~bscan_TCK' with 515 loads will be considered for retiming optimization.

INFO     : ... Clock Network 'la0_clk~la0_clk' with 420 loads will be considered for retiming optimization.

INFO     : ... Performed 0 retime moves.
INFO     : ... Postmap Retiming Optimization end (Real time : 7s CPU user time : 22s CPU sys time : 0s MEM : 313736KB)

INFO     : ***** Beginning VDB Netlist Checker ... *****
WARNING  : /home/olle/efinity_p2/BRAM/work_dbg/debug_top.v(13): Input/inout port bscan_DRCK is unconnected and will be removed. [VDB-8003]
WARNING  : /home/olle/efinity_p2/BRAM/work_dbg/debug_top.v(15): Input/inout port bscan_RUNTEST is unconnected and will be removed. [VDB-8003]
WARNING  : /home/olle/efinity_p2/BRAM/work_dbg/debug_top.v(20): Input/inout port bscan_TMS is unconnected and will be removed. [VDB-8003]

WARNING  : Found 3 warnings in the post-synthesis netlist.
INFO     : VDB Netlist Checker took 0.00630565 seconds.
INFO     : 	VDB Netlist Checker took 0.02 seconds (approximately) in total CPU time.
INFO     : VDB Netlist Checker virtual memory usage: begin = 263.992 MB, end = 263.992 MB, delta = 0 MB
INFO     : VDB Netlist Checker resident set memory usage: begin = 171.52 MB, end = 171.52 MB, delta = 0 MB
INFO     : 	VDB Netlist Checker peak resident set memory usage = 313.736 MB
INFO     : ***** Ending VDB Netlist Checker ... *****
INFO     : Resource Summary 
INFO     : =============================== 
INFO     : EFX_ADD         : 	152
INFO     : EFX_LUT4        : 	1066
INFO     : EFX_FF          : 	926
INFO     : EFX_RAM_5K      : 	7
INFO     : EFX_GBUFCE      : 	2
INFO     : =============================== 

INFO     : The entire flow of EFX_MAP took 21.3231 seconds.
INFO     : 	The entire flow of EFX_MAP took 22.82 seconds (approximately) in total CPU time.
INFO     : The entire flow of EFX_MAP virtual memory usage: begin = 88.404 MB, end = 263.992 MB, delta = 175.588 MB
INFO     : The entire flow of EFX_MAP resident set memory usage: begin = 27.392 MB, end = 171.52 MB, delta = 144.128 MB
INFO     : 	The entire flow of EFX_MAP peak resident set memory usage = 313.736 MB

Fri August 8 25 22:04:41 - /home/olle/efinix/efinity/2025.1/bin/efx_map finished. Exit code = 0 Exit status : Normal

Debugger Step Compile Debugger Cores. Done

--------------------------------------------------------------

--------------------------------------------------------------

Start Debugger Step Merge User design with Debugger Cores.

Fri August 8 25 22:04:41 - /home/olle/efinix/efinity/2025.1/bin/efx_map  --family "Trion" --device "T20F169" --gen-mark-debug-json "0" --allow-const-ram-index "0" --blackbox-error "1" --blast_const_operand_adders "1" --bram_output_regs_packing "1" --bram-push-tco-outreg "0" --create-onehot-fsms "0" --fanout-limit "0" --hdl-compile-unit "1" --hdl-loop-limit "20000" --infer-clk-enable "3" --infer-sync-set-reset "1" --enable-mark-debug "1" --max_ram "-1" --max_mult "-1" --max-bit-blast-mem-size "10240" --min-sr-fanout "0" --min-ce-fanout "0" --mode "speed" --mult-auto-pipeline "0" --mult-decomp-retime "0" --operator-sharing "0" --optimize-adder-tree "0" --optimize-zero-init-rom "1" --peri-syn-instantiation "0" --peri-syn-inference "0" --ram-decomp-mode "0" --retiming "1" --seq_opt "1" --seq-opt-sync-only "0" --use-logic-for-small-mem "64" --use-logic-for-small-rom "64" --max_threads "-1" --mult_input_regs_packing "1" --mult_output_regs_packing "1" --I "/home/olle/efinity_p2/BRAM" --I "/home/olle/efinity_p2/BRAM/ip/BRAM_8192_bytes" --I "/home/olle/efinity_p2/BRAM/ip/micro_risc_v1" --root "top_level" --vdb "/home/olle/efinity_p2/BRAM/outflow/BRAM.elab.vdb" --vdb "/home/olle/efinity_p2/BRAM/work_dbg/debug_top.post.vdb" --write-efx-verilog "/home/olle/efinity_p2/BRAM/work_dbg/BRAM.dbg.map.v" --binary-db "/home/olle/efinity_p2/BRAM/work_dbg/BRAM.dbg.vdb" --merge_vdbs=1 --conn "/home/olle/efinity_p2/BRAM/debug_profile.wizard.json" --work-dir "/home/olle/efinity_p2/BRAM/work_dbg" --output-dir "/home/olle/efinity_p2/BRAM/outflow"

Fri August 8 25 22:04:41 - Running /home/olle/efinix/efinity/2025.1/bin/efx_map...

INFO     : Efinix FPGA Synthesis.
INFO     : Version: 2025.1.110.2.15
INFO     : Compiled: Jun 21 2025.
INFO     : 
INFO     : Copyright (C) 2013 - 2025 Efinix, Inc. All rights reserved.


INFO     : Analyzing Verilog file '/home/olle/efinix/efinity/2025.1/sim_models/maplib/efinix_peri_lib.v' [VERI-1482]
INFO     : /home/olle/efinix/efinity/2025.1/sim_models/maplib/efinix_peri_lib.v(8): compiling module 'EFX_IBUF' [VERI-1018]
INFO     : /home/olle/efinix/efinity/2025.1/sim_models/maplib/efinix_peri_lib.v(16): compiling module 'EFX_OBUF' [VERI-1018]
INFO     : /home/olle/efinix/efinity/2025.1/sim_models/maplib/efinix_peri_lib.v(23): compiling module 'EFX_IO_BUF' [VERI-1018]
INFO     : /home/olle/efinix/efinity/2025.1/sim_models/maplib/efinix_peri_lib.v(33): compiling module 'EFX_CLKOUT' [VERI-1018]
INFO     : /home/olle/efinix/efinity/2025.1/sim_models/maplib/efinix_peri_lib.v(41): compiling module 'EFX_IREG' [VERI-1018]
INFO     : /home/olle/efinix/efinity/2025.1/sim_models/maplib/efinix_peri_lib.v(51): compiling module 'EFX_OREG' [VERI-1018]
INFO     : /home/olle/efinix/efinity/2025.1/sim_models/maplib/efinix_peri_lib.v(60): compiling module 'EFX_IOREG' [VERI-1018]
INFO     : /home/olle/efinix/efinity/2025.1/sim_models/maplib/efinix_peri_lib.v(75): compiling module 'EFX_IDDIO' [VERI-1018]
INFO     : /home/olle/efinix/efinity/2025.1/sim_models/maplib/efinix_peri_lib.v(87): compiling module 'EFX_ODDIO' [VERI-1018]
INFO     : /home/olle/efinix/efinity/2025.1/sim_models/maplib/efinix_peri_lib.v(99): compiling module 'EFX_GPIO_V1' [VERI-1018]
INFO     : /home/olle/efinix/efinity/2025.1/sim_models/maplib/efinix_peri_lib.v(124): compiling module 'EFX_GPIO_V2' [VERI-1018]
INFO     : /home/olle/efinix/efinity/2025.1/sim_models/maplib/efinix_peri_lib.v(149): compiling module 'EFX_GPIO_V3' [VERI-1018]
INFO     : /home/olle/efinix/efinity/2025.1/sim_models/maplib/efinix_peri_lib.v(186): compiling module 'EFX_PLL_V1' [VERI-1018]
INFO     : /home/olle/efinix/efinity/2025.1/sim_models/maplib/efinix_peri_lib.v(205): compiling module 'EFX_PLL_V2' [VERI-1018]
INFO     : /home/olle/efinix/efinity/2025.1/sim_models/maplib/efinix_peri_lib.v(231): compiling module 'EFX_PLL_V3' [VERI-1018]

INFO     : /home/olle/efinix/efinity/2025.1/sim_models/maplib/efinix_peri_lib.v(279): compiling module 'EFX_OSC_V1' [VERI-1018]

INFO     : /home/olle/efinix/efinity/2025.1/sim_models/maplib/efinix_peri_lib.v(285): compiling module 'EFX_OSC_V3' [VERI-1018]

INFO     : /home/olle/efinix/efinity/2025.1/sim_models/maplib/efinix_peri_lib.v(294): compiling module 'EFX_FPLL_V1' [VERI-1018]
INFO     : /home/olle/efinix/efinity/2025.1/sim_models/maplib/efinix_peri_lib.v(348): compiling module 'EFX_JTAG_V1' [VERI-1018]
INFO     : /home/olle/efinix/efinity/2025.1/sim_models/maplib/efinix_peri_lib.v(357): compiling module 'EFX_JTAG_CTRL' [VERI-1018]
INFO     : /home/olle/efinix/efinity/2025.1/sim_models/maplib/efinix_peri_lib.v(364): compiling module 'EFX_LVDS_RX_V1' [VERI-1018]
INFO     : /home/olle/efinix/efinity/2025.1/sim_models/maplib/efinix_peri_lib.v(381): compiling module 'EFX_LVDS_TX_V1' [VERI-1018]
INFO     : /home/olle/efinix/efinity/2025.1/sim_models/maplib/efinix_peri_lib.v(399): compiling module 'EFX_LVDS_RX_V2' [VERI-1018]
INFO     : /home/olle/efinix/efinity/2025.1/sim_models/maplib/efinix_peri_lib.v(426): compiling module 'EFX_LVDS_TX_V2' [VERI-1018]
INFO     : /home/olle/efinix/efinity/2025.1/sim_models/maplib/efinix_peri_lib.v(446): compiling module 'EFX_LVDS_BIDIR_V2' [VERI-1018]

INFO     : ... Setting Synthesis Option: mode=speed
INFO     : ***** Beginning Reading Mapping Library ... *****
INFO     : Analyzing Verilog file '/home/olle/efinix/efinity/2025.1/sim_models/maplib/efinix_maplib.v' [VERI-1482]

INFO     : /home/olle/efinix/efinity/2025.1/sim_models/maplib/efinix_maplib.v(8): compiling module 'EFX_ADD' [VERI-1018]
INFO     : /home/olle/efinix/efinity/2025.1/sim_models/maplib/efinix_maplib.v(21): compiling module 'EFX_FF' [VERI-1018]
INFO     : /home/olle/efinix/efinity/2025.1/sim_models/maplib/efinix_maplib.v(38): compiling module 'EFX_COMB4' [VERI-1018]
INFO     : /home/olle/efinix/efinity/2025.1/sim_models/maplib/efinix_maplib.v(48): compiling module 'EFX_GBUFCE' [VERI-1018]
INFO     : /home/olle/efinix/efinity/2025.1/sim_models/maplib/efinix_maplib.v(57): compiling module 'EFX_LUT4' [VERI-1018]
INFO     : /home/olle/efinix/efinity/2025.1/sim_models/maplib/efinix_maplib.v(65): compiling module 'EFX_MULT' [VERI-1018]
INFO     : /home/olle/efinix/efinity/2025.1/sim_models/maplib/efinix_maplib.v(100): compiling module 'EFX_DSP48' [VERI-1018]
INFO     : /home/olle/efinix/efinity/2025.1/sim_models/maplib/efinix_maplib.v(156): compiling module 'EFX_DSP24' [VERI-1018]
INFO     : /home/olle/efinix/efinity/2025.1/sim_models/maplib/efinix_maplib.v(209): compiling module 'EFX_DSP12' [VERI-1018]
INFO     : /home/olle/efinix/efinity/2025.1/sim_models/maplib/efinix_maplib.v(262): compiling module 'EFX_RAM_4K' [VERI-1018]
INFO     : /home/olle/efinix/efinity/2025.1/sim_models/maplib/efinix_maplib.v(322): compiling module 'EFX_RAM_5K' [VERI-1018]
INFO     : /home/olle/efinix/efinity/2025.1/sim_models/maplib/efinix_maplib.v(394): compiling module 'EFX_DPRAM_5K' [VERI-1018]
INFO     : /home/olle/efinix/efinity/2025.1/sim_models/maplib/efinix_maplib.v(499): compiling module 'RAMB5' [VERI-1018]
INFO     : /home/olle/efinix/efinity/2025.1/sim_models/maplib/efinix_maplib.v(561): compiling module 'EFX_RAM_10K' [VERI-1018]
INFO     : /home/olle/efinix/efinity/2025.1/sim_models/maplib/efinix_maplib.v(653): compiling module 'EFX_RAM10' [VERI-1018]
INFO     : /home/olle/efinix/efinity/2025.1/sim_models/maplib/efinix_maplib.v(754): compiling module 'EFX_DPRAM10' [VERI-1018]
INFO     : /home/olle/efinix/efinity/2025.1/sim_models/maplib/efinix_maplib.v(884): compiling module 'EFX_SRL8' [VERI-1018]
INFO     : Reading Mapping Library took 0.0113852 seconds.
INFO     : 	Reading Mapping Library took 0.01 seconds (approximately) in total CPU time.
INFO     : Reading Mapping Library virtual memory usage: begin = 167.056 MB, end = 167.056 MB, delta = 0 MB
INFO     : Reading Mapping Library resident set memory usage: begin = 114.56 MB, end = 115.2 MB, delta = 0.64 MB
INFO     : 	Reading Mapping Library peak resident set memory usage = 313.736 MB
INFO     : ***** Ending Reading Mapping Library ... *****
INFO     : ... Pre-synthesis checks begin
WARNING  : The primary output port 'jtag_inst1_TDO_2' wire 'jtag_inst1_TDO_2' is not driven. [EFX-0256]
WARNING  : Removing redundant signal : address_map[31]. (/home/olle/efinity_p2/BRAM/ip/BRAM_8192_bytes/BRAM_8192_bytes.v:705) [EFX-0200]
WARNING  : Removing redundant signal : address_map[30]. (/home/olle/efinity_p2/BRAM/ip/BRAM_8192_bytes/BRAM_8192_bytes.v:705) [EFX-0200]
WARNING  : Removing redundant signal : address_map[29]. (/home/olle/efinity_p2/BRAM/ip/BRAM_8192_bytes/BRAM_8192_bytes.v:705) [EFX-0200]
WARNING  : Removing redundant signal : address_map[28]. (/home/olle/efinity_p2/BRAM/ip/BRAM_8192_bytes/BRAM_8192_bytes.v:705) [EFX-0200]
WARNING  : Removing redundant signal : address_map[27]. (/home/olle/efinity_p2/BRAM/ip/BRAM_8192_bytes/BRAM_8192_bytes.v:705) [EFX-0200]
WARNING  : Removing redundant signal : address_map[26]. (/home/olle/efinity_p2/BRAM/ip/BRAM_8192_bytes/BRAM_8192_bytes.v:705) [EFX-0200]
WARNING  : Removing redundant signal : address_map[25]. (/home/olle/efinity_p2/BRAM/ip/BRAM_8192_bytes/BRAM_8192_bytes.v:705) [EFX-0200]
WARNING  : Removing redundant signal : address_map[24]. (/home/olle/efinity_p2/BRAM/ip/BRAM_8192_bytes/BRAM_8192_bytes.v:705) [EFX-0200]
WARNING  : Removing redundant signal : address_map[23]. (/home/olle/efinity_p2/BRAM/ip/BRAM_8192_bytes/BRAM_8192_bytes.v:705) [EFX-0200]
WARNING  : Removing redundant signal : address_map[22]. (/home/olle/efinity_p2/BRAM/ip/BRAM_8192_bytes/BRAM_8192_bytes.v:705) [EFX-0200]
WARNING  : Removing redundant signal : address_map[21]. (/home/olle/efinity_p2/BRAM/ip/BRAM_8192_bytes/BRAM_8192_bytes.v:705) [EFX-0200]
WARNING  : Removing redundant signal : address_map[20]. (/home/olle/efinity_p2/BRAM/ip/BRAM_8192_bytes/BRAM_8192_bytes.v:705) [EFX-0200]
WARNING  : Removing redundant signal : address_map[19]. (/home/olle/efinity_p2/BRAM/ip/BRAM_8192_bytes/BRAM_8192_bytes.v:705) [EFX-0200]
WARNING  : Removing redundant signal : address_map[18]. (/home/olle/efinity_p2/BRAM/ip/BRAM_8192_bytes/BRAM_8192_bytes.v:705) [EFX-0200]
WARNING  : Removing redundant signal : address_map[17]. (/home/olle/efinity_p2/BRAM/ip/BRAM_8192_bytes/BRAM_8192_bytes.v:705) [EFX-0200]
WARNING  : Removing redundant signal : address_map[16]. (/home/olle/efinity_p2/BRAM/ip/BRAM_8192_bytes/BRAM_8192_bytes.v:705) [EFX-0200]
WARNING  : Removing redundant signal : address_map[15]. (/home/olle/efinity_p2/BRAM/ip/BRAM_8192_bytes/BRAM_8192_bytes.v:705) [EFX-0200]
WARNING  : Removing redundant signal : address_map[14]. (/home/olle/efinity_p2/BRAM/ip/BRAM_8192_bytes/BRAM_8192_bytes.v:705) [EFX-0200]
WARNING  : Removing redundant signal : address_map[13]. (/home/olle/efinity_p2/BRAM/ip/BRAM_8192_bytes/BRAM_8192_bytes.v:705) [EFX-0200]
WARNING  : Removing redundant signal : address_map[12]. (/home/olle/efinity_p2/BRAM/ip/BRAM_8192_bytes/BRAM_8192_bytes.v:705) [EFX-0200]
WARNING  : (The above message was generated too many times, subsequent similar messages will be muted.) [EFX-0200]

WARNING  : Re-wiring to GND non-driven net 'u_efx_bram.wdata_b[7]'. (/home/olle/efinity_p2/BRAM/ip/BRAM_8192_bytes/BRAM_8192_bytes.v:131) [EFX-0201]
WARNING  : Re-wiring to GND non-driven net 'u_efx_bram.wdata_b[6]'. (/home/olle/efinity_p2/BRAM/ip/BRAM_8192_bytes/BRAM_8192_bytes.v:131) [EFX-0201]
WARNING  : Re-wiring to GND non-driven net 'u_efx_bram.wdata_b[5]'. (/home/olle/efinity_p2/BRAM/ip/BRAM_8192_bytes/BRAM_8192_bytes.v:131) [EFX-0201]
WARNING  : Re-wiring to GND non-driven net 'u_efx_bram.wdata_b[4]'. (/home/olle/efinity_p2/BRAM/ip/BRAM_8192_bytes/BRAM_8192_bytes.v:131) [EFX-0201]
WARNING  : Re-wiring to GND non-driven net 'u_efx_bram.wdata_b[3]'. (/home/olle/efinity_p2/BRAM/ip/BRAM_8192_bytes/BRAM_8192_bytes.v:131) [EFX-0201]
WARNING  : Re-wiring to GND non-driven net 'u_efx_bram.wdata_b[2]'. (/home/olle/efinity_p2/BRAM/ip/BRAM_8192_bytes/BRAM_8192_bytes.v:131) [EFX-0201]
WARNING  : Re-wiring to GND non-driven net 'u_efx_bram.wdata_b[1]'. (/home/olle/efinity_p2/BRAM/ip/BRAM_8192_bytes/BRAM_8192_bytes.v:131) [EFX-0201]
WARNING  : Re-wiring to GND non-driven net 'u_efx_bram.wdata_b[0]'. (/home/olle/efinity_p2/BRAM/ip/BRAM_8192_bytes/BRAM_8192_bytes.v:131) [EFX-0201]
WARNING  : Re-wiring to GND non-driven net 'u_efx_bram.addr[12]'. (/home/olle/efinity_p2/BRAM/ip/BRAM_8192_bytes/BRAM_8192_bytes.v:131) [EFX-0201]
WARNING  : Re-wiring to GND non-driven net 'u_efx_bram.addr[11]'. (/home/olle/efinity_p2/BRAM/ip/BRAM_8192_bytes/BRAM_8192_bytes.v:131) [EFX-0201]
WARNING  : (The above message was generated too many times, subsequent similar messages will be muted.) [EFX-0201]
INFO     : ... Memory 'banks_0' is not initialized, assuming empty initial contents. (/home/olle/efinity_p2/BRAM/ip/micro_risc_v1/micro_risc_v1.v:13110) [EFX-0677]
INFO     : ... Memory 'ways_0_tags' is not initialized, assuming empty initial contents. (/home/olle/efinity_p2/BRAM/ip/micro_risc_v1/micro_risc_v1.v:13111) [EFX-0677]
INFO     : ... Memory 'ways_0_tags' is not initialized, assuming empty initial contents. (/home/olle/efinity_p2/BRAM/ip/micro_risc_v1/micro_risc_v1.v:12364) [EFX-0677]
INFO     : ... Memory 'ways_0_data_symbol0' is not initialized, assuming empty initial contents. (/home/olle/efinity_p2/BRAM/ip/micro_risc_v1/micro_risc_v1.v:12365) [EFX-0677]
INFO     : ... Memory 'ways_0_data_symbol1' is not initialized, assuming empty initial contents. (/home/olle/efinity_p2/BRAM/ip/micro_risc_v1/micro_risc_v1.v:12366) [EFX-0677]
INFO     : ... Memory 'ways_0_data_symbol2' is not initialized, assuming empty initial contents. (/home/olle/efinity_p2/BRAM/ip/micro_risc_v1/micro_risc_v1.v:12367) [EFX-0677]
INFO     : ... Memory 'ways_0_data_symbol3' is not initialized, assuming empty initial contents. (/home/olle/efinity_p2/BRAM/ip/micro_risc_v1/micro_risc_v1.v:12368) [EFX-0677]

INFO     : ... Memory 'RegFilePlugin_regFile' is not initialized, assuming empty initial contents. (/home/olle/efinity_p2/BRAM/ip/micro_risc_v1/micro_risc_v1.v:7542) [EFX-0677]
INFO     : ... Memory 'logic_progbufX_mem' is not initialized, assuming empty initial contents. (/home/olle/efinity_p2/BRAM/ip/micro_risc_v1/micro_risc_v1.v:5441) [EFX-0677]
INFO     : Module Instance 'memory_arbiter' input pin 'io_inputs_0_payload_fragment_source[0]' is tied to constant (=0). [EFX-0266]
INFO     : Module Instance 'memory_arbiter' input pin 'io_inputs_1_payload_fragment_source[0]' is tied to constant (=0). [EFX-0266]
INFO     : Module Instance 'memory_arbiter' input pin 'io_inputs_1_payload_fragment_context[0]' is tied to constant (=0). [EFX-0266]
INFO     : Module Instance 'tx' input pin 'io_cts' is tied to constant (=0). [EFX-0266]
INFO     : ... Memory 'logic_ram' is not initialized, assuming empty initial contents. (/home/olle/efinity_p2/BRAM/ip/micro_risc_v1/micro_risc_v1.v:11642) [EFX-0677]
INFO     : Module Instance 'bridge_write_streamUnbuffered_queueWithOccupancy' input pin 'io_flush' is tied to constant (=0). [EFX-0266]
INFO     : Module Instance 'uartCtrl_1_io_read_queueWithOccupancy' input pin 'io_flush' is tied to constant (=0). [EFX-0266]
INFO     : Module Instance 'system_bridge_bmb_arbiter' input pin 'io_inputs_1_cmd_payload_fragment_data[0]' is tied to constant (=0). [EFX-0266]
INFO     : Module Instance 'system_bridge_bmb_arbiter' input pin 'io_inputs_1_cmd_payload_fragment_data[1]' is tied to constant (=0). [EFX-0266]
INFO     : Module Instance 'system_bridge_bmb_arbiter' input pin 'io_inputs_1_cmd_payload_fragment_data[2]' is tied to constant (=0). [EFX-0266]
INFO     : Module Instance 'system_bridge_bmb_arbiter' input pin 'io_inputs_1_cmd_payload_fragment_data[3]' is tied to constant (=0). [EFX-0266]
INFO     : Module Instance 'system_bridge_bmb_arbiter' input pin 'io_inputs_1_cmd_payload_fragment_data[4]' is tied to constant (=0). [EFX-0266]
INFO     : Module Instance 'system_bridge_bmb_arbiter' input pin 'io_inputs_1_cmd_payload_fragment_data[5]' is tied to constant (=0). [EFX-0266]
INFO     : Module Instance 'system_bridge_bmb_arbiter' input pin 'io_inputs_1_cmd_payload_fragment_data[6]' is tied to constant (=0). [EFX-0266]
INFO     : Module Instance 'system_bridge_bmb_arbiter' input pin 'io_inputs_1_cmd_payload_fragment_data[7]' is tied to constant (=0). [EFX-0266]
INFO     : Module Instance 'system_bridge_bmb_arbiter' input pin 'io_inputs_1_cmd_payload_fragment_data[8]' is tied to constant (=0). [EFX-0266]
INFO     : Module Instance 'system_bridge_bmb_arbiter' input pin 'io_inputs_1_cmd_payload_fragment_data[9]' is tied to constant (=0). [EFX-0266]
INFO     : Module Instance 'system_bridge_bmb_arbiter' input pin 'io_inputs_1_cmd_payload_fragment_data[10]' is tied to constant (=0). [EFX-0266]
INFO     : Module Instance 'system_bridge_bmb_arbiter' input pin 'io_inputs_1_cmd_payload_fragment_data[11]' is tied to constant (=0). [EFX-0266]
INFO     : Module Instance 'system_bridge_bmb_arbiter' input pin 'io_inputs_1_cmd_payload_fragment_data[12]' is tied to constant (=0). [EFX-0266]
INFO     : Module Instance 'system_bridge_bmb_arbiter' input pin 'io_inputs_1_cmd_payload_fragment_data[13]' is tied to constant (=0). [EFX-0266]
INFO     : Module Instance 'system_bridge_bmb_arbiter' input pin 'io_inputs_1_cmd_payload_fragment_data[14]' is tied to constant (=0). [EFX-0266]
INFO     : Module Instance 'system_bridge_bmb_arbiter' input pin 'io_inputs_1_cmd_payload_fragment_data[15]' is tied to constant (=0). [EFX-0266]
INFO     : Module Instance 'system_bridge_bmb_arbiter' input pin 'io_inputs_1_cmd_payload_fragment_data[16]' is tied to constant (=0). [EFX-0266]
INFO     : Module Instance 'system_bridge_bmb_arbiter' input pin 'io_inputs_1_cmd_payload_fragment_data[17]' is tied to constant (=0). [EFX-0266]
INFO     : Module Instance 'system_bridge_bmb_arbiter' input pin 'io_inputs_1_cmd_payload_fragment_data[18]' is tied to constant (=0). [EFX-0266]
INFO     : Module Instance 'system_bridge_bmb_arbiter' input pin 'io_inputs_1_cmd_payload_fragment_data[19]' is tied to constant (=0). [EFX-0266]
INFO     : Module Instance 'system_bridge_bmb_arbiter' input pin 'io_inputs_1_cmd_payload_fragment_data[20]' is tied to constant (=0). [EFX-0266]
INFO     : Module Instance 'system_bridge_bmb_arbiter' input pin 'io_inputs_1_cmd_payload_fragment_data[21]' is tied to constant (=0). [EFX-0266]
INFO     : Module Instance 'system_bridge_bmb_arbiter' input pin 'io_inputs_1_cmd_payload_fragment_data[22]' is tied to constant (=0). [EFX-0266]
INFO     : Module Instance 'system_bridge_bmb_arbiter' input pin 'io_inputs_1_cmd_payload_fragment_data[23]' is tied to constant (=0). [EFX-0266]
INFO     : Module Instance 'system_bridge_bmb_arbiter' input pin 'io_inputs_1_cmd_payload_fragment_data[24]' is tied to constant (=0). [EFX-0266]
INFO     : Module Instance 'system_bridge_bmb_arbiter' input pin 'io_inputs_1_cmd_payload_fragment_data[25]' is tied to constant (=0). [EFX-0266]
INFO     : Module Instance 'system_bridge_bmb_arbiter' input pin 'io_inputs_1_cmd_payload_fragment_data[26]' is tied to constant (=0). [EFX-0266]
INFO     : Module Instance 'system_bridge_bmb_arbiter' input pin 'io_inputs_1_cmd_payload_fragment_data[27]' is tied to constant (=0). [EFX-0266]
INFO     : Module Instance 'system_bridge_bmb_arbiter' input pin 'io_inputs_1_cmd_payload_fragment_data[28]' is tied to constant (=0). [EFX-0266]
INFO     : Module Instance 'system_bridge_bmb_arbiter' input pin 'io_inputs_1_cmd_payload_fragment_data[29]' is tied to constant (=0). [EFX-0266]
INFO     : Module Instance 'system_bridge_bmb_arbiter' input pin 'io_inputs_1_cmd_payload_fragment_data[30]' is tied to constant (=0). [EFX-0266]
INFO     : Module Instance 'system_bridge_bmb_arbiter' input pin 'io_inputs_1_cmd_payload_fragment_data[31]' is tied to constant (=0). [EFX-0266]
INFO     : Module Instance 'system_bridge_bmb_arbiter' input pin 'io_inputs_1_cmd_payload_fragment_mask[0]' is tied to constant (=0). [EFX-0266]
INFO     : Module Instance 'system_bridge_bmb_arbiter' input pin 'io_inputs_1_cmd_payload_fragment_mask[1]' is tied to constant (=0). [EFX-0266]
INFO     : Module Instance 'system_bridge_bmb_arbiter' input pin 'io_inputs_1_cmd_payload_fragment_mask[2]' is tied to constant (=0). [EFX-0266]
INFO     : Module Instance 'system_bridge_bmb_arbiter' input pin 'io_inputs_1_cmd_payload_fragment_mask[3]' is tied to constant (=0). [EFX-0266]

INFO     : ... Pre-synthesis checks end (Real time : 0s CPU user time : 0s CPU sys time : 0s MEM : 313736KB)
INFO     : ... NameSpace init begin
INFO     : ... NameSpace init end (Real time : 0s CPU user time : 0s CPU sys time : 0s MEM : 313736KB)
INFO     : ... Mapping design "top_level"
INFO     : ... Hierarchical pre-synthesis "bram_primitive_8d8bd7fa46784c519c924c36e9ddd8d4(FAMILY="TRION",WRITE_WIDTH=1,WCLK_POLARITY=1,WCLKE_POLARITY=1,WE_POLARITY=1,READ_WIDTH=1,RCLK_POLARITY=1,RE_POLARITY=1,OUTPUT_REG=0,RST_POLARITY=1,WADDREN_POLARITY=1,RADDREN_POLARITY=1)" begin
INFO     : ... Hierarchical pre-synthesis "bram_primitive_8d8bd7fa46784c519c924c36e9ddd8d4(FAMILY="TRION",WRITE_WIDTH=1,WCLK_POLARITY=1,WCLKE_POLARITY=1,WE_POLARITY=1,READ_WIDTH=1,RCLK_POLARITY=1,RE_POLARITY=1,OUTPUT_REG=0,RST_POLARITY=1,WADDREN_POLARITY=1,RADDREN_POLARITY=1)" end (Real time : 0s CPU user time : 0s CPU sys time : 0s MEM : 313736KB)
INFO     : ... Hierarchical pre-synthesis "bram_primitive_8d8bd7fa46784c519c924c36e9ddd8d4(FAMILY="TRION",WRITE_WIDTH=1,WCLK_POLARITY=1,WCLKE_POLARITY=1,WE_POLARITY=1,READ_WIDTH=1,RCLK_POLARITY=1,RE_POLARITY=1,OUTPUT_REG=0,RST_POLARITY=1,WADDREN_POLARITY=1,RADDREN_POLARITY=1,ini_index=1)" begin
INFO     : ... Hierarchical pre-synthesis "bram_primitive_8d8bd7fa46784c519c924c36e9ddd8d4(FAMILY="TRION",WRITE_WIDTH=1,WCLK_POLARITY=1,WCLKE_POLARITY=1,WE_POLARITY=1,READ_WIDTH=1,RCLK_POLARITY=1,RE_POLARITY=1,OUTPUT_REG=0,RST_POLARITY=1,WADDREN_POLARITY=1,RADDREN_POLARITY=1,ini_index=1)" end (Real time : 0s CPU user time : 0s CPU sys time : 0s MEM : 313736KB)
INFO     : ... Hierarchical pre-synthesis "bram_primitive_8d8bd7fa46784c519c924c36e9ddd8d4(FAMILY="TRION",WRITE_WIDTH=1,WCLK_POLARITY=1,WCLKE_POLARITY=1,WE_POLARITY=1,READ_WIDTH=1,RCLK_POLARITY=1,RE_POLARITY=1,OUTPUT_REG=0,RST_POLARITY=1,WADDREN_POLARITY=1,RADDREN_POLARITY=1,ini_index=2)" begin
INFO     : ... Hierarchical pre-synthesis "bram_primitive_8d8bd7fa46784c519c924c36e9ddd8d4(FAMILY="TRION",WRITE_WIDTH=1,WCLK_POLARITY=1,WCLKE_POLARITY=1,WE_POLARITY=1,READ_WIDTH=1,RCLK_POLARITY=1,RE_POLARITY=1,OUTPUT_REG=0,RST_POLARITY=1,WADDREN_POLARITY=1,RADDREN_POLARITY=1,ini_index=2)" end (Real time : 0s CPU user time : 0s CPU sys time : 0s MEM : 313736KB)
INFO     : ... Hierarchical pre-synthesis "bram_primitive_8d8bd7fa46784c519c924c36e9ddd8d4(FAMILY="TRION",WRITE_WIDTH=1,WCLK_POLARITY=1,WCLKE_POLARITY=1,WE_POLARITY=1,READ_WIDTH=1,RCLK_POLARITY=1,RE_POLARITY=1,OUTPUT_REG=0,RST_POLARITY=1,WADDREN_POLARITY=1,RADDREN_POLARITY=1,ini_index=3)" begin
INFO     : ... Hierarchical pre-synthesis "bram_primitive_8d8bd7fa46784c519c924c36e9ddd8d4(FAMILY="TRION",WRITE_WIDTH=1,WCLK_POLARITY=1,WCLKE_POLARITY=1,WE_POLARITY=1,READ_WIDTH=1,RCLK_POLARITY=1,RE_POLARITY=1,OUTPUT_REG=0,RST_POLARITY=1,WADDREN_POLARITY=1,RADDREN_POLARITY=1,ini_index=3)" end (Real time : 0s CPU user time : 0s CPU sys time : 0s MEM : 313736KB)
INFO     : ... Hierarchical pre-synthesis "bram_primitive_8d8bd7fa46784c519c924c36e9ddd8d4(FAMILY="TRION",WRITE_WIDTH=1,WCLK_POLARITY=1,WCLKE_POLARITY=1,WE_POLARITY=1,READ_WIDTH=1,RCLK_POLARITY=1,RE_POLARITY=1,OUTPUT_REG=0,RST_POLARITY=1,WADDREN_POLARITY=1,RADDREN_POLARITY=1,ini_index=4)" begin
INFO     : ... Hierarchical pre-synthesis "bram_primitive_8d8bd7fa46784c519c924c36e9ddd8d4(FAMILY="TRION",WRITE_WIDTH=1,WCLK_POLARITY=1,WCLKE_POLARITY=1,WE_POLARITY=1,READ_WIDTH=1,RCLK_POLARITY=1,RE_POLARITY=1,OUTPUT_REG=0,RST_POLARITY=1,WADDREN_POLARITY=1,RADDREN_POLARITY=1,ini_index=4)" end (Real time : 0s CPU user time : 0s CPU sys time : 0s MEM : 313736KB)
INFO     : ... Hierarchical pre-synthesis "bram_primitive_8d8bd7fa46784c519c924c36e9ddd8d4(FAMILY="TRION",WRITE_WIDTH=1,WCLK_POLARITY=1,WCLKE_POLARITY=1,WE_POLARITY=1,READ_WIDTH=1,RCLK_POLARITY=1,RE_POLARITY=1,OUTPUT_REG=0,RST_POLARITY=1,WADDREN_POLARITY=1,RADDREN_POLARITY=1,ini_index=5)" begin
INFO     : ... Hierarchical pre-synthesis "bram_primitive_8d8bd7fa46784c519c924c36e9ddd8d4(FAMILY="TRION",WRITE_WIDTH=1,WCLK_POLARITY=1,WCLKE_POLARITY=1,WE_POLARITY=1,READ_WIDTH=1,RCLK_POLARITY=1,RE_POLARITY=1,OUTPUT_REG=0,RST_POLARITY=1,WADDREN_POLARITY=1,RADDREN_POLARITY=1,ini_index=5)" end (Real time : 0s CPU user time : 0s CPU sys time : 0s MEM : 313736KB)
INFO     : ... Hierarchical pre-synthesis "bram_primitive_8d8bd7fa46784c519c924c36e9ddd8d4(FAMILY="TRION",WRITE_WIDTH=1,WCLK_POLARITY=1,WCLKE_POLARITY=1,WE_POLARITY=1,READ_WIDTH=1,RCLK_POLARITY=1,RE_POLARITY=1,OUTPUT_REG=0,RST_POLARITY=1,WADDREN_POLARITY=1,RADDREN_POLARITY=1,ini_index=6)" begin
INFO     : ... Hierarchical pre-synthesis "bram_primitive_8d8bd7fa46784c519c924c36e9ddd8d4(FAMILY="TRION",WRITE_WIDTH=1,WCLK_POLARITY=1,WCLKE_POLARITY=1,WE_POLARITY=1,READ_WIDTH=1,RCLK_POLARITY=1,RE_POLARITY=1,OUTPUT_REG=0,RST_POLARITY=1,WADDREN_POLARITY=1,RADDREN_POLARITY=1,ini_index=6)" end (Real time : 0s CPU user time : 0s CPU sys time : 0s MEM : 313736KB)
INFO     : ... Hierarchical pre-synthesis "bram_primitive_8d8bd7fa46784c519c924c36e9ddd8d4(FAMILY="TRION",WRITE_WIDTH=1,WCLK_POLARITY=1,WCLKE_POLARITY=1,WE_POLARITY=1,READ_WIDTH=1,RCLK_POLARITY=1,RE_POLARITY=1,OUTPUT_REG=0,RST_POLARITY=1,WADDREN_POLARITY=1,RADDREN_POLARITY=1,ini_index=7)" begin
INFO     : ... Hierarchical pre-synthesis "bram_primitive_8d8bd7fa46784c519c924c36e9ddd8d4(FAMILY="TRION",WRITE_WIDTH=1,WCLK_POLARITY=1,WCLKE_POLARITY=1,WE_POLARITY=1,READ_WIDTH=1,RCLK_POLARITY=1,RE_POLARITY=1,OUTPUT_REG=0,RST_POLARITY=1,WADDREN_POLARITY=1,RADDREN_POLARITY=1,ini_index=7)" end (Real time : 0s CPU user time : 0s CPU sys time : 0s MEM : 313736KB)
INFO     : ... Hierarchical pre-synthesis "bram_primitive_8d8bd7fa46784c519c924c36e9ddd8d4(FAMILY="TRION",WRITE_WIDTH=1,WCLK_POLARITY=1,WCLKE_POLARITY=1,WE_POLARITY=1,READ_WIDTH=1,RCLK_POLARITY=1,RE_POLARITY=1,OUTPUT_REG=0,RST_POLARITY=1,WADDREN_POLARITY=1,RADDREN_POLARITY=1,ini_index=8)" begin
INFO     : ... Hierarchical pre-synthesis "bram_primitive_8d8bd7fa46784c519c924c36e9ddd8d4(FAMILY="TRION",WRITE_WIDTH=1,WCLK_POLARITY=1,WCLKE_POLARITY=1,WE_POLARITY=1,READ_WIDTH=1,RCLK_POLARITY=1,RE_POLARITY=1,OUTPUT_REG=0,RST_POLARITY=1,WADDREN_POLARITY=1,RADDREN_POLARITY=1,ini_index=8)" end (Real time : 0s CPU user time : 0s CPU sys time : 0s MEM : 313736KB)
INFO     : ... Hierarchical pre-synthesis "bram_primitive_8d8bd7fa46784c519c924c36e9ddd8d4(FAMILY="TRION",WRITE_WIDTH=1,WCLK_POLARITY=1,WCLKE_POLARITY=1,WE_POLARITY=1,READ_WIDTH=1,RCLK_POLARITY=1,RE_POLARITY=1,OUTPUT_REG=0,RST_POLARITY=1,WADDREN_POLARITY=1,RADDREN_POLARITY=1,ini_index=9)" begin
INFO     : ... Hierarchical pre-synthesis "bram_primitive_8d8bd7fa46784c519c924c36e9ddd8d4(FAMILY="TRION",WRITE_WIDTH=1,WCLK_POLARITY=1,WCLKE_POLARITY=1,WE_POLARITY=1,READ_WIDTH=1,RCLK_POLARITY=1,RE_POLARITY=1,OUTPUT_REG=0,RST_POLARITY=1,WADDREN_POLARITY=1,RADDREN_POLARITY=1,ini_index=9)" end (Real time : 0s CPU user time : 0s CPU sys time : 0s MEM : 313736KB)
INFO     : ... Hierarchical pre-synthesis "bram_primitive_8d8bd7fa46784c519c924c36e9ddd8d4(FAMILY="TRION",WRITE_WIDTH=1,WCLK_POLARITY=1,WCLKE_POLARITY=1,WE_POLARITY=1,READ_WIDTH=1,RCLK_POLARITY=1,RE_POLARITY=1,OUTPUT_REG=0,RST_POLARITY=1,WADDREN_POLARITY=1,RADDREN_POLARITY=1,ini_index=10)" begin
INFO     : ... Hierarchical pre-synthesis "bram_primitive_8d8bd7fa46784c519c924c36e9ddd8d4(FAMILY="TRION",WRITE_WIDTH=1,WCLK_POLARITY=1,WCLKE_POLARITY=1,WE_POLARITY=1,READ_WIDTH=1,RCLK_POLARITY=1,RE_POLARITY=1,OUTPUT_REG=0,RST_POLARITY=1,WADDREN_POLARITY=1,RADDREN_POLARITY=1,ini_index=10)" end (Real time : 0s CPU user time : 0s CPU sys time : 0s MEM : 313736KB)
INFO     : ... Hierarchical pre-synthesis "bram_primitive_8d8bd7fa46784c519c924c36e9ddd8d4(FAMILY="TRION",WRITE_WIDTH=1,WCLK_POLARITY=1,WCLKE_POLARITY=1,WE_POLARITY=1,READ_WIDTH=1,RCLK_POLARITY=1,RE_POLARITY=1,OUTPUT_REG=0,RST_POLARITY=1,WADDREN_POLARITY=1,RADDREN_POLARITY=1,ini_index=11)" begin
INFO     : ... Hierarchical pre-synthesis "bram_primitive_8d8bd7fa46784c519c924c36e9ddd8d4(FAMILY="TRION",WRITE_WIDTH=1,WCLK_POLARITY=1,WCLKE_POLARITY=1,WE_POLARITY=1,READ_WIDTH=1,RCLK_POLARITY=1,RE_POLARITY=1,OUTPUT_REG=0,RST_POLARITY=1,WADDREN_POLARITY=1,RADDREN_POLARITY=1,ini_index=11)" end (Real time : 0s CPU user time : 0s CPU sys time : 0s MEM : 313736KB)
INFO     : ... Hierarchical pre-synthesis "bram_primitive_8d8bd7fa46784c519c924c36e9ddd8d4(FAMILY="TRION",WRITE_WIDTH=1,WCLK_POLARITY=1,WCLKE_POLARITY=1,WE_POLARITY=1,READ_WIDTH=1,RCLK_POLARITY=1,RE_POLARITY=1,OUTPUT_REG=0,RST_POLARITY=1,WADDREN_POLARITY=1,RADDREN_POLARITY=1,ini_index=12)" begin
INFO     : ... Hierarchical pre-synthesis "bram_primitive_8d8bd7fa46784c519c924c36e9ddd8d4(FAMILY="TRION",WRITE_WIDTH=1,WCLK_POLARITY=1,WCLKE_POLARITY=1,WE_POLARITY=1,READ_WIDTH=1,RCLK_POLARITY=1,RE_POLARITY=1,OUTPUT_REG=0,RST_POLARITY=1,WADDREN_POLARITY=1,RADDREN_POLARITY=1,ini_index=12)" end (Real time : 0s CPU user time : 0s CPU sys time : 0s MEM : 313736KB)
INFO     : ... Hierarchical pre-synthesis "bram_primitive_8d8bd7fa46784c519c924c36e9ddd8d4(FAMILY="TRION",WRITE_WIDTH=1,WCLK_POLARITY=1,WCLKE_POLARITY=1,WE_POLARITY=1,READ_WIDTH=1,RCLK_POLARITY=1,RE_POLARITY=1,OUTPUT_REG=0,RST_POLARITY=1,WADDREN_POLARITY=1,RADDREN_POLARITY=1,ini_index=13)" begin
INFO     : ... Hierarchical pre-synthesis "bram_primitive_8d8bd7fa46784c519c924c36e9ddd8d4(FAMILY="TRION",WRITE_WIDTH=1,WCLK_POLARITY=1,WCLKE_POLARITY=1,WE_POLARITY=1,READ_WIDTH=1,RCLK_POLARITY=1,RE_POLARITY=1,OUTPUT_REG=0,RST_POLARITY=1,WADDREN_POLARITY=1,RADDREN_POLARITY=1,ini_index=13)" end (Real time : 0s CPU user time : 0s CPU sys time : 0s MEM : 313736KB)
INFO     : ... Hierarchical pre-synthesis "bram_primitive_8d8bd7fa46784c519c924c36e9ddd8d4(FAMILY="TRION",WRITE_WIDTH=1,WCLK_POLARITY=1,WCLKE_POLARITY=1,WE_POLARITY=1,READ_WIDTH=1,RCLK_POLARITY=1,RE_POLARITY=1,OUTPUT_REG=0,RST_POLARITY=1,WADDREN_POLARITY=1,RADDREN_POLARITY=1,ini_index=14)" begin
INFO     : ... Hierarchical pre-synthesis "bram_primitive_8d8bd7fa46784c519c924c36e9ddd8d4(FAMILY="TRION",WRITE_WIDTH=1,WCLK_POLARITY=1,WCLKE_POLARITY=1,WE_POLARITY=1,READ_WIDTH=1,RCLK_POLARITY=1,RE_POLARITY=1,OUTPUT_REG=0,RST_POLARITY=1,WADDREN_POLARITY=1,RADDREN_POLARITY=1,ini_index=14)" end (Real time : 0s CPU user time : 0s CPU sys time : 0s MEM : 313736KB)
INFO     : ... Hierarchical pre-synthesis "bram_primitive_8d8bd7fa46784c519c924c36e9ddd8d4(FAMILY="TRION",WRITE_WIDTH=1,WCLK_POLARITY=1,WCLKE_POLARITY=1,WE_POLARITY=1,READ_WIDTH=1,RCLK_POLARITY=1,RE_POLARITY=1,OUTPUT_REG=0,RST_POLARITY=1,WADDREN_POLARITY=1,RADDREN_POLARITY=1,ini_index=15)" begin
INFO     : ... Hierarchical pre-synthesis "bram_primitive_8d8bd7fa46784c519c924c36e9ddd8d4(FAMILY="TRION",WRITE_WIDTH=1,WCLK_POLARITY=1,WCLKE_POLARITY=1,WE_POLARITY=1,READ_WIDTH=1,RCLK_POLARITY=1,RE_POLARITY=1,OUTPUT_REG=0,RST_POLARITY=1,WADDREN_POLARITY=1,RADDREN_POLARITY=1,ini_index=15)" end (Real time : 0s CPU user time : 0s CPU sys time : 0s MEM : 313736KB)
INFO     : ... Hierarchical pre-synthesis "bram_wrapper_mwm_8d8bd7fa46784c519c924c36e9ddd8d4(FAMILY="TRION",WCLK_POLARITY=1,WCLKE_POLARITY=1,WE_POLARITY=1,RCLK_POLARITY=1,RE_POLARITY=1,OUTPUT_REG=0,BYTEEN_POLARITY=1,RST_POLARITY=1,WADDREN_POLARITY=1,RADDREN_POLARITY=1,DATA_WIDTH_A=8,DATA_WIDTH_B=8,ADDR_WIDTH_A=13,ADDR_WIDTH_B=13,BYTEEN_WIDTH=1)" begin
INFO     : ... Hierarchical pre-synthesis "bram_wrapper_mwm_8d8bd7fa46784c519c924c36e9ddd8d4(FAMILY="TRION",WCLK_POLARITY=1,WCLKE_POLARITY=1,WE_POLARITY=1,RCLK_POLARITY=1,RE_POLARITY=1,OUTPUT_REG=0,BYTEEN_POLARITY=1,RST_POLARITY=1,WADDREN_POLARITY=1,RADDREN_POLARITY=1,DATA_WIDTH_A=8,DATA_WIDTH_B=8,ADDR_WIDTH_A=13,ADDR_WIDTH_B=13,BYTEEN_WIDTH=1)" end (Real time : 0s CPU user time : 0s CPU sys time : 0s MEM : 313736KB)
INFO     : ... Hierarchical pre-synthesis "efx_simple_dual_port_ram_8d8bd7fa46784c519c924c36e9ddd8d4_renamed_due_excessive_length_2" begin
INFO     : ... Hierarchical pre-synthesis "efx_simple_dual_port_ram_8d8bd7fa46784c519c924c36e9ddd8d4_renamed_due_excessive_length_2" end (Real time : 0s CPU user time : 0s CPU sys time : 0s MEM : 313736KB)
INFO     : ... Hierarchical pre-synthesis "efx_bram_8d8bd7fa46784c519c924c36e9ddd8d4_renamed_due_excessive_length_1" begin
INFO     : ... Hierarchical pre-synthesis "efx_bram_8d8bd7fa46784c519c924c36e9ddd8d4_renamed_due_excessive_length_1" end (Real time : 0s CPU user time : 0s CPU sys time : 0s MEM : 313736KB)
INFO     : ... Hierarchical pre-synthesis "BRAM_8192_bytes" begin
INFO     : ... Hierarchical pre-synthesis "BRAM_8192_bytes" end (Real time : 0s CPU user time : 0s CPU sys time : 0s MEM : 313736KB)
INFO     : ... Hierarchical pre-synthesis "InstructionCache_faed934d2b154b51963a7ef5a6cb5a17" begin

INFO     : ... Hierarchical pre-synthesis "InstructionCache_faed934d2b154b51963a7ef5a6cb5a17" end (Real time : 0s CPU user time : 0s CPU sys time : 0s MEM : 313736KB)
INFO     : ... Hierarchical pre-synthesis "DataCache_faed934d2b154b51963a7ef5a6cb5a17" begin

INFO     : ... Hierarchical pre-synthesis "DataCache_faed934d2b154b51963a7ef5a6cb5a17" end (Real time : 0s CPU user time : 0s CPU sys time : 0s MEM : 313736KB)
INFO     : ... Hierarchical pre-synthesis "BufferCC_faed934d2b154b51963a7ef5a6cb5a17" begin
INFO     : ... Hierarchical pre-synthesis "BufferCC_faed934d2b154b51963a7ef5a6cb5a17" end (Real time : 0s CPU user time : 0s CPU sys time : 0s MEM : 313736KB)
INFO     : ... Hierarchical pre-synthesis "EfxCPUSp1_faed934d2b154b51963a7ef5a6cb5a17" begin

INFO     : ... Hierarchical pre-synthesis "EfxCPUSp1_faed934d2b154b51963a7ef5a6cb5a17" end (Real time : 0s CPU user time : 0s CPU sys time : 0s MEM : 313736KB)
INFO     : ... Hierarchical pre-synthesis "VexRiscv_faed934d2b154b51963a7ef5a6cb5a17" begin

INFO     : ... Hierarchical pre-synthesis "VexRiscv_faed934d2b154b51963a7ef5a6cb5a17" end (Real time : 0s CPU user time : 1s CPU sys time : 0s MEM : 313736KB)
INFO     : ... Hierarchical pre-synthesis "DebugModule_faed934d2b154b51963a7ef5a6cb5a17" begin

INFO     : ... Hierarchical pre-synthesis "DebugModule_faed934d2b154b51963a7ef5a6cb5a17" end (Real time : 0s CPU user time : 1s CPU sys time : 0s MEM : 313736KB)
INFO     : ... Hierarchical pre-synthesis "BufferCC_5_faed934d2b154b51963a7ef5a6cb5a17" begin
INFO     : ... Hierarchical pre-synthesis "BufferCC_5_faed934d2b154b51963a7ef5a6cb5a17" end (Real time : 0s CPU user time : 1s CPU sys time : 0s MEM : 313736KB)
INFO     : ... Hierarchical pre-synthesis "BufferCC_1_faed934d2b154b51963a7ef5a6cb5a17" begin
INFO     : ... Hierarchical pre-synthesis "BufferCC_1_faed934d2b154b51963a7ef5a6cb5a17" end (Real time : 0s CPU user time : 1s CPU sys time : 0s MEM : 313736KB)
INFO     : ... Hierarchical pre-synthesis "FlowCCByToggle_faed934d2b154b51963a7ef5a6cb5a17" begin
INFO     : ... Hierarchical pre-synthesis "FlowCCByToggle_faed934d2b154b51963a7ef5a6cb5a17" end (Real time : 0s CPU user time : 1s CPU sys time : 0s MEM : 313736KB)
INFO     : ... Hierarchical pre-synthesis "BufferCC_2_faed934d2b154b51963a7ef5a6cb5a17" begin
INFO     : ... Hierarchical pre-synthesis "BufferCC_2_faed934d2b154b51963a7ef5a6cb5a17" end (Real time : 0s CPU user time : 1s CPU sys time : 0s MEM : 313736KB)
INFO     : ... Hierarchical pre-synthesis "BufferCC_3_faed934d2b154b51963a7ef5a6cb5a17" begin
INFO     : ... Hierarchical pre-synthesis "BufferCC_3_faed934d2b154b51963a7ef5a6cb5a17" end (Real time : 0s CPU user time : 1s CPU sys time : 0s MEM : 313736KB)
INFO     : ... Hierarchical pre-synthesis "FlowCCByToggle_1_faed934d2b154b51963a7ef5a6cb5a17" begin
INFO     : ... Hierarchical pre-synthesis "FlowCCByToggle_1_faed934d2b154b51963a7ef5a6cb5a17" end (Real time : 0s CPU user time : 1s CPU sys time : 0s MEM : 313736KB)
INFO     : ... Hierarchical pre-synthesis "DebugTransportModuleJtagTap_faed934d2b154b51963a7ef5a6cb5a17" begin

INFO     : ... Wide MUX mapping to ram-net, output: 'tap_fsm_stateNext_string' select size : 4 output width: 80
INFO     : ... Wide MUX mapping to ram-net, output: 'tap_fsm_state_string' select size : 4 output width: 80
INFO     : ... Wide MUX mapping to ram-net, output: '_zz_tap_fsm_stateNext_string' select size : 4 output width: 80
INFO     : ... Wide MUX mapping to ram-net, output: '_zz_tap_fsm_stateNext_1_string' select size : 4 output width: 80
INFO     : ... Wide MUX mapping to ram-net, output: '_zz_tap_fsm_stateNext_2_string' select size : 4 output width: 80
INFO     : ... Wide MUX mapping to ram-net, output: '_zz_tap_fsm_stateNext_3_string' select size : 4 output width: 80
INFO     : ... Wide MUX mapping to ram-net, output: '_zz_tap_fsm_stateNext_4_string' select size : 4 output width: 80
INFO     : ... Wide MUX mapping to ram-net, output: '_zz_tap_fsm_stateNext_5_string' select size : 4 output width: 80
INFO     : ... Wide MUX mapping to ram-net, output: '_zz_tap_fsm_stateNext_6_string' select size : 4 output width: 80
INFO     : ... Wide MUX mapping to ram-net, output: '_zz_tap_fsm_stateNext_7_string' select size : 4 output width: 80
INFO     : ... Wide MUX mapping to ram-net, output: '_zz_tap_fsm_stateNext_9_string' select size : 4 output width: 80
INFO     : ... Wide MUX mapping to ram-net, output: '_zz_tap_fsm_stateNext_10_string' select size : 4 output width: 80
INFO     : ... Wide MUX mapping to ram-net, output: '_zz_tap_fsm_stateNext_12_string' select size : 4 output width: 80
INFO     : ... Wide MUX mapping to ram-net, output: '_zz_tap_fsm_stateNext_13_string' select size : 4 output width: 80
INFO     : ... Wide MUX mapping to ram-net, output: '_zz_tap_fsm_stateNext_14_string' select size : 4 output width: 80

INFO     : ... Hierarchical pre-synthesis "DebugTransportModuleJtagTap_faed934d2b154b51963a7ef5a6cb5a17" end (Real time : 1s CPU user time : 1s CPU sys time : 0s MEM : 313736KB)
INFO     : ... Hierarchical pre-synthesis "BufferCC_6_faed934d2b154b51963a7ef5a6cb5a17" begin
INFO     : ... Hierarchical pre-synthesis "BufferCC_6_faed934d2b154b51963a7ef5a6cb5a17" end (Real time : 0s CPU user time : 1s CPU sys time : 0s MEM : 313736KB)
INFO     : ... Hierarchical pre-synthesis "BufferCC_8_faed934d2b154b51963a7ef5a6cb5a17" begin
INFO     : ... Hierarchical pre-synthesis "BufferCC_8_faed934d2b154b51963a7ef5a6cb5a17" end (Real time : 0s CPU user time : 1s CPU sys time : 0s MEM : 313736KB)
INFO     : ... Hierarchical pre-synthesis "BmbDecoder_faed934d2b154b51963a7ef5a6cb5a17" begin
INFO     : ... Hierarchical pre-synthesis "BmbDecoder_faed934d2b154b51963a7ef5a6cb5a17" end (Real time : 0s CPU user time : 1s CPU sys time : 0s MEM : 313736KB)
INFO     : ... Hierarchical pre-synthesis "StreamArbiter_faed934d2b154b51963a7ef5a6cb5a17" begin
INFO     : ... Hierarchical pre-synthesis "StreamArbiter_faed934d2b154b51963a7ef5a6cb5a17" end (Real time : 0s CPU user time : 1s CPU sys time : 0s MEM : 313736KB)
INFO     : ... Hierarchical pre-synthesis "BmbArbiter_faed934d2b154b51963a7ef5a6cb5a17" begin

INFO     : ... Hierarchical pre-synthesis "BmbArbiter_faed934d2b154b51963a7ef5a6cb5a17" end (Real time : 0s CPU user time : 1s CPU sys time : 0s MEM : 313736KB)
INFO     : ... Hierarchical pre-synthesis "BmbDecoder_1_faed934d2b154b51963a7ef5a6cb5a17" begin
INFO     : ... Hierarchical pre-synthesis "BmbDecoder_1_faed934d2b154b51963a7ef5a6cb5a17" end (Real time : 0s CPU user time : 1s CPU sys time : 0s MEM : 313736KB)
INFO     : ... Hierarchical pre-synthesis "BmbOnChipRam_faed934d2b154b51963a7ef5a6cb5a17" begin
INFO     : ... Hierarchical pre-synthesis "BmbOnChipRam_faed934d2b154b51963a7ef5a6cb5a17" end (Real time : 0s CPU user time : 1s CPU sys time : 0s MEM : 313736KB)
INFO     : ... Hierarchical pre-synthesis "BmbUnburstify_faed934d2b154b51963a7ef5a6cb5a17" begin
INFO     : ... Hierarchical pre-synthesis "BmbUnburstify_faed934d2b154b51963a7ef5a6cb5a17" end (Real time : 0s CPU user time : 1s CPU sys time : 0s MEM : 313736KB)
INFO     : ... Hierarchical pre-synthesis "BmbDecoder_2_faed934d2b154b51963a7ef5a6cb5a17" begin

INFO     : ... Hierarchical pre-synthesis "BmbDecoder_2_faed934d2b154b51963a7ef5a6cb5a17" end (Real time : 0s CPU user time : 1s CPU sys time : 0s MEM : 313736KB)
INFO     : ... Hierarchical pre-synthesis "BmbClint_faed934d2b154b51963a7ef5a6cb5a17" begin

INFO     : ... Hierarchical pre-synthesis "BmbClint_faed934d2b154b51963a7ef5a6cb5a17" end (Real time : 0s CPU user time : 1s CPU sys time : 0s MEM : 313736KB)
INFO     : ... Hierarchical pre-synthesis "UartCtrlTx_faed934d2b154b51963a7ef5a6cb5a17" begin

INFO     : ... Hierarchical pre-synthesis "UartCtrlTx_faed934d2b154b51963a7ef5a6cb5a17" end (Real time : 0s CPU user time : 1s CPU sys time : 0s MEM : 313736KB)
INFO     : ... Hierarchical pre-synthesis "BufferCC_4_faed934d2b154b51963a7ef5a6cb5a17" begin
INFO     : ... Hierarchical pre-synthesis "BufferCC_4_faed934d2b154b51963a7ef5a6cb5a17" end (Real time : 0s CPU user time : 1s CPU sys time : 0s MEM : 313736KB)
INFO     : ... Hierarchical pre-synthesis "UartCtrlRx_faed934d2b154b51963a7ef5a6cb5a17" begin
INFO     : ... Hierarchical pre-synthesis "UartCtrlRx_faed934d2b154b51963a7ef5a6cb5a17" end (Real time : 0s CPU user time : 1s CPU sys time : 0s MEM : 313736KB)
INFO     : ... Hierarchical pre-synthesis "UartCtrl_faed934d2b154b51963a7ef5a6cb5a17" begin

INFO     : ... Hierarchical pre-synthesis "UartCtrl_faed934d2b154b51963a7ef5a6cb5a17" end (Real time : 0s CPU user time : 1s CPU sys time : 0s MEM : 313736KB)
INFO     : ... Hierarchical pre-synthesis "StreamFifo_faed934d2b154b51963a7ef5a6cb5a17" begin

INFO     : ... Hierarchical pre-synthesis "StreamFifo_faed934d2b154b51963a7ef5a6cb5a17" end (Real time : 0s CPU user time : 1s CPU sys time : 0s MEM : 313736KB)
INFO     : ... Hierarchical pre-synthesis "BmbUartCtrl_faed934d2b154b51963a7ef5a6cb5a17" begin

INFO     : ... Hierarchical pre-synthesis "BmbUartCtrl_faed934d2b154b51963a7ef5a6cb5a17" end (Real time : 0s CPU user time : 1s CPU sys time : 0s MEM : 313736KB)
INFO     : ... Hierarchical pre-synthesis "BmbGpio2_faed934d2b154b51963a7ef5a6cb5a17" begin

INFO     : ... Hierarchical pre-synthesis "BmbGpio2_faed934d2b154b51963a7ef5a6cb5a17" end (Real time : 0s CPU user time : 1s CPU sys time : 0s MEM : 313736KB)
INFO     : ... Hierarchical pre-synthesis "EfxSapphireSoc_faed934d2b154b51963a7ef5a6cb5a17" begin

INFO     : ... Hierarchical pre-synthesis "EfxSapphireSoc_faed934d2b154b51963a7ef5a6cb5a17" end (Real time : 0s CPU user time : 2s CPU sys time : 0s MEM : 313736KB)
INFO     : ... Hierarchical pre-synthesis "micro_risc_v1" begin

INFO     : ... Hierarchical pre-synthesis "micro_risc_v1" end (Real time : 1s CPU user time : 3s CPU sys time : 0s MEM : 313736KB)
INFO     : ... Hierarchical pre-synthesis "edb_top" begin

INFO     : ... Hierarchical pre-synthesis "edb_top" end (Real time : 0s CPU user time : 3s CPU sys time : 0s MEM : 313736KB)
INFO     : ... Hierarchical pre-synthesis "top_level" begin

WARNING  : Mapping into logic memory block 'u_micro_risc_v1/u_EfxSapphireSoc/system_riscvJtag_debug_logic_dm/logic_progbufX_mem' (64 bits) (/home/olle/efinity_p2/BRAM/ip/micro_risc_v1/micro_risc_v1.v:5441) because size is too small (<=64) [EFX-0657]

INFO     : ... Clock Enable Synthesis Performed on 295 flops.

INFO     : ... Hierarchical pre-synthesis "top_level" end (Real time : 1s CPU user time : 4s CPU sys time : 0s MEM : 313736KB)

INFO     : ... Flat optimizations begin

INFO     : ... Flat optimizations end (Real time : 0s CPU user time : 4s CPU sys time : 0s MEM : 313736KB)

INFO     : ... Flat synthesis begin

INFO     : ... Flat synthesis end (Real time : 0s CPU user time : 4s CPU sys time : 0s MEM : 313736KB)

INFO     : ... Flat optimizations begin

INFO     : ... Flat optimizations end (Real time : 0s CPU user time : 4s CPU sys time : 0s MEM : 313736KB)

INFO     : ... Check and break combinational loops begin

INFO     : ... Check and break combinational loops end (Real time : 0s CPU user time : 4s CPU sys time : 0s MEM : 313736KB)

INFO     : ... Sequential Optimization begin

INFO     : ... Clock Network 'pll_clk' with 2380 loads will be considered for sequential optimization.

INFO     : ... Clock Network 'jtag_inst1_TCK' with 235 loads will be considered for sequential optimization.

INFO     : ... Sequential Optimization deduced 450 equivalent points.

INFO     : ... Sequential Optimization end (Real time : 12s CPU user time : 16s CPU sys time : 0s MEM : 313736KB)
INFO     : ... Setup for logic synthesis begin

INFO     : ... Setup for logic synthesis end (Real time : 0s CPU user time : 16s CPU sys time : 0s MEM : 313736KB)
INFO     : ... LUT mapping begin

INFO     : ... LS, strategy: 3, nd: 3256, ed: 10670, lv: 7, pw: 5976.80
INFO     : ... LUT mapping end (Real time : 12s CPU user time : 30s CPU sys time : 0s MEM : 313736KB)
INFO     : ... Post-synthesis Verific netlist creation begin

INFO     : ... Post-synthesis Verific netlist creation end (Real time : 0s CPU user time : 31s CPU sys time : 0s MEM : 313736KB)

INFO     : ... Postmap Retiming Optimization begin

INFO     : ... Clock Network 'pll_clk~pll_clk' with 2367 loads will be considered for retiming optimization.

INFO     : ... Clock Network 'jtag_inst1_TCK~jtag_inst1_TCK' with 234 loads will be considered for retiming optimization.

INFO     : ... Performed 0 retime moves.

INFO     : ... Postmap Retiming Optimization end (Real time : 11s CPU user time : 41s CPU sys time : 0s MEM : 313736KB)

INFO     : ***** Beginning VDB Netlist Checker ... *****
WARNING  : /home/olle/efinity_p2/BRAM/top_level.vhd(8): Input/inout port clk is unconnected and will be removed. [VDB-8003]
WARNING  : /home/olle/efinity_p2/BRAM/top_level.vhd(15): Input/inout port led4 is unconnected and will be removed. [VDB-8003]
WARNING  : Input/inout port jtag_inst1_CAPTURE is unconnected and will be removed. [VDB-8003]
WARNING  : Input/inout port jtag_inst1_DRCK is unconnected and will be removed. [VDB-8003]
WARNING  : Input/inout port jtag_inst1_RESET is unconnected and will be removed. [VDB-8003]
WARNING  : Input/inout port jtag_inst1_RUNTEST is unconnected and will be removed. [VDB-8003]
WARNING  : Input/inout port jtag_inst1_SEL is unconnected and will be removed. [VDB-8003]
WARNING  : Input/inout port jtag_inst1_SHIFT is unconnected and will be removed. [VDB-8003]
WARNING  : Input/inout port jtag_inst1_TCK_2 is unconnected and will be removed. [VDB-8003]
WARNING  : Input/inout port jtag_inst1_TDI_2 is unconnected and will be removed. [VDB-8003]
WARNING  : Input/inout port jtag_inst1_TMS_2 is unconnected and will be removed. [VDB-8003]
WARNING  : Input/inout port jtag_inst1_UPDATE is unconnected and will be removed. [VDB-8003]
WARNING  : Net u_micro_risc_v1/u_EfxSapphireSoc/system_cores_0_logic_cpu/IBusCachedPlugin_cache/lineLoader_address[0] is dangling. [VDB-8009]
WARNING  : Net u_micro_risc_v1/u_EfxSapphireSoc/system_cores_0_logic_cpu/IBusCachedPlugin_cache/lineLoader_address[1] is dangling. [VDB-8009]
WARNING  : Net u_micro_risc_v1/u_EfxSapphireSoc/system_cores_0_logic_cpu/IBusCachedPlugin_cache/lineLoader_address[2] is dangling. [VDB-8009]
WARNING  : Net u_micro_risc_v1/u_EfxSapphireSoc/system_cores_0_logic_cpu/IBusCachedPlugin_cache/lineLoader_address[3] is dangling. [VDB-8009]
WARNING  : Net u_micro_risc_v1/u_EfxSapphireSoc/system_cores_0_logic_cpu/IBusCachedPlugin_cache/lineLoader_address[4] is dangling. [VDB-8009]
WARNING  : Net u_micro_risc_v1/u_EfxSapphireSoc/system_cores_0_logic_cpu/IBusCachedPlugin_cache/lineLoader_address[5] is dangling. [VDB-8009]

WARNING  : Found 18 warnings in the post-synthesis netlist.
INFO     : VDB Netlist Checker took 0.0220394 seconds.
INFO     : 	VDB Netlist Checker took 0.04 seconds (approximately) in total CPU time.
INFO     : VDB Netlist Checker virtual memory usage: begin = 307.736 MB, end = 307.736 MB, delta = 0 MB
INFO     : VDB Netlist Checker resident set memory usage: begin = 216.192 MB, end = 216.32 MB, delta = 0.128 MB
INFO     : 	VDB Netlist Checker peak resident set memory usage = 313.736 MB
INFO     : ***** Ending VDB Netlist Checker ... *****

INFO     : Resource Summary 
INFO     : =============================== 
INFO     : EFX_ADD         : 	306
INFO     : EFX_LUT4        : 	3254
INFO     : EFX_FF          : 	2601
INFO     : EFX_RAM_5K      : 	42
INFO     : EFX_GBUFCE      : 	2
INFO     : =============================== 
INFO     : ... Post-Map Verilog Writer begin
INFO     : Writing netlist 'top_level' to Verilog file '/home/olle/efinity_p2/BRAM/work_dbg/BRAM.dbg.map.v' [VDB-1030]

INFO     : ... Post-Map Verilog Writer end (Real time : 0s CPU user time : 42s CPU sys time : 0s MEM : 313736KB)

INFO     : The entire flow of EFX_MAP took 39.3746 seconds.
INFO     : 	The entire flow of EFX_MAP took 42.47 seconds (approximately) in total CPU time.
INFO     : The entire flow of EFX_MAP virtual memory usage: begin = 88.4 MB, end = 307.736 MB, delta = 219.336 MB
INFO     : The entire flow of EFX_MAP resident set memory usage: begin = 27.392 MB, end = 216.32 MB, delta = 188.928 MB
INFO     : 	The entire flow of EFX_MAP peak resident set memory usage = 313.736 MB

Fri August 8 25 22:05:20 - /home/olle/efinix/efinity/2025.1/bin/efx_map finished. Exit code = 0 Exit status : Normal

Debugger Step Merge User design with Debugger Cores. Done

--------------------------------------------------------------

--------------------------------------------------------------

Start Debugger Step Instantiate Jtag.

Fri August 8 25 22:05:20 - /home/olle/efinix/efinity/2025.1/bin/python3  "/home/olle/efinix/efinity/2025.1/scripts/efx_pt_jtag_util.py" --device "T20F169" --project "BRAM" --design_file "/home/olle/efinity_p2/BRAM/BRAM.peri.xml" --action "add" --jtag_user "JTAG_USER1" --output "/home/olle/efinity_p2/BRAM/BRAM.dbg.peri.xml"

Fri August 8 25 22:05:20 - Running /home/olle/efinix/efinity/2025.1/bin/python3...


== Load a design from file /home/olle/efinity_p2/BRAM/BRAM.peri.xml
INFO: Load design...
INFO: Periphery design is in sync with Efinity project
INFO: Load design...done.

== Create JTAG with default setting and pin name

== Assign JTAG_USER1 resource to new jtag
INFO: Check design...
INFO: Check design...done.

== Save Design to file: /home/olle/efinity_p2/BRAM/BRAM.dbg.peri.xml
INFO: Save as design...
INFO: Save as design...done.

Save db version: 20251999

Fri August 8 25 22:05:22 - /home/olle/efinix/efinity/2025.1/bin/python3 finished. Exit code = 0 Exit status : Normal

Debugger Step Instantiate Jtag. Done

--------------------------------------------------------------

Debugger Step Instantiate Jtag. Done

Fri August 8 25 22:05:23 - End Debugger Flow



-------------------------------------------------------------------------

Placement and Routing

-------------------------------------------------------------------------

Fri August 8 25 22:05:23 - Placement and routing flow working directory is /home/olle/efinity_p2/BRAM/work_pnr


INFO     : --max_threads set to 4 

Fri August 8 25 22:05:24 - /home/olle/efinix/efinity/2025.1/bin/python3  "/home/olle/efinix/efinity/2025.1/scripts/efx_run_pt_unified.py"  "BRAM.dbg"  "Trion"  "T20F169"

Fri August 8 25 22:05:24 - Running /home/olle/efinix/efinity/2025.1/bin/python3...

Load design file BRAM.dbg.peri.xml
Writing out summary report file
Writing out pinout file
Writing out interface config file
Writing out timing related file
Writing out verilog template file
Writing out option register file
Writing out boundary scan description file
Writing out LPF

Fri August 8 25 22:05:27 - /home/olle/efinix/efinity/2025.1/bin/python3 finished. Exit code = 0 Exit status : Normal

Fri August 8 25 22:05:27 - /home/olle/efinix/efinity/2025.1/bin/efx_pnr --circuit "BRAM" --family "Trion" --device "T20F169" --operating_conditions "C3" --pack --place --route --vdb_file "/home/olle/efinity_p2/BRAM/outflow/BRAM.dbg.vdb" --use_vdb_file "on" --place_file "/home/olle/efinity_p2/BRAM/outflow/BRAM.place" --route_file "/home/olle/efinity_p2/BRAM/outflow/BRAM.route" --sdc_file "/home/olle/efinity_p2/BRAM/const1.sdc" --sync_file "/home/olle/efinity_p2/BRAM/outflow/BRAM.interface.csv" --seed "1" --placer_effort_level "2" --max_threads "-1" --print_critical_path "10" --work_dir "/home/olle/efinity_p2/BRAM/work_pnr" --output_dir "/home/olle/efinity_p2/BRAM/outflow" --timing_analysis "on" --load_delay_matrix

Fri August 8 25 22:05:27 - Running /home/olle/efinix/efinity/2025.1/bin/efx_pnr...

INFO     : --max_threads set to 4 


           

           Efinix FPGA Placement and Routing.

           Version: 2025.1.110.2.15 

           Compiled: Jun 21 2025.

           

           Copyright (C) 2013 - 2025 Efinix, Inc. All rights reserved.


           

           The Tool Is Based on VPR of University of Toronto,

           a free open source code under MIT license.

           

           

INFO     : Running Placement and Routing for Family "Trion", Device "T20F169" ...


           

           ***** Beginning stage netlist pre-processing ... *****

INFO     : Successfully Read in Verific binary Netlist dump file "/home/olle/efinity_p2/BRAM/outflow/BRAM.dbg.vdb".


INFO     : ***** Beginning VDB Netlist Checker ... *****


WARNING  : /home/olle/efinity_p2/BRAM/top_level.vhd(8): Input/inout port clk is unconnected and will be removed. [VDB-8003]


WARNING  : /home/olle/efinity_p2/BRAM/top_level.vhd(15): Input/inout port led4 is unconnected and will be removed. [VDB-8003]


WARNING  : Input/inout port jtag_inst1_CAPTURE is unconnected and will be removed. [VDB-8003]


WARNING  : Input/inout port jtag_inst1_DRCK is unconnected and will be removed. [VDB-8003]


WARNING  : Input/inout port jtag_inst1_RESET is unconnected and will be removed. [VDB-8003]


WARNING  : Input/inout port jtag_inst1_RUNTEST is unconnected and will be removed. [VDB-8003]


WARNING  : Input/inout port jtag_inst1_SEL is unconnected and will be removed. [VDB-8003]


WARNING  : Input/inout port jtag_inst1_SHIFT is unconnected and will be removed. [VDB-8003]


WARNING  : Input/inout port jtag_inst1_TCK_2 is unconnected and will be removed. [VDB-8003]


WARNING  : Input/inout port jtag_inst1_TDI_2 is unconnected and will be removed. [VDB-8003]


WARNING  : Input/inout port jtag_inst1_TMS_2 is unconnected and will be removed. [VDB-8003]


WARNING  : Input/inout port jtag_inst1_UPDATE is unconnected and will be removed. [VDB-8003]


WARNING  : Net u_micro_risc_v1/u_EfxSapphireSoc/system_cores_0_logic_cpu/IBusCachedPlugin_cache/lineLoader_address[0] is dangling. [VDB-8009]


WARNING  : Net u_micro_risc_v1/u_EfxSapphireSoc/system_cores_0_logic_cpu/IBusCachedPlugin_cache/lineLoader_address[1] is dangling. [VDB-8009]


WARNING  : Net u_micro_risc_v1/u_EfxSapphireSoc/system_cores_0_logic_cpu/IBusCachedPlugin_cache/lineLoader_address[2] is dangling. [VDB-8009]


WARNING  : Net u_micro_risc_v1/u_EfxSapphireSoc/system_cores_0_logic_cpu/IBusCachedPlugin_cache/lineLoader_address[3] is dangling. [VDB-8009]


WARNING  : Net u_micro_risc_v1/u_EfxSapphireSoc/system_cores_0_logic_cpu/IBusCachedPlugin_cache/lineLoader_address[4] is dangling. [VDB-8009]


WARNING  : Net u_micro_risc_v1/u_EfxSapphireSoc/system_cores_0_logic_cpu/IBusCachedPlugin_cache/lineLoader_address[5] is dangling. [VDB-8009]


WARNING  : Found 18 warnings in the post-synthesis netlist.


INFO     : VDB Netlist Checker took 0.0184962 seconds.


INFO     : 	VDB Netlist Checker took 0.04 seconds (approximately) in total CPU time.


INFO     : VDB Netlist Checker virtual memory usage: begin = 228.656 MB, end = 245.068 MB, delta = 16.412 MB


INFO     : VDB Netlist Checker resident set memory usage: begin = 119.296 MB, end = 119.936 MB, delta = 0.64 MB


INFO     : 	VDB Netlist Checker peak resident set memory usage = 313.736 MB


INFO     : ***** Ending VDB Netlist Checker ... *****


INFO     : Reading core interface constraints file "/home/olle/efinity_p2/BRAM/outflow/BRAM.interface.csv"


INFO     : Successfully read core interface constraints file "/home/olle/efinity_p2/BRAM/outflow/BRAM.interface.csv"


INFO     : Net clk promoted to global due to interface constraints.


INFO     : Creating interface clock buffer clk~CLKBUF.


INFO     : Found 0 constant generator nets.


INFO     : Pass 0: Swept away 6 nets with no fanout.


INFO     : logical_block #7(led4) has no fanout.


INFO     : Removing input.


INFO     : logical_block #10(jtag_inst1_CAPTURE) has no fanout.


INFO     : Removing input.


INFO     : logical_block #11(jtag_inst1_DRCK) has no fanout.


INFO     : Removing input.


INFO     : logical_block #12(jtag_inst1_RESET) has no fanout.


INFO     : Removing input.


INFO     : logical_block #13(jtag_inst1_RUNTEST) has no fanout.


INFO     : Removing input.


INFO     : logical_block #14(jtag_inst1_SEL) has no fanout.


INFO     : Removing input.


INFO     : logical_block #15(jtag_inst1_SHIFT) has no fanout.


INFO     : Removing input.


INFO     : logical_block #16(jtag_inst1_TCK_2) has no fanout.


INFO     : Removing input.


INFO     : logical_block #17(jtag_inst1_TDI_2) has no fanout.


INFO     : Removing input.


INFO     : logical_block #18(jtag_inst1_TMS_2) has no fanout.


INFO     : Removing input.


INFO     : logical_block #19(jtag_inst1_UPDATE) has no fanout.


INFO     : Removing input.


WARNING  : logical_block u_micro_risc_v1/u_EfxSapphireSoc/system_cores_0_logic_cpu/IBusCachedPlugin_cache/lineLoader_address[0]~FF #249 has no fanout. Check synthesis flow


WARNING  : logical_block u_micro_risc_v1/u_EfxSapphireSoc/system_cores_0_logic_cpu/IBusCachedPlugin_cache/lineLoader_address[1]~FF #259 has no fanout. Check synthesis flow


WARNING  : logical_block u_micro_risc_v1/u_EfxSapphireSoc/system_cores_0_logic_cpu/IBusCachedPlugin_cache/lineLoader_address[2]~FF #260 has no fanout. Check synthesis flow


WARNING  : logical_block u_micro_risc_v1/u_EfxSapphireSoc/system_cores_0_logic_cpu/IBusCachedPlugin_cache/lineLoader_address[3]~FF #261 has no fanout. Check synthesis flow


WARNING  : logical_block u_micro_risc_v1/u_EfxSapphireSoc/system_cores_0_logic_cpu/IBusCachedPlugin_cache/lineLoader_address[4]~FF #262 has no fanout. Check synthesis flow


WARNING  : logical_block u_micro_risc_v1/u_EfxSapphireSoc/system_cores_0_logic_cpu/IBusCachedPlugin_cache/lineLoader_address[5]~FF #263 has no fanout. Check synthesis flow


INFO     : Pass 0: Swept away 11 blocks with no fanout.


INFO     : Pass 1: Swept away 0 nets with no fanout.


WARNING  : logical_block u_micro_risc_v1/u_EfxSapphireSoc/system_cores_0_logic_cpu/IBusCachedPlugin_cache/lineLoader_address[0]~FF #249 has no fanout. Check synthesis flow


WARNING  : logical_block u_micro_risc_v1/u_EfxSapphireSoc/system_cores_0_logic_cpu/IBusCachedPlugin_cache/lineLoader_address[1]~FF #259 has no fanout. Check synthesis flow


WARNING  : logical_block u_micro_risc_v1/u_EfxSapphireSoc/system_cores_0_logic_cpu/IBusCachedPlugin_cache/lineLoader_address[2]~FF #260 has no fanout. Check synthesis flow


WARNING  : logical_block u_micro_risc_v1/u_EfxSapphireSoc/system_cores_0_logic_cpu/IBusCachedPlugin_cache/lineLoader_address[3]~FF #261 has no fanout. Check synthesis flow


WARNING  : logical_block u_micro_risc_v1/u_EfxSapphireSoc/system_cores_0_logic_cpu/IBusCachedPlugin_cache/lineLoader_address[4]~FF #262 has no fanout. Check synthesis flow


WARNING  : logical_block u_micro_risc_v1/u_EfxSapphireSoc/system_cores_0_logic_cpu/IBusCachedPlugin_cache/lineLoader_address[5]~FF #263 has no fanout. Check synthesis flow


INFO     : Pass 1: Swept away 0 blocks with no fanout.


INFO     : Swept away 6 nets and 11 blocks in total.


INFO     : Removed 0 LUT buffers


INFO     : Sweept away 11 nodes


INFO     : Successfully created VPR logical netlist from Verific binary DataBase file "/home/olle/efinity_p2/BRAM/outflow/BRAM.dbg.vdb".


INFO     : Netlist pre-processing took 0.123203 seconds.


INFO     : 	Netlist pre-processing took 0.13 seconds (approximately) in total CPU time.


INFO     : Netlist pre-processing virtual memory usage: begin = 228.656 MB, end = 245.068 MB, delta = 16.412 MB


INFO     : Netlist pre-processing resident set memory usage: begin = 118.4 MB, end = 120.448 MB, delta = 2.048 MB


INFO     : 	Netlist pre-processing peak resident set memory usage = 313.736 MB


           ***** Ending stage netlist pre-processing *****

           

           ***** Beginning stage pre-packing ... *****

           ***** Ending stage pre-packing *****

           

           ***** Beginning stage packing ... *****

WARNING  : Packer found FF 'u_micro_risc_v1/u_EfxSapphireSoc/system_cores_0_logic_cpu/IBusCachedPlugin_cache/lineLoader_address[0]~FF' with no output net.


WARNING  : If possible, remove 'syn_preserve' attribute on FF output.


WARNING  : Packer found FF 'u_micro_risc_v1/u_EfxSapphireSoc/system_cores_0_logic_cpu/IBusCachedPlugin_cache/lineLoader_address[1]~FF' with no output net.


WARNING  : If possible, remove 'syn_preserve' attribute on FF output.


WARNING  : Packer found FF 'u_micro_risc_v1/u_EfxSapphireSoc/system_cores_0_logic_cpu/IBusCachedPlugin_cache/lineLoader_address[2]~FF' with no output net.


WARNING  : If possible, remove 'syn_preserve' attribute on FF output.


WARNING  : Packer found FF 'u_micro_risc_v1/u_EfxSapphireSoc/system_cores_0_logic_cpu/IBusCachedPlugin_cache/lineLoader_address[3]~FF' with no output net.


WARNING  : If possible, remove 'syn_preserve' attribute on FF output.


WARNING  : Packer found FF 'u_micro_risc_v1/u_EfxSapphireSoc/system_cores_0_logic_cpu/IBusCachedPlugin_cache/lineLoader_address[4]~FF' with no output net.


WARNING  : If possible, remove 'syn_preserve' attribute on FF output.


WARNING  : Packer found FF 'u_micro_risc_v1/u_EfxSapphireSoc/system_cores_0_logic_cpu/IBusCachedPlugin_cache/lineLoader_address[5]~FF' with no output net.


WARNING  : If possible, remove 'syn_preserve' attribute on FF output.


INFO     : Generate proto netlist for file "/home/olle/efinity_p2/BRAM/work_pnr/BRAM.net_proto" took 0.015686 seconds


INFO     : Creating IO constraints file '/home/olle/efinity_p2/BRAM/work_pnr/BRAM.io_place'


INFO     : Packing took 0.0417235 seconds.


INFO     : 	Packing took 0.04 seconds (approximately) in total CPU time.


INFO     : Packing virtual memory usage: begin = 245.068 MB, end = 245.068 MB, delta = 0 MB


INFO     : Packing resident set memory usage: begin = 121.216 MB, end = 121.728 MB, delta = 0.512 MB


INFO     : 	Packing peak resident set memory usage = 313.736 MB


           ***** Ending stage packing *****

           

INFO     : Read proto netlist file /home/olle/efinity_p2/BRAM/work_pnr/BRAM.net_proto


INFO     : Read proto netlist for file "/home/olle/efinity_p2/BRAM/work_pnr/BRAM.net_proto" took 0.0093 seconds


INFO     : Setup net and block data structure took 0.123932 seconds


WARNING  : Found 18 warnings in the post-synthesis netlist.


INFO     : Reading core interface constraints file "/home/olle/efinity_p2/BRAM/outflow/BRAM.interface.csv"


INFO     : Successfully read core interface constraints file "/home/olle/efinity_p2/BRAM/outflow/BRAM.interface.csv"


INFO     : Net clk promoted to global due to interface constraints.


INFO     : Creating interface clock buffer clk~CLKBUF.


INFO     : logical_block u_micro_risc_v1/u_EfxSapphireSoc/system_cores_0_logic_cpu/IBusCachedPlugin_cache/lineLoader_address[0]~FF #249 has no fanout. Check synthesis flow


INFO     : logical_block u_micro_risc_v1/u_EfxSapphireSoc/system_cores_0_logic_cpu/IBusCachedPlugin_cache/lineLoader_address[1]~FF #259 has no fanout. Check synthesis flow


INFO     : logical_block u_micro_risc_v1/u_EfxSapphireSoc/system_cores_0_logic_cpu/IBusCachedPlugin_cache/lineLoader_address[2]~FF #260 has no fanout. Check synthesis flow


INFO     : logical_block u_micro_risc_v1/u_EfxSapphireSoc/system_cores_0_logic_cpu/IBusCachedPlugin_cache/lineLoader_address[3]~FF #261 has no fanout. Check synthesis flow


INFO     : logical_block u_micro_risc_v1/u_EfxSapphireSoc/system_cores_0_logic_cpu/IBusCachedPlugin_cache/lineLoader_address[4]~FF #262 has no fanout. Check synthesis flow


INFO     : logical_block u_micro_risc_v1/u_EfxSapphireSoc/system_cores_0_logic_cpu/IBusCachedPlugin_cache/lineLoader_address[5]~FF #263 has no fanout. Check synthesis flow


INFO     : logical_block u_micro_risc_v1/u_EfxSapphireSoc/system_cores_0_logic_cpu/IBusCachedPlugin_cache/lineLoader_address[0]~FF #249 has no fanout. Check synthesis flow


INFO     : logical_block u_micro_risc_v1/u_EfxSapphireSoc/system_cores_0_logic_cpu/IBusCachedPlugin_cache/lineLoader_address[1]~FF #259 has no fanout. Check synthesis flow


INFO     : logical_block u_micro_risc_v1/u_EfxSapphireSoc/system_cores_0_logic_cpu/IBusCachedPlugin_cache/lineLoader_address[2]~FF #260 has no fanout. Check synthesis flow


INFO     : logical_block u_micro_risc_v1/u_EfxSapphireSoc/system_cores_0_logic_cpu/IBusCachedPlugin_cache/lineLoader_address[3]~FF #261 has no fanout. Check synthesis flow


INFO     : logical_block u_micro_risc_v1/u_EfxSapphireSoc/system_cores_0_logic_cpu/IBusCachedPlugin_cache/lineLoader_address[4]~FF #262 has no fanout. Check synthesis flow


INFO     : logical_block u_micro_risc_v1/u_EfxSapphireSoc/system_cores_0_logic_cpu/IBusCachedPlugin_cache/lineLoader_address[5]~FF #263 has no fanout. Check synthesis flow


           ***** Beginning stage packed netlist loading ... *****

INFO     : Read proto netlist file /home/olle/efinity_p2/BRAM/work_pnr/BRAM.net_proto


INFO     : Read proto netlist for file "/home/olle/efinity_p2/BRAM/work_pnr/BRAM.net_proto" took 0.009487 seconds


INFO     : Setup net and block data structure took 0.124347 seconds


INFO     : Packed netlist loading took 0.135454 seconds.


INFO     : 	Packed netlist loading took 0.13 seconds (approximately) in total CPU time.


INFO     : Packed netlist loading virtual memory usage: begin = 245.068 MB, end = 245.068 MB, delta = 0 MB


INFO     : Packed netlist loading resident set memory usage: begin = 132.48 MB, end = 132.48 MB, delta = 0 MB


INFO     : 	Packed netlist loading peak resident set memory usage = 313.736 MB


           ***** Ending stage packed netlist loading *****

           

           ***** Beginning stage pre-placement ... *****

           

           ***** Ending stage pre-placement *****

           

INFO     : SDC file '/home/olle/efinity_p2/BRAM/const1.sdc' parsed successfully.


INFO     : 2 clocks (including virtual clocks), 0 inputs and 0 outputs were constrained.


           ***** Beginning stage initial placement ... *****

INFO     : Reading core interface constraints file "/home/olle/efinity_p2/BRAM/outflow/BRAM.interface.csv"


INFO     : Successfully read core interface constraints file "/home/olle/efinity_p2/BRAM/outflow/BRAM.interface.csv"


INFO     : Writing IO placement constraints to "/home/olle/efinity_p2/BRAM/outflow/BRAM.interface.io"


INFO     : Reading placement constraints from '/home/olle/efinity_p2/BRAM/outflow/BRAM.interface.io'.


INFO     : Reading placement constraints from '/home/olle/efinity_p2/BRAM/work_pnr/BRAM.io_place'.


WARNING  : jtag_inst1_TDO_2 has no assigned placement; it will be placed randomly.


INFO     : 1 IOs will have random placement.


WARNING  : Clock source jtag_inst1_TCK does not use a dedicated clock pad, so extra clock insertion delay is added


           ***** Ending stage initial placement *****

           

           ***** Beginning stage placement ... *****

INFO     : Found 81 synchronizers as follows: 


INFO     : 	Synchronizer 0: 


INFO     :  u_micro_risc_v1/u_EfxSapphireSoc/system_uart_0_io_logic/uartCtrl_1/rx/io_rxd_buffercc/buffers_0~FF


INFO     :  u_micro_risc_v1/u_EfxSapphireSoc/system_uart_0_io_logic/uartCtrl_1/rx/io_rxd_buffercc_io_dataOut~FF


INFO     : 	Synchronizer 1: 


INFO     :  u_micro_risc_v1/u_EfxSapphireSoc/debugCd_logic_outputReset_asyncAssertSyncDeassert_buffercc/buffers_0~FF


INFO     :  u_micro_risc_v1/u_EfxSapphireSoc/debugCd_logic_outputReset_asyncAssertSyncDeassert_buffercc_io_dataOut~FF


INFO     : 	Synchronizer 2: 


INFO     :  u_micro_risc_v1/u_EfxSapphireSoc/system_riscvJtag_soft_tap_tap_io_bus_cmd_payload_address[6]~FF


INFO     : 	Synchronizer 3: 


INFO     :  u_micro_risc_v1/u_EfxSapphireSoc/system_riscvJtag_soft_tap_tap_io_bus_cmd_payload_address[5]~FF


INFO     : 	Synchronizer 4: 


INFO     :  u_micro_risc_v1/u_EfxSapphireSoc/system_riscvJtag_soft_tap_tap_io_bus_cmd_payload_address[4]~FF


INFO     : 	Synchronizer 5: 


INFO     :  u_micro_risc_v1/u_EfxSapphireSoc/system_riscvJtag_soft_tap_tap_io_bus_cmd_payload_address[3]~FF


INFO     : 	Synchronizer 6: 


INFO     :  u_micro_risc_v1/u_EfxSapphireSoc/system_riscvJtag_soft_tap_tap_io_bus_cmd_payload_address[2]~FF


INFO     : 	Synchronizer 7: 


INFO     :  u_micro_risc_v1/u_EfxSapphireSoc/system_riscvJtag_soft_tap_tap_io_bus_cmd_payload_address[1]~FF


INFO     : 	Synchronizer 8: 


INFO     :  u_micro_risc_v1/u_EfxSapphireSoc/system_riscvJtag_soft_tap_tap_io_bus_cmd_payload_data[31]~FF


INFO     : 	Synchronizer 9: 


INFO     :  u_micro_risc_v1/u_EfxSapphireSoc/system_riscvJtag_soft_tap_tap_io_bus_cmd_payload_data[30]~FF


INFO     : 	Synchronizer 10: 


INFO     :  u_micro_risc_v1/u_EfxSapphireSoc/system_riscvJtag_soft_tap_tap_io_bus_cmd_payload_data[29]~FF


INFO     : 	Synchronizer 11: 


INFO     :  u_micro_risc_v1/u_EfxSapphireSoc/system_riscvJtag_soft_tap_tap_io_bus_cmd_payload_data[28]~FF


INFO     : 	Synchronizer 12: 


INFO     :  u_micro_risc_v1/u_EfxSapphireSoc/system_riscvJtag_soft_tap_tap_io_bus_cmd_payload_data[27]~FF


INFO     : 	Synchronizer 13: 


INFO     :  u_micro_risc_v1/u_EfxSapphireSoc/system_riscvJtag_soft_tap_tap_io_bus_cmd_payload_data[26]~FF


INFO     : 	Synchronizer 14: 


INFO     :  u_micro_risc_v1/u_EfxSapphireSoc/system_riscvJtag_soft_tap_tap_io_bus_cmd_payload_data[25]~FF


INFO     : 	Synchronizer 15: 


INFO     :  u_micro_risc_v1/u_EfxSapphireSoc/system_riscvJtag_soft_tap_tap_io_bus_cmd_payload_data[24]~FF


INFO     : 	Synchronizer 16: 


INFO     :  u_micro_risc_v1/u_EfxSapphireSoc/system_riscvJtag_soft_tap_tap_io_bus_cmd_payload_data[20]~FF


INFO     : 	Synchronizer 17: 


INFO     :  u_micro_risc_v1/u_EfxSapphireSoc/system_riscvJtag_soft_tap_tap_io_bus_cmd_payload_data[19]~FF


INFO     : 	Synchronizer 18: 


INFO     :  u_micro_risc_v1/u_EfxSapphireSoc/system_riscvJtag_soft_tap_tap_io_bus_cmd_payload_data[18]~FF


INFO     : 	Synchronizer 19: 


INFO     :  u_micro_risc_v1/u_EfxSapphireSoc/system_riscvJtag_soft_tap_tap_io_bus_cmd_payload_data[17]~FF


INFO     : 	Synchronizer 20: 


INFO     :  u_micro_risc_v1/u_EfxSapphireSoc/system_riscvJtag_soft_tap_tap_io_bus_cmd_payload_data[16]~FF


INFO     : 	Synchronizer 21: 


INFO     :  u_micro_risc_v1/u_EfxSapphireSoc/system_riscvJtag_soft_tap_tap_io_bus_cmd_payload_data[15]~FF


INFO     : 	Synchronizer 22: 


INFO     :  u_micro_risc_v1/u_EfxSapphireSoc/system_riscvJtag_soft_tap_tap_io_bus_cmd_payload_data[14]~FF


INFO     : 	Synchronizer 23: 


INFO     :  u_micro_risc_v1/u_EfxSapphireSoc/system_riscvJtag_soft_tap_tap_io_bus_cmd_payload_data[13]~FF


INFO     : 	Synchronizer 24: 


INFO     :  u_micro_risc_v1/u_EfxSapphireSoc/system_riscvJtag_soft_tap_tap/logic_systemLogic_bus_rsp_ccToggle_io_output_payload_data[12]~FF


INFO     : 	Synchronizer 25: 


INFO     :  u_micro_risc_v1/u_EfxSapphireSoc/system_riscvJtag_soft_tap_tap/logic_systemLogic_bus_rsp_ccToggle_io_output_payload_data[11]~FF


INFO     : 	Synchronizer 26: 


INFO     :  u_micro_risc_v1/u_EfxSapphireSoc/system_riscvJtag_soft_tap_tap/logic_systemLogic_bus_rsp_ccToggle_io_output_payload_data[10]~FF


INFO     : 	Synchronizer 27: 


INFO     :  u_micro_risc_v1/u_EfxSapphireSoc/system_riscvJtag_soft_tap_tap/logic_systemLogic_bus_rsp_ccToggle_io_output_payload_data[8]~FF


INFO     : 	Synchronizer 28: 


INFO     :  u_micro_risc_v1/u_EfxSapphireSoc/system_riscvJtag_soft_tap_tap_io_bus_cmd_payload_data[12]~FF


INFO     : 	Synchronizer 29: 


INFO     :  u_micro_risc_v1/u_EfxSapphireSoc/system_riscvJtag_soft_tap_tap/logic_systemLogic_bus_rsp_ccToggle_io_output_payload_data[7]~FF


INFO     : 	Synchronizer 30: 


INFO     :  u_micro_risc_v1/u_EfxSapphireSoc/system_riscvJtag_soft_tap_tap_io_bus_cmd_payload_data[11]~FF


INFO     : 	Synchronizer 31: 


INFO     :  u_micro_risc_v1/u_EfxSapphireSoc/system_riscvJtag_soft_tap_tap/logic_systemLogic_bus_rsp_ccToggle_io_output_payload_data[6]~FF


INFO     : 	Synchronizer 32: 


INFO     :  u_micro_risc_v1/u_EfxSapphireSoc/system_riscvJtag_soft_tap_tap_io_bus_cmd_payload_data[10]~FF


INFO     : 	Synchronizer 33: 


INFO     :  u_micro_risc_v1/u_EfxSapphireSoc/system_riscvJtag_soft_tap_tap/logic_systemLogic_bus_rsp_ccToggle_io_output_payload_data[5]~FF


INFO     : 	Synchronizer 34: 


INFO     :  u_micro_risc_v1/u_EfxSapphireSoc/system_riscvJtag_soft_tap_tap_io_bus_cmd_payload_data[9]~FF


INFO     : 	Synchronizer 35: 


INFO     :  u_micro_risc_v1/u_EfxSapphireSoc/system_riscvJtag_soft_tap_tap/logic_systemLogic_bus_rsp_ccToggle_io_output_payload_data[4]~FF


INFO     : 	Synchronizer 36: 


INFO     :  u_micro_risc_v1/u_EfxSapphireSoc/system_riscvJtag_soft_tap_tap_io_bus_cmd_payload_data[8]~FF


INFO     : 	Synchronizer 37: 


INFO     :  u_micro_risc_v1/u_EfxSapphireSoc/system_riscvJtag_soft_tap_tap/logic_systemLogic_bus_rsp_ccToggle_io_output_payload_data[3]~FF


INFO     : 	Synchronizer 38: 


INFO     :  u_micro_risc_v1/u_EfxSapphireSoc/system_riscvJtag_soft_tap_tap/logic_systemLogic_bus_rsp_ccToggle_io_output_payload_data[0]~FF


INFO     : 	Synchronizer 39: 


INFO     :  u_micro_risc_v1/u_EfxSapphireSoc/system_riscvJtag_soft_tap_tap/logic_systemLogic_bus_rsp_ccToggle_io_output_payload_data[27]~FF


INFO     : 	Synchronizer 40: 


INFO     :  u_micro_risc_v1/u_EfxSapphireSoc/system_cores_0_logic_cpu/systemCd_logic_outputReset_buffercc/buffers_0~FF


INFO     :  u_micro_risc_v1/u_EfxSapphireSoc/system_cores_0_logic_cpu_debugBus_unavailable~FF


INFO     : 	Synchronizer 41: 


INFO     :  u_micro_risc_v1/u_EfxSapphireSoc/system_riscvJtag_soft_tap_tap/logic_systemLogic_bus_rsp_ccToggle_io_output_payload_data[23]~FF


INFO     : 	Synchronizer 42: 


INFO     :  u_micro_risc_v1/u_EfxSapphireSoc/system_riscvJtag_debug_systemReset_asyncAssertSyncDeassert_buffercc/buffers_0~FF


INFO     :  u_micro_risc_v1/u_EfxSapphireSoc/system_riscvJtag_debug_systemReset_asyncAssertSyncDeassert_buffercc_io_dataOut~FF


INFO     : 	Synchronizer 43: 


INFO     :  u_micro_risc_v1/u_EfxSapphireSoc/system_riscvJtag_soft_tap_tap/logic_systemLogic_bus_rsp_ccToggle/system_riscvJtag_soft_tap_tap_toplevel_debugCd_logic_outputReset_asyncAssertSyncDeassert_buffercc/buffers_0~FF


INFO     :  u_micro_risc_v1/u_EfxSapphireSoc/system_riscvJtag_soft_tap_tap/logic_systemLogic_bus_rsp_ccToggle/system_riscvJtag_soft_tap_tap_toplevel_debugCd_logic_outputReset_asyncAssertSyncDeassert_buffercc_io_dataOut~FF


INFO     : 	Synchronizer 44: 


INFO     :  u_micro_risc_v1/u_EfxSapphireSoc/system_riscvJtag_soft_tap_tap/logic_systemLogic_bus_rsp_ccToggle_io_output_payload_data[22]~FF


INFO     : 	Synchronizer 45: 


INFO     :  u_micro_risc_v1/u_EfxSapphireSoc/system_riscvJtag_soft_tap_tap/logic_systemLogic_bus_rsp_ccToggle_io_output_payload_data[2]~FF


INFO     : 	Synchronizer 46: 


INFO     :  u_micro_risc_v1/u_EfxSapphireSoc/system_riscvJtag_soft_tap_tap_io_bus_cmd_payload_data[6]~FF


INFO     : 	Synchronizer 47: 


INFO     :  u_micro_risc_v1/u_EfxSapphireSoc/system_riscvJtag_soft_tap_tap/logic_systemLogic_bus_rsp_ccToggle_io_output_payload_data[31]~FF


INFO     : 	Synchronizer 48: 


INFO     :  u_micro_risc_v1/u_EfxSapphireSoc/system_riscvJtag_soft_tap_tap/logic_systemLogic_bus_rsp_ccToggle_io_output_payload_data[1]~FF


INFO     : 	Synchronizer 49: 


INFO     :  u_micro_risc_v1/u_EfxSapphireSoc/system_riscvJtag_soft_tap_tap_io_bus_cmd_payload_data[23]~FF


INFO     : 	Synchronizer 50: 


INFO     :  u_micro_risc_v1/u_EfxSapphireSoc/system_riscvJtag_soft_tap_tap_io_bus_cmd_payload_address[0]~FF


INFO     : 	Synchronizer 51: 


INFO     :  u_micro_risc_v1/u_EfxSapphireSoc/system_riscvJtag_soft_tap_tap_io_bus_cmd_payload_data[5]~FF


INFO     : 	Synchronizer 52: 


INFO     :  u_micro_risc_v1/u_EfxSapphireSoc/system_riscvJtag_soft_tap_tap/logic_systemLogic_bus_rsp_ccToggle_io_output_payload_data[30]~FF


INFO     : 	Synchronizer 53: 


INFO     :  u_micro_risc_v1/u_EfxSapphireSoc/system_riscvJtag_soft_tap_tap/logic_systemLogic_bus_rsp_ccToggle_io_output_payload_data[19]~FF


INFO     : 	Synchronizer 54: 


INFO     :  u_micro_risc_v1/u_EfxSapphireSoc/system_riscvJtag_soft_tap_tap_io_bus_cmd_payload_data[21]~FF


INFO     : 	Synchronizer 55: 


INFO     :  u_micro_risc_v1/u_EfxSapphireSoc/system_riscvJtag_soft_tap_tap_io_bus_cmd_payload_write~FF


INFO     : 	Synchronizer 56: 


INFO     :  u_micro_risc_v1/u_EfxSapphireSoc/system_riscvJtag_soft_tap_tap/logic_systemLogic_bus_rsp_ccToggle_io_output_payload_data[9]~FF


INFO     : 	Synchronizer 57: 


INFO     :  u_micro_risc_v1/u_EfxSapphireSoc/system_riscvJtag_soft_tap_tap_io_bus_cmd_payload_data[3]~FF


INFO     : 	Synchronizer 58: 


INFO     :  u_micro_risc_v1/u_EfxSapphireSoc/system_riscvJtag_soft_tap_tap/logic_jtagLogic_dmiCmd_ccToggle/inputArea_target_buffercc/buffers_0~FF


INFO     :  u_micro_risc_v1/u_EfxSapphireSoc/system_riscvJtag_soft_tap_tap/logic_jtagLogic_dmiCmd_ccToggle/inputArea_target_buffercc_io_dataOut~FF


INFO     : 	Synchronizer 59: 


INFO     :  u_micro_risc_v1/u_EfxSapphireSoc/system_riscvJtag_soft_tap_tap/logic_systemLogic_bus_rsp_ccToggle/inputArea_target_buffercc/buffers_0~FF


INFO     :  u_micro_risc_v1/u_EfxSapphireSoc/system_riscvJtag_soft_tap_tap/logic_systemLogic_bus_rsp_ccToggle/inputArea_target_buffercc_io_dataOut~FF


INFO     : 	Synchronizer 60: 


INFO     :  u_micro_risc_v1/u_EfxSapphireSoc/system_riscvJtag_soft_tap_tap/logic_systemLogic_bus_rsp_ccToggle_io_output_payload_data[20]~FF


INFO     : 	Synchronizer 61: 


INFO     :  u_micro_risc_v1/u_EfxSapphireSoc/system_riscvJtag_soft_tap_tap/logic_systemLogic_bus_rsp_ccToggle_io_output_payload_data[13]~FF


INFO     : 	Synchronizer 62: 


INFO     :  u_micro_risc_v1/u_EfxSapphireSoc/system_riscvJtag_soft_tap_tap_io_bus_cmd_payload_data[7]~FF


INFO     : 	Synchronizer 63: 


INFO     :  u_micro_risc_v1/u_EfxSapphireSoc/system_riscvJtag_soft_tap_tap_io_bus_cmd_payload_data[22]~FF


INFO     : 	Synchronizer 64: 


INFO     :  u_micro_risc_v1/u_EfxSapphireSoc/system_riscvJtag_soft_tap_tap_io_bus_cmd_payload_data[0]~FF


INFO     : 	Synchronizer 65: 


INFO     :  u_micro_risc_v1/u_EfxSapphireSoc/system_riscvJtag_soft_tap_tap_io_bus_cmd_payload_data[4]~FF


INFO     : 	Synchronizer 66: 


INFO     :  u_micro_risc_v1/u_EfxSapphireSoc/system_riscvJtag_soft_tap_tap/logic_systemLogic_bus_rsp_ccToggle_io_output_payload_data[29]~FF


INFO     : 	Synchronizer 67: 


INFO     :  u_micro_risc_v1/u_EfxSapphireSoc/system_coreStopTime_buffercc/buffers_0~FF


INFO     :  u_micro_risc_v1/u_EfxSapphireSoc/system_coreStopTime_buffercc_io_dataOut~FF


INFO     : 	Synchronizer 68: 


INFO     :  u_micro_risc_v1/u_EfxSapphireSoc/system_riscvJtag_soft_tap_tap/logic_systemLogic_bus_rsp_ccToggle_io_output_payload_data[21]~FF


INFO     : 	Synchronizer 69: 


INFO     :  u_micro_risc_v1/u_EfxSapphireSoc/system_riscvJtag_soft_tap_tap/logic_systemLogic_bus_rsp_ccToggle_io_output_payload_data[14]~FF


INFO     : 	Synchronizer 70: 


INFO     :  u_micro_risc_v1/u_EfxSapphireSoc/system_riscvJtag_soft_tap_tap/logic_systemLogic_bus_rsp_ccToggle_io_output_payload_data[15]~FF


INFO     : 	Synchronizer 71: 


INFO     :  u_micro_risc_v1/u_EfxSapphireSoc/system_riscvJtag_soft_tap_tap/logic_systemLogic_bus_rsp_ccToggle_io_output_payload_data[16]~FF


INFO     : 	Synchronizer 72: 


INFO     :  u_micro_risc_v1/u_EfxSapphireSoc/system_riscvJtag_soft_tap_tap/logic_systemLogic_bus_rsp_ccToggle_io_output_payload_data[17]~FF


INFO     : 	Synchronizer 73: 


INFO     :  u_micro_risc_v1/u_EfxSapphireSoc/system_riscvJtag_soft_tap_tap/logic_systemLogic_bus_rsp_ccToggle_io_output_payload_data[18]~FF


INFO     : 	Synchronizer 74: 


INFO     :  u_micro_risc_v1/u_EfxSapphireSoc/system_riscvJtag_soft_tap_tap/logic_systemLogic_bus_rsp_ccToggle_io_output_payload_data[24]~FF


INFO     : 	Synchronizer 75: 


INFO     :  u_micro_risc_v1/u_EfxSapphireSoc/system_riscvJtag_soft_tap_tap/logic_systemLogic_bus_rsp_ccToggle_io_output_payload_data[25]~FF


INFO     : 	Synchronizer 76: 


INFO     :  u_micro_risc_v1/u_EfxSapphireSoc/system_riscvJtag_soft_tap_tap/logic_systemLogic_bus_rsp_ccToggle_io_output_payload_data[26]~FF


INFO     : 	Synchronizer 77: 


INFO     :  u_micro_risc_v1/u_EfxSapphireSoc/io_asyncReset_asyncAssertSyncDeassert_buffercc/buffers_0~FF


INFO     :  u_micro_risc_v1/u_EfxSapphireSoc/io_asyncReset_asyncAssertSyncDeassert_buffercc_io_dataOut~FF


INFO     : 	Synchronizer 78: 


INFO     :  u_micro_risc_v1/u_EfxSapphireSoc/system_riscvJtag_soft_tap_tap/logic_systemLogic_bus_rsp_ccToggle_io_output_payload_data[28]~FF


INFO     : 	Synchronizer 79: 


INFO     :  u_micro_risc_v1/u_EfxSapphireSoc/system_riscvJtag_soft_tap_tap_io_bus_cmd_payload_data[1]~FF


INFO     : 	Synchronizer 80: 


INFO     :  u_micro_risc_v1/u_EfxSapphireSoc/system_riscvJtag_soft_tap_tap_io_bus_cmd_payload_data[2]~FF


INFO     : Starting Global Placer with 4 threads ...


            ----------     -------  --------------     -------

             Iteration       WHPWL Worst Slack (ps) Convergence

            ----------     -------  --------------     -------

INFO     :           1     6321011            -641         1.4%


INFO     :           2     7498450            -731         2.4%


INFO     :           3     7773387           -2984         2.8%


INFO     :           4     6604251           -2922         3.3%


INFO     :           5     3208454           -2753         3.8%


INFO     :           6     1800925           -2984         5.8%


INFO     :           7      874518           -3070        13.5%


INFO     :           8      446745           -5630        28.5%


INFO     :           9      297328           -6644        50.1%


INFO     :          10      301504           -7275        67.1%


INFO     :          11      260864           -7834        67.1%


INFO     :          12      290555           -6700        73.7%


INFO     :          13      283356           -6912        73.7%


INFO     :          14      276049           -7193        73.7%


INFO     :          15      285372           -7377        76.8%


INFO     :          16      281076           -6935        76.8%


INFO     :          17      282856           -7001        79.2%


INFO     :          18      280789           -7690        79.2%


INFO     :          19      280583           -6769        81.0%


INFO     :          20      272502           -8351        81.0%


INFO     :          21      282147           -6714        83.5%


INFO     :          22      272370           -7168        83.5%


INFO     :          23      277607           -7449        86.0%


INFO     :          24      269395           -8048        86.0%


INFO     :          25      276176           -8420        86.0%


INFO     :          26      276389           -7739        86.0%


INFO     :          27      277757           -8286        87.7%


INFO     :          28      279917           -8027        87.8%


INFO     :          29      279324           -7765        89.1%


INFO     :          30      280462           -8344        89.1%


INFO     :          31      279825           -7999        90.4%


INFO     :          32      284330           -8163        91.1%


INFO     :          33      280835           -8192        91.4%


INFO     :          34      281964           -8499        92.6%


INFO     :          35      278007           -7798        93.2%


INFO     :          36      281176           -7866        94.3%


INFO     : Starting Annealer


            ----------     -------  --------------     -------

             Iteration       WHPWL  Delay Max (ps)     R Limit

            ----------     -------  --------------     -------

INFO     :           0      136442           18761        30.0


INFO     :           1      106423           14500        30.0


INFO     :           2       94703           14423        29.6


INFO     :           3       88453           13079        28.6


INFO     :           4       86788           12601        27.5


INFO     :           5       84185           12695        26.1


INFO     :           6       82705           12170        24.9


INFO     :           7       82031           11677        23.5


INFO     :           8       81464           15368        22.2


INFO     :           9       81259           15832        20.9


INFO     :          10       80747           15019        19.6


INFO     :          11       79853           15446        18.3


INFO     :          12       78628           15368        17.1


INFO     :          13       77506           11832        15.9


INFO     :          14       76060           15050        14.8


INFO     :          15       75221           15050        13.8


INFO     :          16       74593           15050        12.8


INFO     :          17       74188           11178        11.9


INFO     :          18       73347           11166        11.1


INFO     :          19       72629           11215        10.3


INFO     :          20       71807           11678         9.6


INFO     :          21       71382           15063         8.9


INFO     :          22       70838           14428         8.3


INFO     :          23       70792           11039         7.7


INFO     :          24       70211           10721         7.1


INFO     :          25       69554           10721         6.6


INFO     :          26       68982           14481         6.1


INFO     :          27       68515           14589         5.7


INFO     :          28       68057           14739         5.3


INFO     :          29       67958           10918         4.9


INFO     :          30       67665           14367         4.5


INFO     :          31       67255           14367         4.2


INFO     :          32       66869           14367         3.9


INFO     :          33       66640           14367         3.6


INFO     :          34       66564           14620         3.3


INFO     :          35       66365           14751         3.1


INFO     :          36       66088           14367         2.9


INFO     :          37       65632           14367         2.7


INFO     :          38       65328           14367         2.5


INFO     :          39       65060           14751         2.3


INFO     :          40       64855           14538         2.1


INFO     :          41       64606           14538         2.0


INFO     :          42       64240           14371         1.8


INFO     :          43       64023           14371         1.7


INFO     :          44       63756           14538         1.5


INFO     :          45       63536           14538         1.4


INFO     :          46       63160           10742         1.3


INFO     :          47       62762           14991         1.2


INFO     : Counted delay computer calls: 85287
Placement successful: 4965 cells are placed


INFO     : Peak congestion smeared over 1/4 of the chip is 0.344349 at 25,74


INFO     : Congestion-weighted HPWL per net: 28.8513


INFO     : Post-placement cluster-level checks is successful


INFO     : Checks is successful


INFO     : Reading placement constraints from '/home/olle/efinity_p2/BRAM/outflow/BRAM.qplace'.


INFO     : Finished Realigning Types (584 blocks needed type change)


INFO     : Completed placement consistency check successfully.




INFO     : Successfully created FPGA place file '/home/olle/efinity_p2/BRAM/outflow/BRAM.place'


INFO     : Placement took 8.71411 seconds.


INFO     : 	Placement took 20.37 seconds (approximately) in total CPU time.


INFO     : Placement virtual memory usage: begin = 245.068 MB, end = 322.604 MB, delta = 77.536 MB


INFO     : Placement resident set memory usage: begin = 132.736 MB, end = 223.872 MB, delta = 91.136 MB


INFO     : 	Placement peak resident set memory usage = 313.736 MB


           ***** Ending stage placement *****

           

           

           Efinix FPGA Placement and Routing.

           Version: 2025.1.110.2.15 

           Compiled: Jun 21 2025.

           

           Copyright (C) 2013 - 2025 Efinix, Inc. All rights reserved.


           

           The Tool Is Based on VPR of University of Toronto,

           a free open source code under MIT license.

           

           

INFO     : Running Placement and Routing for Family "Trion", Device "T20F169" ...


           

           ***** Beginning stage routing graph generation ... *****

INFO     : Read ipin pattern from /home/olle/efinix/efinity/2025.1/arch/./routing/ipin_oph.xml


INFO     : Finished parsing ipin pattern file '/home/olle/efinix/efinity/2025.1/arch/./routing/ipin_oph.xdb'.


INFO     : Finished parsing switch_block file '/home/olle/efinix/efinity/2025.1/arch/./routing/sb_connectivity_subset.xdb'.


INFO     : BuildGraph process took 2.9763 seconds.


INFO     : 	BuildGraph process took 2.84 seconds (approximately) in total CPU time.


INFO     : BuildGraph process virtual memory usage: begin = 322.604 MB, end = 551.564 MB, delta = 228.96 MB


INFO     : BuildGraph process resident set memory usage: begin = 224.512 MB, end = 458.112 MB, delta = 233.6 MB


INFO     : 	BuildGraph process peak resident set memory usage = 458.112 MB


INFO     : check rr_graph process took 0.111699 seconds.


INFO     : 	check rr_graph process took 0.12 seconds (approximately) in total CPU time.


INFO     : check rr_graph process virtual memory usage: begin = 588.348 MB, end = 588.348 MB, delta = 0 MB


INFO     : check rr_graph process resident set memory usage: begin = 494.848 MB, end = 494.848 MB, delta = 0 MB


INFO     : 	check rr_graph process peak resident set memory usage = 494.848 MB


INFO     : Generated 1176655 RR nodes and 4448780 RR edges


INFO     : This design has 0 global control net(s). See /home/olle/efinity_p2/BRAM/outflow/BRAM.route.rpt for details.


INFO     : Routing graph took 3.181 seconds.


INFO     : 	Routing graph took 3.02 seconds (approximately) in total CPU time.


INFO     : Routing graph virtual memory usage: begin = 322.604 MB, end = 588.348 MB, delta = 265.744 MB


INFO     : Routing graph resident set memory usage: begin = 223.872 MB, end = 494.976 MB, delta = 271.104 MB


INFO     : 	Routing graph peak resident set memory usage = 494.976 MB


           ***** Ending stage routing graph generation *****

           

           ***** Beginning stage routing ... *****

INFO     : SDC file '/home/olle/efinity_p2/BRAM/const1.sdc' parsed successfully.


INFO     : 2 clocks (including virtual clocks), 0 inputs and 0 outputs were constrained.


INFO     :  ---------      -------     --------------      -------------


INFO     :  Iteration      Overuse     Crit Path (ns)      Calc Time (s)


INFO     :  ---------      -------     --------------      -------------


INFO     :          1        17591               11.1               1.93


INFO     :          2         4342              11.07               2.88


INFO     :          3         2160              11.07               3.18


INFO     :          4          872              11.07               3.32


INFO     :          5          381              11.07                3.6


INFO     :          6          184              11.07               4.12


INFO     :          7           87              11.07               1.29


INFO     :          8           42              11.26               1.99


INFO     :          9           22              11.19               3.39


INFO     :         10           10              11.73              0.677


INFO     :         11            4              11.72              0.226


INFO     :         12            0              11.72              0.737


           

INFO     : Successfully routed netlist after 12 routing iterations and 63992183 heapops


INFO     : Completed net delay value cross check successfully.


           ***** Beginning stage routing check ... *****

           ***** Ending stage routing check *****

           

INFO     : Serial number (magic cookie) for the routing is: 892023918


INFO     : Netlist fully routed.


INFO     : Successfully created FPGA route file '/home/olle/efinity_p2/BRAM/outflow/BRAM.route'


INFO     : Routing took 28.1691 seconds.


INFO     : 	Routing took 28.36 seconds (approximately) in total CPU time.


INFO     : Routing virtual memory usage: begin = 588.348 MB, end = 769.412 MB, delta = 181.064 MB


INFO     : Routing resident set memory usage: begin = 494.976 MB, end = 644.624 MB, delta = 149.648 MB


INFO     : 	Routing peak resident set memory usage = 644.624 MB


           ***** Ending stage routing *****

           

           ***** Beginning stage final timing analysis ... *****

INFO     : SDC file '/home/olle/efinity_p2/BRAM/const1.sdc' parsed successfully.


INFO     : 2 clocks (including virtual clocks), 0 inputs and 0 outputs were constrained.


Maximum possible analyzed clocks frequency
 Clock Name  Period (ns)  Frequency (MHz)     Edge
  pll_clk       11.880        84.175         (R-R)

Geomean max period: 11.880

Setup (Max) Clock Relationship
  Launch Clock    Capture Clock   Constraint (ns)     Slack (ns)          Edge
    pll_clk          pll_clk           7.000            -4.880           (R-R)

Hold (Min) Clock Relationship
  Launch Clock    Capture Clock   Constraint (ns)     Slack (ns)          Edge
    pll_clk          pll_clk           0.000            0.116            (R-R)


WARNING  : Clock domain between pll_clk (rising) and pll_clk (rising) may not meet (slack: -4.880 ns) the setup (max) timing requirement


INFO     : Write Timing Report to "/home/olle/efinity_p2/BRAM/outflow/BRAM.timing.rpt" ...


INFO     : final timing analysis took 0.332736 seconds.


INFO     : 	final timing analysis took 0.35 seconds (approximately) in total CPU time.


INFO     : final timing analysis virtual memory usage: begin = 769.412 MB, end = 769.412 MB, delta = 0 MB


INFO     : final timing analysis resident set memory usage: begin = 644.624 MB, end = 645.008 MB, delta = 0.384 MB


INFO     : 	final timing analysis peak resident set memory usage = 645.008 MB


           ***** Ending stage final timing analysis *****

           

           ***** Beginning stage bitstream generation ... *****

INFO     : Reading core interface constraints file "/home/olle/efinity_p2/BRAM/outflow/BRAM.interface.csv"


INFO     : Successfully read core interface constraints file "/home/olle/efinity_p2/BRAM/outflow/BRAM.interface.csv"


INFO     : Finished writing bitstream file /home/olle/efinity_p2/BRAM/work_pnr/BRAM.lbf.


INFO     : Bitstream generation took 0.557373 seconds.


INFO     : 	Bitstream generation took 0.55 seconds (approximately) in total CPU time.


INFO     : Bitstream generation virtual memory usage: begin = 769.412 MB, end = 769.412 MB, delta = 0 MB


INFO     : Bitstream generation resident set memory usage: begin = 645.008 MB, end = 646.032 MB, delta = 1.024 MB


INFO     : 	Bitstream generation peak resident set memory usage = 646.032 MB


           ***** Ending stage bitstream generation *****

           

INFO     : The entire flow of EFX_PNR took 43.5099 seconds.


INFO     : 	The entire flow of EFX_PNR took 55.39 seconds (approximately) in total CPU time.


INFO     : The entire flow of EFX_PNR virtual memory usage: begin = 119.632 MB, end = 769.412 MB, delta = 649.78 MB


INFO     : The entire flow of EFX_PNR resident set memory usage: begin = 38.528 MB, end = 646.032 MB, delta = 607.504 MB


INFO     : 	The entire flow of EFX_PNR peak resident set memory usage = 646.032 MB


Fri August 8 25 22:06:11 - /home/olle/efinix/efinity/2025.1/bin/efx_pnr finished. Exit code = 0 Exit status : Normal





-------------------------------------------------------------------------

Generating bitstream

-------------------------------------------------------------------------

Fri August 8 25 22:06:11 - Bitstream generation flow working directory is /home/olle/efinity_p2/BRAM/work_pnr


INFO     : --max_threads set to 4 

Fri August 8 25 22:06:12 - /home/olle/efinix/efinity/2025.1/bin/efx_pgm --source "/home/olle/efinity_p2/BRAM/work_pnr/BRAM.lbf" --dest "/home/olle/efinity_p2/BRAM/outflow/BRAM.hex" --device "T20F169" --family "Trion" --periph "/home/olle/efinity_p2/BRAM/outflow/BRAM.lpf" --interface_designer_settings "/home/olle/efinity_p2/BRAM/outflow/BRAM_or.ini" --enable_external_master_clock "off" --oscillator_clock_divider "DIV8" --active_capture_clk_edge "posedge" --spi_low_power_mode "on" --io_weak_pullup "on" --enable_roms "smart" --mode "active" --width "1" --release_tri_then_reset "on"

Fri August 8 25 22:06:12 - Running /home/olle/efinix/efinity/2025.1/bin/efx_pgm...

INFO     : Efinix FPGA Bitstream Generator.


INFO     : Version: 2025.1.110.2.15 


INFO     : Copyright (C) 2013 - 2025 Efinix, Inc. All rights reserved.


INFO     : Compiled: May  7 2025.


INFO     : Using source file "/home/olle/efinity_p2/BRAM/work_pnr/BRAM.lbf"


INFO     : Generating HEX programming file for device "T20F169", family "Trion"


INFO     : Using periphery source file "/home/olle/efinity_p2/BRAM/outflow/BRAM.lpf"


INFO     : Generating bit file: "/home/olle/efinity_p2/BRAM/outflow/BRAM.bit"


INFO     : HEX Generation Options Summary:


INFO     : 	Listing options specified to bitstream generation:


INFO     : 	spi_low_power_mode                       = on


INFO     : 	oscillator_clock_divider                 = DIV8


INFO     : 	io_weak_pullup                           = on


INFO     : 	enable_remote_update                     = off


INFO     : 	release_tri_then_reset                   = on


INFO     : Finished generating "/home/olle/efinity_p2/BRAM/outflow/BRAM.hex"


INFO     : Efinix Bitstream Generator took 1.01932 seconds.


INFO     : 	Efinix Bitstream Generator took 0.97 seconds (approximately) in total CPU time.


INFO     : Efinix Bitstream Generator virtual memory usage: begin = 35.092 MB, end = 93.388 MB, delta = 58.296 MB


INFO     : Efinix Bitstream Generator resident set memory usage: begin = 15.104 MB, end = 75.648 MB, delta = 60.544 MB


INFO     : 	Efinix Bitstream Generator peak resident set memory usage = 313.736 MB


Fri August 8 25 22:06:13 - /home/olle/efinix/efinity/2025.1/bin/efx_pgm finished. Exit code = 0 Exit status : Normal

Running hex generation flow done.

Fri August 8 25 22:06:13 - Running automated flow starting from synthesis done. Total duration = 2m 35.890s

Fri August 8 25 22:06:23 - Running Efinity Debugger...

Fri August 8 25 22:07:43 - Efinity Debugger finished. Exit code = 0 Exit status : Normal

Fri August 8 25 22:07:43 - Floorplan closed VM : 627.66 MB RSS : 291.088 MB

Fri August 8 25 22:07:43 - Project close VM : 627.66 MB RSS : 189.408 MB


