Wed August 20 25 19:20:58 - Starting Efinity IP Manager RPC Service...

Wed August 20 25 19:21:02 - IP Manager RPC Server Connected.

DEBUG    : Initialising Efx::ConcurrencyControl with 4 threads [Debug]

INFO     : --max_threads set to 4 

Wed August 20 25 19:24:57 - Project loaded VM : 550.608 MB RSS : 225.652 MB

Wed August 20 25 19:25:03 - Running automated flow starting from synthesis...



Wed August 20 25 19:25:03 - Floorplan closed VM : 550.608 MB RSS : 225.652 MB



-------------------------------------------------------------------------

Synthesis

-------------------------------------------------------------------------

Wed August 20 25 19:25:03 - Synthesis flow working directory is /home/olle/efinity_p2/BRAM/work_syn


INFO     : --max_threads set to 4 

INFO     : Deleting any pre-existing troute trace files

INFO     : Deleting any pre-existing troute trace files

INFO     : Deleting any pre-existing troute trace files

Wed August 20 25 19:25:03 - /home/olle/efinix/efinity/2025.1/bin/efx_map --project "BRAM" --root "top_level" --write-efx-verilog "/home/olle/efinity_p2/BRAM/outflow/BRAM.map.v" --write-premap-module "/home/olle/efinity_p2/BRAM/outflow/BRAM.elab.vdb" --binary-db "/home/olle/efinity_p2/BRAM/outflow/BRAM.vdb" --device "T20F169" --family "Trion" --veri_option "verilog_mode=verilog_2k,vhdl_mode=vhdl_2008" --work-dir "/home/olle/efinity_p2/BRAM/work_syn" --output-dir "/home/olle/efinity_p2/BRAM/outflow" --project-xml "/home/olle/efinity_p2/BRAM/BRAM.xml" --I "/home/olle/efinity_p2/BRAM" --I "/home/olle/efinity_p2/BRAM/ip/BRAM_8192_bytes" --I "/home/olle/efinity_p2/BRAM/ip/micro_risc_v1"

Wed August 20 25 19:25:03 - Running /home/olle/efinix/efinity/2025.1/bin/efx_map...

INFO     : Efinix FPGA Synthesis.


INFO     : Version: 2025.1.110.2.15


INFO     : Compiled: Jun 21 2025.


INFO     : 


INFO     : Copyright (C) 2013 - 2025 Efinix, Inc. All rights reserved.



INFO     : Reading project database "/home/olle/efinity_p2/BRAM/BRAM.xml"


INFO     : Analyzing Verilog file '/home/olle/efinix/efinity/2025.1/sim_models/maplib/efinix_peri_lib.v' [VERI-1482]


INFO     : /home/olle/efinix/efinity/2025.1/sim_models/maplib/efinix_peri_lib.v(8): compiling module 'EFX_IBUF' [VERI-1018]


INFO     : /home/olle/efinix/efinity/2025.1/sim_models/maplib/efinix_peri_lib.v(16): compiling module 'EFX_OBUF' [VERI-1018]


INFO     : /home/olle/efinix/efinity/2025.1/sim_models/maplib/efinix_peri_lib.v(23): compiling module 'EFX_IO_BUF' [VERI-1018]


INFO     : /home/olle/efinix/efinity/2025.1/sim_models/maplib/efinix_peri_lib.v(33): compiling module 'EFX_CLKOUT' [VERI-1018]


INFO     : /home/olle/efinix/efinity/2025.1/sim_models/maplib/efinix_peri_lib.v(41): compiling module 'EFX_IREG' [VERI-1018]


INFO     : /home/olle/efinix/efinity/2025.1/sim_models/maplib/efinix_peri_lib.v(51): compiling module 'EFX_OREG' [VERI-1018]


INFO     : /home/olle/efinix/efinity/2025.1/sim_models/maplib/efinix_peri_lib.v(60): compiling module 'EFX_IOREG' [VERI-1018]


INFO     : /home/olle/efinix/efinity/2025.1/sim_models/maplib/efinix_peri_lib.v(75): compiling module 'EFX_IDDIO' [VERI-1018]


INFO     : /home/olle/efinix/efinity/2025.1/sim_models/maplib/efinix_peri_lib.v(87): compiling module 'EFX_ODDIO' [VERI-1018]


INFO     : /home/olle/efinix/efinity/2025.1/sim_models/maplib/efinix_peri_lib.v(99): compiling module 'EFX_GPIO_V1' [VERI-1018]


INFO     : /home/olle/efinix/efinity/2025.1/sim_models/maplib/efinix_peri_lib.v(124): compiling module 'EFX_GPIO_V2' [VERI-1018]


INFO     : /home/olle/efinix/efinity/2025.1/sim_models/maplib/efinix_peri_lib.v(149): compiling module 'EFX_GPIO_V3' [VERI-1018]


INFO     : /home/olle/efinix/efinity/2025.1/sim_models/maplib/efinix_peri_lib.v(186): compiling module 'EFX_PLL_V1' [VERI-1018]


INFO     : /home/olle/efinix/efinity/2025.1/sim_models/maplib/efinix_peri_lib.v(205): compiling module 'EFX_PLL_V2' [VERI-1018]


INFO     : /home/olle/efinix/efinity/2025.1/sim_models/maplib/efinix_peri_lib.v(231): compiling module 'EFX_PLL_V3' [VERI-1018]


INFO     : /home/olle/efinix/efinity/2025.1/sim_models/maplib/efinix_peri_lib.v(279): compiling module 'EFX_OSC_V1' [VERI-1018]


INFO     : /home/olle/efinix/efinity/2025.1/sim_models/maplib/efinix_peri_lib.v(285): compiling module 'EFX_OSC_V3' [VERI-1018]


INFO     : /home/olle/efinix/efinity/2025.1/sim_models/maplib/efinix_peri_lib.v(294): compiling module 'EFX_FPLL_V1' [VERI-1018]


INFO     : /home/olle/efinix/efinity/2025.1/sim_models/maplib/efinix_peri_lib.v(348): compiling module 'EFX_JTAG_V1' [VERI-1018]


INFO     : /home/olle/efinix/efinity/2025.1/sim_models/maplib/efinix_peri_lib.v(357): compiling module 'EFX_JTAG_CTRL' [VERI-1018]


INFO     : /home/olle/efinix/efinity/2025.1/sim_models/maplib/efinix_peri_lib.v(364): compiling module 'EFX_LVDS_RX_V1' [VERI-1018]


INFO     : /home/olle/efinix/efinity/2025.1/sim_models/maplib/efinix_peri_lib.v(381): compiling module 'EFX_LVDS_TX_V1' [VERI-1018]


INFO     : /home/olle/efinix/efinity/2025.1/sim_models/maplib/efinix_peri_lib.v(399): compiling module 'EFX_LVDS_RX_V2' [VERI-1018]


INFO     : /home/olle/efinix/efinity/2025.1/sim_models/maplib/efinix_peri_lib.v(426): compiling module 'EFX_LVDS_TX_V2' [VERI-1018]


INFO     : /home/olle/efinix/efinity/2025.1/sim_models/maplib/efinix_peri_lib.v(446): compiling module 'EFX_LVDS_BIDIR_V2' [VERI-1018]


INFO     : Reading project database "/home/olle/efinity_p2/BRAM/BRAM.xml"


INFO     : ***** Beginning Analysis ... *****


INFO     : default VHDL library search path is now "/home/olle/efinix/efinity/2025.1/sim_models/vhdl/packages/vhdl_2008" [VHDL-1504]


INFO     : Analyzing Verilog file '/home/olle/efinix/efinity/2025.1/sim_models/maplib/efinix_maplib.v' [VERI-1482]


INFO     : Analyzing Verilog file '/home/olle/efinix/efinity/2025.1/sim_models/maplib/efinix_peri_lib.v' [VERI-1482]


INFO     : Analyzing Verilog file '/home/olle/efinix/efinity/2025.1/sim_models/maplib/efinix_maplib.v' [VERI-1482]


INFO     : Analyzing Verilog file '/home/olle/efinix/efinity/2025.1/sim_models/maplib/efinix_peri_lib.v' [VERI-1482]


INFO     : Analyzing VHDL file '/home/olle/efinity_p2/BRAM/top_level.vhd' [VHDL-1481]


INFO     : Restoring VHDL unit 'ieee.std_logic_1164' from file '/home/olle/efinix/efinity/2025.1/sim_models/vhdl/packages/vhdl_2008/ieee/std_logic_1164.vdb' [VHDL-1493]


INFO     : Restoring VHDL unit 'std.standard' from file '/home/olle/efinix/efinity/2025.1/sim_models/vhdl/packages/vhdl_2008/std/standard.vdb' [VHDL-1493]


INFO     : Restoring VHDL unit 'std.textio' from file '/home/olle/efinix/efinity/2025.1/sim_models/vhdl/packages/vhdl_2008/std/textio.vdb' [VHDL-1493]


INFO     : Restoring VHDL unit 'ieee.numeric_std' from file '/home/olle/efinix/efinity/2025.1/sim_models/vhdl/packages/vhdl_2008/ieee/numeric_std.vdb' [VHDL-1493]


INFO     : /home/olle/efinity_p2/BRAM/top_level.vhd(6): analyzing entity 'top_level' [VHDL-1012]


INFO     : /home/olle/efinity_p2/BRAM/top_level.vhd(48): analyzing architecture 'behavior' [VHDL-1010]


INFO     : Analyzing VHDL file '/home/olle/efinity_p2/BRAM/eth_dp83825_udp.vhd' [VHDL-1481]


INFO     : /home/olle/efinity_p2/BRAM/eth_dp83825_udp.vhd(6): analyzing entity 'eth_dp83825_udp' [VHDL-1012]


INFO     : /home/olle/efinity_p2/BRAM/eth_dp83825_udp.vhd(29): analyzing architecture 'behavior' [VHDL-1010]


INFO     : Analyzing VHDL file '/home/olle/efinity_p2/BRAM/mdio_clause22.vhd' [VHDL-1481]


INFO     : /home/olle/efinity_p2/BRAM/mdio_clause22.vhd(10): analyzing entity 'mdio_clause22' [VHDL-1012]


INFO     : /home/olle/efinity_p2/BRAM/mdio_clause22.vhd(39): analyzing architecture 'rtl' [VHDL-1010]


INFO     : Analyzing Verilog file '/home/olle/efinity_p2/BRAM/ip/BRAM_8192_bytes/BRAM_8192_bytes.v' [VERI-1482]


INFO     : /home/olle/efinity_p2/BRAM/ip/BRAM_8192_bytes/BRAM_8192_bytes.v(758): analyzing included file '/home/olle/efinity_p2/BRAM/ip/BRAM_8192_bytes/bram_ini.vh' [VERI-1328]


INFO     : /home/olle/efinity_p2/BRAM/ip/BRAM_8192_bytes/BRAM_8192_bytes.v(758): back to file '/home/olle/efinity_p2/BRAM/ip/BRAM_8192_bytes/BRAM_8192_bytes.v' [VERI-2320]


INFO     : /home/olle/efinity_p2/BRAM/ip/BRAM_8192_bytes/BRAM_8192_bytes.v(985): analyzing included file '/home/olle/efinity_p2/BRAM/ip/BRAM_8192_bytes/bram_decompose.vh' [VERI-1328]


INFO     : /home/olle/efinity_p2/BRAM/ip/BRAM_8192_bytes/BRAM_8192_bytes.v(985): back to file '/home/olle/efinity_p2/BRAM/ip/BRAM_8192_bytes/BRAM_8192_bytes.v' [VERI-2320]


INFO     : Analyzing Verilog file '/home/olle/efinity_p2/BRAM/ip/micro_risc_v1/micro_risc_v1.v' [VERI-1482]


INFO     : Analyzing VHDL file '/home/olle/efinity_p2/BRAM/rmii_tx_udp_min.vhd' [VHDL-1481]


INFO     : /home/olle/efinity_p2/BRAM/rmii_tx_udp_min.vhd(5): analyzing entity 'rmii_tx_udp_min' [VHDL-1012]


INFO     : /home/olle/efinity_p2/BRAM/rmii_tx_udp_min.vhd(14): analyzing architecture 'rtl' [VHDL-1010]


INFO     : Analysis took 0.167194 seconds.


INFO     : 	Analysis took 0.15 seconds (approximately) in total CPU time.


INFO     : Analysis virtual memory usage: begin = 124.564 MB, end = 132.756 MB, delta = 8.192 MB


INFO     : Analysis resident set memory usage: begin = 71.808 MB, end = 81.024 MB, delta = 9.216 MB


INFO     : 	Analysis peak resident set memory usage = 228.212 MB


INFO     : ***** Ending Analysis ... *****


INFO     : ***** Beginning Elaboration ... *****


INFO     : /home/olle/efinity_p2/BRAM/top_level.vhd(6): processing 'top_level(behavior)' [VHDL-1067]


WARNING  : /home/olle/efinity_p2/BRAM/top_level.vhd(91): using initial value '0' for 'system_uart_0_io_rxd' since it is never assigned [VHDL-1303]


WARNING  : /home/olle/efinity_p2/BRAM/top_level.vhd(94): using initial value for 'system_gpio_0_io_read' since it is never assigned [VHDL-1794]


INFO     : Restoring VHDL unit 'vl.vl_types' from file '/home/olle/efinix/efinity/2025.1/sim_models/vhdl/packages/vhdl_2008/vl/vl_types.vdb' [VHDL-1493]


INFO     : /home/olle/efinity_p2/BRAM/top_level.vhd(124): switching to Verilog mode to elaborate module 'micro_risc_v1' [VHDL-1399]


INFO     : /home/olle/efinity_p2/BRAM/ip/micro_risc_v1/micro_risc_v1.v(49): compiling module 'micro_risc_v1' [VERI-1018]


INFO     : /home/olle/efinity_p2/BRAM/ip/micro_risc_v1/micro_risc_v1.v(94): compiling module 'EfxSapphireSoc_2fa2c88f3c1f4868ba7cd09620d007ba' [VERI-1018]


INFO     : /home/olle/efinity_p2/BRAM/ip/micro_risc_v1/micro_risc_v1.v(5744): compiling module 'VexRiscv_2fa2c88f3c1f4868ba7cd09620d007ba' [VERI-1018]


INFO     : /home/olle/efinity_p2/BRAM/ip/micro_risc_v1/micro_risc_v1.v(6995): extracting RAM for identifier 'RegFilePlugin_regFile' [VERI-2571]


INFO     : /home/olle/efinity_p2/BRAM/ip/micro_risc_v1/micro_risc_v1.v(12219): compiling module 'InstructionCache_2fa2c88f3c1f4868ba7cd09620d007ba' [VERI-1018]


INFO     : /home/olle/efinity_p2/BRAM/ip/micro_risc_v1/micro_risc_v1.v(12325): extracting RAM for identifier 'banks_0' [VERI-2571]


INFO     : /home/olle/efinity_p2/BRAM/ip/micro_risc_v1/micro_risc_v1.v(12326): extracting RAM for identifier 'ways_0_tags' [VERI-2571]


INFO     : /home/olle/efinity_p2/BRAM/ip/micro_risc_v1/micro_risc_v1.v(11365): compiling module 'DataCache_2fa2c88f3c1f4868ba7cd09620d007ba' [VERI-1018]


INFO     : /home/olle/efinity_p2/BRAM/ip/micro_risc_v1/micro_risc_v1.v(11579): extracting RAM for identifier 'ways_0_tags' [VERI-2571]


INFO     : /home/olle/efinity_p2/BRAM/ip/micro_risc_v1/micro_risc_v1.v(11580): extracting RAM for identifier 'ways_0_data_symbol0' [VERI-2571]


INFO     : /home/olle/efinity_p2/BRAM/ip/micro_risc_v1/micro_risc_v1.v(11581): extracting RAM for identifier 'ways_0_data_symbol1' [VERI-2571]


INFO     : /home/olle/efinity_p2/BRAM/ip/micro_risc_v1/micro_risc_v1.v(11582): extracting RAM for identifier 'ways_0_data_symbol2' [VERI-2571]


INFO     : /home/olle/efinity_p2/BRAM/ip/micro_risc_v1/micro_risc_v1.v(11583): extracting RAM for identifier 'ways_0_data_symbol3' [VERI-2571]


WARNING  : /home/olle/efinity_p2/BRAM/ip/micro_risc_v1/micro_risc_v1.v(12191): system task 'display' is ignored for synthesis [VERI-1142]


INFO     : /home/olle/efinity_p2/BRAM/ip/micro_risc_v1/micro_risc_v1.v(11346): compiling module 'BufferCC_2fa2c88f3c1f4868ba7cd09620d007ba' [VERI-1018]


INFO     : /home/olle/efinity_p2/BRAM/ip/micro_risc_v1/micro_risc_v1.v(13149): compiling module 'EfxCPUSp1_2fa2c88f3c1f4868ba7cd09620d007ba' [VERI-1018]


WARNING  : /home/olle/efinity_p2/BRAM/ip/micro_risc_v1/micro_risc_v1.v(5832): net 'IBusCachedPlugin_cache_io_cpu_fetch_isRemoved' does not have a driver [VDB-1002]


WARNING  : /home/olle/efinity_p2/BRAM/ip/micro_risc_v1/micro_risc_v1.v(5845): net 'dataCache_1_io_cpu_writeBack_fence_SW' does not have a driver [VDB-1002]


WARNING  : /home/olle/efinity_p2/BRAM/ip/micro_risc_v1/micro_risc_v1.v(5846): net 'dataCache_1_io_cpu_writeBack_fence_SR' does not have a driver [VDB-1002]


WARNING  : /home/olle/efinity_p2/BRAM/ip/micro_risc_v1/micro_risc_v1.v(5847): net 'dataCache_1_io_cpu_writeBack_fence_SO' does not have a driver [VDB-1002]


WARNING  : /home/olle/efinity_p2/BRAM/ip/micro_risc_v1/micro_risc_v1.v(5848): net 'dataCache_1_io_cpu_writeBack_fence_SI' does not have a driver [VDB-1002]


WARNING  : /home/olle/efinity_p2/BRAM/ip/micro_risc_v1/micro_risc_v1.v(5849): net 'dataCache_1_io_cpu_writeBack_fence_PW' does not have a driver [VDB-1002]


WARNING  : /home/olle/efinity_p2/BRAM/ip/micro_risc_v1/micro_risc_v1.v(5850): net 'dataCache_1_io_cpu_writeBack_fence_PR' does not have a driver [VDB-1002]


WARNING  : /home/olle/efinity_p2/BRAM/ip/micro_risc_v1/micro_risc_v1.v(5851): net 'dataCache_1_io_cpu_writeBack_fence_PO' does not have a driver [VDB-1002]


WARNING  : /home/olle/efinity_p2/BRAM/ip/micro_risc_v1/micro_risc_v1.v(5852): net 'dataCache_1_io_cpu_writeBack_fence_PI' does not have a driver [VDB-1002]


WARNING  : /home/olle/efinity_p2/BRAM/ip/micro_risc_v1/micro_risc_v1.v(5853): net 'dataCache_1_io_cpu_writeBack_fence_FM[3]' does not have a driver [VDB-1002]


WARNING  : /home/olle/efinity_p2/BRAM/ip/micro_risc_v1/micro_risc_v1.v(6276): net 'IBusCachedPlugin_mmuBus_rsp_bypassTranslation' does not have a driver [VDB-1002]


WARNING  : /home/olle/efinity_p2/BRAM/ip/micro_risc_v1/micro_risc_v1.v(6302): net 'DBusCachedPlugin_mmuBus_rsp_bypassTranslation' does not have a driver [VDB-1002]


WARNING  : /home/olle/efinity_p2/BRAM/ip/micro_risc_v1/micro_risc_v1.v(6410): net 'IBusCachedPlugin_iBusRsp_output_payload_rsp_error' does not have a driver [VDB-1002]


WARNING  : /home/olle/efinity_p2/BRAM/ip/micro_risc_v1/micro_risc_v1.v(6412): net 'IBusCachedPlugin_iBusRsp_output_payload_isRvc' does not have a driver [VDB-1002]


WARNING  : /home/olle/efinity_p2/BRAM/ip/micro_risc_v1/micro_risc_v1.v(6656): net 'CsrPlugin_mtvec_mode[1]' does not have a driver [VDB-1002]


INFO     : /home/olle/efinity_p2/BRAM/ip/micro_risc_v1/micro_risc_v1.v(4743): compiling module 'DebugModule_2fa2c88f3c1f4868ba7cd09620d007ba' [VERI-1018]


INFO     : /home/olle/efinity_p2/BRAM/ip/micro_risc_v1/micro_risc_v1.v(4949): extracting RAM for identifier 'logic_progbufX_mem' [VERI-2571]


INFO     : /home/olle/efinity_p2/BRAM/ip/micro_risc_v1/micro_risc_v1.v(4719): compiling module 'BufferCC_5_2fa2c88f3c1f4868ba7cd09620d007ba' [VERI-1018]


INFO     : /home/olle/efinity_p2/BRAM/ip/micro_risc_v1/micro_risc_v1.v(4695): compiling module 'BufferCC_6_2fa2c88f3c1f4868ba7cd09620d007ba' [VERI-1018]


INFO     : /home/olle/efinity_p2/BRAM/ip/micro_risc_v1/micro_risc_v1.v(4669): compiling module 'BufferCC_8_2fa2c88f3c1f4868ba7cd09620d007ba' [VERI-1018]


INFO     : /home/olle/efinity_p2/BRAM/ip/micro_risc_v1/micro_risc_v1.v(4196): compiling module 'DebugTransportModuleTunneled_2fa2c88f3c1f4868ba7cd09620d007ba' [VERI-1018]


INFO     : /home/olle/efinity_p2/BRAM/ip/micro_risc_v1/micro_risc_v1.v(11282): compiling module 'FlowCCByToggle_2fa2c88f3c1f4868ba7cd09620d007ba' [VERI-1018]


WARNING  : /home/olle/efinity_p2/BRAM/ip/micro_risc_v1/micro_risc_v1.v(11316): system function call 'urandom' is not supported [VERI-1141]


WARNING  : /home/olle/efinity_p2/BRAM/ip/micro_risc_v1/micro_risc_v1.v(11317): system function call 'urandom' is not supported [VERI-1141]


INFO     : /home/olle/efinity_p2/BRAM/ip/micro_risc_v1/micro_risc_v1.v(13099): compiling module 'BufferCC_1_2fa2c88f3c1f4868ba7cd09620d007ba' [VERI-1018]


WARNING  : /home/olle/efinity_p2/BRAM/ip/micro_risc_v1/micro_risc_v1.v(13111): system function call 'urandom' is not supported [VERI-1141]


WARNING  : /home/olle/efinity_p2/BRAM/ip/micro_risc_v1/micro_risc_v1.v(13112): system function call 'urandom' is not supported [VERI-1141]


INFO     : /home/olle/efinity_p2/BRAM/ip/micro_risc_v1/micro_risc_v1.v(11196): compiling module 'FlowCCByToggle_1_2fa2c88f3c1f4868ba7cd09620d007ba' [VERI-1018]


INFO     : /home/olle/efinity_p2/BRAM/ip/micro_risc_v1/micro_risc_v1.v(13075): compiling module 'BufferCC_2_2fa2c88f3c1f4868ba7cd09620d007ba' [VERI-1018]


INFO     : /home/olle/efinity_p2/BRAM/ip/micro_risc_v1/micro_risc_v1.v(13051): compiling module 'BufferCC_3_2fa2c88f3c1f4868ba7cd09620d007ba' [VERI-1018]


INFO     : /home/olle/efinity_p2/BRAM/ip/micro_risc_v1/micro_risc_v1.v(4156): compiling module 'BmbDecoder_2fa2c88f3c1f4868ba7cd09620d007ba' [VERI-1018]


INFO     : /home/olle/efinity_p2/BRAM/ip/micro_risc_v1/micro_risc_v1.v(4020): compiling module 'BmbArbiter_2fa2c88f3c1f4868ba7cd09620d007ba' [VERI-1018]


INFO     : /home/olle/efinity_p2/BRAM/ip/micro_risc_v1/micro_risc_v1.v(11092): compiling module 'StreamArbiter_2fa2c88f3c1f4868ba7cd09620d007ba' [VERI-1018]


INFO     : /home/olle/efinity_p2/BRAM/ip/micro_risc_v1/micro_risc_v1.v(3748): compiling module 'BmbDecoder_1_2fa2c88f3c1f4868ba7cd09620d007ba' [VERI-1018]


INFO     : /home/olle/efinity_p2/BRAM/ip/micro_risc_v1/micro_risc_v1.v(3640): compiling module 'BmbOnChipRam_2fa2c88f3c1f4868ba7cd09620d007ba' [VERI-1018]


INFO     : /home/olle/efinity_p2/BRAM/ip/micro_risc_v1/micro_risc_v1.v(3672): extracting RAM for identifier 'ram_symbol0' [VERI-2571]


INFO     : /home/olle/efinity_p2/BRAM/ip/micro_risc_v1/micro_risc_v1.v(3673): extracting RAM for identifier 'ram_symbol1' [VERI-2571]


INFO     : /home/olle/efinity_p2/BRAM/ip/micro_risc_v1/micro_risc_v1.v(3674): extracting RAM for identifier 'ram_symbol2' [VERI-2571]


INFO     : /home/olle/efinity_p2/BRAM/ip/micro_risc_v1/micro_risc_v1.v(3675): extracting RAM for identifier 'ram_symbol3' [VERI-2571]


INFO     : /home/olle/efinity_p2/BRAM/ip/micro_risc_v1/micro_risc_v1.v(3414): compiling module 'BmbUnburstify_2fa2c88f3c1f4868ba7cd09620d007ba' [VERI-1018]


INFO     : /home/olle/efinity_p2/BRAM/ip/micro_risc_v1/micro_risc_v1.v(3053): compiling module 'BmbDecoder_2_2fa2c88f3c1f4868ba7cd09620d007ba' [VERI-1018]


INFO     : /home/olle/efinity_p2/BRAM/ip/micro_risc_v1/micro_risc_v1.v(2869): compiling module 'BmbClint_2fa2c88f3c1f4868ba7cd09620d007ba' [VERI-1018]


INFO     : /home/olle/efinity_p2/BRAM/ip/micro_risc_v1/micro_risc_v1.v(2377): compiling module 'BmbUartCtrl_2fa2c88f3c1f4868ba7cd09620d007ba' [VERI-1018]


INFO     : /home/olle/efinity_p2/BRAM/ip/micro_risc_v1/micro_risc_v1.v(10963): compiling module 'UartCtrl_2fa2c88f3c1f4868ba7cd09620d007ba' [VERI-1018]


INFO     : /home/olle/efinity_p2/BRAM/ip/micro_risc_v1/micro_risc_v1.v(12811): compiling module 'UartCtrlTx_2fa2c88f3c1f4868ba7cd09620d007ba' [VERI-1018]


INFO     : /home/olle/efinity_p2/BRAM/ip/micro_risc_v1/micro_risc_v1.v(12517): compiling module 'UartCtrlRx_2fa2c88f3c1f4868ba7cd09620d007ba' [VERI-1018]


INFO     : /home/olle/efinity_p2/BRAM/ip/micro_risc_v1/micro_risc_v1.v(13125): compiling module 'BufferCC_4_2fa2c88f3c1f4868ba7cd09620d007ba' [VERI-1018]


INFO     : /home/olle/efinity_p2/BRAM/ip/micro_risc_v1/micro_risc_v1.v(10809): compiling module 'StreamFifo_2fa2c88f3c1f4868ba7cd09620d007ba' [VERI-1018]


INFO     : /home/olle/efinity_p2/BRAM/ip/micro_risc_v1/micro_risc_v1.v(10857): extracting RAM for identifier 'logic_ram' [VERI-2571]


INFO     : /home/olle/efinity_p2/BRAM/ip/micro_risc_v1/micro_risc_v1.v(2165): compiling module 'BmbGpio2_2fa2c88f3c1f4868ba7cd09620d007ba' [VERI-1018]


INFO     : /home/olle/efinity_p2/BRAM/top_level.vhd(124): returning to VHDL mode to continue with elaboration [VHDL-1400]


ERROR    : /home/olle/efinity_p2/BRAM/top_level.vhd(75): binding entity 'rmii_tx_udp_min' does not have port 'clk50' [VHDL-1324]


INFO     : /home/olle/efinity_p2/BRAM/rmii_tx_udp_min.vhd(5): 'rmii_tx_udp_min' is declared here [VHDL-1259]


INFO     : /home/olle/efinity_p2/BRAM/rmii_tx_udp_min.vhd(5): processing 'rmii_tx_udp_min(rtl)' [VHDL-1067]


INFO     : /home/olle/efinity_p2/BRAM/rmii_tx_udp_min.vhd(5): processing of entity 'rmii_tx_udp_min' failed [VHDL-1068]


INFO     : /home/olle/efinity_p2/BRAM/top_level.vhd(6): netlist 'top_level(behavior)' remains a black box due to errors in its contents [VHDL-1156]


INFO     : Elaboration took 0.337119 seconds.


INFO     : 	Elaboration took 0.3 seconds (approximately) in total CPU time.


INFO     : Elaboration virtual memory usage: begin = 132.756 MB, end = 166.548 MB, delta = 33.792 MB


INFO     : Elaboration resident set memory usage: begin = 81.024 MB, end = 116.48 MB, delta = 35.456 MB


INFO     : 	Elaboration peak resident set memory usage = 228.212 MB


INFO     : ***** Ending Elaboration ... *****


ERROR    : Elaboration of module 'top_level' failed. Please check previous error messages. [EFX-0021]


INFO     : The entire flow of EFX_MAP took 1.23791 seconds.


INFO     : 	The entire flow of EFX_MAP took 1.11 seconds (approximately) in total CPU time.


INFO     : The entire flow of EFX_MAP virtual memory usage: begin = 88.404 MB, end = 166.548 MB, delta = 78.144 MB


INFO     : The entire flow of EFX_MAP resident set memory usage: begin = 27.264 MB, end = 116.48 MB, delta = 89.216 MB


INFO     : 	The entire flow of EFX_MAP peak resident set memory usage = 228.212 MB


Wed August 20 25 19:25:05 - /home/olle/efinix/efinity/2025.1/bin/efx_map finished. Exit code = 5 Exit status : Normal

Running synthesis flow fail. See exit code and exit status.

Wed August 20 25 19:25:05 - Running automated flow starting from synthesis done. Total duration = 0m 2.259s

Wed August 20 25 19:28:33 - Running automated flow starting from synthesis...



Wed August 20 25 19:28:33 - Floorplan closed VM : 544.808 MB RSS : 174.096 MB



-------------------------------------------------------------------------

Synthesis

-------------------------------------------------------------------------

Wed August 20 25 19:28:33 - Synthesis flow working directory is /home/olle/efinity_p2/BRAM/work_syn


INFO     : --max_threads set to 4 

INFO     : Deleting any pre-existing troute trace files

Wed August 20 25 19:28:34 - /home/olle/efinix/efinity/2025.1/bin/efx_map --project "BRAM" --root "top_level" --write-efx-verilog "/home/olle/efinity_p2/BRAM/outflow/BRAM.map.v" --write-premap-module "/home/olle/efinity_p2/BRAM/outflow/BRAM.elab.vdb" --binary-db "/home/olle/efinity_p2/BRAM/outflow/BRAM.vdb" --device "T20F169" --family "Trion" --veri_option "verilog_mode=verilog_2k,vhdl_mode=vhdl_2008" --work-dir "/home/olle/efinity_p2/BRAM/work_syn" --output-dir "/home/olle/efinity_p2/BRAM/outflow" --project-xml "/home/olle/efinity_p2/BRAM/BRAM.xml" --I "/home/olle/efinity_p2/BRAM" --I "/home/olle/efinity_p2/BRAM/ip/BRAM_8192_bytes" --I "/home/olle/efinity_p2/BRAM/ip/micro_risc_v1"

Wed August 20 25 19:28:34 - Running /home/olle/efinix/efinity/2025.1/bin/efx_map...

INFO     : Efinix FPGA Synthesis.


INFO     : Version: 2025.1.110.2.15


INFO     : Compiled: Jun 21 2025.


INFO     : 


INFO     : Copyright (C) 2013 - 2025 Efinix, Inc. All rights reserved.



INFO     : Reading project database "/home/olle/efinity_p2/BRAM/BRAM.xml"


INFO     : Analyzing Verilog file '/home/olle/efinix/efinity/2025.1/sim_models/maplib/efinix_peri_lib.v' [VERI-1482]


INFO     : /home/olle/efinix/efinity/2025.1/sim_models/maplib/efinix_peri_lib.v(8): compiling module 'EFX_IBUF' [VERI-1018]


INFO     : /home/olle/efinix/efinity/2025.1/sim_models/maplib/efinix_peri_lib.v(16): compiling module 'EFX_OBUF' [VERI-1018]


INFO     : /home/olle/efinix/efinity/2025.1/sim_models/maplib/efinix_peri_lib.v(23): compiling module 'EFX_IO_BUF' [VERI-1018]


INFO     : /home/olle/efinix/efinity/2025.1/sim_models/maplib/efinix_peri_lib.v(33): compiling module 'EFX_CLKOUT' [VERI-1018]


INFO     : /home/olle/efinix/efinity/2025.1/sim_models/maplib/efinix_peri_lib.v(41): compiling module 'EFX_IREG' [VERI-1018]


INFO     : /home/olle/efinix/efinity/2025.1/sim_models/maplib/efinix_peri_lib.v(51): compiling module 'EFX_OREG' [VERI-1018]


INFO     : /home/olle/efinix/efinity/2025.1/sim_models/maplib/efinix_peri_lib.v(60): compiling module 'EFX_IOREG' [VERI-1018]


INFO     : /home/olle/efinix/efinity/2025.1/sim_models/maplib/efinix_peri_lib.v(75): compiling module 'EFX_IDDIO' [VERI-1018]


INFO     : /home/olle/efinix/efinity/2025.1/sim_models/maplib/efinix_peri_lib.v(87): compiling module 'EFX_ODDIO' [VERI-1018]


INFO     : /home/olle/efinix/efinity/2025.1/sim_models/maplib/efinix_peri_lib.v(99): compiling module 'EFX_GPIO_V1' [VERI-1018]


INFO     : /home/olle/efinix/efinity/2025.1/sim_models/maplib/efinix_peri_lib.v(124): compiling module 'EFX_GPIO_V2' [VERI-1018]


INFO     : /home/olle/efinix/efinity/2025.1/sim_models/maplib/efinix_peri_lib.v(149): compiling module 'EFX_GPIO_V3' [VERI-1018]


INFO     : /home/olle/efinix/efinity/2025.1/sim_models/maplib/efinix_peri_lib.v(186): compiling module 'EFX_PLL_V1' [VERI-1018]


INFO     : /home/olle/efinix/efinity/2025.1/sim_models/maplib/efinix_peri_lib.v(205): compiling module 'EFX_PLL_V2' [VERI-1018]


INFO     : /home/olle/efinix/efinity/2025.1/sim_models/maplib/efinix_peri_lib.v(231): compiling module 'EFX_PLL_V3' [VERI-1018]


INFO     : /home/olle/efinix/efinity/2025.1/sim_models/maplib/efinix_peri_lib.v(279): compiling module 'EFX_OSC_V1' [VERI-1018]


INFO     : /home/olle/efinix/efinity/2025.1/sim_models/maplib/efinix_peri_lib.v(285): compiling module 'EFX_OSC_V3' [VERI-1018]


INFO     : /home/olle/efinix/efinity/2025.1/sim_models/maplib/efinix_peri_lib.v(294): compiling module 'EFX_FPLL_V1' [VERI-1018]


INFO     : /home/olle/efinix/efinity/2025.1/sim_models/maplib/efinix_peri_lib.v(348): compiling module 'EFX_JTAG_V1' [VERI-1018]


INFO     : /home/olle/efinix/efinity/2025.1/sim_models/maplib/efinix_peri_lib.v(357): compiling module 'EFX_JTAG_CTRL' [VERI-1018]


INFO     : /home/olle/efinix/efinity/2025.1/sim_models/maplib/efinix_peri_lib.v(364): compiling module 'EFX_LVDS_RX_V1' [VERI-1018]


INFO     : /home/olle/efinix/efinity/2025.1/sim_models/maplib/efinix_peri_lib.v(381): compiling module 'EFX_LVDS_TX_V1' [VERI-1018]


INFO     : /home/olle/efinix/efinity/2025.1/sim_models/maplib/efinix_peri_lib.v(399): compiling module 'EFX_LVDS_RX_V2' [VERI-1018]


INFO     : /home/olle/efinix/efinity/2025.1/sim_models/maplib/efinix_peri_lib.v(426): compiling module 'EFX_LVDS_TX_V2' [VERI-1018]


INFO     : /home/olle/efinix/efinity/2025.1/sim_models/maplib/efinix_peri_lib.v(446): compiling module 'EFX_LVDS_BIDIR_V2' [VERI-1018]


INFO     : Reading project database "/home/olle/efinity_p2/BRAM/BRAM.xml"


INFO     : ***** Beginning Analysis ... *****


INFO     : default VHDL library search path is now "/home/olle/efinix/efinity/2025.1/sim_models/vhdl/packages/vhdl_2008" [VHDL-1504]


INFO     : Analyzing Verilog file '/home/olle/efinix/efinity/2025.1/sim_models/maplib/efinix_maplib.v' [VERI-1482]


INFO     : Analyzing Verilog file '/home/olle/efinix/efinity/2025.1/sim_models/maplib/efinix_peri_lib.v' [VERI-1482]


INFO     : Analyzing Verilog file '/home/olle/efinix/efinity/2025.1/sim_models/maplib/efinix_maplib.v' [VERI-1482]


INFO     : Analyzing Verilog file '/home/olle/efinix/efinity/2025.1/sim_models/maplib/efinix_peri_lib.v' [VERI-1482]


INFO     : Analyzing VHDL file '/home/olle/efinity_p2/BRAM/top_level.vhd' [VHDL-1481]


INFO     : Restoring VHDL unit 'ieee.std_logic_1164' from file '/home/olle/efinix/efinity/2025.1/sim_models/vhdl/packages/vhdl_2008/ieee/std_logic_1164.vdb' [VHDL-1493]


INFO     : Restoring VHDL unit 'std.standard' from file '/home/olle/efinix/efinity/2025.1/sim_models/vhdl/packages/vhdl_2008/std/standard.vdb' [VHDL-1493]


INFO     : Restoring VHDL unit 'std.textio' from file '/home/olle/efinix/efinity/2025.1/sim_models/vhdl/packages/vhdl_2008/std/textio.vdb' [VHDL-1493]


INFO     : Restoring VHDL unit 'ieee.numeric_std' from file '/home/olle/efinix/efinity/2025.1/sim_models/vhdl/packages/vhdl_2008/ieee/numeric_std.vdb' [VHDL-1493]


INFO     : /home/olle/efinity_p2/BRAM/top_level.vhd(6): analyzing entity 'top_level' [VHDL-1012]


INFO     : /home/olle/efinity_p2/BRAM/top_level.vhd(48): analyzing architecture 'behavior' [VHDL-1010]


INFO     : Analyzing VHDL file '/home/olle/efinity_p2/BRAM/rmii_udp_tx_top.vhd' [VHDL-1481]


INFO     : /home/olle/efinity_p2/BRAM/rmii_udp_tx_top.vhd(5): analyzing entity 'rmii_udp_tx_top' [VHDL-1012]


INFO     : /home/olle/efinity_p2/BRAM/rmii_udp_tx_top.vhd(14): analyzing architecture 'rtl' [VHDL-1010]


ERROR    : /home/olle/efinity_p2/BRAM/rmii_udp_tx_top.vhd(297): syntax error near '(' [VHDL-1261]


ERROR    : /home/olle/efinity_p2/BRAM/rmii_udp_tx_top.vhd(298): syntax error near '(' [VHDL-1261]


ERROR    : /home/olle/efinity_p2/BRAM/rmii_udp_tx_top.vhd(299): syntax error near '(' [VHDL-1261]


ERROR    : /home/olle/efinity_p2/BRAM/rmii_udp_tx_top.vhd(317): unit 'rtl' is ignored due to previous errors [VHDL-1284]


INFO     : VHDL file '/home/olle/efinity_p2/BRAM/rmii_udp_tx_top.vhd' is ignored due to errors [VHDL-1482]


INFO     : Analysis took 0.0716607 seconds.


INFO     : 	Analysis took 0.07 seconds (approximately) in total CPU time.


INFO     : Analysis virtual memory usage: begin = 124.564 MB, end = 128.66 MB, delta = 4.096 MB


INFO     : Analysis resident set memory usage: begin = 72.064 MB, end = 76.928 MB, delta = 4.864 MB


INFO     : 	Analysis peak resident set memory usage = 266.768 MB


INFO     : ***** Ending Analysis ... *****


INFO     : The entire flow of EFX_MAP took 0.768709 seconds.


INFO     : 	The entire flow of EFX_MAP took 0.74 seconds (approximately) in total CPU time.


INFO     : The entire flow of EFX_MAP virtual memory usage: begin = 88.404 MB, end = 128.66 MB, delta = 40.256 MB


INFO     : The entire flow of EFX_MAP resident set memory usage: begin = 27.392 MB, end = 76.928 MB, delta = 49.536 MB


INFO     : 	The entire flow of EFX_MAP peak resident set memory usage = 266.768 MB


Wed August 20 25 19:28:35 - /home/olle/efinix/efinity/2025.1/bin/efx_map finished. Exit code = 3 Exit status : Normal

Running synthesis flow fail. See exit code and exit status.

Wed August 20 25 19:28:35 - Running automated flow starting from synthesis done. Total duration = 0m 1.810s

Wed August 20 25 19:33:38 - Running automated flow starting from synthesis...



Wed August 20 25 19:33:38 - Floorplan closed VM : 575.676 MB RSS : 176.06 MB



-------------------------------------------------------------------------

Synthesis

-------------------------------------------------------------------------

Wed August 20 25 19:33:38 - Synthesis flow working directory is /home/olle/efinity_p2/BRAM/work_syn


INFO     : --max_threads set to 4 

Wed August 20 25 19:33:39 - /home/olle/efinix/efinity/2025.1/bin/efx_map --project "BRAM" --root "top_level" --write-efx-verilog "/home/olle/efinity_p2/BRAM/outflow/BRAM.map.v" --write-premap-module "/home/olle/efinity_p2/BRAM/outflow/BRAM.elab.vdb" --binary-db "/home/olle/efinity_p2/BRAM/outflow/BRAM.vdb" --device "T20F169" --family "Trion" --veri_option "verilog_mode=verilog_2k,vhdl_mode=vhdl_2008" --work-dir "/home/olle/efinity_p2/BRAM/work_syn" --output-dir "/home/olle/efinity_p2/BRAM/outflow" --project-xml "/home/olle/efinity_p2/BRAM/BRAM.xml" --I "/home/olle/efinity_p2/BRAM" --I "/home/olle/efinity_p2/BRAM/ip/BRAM_8192_bytes" --I "/home/olle/efinity_p2/BRAM/ip/micro_risc_v1"

Wed August 20 25 19:33:39 - Running /home/olle/efinix/efinity/2025.1/bin/efx_map...

INFO     : Efinix FPGA Synthesis.


INFO     : Version: 2025.1.110.2.15


INFO     : Compiled: Jun 21 2025.


INFO     : 


INFO     : Copyright (C) 2013 - 2025 Efinix, Inc. All rights reserved.



INFO     : Reading project database "/home/olle/efinity_p2/BRAM/BRAM.xml"


INFO     : Analyzing Verilog file '/home/olle/efinix/efinity/2025.1/sim_models/maplib/efinix_peri_lib.v' [VERI-1482]


INFO     : /home/olle/efinix/efinity/2025.1/sim_models/maplib/efinix_peri_lib.v(8): compiling module 'EFX_IBUF' [VERI-1018]


INFO     : /home/olle/efinix/efinity/2025.1/sim_models/maplib/efinix_peri_lib.v(16): compiling module 'EFX_OBUF' [VERI-1018]


INFO     : /home/olle/efinix/efinity/2025.1/sim_models/maplib/efinix_peri_lib.v(23): compiling module 'EFX_IO_BUF' [VERI-1018]


INFO     : /home/olle/efinix/efinity/2025.1/sim_models/maplib/efinix_peri_lib.v(33): compiling module 'EFX_CLKOUT' [VERI-1018]


INFO     : /home/olle/efinix/efinity/2025.1/sim_models/maplib/efinix_peri_lib.v(41): compiling module 'EFX_IREG' [VERI-1018]


INFO     : /home/olle/efinix/efinity/2025.1/sim_models/maplib/efinix_peri_lib.v(51): compiling module 'EFX_OREG' [VERI-1018]


INFO     : /home/olle/efinix/efinity/2025.1/sim_models/maplib/efinix_peri_lib.v(60): compiling module 'EFX_IOREG' [VERI-1018]


INFO     : /home/olle/efinix/efinity/2025.1/sim_models/maplib/efinix_peri_lib.v(75): compiling module 'EFX_IDDIO' [VERI-1018]


INFO     : /home/olle/efinix/efinity/2025.1/sim_models/maplib/efinix_peri_lib.v(87): compiling module 'EFX_ODDIO' [VERI-1018]


INFO     : /home/olle/efinix/efinity/2025.1/sim_models/maplib/efinix_peri_lib.v(99): compiling module 'EFX_GPIO_V1' [VERI-1018]


INFO     : /home/olle/efinix/efinity/2025.1/sim_models/maplib/efinix_peri_lib.v(124): compiling module 'EFX_GPIO_V2' [VERI-1018]


INFO     : /home/olle/efinix/efinity/2025.1/sim_models/maplib/efinix_peri_lib.v(149): compiling module 'EFX_GPIO_V3' [VERI-1018]


INFO     : /home/olle/efinix/efinity/2025.1/sim_models/maplib/efinix_peri_lib.v(186): compiling module 'EFX_PLL_V1' [VERI-1018]


INFO     : /home/olle/efinix/efinity/2025.1/sim_models/maplib/efinix_peri_lib.v(205): compiling module 'EFX_PLL_V2' [VERI-1018]


INFO     : /home/olle/efinix/efinity/2025.1/sim_models/maplib/efinix_peri_lib.v(231): compiling module 'EFX_PLL_V3' [VERI-1018]


INFO     : /home/olle/efinix/efinity/2025.1/sim_models/maplib/efinix_peri_lib.v(279): compiling module 'EFX_OSC_V1' [VERI-1018]


INFO     : /home/olle/efinix/efinity/2025.1/sim_models/maplib/efinix_peri_lib.v(285): compiling module 'EFX_OSC_V3' [VERI-1018]


INFO     : /home/olle/efinix/efinity/2025.1/sim_models/maplib/efinix_peri_lib.v(294): compiling module 'EFX_FPLL_V1' [VERI-1018]


INFO     : /home/olle/efinix/efinity/2025.1/sim_models/maplib/efinix_peri_lib.v(348): compiling module 'EFX_JTAG_V1' [VERI-1018]


INFO     : /home/olle/efinix/efinity/2025.1/sim_models/maplib/efinix_peri_lib.v(357): compiling module 'EFX_JTAG_CTRL' [VERI-1018]


INFO     : /home/olle/efinix/efinity/2025.1/sim_models/maplib/efinix_peri_lib.v(364): compiling module 'EFX_LVDS_RX_V1' [VERI-1018]


INFO     : /home/olle/efinix/efinity/2025.1/sim_models/maplib/efinix_peri_lib.v(381): compiling module 'EFX_LVDS_TX_V1' [VERI-1018]


INFO     : /home/olle/efinix/efinity/2025.1/sim_models/maplib/efinix_peri_lib.v(399): compiling module 'EFX_LVDS_RX_V2' [VERI-1018]


INFO     : /home/olle/efinix/efinity/2025.1/sim_models/maplib/efinix_peri_lib.v(426): compiling module 'EFX_LVDS_TX_V2' [VERI-1018]


INFO     : /home/olle/efinix/efinity/2025.1/sim_models/maplib/efinix_peri_lib.v(446): compiling module 'EFX_LVDS_BIDIR_V2' [VERI-1018]


INFO     : Reading project database "/home/olle/efinity_p2/BRAM/BRAM.xml"


INFO     : ***** Beginning Analysis ... *****


INFO     : default VHDL library search path is now "/home/olle/efinix/efinity/2025.1/sim_models/vhdl/packages/vhdl_2008" [VHDL-1504]


INFO     : Analyzing Verilog file '/home/olle/efinix/efinity/2025.1/sim_models/maplib/efinix_maplib.v' [VERI-1482]


INFO     : Analyzing Verilog file '/home/olle/efinix/efinity/2025.1/sim_models/maplib/efinix_peri_lib.v' [VERI-1482]


INFO     : Analyzing Verilog file '/home/olle/efinix/efinity/2025.1/sim_models/maplib/efinix_maplib.v' [VERI-1482]


INFO     : Analyzing Verilog file '/home/olle/efinix/efinity/2025.1/sim_models/maplib/efinix_peri_lib.v' [VERI-1482]


INFO     : Analyzing VHDL file '/home/olle/efinity_p2/BRAM/top_level.vhd' [VHDL-1481]


INFO     : Restoring VHDL unit 'ieee.std_logic_1164' from file '/home/olle/efinix/efinity/2025.1/sim_models/vhdl/packages/vhdl_2008/ieee/std_logic_1164.vdb' [VHDL-1493]


INFO     : Restoring VHDL unit 'std.standard' from file '/home/olle/efinix/efinity/2025.1/sim_models/vhdl/packages/vhdl_2008/std/standard.vdb' [VHDL-1493]


INFO     : Restoring VHDL unit 'std.textio' from file '/home/olle/efinix/efinity/2025.1/sim_models/vhdl/packages/vhdl_2008/std/textio.vdb' [VHDL-1493]


INFO     : Restoring VHDL unit 'ieee.numeric_std' from file '/home/olle/efinix/efinity/2025.1/sim_models/vhdl/packages/vhdl_2008/ieee/numeric_std.vdb' [VHDL-1493]


INFO     : /home/olle/efinity_p2/BRAM/top_level.vhd(6): analyzing entity 'top_level' [VHDL-1012]


INFO     : /home/olle/efinity_p2/BRAM/top_level.vhd(48): analyzing architecture 'behavior' [VHDL-1010]


INFO     : Analyzing VHDL file '/home/olle/efinity_p2/BRAM/rmii_udp_tx_top.vhd' [VHDL-1481]


INFO     : /home/olle/efinity_p2/BRAM/rmii_udp_tx_top.vhd(5): analyzing entity 'rmii_udp_tx_top' [VHDL-1012]


INFO     : /home/olle/efinity_p2/BRAM/rmii_udp_tx_top.vhd(14): analyzing architecture 'rtl' [VHDL-1010]


INFO     : Analyzing Verilog file '/home/olle/efinity_p2/BRAM/ip/BRAM_8192_bytes/BRAM_8192_bytes.v' [VERI-1482]


INFO     : /home/olle/efinity_p2/BRAM/ip/BRAM_8192_bytes/BRAM_8192_bytes.v(758): analyzing included file '/home/olle/efinity_p2/BRAM/ip/BRAM_8192_bytes/bram_ini.vh' [VERI-1328]


INFO     : /home/olle/efinity_p2/BRAM/ip/BRAM_8192_bytes/BRAM_8192_bytes.v(758): back to file '/home/olle/efinity_p2/BRAM/ip/BRAM_8192_bytes/BRAM_8192_bytes.v' [VERI-2320]


INFO     : /home/olle/efinity_p2/BRAM/ip/BRAM_8192_bytes/BRAM_8192_bytes.v(985): analyzing included file '/home/olle/efinity_p2/BRAM/ip/BRAM_8192_bytes/bram_decompose.vh' [VERI-1328]


INFO     : /home/olle/efinity_p2/BRAM/ip/BRAM_8192_bytes/BRAM_8192_bytes.v(985): back to file '/home/olle/efinity_p2/BRAM/ip/BRAM_8192_bytes/BRAM_8192_bytes.v' [VERI-2320]


INFO     : Analyzing Verilog file '/home/olle/efinity_p2/BRAM/ip/micro_risc_v1/micro_risc_v1.v' [VERI-1482]


INFO     : Analysis took 0.157021 seconds.


INFO     : 	Analysis took 0.15 seconds (approximately) in total CPU time.


INFO     : Analysis virtual memory usage: begin = 124.56 MB, end = 132.752 MB, delta = 8.192 MB


INFO     : Analysis resident set memory usage: begin = 72.064 MB, end = 81.024 MB, delta = 8.96 MB


INFO     : 	Analysis peak resident set memory usage = 268.22 MB


INFO     : ***** Ending Analysis ... *****


INFO     : ***** Beginning Elaboration ... *****


INFO     : /home/olle/efinity_p2/BRAM/top_level.vhd(6): processing 'top_level(behavior)' [VHDL-1067]


WARNING  : /home/olle/efinity_p2/BRAM/top_level.vhd(91): using initial value '0' for 'system_uart_0_io_rxd' since it is never assigned [VHDL-1303]


WARNING  : /home/olle/efinity_p2/BRAM/top_level.vhd(94): using initial value for 'system_gpio_0_io_read' since it is never assigned [VHDL-1794]


INFO     : Restoring VHDL unit 'vl.vl_types' from file '/home/olle/efinix/efinity/2025.1/sim_models/vhdl/packages/vhdl_2008/vl/vl_types.vdb' [VHDL-1493]


INFO     : /home/olle/efinity_p2/BRAM/top_level.vhd(124): switching to Verilog mode to elaborate module 'micro_risc_v1' [VHDL-1399]


INFO     : /home/olle/efinity_p2/BRAM/ip/micro_risc_v1/micro_risc_v1.v(49): compiling module 'micro_risc_v1' [VERI-1018]


INFO     : /home/olle/efinity_p2/BRAM/ip/micro_risc_v1/micro_risc_v1.v(94): compiling module 'EfxSapphireSoc_2fa2c88f3c1f4868ba7cd09620d007ba' [VERI-1018]


INFO     : /home/olle/efinity_p2/BRAM/ip/micro_risc_v1/micro_risc_v1.v(5744): compiling module 'VexRiscv_2fa2c88f3c1f4868ba7cd09620d007ba' [VERI-1018]


INFO     : /home/olle/efinity_p2/BRAM/ip/micro_risc_v1/micro_risc_v1.v(6995): extracting RAM for identifier 'RegFilePlugin_regFile' [VERI-2571]


INFO     : /home/olle/efinity_p2/BRAM/ip/micro_risc_v1/micro_risc_v1.v(12219): compiling module 'InstructionCache_2fa2c88f3c1f4868ba7cd09620d007ba' [VERI-1018]


INFO     : /home/olle/efinity_p2/BRAM/ip/micro_risc_v1/micro_risc_v1.v(12325): extracting RAM for identifier 'banks_0' [VERI-2571]


INFO     : /home/olle/efinity_p2/BRAM/ip/micro_risc_v1/micro_risc_v1.v(12326): extracting RAM for identifier 'ways_0_tags' [VERI-2571]


INFO     : /home/olle/efinity_p2/BRAM/ip/micro_risc_v1/micro_risc_v1.v(11365): compiling module 'DataCache_2fa2c88f3c1f4868ba7cd09620d007ba' [VERI-1018]


INFO     : /home/olle/efinity_p2/BRAM/ip/micro_risc_v1/micro_risc_v1.v(11579): extracting RAM for identifier 'ways_0_tags' [VERI-2571]


INFO     : /home/olle/efinity_p2/BRAM/ip/micro_risc_v1/micro_risc_v1.v(11580): extracting RAM for identifier 'ways_0_data_symbol0' [VERI-2571]


INFO     : /home/olle/efinity_p2/BRAM/ip/micro_risc_v1/micro_risc_v1.v(11581): extracting RAM for identifier 'ways_0_data_symbol1' [VERI-2571]


INFO     : /home/olle/efinity_p2/BRAM/ip/micro_risc_v1/micro_risc_v1.v(11582): extracting RAM for identifier 'ways_0_data_symbol2' [VERI-2571]


INFO     : /home/olle/efinity_p2/BRAM/ip/micro_risc_v1/micro_risc_v1.v(11583): extracting RAM for identifier 'ways_0_data_symbol3' [VERI-2571]


WARNING  : /home/olle/efinity_p2/BRAM/ip/micro_risc_v1/micro_risc_v1.v(12191): system task 'display' is ignored for synthesis [VERI-1142]


INFO     : /home/olle/efinity_p2/BRAM/ip/micro_risc_v1/micro_risc_v1.v(11346): compiling module 'BufferCC_2fa2c88f3c1f4868ba7cd09620d007ba' [VERI-1018]


INFO     : /home/olle/efinity_p2/BRAM/ip/micro_risc_v1/micro_risc_v1.v(13149): compiling module 'EfxCPUSp1_2fa2c88f3c1f4868ba7cd09620d007ba' [VERI-1018]


WARNING  : /home/olle/efinity_p2/BRAM/ip/micro_risc_v1/micro_risc_v1.v(5832): net 'IBusCachedPlugin_cache_io_cpu_fetch_isRemoved' does not have a driver [VDB-1002]


WARNING  : /home/olle/efinity_p2/BRAM/ip/micro_risc_v1/micro_risc_v1.v(5845): net 'dataCache_1_io_cpu_writeBack_fence_SW' does not have a driver [VDB-1002]


WARNING  : /home/olle/efinity_p2/BRAM/ip/micro_risc_v1/micro_risc_v1.v(5846): net 'dataCache_1_io_cpu_writeBack_fence_SR' does not have a driver [VDB-1002]


WARNING  : /home/olle/efinity_p2/BRAM/ip/micro_risc_v1/micro_risc_v1.v(5847): net 'dataCache_1_io_cpu_writeBack_fence_SO' does not have a driver [VDB-1002]


WARNING  : /home/olle/efinity_p2/BRAM/ip/micro_risc_v1/micro_risc_v1.v(5848): net 'dataCache_1_io_cpu_writeBack_fence_SI' does not have a driver [VDB-1002]


WARNING  : /home/olle/efinity_p2/BRAM/ip/micro_risc_v1/micro_risc_v1.v(5849): net 'dataCache_1_io_cpu_writeBack_fence_PW' does not have a driver [VDB-1002]


WARNING  : /home/olle/efinity_p2/BRAM/ip/micro_risc_v1/micro_risc_v1.v(5850): net 'dataCache_1_io_cpu_writeBack_fence_PR' does not have a driver [VDB-1002]


WARNING  : /home/olle/efinity_p2/BRAM/ip/micro_risc_v1/micro_risc_v1.v(5851): net 'dataCache_1_io_cpu_writeBack_fence_PO' does not have a driver [VDB-1002]


WARNING  : /home/olle/efinity_p2/BRAM/ip/micro_risc_v1/micro_risc_v1.v(5852): net 'dataCache_1_io_cpu_writeBack_fence_PI' does not have a driver [VDB-1002]


WARNING  : /home/olle/efinity_p2/BRAM/ip/micro_risc_v1/micro_risc_v1.v(5853): net 'dataCache_1_io_cpu_writeBack_fence_FM[3]' does not have a driver [VDB-1002]


WARNING  : /home/olle/efinity_p2/BRAM/ip/micro_risc_v1/micro_risc_v1.v(6276): net 'IBusCachedPlugin_mmuBus_rsp_bypassTranslation' does not have a driver [VDB-1002]


WARNING  : /home/olle/efinity_p2/BRAM/ip/micro_risc_v1/micro_risc_v1.v(6302): net 'DBusCachedPlugin_mmuBus_rsp_bypassTranslation' does not have a driver [VDB-1002]


WARNING  : /home/olle/efinity_p2/BRAM/ip/micro_risc_v1/micro_risc_v1.v(6410): net 'IBusCachedPlugin_iBusRsp_output_payload_rsp_error' does not have a driver [VDB-1002]


WARNING  : /home/olle/efinity_p2/BRAM/ip/micro_risc_v1/micro_risc_v1.v(6412): net 'IBusCachedPlugin_iBusRsp_output_payload_isRvc' does not have a driver [VDB-1002]


WARNING  : /home/olle/efinity_p2/BRAM/ip/micro_risc_v1/micro_risc_v1.v(6656): net 'CsrPlugin_mtvec_mode[1]' does not have a driver [VDB-1002]


INFO     : /home/olle/efinity_p2/BRAM/ip/micro_risc_v1/micro_risc_v1.v(4743): compiling module 'DebugModule_2fa2c88f3c1f4868ba7cd09620d007ba' [VERI-1018]


INFO     : /home/olle/efinity_p2/BRAM/ip/micro_risc_v1/micro_risc_v1.v(4949): extracting RAM for identifier 'logic_progbufX_mem' [VERI-2571]


INFO     : /home/olle/efinity_p2/BRAM/ip/micro_risc_v1/micro_risc_v1.v(4719): compiling module 'BufferCC_5_2fa2c88f3c1f4868ba7cd09620d007ba' [VERI-1018]


INFO     : /home/olle/efinity_p2/BRAM/ip/micro_risc_v1/micro_risc_v1.v(4695): compiling module 'BufferCC_6_2fa2c88f3c1f4868ba7cd09620d007ba' [VERI-1018]


INFO     : /home/olle/efinity_p2/BRAM/ip/micro_risc_v1/micro_risc_v1.v(4669): compiling module 'BufferCC_8_2fa2c88f3c1f4868ba7cd09620d007ba' [VERI-1018]


INFO     : /home/olle/efinity_p2/BRAM/ip/micro_risc_v1/micro_risc_v1.v(4196): compiling module 'DebugTransportModuleTunneled_2fa2c88f3c1f4868ba7cd09620d007ba' [VERI-1018]


INFO     : /home/olle/efinity_p2/BRAM/ip/micro_risc_v1/micro_risc_v1.v(11282): compiling module 'FlowCCByToggle_2fa2c88f3c1f4868ba7cd09620d007ba' [VERI-1018]


WARNING  : /home/olle/efinity_p2/BRAM/ip/micro_risc_v1/micro_risc_v1.v(11316): system function call 'urandom' is not supported [VERI-1141]


WARNING  : /home/olle/efinity_p2/BRAM/ip/micro_risc_v1/micro_risc_v1.v(11317): system function call 'urandom' is not supported [VERI-1141]


INFO     : /home/olle/efinity_p2/BRAM/ip/micro_risc_v1/micro_risc_v1.v(13099): compiling module 'BufferCC_1_2fa2c88f3c1f4868ba7cd09620d007ba' [VERI-1018]


WARNING  : /home/olle/efinity_p2/BRAM/ip/micro_risc_v1/micro_risc_v1.v(13111): system function call 'urandom' is not supported [VERI-1141]


WARNING  : /home/olle/efinity_p2/BRAM/ip/micro_risc_v1/micro_risc_v1.v(13112): system function call 'urandom' is not supported [VERI-1141]


INFO     : /home/olle/efinity_p2/BRAM/ip/micro_risc_v1/micro_risc_v1.v(11196): compiling module 'FlowCCByToggle_1_2fa2c88f3c1f4868ba7cd09620d007ba' [VERI-1018]


INFO     : /home/olle/efinity_p2/BRAM/ip/micro_risc_v1/micro_risc_v1.v(13075): compiling module 'BufferCC_2_2fa2c88f3c1f4868ba7cd09620d007ba' [VERI-1018]


INFO     : /home/olle/efinity_p2/BRAM/ip/micro_risc_v1/micro_risc_v1.v(13051): compiling module 'BufferCC_3_2fa2c88f3c1f4868ba7cd09620d007ba' [VERI-1018]


INFO     : /home/olle/efinity_p2/BRAM/ip/micro_risc_v1/micro_risc_v1.v(4156): compiling module 'BmbDecoder_2fa2c88f3c1f4868ba7cd09620d007ba' [VERI-1018]


INFO     : /home/olle/efinity_p2/BRAM/ip/micro_risc_v1/micro_risc_v1.v(4020): compiling module 'BmbArbiter_2fa2c88f3c1f4868ba7cd09620d007ba' [VERI-1018]


INFO     : /home/olle/efinity_p2/BRAM/ip/micro_risc_v1/micro_risc_v1.v(11092): compiling module 'StreamArbiter_2fa2c88f3c1f4868ba7cd09620d007ba' [VERI-1018]


INFO     : /home/olle/efinity_p2/BRAM/ip/micro_risc_v1/micro_risc_v1.v(3748): compiling module 'BmbDecoder_1_2fa2c88f3c1f4868ba7cd09620d007ba' [VERI-1018]


INFO     : /home/olle/efinity_p2/BRAM/ip/micro_risc_v1/micro_risc_v1.v(3640): compiling module 'BmbOnChipRam_2fa2c88f3c1f4868ba7cd09620d007ba' [VERI-1018]


INFO     : /home/olle/efinity_p2/BRAM/ip/micro_risc_v1/micro_risc_v1.v(3672): extracting RAM for identifier 'ram_symbol0' [VERI-2571]


INFO     : /home/olle/efinity_p2/BRAM/ip/micro_risc_v1/micro_risc_v1.v(3673): extracting RAM for identifier 'ram_symbol1' [VERI-2571]


INFO     : /home/olle/efinity_p2/BRAM/ip/micro_risc_v1/micro_risc_v1.v(3674): extracting RAM for identifier 'ram_symbol2' [VERI-2571]


INFO     : /home/olle/efinity_p2/BRAM/ip/micro_risc_v1/micro_risc_v1.v(3675): extracting RAM for identifier 'ram_symbol3' [VERI-2571]


INFO     : /home/olle/efinity_p2/BRAM/ip/micro_risc_v1/micro_risc_v1.v(3414): compiling module 'BmbUnburstify_2fa2c88f3c1f4868ba7cd09620d007ba' [VERI-1018]


INFO     : /home/olle/efinity_p2/BRAM/ip/micro_risc_v1/micro_risc_v1.v(3053): compiling module 'BmbDecoder_2_2fa2c88f3c1f4868ba7cd09620d007ba' [VERI-1018]


INFO     : /home/olle/efinity_p2/BRAM/ip/micro_risc_v1/micro_risc_v1.v(2869): compiling module 'BmbClint_2fa2c88f3c1f4868ba7cd09620d007ba' [VERI-1018]


INFO     : /home/olle/efinity_p2/BRAM/ip/micro_risc_v1/micro_risc_v1.v(2377): compiling module 'BmbUartCtrl_2fa2c88f3c1f4868ba7cd09620d007ba' [VERI-1018]


INFO     : /home/olle/efinity_p2/BRAM/ip/micro_risc_v1/micro_risc_v1.v(10963): compiling module 'UartCtrl_2fa2c88f3c1f4868ba7cd09620d007ba' [VERI-1018]


INFO     : /home/olle/efinity_p2/BRAM/ip/micro_risc_v1/micro_risc_v1.v(12811): compiling module 'UartCtrlTx_2fa2c88f3c1f4868ba7cd09620d007ba' [VERI-1018]


INFO     : /home/olle/efinity_p2/BRAM/ip/micro_risc_v1/micro_risc_v1.v(12517): compiling module 'UartCtrlRx_2fa2c88f3c1f4868ba7cd09620d007ba' [VERI-1018]


INFO     : /home/olle/efinity_p2/BRAM/ip/micro_risc_v1/micro_risc_v1.v(13125): compiling module 'BufferCC_4_2fa2c88f3c1f4868ba7cd09620d007ba' [VERI-1018]


INFO     : /home/olle/efinity_p2/BRAM/ip/micro_risc_v1/micro_risc_v1.v(10809): compiling module 'StreamFifo_2fa2c88f3c1f4868ba7cd09620d007ba' [VERI-1018]


INFO     : /home/olle/efinity_p2/BRAM/ip/micro_risc_v1/micro_risc_v1.v(10857): extracting RAM for identifier 'logic_ram' [VERI-2571]


INFO     : /home/olle/efinity_p2/BRAM/ip/micro_risc_v1/micro_risc_v1.v(2165): compiling module 'BmbGpio2_2fa2c88f3c1f4868ba7cd09620d007ba' [VERI-1018]


INFO     : /home/olle/efinity_p2/BRAM/top_level.vhd(124): returning to VHDL mode to continue with elaboration [VHDL-1400]


INFO     : /home/olle/efinity_p2/BRAM/rmii_udp_tx_top.vhd(5): processing 'rmii_udp_tx_top(rtl)' [VHDL-1067]


INFO     : Elaboration took 0.389107 seconds.


INFO     : 	Elaboration took 0.36 seconds (approximately) in total CPU time.


INFO     : Elaboration virtual memory usage: begin = 132.752 MB, end = 169.616 MB, delta = 36.864 MB


INFO     : Elaboration resident set memory usage: begin = 81.024 MB, end = 119.808 MB, delta = 38.784 MB


INFO     : 	Elaboration peak resident set memory usage = 268.22 MB


INFO     : ***** Ending Elaboration ... *****


INFO     : ... Setting Synthesis Option: mode=speed


INFO     : ***** Beginning Reading Mapping Library ... *****


INFO     : Analyzing Verilog file '/home/olle/efinix/efinity/2025.1/sim_models/maplib/efinix_maplib.v' [VERI-1482]


INFO     : /home/olle/efinix/efinity/2025.1/sim_models/maplib/efinix_maplib.v(8): compiling module 'EFX_ADD' [VERI-1018]


INFO     : /home/olle/efinix/efinity/2025.1/sim_models/maplib/efinix_maplib.v(21): compiling module 'EFX_FF' [VERI-1018]


INFO     : /home/olle/efinix/efinity/2025.1/sim_models/maplib/efinix_maplib.v(38): compiling module 'EFX_COMB4' [VERI-1018]


INFO     : /home/olle/efinix/efinity/2025.1/sim_models/maplib/efinix_maplib.v(48): compiling module 'EFX_GBUFCE' [VERI-1018]


INFO     : /home/olle/efinix/efinity/2025.1/sim_models/maplib/efinix_maplib.v(57): compiling module 'EFX_LUT4' [VERI-1018]


INFO     : /home/olle/efinix/efinity/2025.1/sim_models/maplib/efinix_maplib.v(65): compiling module 'EFX_MULT' [VERI-1018]


INFO     : /home/olle/efinix/efinity/2025.1/sim_models/maplib/efinix_maplib.v(100): compiling module 'EFX_DSP48' [VERI-1018]


INFO     : /home/olle/efinix/efinity/2025.1/sim_models/maplib/efinix_maplib.v(156): compiling module 'EFX_DSP24' [VERI-1018]


INFO     : /home/olle/efinix/efinity/2025.1/sim_models/maplib/efinix_maplib.v(209): compiling module 'EFX_DSP12' [VERI-1018]


INFO     : /home/olle/efinix/efinity/2025.1/sim_models/maplib/efinix_maplib.v(262): compiling module 'EFX_RAM_4K' [VERI-1018]


INFO     : /home/olle/efinix/efinity/2025.1/sim_models/maplib/efinix_maplib.v(322): compiling module 'EFX_RAM_5K' [VERI-1018]


INFO     : /home/olle/efinix/efinity/2025.1/sim_models/maplib/efinix_maplib.v(394): compiling module 'EFX_DPRAM_5K' [VERI-1018]


INFO     : /home/olle/efinix/efinity/2025.1/sim_models/maplib/efinix_maplib.v(499): compiling module 'RAMB5' [VERI-1018]


INFO     : /home/olle/efinix/efinity/2025.1/sim_models/maplib/efinix_maplib.v(561): compiling module 'EFX_RAM_10K' [VERI-1018]


INFO     : /home/olle/efinix/efinity/2025.1/sim_models/maplib/efinix_maplib.v(653): compiling module 'EFX_RAM10' [VERI-1018]


INFO     : /home/olle/efinix/efinity/2025.1/sim_models/maplib/efinix_maplib.v(754): compiling module 'EFX_DPRAM10' [VERI-1018]


INFO     : /home/olle/efinix/efinity/2025.1/sim_models/maplib/efinix_maplib.v(884): compiling module 'EFX_SRL8' [VERI-1018]


INFO     : Reading Mapping Library took 0.0174732 seconds.


INFO     : 	Reading Mapping Library took 0.02 seconds (approximately) in total CPU time.


INFO     : Reading Mapping Library virtual memory usage: begin = 199.824 MB, end = 199.824 MB, delta = 0 MB


INFO     : Reading Mapping Library resident set memory usage: begin = 150.272 MB, end = 150.272 MB, delta = 0 MB


INFO     : 	Reading Mapping Library peak resident set memory usage = 268.22 MB


INFO     : ***** Ending Reading Mapping Library ... *****


INFO     : ... Pre-synthesis checks begin


WARNING  : The primary output port 'led2' wire 'led2' is not driven. [EFX-0256]


WARNING  : The primary output port 'mdc' wire 'mdc' is not driven. [EFX-0256]


WARNING  : The primary output port 'mdio_o' wire 'mdio_o' is not driven. [EFX-0256]


WARNING  : The primary output port 'mdio_oe' wire 'mdio_oe' is not driven. [EFX-0256]


WARNING  : The primary output port 'CAM0_EN' wire 'CAM0_EN' is not driven. [EFX-0256]


WARNING  : The primary output port 'CAM1_EN' wire 'CAM1_EN' is not driven. [EFX-0256]


WARNING  : The primary output port 'RJ45_led' wire 'RJ45_led' is not driven. [EFX-0256]


WARNING  : Removing redundant signal : io_cpu_prefetch_isValid. (/home/olle/efinity_p2/BRAM/ip/micro_risc_v1/micro_risc_v1.v:12221) [EFX-0200]


WARNING  : Removing redundant signal : io_cpu_prefetch_pc[31]. (/home/olle/efinity_p2/BRAM/ip/micro_risc_v1/micro_risc_v1.v:12223) [EFX-0200]


WARNING  : Removing redundant signal : io_cpu_prefetch_pc[30]. (/home/olle/efinity_p2/BRAM/ip/micro_risc_v1/micro_risc_v1.v:12223) [EFX-0200]


WARNING  : Removing redundant signal : io_cpu_prefetch_pc[29]. (/home/olle/efinity_p2/BRAM/ip/micro_risc_v1/micro_risc_v1.v:12223) [EFX-0200]


WARNING  : Removing redundant signal : io_cpu_prefetch_pc[28]. (/home/olle/efinity_p2/BRAM/ip/micro_risc_v1/micro_risc_v1.v:12223) [EFX-0200]


WARNING  : Removing redundant signal : io_cpu_prefetch_pc[27]. (/home/olle/efinity_p2/BRAM/ip/micro_risc_v1/micro_risc_v1.v:12223) [EFX-0200]


WARNING  : Removing redundant signal : io_cpu_prefetch_pc[26]. (/home/olle/efinity_p2/BRAM/ip/micro_risc_v1/micro_risc_v1.v:12223) [EFX-0200]


WARNING  : Removing redundant signal : io_cpu_prefetch_pc[25]. (/home/olle/efinity_p2/BRAM/ip/micro_risc_v1/micro_risc_v1.v:12223) [EFX-0200]


WARNING  : Removing redundant signal : io_cpu_prefetch_pc[24]. (/home/olle/efinity_p2/BRAM/ip/micro_risc_v1/micro_risc_v1.v:12223) [EFX-0200]


WARNING  : Removing redundant signal : io_cpu_prefetch_pc[23]. (/home/olle/efinity_p2/BRAM/ip/micro_risc_v1/micro_risc_v1.v:12223) [EFX-0200]


WARNING  : Removing redundant signal : io_cpu_prefetch_pc[22]. (/home/olle/efinity_p2/BRAM/ip/micro_risc_v1/micro_risc_v1.v:12223) [EFX-0200]


WARNING  : Removing redundant signal : io_cpu_prefetch_pc[21]. (/home/olle/efinity_p2/BRAM/ip/micro_risc_v1/micro_risc_v1.v:12223) [EFX-0200]


WARNING  : Removing redundant signal : io_cpu_prefetch_pc[20]. (/home/olle/efinity_p2/BRAM/ip/micro_risc_v1/micro_risc_v1.v:12223) [EFX-0200]


WARNING  : Removing redundant signal : io_cpu_prefetch_pc[19]. (/home/olle/efinity_p2/BRAM/ip/micro_risc_v1/micro_risc_v1.v:12223) [EFX-0200]


WARNING  : Removing redundant signal : io_cpu_prefetch_pc[18]. (/home/olle/efinity_p2/BRAM/ip/micro_risc_v1/micro_risc_v1.v:12223) [EFX-0200]


WARNING  : Removing redundant signal : io_cpu_prefetch_pc[17]. (/home/olle/efinity_p2/BRAM/ip/micro_risc_v1/micro_risc_v1.v:12223) [EFX-0200]


WARNING  : Removing redundant signal : io_cpu_prefetch_pc[16]. (/home/olle/efinity_p2/BRAM/ip/micro_risc_v1/micro_risc_v1.v:12223) [EFX-0200]


WARNING  : Removing redundant signal : io_cpu_prefetch_pc[15]. (/home/olle/efinity_p2/BRAM/ip/micro_risc_v1/micro_risc_v1.v:12223) [EFX-0200]


WARNING  : Removing redundant signal : io_cpu_prefetch_pc[14]. (/home/olle/efinity_p2/BRAM/ip/micro_risc_v1/micro_risc_v1.v:12223) [EFX-0200]


WARNING  : Removing redundant signal : io_cpu_prefetch_pc[13]. (/home/olle/efinity_p2/BRAM/ip/micro_risc_v1/micro_risc_v1.v:12223) [EFX-0200]


WARNING  : (The above message was generated too many times, subsequent similar messages will be muted.) [EFX-0200]


INFO     : ... Memory 'banks_0' is not initialized, assuming empty initial contents. (/home/olle/efinity_p2/BRAM/ip/micro_risc_v1/micro_risc_v1.v:12325) [EFX-0677]


INFO     : ... Memory 'ways_0_tags' is not initialized, assuming empty initial contents. (/home/olle/efinity_p2/BRAM/ip/micro_risc_v1/micro_risc_v1.v:12326) [EFX-0677]


INFO     : ... Memory 'ways_0_tags' is not initialized, assuming empty initial contents. (/home/olle/efinity_p2/BRAM/ip/micro_risc_v1/micro_risc_v1.v:11579) [EFX-0677]


INFO     : ... Memory 'ways_0_data_symbol0' is not initialized, assuming empty initial contents. (/home/olle/efinity_p2/BRAM/ip/micro_risc_v1/micro_risc_v1.v:11580) [EFX-0677]


INFO     : ... Memory 'ways_0_data_symbol1' is not initialized, assuming empty initial contents. (/home/olle/efinity_p2/BRAM/ip/micro_risc_v1/micro_risc_v1.v:11581) [EFX-0677]


INFO     : ... Memory 'ways_0_data_symbol2' is not initialized, assuming empty initial contents. (/home/olle/efinity_p2/BRAM/ip/micro_risc_v1/micro_risc_v1.v:11582) [EFX-0677]


INFO     : ... Memory 'ways_0_data_symbol3' is not initialized, assuming empty initial contents. (/home/olle/efinity_p2/BRAM/ip/micro_risc_v1/micro_risc_v1.v:11583) [EFX-0677]


WARNING  : Re-wiring to GND non-driven net 'IBusCachedPlugin_cache_io_cpu_fetch_isRemoved'. (/home/olle/efinity_p2/BRAM/ip/micro_risc_v1/micro_risc_v1.v:5832) [EFX-0201]


WARNING  : Re-wiring to GND non-driven net 'dataCache_1_io_cpu_writeBack_fence_SW'. (/home/olle/efinity_p2/BRAM/ip/micro_risc_v1/micro_risc_v1.v:5845) [EFX-0201]


WARNING  : Re-wiring to GND non-driven net 'dataCache_1_io_cpu_writeBack_fence_SR'. (/home/olle/efinity_p2/BRAM/ip/micro_risc_v1/micro_risc_v1.v:5846) [EFX-0201]


WARNING  : Re-wiring to GND non-driven net 'dataCache_1_io_cpu_writeBack_fence_SO'. (/home/olle/efinity_p2/BRAM/ip/micro_risc_v1/micro_risc_v1.v:5847) [EFX-0201]


WARNING  : Re-wiring to GND non-driven net 'dataCache_1_io_cpu_writeBack_fence_SI'. (/home/olle/efinity_p2/BRAM/ip/micro_risc_v1/micro_risc_v1.v:5848) [EFX-0201]


WARNING  : Re-wiring to GND non-driven net 'dataCache_1_io_cpu_writeBack_fence_PW'. (/home/olle/efinity_p2/BRAM/ip/micro_risc_v1/micro_risc_v1.v:5849) [EFX-0201]


WARNING  : Re-wiring to GND non-driven net 'dataCache_1_io_cpu_writeBack_fence_PR'. (/home/olle/efinity_p2/BRAM/ip/micro_risc_v1/micro_risc_v1.v:5850) [EFX-0201]


WARNING  : Re-wiring to GND non-driven net 'dataCache_1_io_cpu_writeBack_fence_PO'. (/home/olle/efinity_p2/BRAM/ip/micro_risc_v1/micro_risc_v1.v:5851) [EFX-0201]


WARNING  : Re-wiring to GND non-driven net 'dataCache_1_io_cpu_writeBack_fence_PI'. (/home/olle/efinity_p2/BRAM/ip/micro_risc_v1/micro_risc_v1.v:5852) [EFX-0201]


WARNING  : Re-wiring to GND non-driven net 'dataCache_1_io_cpu_writeBack_fence_FM[3]'. (/home/olle/efinity_p2/BRAM/ip/micro_risc_v1/micro_risc_v1.v:5853) [EFX-0201]


WARNING  : (The above message was generated too many times, subsequent similar messages will be muted.) [EFX-0201]


INFO     : ... Memory 'RegFilePlugin_regFile' is not initialized, assuming empty initial contents. (/home/olle/efinity_p2/BRAM/ip/micro_risc_v1/micro_risc_v1.v:6995) [EFX-0677]


INFO     : ... Memory 'logic_progbufX_mem' is not initialized, assuming empty initial contents. (/home/olle/efinity_p2/BRAM/ip/micro_risc_v1/micro_risc_v1.v:4949) [EFX-0677]


INFO     : Module Instance 'memory_arbiter' input pin 'io_inputs_0_payload_fragment_source[0]' is tied to constant (=0). [EFX-0266]


INFO     : Module Instance 'memory_arbiter' input pin 'io_inputs_1_payload_fragment_source[0]' is tied to constant (=0). [EFX-0266]


INFO     : Module Instance 'memory_arbiter' input pin 'io_inputs_1_payload_fragment_context[0]' is tied to constant (=0). [EFX-0266]


INFO     : Module Instance 'tx' input pin 'io_cts' is tied to constant (=0). [EFX-0266]


INFO     : ... Memory 'logic_ram' is not initialized, assuming empty initial contents. (/home/olle/efinity_p2/BRAM/ip/micro_risc_v1/micro_risc_v1.v:10857) [EFX-0677]


INFO     : Module Instance 'bridge_write_streamUnbuffered_queueWithOccupancy' input pin 'io_flush' is tied to constant (=0). [EFX-0266]


INFO     : Module Instance 'uartCtrl_1_io_read_queueWithOccupancy' input pin 'io_flush' is tied to constant (=0). [EFX-0266]


INFO     : Module Instance 'system_bridge_bmb_arbiter' input pin 'io_inputs_1_cmd_payload_fragment_data[0]' is tied to constant (=0). [EFX-0266]


INFO     : Module Instance 'system_bridge_bmb_arbiter' input pin 'io_inputs_1_cmd_payload_fragment_data[1]' is tied to constant (=0). [EFX-0266]


INFO     : Module Instance 'system_bridge_bmb_arbiter' input pin 'io_inputs_1_cmd_payload_fragment_data[2]' is tied to constant (=0). [EFX-0266]


INFO     : Module Instance 'system_bridge_bmb_arbiter' input pin 'io_inputs_1_cmd_payload_fragment_data[3]' is tied to constant (=0). [EFX-0266]


INFO     : Module Instance 'system_bridge_bmb_arbiter' input pin 'io_inputs_1_cmd_payload_fragment_data[4]' is tied to constant (=0). [EFX-0266]


INFO     : Module Instance 'system_bridge_bmb_arbiter' input pin 'io_inputs_1_cmd_payload_fragment_data[5]' is tied to constant (=0). [EFX-0266]


INFO     : Module Instance 'system_bridge_bmb_arbiter' input pin 'io_inputs_1_cmd_payload_fragment_data[6]' is tied to constant (=0). [EFX-0266]


INFO     : Module Instance 'system_bridge_bmb_arbiter' input pin 'io_inputs_1_cmd_payload_fragment_data[7]' is tied to constant (=0). [EFX-0266]


INFO     : Module Instance 'system_bridge_bmb_arbiter' input pin 'io_inputs_1_cmd_payload_fragment_data[8]' is tied to constant (=0). [EFX-0266]


INFO     : Module Instance 'system_bridge_bmb_arbiter' input pin 'io_inputs_1_cmd_payload_fragment_data[9]' is tied to constant (=0). [EFX-0266]


INFO     : Module Instance 'system_bridge_bmb_arbiter' input pin 'io_inputs_1_cmd_payload_fragment_data[10]' is tied to constant (=0). [EFX-0266]


INFO     : Module Instance 'system_bridge_bmb_arbiter' input pin 'io_inputs_1_cmd_payload_fragment_data[11]' is tied to constant (=0). [EFX-0266]


INFO     : Module Instance 'system_bridge_bmb_arbiter' input pin 'io_inputs_1_cmd_payload_fragment_data[12]' is tied to constant (=0). [EFX-0266]


INFO     : Module Instance 'system_bridge_bmb_arbiter' input pin 'io_inputs_1_cmd_payload_fragment_data[13]' is tied to constant (=0). [EFX-0266]


INFO     : Module Instance 'system_bridge_bmb_arbiter' input pin 'io_inputs_1_cmd_payload_fragment_data[14]' is tied to constant (=0). [EFX-0266]


INFO     : Module Instance 'system_bridge_bmb_arbiter' input pin 'io_inputs_1_cmd_payload_fragment_data[15]' is tied to constant (=0). [EFX-0266]


INFO     : Module Instance 'system_bridge_bmb_arbiter' input pin 'io_inputs_1_cmd_payload_fragment_data[16]' is tied to constant (=0). [EFX-0266]


INFO     : Module Instance 'system_bridge_bmb_arbiter' input pin 'io_inputs_1_cmd_payload_fragment_data[17]' is tied to constant (=0). [EFX-0266]


INFO     : Module Instance 'system_bridge_bmb_arbiter' input pin 'io_inputs_1_cmd_payload_fragment_data[18]' is tied to constant (=0). [EFX-0266]


INFO     : Module Instance 'system_bridge_bmb_arbiter' input pin 'io_inputs_1_cmd_payload_fragment_data[19]' is tied to constant (=0). [EFX-0266]


INFO     : Module Instance 'system_bridge_bmb_arbiter' input pin 'io_inputs_1_cmd_payload_fragment_data[20]' is tied to constant (=0). [EFX-0266]


INFO     : Module Instance 'system_bridge_bmb_arbiter' input pin 'io_inputs_1_cmd_payload_fragment_data[21]' is tied to constant (=0). [EFX-0266]


INFO     : Module Instance 'system_bridge_bmb_arbiter' input pin 'io_inputs_1_cmd_payload_fragment_data[22]' is tied to constant (=0). [EFX-0266]


INFO     : Module Instance 'system_bridge_bmb_arbiter' input pin 'io_inputs_1_cmd_payload_fragment_data[23]' is tied to constant (=0). [EFX-0266]


INFO     : Module Instance 'system_bridge_bmb_arbiter' input pin 'io_inputs_1_cmd_payload_fragment_data[24]' is tied to constant (=0). [EFX-0266]


INFO     : Module Instance 'system_bridge_bmb_arbiter' input pin 'io_inputs_1_cmd_payload_fragment_data[25]' is tied to constant (=0). [EFX-0266]


INFO     : Module Instance 'system_bridge_bmb_arbiter' input pin 'io_inputs_1_cmd_payload_fragment_data[26]' is tied to constant (=0). [EFX-0266]


INFO     : Module Instance 'system_bridge_bmb_arbiter' input pin 'io_inputs_1_cmd_payload_fragment_data[27]' is tied to constant (=0). [EFX-0266]


INFO     : Module Instance 'system_bridge_bmb_arbiter' input pin 'io_inputs_1_cmd_payload_fragment_data[28]' is tied to constant (=0). [EFX-0266]


INFO     : Module Instance 'system_bridge_bmb_arbiter' input pin 'io_inputs_1_cmd_payload_fragment_data[29]' is tied to constant (=0). [EFX-0266]


INFO     : Module Instance 'system_bridge_bmb_arbiter' input pin 'io_inputs_1_cmd_payload_fragment_data[30]' is tied to constant (=0). [EFX-0266]


INFO     : Module Instance 'system_bridge_bmb_arbiter' input pin 'io_inputs_1_cmd_payload_fragment_data[31]' is tied to constant (=0). [EFX-0266]


INFO     : Module Instance 'system_bridge_bmb_arbiter' input pin 'io_inputs_1_cmd_payload_fragment_mask[0]' is tied to constant (=0). [EFX-0266]


INFO     : Module Instance 'system_bridge_bmb_arbiter' input pin 'io_inputs_1_cmd_payload_fragment_mask[1]' is tied to constant (=0). [EFX-0266]


INFO     : Module Instance 'system_bridge_bmb_arbiter' input pin 'io_inputs_1_cmd_payload_fragment_mask[2]' is tied to constant (=0). [EFX-0266]


INFO     : Module Instance 'system_bridge_bmb_arbiter' input pin 'io_inputs_1_cmd_payload_fragment_mask[3]' is tied to constant (=0). [EFX-0266]


INFO     : Module Instance 'u_micro_risc_v1' input pin 'jtagCtrl_enable' is tied to constant (=1). [EFX-0266]


INFO     : ... Pre-synthesis checks end (Real time : 0s CPU user time : 1s CPU sys time : 0s MEM : 268220KB)


INFO     : ... NameSpace init begin


INFO     : ... NameSpace init end (Real time : 0s CPU user time : 1s CPU sys time : 0s MEM : 268220KB)


INFO     : ... Mapping design "top_level"


INFO     : ... Hierarchical pre-synthesis "InstructionCache_2fa2c88f3c1f4868ba7cd09620d007ba" begin


INFO     : ... Hierarchical pre-synthesis "InstructionCache_2fa2c88f3c1f4868ba7cd09620d007ba" end (Real time : 0s CPU user time : 1s CPU sys time : 0s MEM : 268220KB)


INFO     : ... Hierarchical pre-synthesis "DataCache_2fa2c88f3c1f4868ba7cd09620d007ba" begin


INFO     : ... Hierarchical pre-synthesis "DataCache_2fa2c88f3c1f4868ba7cd09620d007ba" end (Real time : 0s CPU user time : 1s CPU sys time : 0s MEM : 268220KB)


INFO     : ... Hierarchical pre-synthesis "BufferCC_2fa2c88f3c1f4868ba7cd09620d007ba" begin


INFO     : ... Hierarchical pre-synthesis "BufferCC_2fa2c88f3c1f4868ba7cd09620d007ba" end (Real time : 0s CPU user time : 1s CPU sys time : 0s MEM : 268220KB)


INFO     : ... Hierarchical pre-synthesis "EfxCPUSp1_2fa2c88f3c1f4868ba7cd09620d007ba" begin


INFO     : ... Hierarchical pre-synthesis "EfxCPUSp1_2fa2c88f3c1f4868ba7cd09620d007ba" end (Real time : 0s CPU user time : 1s CPU sys time : 0s MEM : 268220KB)


INFO     : ... Hierarchical pre-synthesis "VexRiscv_2fa2c88f3c1f4868ba7cd09620d007ba" begin


INFO     : ... Hierarchical pre-synthesis "VexRiscv_2fa2c88f3c1f4868ba7cd09620d007ba" end (Real time : 1s CPU user time : 2s CPU sys time : 0s MEM : 268220KB)


INFO     : ... Hierarchical pre-synthesis "DebugModule_2fa2c88f3c1f4868ba7cd09620d007ba" begin


INFO     : ... Hierarchical pre-synthesis "DebugModule_2fa2c88f3c1f4868ba7cd09620d007ba" end (Real time : 0s CPU user time : 2s CPU sys time : 0s MEM : 268220KB)


INFO     : ... Hierarchical pre-synthesis "BufferCC_5_2fa2c88f3c1f4868ba7cd09620d007ba" begin


INFO     : ... Hierarchical pre-synthesis "BufferCC_5_2fa2c88f3c1f4868ba7cd09620d007ba" end (Real time : 0s CPU user time : 2s CPU sys time : 0s MEM : 268220KB)


INFO     : ... Hierarchical pre-synthesis "BufferCC_6_2fa2c88f3c1f4868ba7cd09620d007ba" begin


INFO     : ... Hierarchical pre-synthesis "BufferCC_6_2fa2c88f3c1f4868ba7cd09620d007ba" end (Real time : 0s CPU user time : 2s CPU sys time : 0s MEM : 268220KB)


INFO     : ... Hierarchical pre-synthesis "BufferCC_8_2fa2c88f3c1f4868ba7cd09620d007ba" begin


INFO     : ... Hierarchical pre-synthesis "BufferCC_8_2fa2c88f3c1f4868ba7cd09620d007ba" end (Real time : 0s CPU user time : 2s CPU sys time : 0s MEM : 268220KB)


INFO     : ... Hierarchical pre-synthesis "BufferCC_1_2fa2c88f3c1f4868ba7cd09620d007ba" begin


INFO     : ... Hierarchical pre-synthesis "BufferCC_1_2fa2c88f3c1f4868ba7cd09620d007ba" end (Real time : 0s CPU user time : 2s CPU sys time : 0s MEM : 268220KB)


INFO     : ... Hierarchical pre-synthesis "FlowCCByToggle_2fa2c88f3c1f4868ba7cd09620d007ba" begin


INFO     : ... Hierarchical pre-synthesis "FlowCCByToggle_2fa2c88f3c1f4868ba7cd09620d007ba" end (Real time : 0s CPU user time : 2s CPU sys time : 0s MEM : 268220KB)


INFO     : ... Hierarchical pre-synthesis "BufferCC_2_2fa2c88f3c1f4868ba7cd09620d007ba" begin


INFO     : ... Hierarchical pre-synthesis "BufferCC_2_2fa2c88f3c1f4868ba7cd09620d007ba" end (Real time : 0s CPU user time : 2s CPU sys time : 0s MEM : 268220KB)


INFO     : ... Hierarchical pre-synthesis "BufferCC_3_2fa2c88f3c1f4868ba7cd09620d007ba" begin


INFO     : ... Hierarchical pre-synthesis "BufferCC_3_2fa2c88f3c1f4868ba7cd09620d007ba" end (Real time : 0s CPU user time : 2s CPU sys time : 0s MEM : 268220KB)


INFO     : ... Hierarchical pre-synthesis "FlowCCByToggle_1_2fa2c88f3c1f4868ba7cd09620d007ba" begin


INFO     : ... Hierarchical pre-synthesis "FlowCCByToggle_1_2fa2c88f3c1f4868ba7cd09620d007ba" end (Real time : 0s CPU user time : 2s CPU sys time : 0s MEM : 268220KB)


INFO     : ... Hierarchical pre-synthesis "DebugTransportModuleTunneled_2fa2c88f3c1f4868ba7cd09620d007ba" begin


INFO     : ... Hierarchical pre-synthesis "DebugTransportModuleTunneled_2fa2c88f3c1f4868ba7cd09620d007ba" end (Real time : 0s CPU user time : 2s CPU sys time : 0s MEM : 268220KB)


INFO     : ... Hierarchical pre-synthesis "BmbDecoder_2fa2c88f3c1f4868ba7cd09620d007ba" begin


INFO     : ... Hierarchical pre-synthesis "BmbDecoder_2fa2c88f3c1f4868ba7cd09620d007ba" end (Real time : 0s CPU user time : 2s CPU sys time : 0s MEM : 268220KB)


INFO     : ... Hierarchical pre-synthesis "StreamArbiter_2fa2c88f3c1f4868ba7cd09620d007ba" begin


INFO     : ... Hierarchical pre-synthesis "StreamArbiter_2fa2c88f3c1f4868ba7cd09620d007ba" end (Real time : 0s CPU user time : 2s CPU sys time : 0s MEM : 268220KB)


INFO     : ... Hierarchical pre-synthesis "BmbArbiter_2fa2c88f3c1f4868ba7cd09620d007ba" begin


INFO     : ... Hierarchical pre-synthesis "BmbArbiter_2fa2c88f3c1f4868ba7cd09620d007ba" end (Real time : 0s CPU user time : 2s CPU sys time : 0s MEM : 268220KB)


INFO     : ... Hierarchical pre-synthesis "BmbDecoder_1_2fa2c88f3c1f4868ba7cd09620d007ba" begin


INFO     : ... Hierarchical pre-synthesis "BmbDecoder_1_2fa2c88f3c1f4868ba7cd09620d007ba" end (Real time : 0s CPU user time : 2s CPU sys time : 0s MEM : 268220KB)


INFO     : ... Hierarchical pre-synthesis "BmbOnChipRam_2fa2c88f3c1f4868ba7cd09620d007ba" begin


INFO     : ... Hierarchical pre-synthesis "BmbOnChipRam_2fa2c88f3c1f4868ba7cd09620d007ba" end (Real time : 0s CPU user time : 2s CPU sys time : 0s MEM : 268220KB)


INFO     : ... Hierarchical pre-synthesis "BmbUnburstify_2fa2c88f3c1f4868ba7cd09620d007ba" begin


INFO     : ... Hierarchical pre-synthesis "BmbUnburstify_2fa2c88f3c1f4868ba7cd09620d007ba" end (Real time : 0s CPU user time : 2s CPU sys time : 0s MEM : 268220KB)


INFO     : ... Hierarchical pre-synthesis "BmbDecoder_2_2fa2c88f3c1f4868ba7cd09620d007ba" begin


INFO     : ... Hierarchical pre-synthesis "BmbDecoder_2_2fa2c88f3c1f4868ba7cd09620d007ba" end (Real time : 0s CPU user time : 2s CPU sys time : 0s MEM : 268220KB)


INFO     : ... Hierarchical pre-synthesis "BmbClint_2fa2c88f3c1f4868ba7cd09620d007ba" begin


INFO     : ... Hierarchical pre-synthesis "BmbClint_2fa2c88f3c1f4868ba7cd09620d007ba" end (Real time : 0s CPU user time : 2s CPU sys time : 0s MEM : 268220KB)


INFO     : ... Hierarchical pre-synthesis "UartCtrlTx_2fa2c88f3c1f4868ba7cd09620d007ba" begin


INFO     : ... Hierarchical pre-synthesis "UartCtrlTx_2fa2c88f3c1f4868ba7cd09620d007ba" end (Real time : 0s CPU user time : 2s CPU sys time : 0s MEM : 268220KB)


INFO     : ... Hierarchical pre-synthesis "BufferCC_4_2fa2c88f3c1f4868ba7cd09620d007ba" begin


INFO     : ... Hierarchical pre-synthesis "BufferCC_4_2fa2c88f3c1f4868ba7cd09620d007ba" end (Real time : 0s CPU user time : 2s CPU sys time : 0s MEM : 268220KB)


INFO     : ... Hierarchical pre-synthesis "UartCtrlRx_2fa2c88f3c1f4868ba7cd09620d007ba" begin


INFO     : ... Hierarchical pre-synthesis "UartCtrlRx_2fa2c88f3c1f4868ba7cd09620d007ba" end (Real time : 0s CPU user time : 2s CPU sys time : 0s MEM : 268220KB)


INFO     : ... Hierarchical pre-synthesis "UartCtrl_2fa2c88f3c1f4868ba7cd09620d007ba" begin


INFO     : ... Hierarchical pre-synthesis "UartCtrl_2fa2c88f3c1f4868ba7cd09620d007ba" end (Real time : 0s CPU user time : 2s CPU sys time : 0s MEM : 268220KB)


INFO     : ... Hierarchical pre-synthesis "StreamFifo_2fa2c88f3c1f4868ba7cd09620d007ba" begin


INFO     : ... Hierarchical pre-synthesis "StreamFifo_2fa2c88f3c1f4868ba7cd09620d007ba" end (Real time : 0s CPU user time : 2s CPU sys time : 0s MEM : 268220KB)


INFO     : ... Hierarchical pre-synthesis "BmbUartCtrl_2fa2c88f3c1f4868ba7cd09620d007ba" begin


INFO     : ... Hierarchical pre-synthesis "BmbUartCtrl_2fa2c88f3c1f4868ba7cd09620d007ba" end (Real time : 0s CPU user time : 2s CPU sys time : 0s MEM : 268220KB)


INFO     : ... Hierarchical pre-synthesis "BmbGpio2_2fa2c88f3c1f4868ba7cd09620d007ba" begin


INFO     : ... Hierarchical pre-synthesis "BmbGpio2_2fa2c88f3c1f4868ba7cd09620d007ba" end (Real time : 0s CPU user time : 2s CPU sys time : 0s MEM : 268220KB)


INFO     : ... Hierarchical pre-synthesis "EfxSapphireSoc_2fa2c88f3c1f4868ba7cd09620d007ba" begin


INFO     : ... Hierarchical pre-synthesis "EfxSapphireSoc_2fa2c88f3c1f4868ba7cd09620d007ba" end (Real time : 1s CPU user time : 3s CPU sys time : 0s MEM : 268220KB)


INFO     : ... Hierarchical pre-synthesis "micro_risc_v1" begin


INFO     : ... Hierarchical pre-synthesis "micro_risc_v1" end (Real time : 0s CPU user time : 4s CPU sys time : 0s MEM : 268220KB)


INFO     : ... Hierarchical pre-synthesis "rmii_udp_tx_top" begin


INFO     : ... Hierarchical pre-synthesis "rmii_udp_tx_top" end (Real time : 0s CPU user time : 4s CPU sys time : 0s MEM : 268220KB)


INFO     : ... Hierarchical pre-synthesis "top_level" begin


WARNING  : Mapping into logic memory block 'u_micro_risc_v1/u_EfxSapphireSoc/system_riscvJtag_debug_logic_dm/logic_progbufX_mem' (64 bits) (/home/olle/efinity_p2/BRAM/ip/micro_risc_v1/micro_risc_v1.v:4949) because size is too small (<=64) [EFX-0657]


INFO     : ... Clock Enable Synthesis Performed on 327 flops.


INFO     : ... Hierarchical pre-synthesis "top_level" end (Real time : 1s CPU user time : 5s CPU sys time : 0s MEM : 268220KB)


INFO     : ... Flat optimizations begin


INFO     : ... Flat optimizations end (Real time : 0s CPU user time : 5s CPU sys time : 0s MEM : 268220KB)


INFO     : ... Flat synthesis begin


INFO     : ... Flat synthesis end (Real time : 0s CPU user time : 5s CPU sys time : 0s MEM : 268220KB)


INFO     : ... Flat optimizations begin


INFO     : ... Flat optimizations end (Real time : 0s CPU user time : 6s CPU sys time : 0s MEM : 268220KB)


INFO     : ... Check and break combinational loops begin


INFO     : ... Check and break combinational loops end (Real time : 0s CPU user time : 6s CPU sys time : 0s MEM : 268220KB)


INFO     : ... Sequential Optimization begin


INFO     : ... Clock Network 'pll_clk' with 2314 loads will be considered for sequential optimization.


INFO     : ... Clock Network 'jtag_dummy_TCK' with 221 loads will be considered for sequential optimization.


INFO     : ... Clock Network 'clk' with 85 loads will be considered for sequential optimization.


INFO     : ... Sequential Optimization deduced 464 equivalent points.


INFO     : ... Sequential Optimization end (Real time : 15s CPU user time : 21s CPU sys time : 0s MEM : 268220KB)


INFO     : ... Setup for logic synthesis begin


INFO     : ... Setup for logic synthesis end (Real time : 0s CPU user time : 21s CPU sys time : 0s MEM : 268220KB)


INFO     : ... LUT mapping begin


Force stop running flow.

Wed August 20 25 19:34:14 - /home/olle/efinix/efinity/2025.1/bin/efx_map finished. Exit code = 1 Exit status : Normal

Running synthesis flow fail. See exit code and exit status.

Wed August 20 25 19:34:15 - Running automated flow starting from synthesis done. Total duration = 0m 36.502s

Wed August 20 25 19:39:50 - Running automated flow starting from synthesis...



Wed August 20 25 19:39:50 - Floorplan closed VM : 575.676 MB RSS : 177.648 MB



-------------------------------------------------------------------------

Synthesis

-------------------------------------------------------------------------

Wed August 20 25 19:39:50 - Synthesis flow working directory is /home/olle/efinity_p2/BRAM/work_syn


INFO     : --max_threads set to 4 

Wed August 20 25 19:39:51 - /home/olle/efinix/efinity/2025.1/bin/efx_map --project "BRAM" --root "top_level" --write-efx-verilog "/home/olle/efinity_p2/BRAM/outflow/BRAM.map.v" --write-premap-module "/home/olle/efinity_p2/BRAM/outflow/BRAM.elab.vdb" --binary-db "/home/olle/efinity_p2/BRAM/outflow/BRAM.vdb" --device "T20F169" --family "Trion" --veri_option "verilog_mode=verilog_2k,vhdl_mode=vhdl_2008" --work-dir "/home/olle/efinity_p2/BRAM/work_syn" --output-dir "/home/olle/efinity_p2/BRAM/outflow" --project-xml "/home/olle/efinity_p2/BRAM/BRAM.xml" --I "/home/olle/efinity_p2/BRAM" --I "/home/olle/efinity_p2/BRAM/ip/BRAM_8192_bytes" --I "/home/olle/efinity_p2/BRAM/ip/micro_risc_v1"

Wed August 20 25 19:39:51 - Running /home/olle/efinix/efinity/2025.1/bin/efx_map...

INFO     : Efinix FPGA Synthesis.


INFO     : Version: 2025.1.110.2.15


INFO     : Compiled: Jun 21 2025.


INFO     : 


INFO     : Copyright (C) 2013 - 2025 Efinix, Inc. All rights reserved.



INFO     : Reading project database "/home/olle/efinity_p2/BRAM/BRAM.xml"


INFO     : Analyzing Verilog file '/home/olle/efinix/efinity/2025.1/sim_models/maplib/efinix_peri_lib.v' [VERI-1482]


INFO     : /home/olle/efinix/efinity/2025.1/sim_models/maplib/efinix_peri_lib.v(8): compiling module 'EFX_IBUF' [VERI-1018]


INFO     : /home/olle/efinix/efinity/2025.1/sim_models/maplib/efinix_peri_lib.v(16): compiling module 'EFX_OBUF' [VERI-1018]


INFO     : /home/olle/efinix/efinity/2025.1/sim_models/maplib/efinix_peri_lib.v(23): compiling module 'EFX_IO_BUF' [VERI-1018]


INFO     : /home/olle/efinix/efinity/2025.1/sim_models/maplib/efinix_peri_lib.v(33): compiling module 'EFX_CLKOUT' [VERI-1018]


INFO     : /home/olle/efinix/efinity/2025.1/sim_models/maplib/efinix_peri_lib.v(41): compiling module 'EFX_IREG' [VERI-1018]


INFO     : /home/olle/efinix/efinity/2025.1/sim_models/maplib/efinix_peri_lib.v(51): compiling module 'EFX_OREG' [VERI-1018]


INFO     : /home/olle/efinix/efinity/2025.1/sim_models/maplib/efinix_peri_lib.v(60): compiling module 'EFX_IOREG' [VERI-1018]


INFO     : /home/olle/efinix/efinity/2025.1/sim_models/maplib/efinix_peri_lib.v(75): compiling module 'EFX_IDDIO' [VERI-1018]


INFO     : /home/olle/efinix/efinity/2025.1/sim_models/maplib/efinix_peri_lib.v(87): compiling module 'EFX_ODDIO' [VERI-1018]


INFO     : /home/olle/efinix/efinity/2025.1/sim_models/maplib/efinix_peri_lib.v(99): compiling module 'EFX_GPIO_V1' [VERI-1018]


INFO     : /home/olle/efinix/efinity/2025.1/sim_models/maplib/efinix_peri_lib.v(124): compiling module 'EFX_GPIO_V2' [VERI-1018]


INFO     : /home/olle/efinix/efinity/2025.1/sim_models/maplib/efinix_peri_lib.v(149): compiling module 'EFX_GPIO_V3' [VERI-1018]


INFO     : /home/olle/efinix/efinity/2025.1/sim_models/maplib/efinix_peri_lib.v(186): compiling module 'EFX_PLL_V1' [VERI-1018]


INFO     : /home/olle/efinix/efinity/2025.1/sim_models/maplib/efinix_peri_lib.v(205): compiling module 'EFX_PLL_V2' [VERI-1018]


INFO     : /home/olle/efinix/efinity/2025.1/sim_models/maplib/efinix_peri_lib.v(231): compiling module 'EFX_PLL_V3' [VERI-1018]


INFO     : /home/olle/efinix/efinity/2025.1/sim_models/maplib/efinix_peri_lib.v(279): compiling module 'EFX_OSC_V1' [VERI-1018]


INFO     : /home/olle/efinix/efinity/2025.1/sim_models/maplib/efinix_peri_lib.v(285): compiling module 'EFX_OSC_V3' [VERI-1018]


INFO     : /home/olle/efinix/efinity/2025.1/sim_models/maplib/efinix_peri_lib.v(294): compiling module 'EFX_FPLL_V1' [VERI-1018]


INFO     : /home/olle/efinix/efinity/2025.1/sim_models/maplib/efinix_peri_lib.v(348): compiling module 'EFX_JTAG_V1' [VERI-1018]


INFO     : /home/olle/efinix/efinity/2025.1/sim_models/maplib/efinix_peri_lib.v(357): compiling module 'EFX_JTAG_CTRL' [VERI-1018]


INFO     : /home/olle/efinix/efinity/2025.1/sim_models/maplib/efinix_peri_lib.v(364): compiling module 'EFX_LVDS_RX_V1' [VERI-1018]


INFO     : /home/olle/efinix/efinity/2025.1/sim_models/maplib/efinix_peri_lib.v(381): compiling module 'EFX_LVDS_TX_V1' [VERI-1018]


INFO     : /home/olle/efinix/efinity/2025.1/sim_models/maplib/efinix_peri_lib.v(399): compiling module 'EFX_LVDS_RX_V2' [VERI-1018]


INFO     : /home/olle/efinix/efinity/2025.1/sim_models/maplib/efinix_peri_lib.v(426): compiling module 'EFX_LVDS_TX_V2' [VERI-1018]


INFO     : /home/olle/efinix/efinity/2025.1/sim_models/maplib/efinix_peri_lib.v(446): compiling module 'EFX_LVDS_BIDIR_V2' [VERI-1018]


INFO     : Reading project database "/home/olle/efinity_p2/BRAM/BRAM.xml"


INFO     : ***** Beginning Analysis ... *****


INFO     : default VHDL library search path is now "/home/olle/efinix/efinity/2025.1/sim_models/vhdl/packages/vhdl_2008" [VHDL-1504]


INFO     : Analyzing Verilog file '/home/olle/efinix/efinity/2025.1/sim_models/maplib/efinix_maplib.v' [VERI-1482]


INFO     : Analyzing Verilog file '/home/olle/efinix/efinity/2025.1/sim_models/maplib/efinix_peri_lib.v' [VERI-1482]


INFO     : Analyzing Verilog file '/home/olle/efinix/efinity/2025.1/sim_models/maplib/efinix_maplib.v' [VERI-1482]


INFO     : Analyzing Verilog file '/home/olle/efinix/efinity/2025.1/sim_models/maplib/efinix_peri_lib.v' [VERI-1482]


INFO     : Analyzing VHDL file '/home/olle/efinity_p2/BRAM/top_level.vhd' [VHDL-1481]


INFO     : Restoring VHDL unit 'ieee.std_logic_1164' from file '/home/olle/efinix/efinity/2025.1/sim_models/vhdl/packages/vhdl_2008/ieee/std_logic_1164.vdb' [VHDL-1493]


INFO     : Restoring VHDL unit 'std.standard' from file '/home/olle/efinix/efinity/2025.1/sim_models/vhdl/packages/vhdl_2008/std/standard.vdb' [VHDL-1493]


INFO     : Restoring VHDL unit 'std.textio' from file '/home/olle/efinix/efinity/2025.1/sim_models/vhdl/packages/vhdl_2008/std/textio.vdb' [VHDL-1493]


INFO     : Restoring VHDL unit 'ieee.numeric_std' from file '/home/olle/efinix/efinity/2025.1/sim_models/vhdl/packages/vhdl_2008/ieee/numeric_std.vdb' [VHDL-1493]


INFO     : /home/olle/efinity_p2/BRAM/top_level.vhd(6): analyzing entity 'top_level' [VHDL-1012]


INFO     : /home/olle/efinity_p2/BRAM/top_level.vhd(48): analyzing architecture 'behavior' [VHDL-1010]


INFO     : Analyzing VHDL file '/home/olle/efinity_p2/BRAM/rmii_udp_tx_top.vhd' [VHDL-1481]


INFO     : /home/olle/efinity_p2/BRAM/rmii_udp_tx_top.vhd(5): analyzing entity 'rmii_udp_tx_top' [VHDL-1012]


INFO     : /home/olle/efinity_p2/BRAM/rmii_udp_tx_top.vhd(14): analyzing architecture 'rtl' [VHDL-1010]


INFO     : Analyzing Verilog file '/home/olle/efinity_p2/BRAM/ip/BRAM_8192_bytes/BRAM_8192_bytes.v' [VERI-1482]


INFO     : /home/olle/efinity_p2/BRAM/ip/BRAM_8192_bytes/BRAM_8192_bytes.v(758): analyzing included file '/home/olle/efinity_p2/BRAM/ip/BRAM_8192_bytes/bram_ini.vh' [VERI-1328]


INFO     : /home/olle/efinity_p2/BRAM/ip/BRAM_8192_bytes/BRAM_8192_bytes.v(758): back to file '/home/olle/efinity_p2/BRAM/ip/BRAM_8192_bytes/BRAM_8192_bytes.v' [VERI-2320]


INFO     : /home/olle/efinity_p2/BRAM/ip/BRAM_8192_bytes/BRAM_8192_bytes.v(985): analyzing included file '/home/olle/efinity_p2/BRAM/ip/BRAM_8192_bytes/bram_decompose.vh' [VERI-1328]


INFO     : /home/olle/efinity_p2/BRAM/ip/BRAM_8192_bytes/BRAM_8192_bytes.v(985): back to file '/home/olle/efinity_p2/BRAM/ip/BRAM_8192_bytes/BRAM_8192_bytes.v' [VERI-2320]


INFO     : Analyzing Verilog file '/home/olle/efinity_p2/BRAM/ip/micro_risc_v1/micro_risc_v1.v' [VERI-1482]


INFO     : Analysis took 0.147087 seconds.


INFO     : 	Analysis took 0.14 seconds (approximately) in total CPU time.


INFO     : Analysis virtual memory usage: begin = 124.56 MB, end = 132.752 MB, delta = 8.192 MB


INFO     : Analysis resident set memory usage: begin = 72.192 MB, end = 81.28 MB, delta = 9.088 MB


INFO     : 	Analysis peak resident set memory usage = 269.936 MB


INFO     : ***** Ending Analysis ... *****


INFO     : ***** Beginning Elaboration ... *****


INFO     : /home/olle/efinity_p2/BRAM/top_level.vhd(6): processing 'top_level(behavior)' [VHDL-1067]


WARNING  : /home/olle/efinity_p2/BRAM/top_level.vhd(91): using initial value '0' for 'system_uart_0_io_rxd' since it is never assigned [VHDL-1303]


WARNING  : /home/olle/efinity_p2/BRAM/top_level.vhd(94): using initial value for 'system_gpio_0_io_read' since it is never assigned [VHDL-1794]


INFO     : Restoring VHDL unit 'vl.vl_types' from file '/home/olle/efinix/efinity/2025.1/sim_models/vhdl/packages/vhdl_2008/vl/vl_types.vdb' [VHDL-1493]


INFO     : /home/olle/efinity_p2/BRAM/top_level.vhd(124): switching to Verilog mode to elaborate module 'micro_risc_v1' [VHDL-1399]


INFO     : /home/olle/efinity_p2/BRAM/ip/micro_risc_v1/micro_risc_v1.v(49): compiling module 'micro_risc_v1' [VERI-1018]


INFO     : /home/olle/efinity_p2/BRAM/ip/micro_risc_v1/micro_risc_v1.v(94): compiling module 'EfxSapphireSoc_2fa2c88f3c1f4868ba7cd09620d007ba' [VERI-1018]


INFO     : /home/olle/efinity_p2/BRAM/ip/micro_risc_v1/micro_risc_v1.v(5744): compiling module 'VexRiscv_2fa2c88f3c1f4868ba7cd09620d007ba' [VERI-1018]


INFO     : /home/olle/efinity_p2/BRAM/ip/micro_risc_v1/micro_risc_v1.v(6995): extracting RAM for identifier 'RegFilePlugin_regFile' [VERI-2571]


INFO     : /home/olle/efinity_p2/BRAM/ip/micro_risc_v1/micro_risc_v1.v(12219): compiling module 'InstructionCache_2fa2c88f3c1f4868ba7cd09620d007ba' [VERI-1018]


INFO     : /home/olle/efinity_p2/BRAM/ip/micro_risc_v1/micro_risc_v1.v(12325): extracting RAM for identifier 'banks_0' [VERI-2571]


INFO     : /home/olle/efinity_p2/BRAM/ip/micro_risc_v1/micro_risc_v1.v(12326): extracting RAM for identifier 'ways_0_tags' [VERI-2571]


INFO     : /home/olle/efinity_p2/BRAM/ip/micro_risc_v1/micro_risc_v1.v(11365): compiling module 'DataCache_2fa2c88f3c1f4868ba7cd09620d007ba' [VERI-1018]


INFO     : /home/olle/efinity_p2/BRAM/ip/micro_risc_v1/micro_risc_v1.v(11579): extracting RAM for identifier 'ways_0_tags' [VERI-2571]


INFO     : /home/olle/efinity_p2/BRAM/ip/micro_risc_v1/micro_risc_v1.v(11580): extracting RAM for identifier 'ways_0_data_symbol0' [VERI-2571]


INFO     : /home/olle/efinity_p2/BRAM/ip/micro_risc_v1/micro_risc_v1.v(11581): extracting RAM for identifier 'ways_0_data_symbol1' [VERI-2571]


INFO     : /home/olle/efinity_p2/BRAM/ip/micro_risc_v1/micro_risc_v1.v(11582): extracting RAM for identifier 'ways_0_data_symbol2' [VERI-2571]


INFO     : /home/olle/efinity_p2/BRAM/ip/micro_risc_v1/micro_risc_v1.v(11583): extracting RAM for identifier 'ways_0_data_symbol3' [VERI-2571]


WARNING  : /home/olle/efinity_p2/BRAM/ip/micro_risc_v1/micro_risc_v1.v(12191): system task 'display' is ignored for synthesis [VERI-1142]


INFO     : /home/olle/efinity_p2/BRAM/ip/micro_risc_v1/micro_risc_v1.v(11346): compiling module 'BufferCC_2fa2c88f3c1f4868ba7cd09620d007ba' [VERI-1018]


INFO     : /home/olle/efinity_p2/BRAM/ip/micro_risc_v1/micro_risc_v1.v(13149): compiling module 'EfxCPUSp1_2fa2c88f3c1f4868ba7cd09620d007ba' [VERI-1018]


WARNING  : /home/olle/efinity_p2/BRAM/ip/micro_risc_v1/micro_risc_v1.v(5832): net 'IBusCachedPlugin_cache_io_cpu_fetch_isRemoved' does not have a driver [VDB-1002]


WARNING  : /home/olle/efinity_p2/BRAM/ip/micro_risc_v1/micro_risc_v1.v(5845): net 'dataCache_1_io_cpu_writeBack_fence_SW' does not have a driver [VDB-1002]


WARNING  : /home/olle/efinity_p2/BRAM/ip/micro_risc_v1/micro_risc_v1.v(5846): net 'dataCache_1_io_cpu_writeBack_fence_SR' does not have a driver [VDB-1002]


WARNING  : /home/olle/efinity_p2/BRAM/ip/micro_risc_v1/micro_risc_v1.v(5847): net 'dataCache_1_io_cpu_writeBack_fence_SO' does not have a driver [VDB-1002]


WARNING  : /home/olle/efinity_p2/BRAM/ip/micro_risc_v1/micro_risc_v1.v(5848): net 'dataCache_1_io_cpu_writeBack_fence_SI' does not have a driver [VDB-1002]


WARNING  : /home/olle/efinity_p2/BRAM/ip/micro_risc_v1/micro_risc_v1.v(5849): net 'dataCache_1_io_cpu_writeBack_fence_PW' does not have a driver [VDB-1002]


WARNING  : /home/olle/efinity_p2/BRAM/ip/micro_risc_v1/micro_risc_v1.v(5850): net 'dataCache_1_io_cpu_writeBack_fence_PR' does not have a driver [VDB-1002]


WARNING  : /home/olle/efinity_p2/BRAM/ip/micro_risc_v1/micro_risc_v1.v(5851): net 'dataCache_1_io_cpu_writeBack_fence_PO' does not have a driver [VDB-1002]


WARNING  : /home/olle/efinity_p2/BRAM/ip/micro_risc_v1/micro_risc_v1.v(5852): net 'dataCache_1_io_cpu_writeBack_fence_PI' does not have a driver [VDB-1002]


WARNING  : /home/olle/efinity_p2/BRAM/ip/micro_risc_v1/micro_risc_v1.v(5853): net 'dataCache_1_io_cpu_writeBack_fence_FM[3]' does not have a driver [VDB-1002]


WARNING  : /home/olle/efinity_p2/BRAM/ip/micro_risc_v1/micro_risc_v1.v(6276): net 'IBusCachedPlugin_mmuBus_rsp_bypassTranslation' does not have a driver [VDB-1002]


WARNING  : /home/olle/efinity_p2/BRAM/ip/micro_risc_v1/micro_risc_v1.v(6302): net 'DBusCachedPlugin_mmuBus_rsp_bypassTranslation' does not have a driver [VDB-1002]


WARNING  : /home/olle/efinity_p2/BRAM/ip/micro_risc_v1/micro_risc_v1.v(6410): net 'IBusCachedPlugin_iBusRsp_output_payload_rsp_error' does not have a driver [VDB-1002]


WARNING  : /home/olle/efinity_p2/BRAM/ip/micro_risc_v1/micro_risc_v1.v(6412): net 'IBusCachedPlugin_iBusRsp_output_payload_isRvc' does not have a driver [VDB-1002]


WARNING  : /home/olle/efinity_p2/BRAM/ip/micro_risc_v1/micro_risc_v1.v(6656): net 'CsrPlugin_mtvec_mode[1]' does not have a driver [VDB-1002]


INFO     : /home/olle/efinity_p2/BRAM/ip/micro_risc_v1/micro_risc_v1.v(4743): compiling module 'DebugModule_2fa2c88f3c1f4868ba7cd09620d007ba' [VERI-1018]


INFO     : /home/olle/efinity_p2/BRAM/ip/micro_risc_v1/micro_risc_v1.v(4949): extracting RAM for identifier 'logic_progbufX_mem' [VERI-2571]


INFO     : /home/olle/efinity_p2/BRAM/ip/micro_risc_v1/micro_risc_v1.v(4719): compiling module 'BufferCC_5_2fa2c88f3c1f4868ba7cd09620d007ba' [VERI-1018]


INFO     : /home/olle/efinity_p2/BRAM/ip/micro_risc_v1/micro_risc_v1.v(4695): compiling module 'BufferCC_6_2fa2c88f3c1f4868ba7cd09620d007ba' [VERI-1018]


INFO     : /home/olle/efinity_p2/BRAM/ip/micro_risc_v1/micro_risc_v1.v(4669): compiling module 'BufferCC_8_2fa2c88f3c1f4868ba7cd09620d007ba' [VERI-1018]


INFO     : /home/olle/efinity_p2/BRAM/ip/micro_risc_v1/micro_risc_v1.v(4196): compiling module 'DebugTransportModuleTunneled_2fa2c88f3c1f4868ba7cd09620d007ba' [VERI-1018]


INFO     : /home/olle/efinity_p2/BRAM/ip/micro_risc_v1/micro_risc_v1.v(11282): compiling module 'FlowCCByToggle_2fa2c88f3c1f4868ba7cd09620d007ba' [VERI-1018]


WARNING  : /home/olle/efinity_p2/BRAM/ip/micro_risc_v1/micro_risc_v1.v(11316): system function call 'urandom' is not supported [VERI-1141]


WARNING  : /home/olle/efinity_p2/BRAM/ip/micro_risc_v1/micro_risc_v1.v(11317): system function call 'urandom' is not supported [VERI-1141]


INFO     : /home/olle/efinity_p2/BRAM/ip/micro_risc_v1/micro_risc_v1.v(13099): compiling module 'BufferCC_1_2fa2c88f3c1f4868ba7cd09620d007ba' [VERI-1018]


WARNING  : /home/olle/efinity_p2/BRAM/ip/micro_risc_v1/micro_risc_v1.v(13111): system function call 'urandom' is not supported [VERI-1141]


WARNING  : /home/olle/efinity_p2/BRAM/ip/micro_risc_v1/micro_risc_v1.v(13112): system function call 'urandom' is not supported [VERI-1141]


INFO     : /home/olle/efinity_p2/BRAM/ip/micro_risc_v1/micro_risc_v1.v(11196): compiling module 'FlowCCByToggle_1_2fa2c88f3c1f4868ba7cd09620d007ba' [VERI-1018]


INFO     : /home/olle/efinity_p2/BRAM/ip/micro_risc_v1/micro_risc_v1.v(13075): compiling module 'BufferCC_2_2fa2c88f3c1f4868ba7cd09620d007ba' [VERI-1018]


INFO     : /home/olle/efinity_p2/BRAM/ip/micro_risc_v1/micro_risc_v1.v(13051): compiling module 'BufferCC_3_2fa2c88f3c1f4868ba7cd09620d007ba' [VERI-1018]


INFO     : /home/olle/efinity_p2/BRAM/ip/micro_risc_v1/micro_risc_v1.v(4156): compiling module 'BmbDecoder_2fa2c88f3c1f4868ba7cd09620d007ba' [VERI-1018]


INFO     : /home/olle/efinity_p2/BRAM/ip/micro_risc_v1/micro_risc_v1.v(4020): compiling module 'BmbArbiter_2fa2c88f3c1f4868ba7cd09620d007ba' [VERI-1018]


INFO     : /home/olle/efinity_p2/BRAM/ip/micro_risc_v1/micro_risc_v1.v(11092): compiling module 'StreamArbiter_2fa2c88f3c1f4868ba7cd09620d007ba' [VERI-1018]


INFO     : /home/olle/efinity_p2/BRAM/ip/micro_risc_v1/micro_risc_v1.v(3748): compiling module 'BmbDecoder_1_2fa2c88f3c1f4868ba7cd09620d007ba' [VERI-1018]


INFO     : /home/olle/efinity_p2/BRAM/ip/micro_risc_v1/micro_risc_v1.v(3640): compiling module 'BmbOnChipRam_2fa2c88f3c1f4868ba7cd09620d007ba' [VERI-1018]


INFO     : /home/olle/efinity_p2/BRAM/ip/micro_risc_v1/micro_risc_v1.v(3672): extracting RAM for identifier 'ram_symbol0' [VERI-2571]


INFO     : /home/olle/efinity_p2/BRAM/ip/micro_risc_v1/micro_risc_v1.v(3673): extracting RAM for identifier 'ram_symbol1' [VERI-2571]


INFO     : /home/olle/efinity_p2/BRAM/ip/micro_risc_v1/micro_risc_v1.v(3674): extracting RAM for identifier 'ram_symbol2' [VERI-2571]


INFO     : /home/olle/efinity_p2/BRAM/ip/micro_risc_v1/micro_risc_v1.v(3675): extracting RAM for identifier 'ram_symbol3' [VERI-2571]


INFO     : /home/olle/efinity_p2/BRAM/ip/micro_risc_v1/micro_risc_v1.v(3414): compiling module 'BmbUnburstify_2fa2c88f3c1f4868ba7cd09620d007ba' [VERI-1018]


INFO     : /home/olle/efinity_p2/BRAM/ip/micro_risc_v1/micro_risc_v1.v(3053): compiling module 'BmbDecoder_2_2fa2c88f3c1f4868ba7cd09620d007ba' [VERI-1018]


INFO     : /home/olle/efinity_p2/BRAM/ip/micro_risc_v1/micro_risc_v1.v(2869): compiling module 'BmbClint_2fa2c88f3c1f4868ba7cd09620d007ba' [VERI-1018]


INFO     : /home/olle/efinity_p2/BRAM/ip/micro_risc_v1/micro_risc_v1.v(2377): compiling module 'BmbUartCtrl_2fa2c88f3c1f4868ba7cd09620d007ba' [VERI-1018]


INFO     : /home/olle/efinity_p2/BRAM/ip/micro_risc_v1/micro_risc_v1.v(10963): compiling module 'UartCtrl_2fa2c88f3c1f4868ba7cd09620d007ba' [VERI-1018]


INFO     : /home/olle/efinity_p2/BRAM/ip/micro_risc_v1/micro_risc_v1.v(12811): compiling module 'UartCtrlTx_2fa2c88f3c1f4868ba7cd09620d007ba' [VERI-1018]


INFO     : /home/olle/efinity_p2/BRAM/ip/micro_risc_v1/micro_risc_v1.v(12517): compiling module 'UartCtrlRx_2fa2c88f3c1f4868ba7cd09620d007ba' [VERI-1018]


INFO     : /home/olle/efinity_p2/BRAM/ip/micro_risc_v1/micro_risc_v1.v(13125): compiling module 'BufferCC_4_2fa2c88f3c1f4868ba7cd09620d007ba' [VERI-1018]


INFO     : /home/olle/efinity_p2/BRAM/ip/micro_risc_v1/micro_risc_v1.v(10809): compiling module 'StreamFifo_2fa2c88f3c1f4868ba7cd09620d007ba' [VERI-1018]


INFO     : /home/olle/efinity_p2/BRAM/ip/micro_risc_v1/micro_risc_v1.v(10857): extracting RAM for identifier 'logic_ram' [VERI-2571]


INFO     : /home/olle/efinity_p2/BRAM/ip/micro_risc_v1/micro_risc_v1.v(2165): compiling module 'BmbGpio2_2fa2c88f3c1f4868ba7cd09620d007ba' [VERI-1018]


INFO     : /home/olle/efinity_p2/BRAM/top_level.vhd(124): returning to VHDL mode to continue with elaboration [VHDL-1400]


INFO     : /home/olle/efinity_p2/BRAM/rmii_udp_tx_top.vhd(5): processing 'rmii_udp_tx_top(rtl)' [VHDL-1067]


INFO     : Elaboration took 0.36558 seconds.


INFO     : 	Elaboration took 0.34 seconds (approximately) in total CPU time.


INFO     : Elaboration virtual memory usage: begin = 132.752 MB, end = 169.616 MB, delta = 36.864 MB


INFO     : Elaboration resident set memory usage: begin = 81.28 MB, end = 120.064 MB, delta = 38.784 MB


INFO     : 	Elaboration peak resident set memory usage = 269.936 MB


INFO     : ***** Ending Elaboration ... *****


INFO     : ... Setting Synthesis Option: mode=speed


INFO     : ***** Beginning Reading Mapping Library ... *****


INFO     : Analyzing Verilog file '/home/olle/efinix/efinity/2025.1/sim_models/maplib/efinix_maplib.v' [VERI-1482]


INFO     : /home/olle/efinix/efinity/2025.1/sim_models/maplib/efinix_maplib.v(8): compiling module 'EFX_ADD' [VERI-1018]


INFO     : /home/olle/efinix/efinity/2025.1/sim_models/maplib/efinix_maplib.v(21): compiling module 'EFX_FF' [VERI-1018]


INFO     : /home/olle/efinix/efinity/2025.1/sim_models/maplib/efinix_maplib.v(38): compiling module 'EFX_COMB4' [VERI-1018]


INFO     : /home/olle/efinix/efinity/2025.1/sim_models/maplib/efinix_maplib.v(48): compiling module 'EFX_GBUFCE' [VERI-1018]


INFO     : /home/olle/efinix/efinity/2025.1/sim_models/maplib/efinix_maplib.v(57): compiling module 'EFX_LUT4' [VERI-1018]


INFO     : /home/olle/efinix/efinity/2025.1/sim_models/maplib/efinix_maplib.v(65): compiling module 'EFX_MULT' [VERI-1018]


INFO     : /home/olle/efinix/efinity/2025.1/sim_models/maplib/efinix_maplib.v(100): compiling module 'EFX_DSP48' [VERI-1018]


INFO     : /home/olle/efinix/efinity/2025.1/sim_models/maplib/efinix_maplib.v(156): compiling module 'EFX_DSP24' [VERI-1018]


INFO     : /home/olle/efinix/efinity/2025.1/sim_models/maplib/efinix_maplib.v(209): compiling module 'EFX_DSP12' [VERI-1018]


INFO     : /home/olle/efinix/efinity/2025.1/sim_models/maplib/efinix_maplib.v(262): compiling module 'EFX_RAM_4K' [VERI-1018]


INFO     : /home/olle/efinix/efinity/2025.1/sim_models/maplib/efinix_maplib.v(322): compiling module 'EFX_RAM_5K' [VERI-1018]


INFO     : /home/olle/efinix/efinity/2025.1/sim_models/maplib/efinix_maplib.v(394): compiling module 'EFX_DPRAM_5K' [VERI-1018]


INFO     : /home/olle/efinix/efinity/2025.1/sim_models/maplib/efinix_maplib.v(499): compiling module 'RAMB5' [VERI-1018]


INFO     : /home/olle/efinix/efinity/2025.1/sim_models/maplib/efinix_maplib.v(561): compiling module 'EFX_RAM_10K' [VERI-1018]


INFO     : /home/olle/efinix/efinity/2025.1/sim_models/maplib/efinix_maplib.v(653): compiling module 'EFX_RAM10' [VERI-1018]


INFO     : /home/olle/efinix/efinity/2025.1/sim_models/maplib/efinix_maplib.v(754): compiling module 'EFX_DPRAM10' [VERI-1018]


INFO     : /home/olle/efinix/efinity/2025.1/sim_models/maplib/efinix_maplib.v(884): compiling module 'EFX_SRL8' [VERI-1018]


INFO     : Reading Mapping Library took 0.0170717 seconds.


INFO     : 	Reading Mapping Library took 0.01 seconds (approximately) in total CPU time.


INFO     : Reading Mapping Library virtual memory usage: begin = 199.824 MB, end = 199.824 MB, delta = 0 MB


INFO     : Reading Mapping Library resident set memory usage: begin = 150.784 MB, end = 150.784 MB, delta = 0 MB


INFO     : 	Reading Mapping Library peak resident set memory usage = 269.936 MB


INFO     : ***** Ending Reading Mapping Library ... *****


INFO     : ... Pre-synthesis checks begin


WARNING  : The primary output port 'led2' wire 'led2' is not driven. [EFX-0256]


WARNING  : The primary output port 'mdc' wire 'mdc' is not driven. [EFX-0256]


WARNING  : The primary output port 'mdio_o' wire 'mdio_o' is not driven. [EFX-0256]


WARNING  : The primary output port 'mdio_oe' wire 'mdio_oe' is not driven. [EFX-0256]


WARNING  : The primary output port 'CAM0_EN' wire 'CAM0_EN' is not driven. [EFX-0256]


WARNING  : The primary output port 'CAM1_EN' wire 'CAM1_EN' is not driven. [EFX-0256]


WARNING  : The primary output port 'RJ45_led' wire 'RJ45_led' is not driven. [EFX-0256]


WARNING  : Removing redundant signal : io_cpu_prefetch_isValid. (/home/olle/efinity_p2/BRAM/ip/micro_risc_v1/micro_risc_v1.v:12221) [EFX-0200]


WARNING  : Removing redundant signal : io_cpu_prefetch_pc[31]. (/home/olle/efinity_p2/BRAM/ip/micro_risc_v1/micro_risc_v1.v:12223) [EFX-0200]


WARNING  : Removing redundant signal : io_cpu_prefetch_pc[30]. (/home/olle/efinity_p2/BRAM/ip/micro_risc_v1/micro_risc_v1.v:12223) [EFX-0200]


WARNING  : Removing redundant signal : io_cpu_prefetch_pc[29]. (/home/olle/efinity_p2/BRAM/ip/micro_risc_v1/micro_risc_v1.v:12223) [EFX-0200]


WARNING  : Removing redundant signal : io_cpu_prefetch_pc[28]. (/home/olle/efinity_p2/BRAM/ip/micro_risc_v1/micro_risc_v1.v:12223) [EFX-0200]


WARNING  : Removing redundant signal : io_cpu_prefetch_pc[27]. (/home/olle/efinity_p2/BRAM/ip/micro_risc_v1/micro_risc_v1.v:12223) [EFX-0200]


WARNING  : Removing redundant signal : io_cpu_prefetch_pc[26]. (/home/olle/efinity_p2/BRAM/ip/micro_risc_v1/micro_risc_v1.v:12223) [EFX-0200]


WARNING  : Removing redundant signal : io_cpu_prefetch_pc[25]. (/home/olle/efinity_p2/BRAM/ip/micro_risc_v1/micro_risc_v1.v:12223) [EFX-0200]


WARNING  : Removing redundant signal : io_cpu_prefetch_pc[24]. (/home/olle/efinity_p2/BRAM/ip/micro_risc_v1/micro_risc_v1.v:12223) [EFX-0200]


WARNING  : Removing redundant signal : io_cpu_prefetch_pc[23]. (/home/olle/efinity_p2/BRAM/ip/micro_risc_v1/micro_risc_v1.v:12223) [EFX-0200]


WARNING  : Removing redundant signal : io_cpu_prefetch_pc[22]. (/home/olle/efinity_p2/BRAM/ip/micro_risc_v1/micro_risc_v1.v:12223) [EFX-0200]


WARNING  : Removing redundant signal : io_cpu_prefetch_pc[21]. (/home/olle/efinity_p2/BRAM/ip/micro_risc_v1/micro_risc_v1.v:12223) [EFX-0200]


WARNING  : Removing redundant signal : io_cpu_prefetch_pc[20]. (/home/olle/efinity_p2/BRAM/ip/micro_risc_v1/micro_risc_v1.v:12223) [EFX-0200]


WARNING  : Removing redundant signal : io_cpu_prefetch_pc[19]. (/home/olle/efinity_p2/BRAM/ip/micro_risc_v1/micro_risc_v1.v:12223) [EFX-0200]


WARNING  : Removing redundant signal : io_cpu_prefetch_pc[18]. (/home/olle/efinity_p2/BRAM/ip/micro_risc_v1/micro_risc_v1.v:12223) [EFX-0200]


WARNING  : Removing redundant signal : io_cpu_prefetch_pc[17]. (/home/olle/efinity_p2/BRAM/ip/micro_risc_v1/micro_risc_v1.v:12223) [EFX-0200]


WARNING  : Removing redundant signal : io_cpu_prefetch_pc[16]. (/home/olle/efinity_p2/BRAM/ip/micro_risc_v1/micro_risc_v1.v:12223) [EFX-0200]


WARNING  : Removing redundant signal : io_cpu_prefetch_pc[15]. (/home/olle/efinity_p2/BRAM/ip/micro_risc_v1/micro_risc_v1.v:12223) [EFX-0200]


WARNING  : Removing redundant signal : io_cpu_prefetch_pc[14]. (/home/olle/efinity_p2/BRAM/ip/micro_risc_v1/micro_risc_v1.v:12223) [EFX-0200]


WARNING  : Removing redundant signal : io_cpu_prefetch_pc[13]. (/home/olle/efinity_p2/BRAM/ip/micro_risc_v1/micro_risc_v1.v:12223) [EFX-0200]


WARNING  : (The above message was generated too many times, subsequent similar messages will be muted.) [EFX-0200]


INFO     : ... Memory 'banks_0' is not initialized, assuming empty initial contents. (/home/olle/efinity_p2/BRAM/ip/micro_risc_v1/micro_risc_v1.v:12325) [EFX-0677]


INFO     : ... Memory 'ways_0_tags' is not initialized, assuming empty initial contents. (/home/olle/efinity_p2/BRAM/ip/micro_risc_v1/micro_risc_v1.v:12326) [EFX-0677]


INFO     : ... Memory 'ways_0_tags' is not initialized, assuming empty initial contents. (/home/olle/efinity_p2/BRAM/ip/micro_risc_v1/micro_risc_v1.v:11579) [EFX-0677]


INFO     : ... Memory 'ways_0_data_symbol0' is not initialized, assuming empty initial contents. (/home/olle/efinity_p2/BRAM/ip/micro_risc_v1/micro_risc_v1.v:11580) [EFX-0677]


INFO     : ... Memory 'ways_0_data_symbol1' is not initialized, assuming empty initial contents. (/home/olle/efinity_p2/BRAM/ip/micro_risc_v1/micro_risc_v1.v:11581) [EFX-0677]


INFO     : ... Memory 'ways_0_data_symbol2' is not initialized, assuming empty initial contents. (/home/olle/efinity_p2/BRAM/ip/micro_risc_v1/micro_risc_v1.v:11582) [EFX-0677]


INFO     : ... Memory 'ways_0_data_symbol3' is not initialized, assuming empty initial contents. (/home/olle/efinity_p2/BRAM/ip/micro_risc_v1/micro_risc_v1.v:11583) [EFX-0677]


WARNING  : Re-wiring to GND non-driven net 'IBusCachedPlugin_cache_io_cpu_fetch_isRemoved'. (/home/olle/efinity_p2/BRAM/ip/micro_risc_v1/micro_risc_v1.v:5832) [EFX-0201]


WARNING  : Re-wiring to GND non-driven net 'dataCache_1_io_cpu_writeBack_fence_SW'. (/home/olle/efinity_p2/BRAM/ip/micro_risc_v1/micro_risc_v1.v:5845) [EFX-0201]


WARNING  : Re-wiring to GND non-driven net 'dataCache_1_io_cpu_writeBack_fence_SR'. (/home/olle/efinity_p2/BRAM/ip/micro_risc_v1/micro_risc_v1.v:5846) [EFX-0201]


WARNING  : Re-wiring to GND non-driven net 'dataCache_1_io_cpu_writeBack_fence_SO'. (/home/olle/efinity_p2/BRAM/ip/micro_risc_v1/micro_risc_v1.v:5847) [EFX-0201]


WARNING  : Re-wiring to GND non-driven net 'dataCache_1_io_cpu_writeBack_fence_SI'. (/home/olle/efinity_p2/BRAM/ip/micro_risc_v1/micro_risc_v1.v:5848) [EFX-0201]


WARNING  : Re-wiring to GND non-driven net 'dataCache_1_io_cpu_writeBack_fence_PW'. (/home/olle/efinity_p2/BRAM/ip/micro_risc_v1/micro_risc_v1.v:5849) [EFX-0201]


WARNING  : Re-wiring to GND non-driven net 'dataCache_1_io_cpu_writeBack_fence_PR'. (/home/olle/efinity_p2/BRAM/ip/micro_risc_v1/micro_risc_v1.v:5850) [EFX-0201]


WARNING  : Re-wiring to GND non-driven net 'dataCache_1_io_cpu_writeBack_fence_PO'. (/home/olle/efinity_p2/BRAM/ip/micro_risc_v1/micro_risc_v1.v:5851) [EFX-0201]


WARNING  : Re-wiring to GND non-driven net 'dataCache_1_io_cpu_writeBack_fence_PI'. (/home/olle/efinity_p2/BRAM/ip/micro_risc_v1/micro_risc_v1.v:5852) [EFX-0201]


WARNING  : Re-wiring to GND non-driven net 'dataCache_1_io_cpu_writeBack_fence_FM[3]'. (/home/olle/efinity_p2/BRAM/ip/micro_risc_v1/micro_risc_v1.v:5853) [EFX-0201]


WARNING  : (The above message was generated too many times, subsequent similar messages will be muted.) [EFX-0201]


INFO     : ... Memory 'RegFilePlugin_regFile' is not initialized, assuming empty initial contents. (/home/olle/efinity_p2/BRAM/ip/micro_risc_v1/micro_risc_v1.v:6995) [EFX-0677]


INFO     : ... Memory 'logic_progbufX_mem' is not initialized, assuming empty initial contents. (/home/olle/efinity_p2/BRAM/ip/micro_risc_v1/micro_risc_v1.v:4949) [EFX-0677]


INFO     : Module Instance 'memory_arbiter' input pin 'io_inputs_0_payload_fragment_source[0]' is tied to constant (=0). [EFX-0266]


INFO     : Module Instance 'memory_arbiter' input pin 'io_inputs_1_payload_fragment_source[0]' is tied to constant (=0). [EFX-0266]


INFO     : Module Instance 'memory_arbiter' input pin 'io_inputs_1_payload_fragment_context[0]' is tied to constant (=0). [EFX-0266]


INFO     : Module Instance 'tx' input pin 'io_cts' is tied to constant (=0). [EFX-0266]


INFO     : ... Memory 'logic_ram' is not initialized, assuming empty initial contents. (/home/olle/efinity_p2/BRAM/ip/micro_risc_v1/micro_risc_v1.v:10857) [EFX-0677]


INFO     : Module Instance 'bridge_write_streamUnbuffered_queueWithOccupancy' input pin 'io_flush' is tied to constant (=0). [EFX-0266]


INFO     : Module Instance 'uartCtrl_1_io_read_queueWithOccupancy' input pin 'io_flush' is tied to constant (=0). [EFX-0266]


INFO     : Module Instance 'system_bridge_bmb_arbiter' input pin 'io_inputs_1_cmd_payload_fragment_data[0]' is tied to constant (=0). [EFX-0266]


INFO     : Module Instance 'system_bridge_bmb_arbiter' input pin 'io_inputs_1_cmd_payload_fragment_data[1]' is tied to constant (=0). [EFX-0266]


INFO     : Module Instance 'system_bridge_bmb_arbiter' input pin 'io_inputs_1_cmd_payload_fragment_data[2]' is tied to constant (=0). [EFX-0266]


INFO     : Module Instance 'system_bridge_bmb_arbiter' input pin 'io_inputs_1_cmd_payload_fragment_data[3]' is tied to constant (=0). [EFX-0266]


INFO     : Module Instance 'system_bridge_bmb_arbiter' input pin 'io_inputs_1_cmd_payload_fragment_data[4]' is tied to constant (=0). [EFX-0266]


INFO     : Module Instance 'system_bridge_bmb_arbiter' input pin 'io_inputs_1_cmd_payload_fragment_data[5]' is tied to constant (=0). [EFX-0266]


INFO     : Module Instance 'system_bridge_bmb_arbiter' input pin 'io_inputs_1_cmd_payload_fragment_data[6]' is tied to constant (=0). [EFX-0266]


INFO     : Module Instance 'system_bridge_bmb_arbiter' input pin 'io_inputs_1_cmd_payload_fragment_data[7]' is tied to constant (=0). [EFX-0266]


INFO     : Module Instance 'system_bridge_bmb_arbiter' input pin 'io_inputs_1_cmd_payload_fragment_data[8]' is tied to constant (=0). [EFX-0266]


INFO     : Module Instance 'system_bridge_bmb_arbiter' input pin 'io_inputs_1_cmd_payload_fragment_data[9]' is tied to constant (=0). [EFX-0266]


INFO     : Module Instance 'system_bridge_bmb_arbiter' input pin 'io_inputs_1_cmd_payload_fragment_data[10]' is tied to constant (=0). [EFX-0266]


INFO     : Module Instance 'system_bridge_bmb_arbiter' input pin 'io_inputs_1_cmd_payload_fragment_data[11]' is tied to constant (=0). [EFX-0266]


INFO     : Module Instance 'system_bridge_bmb_arbiter' input pin 'io_inputs_1_cmd_payload_fragment_data[12]' is tied to constant (=0). [EFX-0266]


INFO     : Module Instance 'system_bridge_bmb_arbiter' input pin 'io_inputs_1_cmd_payload_fragment_data[13]' is tied to constant (=0). [EFX-0266]


INFO     : Module Instance 'system_bridge_bmb_arbiter' input pin 'io_inputs_1_cmd_payload_fragment_data[14]' is tied to constant (=0). [EFX-0266]


INFO     : Module Instance 'system_bridge_bmb_arbiter' input pin 'io_inputs_1_cmd_payload_fragment_data[15]' is tied to constant (=0). [EFX-0266]


INFO     : Module Instance 'system_bridge_bmb_arbiter' input pin 'io_inputs_1_cmd_payload_fragment_data[16]' is tied to constant (=0). [EFX-0266]


INFO     : Module Instance 'system_bridge_bmb_arbiter' input pin 'io_inputs_1_cmd_payload_fragment_data[17]' is tied to constant (=0). [EFX-0266]


INFO     : Module Instance 'system_bridge_bmb_arbiter' input pin 'io_inputs_1_cmd_payload_fragment_data[18]' is tied to constant (=0). [EFX-0266]


INFO     : Module Instance 'system_bridge_bmb_arbiter' input pin 'io_inputs_1_cmd_payload_fragment_data[19]' is tied to constant (=0). [EFX-0266]


INFO     : Module Instance 'system_bridge_bmb_arbiter' input pin 'io_inputs_1_cmd_payload_fragment_data[20]' is tied to constant (=0). [EFX-0266]


INFO     : Module Instance 'system_bridge_bmb_arbiter' input pin 'io_inputs_1_cmd_payload_fragment_data[21]' is tied to constant (=0). [EFX-0266]


INFO     : Module Instance 'system_bridge_bmb_arbiter' input pin 'io_inputs_1_cmd_payload_fragment_data[22]' is tied to constant (=0). [EFX-0266]


INFO     : Module Instance 'system_bridge_bmb_arbiter' input pin 'io_inputs_1_cmd_payload_fragment_data[23]' is tied to constant (=0). [EFX-0266]


INFO     : Module Instance 'system_bridge_bmb_arbiter' input pin 'io_inputs_1_cmd_payload_fragment_data[24]' is tied to constant (=0). [EFX-0266]


INFO     : Module Instance 'system_bridge_bmb_arbiter' input pin 'io_inputs_1_cmd_payload_fragment_data[25]' is tied to constant (=0). [EFX-0266]


INFO     : Module Instance 'system_bridge_bmb_arbiter' input pin 'io_inputs_1_cmd_payload_fragment_data[26]' is tied to constant (=0). [EFX-0266]


INFO     : Module Instance 'system_bridge_bmb_arbiter' input pin 'io_inputs_1_cmd_payload_fragment_data[27]' is tied to constant (=0). [EFX-0266]


INFO     : Module Instance 'system_bridge_bmb_arbiter' input pin 'io_inputs_1_cmd_payload_fragment_data[28]' is tied to constant (=0). [EFX-0266]


INFO     : Module Instance 'system_bridge_bmb_arbiter' input pin 'io_inputs_1_cmd_payload_fragment_data[29]' is tied to constant (=0). [EFX-0266]


INFO     : Module Instance 'system_bridge_bmb_arbiter' input pin 'io_inputs_1_cmd_payload_fragment_data[30]' is tied to constant (=0). [EFX-0266]


INFO     : Module Instance 'system_bridge_bmb_arbiter' input pin 'io_inputs_1_cmd_payload_fragment_data[31]' is tied to constant (=0). [EFX-0266]


INFO     : Module Instance 'system_bridge_bmb_arbiter' input pin 'io_inputs_1_cmd_payload_fragment_mask[0]' is tied to constant (=0). [EFX-0266]


INFO     : Module Instance 'system_bridge_bmb_arbiter' input pin 'io_inputs_1_cmd_payload_fragment_mask[1]' is tied to constant (=0). [EFX-0266]


INFO     : Module Instance 'system_bridge_bmb_arbiter' input pin 'io_inputs_1_cmd_payload_fragment_mask[2]' is tied to constant (=0). [EFX-0266]


INFO     : Module Instance 'system_bridge_bmb_arbiter' input pin 'io_inputs_1_cmd_payload_fragment_mask[3]' is tied to constant (=0). [EFX-0266]


INFO     : Module Instance 'u_micro_risc_v1' input pin 'jtagCtrl_enable' is tied to constant (=1). [EFX-0266]


INFO     : ... Pre-synthesis checks end (Real time : 0s CPU user time : 1s CPU sys time : 0s MEM : 269936KB)


INFO     : ... NameSpace init begin


INFO     : ... NameSpace init end (Real time : 0s CPU user time : 1s CPU sys time : 0s MEM : 269936KB)


INFO     : ... Mapping design "top_level"


INFO     : ... Hierarchical pre-synthesis "InstructionCache_2fa2c88f3c1f4868ba7cd09620d007ba" begin


INFO     : ... Hierarchical pre-synthesis "InstructionCache_2fa2c88f3c1f4868ba7cd09620d007ba" end (Real time : 0s CPU user time : 1s CPU sys time : 0s MEM : 269936KB)


INFO     : ... Hierarchical pre-synthesis "DataCache_2fa2c88f3c1f4868ba7cd09620d007ba" begin


INFO     : ... Hierarchical pre-synthesis "DataCache_2fa2c88f3c1f4868ba7cd09620d007ba" end (Real time : 0s CPU user time : 1s CPU sys time : 0s MEM : 269936KB)


INFO     : ... Hierarchical pre-synthesis "BufferCC_2fa2c88f3c1f4868ba7cd09620d007ba" begin


INFO     : ... Hierarchical pre-synthesis "BufferCC_2fa2c88f3c1f4868ba7cd09620d007ba" end (Real time : 0s CPU user time : 1s CPU sys time : 0s MEM : 269936KB)


INFO     : ... Hierarchical pre-synthesis "EfxCPUSp1_2fa2c88f3c1f4868ba7cd09620d007ba" begin


INFO     : ... Hierarchical pre-synthesis "EfxCPUSp1_2fa2c88f3c1f4868ba7cd09620d007ba" end (Real time : 0s CPU user time : 1s CPU sys time : 0s MEM : 269936KB)


INFO     : ... Hierarchical pre-synthesis "VexRiscv_2fa2c88f3c1f4868ba7cd09620d007ba" begin


INFO     : ... Hierarchical pre-synthesis "VexRiscv_2fa2c88f3c1f4868ba7cd09620d007ba" end (Real time : 1s CPU user time : 2s CPU sys time : 0s MEM : 269936KB)


INFO     : ... Hierarchical pre-synthesis "DebugModule_2fa2c88f3c1f4868ba7cd09620d007ba" begin


INFO     : ... Hierarchical pre-synthesis "DebugModule_2fa2c88f3c1f4868ba7cd09620d007ba" end (Real time : 0s CPU user time : 2s CPU sys time : 0s MEM : 269936KB)


INFO     : ... Hierarchical pre-synthesis "BufferCC_5_2fa2c88f3c1f4868ba7cd09620d007ba" begin


INFO     : ... Hierarchical pre-synthesis "BufferCC_5_2fa2c88f3c1f4868ba7cd09620d007ba" end (Real time : 0s CPU user time : 2s CPU sys time : 0s MEM : 269936KB)


INFO     : ... Hierarchical pre-synthesis "BufferCC_6_2fa2c88f3c1f4868ba7cd09620d007ba" begin


INFO     : ... Hierarchical pre-synthesis "BufferCC_6_2fa2c88f3c1f4868ba7cd09620d007ba" end (Real time : 0s CPU user time : 2s CPU sys time : 0s MEM : 269936KB)


INFO     : ... Hierarchical pre-synthesis "BufferCC_8_2fa2c88f3c1f4868ba7cd09620d007ba" begin


INFO     : ... Hierarchical pre-synthesis "BufferCC_8_2fa2c88f3c1f4868ba7cd09620d007ba" end (Real time : 0s CPU user time : 2s CPU sys time : 0s MEM : 269936KB)


INFO     : ... Hierarchical pre-synthesis "BufferCC_1_2fa2c88f3c1f4868ba7cd09620d007ba" begin


INFO     : ... Hierarchical pre-synthesis "BufferCC_1_2fa2c88f3c1f4868ba7cd09620d007ba" end (Real time : 0s CPU user time : 2s CPU sys time : 0s MEM : 269936KB)


INFO     : ... Hierarchical pre-synthesis "FlowCCByToggle_2fa2c88f3c1f4868ba7cd09620d007ba" begin


INFO     : ... Hierarchical pre-synthesis "FlowCCByToggle_2fa2c88f3c1f4868ba7cd09620d007ba" end (Real time : 0s CPU user time : 2s CPU sys time : 0s MEM : 269936KB)


INFO     : ... Hierarchical pre-synthesis "BufferCC_2_2fa2c88f3c1f4868ba7cd09620d007ba" begin


INFO     : ... Hierarchical pre-synthesis "BufferCC_2_2fa2c88f3c1f4868ba7cd09620d007ba" end (Real time : 0s CPU user time : 2s CPU sys time : 0s MEM : 269936KB)


INFO     : ... Hierarchical pre-synthesis "BufferCC_3_2fa2c88f3c1f4868ba7cd09620d007ba" begin


INFO     : ... Hierarchical pre-synthesis "BufferCC_3_2fa2c88f3c1f4868ba7cd09620d007ba" end (Real time : 0s CPU user time : 2s CPU sys time : 0s MEM : 269936KB)


INFO     : ... Hierarchical pre-synthesis "FlowCCByToggle_1_2fa2c88f3c1f4868ba7cd09620d007ba" begin


INFO     : ... Hierarchical pre-synthesis "FlowCCByToggle_1_2fa2c88f3c1f4868ba7cd09620d007ba" end (Real time : 0s CPU user time : 2s CPU sys time : 0s MEM : 269936KB)


INFO     : ... Hierarchical pre-synthesis "DebugTransportModuleTunneled_2fa2c88f3c1f4868ba7cd09620d007ba" begin


INFO     : ... Hierarchical pre-synthesis "DebugTransportModuleTunneled_2fa2c88f3c1f4868ba7cd09620d007ba" end (Real time : 0s CPU user time : 2s CPU sys time : 0s MEM : 269936KB)


INFO     : ... Hierarchical pre-synthesis "BmbDecoder_2fa2c88f3c1f4868ba7cd09620d007ba" begin


INFO     : ... Hierarchical pre-synthesis "BmbDecoder_2fa2c88f3c1f4868ba7cd09620d007ba" end (Real time : 0s CPU user time : 2s CPU sys time : 0s MEM : 269936KB)


INFO     : ... Hierarchical pre-synthesis "StreamArbiter_2fa2c88f3c1f4868ba7cd09620d007ba" begin


INFO     : ... Hierarchical pre-synthesis "StreamArbiter_2fa2c88f3c1f4868ba7cd09620d007ba" end (Real time : 0s CPU user time : 2s CPU sys time : 0s MEM : 269936KB)


INFO     : ... Hierarchical pre-synthesis "BmbArbiter_2fa2c88f3c1f4868ba7cd09620d007ba" begin


INFO     : ... Hierarchical pre-synthesis "BmbArbiter_2fa2c88f3c1f4868ba7cd09620d007ba" end (Real time : 0s CPU user time : 2s CPU sys time : 0s MEM : 269936KB)


INFO     : ... Hierarchical pre-synthesis "BmbDecoder_1_2fa2c88f3c1f4868ba7cd09620d007ba" begin


INFO     : ... Hierarchical pre-synthesis "BmbDecoder_1_2fa2c88f3c1f4868ba7cd09620d007ba" end (Real time : 0s CPU user time : 2s CPU sys time : 0s MEM : 269936KB)


INFO     : ... Hierarchical pre-synthesis "BmbOnChipRam_2fa2c88f3c1f4868ba7cd09620d007ba" begin


INFO     : ... Hierarchical pre-synthesis "BmbOnChipRam_2fa2c88f3c1f4868ba7cd09620d007ba" end (Real time : 0s CPU user time : 2s CPU sys time : 0s MEM : 269936KB)


INFO     : ... Hierarchical pre-synthesis "BmbUnburstify_2fa2c88f3c1f4868ba7cd09620d007ba" begin


INFO     : ... Hierarchical pre-synthesis "BmbUnburstify_2fa2c88f3c1f4868ba7cd09620d007ba" end (Real time : 0s CPU user time : 2s CPU sys time : 0s MEM : 269936KB)


INFO     : ... Hierarchical pre-synthesis "BmbDecoder_2_2fa2c88f3c1f4868ba7cd09620d007ba" begin


INFO     : ... Hierarchical pre-synthesis "BmbDecoder_2_2fa2c88f3c1f4868ba7cd09620d007ba" end (Real time : 0s CPU user time : 2s CPU sys time : 0s MEM : 269936KB)


INFO     : ... Hierarchical pre-synthesis "BmbClint_2fa2c88f3c1f4868ba7cd09620d007ba" begin


INFO     : ... Hierarchical pre-synthesis "BmbClint_2fa2c88f3c1f4868ba7cd09620d007ba" end (Real time : 0s CPU user time : 2s CPU sys time : 0s MEM : 269936KB)


INFO     : ... Hierarchical pre-synthesis "UartCtrlTx_2fa2c88f3c1f4868ba7cd09620d007ba" begin


INFO     : ... Hierarchical pre-synthesis "UartCtrlTx_2fa2c88f3c1f4868ba7cd09620d007ba" end (Real time : 0s CPU user time : 2s CPU sys time : 0s MEM : 269936KB)


INFO     : ... Hierarchical pre-synthesis "BufferCC_4_2fa2c88f3c1f4868ba7cd09620d007ba" begin


INFO     : ... Hierarchical pre-synthesis "BufferCC_4_2fa2c88f3c1f4868ba7cd09620d007ba" end (Real time : 0s CPU user time : 2s CPU sys time : 0s MEM : 269936KB)


INFO     : ... Hierarchical pre-synthesis "UartCtrlRx_2fa2c88f3c1f4868ba7cd09620d007ba" begin


INFO     : ... Hierarchical pre-synthesis "UartCtrlRx_2fa2c88f3c1f4868ba7cd09620d007ba" end (Real time : 0s CPU user time : 2s CPU sys time : 0s MEM : 269936KB)


INFO     : ... Hierarchical pre-synthesis "UartCtrl_2fa2c88f3c1f4868ba7cd09620d007ba" begin


INFO     : ... Hierarchical pre-synthesis "UartCtrl_2fa2c88f3c1f4868ba7cd09620d007ba" end (Real time : 0s CPU user time : 2s CPU sys time : 0s MEM : 269936KB)


INFO     : ... Hierarchical pre-synthesis "StreamFifo_2fa2c88f3c1f4868ba7cd09620d007ba" begin


INFO     : ... Hierarchical pre-synthesis "StreamFifo_2fa2c88f3c1f4868ba7cd09620d007ba" end (Real time : 0s CPU user time : 2s CPU sys time : 0s MEM : 269936KB)


INFO     : ... Hierarchical pre-synthesis "BmbUartCtrl_2fa2c88f3c1f4868ba7cd09620d007ba" begin


INFO     : ... Hierarchical pre-synthesis "BmbUartCtrl_2fa2c88f3c1f4868ba7cd09620d007ba" end (Real time : 0s CPU user time : 2s CPU sys time : 0s MEM : 269936KB)


INFO     : ... Hierarchical pre-synthesis "BmbGpio2_2fa2c88f3c1f4868ba7cd09620d007ba" begin


INFO     : ... Hierarchical pre-synthesis "BmbGpio2_2fa2c88f3c1f4868ba7cd09620d007ba" end (Real time : 0s CPU user time : 2s CPU sys time : 0s MEM : 269936KB)


INFO     : ... Hierarchical pre-synthesis "EfxSapphireSoc_2fa2c88f3c1f4868ba7cd09620d007ba" begin


INFO     : ... Hierarchical pre-synthesis "EfxSapphireSoc_2fa2c88f3c1f4868ba7cd09620d007ba" end (Real time : 1s CPU user time : 3s CPU sys time : 0s MEM : 269936KB)


INFO     : ... Hierarchical pre-synthesis "micro_risc_v1" begin


INFO     : ... Hierarchical pre-synthesis "micro_risc_v1" end (Real time : 0s CPU user time : 4s CPU sys time : 0s MEM : 269936KB)


INFO     : ... Hierarchical pre-synthesis "rmii_udp_tx_top" begin


INFO     : ... Hierarchical pre-synthesis "rmii_udp_tx_top" end (Real time : 0s CPU user time : 4s CPU sys time : 0s MEM : 269936KB)


INFO     : ... Hierarchical pre-synthesis "top_level" begin


WARNING  : Mapping into logic memory block 'u_micro_risc_v1/u_EfxSapphireSoc/system_riscvJtag_debug_logic_dm/logic_progbufX_mem' (64 bits) (/home/olle/efinity_p2/BRAM/ip/micro_risc_v1/micro_risc_v1.v:4949) because size is too small (<=64) [EFX-0657]


INFO     : ... Clock Enable Synthesis Performed on 327 flops.


INFO     : ... Hierarchical pre-synthesis "top_level" end (Real time : 1s CPU user time : 5s CPU sys time : 0s MEM : 269936KB)


INFO     : ... Flat optimizations begin


INFO     : ... Flat optimizations end (Real time : 0s CPU user time : 5s CPU sys time : 0s MEM : 269936KB)


INFO     : ... Flat synthesis begin


INFO     : ... Flat synthesis end (Real time : 0s CPU user time : 5s CPU sys time : 0s MEM : 269936KB)


INFO     : ... Flat optimizations begin


INFO     : ... Flat optimizations end (Real time : 0s CPU user time : 5s CPU sys time : 0s MEM : 269936KB)


INFO     : ... Check and break combinational loops begin


INFO     : ... Check and break combinational loops end (Real time : 0s CPU user time : 5s CPU sys time : 0s MEM : 269936KB)


INFO     : ... Sequential Optimization begin


INFO     : ... Clock Network 'pll_clk' with 2314 loads will be considered for sequential optimization.


INFO     : ... Clock Network 'jtag_dummy_TCK' with 221 loads will be considered for sequential optimization.


INFO     : ... Clock Network 'clk' with 117 loads will be considered for sequential optimization.


INFO     : ... Sequential Optimization deduced 469 equivalent points.


INFO     : ... Sequential Optimization end (Real time : 15s CPU user time : 21s CPU sys time : 0s MEM : 269936KB)


INFO     : ... Setup for logic synthesis begin


INFO     : ... Setup for logic synthesis end (Real time : 0s CPU user time : 21s CPU sys time : 0s MEM : 269936KB)


INFO     : ... LUT mapping begin


INFO     : ... LS, strategy: 3, nd: 3418, ed: 11327, lv: 7, pw: 6328.74


INFO     : ... LUT mapping end (Real time : 12s CPU user time : 35s CPU sys time : 0s MEM : 269936KB)


INFO     : ... Post-synthesis Verific netlist creation begin


INFO     : ... Post-synthesis Verific netlist creation end (Real time : 0s CPU user time : 35s CPU sys time : 0s MEM : 269936KB)


INFO     : ... Postmap Retiming Optimization begin


INFO     : ... Clock Network 'pll_clk~pll_clk' with 2301 loads will be considered for retiming optimization.


INFO     : ... Clock Network 'jtag_dummy_TCK~jtag_dummy_TCK' with 220 loads will be considered for retiming optimization.


INFO     : ... Clock Network 'clk~clk' with 116 loads will be considered for retiming optimization.


INFO     : ... Performed 2 retime moves.


INFO     : ... Postmap Retiming Optimization end (Real time : 14s CPU user time : 49s CPU sys time : 0s MEM : 269936KB)


INFO     : ***** Beginning VDB Netlist Checker ... *****


WARNING  : /home/olle/efinity_p2/BRAM/top_level.vhd(11): Input/inout port phy_intr_n is unconnected and will be removed. [VDB-8003]


WARNING  : /home/olle/efinity_p2/BRAM/top_level.vhd(16): Input/inout port rmii_crs_dv is unconnected and will be removed. [VDB-8003]


WARNING  : /home/olle/efinity_p2/BRAM/top_level.vhd(17): Input/inout port rmii_rx_er is unconnected and will be removed. [VDB-8003]


WARNING  : /home/olle/efinity_p2/BRAM/top_level.vhd(18): Input/inout port rmii_rxd[1] is unconnected and will be removed. [VDB-8003]


WARNING  : /home/olle/efinity_p2/BRAM/top_level.vhd(21): Input/inout port mdio_i is unconnected and will be removed. [VDB-8003]


WARNING  : /home/olle/efinity_p2/BRAM/top_level.vhd(29): Input/inout port jtag_dummy_TMS is unconnected and will be removed. [VDB-8003]


WARNING  : /home/olle/efinity_p2/BRAM/top_level.vhd(30): Input/inout port jtag_dummy_SEL is unconnected and will be removed. [VDB-8003]


WARNING  : /home/olle/efinity_p2/BRAM/top_level.vhd(31): Input/inout port jtag_dummy_DRCK is unconnected and will be removed. [VDB-8003]


WARNING  : /home/olle/efinity_p2/BRAM/top_level.vhd(33): Input/inout port jtag_dummy_RUNTEST is unconnected and will be removed. [VDB-8003]


WARNING  : /home/olle/efinity_p2/BRAM/top_level.vhd(38): Input/inout port led4 is unconnected and will be removed. [VDB-8003]


WARNING  : Net u_micro_risc_v1/u_EfxSapphireSoc/system_cores_0_logic_cpu/IBusCachedPlugin_cache/lineLoader_address[0] is dangling. [VDB-8009]


WARNING  : Net u_micro_risc_v1/u_EfxSapphireSoc/system_cores_0_logic_cpu/IBusCachedPlugin_cache/lineLoader_address[1] is dangling. [VDB-8009]


WARNING  : Net u_micro_risc_v1/u_EfxSapphireSoc/system_cores_0_logic_cpu/IBusCachedPlugin_cache/lineLoader_address[2] is dangling. [VDB-8009]


WARNING  : Net u_micro_risc_v1/u_EfxSapphireSoc/system_cores_0_logic_cpu/IBusCachedPlugin_cache/lineLoader_address[3] is dangling. [VDB-8009]


WARNING  : Net u_micro_risc_v1/u_EfxSapphireSoc/system_cores_0_logic_cpu/IBusCachedPlugin_cache/lineLoader_address[4] is dangling. [VDB-8009]


WARNING  : Net u_micro_risc_v1/u_EfxSapphireSoc/system_cores_0_logic_cpu/IBusCachedPlugin_cache/lineLoader_address[5] is dangling. [VDB-8009]


WARNING  : Found 17 warnings in the post-synthesis netlist.


INFO     : VDB Netlist Checker took 0.0216213 seconds.


INFO     : 	VDB Netlist Checker took 0.04 seconds (approximately) in total CPU time.


INFO     : VDB Netlist Checker virtual memory usage: begin = 312.868 MB, end = 312.868 MB, delta = 0 MB


INFO     : VDB Netlist Checker resident set memory usage: begin = 223.376 MB, end = 223.376 MB, delta = 0 MB


INFO     : 	VDB Netlist Checker peak resident set memory usage = 269.936 MB


INFO     : ***** Ending VDB Netlist Checker ... *****


INFO     : Resource Summary 


INFO     : =============================== 


INFO     : EFX_ADD         : 	331


INFO     : EFX_LUT4        : 	3417


INFO     : EFX_FF          : 	2655


INFO     : EFX_RAM_5K      : 	40


INFO     : EFX_GBUFCE      : 	3


INFO     : =============================== 


INFO     : ... Post-Map Verilog Writer begin


INFO     : Writing netlist 'top_level' to Verilog file '/home/olle/efinity_p2/BRAM/outflow/BRAM.map.v' [VDB-1030]


INFO     : ... Post-Map Verilog Writer end (Real time : 1s CPU user time : 50s CPU sys time : 0s MEM : 269936KB)


INFO     : The entire flow of EFX_MAP took 47.2515 seconds.


INFO     : 	The entire flow of EFX_MAP took 50.15 seconds (approximately) in total CPU time.


INFO     : The entire flow of EFX_MAP virtual memory usage: begin = 88.4 MB, end = 312.868 MB, delta = 224.468 MB


INFO     : The entire flow of EFX_MAP resident set memory usage: begin = 27.392 MB, end = 223.504 MB, delta = 196.112 MB


INFO     : 	The entire flow of EFX_MAP peak resident set memory usage = 269.936 MB


Wed August 20 25 19:40:39 - /home/olle/efinix/efinity/2025.1/bin/efx_map finished. Exit code = 0 Exit status : Normal

Running synthesis flow done.

Wed August 20 25 19:40:39 - Start Debugger Flow



-------------------------------------------------------------------------

Debugger

-------------------------------------------------------------------------

Wed August 20 25 19:40:39 - Debugger flow working directory is /home/olle/efinity_p2/BRAM/work_syn


INFO     : --max_threads set to 4 

--------------------------------------------------------------

Start Debugger Step Generate Debugger Cores.

Wed August 20 25 19:40:40 - /home/olle/efinix/efinity/2025.1/bin/python3  -m "efx_dbg.DbgWizard" --device  "T20F169" --family  "Trion" --in_profile_name  "/home/olle/efinity_p2/BRAM/debug_profile.wizard.json" --out_dbg_vdb  "debug_top.post.vdb" --out_profile_name  "/home/olle/efinity_p2/BRAM/debug_profile.wizard.json" --out_dir  "work_dbg"

Wed August 20 25 19:40:40 - Running /home/olle/efinix/efinity/2025.1/bin/python3...

Wed August 20 25 19:40:40 - /home/olle/efinix/efinity/2025.1/bin/python3 finished. Exit code = 0 Exit status : Normal

Debugger Step Generate Debugger Cores. Done

--------------------------------------------------------------

--------------------------------------------------------------

Start Debugger Step Compile Debugger Cores.

Wed August 20 25 19:40:40 - /home/olle/efinix/efinity/2025.1/bin/efx_map  --allow-const-ram-index "0" --blackbox-error "1" --blast_const_operand_adders "1" --bram_output_regs_packing "1" --bram-push-tco-outreg "0" --create-onehot-fsms "0" --fanout-limit "0" --hdl-compile-unit "1" --hdl-loop-limit "20000" --infer-clk-enable "3" --infer-sync-set-reset "1" --enable-mark-debug "1" --max_ram "-1" --max_mult "-1" --max-bit-blast-mem-size "10240" --min-sr-fanout "0" --min-ce-fanout "0" --mode "speed" --mult-auto-pipeline "0" --mult-decomp-retime "0" --operator-sharing "0" --optimize-adder-tree "0" --optimize-zero-init-rom "1" --peri-syn-instantiation "0" --peri-syn-inference "0" --ram-decomp-mode "0" --retiming "1" --seq_opt "1" --seq-opt-sync-only "0" --use-logic-for-small-mem "64" --use-logic-for-small-rom "64" --max_threads "-1" --mult_input_regs_packing "1" --mult_output_regs_packing "1" --I "/home/olle/efinity_p2/BRAM" --I "/home/olle/efinity_p2/BRAM/ip/BRAM_8192_bytes" --I "/home/olle/efinity_p2/BRAM/ip/micro_risc_v1" --family "Trion" --device "T20F169" --root "edb_top" --v "/home/olle/efinity_p2/BRAM/work_dbg/debug_top.v" --write-postmap-module "/home/olle/efinity_p2/BRAM/work_dbg/debug_top.post.vdb" --gen-mark-debug-json "0" --work-dir "/home/olle/efinity_p2/BRAM/work_dbg" --output-dir "/home/olle/efinity_p2/BRAM/outflow"

Wed August 20 25 19:40:40 - Running /home/olle/efinix/efinity/2025.1/bin/efx_map...

INFO     : Efinix FPGA Synthesis.
INFO     : Version: 2025.1.110.2.15
INFO     : Compiled: Jun 21 2025.
INFO     : 
INFO     : Copyright (C) 2013 - 2025 Efinix, Inc. All rights reserved.


INFO     : Analyzing Verilog file '/home/olle/efinix/efinity/2025.1/sim_models/maplib/efinix_peri_lib.v' [VERI-1482]
INFO     : /home/olle/efinix/efinity/2025.1/sim_models/maplib/efinix_peri_lib.v(8): compiling module 'EFX_IBUF' [VERI-1018]
INFO     : /home/olle/efinix/efinity/2025.1/sim_models/maplib/efinix_peri_lib.v(16): compiling module 'EFX_OBUF' [VERI-1018]
INFO     : /home/olle/efinix/efinity/2025.1/sim_models/maplib/efinix_peri_lib.v(23): compiling module 'EFX_IO_BUF' [VERI-1018]
INFO     : /home/olle/efinix/efinity/2025.1/sim_models/maplib/efinix_peri_lib.v(33): compiling module 'EFX_CLKOUT' [VERI-1018]
INFO     : /home/olle/efinix/efinity/2025.1/sim_models/maplib/efinix_peri_lib.v(41): compiling module 'EFX_IREG' [VERI-1018]
INFO     : /home/olle/efinix/efinity/2025.1/sim_models/maplib/efinix_peri_lib.v(51): compiling module 'EFX_OREG' [VERI-1018]
INFO     : /home/olle/efinix/efinity/2025.1/sim_models/maplib/efinix_peri_lib.v(60): compiling module 'EFX_IOREG' [VERI-1018]
INFO     : /home/olle/efinix/efinity/2025.1/sim_models/maplib/efinix_peri_lib.v(75): compiling module 'EFX_IDDIO' [VERI-1018]
INFO     : /home/olle/efinix/efinity/2025.1/sim_models/maplib/efinix_peri_lib.v(87): compiling module 'EFX_ODDIO' [VERI-1018]

INFO     : /home/olle/efinix/efinity/2025.1/sim_models/maplib/efinix_peri_lib.v(99): compiling module 'EFX_GPIO_V1' [VERI-1018]
INFO     : /home/olle/efinix/efinity/2025.1/sim_models/maplib/efinix_peri_lib.v(124): compiling module 'EFX_GPIO_V2' [VERI-1018]
INFO     : /home/olle/efinix/efinity/2025.1/sim_models/maplib/efinix_peri_lib.v(149): compiling module 'EFX_GPIO_V3' [VERI-1018]
INFO     : /home/olle/efinix/efinity/2025.1/sim_models/maplib/efinix_peri_lib.v(186): compiling module 'EFX_PLL_V1' [VERI-1018]
INFO     : /home/olle/efinix/efinity/2025.1/sim_models/maplib/efinix_peri_lib.v(205): compiling module 'EFX_PLL_V2' [VERI-1018]
INFO     : /home/olle/efinix/efinity/2025.1/sim_models/maplib/efinix_peri_lib.v(231): compiling module 'EFX_PLL_V3' [VERI-1018]
INFO     : /home/olle/efinix/efinity/2025.1/sim_models/maplib/efinix_peri_lib.v(279): compiling module 'EFX_OSC_V1' [VERI-1018]
INFO     : /home/olle/efinix/efinity/2025.1/sim_models/maplib/efinix_peri_lib.v(285): compiling module 'EFX_OSC_V3' [VERI-1018]
INFO     : /home/olle/efinix/efinity/2025.1/sim_models/maplib/efinix_peri_lib.v(294): compiling module 'EFX_FPLL_V1' [VERI-1018]
INFO     : /home/olle/efinix/efinity/2025.1/sim_models/maplib/efinix_peri_lib.v(348): compiling module 'EFX_JTAG_V1' [VERI-1018]
INFO     : /home/olle/efinix/efinity/2025.1/sim_models/maplib/efinix_peri_lib.v(357): compiling module 'EFX_JTAG_CTRL' [VERI-1018]
INFO     : /home/olle/efinix/efinity/2025.1/sim_models/maplib/efinix_peri_lib.v(364): compiling module 'EFX_LVDS_RX_V1' [VERI-1018]
INFO     : /home/olle/efinix/efinity/2025.1/sim_models/maplib/efinix_peri_lib.v(381): compiling module 'EFX_LVDS_TX_V1' [VERI-1018]
INFO     : /home/olle/efinix/efinity/2025.1/sim_models/maplib/efinix_peri_lib.v(399): compiling module 'EFX_LVDS_RX_V2' [VERI-1018]
INFO     : /home/olle/efinix/efinity/2025.1/sim_models/maplib/efinix_peri_lib.v(426): compiling module 'EFX_LVDS_TX_V2' [VERI-1018]
INFO     : /home/olle/efinix/efinity/2025.1/sim_models/maplib/efinix_peri_lib.v(446): compiling module 'EFX_LVDS_BIDIR_V2' [VERI-1018]
INFO     : ***** Beginning Analysis ... *****
INFO     : default VHDL library search path is now "/home/olle/efinix/efinity/2025.1/sim_models/vhdl/packages/vhdl_2008" [VHDL-1504]
INFO     : Analyzing Verilog file '/home/olle/efinix/efinity/2025.1/sim_models/maplib/efinix_maplib.v' [VERI-1482]
INFO     : Analyzing Verilog file '/home/olle/efinix/efinity/2025.1/sim_models/maplib/efinix_peri_lib.v' [VERI-1482]
INFO     : Analyzing Verilog file '/home/olle/efinix/efinity/2025.1/sim_models/maplib/efinix_maplib.v' [VERI-1482]

INFO     : Analyzing Verilog file '/home/olle/efinix/efinity/2025.1/sim_models/maplib/efinix_peri_lib.v' [VERI-1482]
INFO     : Analyzing Verilog file '/home/olle/efinity_p2/BRAM/work_dbg/debug_top.v' [VERI-1482]

INFO     : /home/olle/efinity_p2/BRAM/work_dbg/debug_top.v(4424): undeclared symbol 'la_capture_mask', assumed default net type 'wire' [VERI-2561]

INFO     : /home/olle/efinity_p2/BRAM/work_dbg/debug_top.v(4794): undeclared symbol 'next_segment_pointer_eq', assumed default net type 'wire' [VERI-2561]
INFO     : /home/olle/efinity_p2/BRAM/work_dbg/debug_top.v(4795): undeclared symbol 'next_segment_msb_xor', assumed default net type 'wire' [VERI-2561]
INFO     : Analysis took 0.0618376 seconds.
INFO     : 	Analysis took 0.06 seconds (approximately) in total CPU time.
INFO     : Analysis virtual memory usage: begin = 124.56 MB, end = 127.632 MB, delta = 3.072 MB
INFO     : Analysis resident set memory usage: begin = 71.424 MB, end = 75.008 MB, delta = 3.584 MB
INFO     : 	Analysis peak resident set memory usage = 270.272 MB
INFO     : ***** Ending Analysis ... *****
INFO     : ***** Beginning Elaboration ... *****
WARNING  : /home/olle/efinity_p2/BRAM/work_dbg/debug_top.v(138): port 'probe9' remains unconnected for this instance [VERI-1927]
INFO     : /home/olle/efinity_p2/BRAM/work_dbg/debug_top.v(10): compiling module 'edb_top' [VERI-1018]

INFO     : /home/olle/efinity_p2/BRAM/work_dbg/debug_top.v(524): compiling module 'edb_la_top_renamed_due_excessive_length_1' [VERI-1018]

INFO     : /home/olle/efinity_p2/BRAM/work_dbg/debug_top.v(213): compiling module 'edb_adbg_crc32' [VERI-1018]

INFO     : /home/olle/efinity_p2/BRAM/work_dbg/debug_top.v(5525): compiling module 'compare_unit(WIDTH=11'b01,PIPE=1)' [VERI-1018]

INFO     : /home/olle/efinity_p2/BRAM/work_dbg/debug_top.v(5525): compiling module 'compare_unit(WIDTH=11'b011010,PIPE=1)' [VERI-1018]

INFO     : /home/olle/efinity_p2/BRAM/work_dbg/debug_top.v(5525): compiling module 'compare_unit(WIDTH=11'b010000,PIPE=1)' [VERI-1018]

INFO     : /home/olle/efinity_p2/BRAM/work_dbg/debug_top.v(5525): compiling module 'compare_unit(WIDTH=11'b011,PIPE=1)' [VERI-1018]

INFO     : /home/olle/efinity_p2/BRAM/work_dbg/debug_top.v(5525): compiling module 'compare_unit(WIDTH=11'b010,PIPE=1)' [VERI-1018]

INFO     : /home/olle/efinity_p2/BRAM/work_dbg/debug_top.v(5525): compiling module 'compare_unit(WIDTH=11'b0100000,PIPE=1)' [VERI-1018]
INFO     : /home/olle/efinity_p2/BRAM/work_dbg/debug_top.v(5730): compiling module 'trigger_unit(WIDTH=32'b01001,PIPE=1)' [VERI-1018]
INFO     : /home/olle/efinity_p2/BRAM/work_dbg/debug_top.v(5855): compiling module 'trigger_skipper' [VERI-1018]

INFO     : /home/olle/efinity_p2/BRAM/work_dbg/debug_top.v(4871): compiling module 'la_biu(CAPTURE_WIDTH=32'b01010011)' [VERI-1018]
INFO     : /home/olle/efinity_p2/BRAM/work_dbg/debug_top.v(4613): compiling module 'fifo_with_read(DATA_WIDTH=32'b01010100)' [VERI-1018]
INFO     : /home/olle/efinity_p2/BRAM/work_dbg/debug_top.v(4563): compiling module 'fifo_address_trancode_unit' [VERI-1018]

INFO     : /home/olle/efinity_p2/BRAM/work_dbg/debug_top.v(434): compiling module 'edb_simple_dual_port_ram(DATA_WIDTH=32'b01010100,ADDR_WIDTH=10,RAM_INIT_FILE="")' [VERI-1018]
INFO     : /home/olle/efinity_p2/BRAM/work_dbg/debug_top.v(449): extracting RAM for identifier 'ram' [VERI-2571]

INFO     : /home/olle/efinity_p2/BRAM/work_dbg/debug_top.v(291): compiling module 'debug_hub' [VERI-1018]
WARNING  : /home/olle/efinity_p2/BRAM/work_dbg/debug_top.v(108): input port 'probe9[0]' remains unconnected for this instance [VDB-1053]
INFO     : Elaboration took 0.380706 seconds.
INFO     : 	Elaboration took 0.36 seconds (approximately) in total CPU time.
INFO     : Elaboration virtual memory usage: begin = 127.632 MB, end = 152.208 MB, delta = 24.576 MB
INFO     : Elaboration resident set memory usage: begin = 75.008 MB, end = 100.608 MB, delta = 25.6 MB
INFO     : 	Elaboration peak resident set memory usage = 270.272 MB
INFO     : ***** Ending Elaboration ... *****
INFO     : ... Setting Synthesis Option: mode=speed
INFO     : ***** Beginning Reading Mapping Library ... *****
INFO     : Analyzing Verilog file '/home/olle/efinix/efinity/2025.1/sim_models/maplib/efinix_maplib.v' [VERI-1482]

INFO     : /home/olle/efinix/efinity/2025.1/sim_models/maplib/efinix_maplib.v(8): compiling module 'EFX_ADD' [VERI-1018]
INFO     : /home/olle/efinix/efinity/2025.1/sim_models/maplib/efinix_maplib.v(21): compiling module 'EFX_FF' [VERI-1018]
INFO     : /home/olle/efinix/efinity/2025.1/sim_models/maplib/efinix_maplib.v(38): compiling module 'EFX_COMB4' [VERI-1018]
INFO     : /home/olle/efinix/efinity/2025.1/sim_models/maplib/efinix_maplib.v(48): compiling module 'EFX_GBUFCE' [VERI-1018]
INFO     : /home/olle/efinix/efinity/2025.1/sim_models/maplib/efinix_maplib.v(57): compiling module 'EFX_LUT4' [VERI-1018]
INFO     : /home/olle/efinix/efinity/2025.1/sim_models/maplib/efinix_maplib.v(65): compiling module 'EFX_MULT' [VERI-1018]
INFO     : /home/olle/efinix/efinity/2025.1/sim_models/maplib/efinix_maplib.v(100): compiling module 'EFX_DSP48' [VERI-1018]
INFO     : /home/olle/efinix/efinity/2025.1/sim_models/maplib/efinix_maplib.v(156): compiling module 'EFX_DSP24' [VERI-1018]
INFO     : /home/olle/efinix/efinity/2025.1/sim_models/maplib/efinix_maplib.v(209): compiling module 'EFX_DSP12' [VERI-1018]
INFO     : /home/olle/efinix/efinity/2025.1/sim_models/maplib/efinix_maplib.v(262): compiling module 'EFX_RAM_4K' [VERI-1018]
INFO     : /home/olle/efinix/efinity/2025.1/sim_models/maplib/efinix_maplib.v(322): compiling module 'EFX_RAM_5K' [VERI-1018]
INFO     : /home/olle/efinix/efinity/2025.1/sim_models/maplib/efinix_maplib.v(394): compiling module 'EFX_DPRAM_5K' [VERI-1018]
INFO     : /home/olle/efinix/efinity/2025.1/sim_models/maplib/efinix_maplib.v(499): compiling module 'RAMB5' [VERI-1018]
INFO     : /home/olle/efinix/efinity/2025.1/sim_models/maplib/efinix_maplib.v(561): compiling module 'EFX_RAM_10K' [VERI-1018]
INFO     : /home/olle/efinix/efinity/2025.1/sim_models/maplib/efinix_maplib.v(653): compiling module 'EFX_RAM10' [VERI-1018]
INFO     : /home/olle/efinix/efinity/2025.1/sim_models/maplib/efinix_maplib.v(754): compiling module 'EFX_DPRAM10' [VERI-1018]
INFO     : /home/olle/efinix/efinity/2025.1/sim_models/maplib/efinix_maplib.v(884): compiling module 'EFX_SRL8' [VERI-1018]
INFO     : Reading Mapping Library took 0.0135846 seconds.
INFO     : 	Reading Mapping Library took 0.01 seconds (approximately) in total CPU time.
INFO     : Reading Mapping Library virtual memory usage: begin = 152.208 MB, end = 152.208 MB, delta = 0 MB
INFO     : Reading Mapping Library resident set memory usage: begin = 101.12 MB, end = 101.12 MB, delta = 0 MB
INFO     : 	Reading Mapping Library peak resident set memory usage = 270.272 MB
INFO     : ***** Ending Reading Mapping Library ... *****
INFO     : ... Pre-synthesis checks begin
WARNING  : Removing redundant signal : compared_in[0]. (/home/olle/efinity_p2/BRAM/work_dbg/debug_top.v:5531) [EFX-0200]
WARNING  : Removing redundant signal : mask_in[0]. (/home/olle/efinity_p2/BRAM/work_dbg/debug_top.v:5532) [EFX-0200]
WARNING  : Removing redundant signal : trigger_in. (/home/olle/efinity_p2/BRAM/work_dbg/debug_top.v:5742) [EFX-0200]
INFO     : ... Memory 'ram' is not initialized, assuming empty initial contents. (/home/olle/efinity_p2/BRAM/work_dbg/debug_top.v:449) [EFX-0677]
WARNING  : Removing redundant signal : din[83]. (/home/olle/efinity_p2/BRAM/work_dbg/debug_top.v:4626) [EFX-0200]
WARNING  : Removing redundant signal : shift_i. (/home/olle/efinity_p2/BRAM/work_dbg/debug_top.v:4891) [EFX-0200]
WARNING  : Removing redundant signal : trig_out. (/home/olle/efinity_p2/BRAM/work_dbg/debug_top.v:4908) [EFX-0200]
WARNING  : Removing redundant signal : trig_out_ack. (/home/olle/efinity_p2/BRAM/work_dbg/debug_top.v:4909) [EFX-0200]

WARNING  : Removing redundant signal : bscan_DRCK. (/home/olle/efinity_p2/BRAM/work_dbg/debug_top.v:1057) [EFX-0200]
WARNING  : Removing redundant signal : bscan_RESET. (/home/olle/efinity_p2/BRAM/work_dbg/debug_top.v:1058) [EFX-0200]
WARNING  : Removing redundant signal : bscan_RUNTEST. (/home/olle/efinity_p2/BRAM/work_dbg/debug_top.v:1059) [EFX-0200]
WARNING  : Removing redundant signal : bscan_SEL. (/home/olle/efinity_p2/BRAM/work_dbg/debug_top.v:1060) [EFX-0200]
WARNING  : Removing redundant signal : bscan_TMS. (/home/olle/efinity_p2/BRAM/work_dbg/debug_top.v:1064) [EFX-0200]
WARNING  : Removing redundant signal : trig_in_ack. (/home/olle/efinity_p2/BRAM/work_dbg/debug_top.v:1076) [EFX-0200]
WARNING  : Removing redundant signal : mux_capture_cmp[8]. (/home/olle/efinity_p2/BRAM/work_dbg/debug_top.v:3490) [EFX-0200]
WARNING  : Removing redundant signal : mux_capture_cmp[7]. (/home/olle/efinity_p2/BRAM/work_dbg/debug_top.v:3490) [EFX-0200]
WARNING  : Removing redundant signal : mux_capture_cmp[6]. (/home/olle/efinity_p2/BRAM/work_dbg/debug_top.v:3490) [EFX-0200]
WARNING  : Removing redundant signal : mux_capture_cmp[5]. (/home/olle/efinity_p2/BRAM/work_dbg/debug_top.v:3490) [EFX-0200]
WARNING  : Removing redundant signal : mux_capture_cmp[4]. (/home/olle/efinity_p2/BRAM/work_dbg/debug_top.v:3490) [EFX-0200]
WARNING  : Removing redundant signal : mux_capture_cmp[3]. (/home/olle/efinity_p2/BRAM/work_dbg/debug_top.v:3490) [EFX-0200]
WARNING  : Removing redundant signal : mux_capture_cmp[2]. (/home/olle/efinity_p2/BRAM/work_dbg/debug_top.v:3490) [EFX-0200]
WARNING  : (The above message was generated too many times, subsequent similar messages will be muted.) [EFX-0200]
INFO     : Module Instance 'la0' input pin 'trig_in' is tied to constant (=0). [EFX-0266]
INFO     : Module Instance 'la0' input pin 'trig_out_ack' is tied to constant (=0). [EFX-0266]
WARNING  : Re-wiring to GND non-driven net 'la0.probe9[0]'. (/home/olle/efinity_p2/BRAM/work_dbg/debug_top.v:108) [EFX-0201]
WARNING  : Re-wiring to GND non-driven net 'la0.probe10[0]'. (/home/olle/efinity_p2/BRAM/work_dbg/debug_top.v:108) [EFX-0201]
WARNING  : Re-wiring to GND non-driven net 'la0.probe11[0]'. (/home/olle/efinity_p2/BRAM/work_dbg/debug_top.v:108) [EFX-0201]
WARNING  : Re-wiring to GND non-driven net 'la0.probe12[0]'. (/home/olle/efinity_p2/BRAM/work_dbg/debug_top.v:108) [EFX-0201]
WARNING  : Re-wiring to GND non-driven net 'la0.probe13[0]'. (/home/olle/efinity_p2/BRAM/work_dbg/debug_top.v:108) [EFX-0201]
WARNING  : Re-wiring to GND non-driven net 'la0.probe14[0]'. (/home/olle/efinity_p2/BRAM/work_dbg/debug_top.v:108) [EFX-0201]
WARNING  : Re-wiring to GND non-driven net 'la0.probe15[0]'. (/home/olle/efinity_p2/BRAM/work_dbg/debug_top.v:108) [EFX-0201]
WARNING  : Re-wiring to GND non-driven net 'la0.probe16[0]'. (/home/olle/efinity_p2/BRAM/work_dbg/debug_top.v:108) [EFX-0201]
WARNING  : Re-wiring to GND non-driven net 'la0.probe17[0]'. (/home/olle/efinity_p2/BRAM/work_dbg/debug_top.v:108) [EFX-0201]
WARNING  : Re-wiring to GND non-driven net 'la0.probe18[0]'. (/home/olle/efinity_p2/BRAM/work_dbg/debug_top.v:108) [EFX-0201]
WARNING  : (The above message was generated too many times, subsequent similar messages will be muted.) [EFX-0201]
INFO     : ... Pre-synthesis checks end (Real time : 0s CPU user time : 1s CPU sys time : 0s MEM : 270272KB)
INFO     : ... NameSpace init begin
INFO     : ... NameSpace init end (Real time : 0s CPU user time : 1s CPU sys time : 0s MEM : 270272KB)
INFO     : ... Mapping design "edb_top"
INFO     : ... Hierarchical pre-synthesis "edb_adbg_crc32" begin

INFO     : ... Hierarchical pre-synthesis "edb_adbg_crc32" end (Real time : 0s CPU user time : 1s CPU sys time : 0s MEM : 270272KB)
INFO     : ... Hierarchical pre-synthesis "compare_unit(WIDTH=11'b01,PIPE=1)" begin
INFO     : ... Hierarchical pre-synthesis "compare_unit(WIDTH=11'b01,PIPE=1)" end (Real time : 0s CPU user time : 1s CPU sys time : 0s MEM : 270272KB)
INFO     : ... Hierarchical pre-synthesis "compare_unit(WIDTH=11'b011010,PIPE=1)" begin
INFO     : ... Hierarchical pre-synthesis "compare_unit(WIDTH=11'b011010,PIPE=1)" end (Real time : 0s CPU user time : 1s CPU sys time : 0s MEM : 270272KB)
INFO     : ... Hierarchical pre-synthesis "compare_unit(WIDTH=11'b010000,PIPE=1)" begin
INFO     : ... Hierarchical pre-synthesis "compare_unit(WIDTH=11'b010000,PIPE=1)" end (Real time : 0s CPU user time : 1s CPU sys time : 0s MEM : 270272KB)
INFO     : ... Hierarchical pre-synthesis "compare_unit(WIDTH=11'b011,PIPE=1)" begin
INFO     : ... Hierarchical pre-synthesis "compare_unit(WIDTH=11'b011,PIPE=1)" end (Real time : 0s CPU user time : 1s CPU sys time : 0s MEM : 270272KB)
INFO     : ... Hierarchical pre-synthesis "compare_unit(WIDTH=11'b010,PIPE=1)" begin
INFO     : ... Hierarchical pre-synthesis "compare_unit(WIDTH=11'b010,PIPE=1)" end (Real time : 0s CPU user time : 1s CPU sys time : 0s MEM : 270272KB)
INFO     : ... Hierarchical pre-synthesis "compare_unit(WIDTH=11'b0100000,PIPE=1)" begin

INFO     : ... Hierarchical pre-synthesis "compare_unit(WIDTH=11'b0100000,PIPE=1)" end (Real time : 0s CPU user time : 1s CPU sys time : 0s MEM : 270272KB)
INFO     : ... Hierarchical pre-synthesis "trigger_unit(WIDTH=32'b01001,PIPE=1)" begin
INFO     : ... Hierarchical pre-synthesis "trigger_unit(WIDTH=32'b01001,PIPE=1)" end (Real time : 0s CPU user time : 1s CPU sys time : 0s MEM : 270272KB)
INFO     : ... Hierarchical pre-synthesis "trigger_skipper" begin

INFO     : ... Hierarchical pre-synthesis "trigger_skipper" end (Real time : 0s CPU user time : 1s CPU sys time : 0s MEM : 270272KB)
INFO     : ... Hierarchical pre-synthesis "fifo_address_trancode_unit" begin
INFO     : ... Hierarchical pre-synthesis "fifo_address_trancode_unit" end (Real time : 0s CPU user time : 1s CPU sys time : 0s MEM : 270272KB)
INFO     : ... Hierarchical pre-synthesis "edb_simple_dual_port_ram(DATA_WIDTH=32'b01010100,ADDR_WIDTH=10,RAM_INIT_FILE="")" begin

INFO     : ... Hierarchical pre-synthesis "edb_simple_dual_port_ram(DATA_WIDTH=32'b01010100,ADDR_WIDTH=10,RAM_INIT_FILE="")" end (Real time : 0s CPU user time : 1s CPU sys time : 0s MEM : 270272KB)
INFO     : ... Hierarchical pre-synthesis "fifo_with_read(DATA_WIDTH=32'b01010100)" begin

INFO     : ... Hierarchical pre-synthesis "fifo_with_read(DATA_WIDTH=32'b01010100)" end (Real time : 0s CPU user time : 1s CPU sys time : 0s MEM : 270272KB)
INFO     : ... Hierarchical pre-synthesis "la_biu(CAPTURE_WIDTH=32'b01010011)" begin

INFO     : ... Hierarchical pre-synthesis "la_biu(CAPTURE_WIDTH=32'b01010011)" end (Real time : 0s CPU user time : 1s CPU sys time : 0s MEM : 270272KB)
INFO     : ... Hierarchical pre-synthesis "edb_la_top_renamed_due_excessive_length_1" begin

INFO     : ... Hierarchical pre-synthesis "edb_la_top_renamed_due_excessive_length_1" end (Real time : 1s CPU user time : 1s CPU sys time : 0s MEM : 270272KB)
INFO     : ... Hierarchical pre-synthesis "debug_hub" begin

INFO     : ... Hierarchical pre-synthesis "debug_hub" end (Real time : 0s CPU user time : 1s CPU sys time : 0s MEM : 270272KB)
INFO     : ... Hierarchical pre-synthesis "edb_top" begin

INFO     : ... Clock Enable Synthesis Performed on 129 flops.

INFO     : ... Hierarchical pre-synthesis "edb_top" end (Real time : 0s CPU user time : 2s CPU sys time : 0s MEM : 270272KB)

INFO     : ... Flat optimizations begin

INFO     : ... Flat optimizations end (Real time : 0s CPU user time : 2s CPU sys time : 0s MEM : 270272KB)
INFO     : ... Flat synthesis begin

INFO     : ... Flat synthesis end (Real time : 0s CPU user time : 2s CPU sys time : 0s MEM : 270272KB)

INFO     : ... Flat optimizations begin

INFO     : ... Flat optimizations end (Real time : 0s CPU user time : 2s CPU sys time : 0s MEM : 270272KB)
INFO     : ... Check and break combinational loops begin

INFO     : ... Check and break combinational loops end (Real time : 0s CPU user time : 2s CPU sys time : 0s MEM : 270272KB)

INFO     : ... Sequential Optimization begin

INFO     : ... Clock Network 'la0_clk' with 837 loads will be considered for sequential optimization.

INFO     : ... Clock Network 'bscan_TCK' with 634 loads will be considered for sequential optimization.

INFO     : ... Sequential Optimization deduced 225 equivalent points.

INFO     : ... Sequential Optimization end (Real time : 7s CPU user time : 9s CPU sys time : 0s MEM : 270272KB)
INFO     : ... Setup for logic synthesis begin

INFO     : ... Setup for logic synthesis end (Real time : 0s CPU user time : 9s CPU sys time : 0s MEM : 270272KB)
INFO     : ... LUT mapping begin

INFO     : ... LS, strategy: 3, nd: 1470, ed: 4564, lv: 8, pw: 2520.66
INFO     : ... LUT mapping end (Real time : 8s CPU user time : 18s CPU sys time : 0s MEM : 270272KB)
INFO     : ... Post-synthesis Verific netlist creation begin

INFO     : ... Post-synthesis Verific netlist creation end (Real time : 0s CPU user time : 18s CPU sys time : 0s MEM : 270272KB)

INFO     : ... Postmap Retiming Optimization begin

INFO     : ... Clock Network 'la0_clk~la0_clk' with 837 loads will be considered for retiming optimization.

INFO     : ... Clock Network 'bscan_TCK~bscan_TCK' with 634 loads will be considered for retiming optimization.

INFO     : ... Performed 0 retime moves.
INFO     : ... Postmap Retiming Optimization end (Real time : 6s CPU user time : 25s CPU sys time : 0s MEM : 270272KB)

INFO     : ***** Beginning VDB Netlist Checker ... *****
WARNING  : /home/olle/efinity_p2/BRAM/work_dbg/debug_top.v(13): Input/inout port bscan_DRCK is unconnected and will be removed. [VDB-8003]
WARNING  : /home/olle/efinity_p2/BRAM/work_dbg/debug_top.v(15): Input/inout port bscan_RUNTEST is unconnected and will be removed. [VDB-8003]
WARNING  : /home/olle/efinity_p2/BRAM/work_dbg/debug_top.v(20): Input/inout port bscan_TMS is unconnected and will be removed. [VDB-8003]

WARNING  : Found 3 warnings in the post-synthesis netlist.
INFO     : VDB Netlist Checker took 0.0106408 seconds.
INFO     : 	VDB Netlist Checker took 0.02 seconds (approximately) in total CPU time.
INFO     : VDB Netlist Checker virtual memory usage: begin = 278.392 MB, end = 278.392 MB, delta = 0 MB
INFO     : VDB Netlist Checker resident set memory usage: begin = 181.66 MB, end = 181.66 MB, delta = 0 MB
INFO     : 	VDB Netlist Checker peak resident set memory usage = 270.272 MB
INFO     : ***** Ending VDB Netlist Checker ... *****
INFO     : Resource Summary 
INFO     : =============================== 
INFO     : EFX_ADD         : 	152
INFO     : EFX_LUT4        : 	1454
INFO     : EFX_FF          : 	1462
INFO     : EFX_RAM_5K      : 	17
INFO     : EFX_GBUFCE      : 	2
INFO     : =============================== 

INFO     : The entire flow of EFX_MAP took 23.7889 seconds.
INFO     : 	The entire flow of EFX_MAP took 25.48 seconds (approximately) in total CPU time.
INFO     : The entire flow of EFX_MAP virtual memory usage: begin = 88.4 MB, end = 278.392 MB, delta = 189.992 MB
INFO     : The entire flow of EFX_MAP resident set memory usage: begin = 27.392 MB, end = 181.66 MB, delta = 154.268 MB
INFO     : 	The entire flow of EFX_MAP peak resident set memory usage = 270.272 MB

Wed August 20 25 19:41:04 - /home/olle/efinix/efinity/2025.1/bin/efx_map finished. Exit code = 0 Exit status : Normal

Debugger Step Compile Debugger Cores. Done

--------------------------------------------------------------

--------------------------------------------------------------

Start Debugger Step Merge User design with Debugger Cores.

Wed August 20 25 19:41:04 - /home/olle/efinix/efinity/2025.1/bin/efx_map  --family "Trion" --device "T20F169" --gen-mark-debug-json "0" --allow-const-ram-index "0" --blackbox-error "1" --blast_const_operand_adders "1" --bram_output_regs_packing "1" --bram-push-tco-outreg "0" --create-onehot-fsms "0" --fanout-limit "0" --hdl-compile-unit "1" --hdl-loop-limit "20000" --infer-clk-enable "3" --infer-sync-set-reset "1" --enable-mark-debug "1" --max_ram "-1" --max_mult "-1" --max-bit-blast-mem-size "10240" --min-sr-fanout "0" --min-ce-fanout "0" --mode "speed" --mult-auto-pipeline "0" --mult-decomp-retime "0" --operator-sharing "0" --optimize-adder-tree "0" --optimize-zero-init-rom "1" --peri-syn-instantiation "0" --peri-syn-inference "0" --ram-decomp-mode "0" --retiming "1" --seq_opt "1" --seq-opt-sync-only "0" --use-logic-for-small-mem "64" --use-logic-for-small-rom "64" --max_threads "-1" --mult_input_regs_packing "1" --mult_output_regs_packing "1" --I "/home/olle/efinity_p2/BRAM" --I "/home/olle/efinity_p2/BRAM/ip/BRAM_8192_bytes" --I "/home/olle/efinity_p2/BRAM/ip/micro_risc_v1" --root "top_level" --vdb "/home/olle/efinity_p2/BRAM/outflow/BRAM.elab.vdb" --vdb "/home/olle/efinity_p2/BRAM/work_dbg/debug_top.post.vdb" --write-efx-verilog "/home/olle/efinity_p2/BRAM/work_dbg/BRAM.dbg.map.v" --binary-db "/home/olle/efinity_p2/BRAM/work_dbg/BRAM.dbg.vdb" --merge_vdbs=1 --conn "/home/olle/efinity_p2/BRAM/debug_profile.wizard.json" --work-dir "/home/olle/efinity_p2/BRAM/work_dbg" --output-dir "/home/olle/efinity_p2/BRAM/outflow"

Wed August 20 25 19:41:04 - Running /home/olle/efinix/efinity/2025.1/bin/efx_map...

INFO     : Efinix FPGA Synthesis.
INFO     : Version: 2025.1.110.2.15
INFO     : Compiled: Jun 21 2025.
INFO     : 
INFO     : Copyright (C) 2013 - 2025 Efinix, Inc. All rights reserved.


INFO     : Analyzing Verilog file '/home/olle/efinix/efinity/2025.1/sim_models/maplib/efinix_peri_lib.v' [VERI-1482]

INFO     : /home/olle/efinix/efinity/2025.1/sim_models/maplib/efinix_peri_lib.v(8): compiling module 'EFX_IBUF' [VERI-1018]
INFO     : /home/olle/efinix/efinity/2025.1/sim_models/maplib/efinix_peri_lib.v(16): compiling module 'EFX_OBUF' [VERI-1018]
INFO     : /home/olle/efinix/efinity/2025.1/sim_models/maplib/efinix_peri_lib.v(23): compiling module 'EFX_IO_BUF' [VERI-1018]
INFO     : /home/olle/efinix/efinity/2025.1/sim_models/maplib/efinix_peri_lib.v(33): compiling module 'EFX_CLKOUT' [VERI-1018]
INFO     : /home/olle/efinix/efinity/2025.1/sim_models/maplib/efinix_peri_lib.v(41): compiling module 'EFX_IREG' [VERI-1018]
INFO     : /home/olle/efinix/efinity/2025.1/sim_models/maplib/efinix_peri_lib.v(51): compiling module 'EFX_OREG' [VERI-1018]
INFO     : /home/olle/efinix/efinity/2025.1/sim_models/maplib/efinix_peri_lib.v(60): compiling module 'EFX_IOREG' [VERI-1018]
INFO     : /home/olle/efinix/efinity/2025.1/sim_models/maplib/efinix_peri_lib.v(75): compiling module 'EFX_IDDIO' [VERI-1018]
INFO     : /home/olle/efinix/efinity/2025.1/sim_models/maplib/efinix_peri_lib.v(87): compiling module 'EFX_ODDIO' [VERI-1018]
INFO     : /home/olle/efinix/efinity/2025.1/sim_models/maplib/efinix_peri_lib.v(99): compiling module 'EFX_GPIO_V1' [VERI-1018]
INFO     : /home/olle/efinix/efinity/2025.1/sim_models/maplib/efinix_peri_lib.v(124): compiling module 'EFX_GPIO_V2' [VERI-1018]
INFO     : /home/olle/efinix/efinity/2025.1/sim_models/maplib/efinix_peri_lib.v(149): compiling module 'EFX_GPIO_V3' [VERI-1018]
INFO     : /home/olle/efinix/efinity/2025.1/sim_models/maplib/efinix_peri_lib.v(186): compiling module 'EFX_PLL_V1' [VERI-1018]
INFO     : /home/olle/efinix/efinity/2025.1/sim_models/maplib/efinix_peri_lib.v(205): compiling module 'EFX_PLL_V2' [VERI-1018]
INFO     : /home/olle/efinix/efinity/2025.1/sim_models/maplib/efinix_peri_lib.v(231): compiling module 'EFX_PLL_V3' [VERI-1018]
INFO     : /home/olle/efinix/efinity/2025.1/sim_models/maplib/efinix_peri_lib.v(279): compiling module 'EFX_OSC_V1' [VERI-1018]
INFO     : /home/olle/efinix/efinity/2025.1/sim_models/maplib/efinix_peri_lib.v(285): compiling module 'EFX_OSC_V3' [VERI-1018]
INFO     : /home/olle/efinix/efinity/2025.1/sim_models/maplib/efinix_peri_lib.v(294): compiling module 'EFX_FPLL_V1' [VERI-1018]
INFO     : /home/olle/efinix/efinity/2025.1/sim_models/maplib/efinix_peri_lib.v(348): compiling module 'EFX_JTAG_V1' [VERI-1018]
INFO     : /home/olle/efinix/efinity/2025.1/sim_models/maplib/efinix_peri_lib.v(357): compiling module 'EFX_JTAG_CTRL' [VERI-1018]
INFO     : /home/olle/efinix/efinity/2025.1/sim_models/maplib/efinix_peri_lib.v(364): compiling module 'EFX_LVDS_RX_V1' [VERI-1018]
INFO     : /home/olle/efinix/efinity/2025.1/sim_models/maplib/efinix_peri_lib.v(381): compiling module 'EFX_LVDS_TX_V1' [VERI-1018]
INFO     : /home/olle/efinix/efinity/2025.1/sim_models/maplib/efinix_peri_lib.v(399): compiling module 'EFX_LVDS_RX_V2' [VERI-1018]
INFO     : /home/olle/efinix/efinity/2025.1/sim_models/maplib/efinix_peri_lib.v(426): compiling module 'EFX_LVDS_TX_V2' [VERI-1018]
INFO     : /home/olle/efinix/efinity/2025.1/sim_models/maplib/efinix_peri_lib.v(446): compiling module 'EFX_LVDS_BIDIR_V2' [VERI-1018]

ERROR    : Cannot find inst 'rmii_tx_udp_min_inst' in net 'ip_chksum[0]' connect path
ERROR    : Failed to parse connection profile /home/olle/efinity_p2/BRAM/debug_profile.wizard.json
ERROR    : No top design. [EFX-0210]
INFO     : The entire flow of EFX_MAP took 0.83447 seconds.
INFO     : 	The entire flow of EFX_MAP took 0.77 seconds (approximately) in total CPU time.
INFO     : The entire flow of EFX_MAP virtual memory usage: begin = 88.404 MB, end = 163.988 MB, delta = 75.584 MB
INFO     : The entire flow of EFX_MAP resident set memory usage: begin = 27.392 MB, end = 111.488 MB, delta = 84.096 MB
INFO     : 	The entire flow of EFX_MAP peak resident set memory usage = 270.272 MB

Wed August 20 25 19:41:05 - /home/olle/efinix/efinity/2025.1/bin/efx_map finished. Exit code = 65 Exit status : Normal

Running Debugger Step 2 fail. See exit code and exit status

Wed August 20 25 19:41:05 - End Debugger Flow

Wed August 20 25 19:41:05 - Running automated flow starting from synthesis done. Total duration = 1m 14.210s

Wed August 20 25 19:42:32 - Running automated flow starting from placement...



Wed August 20 25 19:42:32 - Floorplan closed VM : 586.944 MB RSS : 276.304 MB

Wed August 20 25 19:42:32 - Start Debugger Flow



-------------------------------------------------------------------------

Debugger

-------------------------------------------------------------------------

Wed August 20 25 19:42:32 - Debugger flow working directory is /home/olle/efinity_p2/BRAM/work_syn


INFO     : --max_threads set to 4 

--------------------------------------------------------------

Start Debugger Step Generate Debugger Cores.

Wed August 20 25 19:42:33 - /home/olle/efinix/efinity/2025.1/bin/python3  -m "efx_dbg.DbgWizard" --device  "T20F169" --family  "Trion" --in_profile_name  "/home/olle/efinity_p2/BRAM/debug_profile.wizard.json" --out_dbg_vdb  "debug_top.post.vdb" --out_profile_name  "/home/olle/efinity_p2/BRAM/debug_profile.wizard.json" --out_dir  "work_dbg"

Wed August 20 25 19:42:33 - Running /home/olle/efinix/efinity/2025.1/bin/python3...

Wed August 20 25 19:42:33 - /home/olle/efinix/efinity/2025.1/bin/python3 finished. Exit code = 0 Exit status : Normal

Debugger Step Generate Debugger Cores. Done

--------------------------------------------------------------

--------------------------------------------------------------

Start Debugger Step Compile Debugger Cores.

Wed August 20 25 19:42:33 - /home/olle/efinix/efinity/2025.1/bin/efx_map  --allow-const-ram-index "0" --blackbox-error "1" --blast_const_operand_adders "1" --bram_output_regs_packing "1" --bram-push-tco-outreg "0" --create-onehot-fsms "0" --fanout-limit "0" --hdl-compile-unit "1" --hdl-loop-limit "20000" --infer-clk-enable "3" --infer-sync-set-reset "1" --enable-mark-debug "1" --max_ram "-1" --max_mult "-1" --max-bit-blast-mem-size "10240" --min-sr-fanout "0" --min-ce-fanout "0" --mode "speed" --mult-auto-pipeline "0" --mult-decomp-retime "0" --operator-sharing "0" --optimize-adder-tree "0" --optimize-zero-init-rom "1" --peri-syn-instantiation "0" --peri-syn-inference "0" --ram-decomp-mode "0" --retiming "1" --seq_opt "1" --seq-opt-sync-only "0" --use-logic-for-small-mem "64" --use-logic-for-small-rom "64" --max_threads "-1" --mult_input_regs_packing "1" --mult_output_regs_packing "1" --I "/home/olle/efinity_p2/BRAM" --I "/home/olle/efinity_p2/BRAM/ip/BRAM_8192_bytes" --I "/home/olle/efinity_p2/BRAM/ip/micro_risc_v1" --family "Trion" --device "T20F169" --root "edb_top" --v "/home/olle/efinity_p2/BRAM/work_dbg/debug_top.v" --write-postmap-module "/home/olle/efinity_p2/BRAM/work_dbg/debug_top.post.vdb" --gen-mark-debug-json "0" --work-dir "/home/olle/efinity_p2/BRAM/work_dbg" --output-dir "/home/olle/efinity_p2/BRAM/outflow"

Wed August 20 25 19:42:33 - Running /home/olle/efinix/efinity/2025.1/bin/efx_map...

INFO     : Efinix FPGA Synthesis.
INFO     : Version: 2025.1.110.2.15
INFO     : Compiled: Jun 21 2025.
INFO     : 
INFO     : Copyright (C) 2013 - 2025 Efinix, Inc. All rights reserved.


INFO     : Analyzing Verilog file '/home/olle/efinix/efinity/2025.1/sim_models/maplib/efinix_peri_lib.v' [VERI-1482]
INFO     : /home/olle/efinix/efinity/2025.1/sim_models/maplib/efinix_peri_lib.v(8): compiling module 'EFX_IBUF' [VERI-1018]
INFO     : /home/olle/efinix/efinity/2025.1/sim_models/maplib/efinix_peri_lib.v(16): compiling module 'EFX_OBUF' [VERI-1018]
INFO     : /home/olle/efinix/efinity/2025.1/sim_models/maplib/efinix_peri_lib.v(23): compiling module 'EFX_IO_BUF' [VERI-1018]
INFO     : /home/olle/efinix/efinity/2025.1/sim_models/maplib/efinix_peri_lib.v(33): compiling module 'EFX_CLKOUT' [VERI-1018]
INFO     : /home/olle/efinix/efinity/2025.1/sim_models/maplib/efinix_peri_lib.v(41): compiling module 'EFX_IREG' [VERI-1018]
INFO     : /home/olle/efinix/efinity/2025.1/sim_models/maplib/efinix_peri_lib.v(51): compiling module 'EFX_OREG' [VERI-1018]
INFO     : /home/olle/efinix/efinity/2025.1/sim_models/maplib/efinix_peri_lib.v(60): compiling module 'EFX_IOREG' [VERI-1018]
INFO     : /home/olle/efinix/efinity/2025.1/sim_models/maplib/efinix_peri_lib.v(75): compiling module 'EFX_IDDIO' [VERI-1018]
INFO     : /home/olle/efinix/efinity/2025.1/sim_models/maplib/efinix_peri_lib.v(87): compiling module 'EFX_ODDIO' [VERI-1018]
INFO     : /home/olle/efinix/efinity/2025.1/sim_models/maplib/efinix_peri_lib.v(99): compiling module 'EFX_GPIO_V1' [VERI-1018]
INFO     : /home/olle/efinix/efinity/2025.1/sim_models/maplib/efinix_peri_lib.v(124): compiling module 'EFX_GPIO_V2' [VERI-1018]
INFO     : /home/olle/efinix/efinity/2025.1/sim_models/maplib/efinix_peri_lib.v(149): compiling module 'EFX_GPIO_V3' [VERI-1018]
INFO     : /home/olle/efinix/efinity/2025.1/sim_models/maplib/efinix_peri_lib.v(186): compiling module 'EFX_PLL_V1' [VERI-1018]
INFO     : /home/olle/efinix/efinity/2025.1/sim_models/maplib/efinix_peri_lib.v(205): compiling module 'EFX_PLL_V2' [VERI-1018]
INFO     : /home/olle/efinix/efinity/2025.1/sim_models/maplib/efinix_peri_lib.v(231): compiling module 'EFX_PLL_V3' [VERI-1018]
INFO     : /home/olle/efinix/efinity/2025.1/sim_models/maplib/efinix_peri_lib.v(279): compiling module 'EFX_OSC_V1' [VERI-1018]
INFO     : /home/olle/efinix/efinity/2025.1/sim_models/maplib/efinix_peri_lib.v(285): compiling module 'EFX_OSC_V3' [VERI-1018]
INFO     : /home/olle/efinix/efinity/2025.1/sim_models/maplib/efinix_peri_lib.v(294): compiling module 'EFX_FPLL_V1' [VERI-1018]

INFO     : /home/olle/efinix/efinity/2025.1/sim_models/maplib/efinix_peri_lib.v(348): compiling module 'EFX_JTAG_V1' [VERI-1018]
INFO     : /home/olle/efinix/efinity/2025.1/sim_models/maplib/efinix_peri_lib.v(357): compiling module 'EFX_JTAG_CTRL' [VERI-1018]
INFO     : /home/olle/efinix/efinity/2025.1/sim_models/maplib/efinix_peri_lib.v(364): compiling module 'EFX_LVDS_RX_V1' [VERI-1018]
INFO     : /home/olle/efinix/efinity/2025.1/sim_models/maplib/efinix_peri_lib.v(381): compiling module 'EFX_LVDS_TX_V1' [VERI-1018]
INFO     : /home/olle/efinix/efinity/2025.1/sim_models/maplib/efinix_peri_lib.v(399): compiling module 'EFX_LVDS_RX_V2' [VERI-1018]
INFO     : /home/olle/efinix/efinity/2025.1/sim_models/maplib/efinix_peri_lib.v(426): compiling module 'EFX_LVDS_TX_V2' [VERI-1018]
INFO     : /home/olle/efinix/efinity/2025.1/sim_models/maplib/efinix_peri_lib.v(446): compiling module 'EFX_LVDS_BIDIR_V2' [VERI-1018]
INFO     : ***** Beginning Analysis ... *****
INFO     : default VHDL library search path is now "/home/olle/efinix/efinity/2025.1/sim_models/vhdl/packages/vhdl_2008" [VHDL-1504]
INFO     : Analyzing Verilog file '/home/olle/efinix/efinity/2025.1/sim_models/maplib/efinix_maplib.v' [VERI-1482]
INFO     : Analyzing Verilog file '/home/olle/efinix/efinity/2025.1/sim_models/maplib/efinix_peri_lib.v' [VERI-1482]
INFO     : Analyzing Verilog file '/home/olle/efinix/efinity/2025.1/sim_models/maplib/efinix_maplib.v' [VERI-1482]

INFO     : Analyzing Verilog file '/home/olle/efinix/efinity/2025.1/sim_models/maplib/efinix_peri_lib.v' [VERI-1482]
INFO     : Analyzing Verilog file '/home/olle/efinity_p2/BRAM/work_dbg/debug_top.v' [VERI-1482]

INFO     : /home/olle/efinity_p2/BRAM/work_dbg/debug_top.v(4456): undeclared symbol 'la_capture_mask', assumed default net type 'wire' [VERI-2561]

INFO     : /home/olle/efinity_p2/BRAM/work_dbg/debug_top.v(4826): undeclared symbol 'next_segment_pointer_eq', assumed default net type 'wire' [VERI-2561]
INFO     : /home/olle/efinity_p2/BRAM/work_dbg/debug_top.v(4827): undeclared symbol 'next_segment_msb_xor', assumed default net type 'wire' [VERI-2561]
INFO     : Analysis took 0.0676313 seconds.
INFO     : 	Analysis took 0.06 seconds (approximately) in total CPU time.
INFO     : Analysis virtual memory usage: begin = 124.564 MB, end = 127.636 MB, delta = 3.072 MB
INFO     : Analysis resident set memory usage: begin = 71.296 MB, end = 75.008 MB, delta = 3.712 MB
INFO     : 	Analysis peak resident set memory usage = 323.108 MB
INFO     : ***** Ending Analysis ... *****
INFO     : ***** Beginning Elaboration ... *****
WARNING  : /home/olle/efinity_p2/BRAM/work_dbg/debug_top.v(170): port 'probe17' remains unconnected for this instance [VERI-1927]
INFO     : /home/olle/efinity_p2/BRAM/work_dbg/debug_top.v(10): compiling module 'edb_top' [VERI-1018]

INFO     : /home/olle/efinity_p2/BRAM/work_dbg/debug_top.v(556): compiling module 'edb_la_top_renamed_due_excessive_length_1' [VERI-1018]

INFO     : /home/olle/efinity_p2/BRAM/work_dbg/debug_top.v(245): compiling module 'edb_adbg_crc32' [VERI-1018]

INFO     : /home/olle/efinity_p2/BRAM/work_dbg/debug_top.v(5557): compiling module 'compare_unit(WIDTH=11'b01,PIPE=1)' [VERI-1018]

INFO     : /home/olle/efinity_p2/BRAM/work_dbg/debug_top.v(5557): compiling module 'compare_unit(WIDTH=11'b011010,PIPE=1)' [VERI-1018]

INFO     : /home/olle/efinity_p2/BRAM/work_dbg/debug_top.v(5557): compiling module 'compare_unit(WIDTH=11'b0100000,PIPE=1)' [VERI-1018]

INFO     : /home/olle/efinity_p2/BRAM/work_dbg/debug_top.v(5557): compiling module 'compare_unit(WIDTH=11'b010,PIPE=1)' [VERI-1018]

INFO     : /home/olle/efinity_p2/BRAM/work_dbg/debug_top.v(5557): compiling module 'compare_unit(WIDTH=11'b01000,PIPE=1)' [VERI-1018]

INFO     : /home/olle/efinity_p2/BRAM/work_dbg/debug_top.v(5557): compiling module 'compare_unit(WIDTH=11'b011,PIPE=1)' [VERI-1018]

INFO     : /home/olle/efinity_p2/BRAM/work_dbg/debug_top.v(5557): compiling module 'compare_unit(WIDTH=11'b0100,PIPE=1)' [VERI-1018]

INFO     : /home/olle/efinity_p2/BRAM/work_dbg/debug_top.v(5557): compiling module 'compare_unit(WIDTH=11'b010000,PIPE=1)' [VERI-1018]

INFO     : /home/olle/efinity_p2/BRAM/work_dbg/debug_top.v(5557): compiling module 'compare_unit(WIDTH=11'b0110,PIPE=1)' [VERI-1018]

INFO     : /home/olle/efinity_p2/BRAM/work_dbg/debug_top.v(5762): compiling module 'trigger_unit(WIDTH=32'b010001,PIPE=1)' [VERI-1018]

INFO     : /home/olle/efinity_p2/BRAM/work_dbg/debug_top.v(5887): compiling module 'trigger_skipper' [VERI-1018]
INFO     : /home/olle/efinity_p2/BRAM/work_dbg/debug_top.v(4903): compiling module 'la_biu(CAPTURE_WIDTH=32'b011000011)' [VERI-1018]
INFO     : /home/olle/efinity_p2/BRAM/work_dbg/debug_top.v(4645): compiling module 'fifo_with_read(DATA_WIDTH=32'b011000100)' [VERI-1018]
INFO     : /home/olle/efinity_p2/BRAM/work_dbg/debug_top.v(4595): compiling module 'fifo_address_trancode_unit' [VERI-1018]

INFO     : /home/olle/efinity_p2/BRAM/work_dbg/debug_top.v(466): compiling module 'edb_simple_dual_port_ram(DATA_WIDTH=32'b011000100,ADDR_WIDTH=10,RAM_INIT_FILE="")' [VERI-1018]
INFO     : /home/olle/efinity_p2/BRAM/work_dbg/debug_top.v(481): extracting RAM for identifier 'ram' [VERI-2571]

INFO     : /home/olle/efinity_p2/BRAM/work_dbg/debug_top.v(323): compiling module 'debug_hub' [VERI-1018]
WARNING  : /home/olle/efinity_p2/BRAM/work_dbg/debug_top.v(132): input port 'probe17[0]' remains unconnected for this instance [VDB-1053]
INFO     : Elaboration took 0.663476 seconds.
INFO     : 	Elaboration took 0.64 seconds (approximately) in total CPU time.
INFO     : Elaboration virtual memory usage: begin = 127.636 MB, end = 165.524 MB, delta = 37.888 MB
INFO     : Elaboration resident set memory usage: begin = 75.008 MB, end = 114.048 MB, delta = 39.04 MB
INFO     : 	Elaboration peak resident set memory usage = 323.108 MB
INFO     : ***** Ending Elaboration ... *****
INFO     : ... Setting Synthesis Option: mode=speed
INFO     : ***** Beginning Reading Mapping Library ... *****

INFO     : Analyzing Verilog file '/home/olle/efinix/efinity/2025.1/sim_models/maplib/efinix_maplib.v' [VERI-1482]
INFO     : /home/olle/efinix/efinity/2025.1/sim_models/maplib/efinix_maplib.v(8): compiling module 'EFX_ADD' [VERI-1018]
INFO     : /home/olle/efinix/efinity/2025.1/sim_models/maplib/efinix_maplib.v(21): compiling module 'EFX_FF' [VERI-1018]
INFO     : /home/olle/efinix/efinity/2025.1/sim_models/maplib/efinix_maplib.v(38): compiling module 'EFX_COMB4' [VERI-1018]
INFO     : /home/olle/efinix/efinity/2025.1/sim_models/maplib/efinix_maplib.v(48): compiling module 'EFX_GBUFCE' [VERI-1018]
INFO     : /home/olle/efinix/efinity/2025.1/sim_models/maplib/efinix_maplib.v(57): compiling module 'EFX_LUT4' [VERI-1018]
INFO     : /home/olle/efinix/efinity/2025.1/sim_models/maplib/efinix_maplib.v(65): compiling module 'EFX_MULT' [VERI-1018]
INFO     : /home/olle/efinix/efinity/2025.1/sim_models/maplib/efinix_maplib.v(100): compiling module 'EFX_DSP48' [VERI-1018]
INFO     : /home/olle/efinix/efinity/2025.1/sim_models/maplib/efinix_maplib.v(156): compiling module 'EFX_DSP24' [VERI-1018]
INFO     : /home/olle/efinix/efinity/2025.1/sim_models/maplib/efinix_maplib.v(209): compiling module 'EFX_DSP12' [VERI-1018]
INFO     : /home/olle/efinix/efinity/2025.1/sim_models/maplib/efinix_maplib.v(262): compiling module 'EFX_RAM_4K' [VERI-1018]
INFO     : /home/olle/efinix/efinity/2025.1/sim_models/maplib/efinix_maplib.v(322): compiling module 'EFX_RAM_5K' [VERI-1018]
INFO     : /home/olle/efinix/efinity/2025.1/sim_models/maplib/efinix_maplib.v(394): compiling module 'EFX_DPRAM_5K' [VERI-1018]
INFO     : /home/olle/efinix/efinity/2025.1/sim_models/maplib/efinix_maplib.v(499): compiling module 'RAMB5' [VERI-1018]
INFO     : /home/olle/efinix/efinity/2025.1/sim_models/maplib/efinix_maplib.v(561): compiling module 'EFX_RAM_10K' [VERI-1018]
INFO     : /home/olle/efinix/efinity/2025.1/sim_models/maplib/efinix_maplib.v(653): compiling module 'EFX_RAM10' [VERI-1018]
INFO     : /home/olle/efinix/efinity/2025.1/sim_models/maplib/efinix_maplib.v(754): compiling module 'EFX_DPRAM10' [VERI-1018]
INFO     : /home/olle/efinix/efinity/2025.1/sim_models/maplib/efinix_maplib.v(884): compiling module 'EFX_SRL8' [VERI-1018]
INFO     : Reading Mapping Library took 0.0144328 seconds.
INFO     : 	Reading Mapping Library took 0.01 seconds (approximately) in total CPU time.
INFO     : Reading Mapping Library virtual memory usage: begin = 165.524 MB, end = 165.524 MB, delta = 0 MB
INFO     : Reading Mapping Library resident set memory usage: begin = 114.56 MB, end = 114.56 MB, delta = 0 MB
INFO     : 	Reading Mapping Library peak resident set memory usage = 323.108 MB
INFO     : ***** Ending Reading Mapping Library ... *****
INFO     : ... Pre-synthesis checks begin
WARNING  : Removing redundant signal : compared_in[0]. (/home/olle/efinity_p2/BRAM/work_dbg/debug_top.v:5563) [EFX-0200]
WARNING  : Removing redundant signal : mask_in[0]. (/home/olle/efinity_p2/BRAM/work_dbg/debug_top.v:5564) [EFX-0200]

WARNING  : Removing redundant signal : trigger_in. (/home/olle/efinity_p2/BRAM/work_dbg/debug_top.v:5774) [EFX-0200]

INFO     : ... Memory 'ram' is not initialized, assuming empty initial contents. (/home/olle/efinity_p2/BRAM/work_dbg/debug_top.v:481) [EFX-0677]
WARNING  : Removing redundant signal : din[195]. (/home/olle/efinity_p2/BRAM/work_dbg/debug_top.v:4658) [EFX-0200]
WARNING  : Removing redundant signal : shift_i. (/home/olle/efinity_p2/BRAM/work_dbg/debug_top.v:4923) [EFX-0200]
WARNING  : Removing redundant signal : trig_out. (/home/olle/efinity_p2/BRAM/work_dbg/debug_top.v:4940) [EFX-0200]
WARNING  : Removing redundant signal : trig_out_ack. (/home/olle/efinity_p2/BRAM/work_dbg/debug_top.v:4941) [EFX-0200]
WARNING  : Removing redundant signal : bscan_DRCK. (/home/olle/efinity_p2/BRAM/work_dbg/debug_top.v:1089) [EFX-0200]
WARNING  : Removing redundant signal : bscan_RESET. (/home/olle/efinity_p2/BRAM/work_dbg/debug_top.v:1090) [EFX-0200]
WARNING  : Removing redundant signal : bscan_RUNTEST. (/home/olle/efinity_p2/BRAM/work_dbg/debug_top.v:1091) [EFX-0200]
WARNING  : Removing redundant signal : bscan_SEL. (/home/olle/efinity_p2/BRAM/work_dbg/debug_top.v:1092) [EFX-0200]
WARNING  : Removing redundant signal : bscan_TMS. (/home/olle/efinity_p2/BRAM/work_dbg/debug_top.v:1096) [EFX-0200]
WARNING  : Removing redundant signal : trig_in_ack. (/home/olle/efinity_p2/BRAM/work_dbg/debug_top.v:1108) [EFX-0200]
WARNING  : Removing redundant signal : mux_capture_cmp[16]. (/home/olle/efinity_p2/BRAM/work_dbg/debug_top.v:3522) [EFX-0200]
WARNING  : Removing redundant signal : mux_capture_cmp[15]. (/home/olle/efinity_p2/BRAM/work_dbg/debug_top.v:3522) [EFX-0200]
WARNING  : Removing redundant signal : mux_capture_cmp[14]. (/home/olle/efinity_p2/BRAM/work_dbg/debug_top.v:3522) [EFX-0200]
WARNING  : Removing redundant signal : mux_capture_cmp[13]. (/home/olle/efinity_p2/BRAM/work_dbg/debug_top.v:3522) [EFX-0200]
WARNING  : Removing redundant signal : mux_capture_cmp[12]. (/home/olle/efinity_p2/BRAM/work_dbg/debug_top.v:3522) [EFX-0200]
WARNING  : Removing redundant signal : mux_capture_cmp[11]. (/home/olle/efinity_p2/BRAM/work_dbg/debug_top.v:3522) [EFX-0200]
WARNING  : Removing redundant signal : mux_capture_cmp[10]. (/home/olle/efinity_p2/BRAM/work_dbg/debug_top.v:3522) [EFX-0200]
WARNING  : (The above message was generated too many times, subsequent similar messages will be muted.) [EFX-0200]
INFO     : Module Instance 'la0' input pin 'trig_in' is tied to constant (=0). [EFX-0266]
INFO     : Module Instance 'la0' input pin 'trig_out_ack' is tied to constant (=0). [EFX-0266]
WARNING  : Re-wiring to GND non-driven net 'la0.probe17[0]'. (/home/olle/efinity_p2/BRAM/work_dbg/debug_top.v:132) [EFX-0201]
WARNING  : Re-wiring to GND non-driven net 'la0.probe18[0]'. (/home/olle/efinity_p2/BRAM/work_dbg/debug_top.v:132) [EFX-0201]
WARNING  : Re-wiring to GND non-driven net 'la0.probe19[0]'. (/home/olle/efinity_p2/BRAM/work_dbg/debug_top.v:132) [EFX-0201]
WARNING  : Re-wiring to GND non-driven net 'la0.probe20[0]'. (/home/olle/efinity_p2/BRAM/work_dbg/debug_top.v:132) [EFX-0201]
WARNING  : Re-wiring to GND non-driven net 'la0.probe21[0]'. (/home/olle/efinity_p2/BRAM/work_dbg/debug_top.v:132) [EFX-0201]
WARNING  : Re-wiring to GND non-driven net 'la0.probe22[0]'. (/home/olle/efinity_p2/BRAM/work_dbg/debug_top.v:132) [EFX-0201]
WARNING  : Re-wiring to GND non-driven net 'la0.probe23[0]'. (/home/olle/efinity_p2/BRAM/work_dbg/debug_top.v:132) [EFX-0201]
WARNING  : Re-wiring to GND non-driven net 'la0.probe24[0]'. (/home/olle/efinity_p2/BRAM/work_dbg/debug_top.v:132) [EFX-0201]
WARNING  : Re-wiring to GND non-driven net 'la0.probe25[0]'. (/home/olle/efinity_p2/BRAM/work_dbg/debug_top.v:132) [EFX-0201]
WARNING  : Re-wiring to GND non-driven net 'la0.probe26[0]'. (/home/olle/efinity_p2/BRAM/work_dbg/debug_top.v:132) [EFX-0201]
WARNING  : (The above message was generated too many times, subsequent similar messages will be muted.) [EFX-0201]
INFO     : ... Pre-synthesis checks end (Real time : 0s CPU user time : 1s CPU sys time : 0s MEM : 323108KB)
INFO     : ... NameSpace init begin
INFO     : ... NameSpace init end (Real time : 0s CPU user time : 1s CPU sys time : 0s MEM : 323108KB)
INFO     : ... Mapping design "edb_top"

INFO     : ... Hierarchical pre-synthesis "edb_adbg_crc32" begin
INFO     : ... Hierarchical pre-synthesis "edb_adbg_crc32" end (Real time : 0s CPU user time : 1s CPU sys time : 0s MEM : 323108KB)
INFO     : ... Hierarchical pre-synthesis "compare_unit(WIDTH=11'b01,PIPE=1)" begin
INFO     : ... Hierarchical pre-synthesis "compare_unit(WIDTH=11'b01,PIPE=1)" end (Real time : 0s CPU user time : 1s CPU sys time : 0s MEM : 323108KB)
INFO     : ... Hierarchical pre-synthesis "compare_unit(WIDTH=11'b011010,PIPE=1)" begin
INFO     : ... Hierarchical pre-synthesis "compare_unit(WIDTH=11'b011010,PIPE=1)" end (Real time : 0s CPU user time : 1s CPU sys time : 0s MEM : 323108KB)
INFO     : ... Hierarchical pre-synthesis "compare_unit(WIDTH=11'b0100000,PIPE=1)" begin
INFO     : ... Hierarchical pre-synthesis "compare_unit(WIDTH=11'b0100000,PIPE=1)" end (Real time : 0s CPU user time : 1s CPU sys time : 0s MEM : 323108KB)
INFO     : ... Hierarchical pre-synthesis "compare_unit(WIDTH=11'b010,PIPE=1)" begin
INFO     : ... Hierarchical pre-synthesis "compare_unit(WIDTH=11'b010,PIPE=1)" end (Real time : 0s CPU user time : 1s CPU sys time : 0s MEM : 323108KB)
INFO     : ... Hierarchical pre-synthesis "compare_unit(WIDTH=11'b01000,PIPE=1)" begin

INFO     : ... Hierarchical pre-synthesis "compare_unit(WIDTH=11'b01000,PIPE=1)" end (Real time : 0s CPU user time : 1s CPU sys time : 0s MEM : 323108KB)
INFO     : ... Hierarchical pre-synthesis "compare_unit(WIDTH=11'b011,PIPE=1)" begin
INFO     : ... Hierarchical pre-synthesis "compare_unit(WIDTH=11'b011,PIPE=1)" end (Real time : 0s CPU user time : 1s CPU sys time : 0s MEM : 323108KB)
INFO     : ... Hierarchical pre-synthesis "compare_unit(WIDTH=11'b0100,PIPE=1)" begin
INFO     : ... Hierarchical pre-synthesis "compare_unit(WIDTH=11'b0100,PIPE=1)" end (Real time : 0s CPU user time : 1s CPU sys time : 0s MEM : 323108KB)
INFO     : ... Hierarchical pre-synthesis "compare_unit(WIDTH=11'b010000,PIPE=1)" begin
INFO     : ... Hierarchical pre-synthesis "compare_unit(WIDTH=11'b010000,PIPE=1)" end (Real time : 0s CPU user time : 1s CPU sys time : 0s MEM : 323108KB)
INFO     : ... Hierarchical pre-synthesis "compare_unit(WIDTH=11'b0110,PIPE=1)" begin
INFO     : ... Hierarchical pre-synthesis "compare_unit(WIDTH=11'b0110,PIPE=1)" end (Real time : 0s CPU user time : 1s CPU sys time : 0s MEM : 323108KB)
INFO     : ... Hierarchical pre-synthesis "trigger_unit(WIDTH=32'b010001,PIPE=1)" begin

INFO     : ... Hierarchical pre-synthesis "trigger_unit(WIDTH=32'b010001,PIPE=1)" end (Real time : 0s CPU user time : 1s CPU sys time : 0s MEM : 323108KB)
INFO     : ... Hierarchical pre-synthesis "trigger_skipper" begin

INFO     : ... Hierarchical pre-synthesis "trigger_skipper" end (Real time : 0s CPU user time : 1s CPU sys time : 0s MEM : 323108KB)
INFO     : ... Hierarchical pre-synthesis "fifo_address_trancode_unit" begin
INFO     : ... Hierarchical pre-synthesis "fifo_address_trancode_unit" end (Real time : 0s CPU user time : 1s CPU sys time : 0s MEM : 323108KB)
INFO     : ... Hierarchical pre-synthesis "edb_simple_dual_port_ram(DATA_WIDTH=32'b011000100,ADDR_WIDTH=10,RAM_INIT_FILE="")" begin

INFO     : ... Hierarchical pre-synthesis "edb_simple_dual_port_ram(DATA_WIDTH=32'b011000100,ADDR_WIDTH=10,RAM_INIT_FILE="")" end (Real time : 0s CPU user time : 1s CPU sys time : 0s MEM : 323108KB)
INFO     : ... Hierarchical pre-synthesis "fifo_with_read(DATA_WIDTH=32'b011000100)" begin

INFO     : ... Hierarchical pre-synthesis "fifo_with_read(DATA_WIDTH=32'b011000100)" end (Real time : 0s CPU user time : 1s CPU sys time : 0s MEM : 323108KB)
INFO     : ... Hierarchical pre-synthesis "la_biu(CAPTURE_WIDTH=32'b011000011)" begin

INFO     : ... Hierarchical pre-synthesis "la_biu(CAPTURE_WIDTH=32'b011000011)" end (Real time : 0s CPU user time : 1s CPU sys time : 0s MEM : 323108KB)
INFO     : ... Hierarchical pre-synthesis "edb_la_top_renamed_due_excessive_length_1" begin

INFO     : ... Hierarchical pre-synthesis "edb_la_top_renamed_due_excessive_length_1" end (Real time : 1s CPU user time : 2s CPU sys time : 0s MEM : 323108KB)
INFO     : ... Hierarchical pre-synthesis "debug_hub" begin

INFO     : ... Hierarchical pre-synthesis "debug_hub" end (Real time : 0s CPU user time : 2s CPU sys time : 0s MEM : 323108KB)
INFO     : ... Hierarchical pre-synthesis "edb_top" begin

INFO     : ... Clock Enable Synthesis Performed on 129 flops.

INFO     : ... Hierarchical pre-synthesis "edb_top" end (Real time : 0s CPU user time : 3s CPU sys time : 0s MEM : 323108KB)

INFO     : ... Flat optimizations begin

INFO     : ... Flat optimizations end (Real time : 0s CPU user time : 3s CPU sys time : 0s MEM : 323108KB)

INFO     : ... Flat synthesis begin

INFO     : ... Flat synthesis end (Real time : 0s CPU user time : 3s CPU sys time : 0s MEM : 323108KB)

INFO     : ... Flat optimizations begin

INFO     : ... Flat optimizations end (Real time : 1s CPU user time : 3s CPU sys time : 0s MEM : 323108KB)
INFO     : ... Check and break combinational loops begin

INFO     : ... Check and break combinational loops end (Real time : 0s CPU user time : 3s CPU sys time : 0s MEM : 323108KB)

INFO     : ... Sequential Optimization begin

INFO     : ... Clock Network 'la0_clk' with 1645 loads will be considered for sequential optimization.

INFO     : ... Clock Network 'bscan_TCK' with 883 loads will be considered for sequential optimization.

INFO     : ... Sequential Optimization deduced 235 equivalent points.

INFO     : ... Sequential Optimization end (Real time : 9s CPU user time : 13s CPU sys time : 0s MEM : 323108KB)
INFO     : ... Setup for logic synthesis begin

INFO     : ... Setup for logic synthesis end (Real time : 0s CPU user time : 13s CPU sys time : 0s MEM : 323108KB)
INFO     : ... LUT mapping begin

INFO     : ... LS, strategy: 3, nd: 2122, ed: 6657, lv: 8, pw: 3996.59
INFO     : ... LUT mapping end (Real time : 9s CPU user time : 24s CPU sys time : 0s MEM : 323108KB)
INFO     : ... Post-synthesis Verific netlist creation begin

INFO     : ... Post-synthesis Verific netlist creation end (Real time : 0s CPU user time : 24s CPU sys time : 0s MEM : 323108KB)

INFO     : ... Postmap Retiming Optimization begin

INFO     : ... Clock Network 'la0_clk~la0_clk' with 1645 loads will be considered for retiming optimization.

INFO     : ... Clock Network 'bscan_TCK~bscan_TCK' with 883 loads will be considered for retiming optimization.

INFO     : ... Performed 0 retime moves.

INFO     : ... Postmap Retiming Optimization end (Real time : 9s CPU user time : 33s CPU sys time : 0s MEM : 323108KB)

INFO     : ***** Beginning VDB Netlist Checker ... *****
WARNING  : /home/olle/efinity_p2/BRAM/work_dbg/debug_top.v(13): Input/inout port bscan_DRCK is unconnected and will be removed. [VDB-8003]
WARNING  : /home/olle/efinity_p2/BRAM/work_dbg/debug_top.v(15): Input/inout port bscan_RUNTEST is unconnected and will be removed. [VDB-8003]
WARNING  : /home/olle/efinity_p2/BRAM/work_dbg/debug_top.v(20): Input/inout port bscan_TMS is unconnected and will be removed. [VDB-8003]

WARNING  : Found 3 warnings in the post-synthesis netlist.
INFO     : VDB Netlist Checker took 0.0179167 seconds.
INFO     : 	VDB Netlist Checker took 0.03 seconds (approximately) in total CPU time.
INFO     : VDB Netlist Checker virtual memory usage: begin = 296.408 MB, end = 296.408 MB, delta = 0 MB
INFO     : VDB Netlist Checker resident set memory usage: begin = 207.42 MB, end = 207.42 MB, delta = 0 MB
INFO     : 	VDB Netlist Checker peak resident set memory usage = 323.108 MB
INFO     : ***** Ending VDB Netlist Checker ... *****
INFO     : Resource Summary 
INFO     : =============================== 
INFO     : EFX_ADD         : 	152
INFO     : EFX_LUT4        : 	2108
INFO     : EFX_FF          : 	2519
INFO     : EFX_RAM_5K      : 	40
INFO     : EFX_GBUFCE      : 	2
INFO     : =============================== 

INFO     : The entire flow of EFX_MAP took 30.8881 seconds.
INFO     : 	The entire flow of EFX_MAP took 33.61 seconds (approximately) in total CPU time.
INFO     : The entire flow of EFX_MAP virtual memory usage: begin = 88.404 MB, end = 296.408 MB, delta = 208.004 MB
INFO     : The entire flow of EFX_MAP resident set memory usage: begin = 27.392 MB, end = 207.42 MB, delta = 180.028 MB
INFO     : 	The entire flow of EFX_MAP peak resident set memory usage = 323.108 MB

Wed August 20 25 19:43:04 - /home/olle/efinix/efinity/2025.1/bin/efx_map finished. Exit code = 0 Exit status : Normal

Debugger Step Compile Debugger Cores. Done

--------------------------------------------------------------

--------------------------------------------------------------

Start Debugger Step Merge User design with Debugger Cores.

Wed August 20 25 19:43:04 - /home/olle/efinix/efinity/2025.1/bin/efx_map  --family "Trion" --device "T20F169" --gen-mark-debug-json "0" --allow-const-ram-index "0" --blackbox-error "1" --blast_const_operand_adders "1" --bram_output_regs_packing "1" --bram-push-tco-outreg "0" --create-onehot-fsms "0" --fanout-limit "0" --hdl-compile-unit "1" --hdl-loop-limit "20000" --infer-clk-enable "3" --infer-sync-set-reset "1" --enable-mark-debug "1" --max_ram "-1" --max_mult "-1" --max-bit-blast-mem-size "10240" --min-sr-fanout "0" --min-ce-fanout "0" --mode "speed" --mult-auto-pipeline "0" --mult-decomp-retime "0" --operator-sharing "0" --optimize-adder-tree "0" --optimize-zero-init-rom "1" --peri-syn-instantiation "0" --peri-syn-inference "0" --ram-decomp-mode "0" --retiming "1" --seq_opt "1" --seq-opt-sync-only "0" --use-logic-for-small-mem "64" --use-logic-for-small-rom "64" --max_threads "-1" --mult_input_regs_packing "1" --mult_output_regs_packing "1" --I "/home/olle/efinity_p2/BRAM" --I "/home/olle/efinity_p2/BRAM/ip/BRAM_8192_bytes" --I "/home/olle/efinity_p2/BRAM/ip/micro_risc_v1" --root "top_level" --vdb "/home/olle/efinity_p2/BRAM/outflow/BRAM.elab.vdb" --vdb "/home/olle/efinity_p2/BRAM/work_dbg/debug_top.post.vdb" --write-efx-verilog "/home/olle/efinity_p2/BRAM/work_dbg/BRAM.dbg.map.v" --binary-db "/home/olle/efinity_p2/BRAM/work_dbg/BRAM.dbg.vdb" --merge_vdbs=1 --conn "/home/olle/efinity_p2/BRAM/debug_profile.wizard.json" --work-dir "/home/olle/efinity_p2/BRAM/work_dbg" --output-dir "/home/olle/efinity_p2/BRAM/outflow"

Wed August 20 25 19:43:04 - Running /home/olle/efinix/efinity/2025.1/bin/efx_map...

INFO     : Efinix FPGA Synthesis.
INFO     : Version: 2025.1.110.2.15
INFO     : Compiled: Jun 21 2025.
INFO     : 
INFO     : Copyright (C) 2013 - 2025 Efinix, Inc. All rights reserved.


INFO     : Analyzing Verilog file '/home/olle/efinix/efinity/2025.1/sim_models/maplib/efinix_peri_lib.v' [VERI-1482]

INFO     : /home/olle/efinix/efinity/2025.1/sim_models/maplib/efinix_peri_lib.v(8): compiling module 'EFX_IBUF' [VERI-1018]
INFO     : /home/olle/efinix/efinity/2025.1/sim_models/maplib/efinix_peri_lib.v(16): compiling module 'EFX_OBUF' [VERI-1018]
INFO     : /home/olle/efinix/efinity/2025.1/sim_models/maplib/efinix_peri_lib.v(23): compiling module 'EFX_IO_BUF' [VERI-1018]
INFO     : /home/olle/efinix/efinity/2025.1/sim_models/maplib/efinix_peri_lib.v(33): compiling module 'EFX_CLKOUT' [VERI-1018]
INFO     : /home/olle/efinix/efinity/2025.1/sim_models/maplib/efinix_peri_lib.v(41): compiling module 'EFX_IREG' [VERI-1018]
INFO     : /home/olle/efinix/efinity/2025.1/sim_models/maplib/efinix_peri_lib.v(51): compiling module 'EFX_OREG' [VERI-1018]
INFO     : /home/olle/efinix/efinity/2025.1/sim_models/maplib/efinix_peri_lib.v(60): compiling module 'EFX_IOREG' [VERI-1018]
INFO     : /home/olle/efinix/efinity/2025.1/sim_models/maplib/efinix_peri_lib.v(75): compiling module 'EFX_IDDIO' [VERI-1018]
INFO     : /home/olle/efinix/efinity/2025.1/sim_models/maplib/efinix_peri_lib.v(87): compiling module 'EFX_ODDIO' [VERI-1018]
INFO     : /home/olle/efinix/efinity/2025.1/sim_models/maplib/efinix_peri_lib.v(99): compiling module 'EFX_GPIO_V1' [VERI-1018]
INFO     : /home/olle/efinix/efinity/2025.1/sim_models/maplib/efinix_peri_lib.v(124): compiling module 'EFX_GPIO_V2' [VERI-1018]
INFO     : /home/olle/efinix/efinity/2025.1/sim_models/maplib/efinix_peri_lib.v(149): compiling module 'EFX_GPIO_V3' [VERI-1018]
INFO     : /home/olle/efinix/efinity/2025.1/sim_models/maplib/efinix_peri_lib.v(186): compiling module 'EFX_PLL_V1' [VERI-1018]
INFO     : /home/olle/efinix/efinity/2025.1/sim_models/maplib/efinix_peri_lib.v(205): compiling module 'EFX_PLL_V2' [VERI-1018]
INFO     : /home/olle/efinix/efinity/2025.1/sim_models/maplib/efinix_peri_lib.v(231): compiling module 'EFX_PLL_V3' [VERI-1018]
INFO     : /home/olle/efinix/efinity/2025.1/sim_models/maplib/efinix_peri_lib.v(279): compiling module 'EFX_OSC_V1' [VERI-1018]
INFO     : /home/olle/efinix/efinity/2025.1/sim_models/maplib/efinix_peri_lib.v(285): compiling module 'EFX_OSC_V3' [VERI-1018]
INFO     : /home/olle/efinix/efinity/2025.1/sim_models/maplib/efinix_peri_lib.v(294): compiling module 'EFX_FPLL_V1' [VERI-1018]
INFO     : /home/olle/efinix/efinity/2025.1/sim_models/maplib/efinix_peri_lib.v(348): compiling module 'EFX_JTAG_V1' [VERI-1018]
INFO     : /home/olle/efinix/efinity/2025.1/sim_models/maplib/efinix_peri_lib.v(357): compiling module 'EFX_JTAG_CTRL' [VERI-1018]
INFO     : /home/olle/efinix/efinity/2025.1/sim_models/maplib/efinix_peri_lib.v(364): compiling module 'EFX_LVDS_RX_V1' [VERI-1018]
INFO     : /home/olle/efinix/efinity/2025.1/sim_models/maplib/efinix_peri_lib.v(381): compiling module 'EFX_LVDS_TX_V1' [VERI-1018]
INFO     : /home/olle/efinix/efinity/2025.1/sim_models/maplib/efinix_peri_lib.v(399): compiling module 'EFX_LVDS_RX_V2' [VERI-1018]
INFO     : /home/olle/efinix/efinity/2025.1/sim_models/maplib/efinix_peri_lib.v(426): compiling module 'EFX_LVDS_TX_V2' [VERI-1018]
INFO     : /home/olle/efinix/efinity/2025.1/sim_models/maplib/efinix_peri_lib.v(446): compiling module 'EFX_LVDS_BIDIR_V2' [VERI-1018]

INFO     : ... Setting Synthesis Option: mode=speed
INFO     : ***** Beginning Reading Mapping Library ... *****
INFO     : Analyzing Verilog file '/home/olle/efinix/efinity/2025.1/sim_models/maplib/efinix_maplib.v' [VERI-1482]

INFO     : /home/olle/efinix/efinity/2025.1/sim_models/maplib/efinix_maplib.v(8): compiling module 'EFX_ADD' [VERI-1018]
INFO     : /home/olle/efinix/efinity/2025.1/sim_models/maplib/efinix_maplib.v(21): compiling module 'EFX_FF' [VERI-1018]
INFO     : /home/olle/efinix/efinity/2025.1/sim_models/maplib/efinix_maplib.v(38): compiling module 'EFX_COMB4' [VERI-1018]
INFO     : /home/olle/efinix/efinity/2025.1/sim_models/maplib/efinix_maplib.v(48): compiling module 'EFX_GBUFCE' [VERI-1018]
INFO     : /home/olle/efinix/efinity/2025.1/sim_models/maplib/efinix_maplib.v(57): compiling module 'EFX_LUT4' [VERI-1018]
INFO     : /home/olle/efinix/efinity/2025.1/sim_models/maplib/efinix_maplib.v(65): compiling module 'EFX_MULT' [VERI-1018]
INFO     : /home/olle/efinix/efinity/2025.1/sim_models/maplib/efinix_maplib.v(100): compiling module 'EFX_DSP48' [VERI-1018]
INFO     : /home/olle/efinix/efinity/2025.1/sim_models/maplib/efinix_maplib.v(156): compiling module 'EFX_DSP24' [VERI-1018]
INFO     : /home/olle/efinix/efinity/2025.1/sim_models/maplib/efinix_maplib.v(209): compiling module 'EFX_DSP12' [VERI-1018]
INFO     : /home/olle/efinix/efinity/2025.1/sim_models/maplib/efinix_maplib.v(262): compiling module 'EFX_RAM_4K' [VERI-1018]
INFO     : /home/olle/efinix/efinity/2025.1/sim_models/maplib/efinix_maplib.v(322): compiling module 'EFX_RAM_5K' [VERI-1018]
INFO     : /home/olle/efinix/efinity/2025.1/sim_models/maplib/efinix_maplib.v(394): compiling module 'EFX_DPRAM_5K' [VERI-1018]
INFO     : /home/olle/efinix/efinity/2025.1/sim_models/maplib/efinix_maplib.v(499): compiling module 'RAMB5' [VERI-1018]
INFO     : /home/olle/efinix/efinity/2025.1/sim_models/maplib/efinix_maplib.v(561): compiling module 'EFX_RAM_10K' [VERI-1018]
INFO     : /home/olle/efinix/efinity/2025.1/sim_models/maplib/efinix_maplib.v(653): compiling module 'EFX_RAM10' [VERI-1018]
INFO     : /home/olle/efinix/efinity/2025.1/sim_models/maplib/efinix_maplib.v(754): compiling module 'EFX_DPRAM10' [VERI-1018]
INFO     : /home/olle/efinix/efinity/2025.1/sim_models/maplib/efinix_maplib.v(884): compiling module 'EFX_SRL8' [VERI-1018]
INFO     : Reading Mapping Library took 0.0131144 seconds.
INFO     : 	Reading Mapping Library took 0.01 seconds (approximately) in total CPU time.
INFO     : Reading Mapping Library virtual memory usage: begin = 168.08 MB, end = 168.08 MB, delta = 0 MB
INFO     : Reading Mapping Library resident set memory usage: begin = 115.84 MB, end = 116.352 MB, delta = 0.512 MB
INFO     : 	Reading Mapping Library peak resident set memory usage = 323.108 MB
INFO     : ***** Ending Reading Mapping Library ... *****
INFO     : ... Pre-synthesis checks begin
WARNING  : The primary output port 'led2' wire 'led2' is not driven. [EFX-0256]
WARNING  : The primary output port 'mdc' wire 'mdc' is not driven. [EFX-0256]
WARNING  : The primary output port 'mdio_o' wire 'mdio_o' is not driven. [EFX-0256]
WARNING  : The primary output port 'mdio_oe' wire 'mdio_oe' is not driven. [EFX-0256]
WARNING  : The primary output port 'CAM0_EN' wire 'CAM0_EN' is not driven. [EFX-0256]
WARNING  : The primary output port 'CAM1_EN' wire 'CAM1_EN' is not driven. [EFX-0256]
WARNING  : The primary output port 'RJ45_led' wire 'RJ45_led' is not driven. [EFX-0256]

WARNING  : Removing redundant signal : io_cpu_prefetch_isValid. (/home/olle/efinity_p2/BRAM/ip/micro_risc_v1/micro_risc_v1.v:12221) [EFX-0200]
WARNING  : Removing redundant signal : io_cpu_prefetch_pc[31]. (/home/olle/efinity_p2/BRAM/ip/micro_risc_v1/micro_risc_v1.v:12223) [EFX-0200]
WARNING  : Removing redundant signal : io_cpu_prefetch_pc[30]. (/home/olle/efinity_p2/BRAM/ip/micro_risc_v1/micro_risc_v1.v:12223) [EFX-0200]
WARNING  : Removing redundant signal : io_cpu_prefetch_pc[29]. (/home/olle/efinity_p2/BRAM/ip/micro_risc_v1/micro_risc_v1.v:12223) [EFX-0200]
WARNING  : Removing redundant signal : io_cpu_prefetch_pc[28]. (/home/olle/efinity_p2/BRAM/ip/micro_risc_v1/micro_risc_v1.v:12223) [EFX-0200]
WARNING  : Removing redundant signal : io_cpu_prefetch_pc[27]. (/home/olle/efinity_p2/BRAM/ip/micro_risc_v1/micro_risc_v1.v:12223) [EFX-0200]
WARNING  : Removing redundant signal : io_cpu_prefetch_pc[26]. (/home/olle/efinity_p2/BRAM/ip/micro_risc_v1/micro_risc_v1.v:12223) [EFX-0200]
WARNING  : Removing redundant signal : io_cpu_prefetch_pc[25]. (/home/olle/efinity_p2/BRAM/ip/micro_risc_v1/micro_risc_v1.v:12223) [EFX-0200]
WARNING  : Removing redundant signal : io_cpu_prefetch_pc[24]. (/home/olle/efinity_p2/BRAM/ip/micro_risc_v1/micro_risc_v1.v:12223) [EFX-0200]
WARNING  : Removing redundant signal : io_cpu_prefetch_pc[23]. (/home/olle/efinity_p2/BRAM/ip/micro_risc_v1/micro_risc_v1.v:12223) [EFX-0200]
WARNING  : Removing redundant signal : io_cpu_prefetch_pc[22]. (/home/olle/efinity_p2/BRAM/ip/micro_risc_v1/micro_risc_v1.v:12223) [EFX-0200]
WARNING  : Removing redundant signal : io_cpu_prefetch_pc[21]. (/home/olle/efinity_p2/BRAM/ip/micro_risc_v1/micro_risc_v1.v:12223) [EFX-0200]
WARNING  : Removing redundant signal : io_cpu_prefetch_pc[20]. (/home/olle/efinity_p2/BRAM/ip/micro_risc_v1/micro_risc_v1.v:12223) [EFX-0200]
WARNING  : Removing redundant signal : io_cpu_prefetch_pc[19]. (/home/olle/efinity_p2/BRAM/ip/micro_risc_v1/micro_risc_v1.v:12223) [EFX-0200]
WARNING  : Removing redundant signal : io_cpu_prefetch_pc[18]. (/home/olle/efinity_p2/BRAM/ip/micro_risc_v1/micro_risc_v1.v:12223) [EFX-0200]
WARNING  : Removing redundant signal : io_cpu_prefetch_pc[17]. (/home/olle/efinity_p2/BRAM/ip/micro_risc_v1/micro_risc_v1.v:12223) [EFX-0200]
WARNING  : Removing redundant signal : io_cpu_prefetch_pc[16]. (/home/olle/efinity_p2/BRAM/ip/micro_risc_v1/micro_risc_v1.v:12223) [EFX-0200]
WARNING  : Removing redundant signal : io_cpu_prefetch_pc[15]. (/home/olle/efinity_p2/BRAM/ip/micro_risc_v1/micro_risc_v1.v:12223) [EFX-0200]
WARNING  : Removing redundant signal : io_cpu_prefetch_pc[14]. (/home/olle/efinity_p2/BRAM/ip/micro_risc_v1/micro_risc_v1.v:12223) [EFX-0200]
WARNING  : Removing redundant signal : io_cpu_prefetch_pc[13]. (/home/olle/efinity_p2/BRAM/ip/micro_risc_v1/micro_risc_v1.v:12223) [EFX-0200]
WARNING  : (The above message was generated too many times, subsequent similar messages will be muted.) [EFX-0200]
INFO     : ... Memory 'banks_0' is not initialized, assuming empty initial contents. (/home/olle/efinity_p2/BRAM/ip/micro_risc_v1/micro_risc_v1.v:12325) [EFX-0677]
INFO     : ... Memory 'ways_0_tags' is not initialized, assuming empty initial contents. (/home/olle/efinity_p2/BRAM/ip/micro_risc_v1/micro_risc_v1.v:12326) [EFX-0677]
INFO     : ... Memory 'ways_0_tags' is not initialized, assuming empty initial contents. (/home/olle/efinity_p2/BRAM/ip/micro_risc_v1/micro_risc_v1.v:11579) [EFX-0677]
INFO     : ... Memory 'ways_0_data_symbol0' is not initialized, assuming empty initial contents. (/home/olle/efinity_p2/BRAM/ip/micro_risc_v1/micro_risc_v1.v:11580) [EFX-0677]
INFO     : ... Memory 'ways_0_data_symbol1' is not initialized, assuming empty initial contents. (/home/olle/efinity_p2/BRAM/ip/micro_risc_v1/micro_risc_v1.v:11581) [EFX-0677]
INFO     : ... Memory 'ways_0_data_symbol2' is not initialized, assuming empty initial contents. (/home/olle/efinity_p2/BRAM/ip/micro_risc_v1/micro_risc_v1.v:11582) [EFX-0677]
INFO     : ... Memory 'ways_0_data_symbol3' is not initialized, assuming empty initial contents. (/home/olle/efinity_p2/BRAM/ip/micro_risc_v1/micro_risc_v1.v:11583) [EFX-0677]
WARNING  : Re-wiring to GND non-driven net 'IBusCachedPlugin_cache_io_cpu_fetch_isRemoved'. (/home/olle/efinity_p2/BRAM/ip/micro_risc_v1/micro_risc_v1.v:5832) [EFX-0201]
WARNING  : Re-wiring to GND non-driven net 'dataCache_1_io_cpu_writeBack_fence_SW'. (/home/olle/efinity_p2/BRAM/ip/micro_risc_v1/micro_risc_v1.v:5845) [EFX-0201]
WARNING  : Re-wiring to GND non-driven net 'dataCache_1_io_cpu_writeBack_fence_SR'. (/home/olle/efinity_p2/BRAM/ip/micro_risc_v1/micro_risc_v1.v:5846) [EFX-0201]
WARNING  : Re-wiring to GND non-driven net 'dataCache_1_io_cpu_writeBack_fence_SO'. (/home/olle/efinity_p2/BRAM/ip/micro_risc_v1/micro_risc_v1.v:5847) [EFX-0201]
WARNING  : Re-wiring to GND non-driven net 'dataCache_1_io_cpu_writeBack_fence_SI'. (/home/olle/efinity_p2/BRAM/ip/micro_risc_v1/micro_risc_v1.v:5848) [EFX-0201]
WARNING  : Re-wiring to GND non-driven net 'dataCache_1_io_cpu_writeBack_fence_PW'. (/home/olle/efinity_p2/BRAM/ip/micro_risc_v1/micro_risc_v1.v:5849) [EFX-0201]
WARNING  : Re-wiring to GND non-driven net 'dataCache_1_io_cpu_writeBack_fence_PR'. (/home/olle/efinity_p2/BRAM/ip/micro_risc_v1/micro_risc_v1.v:5850) [EFX-0201]
WARNING  : Re-wiring to GND non-driven net 'dataCache_1_io_cpu_writeBack_fence_PO'. (/home/olle/efinity_p2/BRAM/ip/micro_risc_v1/micro_risc_v1.v:5851) [EFX-0201]
WARNING  : Re-wiring to GND non-driven net 'dataCache_1_io_cpu_writeBack_fence_PI'. (/home/olle/efinity_p2/BRAM/ip/micro_risc_v1/micro_risc_v1.v:5852) [EFX-0201]
WARNING  : Re-wiring to GND non-driven net 'dataCache_1_io_cpu_writeBack_fence_FM[3]'. (/home/olle/efinity_p2/BRAM/ip/micro_risc_v1/micro_risc_v1.v:5853) [EFX-0201]
WARNING  : (The above message was generated too many times, subsequent similar messages will be muted.) [EFX-0201]
INFO     : ... Memory 'RegFilePlugin_regFile' is not initialized, assuming empty initial contents. (/home/olle/efinity_p2/BRAM/ip/micro_risc_v1/micro_risc_v1.v:6995) [EFX-0677]
INFO     : ... Memory 'logic_progbufX_mem' is not initialized, assuming empty initial contents. (/home/olle/efinity_p2/BRAM/ip/micro_risc_v1/micro_risc_v1.v:4949) [EFX-0677]
INFO     : Module Instance 'memory_arbiter' input pin 'io_inputs_0_payload_fragment_source[0]' is tied to constant (=0). [EFX-0266]
INFO     : Module Instance 'memory_arbiter' input pin 'io_inputs_1_payload_fragment_source[0]' is tied to constant (=0). [EFX-0266]
INFO     : Module Instance 'memory_arbiter' input pin 'io_inputs_1_payload_fragment_context[0]' is tied to constant (=0). [EFX-0266]
INFO     : Module Instance 'tx' input pin 'io_cts' is tied to constant (=0). [EFX-0266]
INFO     : ... Memory 'logic_ram' is not initialized, assuming empty initial contents. (/home/olle/efinity_p2/BRAM/ip/micro_risc_v1/micro_risc_v1.v:10857) [EFX-0677]
INFO     : Module Instance 'bridge_write_streamUnbuffered_queueWithOccupancy' input pin 'io_flush' is tied to constant (=0). [EFX-0266]
INFO     : Module Instance 'uartCtrl_1_io_read_queueWithOccupancy' input pin 'io_flush' is tied to constant (=0). [EFX-0266]
INFO     : Module Instance 'system_bridge_bmb_arbiter' input pin 'io_inputs_1_cmd_payload_fragment_data[0]' is tied to constant (=0). [EFX-0266]
INFO     : Module Instance 'system_bridge_bmb_arbiter' input pin 'io_inputs_1_cmd_payload_fragment_data[1]' is tied to constant (=0). [EFX-0266]
INFO     : Module Instance 'system_bridge_bmb_arbiter' input pin 'io_inputs_1_cmd_payload_fragment_data[2]' is tied to constant (=0). [EFX-0266]
INFO     : Module Instance 'system_bridge_bmb_arbiter' input pin 'io_inputs_1_cmd_payload_fragment_data[3]' is tied to constant (=0). [EFX-0266]
INFO     : Module Instance 'system_bridge_bmb_arbiter' input pin 'io_inputs_1_cmd_payload_fragment_data[4]' is tied to constant (=0). [EFX-0266]
INFO     : Module Instance 'system_bridge_bmb_arbiter' input pin 'io_inputs_1_cmd_payload_fragment_data[5]' is tied to constant (=0). [EFX-0266]
INFO     : Module Instance 'system_bridge_bmb_arbiter' input pin 'io_inputs_1_cmd_payload_fragment_data[6]' is tied to constant (=0). [EFX-0266]
INFO     : Module Instance 'system_bridge_bmb_arbiter' input pin 'io_inputs_1_cmd_payload_fragment_data[7]' is tied to constant (=0). [EFX-0266]
INFO     : Module Instance 'system_bridge_bmb_arbiter' input pin 'io_inputs_1_cmd_payload_fragment_data[8]' is tied to constant (=0). [EFX-0266]
INFO     : Module Instance 'system_bridge_bmb_arbiter' input pin 'io_inputs_1_cmd_payload_fragment_data[9]' is tied to constant (=0). [EFX-0266]
INFO     : Module Instance 'system_bridge_bmb_arbiter' input pin 'io_inputs_1_cmd_payload_fragment_data[10]' is tied to constant (=0). [EFX-0266]
INFO     : Module Instance 'system_bridge_bmb_arbiter' input pin 'io_inputs_1_cmd_payload_fragment_data[11]' is tied to constant (=0). [EFX-0266]
INFO     : Module Instance 'system_bridge_bmb_arbiter' input pin 'io_inputs_1_cmd_payload_fragment_data[12]' is tied to constant (=0). [EFX-0266]
INFO     : Module Instance 'system_bridge_bmb_arbiter' input pin 'io_inputs_1_cmd_payload_fragment_data[13]' is tied to constant (=0). [EFX-0266]
INFO     : Module Instance 'system_bridge_bmb_arbiter' input pin 'io_inputs_1_cmd_payload_fragment_data[14]' is tied to constant (=0). [EFX-0266]
INFO     : Module Instance 'system_bridge_bmb_arbiter' input pin 'io_inputs_1_cmd_payload_fragment_data[15]' is tied to constant (=0). [EFX-0266]
INFO     : Module Instance 'system_bridge_bmb_arbiter' input pin 'io_inputs_1_cmd_payload_fragment_data[16]' is tied to constant (=0). [EFX-0266]
INFO     : Module Instance 'system_bridge_bmb_arbiter' input pin 'io_inputs_1_cmd_payload_fragment_data[17]' is tied to constant (=0). [EFX-0266]
INFO     : Module Instance 'system_bridge_bmb_arbiter' input pin 'io_inputs_1_cmd_payload_fragment_data[18]' is tied to constant (=0). [EFX-0266]
INFO     : Module Instance 'system_bridge_bmb_arbiter' input pin 'io_inputs_1_cmd_payload_fragment_data[19]' is tied to constant (=0). [EFX-0266]
INFO     : Module Instance 'system_bridge_bmb_arbiter' input pin 'io_inputs_1_cmd_payload_fragment_data[20]' is tied to constant (=0). [EFX-0266]
INFO     : Module Instance 'system_bridge_bmb_arbiter' input pin 'io_inputs_1_cmd_payload_fragment_data[21]' is tied to constant (=0). [EFX-0266]
INFO     : Module Instance 'system_bridge_bmb_arbiter' input pin 'io_inputs_1_cmd_payload_fragment_data[22]' is tied to constant (=0). [EFX-0266]
INFO     : Module Instance 'system_bridge_bmb_arbiter' input pin 'io_inputs_1_cmd_payload_fragment_data[23]' is tied to constant (=0). [EFX-0266]
INFO     : Module Instance 'system_bridge_bmb_arbiter' input pin 'io_inputs_1_cmd_payload_fragment_data[24]' is tied to constant (=0). [EFX-0266]
INFO     : Module Instance 'system_bridge_bmb_arbiter' input pin 'io_inputs_1_cmd_payload_fragment_data[25]' is tied to constant (=0). [EFX-0266]
INFO     : Module Instance 'system_bridge_bmb_arbiter' input pin 'io_inputs_1_cmd_payload_fragment_data[26]' is tied to constant (=0). [EFX-0266]
INFO     : Module Instance 'system_bridge_bmb_arbiter' input pin 'io_inputs_1_cmd_payload_fragment_data[27]' is tied to constant (=0). [EFX-0266]
INFO     : Module Instance 'system_bridge_bmb_arbiter' input pin 'io_inputs_1_cmd_payload_fragment_data[28]' is tied to constant (=0). [EFX-0266]
INFO     : Module Instance 'system_bridge_bmb_arbiter' input pin 'io_inputs_1_cmd_payload_fragment_data[29]' is tied to constant (=0). [EFX-0266]
INFO     : Module Instance 'system_bridge_bmb_arbiter' input pin 'io_inputs_1_cmd_payload_fragment_data[30]' is tied to constant (=0). [EFX-0266]
INFO     : Module Instance 'system_bridge_bmb_arbiter' input pin 'io_inputs_1_cmd_payload_fragment_data[31]' is tied to constant (=0). [EFX-0266]
INFO     : Module Instance 'system_bridge_bmb_arbiter' input pin 'io_inputs_1_cmd_payload_fragment_mask[0]' is tied to constant (=0). [EFX-0266]
INFO     : Module Instance 'system_bridge_bmb_arbiter' input pin 'io_inputs_1_cmd_payload_fragment_mask[1]' is tied to constant (=0). [EFX-0266]
INFO     : Module Instance 'system_bridge_bmb_arbiter' input pin 'io_inputs_1_cmd_payload_fragment_mask[2]' is tied to constant (=0). [EFX-0266]
INFO     : Module Instance 'system_bridge_bmb_arbiter' input pin 'io_inputs_1_cmd_payload_fragment_mask[3]' is tied to constant (=0). [EFX-0266]

INFO     : Module Instance 'u_micro_risc_v1' input pin 'jtagCtrl_enable' is tied to constant (=1). [EFX-0266]
INFO     : ... Pre-synthesis checks end (Real time : 0s CPU user time : 0s CPU sys time : 0s MEM : 323108KB)
INFO     : ... NameSpace init begin
INFO     : ... NameSpace init end (Real time : 0s CPU user time : 0s CPU sys time : 0s MEM : 323108KB)
INFO     : ... Mapping design "top_level"
INFO     : ... Hierarchical pre-synthesis "InstructionCache_2fa2c88f3c1f4868ba7cd09620d007ba" begin

INFO     : ... Hierarchical pre-synthesis "InstructionCache_2fa2c88f3c1f4868ba7cd09620d007ba" end (Real time : 0s CPU user time : 0s CPU sys time : 0s MEM : 323108KB)
INFO     : ... Hierarchical pre-synthesis "DataCache_2fa2c88f3c1f4868ba7cd09620d007ba" begin

INFO     : ... Hierarchical pre-synthesis "DataCache_2fa2c88f3c1f4868ba7cd09620d007ba" end (Real time : 0s CPU user time : 0s CPU sys time : 0s MEM : 323108KB)
INFO     : ... Hierarchical pre-synthesis "BufferCC_2fa2c88f3c1f4868ba7cd09620d007ba" begin
INFO     : ... Hierarchical pre-synthesis "BufferCC_2fa2c88f3c1f4868ba7cd09620d007ba" end (Real time : 0s CPU user time : 0s CPU sys time : 0s MEM : 323108KB)
INFO     : ... Hierarchical pre-synthesis "EfxCPUSp1_2fa2c88f3c1f4868ba7cd09620d007ba" begin

INFO     : ... Hierarchical pre-synthesis "EfxCPUSp1_2fa2c88f3c1f4868ba7cd09620d007ba" end (Real time : 0s CPU user time : 1s CPU sys time : 0s MEM : 323108KB)
INFO     : ... Hierarchical pre-synthesis "VexRiscv_2fa2c88f3c1f4868ba7cd09620d007ba" begin

INFO     : ... Hierarchical pre-synthesis "VexRiscv_2fa2c88f3c1f4868ba7cd09620d007ba" end (Real time : 1s CPU user time : 1s CPU sys time : 0s MEM : 323108KB)
INFO     : ... Hierarchical pre-synthesis "DebugModule_2fa2c88f3c1f4868ba7cd09620d007ba" begin

INFO     : ... Hierarchical pre-synthesis "DebugModule_2fa2c88f3c1f4868ba7cd09620d007ba" end (Real time : 0s CPU user time : 1s CPU sys time : 0s MEM : 323108KB)
INFO     : ... Hierarchical pre-synthesis "BufferCC_5_2fa2c88f3c1f4868ba7cd09620d007ba" begin
INFO     : ... Hierarchical pre-synthesis "BufferCC_5_2fa2c88f3c1f4868ba7cd09620d007ba" end (Real time : 0s CPU user time : 1s CPU sys time : 0s MEM : 323108KB)
INFO     : ... Hierarchical pre-synthesis "BufferCC_6_2fa2c88f3c1f4868ba7cd09620d007ba" begin
INFO     : ... Hierarchical pre-synthesis "BufferCC_6_2fa2c88f3c1f4868ba7cd09620d007ba" end (Real time : 0s CPU user time : 1s CPU sys time : 0s MEM : 323108KB)
INFO     : ... Hierarchical pre-synthesis "BufferCC_8_2fa2c88f3c1f4868ba7cd09620d007ba" begin
INFO     : ... Hierarchical pre-synthesis "BufferCC_8_2fa2c88f3c1f4868ba7cd09620d007ba" end (Real time : 0s CPU user time : 1s CPU sys time : 0s MEM : 323108KB)
INFO     : ... Hierarchical pre-synthesis "BufferCC_1_2fa2c88f3c1f4868ba7cd09620d007ba" begin
INFO     : ... Hierarchical pre-synthesis "BufferCC_1_2fa2c88f3c1f4868ba7cd09620d007ba" end (Real time : 0s CPU user time : 1s CPU sys time : 0s MEM : 323108KB)
INFO     : ... Hierarchical pre-synthesis "FlowCCByToggle_2fa2c88f3c1f4868ba7cd09620d007ba" begin

INFO     : ... Hierarchical pre-synthesis "FlowCCByToggle_2fa2c88f3c1f4868ba7cd09620d007ba" end (Real time : 0s CPU user time : 1s CPU sys time : 0s MEM : 323108KB)
INFO     : ... Hierarchical pre-synthesis "BufferCC_2_2fa2c88f3c1f4868ba7cd09620d007ba" begin
INFO     : ... Hierarchical pre-synthesis "BufferCC_2_2fa2c88f3c1f4868ba7cd09620d007ba" end (Real time : 0s CPU user time : 1s CPU sys time : 0s MEM : 323108KB)
INFO     : ... Hierarchical pre-synthesis "BufferCC_3_2fa2c88f3c1f4868ba7cd09620d007ba" begin
INFO     : ... Hierarchical pre-synthesis "BufferCC_3_2fa2c88f3c1f4868ba7cd09620d007ba" end (Real time : 0s CPU user time : 1s CPU sys time : 0s MEM : 323108KB)
INFO     : ... Hierarchical pre-synthesis "FlowCCByToggle_1_2fa2c88f3c1f4868ba7cd09620d007ba" begin
INFO     : ... Hierarchical pre-synthesis "FlowCCByToggle_1_2fa2c88f3c1f4868ba7cd09620d007ba" end (Real time : 0s CPU user time : 1s CPU sys time : 0s MEM : 323108KB)
INFO     : ... Hierarchical pre-synthesis "DebugTransportModuleTunneled_2fa2c88f3c1f4868ba7cd09620d007ba" begin

INFO     : ... Hierarchical pre-synthesis "DebugTransportModuleTunneled_2fa2c88f3c1f4868ba7cd09620d007ba" end (Real time : 0s CPU user time : 1s CPU sys time : 0s MEM : 323108KB)
INFO     : ... Hierarchical pre-synthesis "BmbDecoder_2fa2c88f3c1f4868ba7cd09620d007ba" begin
INFO     : ... Hierarchical pre-synthesis "BmbDecoder_2fa2c88f3c1f4868ba7cd09620d007ba" end (Real time : 0s CPU user time : 1s CPU sys time : 0s MEM : 323108KB)
INFO     : ... Hierarchical pre-synthesis "StreamArbiter_2fa2c88f3c1f4868ba7cd09620d007ba" begin
INFO     : ... Hierarchical pre-synthesis "StreamArbiter_2fa2c88f3c1f4868ba7cd09620d007ba" end (Real time : 0s CPU user time : 1s CPU sys time : 0s MEM : 323108KB)
INFO     : ... Hierarchical pre-synthesis "BmbArbiter_2fa2c88f3c1f4868ba7cd09620d007ba" begin
INFO     : ... Hierarchical pre-synthesis "BmbArbiter_2fa2c88f3c1f4868ba7cd09620d007ba" end (Real time : 0s CPU user time : 1s CPU sys time : 0s MEM : 323108KB)
INFO     : ... Hierarchical pre-synthesis "BmbDecoder_1_2fa2c88f3c1f4868ba7cd09620d007ba" begin

INFO     : ... Hierarchical pre-synthesis "BmbDecoder_1_2fa2c88f3c1f4868ba7cd09620d007ba" end (Real time : 0s CPU user time : 1s CPU sys time : 0s MEM : 323108KB)
INFO     : ... Hierarchical pre-synthesis "BmbOnChipRam_2fa2c88f3c1f4868ba7cd09620d007ba" begin
INFO     : ... Hierarchical pre-synthesis "BmbOnChipRam_2fa2c88f3c1f4868ba7cd09620d007ba" end (Real time : 0s CPU user time : 1s CPU sys time : 0s MEM : 323108KB)
INFO     : ... Hierarchical pre-synthesis "BmbUnburstify_2fa2c88f3c1f4868ba7cd09620d007ba" begin
INFO     : ... Hierarchical pre-synthesis "BmbUnburstify_2fa2c88f3c1f4868ba7cd09620d007ba" end (Real time : 0s CPU user time : 1s CPU sys time : 0s MEM : 323108KB)
INFO     : ... Hierarchical pre-synthesis "BmbDecoder_2_2fa2c88f3c1f4868ba7cd09620d007ba" begin

INFO     : ... Hierarchical pre-synthesis "BmbDecoder_2_2fa2c88f3c1f4868ba7cd09620d007ba" end (Real time : 0s CPU user time : 1s CPU sys time : 0s MEM : 323108KB)
INFO     : ... Hierarchical pre-synthesis "BmbClint_2fa2c88f3c1f4868ba7cd09620d007ba" begin

INFO     : ... Hierarchical pre-synthesis "BmbClint_2fa2c88f3c1f4868ba7cd09620d007ba" end (Real time : 0s CPU user time : 1s CPU sys time : 0s MEM : 323108KB)
INFO     : ... Hierarchical pre-synthesis "UartCtrlTx_2fa2c88f3c1f4868ba7cd09620d007ba" begin

INFO     : ... Hierarchical pre-synthesis "UartCtrlTx_2fa2c88f3c1f4868ba7cd09620d007ba" end (Real time : 0s CPU user time : 1s CPU sys time : 0s MEM : 323108KB)
INFO     : ... Hierarchical pre-synthesis "BufferCC_4_2fa2c88f3c1f4868ba7cd09620d007ba" begin
INFO     : ... Hierarchical pre-synthesis "BufferCC_4_2fa2c88f3c1f4868ba7cd09620d007ba" end (Real time : 0s CPU user time : 1s CPU sys time : 0s MEM : 323108KB)
INFO     : ... Hierarchical pre-synthesis "UartCtrlRx_2fa2c88f3c1f4868ba7cd09620d007ba" begin

INFO     : ... Hierarchical pre-synthesis "UartCtrlRx_2fa2c88f3c1f4868ba7cd09620d007ba" end (Real time : 0s CPU user time : 1s CPU sys time : 0s MEM : 323108KB)
INFO     : ... Hierarchical pre-synthesis "UartCtrl_2fa2c88f3c1f4868ba7cd09620d007ba" begin

INFO     : ... Hierarchical pre-synthesis "UartCtrl_2fa2c88f3c1f4868ba7cd09620d007ba" end (Real time : 0s CPU user time : 1s CPU sys time : 0s MEM : 323108KB)
INFO     : ... Hierarchical pre-synthesis "StreamFifo_2fa2c88f3c1f4868ba7cd09620d007ba" begin
INFO     : ... Hierarchical pre-synthesis "StreamFifo_2fa2c88f3c1f4868ba7cd09620d007ba" end (Real time : 0s CPU user time : 1s CPU sys time : 0s MEM : 323108KB)
INFO     : ... Hierarchical pre-synthesis "BmbUartCtrl_2fa2c88f3c1f4868ba7cd09620d007ba" begin

INFO     : ... Hierarchical pre-synthesis "BmbUartCtrl_2fa2c88f3c1f4868ba7cd09620d007ba" end (Real time : 0s CPU user time : 1s CPU sys time : 0s MEM : 323108KB)
INFO     : ... Hierarchical pre-synthesis "BmbGpio2_2fa2c88f3c1f4868ba7cd09620d007ba" begin
INFO     : ... Hierarchical pre-synthesis "BmbGpio2_2fa2c88f3c1f4868ba7cd09620d007ba" end (Real time : 0s CPU user time : 1s CPU sys time : 0s MEM : 323108KB)
INFO     : ... Hierarchical pre-synthesis "EfxSapphireSoc_2fa2c88f3c1f4868ba7cd09620d007ba" begin

INFO     : ... Hierarchical pre-synthesis "EfxSapphireSoc_2fa2c88f3c1f4868ba7cd09620d007ba" end (Real time : 1s CPU user time : 2s CPU sys time : 0s MEM : 323108KB)
INFO     : ... Hierarchical pre-synthesis "micro_risc_v1" begin

INFO     : ... Hierarchical pre-synthesis "micro_risc_v1" end (Real time : 0s CPU user time : 3s CPU sys time : 0s MEM : 323108KB)
INFO     : ... Hierarchical pre-synthesis "rmii_udp_tx_top" begin

INFO     : ... Hierarchical pre-synthesis "rmii_udp_tx_top" end (Real time : 0s CPU user time : 3s CPU sys time : 0s MEM : 323108KB)
INFO     : ... Hierarchical pre-synthesis "edb_top" begin

INFO     : ... Hierarchical pre-synthesis "edb_top" end (Real time : 0s CPU user time : 3s CPU sys time : 0s MEM : 323108KB)
INFO     : ... Hierarchical pre-synthesis "top_level" begin

WARNING  : Mapping into logic memory block 'u_micro_risc_v1/u_EfxSapphireSoc/system_riscvJtag_debug_logic_dm/logic_progbufX_mem' (64 bits) (/home/olle/efinity_p2/BRAM/ip/micro_risc_v1/micro_risc_v1.v:4949) because size is too small (<=64) [EFX-0657]

INFO     : ... Clock Enable Synthesis Performed on 327 flops.

INFO     : ... Hierarchical pre-synthesis "top_level" end (Real time : 1s CPU user time : 4s CPU sys time : 0s MEM : 323108KB)

INFO     : ... Flat optimizations begin

INFO     : ... Flat optimizations end (Real time : 1s CPU user time : 5s CPU sys time : 0s MEM : 323108KB)

INFO     : ... Flat synthesis begin

INFO     : ... Flat synthesis end (Real time : 0s CPU user time : 5s CPU sys time : 0s MEM : 323108KB)

INFO     : ... Flat optimizations begin

INFO     : ... Flat optimizations end (Real time : 0s CPU user time : 5s CPU sys time : 0s MEM : 323108KB)

INFO     : ... Check and break combinational loops begin

INFO     : ... Check and break combinational loops end (Real time : 0s CPU user time : 5s CPU sys time : 0s MEM : 323108KB)

INFO     : ... Sequential Optimization begin

INFO     : ... Clock Network 'pll_clk' with 2314 loads will be considered for sequential optimization.

INFO     : ... Clock Network 'clk' with 1760 loads will be considered for sequential optimization.

INFO     : ... Clock Network 'jtag_inst1_TCK' with 876 loads will be considered for sequential optimization.

INFO     : ... Clock Network 'jtag_dummy_TCK' with 221 loads will be considered for sequential optimization.

INFO     : ... Sequential Optimization deduced 780 equivalent points.

INFO     : ... Sequential Optimization end (Real time : 21s CPU user time : 27s CPU sys time : 0s MEM : 323108KB)
INFO     : ... Setup for logic synthesis begin

INFO     : ... Setup for logic synthesis end (Real time : 0s CPU user time : 27s CPU sys time : 0s MEM : 323108KB)
INFO     : ... LUT mapping begin

INFO     : ... LS, strategy: 3, nd: 3405, ed: 11281, lv: 8, pw: 8722.15
INFO     : ... LUT mapping end (Real time : 13s CPU user time : 42s CPU sys time : 0s MEM : 323108KB)
INFO     : ... Post-synthesis Verific netlist creation begin

INFO     : ... Post-synthesis Verific netlist creation end (Real time : 0s CPU user time : 42s CPU sys time : 0s MEM : 323108KB)

INFO     : ... Postmap Retiming Optimization begin

INFO     : ... Clock Network 'pll_clk~pll_clk' with 2302 loads will be considered for retiming optimization.

INFO     : ... Clock Network 'clk~clk' with 1498 loads will be considered for retiming optimization.

INFO     : ... Clock Network 'jtag_inst1_TCK~jtag_inst1_TCK' with 876 loads will be considered for retiming optimization.

INFO     : ... Clock Network 'jtag_dummy_TCK~jtag_dummy_TCK' with 220 loads will be considered for retiming optimization.

INFO     : ... Performed 0 retime moves.

INFO     : ... Postmap Retiming Optimization end (Real time : 19s CPU user time : 61s CPU sys time : 0s MEM : 323108KB)

INFO     : ***** Beginning VDB Netlist Checker ... *****
WARNING  : /home/olle/efinity_p2/BRAM/top_level.vhd(16): Input/inout port rmii_crs_dv is unconnected and will be removed. [VDB-8003]
WARNING  : /home/olle/efinity_p2/BRAM/top_level.vhd(17): Input/inout port rmii_rx_er is unconnected and will be removed. [VDB-8003]
WARNING  : /home/olle/efinity_p2/BRAM/top_level.vhd(18): Input/inout port rmii_rxd[1] is unconnected and will be removed. [VDB-8003]
WARNING  : /home/olle/efinity_p2/BRAM/top_level.vhd(21): Input/inout port mdio_i is unconnected and will be removed. [VDB-8003]
WARNING  : /home/olle/efinity_p2/BRAM/top_level.vhd(29): Input/inout port jtag_dummy_TMS is unconnected and will be removed. [VDB-8003]
WARNING  : /home/olle/efinity_p2/BRAM/top_level.vhd(30): Input/inout port jtag_dummy_SEL is unconnected and will be removed. [VDB-8003]
WARNING  : /home/olle/efinity_p2/BRAM/top_level.vhd(31): Input/inout port jtag_dummy_DRCK is unconnected and will be removed. [VDB-8003]
WARNING  : /home/olle/efinity_p2/BRAM/top_level.vhd(33): Input/inout port jtag_dummy_RUNTEST is unconnected and will be removed. [VDB-8003]
WARNING  : /home/olle/efinity_p2/BRAM/top_level.vhd(38): Input/inout port led4 is unconnected and will be removed. [VDB-8003]
WARNING  : Input/inout port jtag_inst1_DRCK is unconnected and will be removed. [VDB-8003]
WARNING  : Input/inout port jtag_inst1_RUNTEST is unconnected and will be removed. [VDB-8003]
WARNING  : Input/inout port jtag_inst1_TMS is unconnected and will be removed. [VDB-8003]

WARNING  : Net u_micro_risc_v1/u_EfxSapphireSoc/system_cores_0_logic_cpu/IBusCachedPlugin_cache/lineLoader_address[0] is dangling. [VDB-8009]
WARNING  : Net u_micro_risc_v1/u_EfxSapphireSoc/system_cores_0_logic_cpu/IBusCachedPlugin_cache/lineLoader_address[1] is dangling. [VDB-8009]
WARNING  : Net u_micro_risc_v1/u_EfxSapphireSoc/system_cores_0_logic_cpu/IBusCachedPlugin_cache/lineLoader_address[2] is dangling. [VDB-8009]
WARNING  : Net u_micro_risc_v1/u_EfxSapphireSoc/system_cores_0_logic_cpu/IBusCachedPlugin_cache/lineLoader_address[3] is dangling. [VDB-8009]
WARNING  : Net u_micro_risc_v1/u_EfxSapphireSoc/system_cores_0_logic_cpu/IBusCachedPlugin_cache/lineLoader_address[4] is dangling. [VDB-8009]
WARNING  : Net u_micro_risc_v1/u_EfxSapphireSoc/system_cores_0_logic_cpu/IBusCachedPlugin_cache/lineLoader_address[5] is dangling. [VDB-8009]

WARNING  : Found 19 warnings in the post-synthesis netlist.
INFO     : VDB Netlist Checker took 0.0381917 seconds.
INFO     : 	VDB Netlist Checker took 0.07 seconds (approximately) in total CPU time.
INFO     : VDB Netlist Checker virtual memory usage: begin = 334.168 MB, end = 334.168 MB, delta = 0 MB
INFO     : VDB Netlist Checker resident set memory usage: begin = 237.62 MB, end = 237.748 MB, delta = 0.128 MB
INFO     : 	VDB Netlist Checker peak resident set memory usage = 323.108 MB
INFO     : ***** Ending VDB Netlist Checker ... *****

INFO     : Resource Summary 
INFO     : =============================== 
INFO     : EFX_ADD         : 	483
INFO     : EFX_LUT4        : 	5457
INFO     : EFX_FF          : 	4896
INFO     : EFX_RAM_5K      : 	80
INFO     : EFX_GBUFCE      : 	4
INFO     : =============================== 
INFO     : ... Post-Map Verilog Writer begin
INFO     : Writing netlist 'top_level' to Verilog file '/home/olle/efinity_p2/BRAM/work_dbg/BRAM.dbg.map.v' [VDB-1030]

INFO     : ... Post-Map Verilog Writer end (Real time : 0s CPU user time : 62s CPU sys time : 0s MEM : 323108KB)

INFO     : The entire flow of EFX_MAP took 58.7376 seconds.
INFO     : 	The entire flow of EFX_MAP took 62.78 seconds (approximately) in total CPU time.
INFO     : The entire flow of EFX_MAP virtual memory usage: begin = 88.4 MB, end = 334.168 MB, delta = 245.768 MB
INFO     : The entire flow of EFX_MAP resident set memory usage: begin = 27.264 MB, end = 237.748 MB, delta = 210.484 MB
INFO     : 	The entire flow of EFX_MAP peak resident set memory usage = 323.108 MB

Wed August 20 25 19:44:03 - /home/olle/efinix/efinity/2025.1/bin/efx_map finished. Exit code = 0 Exit status : Normal

Debugger Step Merge User design with Debugger Cores. Done

--------------------------------------------------------------

--------------------------------------------------------------

Start Debugger Step Instantiate Jtag.

Wed August 20 25 19:44:03 - /home/olle/efinix/efinity/2025.1/bin/python3  "/home/olle/efinix/efinity/2025.1/scripts/efx_pt_jtag_util.py" --device "T20F169" --project "BRAM" --design_file "/home/olle/efinity_p2/BRAM/BRAM.peri.xml" --action "add" --jtag_user "JTAG_USER1" --output "/home/olle/efinity_p2/BRAM/BRAM.dbg.peri.xml"

Wed August 20 25 19:44:03 - Running /home/olle/efinix/efinity/2025.1/bin/python3...


== Load a design from file /home/olle/efinity_p2/BRAM/BRAM.peri.xml
INFO: Load design...
INFO: Periphery design is in sync with Efinity project
INFO: Load design...done.

== Create JTAG with default setting and pin name

== Assign JTAG_USER1 resource to new jtag
INFO: Check design...
INFO: Check design...done.

== Save Design to file: /home/olle/efinity_p2/BRAM/BRAM.dbg.peri.xml
INFO: Save as design...
INFO: Save as design...done.

Save db version: 20251999

Wed August 20 25 19:44:05 - /home/olle/efinix/efinity/2025.1/bin/python3 finished. Exit code = 0 Exit status : Normal

Debugger Step Instantiate Jtag. Done

--------------------------------------------------------------

Debugger Step Instantiate Jtag. Done

Wed August 20 25 19:44:06 - End Debugger Flow



-------------------------------------------------------------------------

Placement and Routing

-------------------------------------------------------------------------

Wed August 20 25 19:44:06 - Placement and routing flow working directory is /home/olle/efinity_p2/BRAM/work_pnr


INFO     : --max_threads set to 4 

Wed August 20 25 19:44:07 - /home/olle/efinix/efinity/2025.1/bin/python3  "/home/olle/efinix/efinity/2025.1/scripts/efx_run_pt_unified.py"  "BRAM.dbg"  "Trion"  "T20F169"

Wed August 20 25 19:44:07 - Running /home/olle/efinix/efinity/2025.1/bin/python3...

Load design file BRAM.dbg.peri.xml
Writing out summary report file
Writing out pinout file
Writing out interface config file
Writing out timing related file
Writing out verilog template file
Writing out option register file
Writing out boundary scan description file
Writing out LPF

Wed August 20 25 19:44:10 - /home/olle/efinix/efinity/2025.1/bin/python3 finished. Exit code = 0 Exit status : Normal

Wed August 20 25 19:44:10 - /home/olle/efinix/efinity/2025.1/bin/efx_pnr --circuit "BRAM" --family "Trion" --device "T20F169" --operating_conditions "C3" --pack --place --route --vdb_file "/home/olle/efinity_p2/BRAM/outflow/BRAM.dbg.vdb" --use_vdb_file "on" --place_file "/home/olle/efinity_p2/BRAM/outflow/BRAM.place" --route_file "/home/olle/efinity_p2/BRAM/outflow/BRAM.route" --sdc_file "/home/olle/efinity_p2/BRAM/const1.sdc" --sync_file "/home/olle/efinity_p2/BRAM/outflow/BRAM.interface.csv" --seed "1" --placer_effort_level "2" --max_threads "-1" --print_critical_path "10" --work_dir "/home/olle/efinity_p2/BRAM/work_pnr" --output_dir "/home/olle/efinity_p2/BRAM/outflow" --timing_analysis "on" --load_delay_matrix

Wed August 20 25 19:44:10 - Running /home/olle/efinix/efinity/2025.1/bin/efx_pnr...

INFO     : --max_threads set to 4 


           

           Efinix FPGA Placement and Routing.

           Version: 2025.1.110.2.15 

           Compiled: Jun 21 2025.

           

           Copyright (C) 2013 - 2025 Efinix, Inc. All rights reserved.


           

           The Tool Is Based on VPR of University of Toronto,

           a free open source code under MIT license.

           

           

INFO     : Running Placement and Routing for Family "Trion", Device "T20F169" ...


           

           ***** Beginning stage netlist pre-processing ... *****

INFO     : Successfully Read in Verific binary Netlist dump file "/home/olle/efinity_p2/BRAM/outflow/BRAM.dbg.vdb".


INFO     : ***** Beginning VDB Netlist Checker ... *****


WARNING  : /home/olle/efinity_p2/BRAM/top_level.vhd(16): Input/inout port rmii_crs_dv is unconnected and will be removed. [VDB-8003]


WARNING  : /home/olle/efinity_p2/BRAM/top_level.vhd(17): Input/inout port rmii_rx_er is unconnected and will be removed. [VDB-8003]


WARNING  : /home/olle/efinity_p2/BRAM/top_level.vhd(18): Input/inout port rmii_rxd[1] is unconnected and will be removed. [VDB-8003]


WARNING  : /home/olle/efinity_p2/BRAM/top_level.vhd(21): Input/inout port mdio_i is unconnected and will be removed. [VDB-8003]


WARNING  : /home/olle/efinity_p2/BRAM/top_level.vhd(29): Input/inout port jtag_dummy_TMS is unconnected and will be removed. [VDB-8003]


WARNING  : /home/olle/efinity_p2/BRAM/top_level.vhd(30): Input/inout port jtag_dummy_SEL is unconnected and will be removed. [VDB-8003]


WARNING  : /home/olle/efinity_p2/BRAM/top_level.vhd(31): Input/inout port jtag_dummy_DRCK is unconnected and will be removed. [VDB-8003]


WARNING  : /home/olle/efinity_p2/BRAM/top_level.vhd(33): Input/inout port jtag_dummy_RUNTEST is unconnected and will be removed. [VDB-8003]


WARNING  : /home/olle/efinity_p2/BRAM/top_level.vhd(38): Input/inout port led4 is unconnected and will be removed. [VDB-8003]


WARNING  : Input/inout port jtag_inst1_DRCK is unconnected and will be removed. [VDB-8003]


WARNING  : Input/inout port jtag_inst1_RUNTEST is unconnected and will be removed. [VDB-8003]


WARNING  : Input/inout port jtag_inst1_TMS is unconnected and will be removed. [VDB-8003]


WARNING  : Net u_micro_risc_v1/u_EfxSapphireSoc/system_cores_0_logic_cpu/IBusCachedPlugin_cache/lineLoader_address[0] is dangling. [VDB-8009]


WARNING  : Net u_micro_risc_v1/u_EfxSapphireSoc/system_cores_0_logic_cpu/IBusCachedPlugin_cache/lineLoader_address[1] is dangling. [VDB-8009]


WARNING  : Net u_micro_risc_v1/u_EfxSapphireSoc/system_cores_0_logic_cpu/IBusCachedPlugin_cache/lineLoader_address[2] is dangling. [VDB-8009]


WARNING  : Net u_micro_risc_v1/u_EfxSapphireSoc/system_cores_0_logic_cpu/IBusCachedPlugin_cache/lineLoader_address[3] is dangling. [VDB-8009]


WARNING  : Net u_micro_risc_v1/u_EfxSapphireSoc/system_cores_0_logic_cpu/IBusCachedPlugin_cache/lineLoader_address[4] is dangling. [VDB-8009]


WARNING  : Net u_micro_risc_v1/u_EfxSapphireSoc/system_cores_0_logic_cpu/IBusCachedPlugin_cache/lineLoader_address[5] is dangling. [VDB-8009]


WARNING  : Found 19 warnings in the post-synthesis netlist.


INFO     : VDB Netlist Checker took 0.0294076 seconds.


INFO     : 	VDB Netlist Checker took 0.06 seconds (approximately) in total CPU time.


INFO     : VDB Netlist Checker virtual memory usage: begin = 228.66 MB, end = 245.072 MB, delta = 16.412 MB


INFO     : VDB Netlist Checker resident set memory usage: begin = 119.168 MB, end = 119.808 MB, delta = 0.64 MB


INFO     : 	VDB Netlist Checker peak resident set memory usage = 323.108 MB


INFO     : ***** Ending VDB Netlist Checker ... *****


INFO     : Reading core interface constraints file "/home/olle/efinity_p2/BRAM/outflow/BRAM.interface.csv"


INFO     : Successfully read core interface constraints file "/home/olle/efinity_p2/BRAM/outflow/BRAM.interface.csv"


INFO     : Found 0 constant generator nets.


INFO     : Pass 0: Swept away 6 nets with no fanout.


INFO     : logical_block #7(rmii_crs_dv) has no fanout.


INFO     : Removing input.


INFO     : logical_block #8(rmii_rx_er) has no fanout.


INFO     : Removing input.


INFO     : logical_block #9(rmii_rxd[1]) has no fanout.


INFO     : Removing input.


INFO     : logical_block #10(rmii_rxd[0]) has no fanout.


INFO     : Removing input.


INFO     : logical_block #14(mdio_i) has no fanout.


INFO     : Removing input.


INFO     : logical_block #22(jtag_dummy_TMS) has no fanout.


INFO     : Removing input.


INFO     : logical_block #23(jtag_dummy_SEL) has no fanout.


INFO     : Removing input.


INFO     : logical_block #24(jtag_dummy_DRCK) has no fanout.


INFO     : Removing input.


INFO     : logical_block #26(jtag_dummy_RUNTEST) has no fanout.


INFO     : Removing input.


INFO     : logical_block #31(led4) has no fanout.


INFO     : Removing input.


INFO     : logical_block #35(jtag_inst1_DRCK) has no fanout.


INFO     : Removing input.


INFO     : logical_block #37(jtag_inst1_RUNTEST) has no fanout.


INFO     : Removing input.


INFO     : logical_block #42(jtag_inst1_TMS) has no fanout.


INFO     : Removing input.


WARNING  : logical_block u_micro_risc_v1/u_EfxSapphireSoc/system_cores_0_logic_cpu/IBusCachedPlugin_cache/lineLoader_address[0]~FF #257 has no fanout. Check synthesis flow


WARNING  : logical_block u_micro_risc_v1/u_EfxSapphireSoc/system_cores_0_logic_cpu/IBusCachedPlugin_cache/lineLoader_address[1]~FF #267 has no fanout. Check synthesis flow


WARNING  : logical_block u_micro_risc_v1/u_EfxSapphireSoc/system_cores_0_logic_cpu/IBusCachedPlugin_cache/lineLoader_address[2]~FF #268 has no fanout. Check synthesis flow


WARNING  : logical_block u_micro_risc_v1/u_EfxSapphireSoc/system_cores_0_logic_cpu/IBusCachedPlugin_cache/lineLoader_address[3]~FF #269 has no fanout. Check synthesis flow


WARNING  : logical_block u_micro_risc_v1/u_EfxSapphireSoc/system_cores_0_logic_cpu/IBusCachedPlugin_cache/lineLoader_address[4]~FF #270 has no fanout. Check synthesis flow


WARNING  : logical_block u_micro_risc_v1/u_EfxSapphireSoc/system_cores_0_logic_cpu/IBusCachedPlugin_cache/lineLoader_address[5]~FF #271 has no fanout. Check synthesis flow


INFO     : Pass 0: Swept away 13 blocks with no fanout.


INFO     : Pass 1: Swept away 0 nets with no fanout.


WARNING  : logical_block u_micro_risc_v1/u_EfxSapphireSoc/system_cores_0_logic_cpu/IBusCachedPlugin_cache/lineLoader_address[0]~FF #257 has no fanout. Check synthesis flow


WARNING  : logical_block u_micro_risc_v1/u_EfxSapphireSoc/system_cores_0_logic_cpu/IBusCachedPlugin_cache/lineLoader_address[1]~FF #267 has no fanout. Check synthesis flow


WARNING  : logical_block u_micro_risc_v1/u_EfxSapphireSoc/system_cores_0_logic_cpu/IBusCachedPlugin_cache/lineLoader_address[2]~FF #268 has no fanout. Check synthesis flow


WARNING  : logical_block u_micro_risc_v1/u_EfxSapphireSoc/system_cores_0_logic_cpu/IBusCachedPlugin_cache/lineLoader_address[3]~FF #269 has no fanout. Check synthesis flow


WARNING  : logical_block u_micro_risc_v1/u_EfxSapphireSoc/system_cores_0_logic_cpu/IBusCachedPlugin_cache/lineLoader_address[4]~FF #270 has no fanout. Check synthesis flow


WARNING  : logical_block u_micro_risc_v1/u_EfxSapphireSoc/system_cores_0_logic_cpu/IBusCachedPlugin_cache/lineLoader_address[5]~FF #271 has no fanout. Check synthesis flow


INFO     : Pass 1: Swept away 0 blocks with no fanout.


INFO     : Swept away 6 nets and 13 blocks in total.


INFO     : Removed 0 LUT buffers


INFO     : Sweept away 13 nodes


INFO     : Successfully created VPR logical netlist from Verific binary DataBase file "/home/olle/efinity_p2/BRAM/outflow/BRAM.dbg.vdb".


INFO     : Netlist pre-processing took 0.229469 seconds.


INFO     : 	Netlist pre-processing took 0.22 seconds (approximately) in total CPU time.


INFO     : Netlist pre-processing virtual memory usage: begin = 228.66 MB, end = 245.072 MB, delta = 16.412 MB


INFO     : Netlist pre-processing resident set memory usage: begin = 118.272 MB, end = 120.32 MB, delta = 2.048 MB


INFO     : 	Netlist pre-processing peak resident set memory usage = 323.108 MB


           ***** Ending stage netlist pre-processing *****

           

           ***** Beginning stage pre-packing ... *****

           ***** Ending stage pre-packing *****

           

           ***** Beginning stage packing ... *****

WARNING  : Packer found FF 'u_micro_risc_v1/u_EfxSapphireSoc/system_cores_0_logic_cpu/IBusCachedPlugin_cache/lineLoader_address[0]~FF' with no output net.


WARNING  : If possible, remove 'syn_preserve' attribute on FF output.


WARNING  : Packer found FF 'u_micro_risc_v1/u_EfxSapphireSoc/system_cores_0_logic_cpu/IBusCachedPlugin_cache/lineLoader_address[1]~FF' with no output net.


WARNING  : If possible, remove 'syn_preserve' attribute on FF output.


WARNING  : Packer found FF 'u_micro_risc_v1/u_EfxSapphireSoc/system_cores_0_logic_cpu/IBusCachedPlugin_cache/lineLoader_address[2]~FF' with no output net.


WARNING  : If possible, remove 'syn_preserve' attribute on FF output.


WARNING  : Packer found FF 'u_micro_risc_v1/u_EfxSapphireSoc/system_cores_0_logic_cpu/IBusCachedPlugin_cache/lineLoader_address[3]~FF' with no output net.


WARNING  : If possible, remove 'syn_preserve' attribute on FF output.


WARNING  : Packer found FF 'u_micro_risc_v1/u_EfxSapphireSoc/system_cores_0_logic_cpu/IBusCachedPlugin_cache/lineLoader_address[4]~FF' with no output net.


WARNING  : If possible, remove 'syn_preserve' attribute on FF output.


WARNING  : Packer found FF 'u_micro_risc_v1/u_EfxSapphireSoc/system_cores_0_logic_cpu/IBusCachedPlugin_cache/lineLoader_address[5]~FF' with no output net.


WARNING  : If possible, remove 'syn_preserve' attribute on FF output.


INFO     : Generate proto netlist for file "/home/olle/efinity_p2/BRAM/work_pnr/BRAM.net_proto" took 0.017657 seconds


INFO     : Creating IO constraints file '/home/olle/efinity_p2/BRAM/work_pnr/BRAM.io_place'


INFO     : Packing took 0.0640767 seconds.


INFO     : 	Packing took 0.06 seconds (approximately) in total CPU time.


INFO     : Packing virtual memory usage: begin = 245.072 MB, end = 245.072 MB, delta = 0 MB


INFO     : Packing resident set memory usage: begin = 121.088 MB, end = 121.472 MB, delta = 0.384 MB


INFO     : 	Packing peak resident set memory usage = 323.108 MB


           ***** Ending stage packing *****

           

INFO     : Read proto netlist file /home/olle/efinity_p2/BRAM/work_pnr/BRAM.net_proto


INFO     : Read proto netlist for file "/home/olle/efinity_p2/BRAM/work_pnr/BRAM.net_proto" took 0.01557 seconds


INFO     : Setup net and block data structure took 0.244545 seconds


WARNING  : Found 19 warnings in the post-synthesis netlist.


INFO     : Reading core interface constraints file "/home/olle/efinity_p2/BRAM/outflow/BRAM.interface.csv"


INFO     : Successfully read core interface constraints file "/home/olle/efinity_p2/BRAM/outflow/BRAM.interface.csv"


INFO     : logical_block u_micro_risc_v1/u_EfxSapphireSoc/system_cores_0_logic_cpu/IBusCachedPlugin_cache/lineLoader_address[0]~FF #257 has no fanout. Check synthesis flow


INFO     : logical_block u_micro_risc_v1/u_EfxSapphireSoc/system_cores_0_logic_cpu/IBusCachedPlugin_cache/lineLoader_address[1]~FF #267 has no fanout. Check synthesis flow


INFO     : logical_block u_micro_risc_v1/u_EfxSapphireSoc/system_cores_0_logic_cpu/IBusCachedPlugin_cache/lineLoader_address[2]~FF #268 has no fanout. Check synthesis flow


INFO     : logical_block u_micro_risc_v1/u_EfxSapphireSoc/system_cores_0_logic_cpu/IBusCachedPlugin_cache/lineLoader_address[3]~FF #269 has no fanout. Check synthesis flow


INFO     : logical_block u_micro_risc_v1/u_EfxSapphireSoc/system_cores_0_logic_cpu/IBusCachedPlugin_cache/lineLoader_address[4]~FF #270 has no fanout. Check synthesis flow


INFO     : logical_block u_micro_risc_v1/u_EfxSapphireSoc/system_cores_0_logic_cpu/IBusCachedPlugin_cache/lineLoader_address[5]~FF #271 has no fanout. Check synthesis flow


INFO     : logical_block u_micro_risc_v1/u_EfxSapphireSoc/system_cores_0_logic_cpu/IBusCachedPlugin_cache/lineLoader_address[0]~FF #257 has no fanout. Check synthesis flow


INFO     : logical_block u_micro_risc_v1/u_EfxSapphireSoc/system_cores_0_logic_cpu/IBusCachedPlugin_cache/lineLoader_address[1]~FF #267 has no fanout. Check synthesis flow


INFO     : logical_block u_micro_risc_v1/u_EfxSapphireSoc/system_cores_0_logic_cpu/IBusCachedPlugin_cache/lineLoader_address[2]~FF #268 has no fanout. Check synthesis flow


INFO     : logical_block u_micro_risc_v1/u_EfxSapphireSoc/system_cores_0_logic_cpu/IBusCachedPlugin_cache/lineLoader_address[3]~FF #269 has no fanout. Check synthesis flow


INFO     : logical_block u_micro_risc_v1/u_EfxSapphireSoc/system_cores_0_logic_cpu/IBusCachedPlugin_cache/lineLoader_address[4]~FF #270 has no fanout. Check synthesis flow


INFO     : logical_block u_micro_risc_v1/u_EfxSapphireSoc/system_cores_0_logic_cpu/IBusCachedPlugin_cache/lineLoader_address[5]~FF #271 has no fanout. Check synthesis flow


           ***** Beginning stage packed netlist loading ... *****

INFO     : Read proto netlist file /home/olle/efinity_p2/BRAM/work_pnr/BRAM.net_proto


INFO     : Read proto netlist for file "/home/olle/efinity_p2/BRAM/work_pnr/BRAM.net_proto" took 0.014935 seconds


INFO     : Setup net and block data structure took 0.238041 seconds


INFO     : Packed netlist loading took 0.255501 seconds.


INFO     : 	Packed netlist loading took 0.25 seconds (approximately) in total CPU time.


INFO     : Packed netlist loading virtual memory usage: begin = 274.376 MB, end = 274.376 MB, delta = 0 MB


INFO     : Packed netlist loading resident set memory usage: begin = 157.696 MB, end = 157.696 MB, delta = 0 MB


INFO     : 	Packed netlist loading peak resident set memory usage = 323.108 MB


           ***** Ending stage packed netlist loading *****

           

           ***** Beginning stage pre-placement ... *****

           

           ***** Ending stage pre-placement *****

           

INFO     : SDC file '/home/olle/efinity_p2/BRAM/const1.sdc' parsed successfully.


INFO     : 2 clocks (including virtual clocks), 0 inputs and 0 outputs were constrained.


           ***** Beginning stage initial placement ... *****

INFO     : Reading core interface constraints file "/home/olle/efinity_p2/BRAM/outflow/BRAM.interface.csv"


INFO     : Successfully read core interface constraints file "/home/olle/efinity_p2/BRAM/outflow/BRAM.interface.csv"


INFO     : Writing IO placement constraints to "/home/olle/efinity_p2/BRAM/outflow/BRAM.interface.io"


INFO     : Reading placement constraints from '/home/olle/efinity_p2/BRAM/outflow/BRAM.interface.io'.


INFO     : Reading placement constraints from '/home/olle/efinity_p2/BRAM/work_pnr/BRAM.io_place'.


WARNING  : jtag_dummy_TDI has no assigned placement; it will be placed randomly.


WARNING  : jtag_dummy_TCK has no assigned placement; it will be placed randomly.


WARNING  : jtag_dummy_RESET has no assigned placement; it will be placed randomly.


WARNING  : jtag_dummy_CAPTURE has no assigned placement; it will be placed randomly.


WARNING  : jtag_dummy_SHIFT has no assigned placement; it will be placed randomly.


WARNING  : jtag_dummy_UPDATE has no assigned placement; it will be placed randomly.


WARNING  : jtag_dummy_TDO has no assigned placement; it will be placed randomly.


INFO     : 7 IOs will have random placement.


WARNING  : Clock source jtag_inst1_TCK does not use a dedicated clock pad, so extra clock insertion delay is added


           ***** Ending stage initial placement *****

           

           ***** Beginning stage placement ... *****

INFO     : Found 81 synchronizers as follows: 


INFO     : 	Synchronizer 0: 


INFO     :  u_micro_risc_v1/u_EfxSapphireSoc/system_riscvJtag_hard_noTap_tunnel_io_bus_cmd_payload_address[6]~FF


INFO     : 	Synchronizer 1: 


INFO     :  u_micro_risc_v1/u_EfxSapphireSoc/system_riscvJtag_hard_noTap_tunnel_io_bus_cmd_payload_address[5]~FF


INFO     : 	Synchronizer 2: 


INFO     :  u_micro_risc_v1/u_EfxSapphireSoc/system_riscvJtag_hard_noTap_tunnel_io_bus_cmd_payload_address[4]~FF


INFO     : 	Synchronizer 3: 


INFO     :  u_micro_risc_v1/u_EfxSapphireSoc/system_riscvJtag_hard_noTap_tunnel_io_bus_cmd_payload_address[3]~FF


INFO     : 	Synchronizer 4: 


INFO     :  u_micro_risc_v1/u_EfxSapphireSoc/system_riscvJtag_hard_noTap_tunnel_io_bus_cmd_payload_address[2]~FF


INFO     : 	Synchronizer 5: 


INFO     :  u_micro_risc_v1/u_EfxSapphireSoc/system_riscvJtag_hard_noTap_tunnel_io_bus_cmd_payload_address[1]~FF


INFO     : 	Synchronizer 6: 


INFO     :  u_micro_risc_v1/u_EfxSapphireSoc/system_riscvJtag_hard_noTap_tunnel_io_bus_cmd_payload_data[31]~FF


INFO     : 	Synchronizer 7: 


INFO     :  u_micro_risc_v1/u_EfxSapphireSoc/system_riscvJtag_hard_noTap_tunnel_io_bus_cmd_payload_data[30]~FF


INFO     : 	Synchronizer 8: 


INFO     :  u_micro_risc_v1/u_EfxSapphireSoc/system_riscvJtag_hard_noTap_tunnel_io_bus_cmd_payload_data[26]~FF


INFO     : 	Synchronizer 9: 


INFO     :  u_micro_risc_v1/u_EfxSapphireSoc/system_riscvJtag_hard_noTap_tunnel_io_bus_cmd_payload_data[25]~FF


INFO     : 	Synchronizer 10: 


INFO     :  u_micro_risc_v1/u_EfxSapphireSoc/system_riscvJtag_hard_noTap_tunnel_io_bus_cmd_payload_data[24]~FF


INFO     : 	Synchronizer 11: 


INFO     :  u_micro_risc_v1/u_EfxSapphireSoc/system_riscvJtag_hard_noTap_tunnel_io_bus_cmd_payload_data[23]~FF


INFO     : 	Synchronizer 12: 


INFO     :  u_micro_risc_v1/u_EfxSapphireSoc/system_riscvJtag_hard_noTap_tunnel_io_bus_cmd_payload_data[22]~FF


INFO     : 	Synchronizer 13: 


INFO     :  u_micro_risc_v1/u_EfxSapphireSoc/system_riscvJtag_hard_noTap_tunnel_io_bus_cmd_payload_data[21]~FF


INFO     : 	Synchronizer 14: 


INFO     :  u_micro_risc_v1/u_EfxSapphireSoc/system_riscvJtag_hard_noTap_tunnel_io_bus_cmd_payload_data[20]~FF


INFO     : 	Synchronizer 15: 


INFO     :  u_micro_risc_v1/u_EfxSapphireSoc/system_riscvJtag_hard_noTap_tunnel_io_bus_cmd_payload_data[19]~FF


INFO     : 	Synchronizer 16: 


INFO     :  u_micro_risc_v1/u_EfxSapphireSoc/system_riscvJtag_hard_noTap_tunnel_io_bus_cmd_payload_data[18]~FF


INFO     : 	Synchronizer 17: 


INFO     :  u_micro_risc_v1/u_EfxSapphireSoc/system_riscvJtag_hard_noTap_tunnel_io_bus_cmd_payload_data[17]~FF


INFO     : 	Synchronizer 18: 


INFO     :  u_micro_risc_v1/u_EfxSapphireSoc/system_riscvJtag_hard_noTap_tunnel_io_bus_cmd_payload_data[16]~FF


INFO     : 	Synchronizer 19: 


INFO     :  u_micro_risc_v1/u_EfxSapphireSoc/system_riscvJtag_hard_noTap_tunnel_io_bus_cmd_payload_data[15]~FF


INFO     : 	Synchronizer 20: 


INFO     :  u_micro_risc_v1/u_EfxSapphireSoc/system_riscvJtag_hard_noTap_tunnel_io_bus_cmd_payload_data[14]~FF


INFO     : 	Synchronizer 21: 


INFO     :  u_micro_risc_v1/u_EfxSapphireSoc/system_riscvJtag_hard_noTap_tunnel_io_bus_cmd_payload_data[13]~FF


INFO     : 	Synchronizer 22: 


INFO     :  u_micro_risc_v1/u_EfxSapphireSoc/system_riscvJtag_hard_noTap_tunnel_io_bus_cmd_payload_data[12]~FF


INFO     : 	Synchronizer 23: 


INFO     :  u_micro_risc_v1/u_EfxSapphireSoc/system_riscvJtag_hard_noTap_tunnel/logic_systemLogic_bus_rsp_ccToggle_io_output_payload_data[3]~FF


INFO     : 	Synchronizer 24: 


INFO     :  u_micro_risc_v1/u_EfxSapphireSoc/system_riscvJtag_hard_noTap_tunnel/logic_systemLogic_bus_rsp_ccToggle_io_output_payload_data[2]~FF


INFO     : 	Synchronizer 25: 


INFO     :  u_micro_risc_v1/u_EfxSapphireSoc/system_riscvJtag_hard_noTap_tunnel/logic_systemLogic_bus_rsp_ccToggle_io_output_payload_data[1]~FF


INFO     : 	Synchronizer 26: 


INFO     :  u_micro_risc_v1/u_EfxSapphireSoc/system_riscvJtag_hard_noTap_tunnel/logic_systemLogic_bus_rsp_ccToggle_io_output_payload_data[0]~FF


INFO     : 	Synchronizer 27: 


INFO     :  u_micro_risc_v1/u_EfxSapphireSoc/system_riscvJtag_hard_noTap_tunnel/logic_systemLogic_bus_rsp_ccToggle/system_riscvJtag_hard_noTap_tunnel_toplevel_debugCd_logic_outputReset_asyncAssertSyncDeassert_buffercc/buffers_0~FF


INFO     :  u_micro_risc_v1/u_EfxSapphireSoc/system_riscvJtag_hard_noTap_tunnel/logic_systemLogic_bus_rsp_ccToggle/system_riscvJtag_hard_noTap_tunnel_toplevel_debugCd_logic_outputReset_asyncAssertSyncDeassert_buffercc_io_dataOut~FF


INFO     : 	Synchronizer 28: 


INFO     :  u_micro_risc_v1/u_EfxSapphireSoc/system_riscvJtag_hard_noTap_tunnel/logic_systemLogic_bus_rsp_ccToggle/inputArea_target_buffercc/buffers_0~FF


INFO     :  u_micro_risc_v1/u_EfxSapphireSoc/system_riscvJtag_hard_noTap_tunnel/logic_systemLogic_bus_rsp_ccToggle/inputArea_target_buffercc_io_dataOut~FF


INFO     : 	Synchronizer 29: 


INFO     :  u_micro_risc_v1/u_EfxSapphireSoc/system_riscvJtag_hard_noTap_tunnel/logic_systemLogic_bus_rsp_ccToggle_io_output_payload_data[20]~FF


INFO     : 	Synchronizer 30: 


INFO     :  u_micro_risc_v1/u_EfxSapphireSoc/system_riscvJtag_hard_noTap_tunnel_io_bus_cmd_payload_data[29]~FF


INFO     : 	Synchronizer 31: 


INFO     :  u_micro_risc_v1/u_EfxSapphireSoc/system_riscvJtag_hard_noTap_tunnel_io_bus_cmd_payload_address[0]~FF


INFO     : 	Synchronizer 32: 


INFO     :  u_micro_risc_v1/u_EfxSapphireSoc/system_riscvJtag_hard_noTap_tunnel/logic_systemLogic_bus_rsp_ccToggle_io_output_payload_data[6]~FF


INFO     : 	Synchronizer 33: 


INFO     :  u_micro_risc_v1/u_EfxSapphireSoc/system_riscvJtag_hard_noTap_tunnel/logic_systemLogic_bus_rsp_ccToggle_io_output_payload_data[9]~FF


INFO     : 	Synchronizer 34: 


INFO     :  u_micro_risc_v1/u_EfxSapphireSoc/system_riscvJtag_hard_noTap_tunnel/logic_systemLogic_bus_rsp_ccToggle_io_output_payload_data[10]~FF


INFO     : 	Synchronizer 35: 


INFO     :  u_micro_risc_v1/u_EfxSapphireSoc/system_riscvJtag_hard_noTap_tunnel/logic_systemLogic_bus_rsp_ccToggle_io_output_payload_data[8]~FF


INFO     : 	Synchronizer 36: 


INFO     :  u_micro_risc_v1/u_EfxSapphireSoc/system_riscvJtag_hard_noTap_tunnel_io_bus_cmd_payload_data[28]~FF


INFO     : 	Synchronizer 37: 


INFO     :  u_micro_risc_v1/u_EfxSapphireSoc/system_riscvJtag_hard_noTap_tunnel_io_bus_cmd_payload_data[0]~FF


INFO     : 	Synchronizer 38: 


INFO     :  u_micro_risc_v1/u_EfxSapphireSoc/system_riscvJtag_hard_noTap_tunnel/logic_systemLogic_bus_rsp_ccToggle_io_output_payload_data[5]~FF


INFO     : 	Synchronizer 39: 


INFO     :  u_micro_risc_v1/u_EfxSapphireSoc/system_riscvJtag_hard_noTap_tunnel/logic_systemLogic_bus_rsp_ccToggle_io_output_payload_data[4]~FF


INFO     : 	Synchronizer 40: 


INFO     :  u_micro_risc_v1/u_EfxSapphireSoc/system_riscvJtag_hard_noTap_tunnel/logic_systemLogic_bus_rsp_ccToggle_io_output_payload_data[7]~FF


INFO     : 	Synchronizer 41: 


INFO     :  u_micro_risc_v1/u_EfxSapphireSoc/debugCd_logic_outputReset_asyncAssertSyncDeassert_buffercc/buffers_0~FF


INFO     :  u_micro_risc_v1/u_EfxSapphireSoc/debugCd_logic_outputReset_asyncAssertSyncDeassert_buffercc_io_dataOut~FF


INFO     : 	Synchronizer 42: 


INFO     :  u_micro_risc_v1/u_EfxSapphireSoc/system_riscvJtag_hard_noTap_tunnel/logic_systemLogic_bus_rsp_ccToggle_io_output_payload_data[16]~FF


INFO     : 	Synchronizer 43: 


INFO     :  u_micro_risc_v1/u_EfxSapphireSoc/system_riscvJtag_hard_noTap_tunnel/logic_systemLogic_bus_rsp_ccToggle_io_output_payload_data[17]~FF


INFO     : 	Synchronizer 44: 


INFO     :  u_micro_risc_v1/u_EfxSapphireSoc/system_riscvJtag_hard_noTap_tunnel_io_bus_cmd_payload_data[27]~FF


INFO     : 	Synchronizer 45: 


INFO     :  u_micro_risc_v1/u_EfxSapphireSoc/system_riscvJtag_hard_noTap_tunnel_io_bus_cmd_payload_write~FF


INFO     : 	Synchronizer 46: 


INFO     :  u_micro_risc_v1/u_EfxSapphireSoc/system_riscvJtag_hard_noTap_tunnel/logic_systemLogic_bus_rsp_ccToggle_io_output_payload_data[11]~FF


INFO     : 	Synchronizer 47: 


INFO     :  u_micro_risc_v1/u_EfxSapphireSoc/system_riscvJtag_hard_noTap_tunnel/logic_systemLogic_bus_rsp_ccToggle_io_output_payload_data[12]~FF


INFO     : 	Synchronizer 48: 


INFO     :  u_micro_risc_v1/u_EfxSapphireSoc/system_riscvJtag_hard_noTap_tunnel/logic_systemLogic_bus_rsp_ccToggle_io_output_payload_data[13]~FF


INFO     : 	Synchronizer 49: 


INFO     :  u_micro_risc_v1/u_EfxSapphireSoc/system_riscvJtag_hard_noTap_tunnel/logic_systemLogic_bus_rsp_ccToggle_io_output_payload_data[14]~FF


INFO     : 	Synchronizer 50: 


INFO     :  u_micro_risc_v1/u_EfxSapphireSoc/system_uart_0_io_logic/uartCtrl_1/rx/io_rxd_buffercc/buffers_0~FF


INFO     :  u_micro_risc_v1/u_EfxSapphireSoc/system_uart_0_io_logic/uartCtrl_1/rx/io_rxd_buffercc_io_dataOut~FF


INFO     : 	Synchronizer 51: 


INFO     :  u_micro_risc_v1/u_EfxSapphireSoc/io_asyncReset_asyncAssertSyncDeassert_buffercc/buffers_0~FF


INFO     :  u_micro_risc_v1/u_EfxSapphireSoc/io_asyncReset_asyncAssertSyncDeassert_buffercc_io_dataOut~FF


INFO     : 	Synchronizer 52: 


INFO     :  u_micro_risc_v1/u_EfxSapphireSoc/system_riscvJtag_hard_noTap_tunnel/logic_systemLogic_bus_rsp_ccToggle_io_output_payload_data[15]~FF


INFO     : 	Synchronizer 53: 


INFO     :  u_micro_risc_v1/u_EfxSapphireSoc/system_coreStopTime_buffercc/buffers_0~FF


INFO     :  u_micro_risc_v1/u_EfxSapphireSoc/system_coreStopTime_buffercc_io_dataOut~FF


INFO     : 	Synchronizer 54: 


INFO     :  u_micro_risc_v1/u_EfxSapphireSoc/system_riscvJtag_hard_noTap_tunnel/logic_systemLogic_bus_rsp_ccToggle_io_output_payload_data[18]~FF


INFO     : 	Synchronizer 55: 


INFO     :  u_micro_risc_v1/u_EfxSapphireSoc/system_riscvJtag_debug_systemReset_asyncAssertSyncDeassert_buffercc/buffers_0~FF


INFO     :  u_micro_risc_v1/u_EfxSapphireSoc/system_riscvJtag_debug_systemReset_asyncAssertSyncDeassert_buffercc_io_dataOut~FF


INFO     : 	Synchronizer 56: 


INFO     :  u_micro_risc_v1/u_EfxSapphireSoc/system_cores_0_logic_cpu/systemCd_logic_outputReset_buffercc/buffers_0~FF


INFO     :  u_micro_risc_v1/u_EfxSapphireSoc/system_cores_0_logic_cpu_debugBus_unavailable~FF


INFO     : 	Synchronizer 57: 


INFO     :  u_micro_risc_v1/u_EfxSapphireSoc/system_riscvJtag_hard_noTap_tunnel/logic_systemLogic_bus_rsp_ccToggle_io_output_payload_data[19]~FF


INFO     : 	Synchronizer 58: 


INFO     :  u_micro_risc_v1/u_EfxSapphireSoc/system_riscvJtag_hard_noTap_tunnel_io_bus_cmd_payload_data[9]~FF


INFO     : 	Synchronizer 59: 


INFO     :  u_micro_risc_v1/u_EfxSapphireSoc/system_riscvJtag_hard_noTap_tunnel/logic_systemLogic_bus_rsp_ccToggle_io_output_payload_data[29]~FF


INFO     : 	Synchronizer 60: 


INFO     :  u_micro_risc_v1/u_EfxSapphireSoc/system_riscvJtag_hard_noTap_tunnel_io_bus_cmd_payload_data[10]~FF


INFO     : 	Synchronizer 61: 


INFO     :  u_micro_risc_v1/u_EfxSapphireSoc/system_riscvJtag_hard_noTap_tunnel/logic_systemLogic_bus_rsp_ccToggle_io_output_payload_data[30]~FF


INFO     : 	Synchronizer 62: 


INFO     :  u_micro_risc_v1/u_EfxSapphireSoc/system_riscvJtag_hard_noTap_tunnel/logic_systemLogic_bus_rsp_ccToggle_io_output_payload_data[21]~FF


INFO     : 	Synchronizer 63: 


INFO     :  u_micro_risc_v1/u_EfxSapphireSoc/system_riscvJtag_hard_noTap_tunnel_io_bus_cmd_payload_data[1]~FF


INFO     : 	Synchronizer 64: 


INFO     :  u_micro_risc_v1/u_EfxSapphireSoc/system_riscvJtag_hard_noTap_tunnel_io_bus_cmd_payload_data[11]~FF


INFO     : 	Synchronizer 65: 


INFO     :  u_micro_risc_v1/u_EfxSapphireSoc/system_riscvJtag_hard_noTap_tunnel/logic_systemLogic_bus_rsp_ccToggle_io_output_payload_data[31]~FF


INFO     : 	Synchronizer 66: 


INFO     :  u_micro_risc_v1/u_EfxSapphireSoc/system_riscvJtag_hard_noTap_tunnel/logic_systemLogic_bus_rsp_ccToggle_io_output_payload_data[22]~FF


INFO     : 	Synchronizer 67: 


INFO     :  u_micro_risc_v1/u_EfxSapphireSoc/system_riscvJtag_hard_noTap_tunnel_io_bus_cmd_payload_data[2]~FF


INFO     : 	Synchronizer 68: 


INFO     :  u_micro_risc_v1/u_EfxSapphireSoc/system_riscvJtag_hard_noTap_tunnel/logic_systemLogic_bus_rsp_ccToggle_io_output_payload_data[23]~FF


INFO     : 	Synchronizer 69: 


INFO     :  u_micro_risc_v1/u_EfxSapphireSoc/system_riscvJtag_hard_noTap_tunnel_io_bus_cmd_payload_data[3]~FF


INFO     : 	Synchronizer 70: 


INFO     :  u_micro_risc_v1/u_EfxSapphireSoc/system_riscvJtag_hard_noTap_tunnel/logic_systemLogic_bus_rsp_ccToggle_io_output_payload_data[24]~FF


INFO     : 	Synchronizer 71: 


INFO     :  u_micro_risc_v1/u_EfxSapphireSoc/system_riscvJtag_hard_noTap_tunnel_io_bus_cmd_payload_data[4]~FF


INFO     : 	Synchronizer 72: 


INFO     :  u_micro_risc_v1/u_EfxSapphireSoc/system_riscvJtag_hard_noTap_tunnel/logic_systemLogic_bus_rsp_ccToggle_io_output_payload_data[25]~FF


INFO     : 	Synchronizer 73: 


INFO     :  u_micro_risc_v1/u_EfxSapphireSoc/system_riscvJtag_hard_noTap_tunnel_io_bus_cmd_payload_data[5]~FF


INFO     : 	Synchronizer 74: 


INFO     :  u_micro_risc_v1/u_EfxSapphireSoc/system_riscvJtag_hard_noTap_tunnel/logic_jtagLogic_dmiCmd_ccToggle/inputArea_target_buffercc/buffers_0~FF


INFO     :  u_micro_risc_v1/u_EfxSapphireSoc/system_riscvJtag_hard_noTap_tunnel/logic_jtagLogic_dmiCmd_ccToggle/inputArea_target_buffercc_io_dataOut~FF


INFO     : 	Synchronizer 75: 


INFO     :  u_micro_risc_v1/u_EfxSapphireSoc/system_riscvJtag_hard_noTap_tunnel/logic_systemLogic_bus_rsp_ccToggle_io_output_payload_data[26]~FF


INFO     : 	Synchronizer 76: 


INFO     :  u_micro_risc_v1/u_EfxSapphireSoc/system_riscvJtag_hard_noTap_tunnel_io_bus_cmd_payload_data[6]~FF


INFO     : 	Synchronizer 77: 


INFO     :  u_micro_risc_v1/u_EfxSapphireSoc/system_riscvJtag_hard_noTap_tunnel/logic_systemLogic_bus_rsp_ccToggle_io_output_payload_data[27]~FF


INFO     : 	Synchronizer 78: 


INFO     :  u_micro_risc_v1/u_EfxSapphireSoc/system_riscvJtag_hard_noTap_tunnel_io_bus_cmd_payload_data[7]~FF


INFO     : 	Synchronizer 79: 


INFO     :  u_micro_risc_v1/u_EfxSapphireSoc/system_riscvJtag_hard_noTap_tunnel/logic_systemLogic_bus_rsp_ccToggle_io_output_payload_data[28]~FF


INFO     : 	Synchronizer 80: 


INFO     :  u_micro_risc_v1/u_EfxSapphireSoc/system_riscvJtag_hard_noTap_tunnel_io_bus_cmd_payload_data[8]~FF


INFO     : Starting Global Placer with 4 threads ...


            ----------     -------  --------------     -------

             Iteration       WHPWL Worst Slack (ps) Convergence

            ----------     -------  --------------     -------

INFO     :           1    10017130           -2552         2.1%


INFO     :           2    10457022           -2595         2.7%


INFO     :           3     8524564           -2595         2.9%


INFO     :           4     8267973           -2595         3.4%


INFO     :           5     4383888           -2826         4.3%


INFO     :           6     2361817           -2595         7.2%


INFO     :           7     1284303           -3834        16.2%


INFO     :           8      726587           -6130        30.1%


INFO     :           9      523276           -7089        46.4%


INFO     :          10      457456           -8211        57.4%


INFO     :          11      425391           -8715        60.6%


INFO     :          12      423242           -7373        65.3%


INFO     :          13      415904           -8129        65.8%


INFO     :          14      415009           -7664        67.3%


INFO     :          15      405974           -7692        68.0%


INFO     :          16      408808           -7984        70.7%


INFO     :          17      401976           -7681        70.7%


INFO     :          18      406977           -7347        71.5%


INFO     :          19      395381           -7278        71.5%


INFO     :          20      407264           -7241        74.3%


INFO     :          21      389608           -7214        74.3%


INFO     :          22      412545           -7017        75.3%


INFO     :          23      390689           -7556        75.3%


INFO     :          24      411285           -7433        76.3%


INFO     :          25      393939           -7812        76.3%


INFO     :          26      409225           -7657        77.2%


INFO     :          27      389304           -7467        77.2%


INFO     :          28      401803           -7997        78.8%


INFO     :          29      383010           -7789        78.8%


INFO     :          30      396166           -8384        80.2%


INFO     :          31      379769           -7655        80.2%


INFO     :          32      393035           -7647        81.0%


INFO     :          33      378486           -8518        81.0%


INFO     :          34      388598           -7731        82.0%


INFO     :          35      377596           -7810        82.0%


INFO     :          36      386114           -7816        82.5%


INFO     :          37      375801           -7974        82.5%


INFO     :          38      384821           -8140        83.2%


INFO     :          39      374737           -7799        83.2%


INFO     :          40      383748           -8132        83.8%


INFO     :          41      372826           -8130        83.8%


INFO     :          42      379279           -8140        84.5%


INFO     :          43      371754           -8128        84.5%


INFO     :          44      381085           -8242        84.7%


INFO     :          45      367973           -8398        84.7%


INFO     :          46      375026           -7925        86.0%


INFO     :          47      369767           -8395        86.0%


INFO     :          48      378778           -8084        86.0%


INFO     :          49      367033           -7990        86.0%


INFO     :          50      373715           -7765        87.3%


INFO     :          51      369706           -7732        87.3%


INFO     :          52      376321           -7990        87.7%


INFO     :          53      367015           -7663        87.7%


INFO     :          54      372527           -7632        88.3%


INFO     :          55      370910           -8002        88.3%


INFO     :          56      375130           -7602        88.3%


INFO     :          57      367054           -8338        88.3%


INFO     :          58      371195           -8271        90.3%


INFO     :          59      370925           -8190        90.3%


INFO     :          60      369899           -8860        90.3%


INFO     :          61      370600           -8218        90.6%


INFO     :          62      370353           -7682        91.0%


INFO     :          63      372046           -7900        91.9%


INFO     :          64      368921           -8232        91.9%


INFO     :          65      369526           -8560        93.8%


INFO     :          66      365860           -8984        94.2%


INFO     :          67      366854           -8018        95.4%


INFO     :          68      368522           -8236        96.6%


INFO     :          69      369733           -8681        97.4%


INFO     :          70      370750           -8661        98.0%


INFO     :          71      371339           -8294        98.7%


INFO     :          72      372335           -8217        98.8%


INFO     : Starting Annealer


            ----------     -------  --------------     -------

             Iteration       WHPWL  Delay Max (ps)     R Limit

            ----------     -------  --------------     -------

INFO     :           0      170964           14859        30.0


INFO     :           1      154546           13314        28.9


INFO     :           2      144905           15995        27.8


INFO     :           3      136336           14753        26.3


INFO     :           4      131405           11949        24.9


INFO     :           5      129509           11949        23.5


INFO     :           6      127679           11762        22.1


INFO     :           7      126725           15120        20.6


INFO     :           8      124924           11388        19.3


INFO     :           9      123695           14626        18.0


INFO     :          10      122395           14961        16.8


INFO     :          11      121399           11513        15.6


INFO     :          12      120525           10934        14.5


INFO     :          13      119708           11188        13.5


INFO     :          14      119055           14392        12.5


INFO     :          15      118201           14392        11.6


INFO     :          16      116723           11100        10.8


INFO     :          17      116016           10992        10.0


INFO     :          18      115562           14311         9.2


INFO     :          19      114570           10741         8.6


INFO     :          20      113716           10714         7.9


INFO     :          21      112905           10714         7.3


INFO     :          22      112279           10713         6.8


INFO     :          23      111818           10713         6.3


INFO     :          24      111316           10713         5.8


INFO     :          25      110130           10713         5.4


INFO     :          26      109287           10713         5.0


INFO     :          27      108805           10841         4.7


INFO     :          28      108726           14568         4.3


INFO     :          29      107770           10471         4.0


INFO     :          30      107321           10799         3.7


INFO     :          31      106868           14280         3.4


INFO     :          32      105932           14280         3.2


INFO     :          33      105440           13483         3.0


INFO     :          34      105078           14386         2.7


INFO     :          35      105105           10209         2.5


INFO     :          36      104592           14386         2.3


INFO     :          37      104379           14243         2.2


INFO     :          38      104110           14386         2.0


INFO     :          39      103918           14243         1.8


INFO     :          40      103905           14243         1.7


INFO     :          41      103850           14386         1.6


INFO     :          42      103915           14243         1.4


INFO     :          43      103524           10473         1.3


INFO     :          44      103215           10212         1.2


INFO     : Counted delay computer calls: 115633
Placement successful: 8815 cells are placed


INFO     : Peak congestion smeared over 1/4 of the chip is 0.336687 at 70,58


INFO     : Congestion-weighted HPWL per net: 26.3114


INFO     : Post-placement cluster-level checks is successful


INFO     : Checks is successful


INFO     : Reading placement constraints from '/home/olle/efinity_p2/BRAM/outflow/BRAM.qplace'.


INFO     : Finished Realigning Types (825 blocks needed type change)


INFO     : Completed placement consistency check successfully.




INFO     : Successfully created FPGA place file '/home/olle/efinity_p2/BRAM/outflow/BRAM.place'


INFO     : Placement took 16.6071 seconds.


INFO     : 	Placement took 43.4 seconds (approximately) in total CPU time.


INFO     : Placement virtual memory usage: begin = 274.376 MB, end = 407.272 MB, delta = 132.896 MB


INFO     : Placement resident set memory usage: begin = 158.08 MB, end = 279.092 MB, delta = 121.012 MB


INFO     : 	Placement peak resident set memory usage = 323.108 MB


           ***** Ending stage placement *****

           

           

           Efinix FPGA Placement and Routing.

           Version: 2025.1.110.2.15 

           Compiled: Jun 21 2025.

           

           Copyright (C) 2013 - 2025 Efinix, Inc. All rights reserved.


           

           The Tool Is Based on VPR of University of Toronto,

           a free open source code under MIT license.

           

           

INFO     : Running Placement and Routing for Family "Trion", Device "T20F169" ...


           

           ***** Beginning stage routing graph generation ... *****

INFO     : Read ipin pattern from /home/olle/efinix/efinity/2025.1/arch/./routing/ipin_oph.xml


INFO     : Finished parsing ipin pattern file '/home/olle/efinix/efinity/2025.1/arch/./routing/ipin_oph.xdb'.


INFO     : Finished parsing switch_block file '/home/olle/efinix/efinity/2025.1/arch/./routing/sb_connectivity_subset.xdb'.


INFO     : BuildGraph process took 2.88036 seconds.


INFO     : 	BuildGraph process took 2.77 seconds (approximately) in total CPU time.


INFO     : BuildGraph process virtual memory usage: begin = 407.272 MB, end = 579.008 MB, delta = 171.736 MB


INFO     : BuildGraph process resident set memory usage: begin = 279.732 MB, end = 485 MB, delta = 205.268 MB


INFO     : 	BuildGraph process peak resident set memory usage = 485 MB


INFO     : check rr_graph process took 0.123327 seconds.


INFO     : 	check rr_graph process took 0.11 seconds (approximately) in total CPU time.


INFO     : check rr_graph process virtual memory usage: begin = 606.608 MB, end = 615.808 MB, delta = 9.2 MB


INFO     : check rr_graph process resident set memory usage: begin = 512.648 MB, end = 521.992 MB, delta = 9.344 MB


INFO     : 	check rr_graph process peak resident set memory usage = 521.992 MB


INFO     : Generated 1177540 RR nodes and 4451218 RR edges


INFO     : This design has 0 global control net(s). See /home/olle/efinity_p2/BRAM/outflow/BRAM.route.rpt for details.


INFO     : Routing graph took 3.09008 seconds.


INFO     : 	Routing graph took 2.96 seconds (approximately) in total CPU time.


INFO     : Routing graph virtual memory usage: begin = 407.272 MB, end = 615.808 MB, delta = 208.536 MB


INFO     : Routing graph resident set memory usage: begin = 279.092 MB, end = 522.12 MB, delta = 243.028 MB


INFO     : 	Routing graph peak resident set memory usage = 522.12 MB


           ***** Ending stage routing graph generation *****

           

           ***** Beginning stage routing ... *****

INFO     : SDC file '/home/olle/efinity_p2/BRAM/const1.sdc' parsed successfully.


INFO     : 2 clocks (including virtual clocks), 0 inputs and 0 outputs were constrained.


INFO     :  ---------      -------     --------------      -------------


INFO     :  Iteration      Overuse     Crit Path (ns)      Calc Time (s)


INFO     :  ---------      -------     --------------      -------------


INFO     :          1        29852              10.82               4.04


INFO     :          2         5614              10.68               4.51


INFO     :          3         2552              10.68               3.88


INFO     :          4          818              10.59               3.56


INFO     :          5          364              10.59                4.8


INFO     :          6          180              10.59               4.75


INFO     :          7           93              10.59               3.59


INFO     :          8           39              10.66              0.602


INFO     :          9           14              10.93              0.622


INFO     :         10            6              10.98               2.89


INFO     :         11            1              10.92               2.41


INFO     :         12            1              10.92               3.86


INFO     :         13            0              10.92               4.23


           

INFO     : Successfully routed netlist after 13 routing iterations and 96526774 heapops


INFO     : Completed net delay value cross check successfully.


           ***** Beginning stage routing check ... *****

           ***** Ending stage routing check *****

           

INFO     : Serial number (magic cookie) for the routing is: 789131618


INFO     : Netlist fully routed.


INFO     : Successfully created FPGA route file '/home/olle/efinity_p2/BRAM/outflow/BRAM.route'


INFO     : Routing took 44.9684 seconds.


INFO     : 	Routing took 45.34 seconds (approximately) in total CPU time.


INFO     : Routing virtual memory usage: begin = 615.808 MB, end = 910.424 MB, delta = 294.616 MB


INFO     : Routing resident set memory usage: begin = 522.12 MB, end = 772.744 MB, delta = 250.624 MB


INFO     : 	Routing peak resident set memory usage = 772.744 MB


           ***** Ending stage routing *****

           

           ***** Beginning stage final timing analysis ... *****

INFO     : SDC file '/home/olle/efinity_p2/BRAM/const1.sdc' parsed successfully.


INFO     : 2 clocks (including virtual clocks), 0 inputs and 0 outputs were constrained.


Maximum possible analyzed clocks frequency
 Clock Name  Period (ns)  Frequency (MHz)     Edge
  clk           17.629        56.725         (R-R)
  pll_clk       11.074        90.302         (R-R)

Geomean max period: 13.972

Setup (Max) Clock Relationship
  Launch Clock    Capture Clock   Constraint (ns)     Slack (ns)          Edge
    clk              clk               30.000           12.371           (R-R)
    pll_clk          clk                1.000           -2.973           (R-R)
    pll_clk          pll_clk            7.000           -4.074           (R-R)

Hold (Min) Clock Relationship
  Launch Clock    Capture Clock   Constraint (ns)     Slack (ns)          Edge
    clk              clk               0.000            0.119            (R-R)
    pll_clk          clk               0.000            0.307            (R-R)
    pll_clk          pll_clk           0.000            0.119            (R-R)


WARNING  : Clock domain between pll_clk (rising) and clk (rising) may not meet (slack: -2.973 ns) the setup (max) timing requirement


WARNING  : Clock domain between pll_clk (rising) and pll_clk (rising) may not meet (slack: -4.074 ns) the setup (max) timing requirement


INFO     : Write Timing Report to "/home/olle/efinity_p2/BRAM/outflow/BRAM.timing.rpt" ...


INFO     : final timing analysis took 0.571557 seconds.


INFO     : 	final timing analysis took 0.59 seconds (approximately) in total CPU time.


INFO     : final timing analysis virtual memory usage: begin = 910.424 MB, end = 910.424 MB, delta = 0 MB


INFO     : final timing analysis resident set memory usage: begin = 771.964 MB, end = 772.348 MB, delta = 0.384 MB


INFO     : 	final timing analysis peak resident set memory usage = 772.744 MB


           ***** Ending stage final timing analysis *****

           

           ***** Beginning stage bitstream generation ... *****

INFO     : Reading core interface constraints file "/home/olle/efinity_p2/BRAM/outflow/BRAM.interface.csv"


INFO     : Successfully read core interface constraints file "/home/olle/efinity_p2/BRAM/outflow/BRAM.interface.csv"


INFO     : Finished writing bitstream file /home/olle/efinity_p2/BRAM/work_pnr/BRAM.lbf.


INFO     : Bitstream generation took 0.56102 seconds.


INFO     : 	Bitstream generation took 0.55 seconds (approximately) in total CPU time.


INFO     : Bitstream generation virtual memory usage: begin = 910.424 MB, end = 910.424 MB, delta = 0 MB


INFO     : Bitstream generation resident set memory usage: begin = 772.348 MB, end = 773.244 MB, delta = 0.896 MB


INFO     : 	Bitstream generation peak resident set memory usage = 773.244 MB


           ***** Ending stage bitstream generation *****

           

INFO     : The entire flow of EFX_PNR took 70.0818 seconds.


INFO     : 	The entire flow of EFX_PNR took 97.7 seconds (approximately) in total CPU time.


INFO     : The entire flow of EFX_PNR virtual memory usage: begin = 119.636 MB, end = 910.424 MB, delta = 790.788 MB


INFO     : The entire flow of EFX_PNR resident set memory usage: begin = 38.272 MB, end = 773.244 MB, delta = 734.972 MB


INFO     : 	The entire flow of EFX_PNR peak resident set memory usage = 773.244 MB


Wed August 20 25 19:45:20 - /home/olle/efinix/efinity/2025.1/bin/efx_pnr finished. Exit code = 0 Exit status : Normal





-------------------------------------------------------------------------

Generating bitstream

-------------------------------------------------------------------------

Wed August 20 25 19:45:21 - Bitstream generation flow working directory is /home/olle/efinity_p2/BRAM/work_pnr


INFO     : --max_threads set to 4 

Wed August 20 25 19:45:21 - /home/olle/efinix/efinity/2025.1/bin/efx_pgm --source "/home/olle/efinity_p2/BRAM/work_pnr/BRAM.lbf" --dest "/home/olle/efinity_p2/BRAM/outflow/BRAM.hex" --device "T20F169" --family "Trion" --periph "/home/olle/efinity_p2/BRAM/outflow/BRAM.lpf" --interface_designer_settings "/home/olle/efinity_p2/BRAM/outflow/BRAM_or.ini" --enable_external_master_clock "off" --oscillator_clock_divider "DIV8" --active_capture_clk_edge "posedge" --spi_low_power_mode "on" --io_weak_pullup "on" --enable_roms "smart" --mode "active" --width "1" --release_tri_then_reset "on"

Wed August 20 25 19:45:21 - Running /home/olle/efinix/efinity/2025.1/bin/efx_pgm...

INFO     : Efinix FPGA Bitstream Generator.


INFO     : Version: 2025.1.110.2.15 


INFO     : Copyright (C) 2013 - 2025 Efinix, Inc. All rights reserved.


INFO     : Compiled: May  7 2025.


INFO     : Using source file "/home/olle/efinity_p2/BRAM/work_pnr/BRAM.lbf"


INFO     : Generating HEX programming file for device "T20F169", family "Trion"


INFO     : Using periphery source file "/home/olle/efinity_p2/BRAM/outflow/BRAM.lpf"


INFO     : Generating bit file: "/home/olle/efinity_p2/BRAM/outflow/BRAM.bit"


INFO     : HEX Generation Options Summary:


INFO     : 	Listing options specified to bitstream generation:


INFO     : 	spi_low_power_mode                       = on


INFO     : 	oscillator_clock_divider                 = DIV8


INFO     : 	io_weak_pullup                           = on


INFO     : 	enable_remote_update                     = off


INFO     : 	release_tri_then_reset                   = on


INFO     : Finished generating "/home/olle/efinity_p2/BRAM/outflow/BRAM.hex"


INFO     : Efinix Bitstream Generator took 1.01579 seconds.


INFO     : 	Efinix Bitstream Generator took 0.95 seconds (approximately) in total CPU time.


INFO     : Efinix Bitstream Generator virtual memory usage: begin = 35.096 MB, end = 93.392 MB, delta = 58.296 MB


INFO     : Efinix Bitstream Generator resident set memory usage: begin = 14.976 MB, end = 75.52 MB, delta = 60.544 MB


INFO     : 	Efinix Bitstream Generator peak resident set memory usage = 323.108 MB


Wed August 20 25 19:45:23 - /home/olle/efinix/efinity/2025.1/bin/efx_pgm finished. Exit code = 0 Exit status : Normal

Running hex generation flow done.

Wed August 20 25 19:45:23 - Running automated flow starting from placement done. Total duration = 2m 50.617s

Wed August 20 25 19:45:58 - Running Efinity Debugger...

Wed August 20 25 19:47:07 - Efinity Debugger finished. Exit code = 0 Exit status : Normal

Wed August 20 25 19:47:09 - Running Efinity Debugger...

Wed August 20 25 19:49:59 - Running Efinity Programmer...

Wed August 20 25 20:20:06 - Efinity Debugger finished. Exit code = 0 Exit status : Normal

Wed August 20 25 20:20:10 - Running automated flow starting from synthesis...



Wed August 20 25 20:20:10 - Floorplan closed VM : 655.312 MB RSS : 299.828 MB



-------------------------------------------------------------------------

Synthesis

-------------------------------------------------------------------------

Wed August 20 25 20:20:10 - Synthesis flow working directory is /home/olle/efinity_p2/BRAM/work_syn


INFO     : --max_threads set to 4 

INFO     : Deleting any pre-existing troute trace files

INFO     : Deleting any pre-existing troute trace files

INFO     : Deleting any pre-existing troute trace files

Wed August 20 25 20:20:11 - /home/olle/efinix/efinity/2025.1/bin/efx_map --project "BRAM" --root "top_level" --write-efx-verilog "/home/olle/efinity_p2/BRAM/outflow/BRAM.map.v" --write-premap-module "/home/olle/efinity_p2/BRAM/outflow/BRAM.elab.vdb" --binary-db "/home/olle/efinity_p2/BRAM/outflow/BRAM.vdb" --device "T20F169" --family "Trion" --veri_option "verilog_mode=verilog_2k,vhdl_mode=vhdl_2008" --work-dir "/home/olle/efinity_p2/BRAM/work_syn" --output-dir "/home/olle/efinity_p2/BRAM/outflow" --project-xml "/home/olle/efinity_p2/BRAM/BRAM.xml" --I "/home/olle/efinity_p2/BRAM" --I "/home/olle/efinity_p2/BRAM/ip/BRAM_8192_bytes" --I "/home/olle/efinity_p2/BRAM/ip/micro_risc_v1"

Wed August 20 25 20:20:11 - Running /home/olle/efinix/efinity/2025.1/bin/efx_map...

INFO     : Efinix FPGA Synthesis.


INFO     : Version: 2025.1.110.2.15


INFO     : Compiled: Jun 21 2025.


INFO     : 


INFO     : Copyright (C) 2013 - 2025 Efinix, Inc. All rights reserved.



INFO     : Reading project database "/home/olle/efinity_p2/BRAM/BRAM.xml"


INFO     : Analyzing Verilog file '/home/olle/efinix/efinity/2025.1/sim_models/maplib/efinix_peri_lib.v' [VERI-1482]


INFO     : /home/olle/efinix/efinity/2025.1/sim_models/maplib/efinix_peri_lib.v(8): compiling module 'EFX_IBUF' [VERI-1018]


INFO     : /home/olle/efinix/efinity/2025.1/sim_models/maplib/efinix_peri_lib.v(16): compiling module 'EFX_OBUF' [VERI-1018]


INFO     : /home/olle/efinix/efinity/2025.1/sim_models/maplib/efinix_peri_lib.v(23): compiling module 'EFX_IO_BUF' [VERI-1018]


INFO     : /home/olle/efinix/efinity/2025.1/sim_models/maplib/efinix_peri_lib.v(33): compiling module 'EFX_CLKOUT' [VERI-1018]


INFO     : /home/olle/efinix/efinity/2025.1/sim_models/maplib/efinix_peri_lib.v(41): compiling module 'EFX_IREG' [VERI-1018]


INFO     : /home/olle/efinix/efinity/2025.1/sim_models/maplib/efinix_peri_lib.v(51): compiling module 'EFX_OREG' [VERI-1018]


INFO     : /home/olle/efinix/efinity/2025.1/sim_models/maplib/efinix_peri_lib.v(60): compiling module 'EFX_IOREG' [VERI-1018]


INFO     : /home/olle/efinix/efinity/2025.1/sim_models/maplib/efinix_peri_lib.v(75): compiling module 'EFX_IDDIO' [VERI-1018]


INFO     : /home/olle/efinix/efinity/2025.1/sim_models/maplib/efinix_peri_lib.v(87): compiling module 'EFX_ODDIO' [VERI-1018]


INFO     : /home/olle/efinix/efinity/2025.1/sim_models/maplib/efinix_peri_lib.v(99): compiling module 'EFX_GPIO_V1' [VERI-1018]


INFO     : /home/olle/efinix/efinity/2025.1/sim_models/maplib/efinix_peri_lib.v(124): compiling module 'EFX_GPIO_V2' [VERI-1018]


INFO     : /home/olle/efinix/efinity/2025.1/sim_models/maplib/efinix_peri_lib.v(149): compiling module 'EFX_GPIO_V3' [VERI-1018]


INFO     : /home/olle/efinix/efinity/2025.1/sim_models/maplib/efinix_peri_lib.v(186): compiling module 'EFX_PLL_V1' [VERI-1018]


INFO     : /home/olle/efinix/efinity/2025.1/sim_models/maplib/efinix_peri_lib.v(205): compiling module 'EFX_PLL_V2' [VERI-1018]


INFO     : /home/olle/efinix/efinity/2025.1/sim_models/maplib/efinix_peri_lib.v(231): compiling module 'EFX_PLL_V3' [VERI-1018]


INFO     : /home/olle/efinix/efinity/2025.1/sim_models/maplib/efinix_peri_lib.v(279): compiling module 'EFX_OSC_V1' [VERI-1018]


INFO     : /home/olle/efinix/efinity/2025.1/sim_models/maplib/efinix_peri_lib.v(285): compiling module 'EFX_OSC_V3' [VERI-1018]


INFO     : /home/olle/efinix/efinity/2025.1/sim_models/maplib/efinix_peri_lib.v(294): compiling module 'EFX_FPLL_V1' [VERI-1018]


INFO     : /home/olle/efinix/efinity/2025.1/sim_models/maplib/efinix_peri_lib.v(348): compiling module 'EFX_JTAG_V1' [VERI-1018]


INFO     : /home/olle/efinix/efinity/2025.1/sim_models/maplib/efinix_peri_lib.v(357): compiling module 'EFX_JTAG_CTRL' [VERI-1018]


INFO     : /home/olle/efinix/efinity/2025.1/sim_models/maplib/efinix_peri_lib.v(364): compiling module 'EFX_LVDS_RX_V1' [VERI-1018]


INFO     : /home/olle/efinix/efinity/2025.1/sim_models/maplib/efinix_peri_lib.v(381): compiling module 'EFX_LVDS_TX_V1' [VERI-1018]


INFO     : /home/olle/efinix/efinity/2025.1/sim_models/maplib/efinix_peri_lib.v(399): compiling module 'EFX_LVDS_RX_V2' [VERI-1018]


INFO     : /home/olle/efinix/efinity/2025.1/sim_models/maplib/efinix_peri_lib.v(426): compiling module 'EFX_LVDS_TX_V2' [VERI-1018]


INFO     : /home/olle/efinix/efinity/2025.1/sim_models/maplib/efinix_peri_lib.v(446): compiling module 'EFX_LVDS_BIDIR_V2' [VERI-1018]


INFO     : Reading project database "/home/olle/efinity_p2/BRAM/BRAM.xml"


INFO     : ***** Beginning Analysis ... *****


INFO     : default VHDL library search path is now "/home/olle/efinix/efinity/2025.1/sim_models/vhdl/packages/vhdl_2008" [VHDL-1504]


INFO     : Analyzing Verilog file '/home/olle/efinix/efinity/2025.1/sim_models/maplib/efinix_maplib.v' [VERI-1482]


INFO     : Analyzing Verilog file '/home/olle/efinix/efinity/2025.1/sim_models/maplib/efinix_peri_lib.v' [VERI-1482]


INFO     : Analyzing Verilog file '/home/olle/efinix/efinity/2025.1/sim_models/maplib/efinix_maplib.v' [VERI-1482]


INFO     : Analyzing Verilog file '/home/olle/efinix/efinity/2025.1/sim_models/maplib/efinix_peri_lib.v' [VERI-1482]


INFO     : Analyzing VHDL file '/home/olle/efinity_p2/BRAM/top_level.vhd' [VHDL-1481]


INFO     : Restoring VHDL unit 'ieee.std_logic_1164' from file '/home/olle/efinix/efinity/2025.1/sim_models/vhdl/packages/vhdl_2008/ieee/std_logic_1164.vdb' [VHDL-1493]


INFO     : Restoring VHDL unit 'std.standard' from file '/home/olle/efinix/efinity/2025.1/sim_models/vhdl/packages/vhdl_2008/std/standard.vdb' [VHDL-1493]


INFO     : Restoring VHDL unit 'std.textio' from file '/home/olle/efinix/efinity/2025.1/sim_models/vhdl/packages/vhdl_2008/std/textio.vdb' [VHDL-1493]


INFO     : Restoring VHDL unit 'ieee.numeric_std' from file '/home/olle/efinix/efinity/2025.1/sim_models/vhdl/packages/vhdl_2008/ieee/numeric_std.vdb' [VHDL-1493]


INFO     : /home/olle/efinity_p2/BRAM/top_level.vhd(6): analyzing entity 'top_level' [VHDL-1012]


INFO     : /home/olle/efinity_p2/BRAM/top_level.vhd(48): analyzing architecture 'behavior' [VHDL-1010]


INFO     : Analyzing VHDL file '/home/olle/efinity_p2/BRAM/rmii_udp_tx_top.vhd' [VHDL-1481]


INFO     : /home/olle/efinity_p2/BRAM/rmii_udp_tx_top.vhd(5): analyzing entity 'rmii_udp_tx_top' [VHDL-1012]


INFO     : /home/olle/efinity_p2/BRAM/rmii_udp_tx_top.vhd(14): analyzing architecture 'rtl' [VHDL-1010]


INFO     : Analyzing Verilog file '/home/olle/efinity_p2/BRAM/ip/BRAM_8192_bytes/BRAM_8192_bytes.v' [VERI-1482]


INFO     : /home/olle/efinity_p2/BRAM/ip/BRAM_8192_bytes/BRAM_8192_bytes.v(758): analyzing included file '/home/olle/efinity_p2/BRAM/ip/BRAM_8192_bytes/bram_ini.vh' [VERI-1328]


INFO     : /home/olle/efinity_p2/BRAM/ip/BRAM_8192_bytes/BRAM_8192_bytes.v(758): back to file '/home/olle/efinity_p2/BRAM/ip/BRAM_8192_bytes/BRAM_8192_bytes.v' [VERI-2320]


INFO     : /home/olle/efinity_p2/BRAM/ip/BRAM_8192_bytes/BRAM_8192_bytes.v(985): analyzing included file '/home/olle/efinity_p2/BRAM/ip/BRAM_8192_bytes/bram_decompose.vh' [VERI-1328]


INFO     : /home/olle/efinity_p2/BRAM/ip/BRAM_8192_bytes/BRAM_8192_bytes.v(985): back to file '/home/olle/efinity_p2/BRAM/ip/BRAM_8192_bytes/BRAM_8192_bytes.v' [VERI-2320]


INFO     : Analyzing Verilog file '/home/olle/efinity_p2/BRAM/ip/micro_risc_v1/micro_risc_v1.v' [VERI-1482]


INFO     : Analysis took 0.164373 seconds.


INFO     : 	Analysis took 0.15 seconds (approximately) in total CPU time.


INFO     : Analysis virtual memory usage: begin = 124.56 MB, end = 132.752 MB, delta = 8.192 MB


INFO     : Analysis resident set memory usage: begin = 71.936 MB, end = 81.152 MB, delta = 9.216 MB


INFO     : 	Analysis peak resident set memory usage = 323.108 MB


INFO     : ***** Ending Analysis ... *****


INFO     : ***** Beginning Elaboration ... *****


INFO     : /home/olle/efinity_p2/BRAM/top_level.vhd(6): processing 'top_level(behavior)' [VHDL-1067]


WARNING  : /home/olle/efinity_p2/BRAM/top_level.vhd(91): using initial value '0' for 'system_uart_0_io_rxd' since it is never assigned [VHDL-1303]


WARNING  : /home/olle/efinity_p2/BRAM/top_level.vhd(94): using initial value for 'system_gpio_0_io_read' since it is never assigned [VHDL-1794]


INFO     : Restoring VHDL unit 'vl.vl_types' from file '/home/olle/efinix/efinity/2025.1/sim_models/vhdl/packages/vhdl_2008/vl/vl_types.vdb' [VHDL-1493]


INFO     : /home/olle/efinity_p2/BRAM/top_level.vhd(124): switching to Verilog mode to elaborate module 'micro_risc_v1' [VHDL-1399]


INFO     : /home/olle/efinity_p2/BRAM/ip/micro_risc_v1/micro_risc_v1.v(49): compiling module 'micro_risc_v1' [VERI-1018]


INFO     : /home/olle/efinity_p2/BRAM/ip/micro_risc_v1/micro_risc_v1.v(94): compiling module 'EfxSapphireSoc_2fa2c88f3c1f4868ba7cd09620d007ba' [VERI-1018]


INFO     : /home/olle/efinity_p2/BRAM/ip/micro_risc_v1/micro_risc_v1.v(5744): compiling module 'VexRiscv_2fa2c88f3c1f4868ba7cd09620d007ba' [VERI-1018]


INFO     : /home/olle/efinity_p2/BRAM/ip/micro_risc_v1/micro_risc_v1.v(6995): extracting RAM for identifier 'RegFilePlugin_regFile' [VERI-2571]


INFO     : /home/olle/efinity_p2/BRAM/ip/micro_risc_v1/micro_risc_v1.v(12219): compiling module 'InstructionCache_2fa2c88f3c1f4868ba7cd09620d007ba' [VERI-1018]


INFO     : /home/olle/efinity_p2/BRAM/ip/micro_risc_v1/micro_risc_v1.v(12325): extracting RAM for identifier 'banks_0' [VERI-2571]


INFO     : /home/olle/efinity_p2/BRAM/ip/micro_risc_v1/micro_risc_v1.v(12326): extracting RAM for identifier 'ways_0_tags' [VERI-2571]


INFO     : /home/olle/efinity_p2/BRAM/ip/micro_risc_v1/micro_risc_v1.v(11365): compiling module 'DataCache_2fa2c88f3c1f4868ba7cd09620d007ba' [VERI-1018]


INFO     : /home/olle/efinity_p2/BRAM/ip/micro_risc_v1/micro_risc_v1.v(11579): extracting RAM for identifier 'ways_0_tags' [VERI-2571]


INFO     : /home/olle/efinity_p2/BRAM/ip/micro_risc_v1/micro_risc_v1.v(11580): extracting RAM for identifier 'ways_0_data_symbol0' [VERI-2571]


INFO     : /home/olle/efinity_p2/BRAM/ip/micro_risc_v1/micro_risc_v1.v(11581): extracting RAM for identifier 'ways_0_data_symbol1' [VERI-2571]


INFO     : /home/olle/efinity_p2/BRAM/ip/micro_risc_v1/micro_risc_v1.v(11582): extracting RAM for identifier 'ways_0_data_symbol2' [VERI-2571]


INFO     : /home/olle/efinity_p2/BRAM/ip/micro_risc_v1/micro_risc_v1.v(11583): extracting RAM for identifier 'ways_0_data_symbol3' [VERI-2571]


WARNING  : /home/olle/efinity_p2/BRAM/ip/micro_risc_v1/micro_risc_v1.v(12191): system task 'display' is ignored for synthesis [VERI-1142]


INFO     : /home/olle/efinity_p2/BRAM/ip/micro_risc_v1/micro_risc_v1.v(11346): compiling module 'BufferCC_2fa2c88f3c1f4868ba7cd09620d007ba' [VERI-1018]


INFO     : /home/olle/efinity_p2/BRAM/ip/micro_risc_v1/micro_risc_v1.v(13149): compiling module 'EfxCPUSp1_2fa2c88f3c1f4868ba7cd09620d007ba' [VERI-1018]


WARNING  : /home/olle/efinity_p2/BRAM/ip/micro_risc_v1/micro_risc_v1.v(5832): net 'IBusCachedPlugin_cache_io_cpu_fetch_isRemoved' does not have a driver [VDB-1002]


WARNING  : /home/olle/efinity_p2/BRAM/ip/micro_risc_v1/micro_risc_v1.v(5845): net 'dataCache_1_io_cpu_writeBack_fence_SW' does not have a driver [VDB-1002]


WARNING  : /home/olle/efinity_p2/BRAM/ip/micro_risc_v1/micro_risc_v1.v(5846): net 'dataCache_1_io_cpu_writeBack_fence_SR' does not have a driver [VDB-1002]


WARNING  : /home/olle/efinity_p2/BRAM/ip/micro_risc_v1/micro_risc_v1.v(5847): net 'dataCache_1_io_cpu_writeBack_fence_SO' does not have a driver [VDB-1002]


WARNING  : /home/olle/efinity_p2/BRAM/ip/micro_risc_v1/micro_risc_v1.v(5848): net 'dataCache_1_io_cpu_writeBack_fence_SI' does not have a driver [VDB-1002]


WARNING  : /home/olle/efinity_p2/BRAM/ip/micro_risc_v1/micro_risc_v1.v(5849): net 'dataCache_1_io_cpu_writeBack_fence_PW' does not have a driver [VDB-1002]


WARNING  : /home/olle/efinity_p2/BRAM/ip/micro_risc_v1/micro_risc_v1.v(5850): net 'dataCache_1_io_cpu_writeBack_fence_PR' does not have a driver [VDB-1002]


WARNING  : /home/olle/efinity_p2/BRAM/ip/micro_risc_v1/micro_risc_v1.v(5851): net 'dataCache_1_io_cpu_writeBack_fence_PO' does not have a driver [VDB-1002]


WARNING  : /home/olle/efinity_p2/BRAM/ip/micro_risc_v1/micro_risc_v1.v(5852): net 'dataCache_1_io_cpu_writeBack_fence_PI' does not have a driver [VDB-1002]


WARNING  : /home/olle/efinity_p2/BRAM/ip/micro_risc_v1/micro_risc_v1.v(5853): net 'dataCache_1_io_cpu_writeBack_fence_FM[3]' does not have a driver [VDB-1002]


WARNING  : /home/olle/efinity_p2/BRAM/ip/micro_risc_v1/micro_risc_v1.v(6276): net 'IBusCachedPlugin_mmuBus_rsp_bypassTranslation' does not have a driver [VDB-1002]


WARNING  : /home/olle/efinity_p2/BRAM/ip/micro_risc_v1/micro_risc_v1.v(6302): net 'DBusCachedPlugin_mmuBus_rsp_bypassTranslation' does not have a driver [VDB-1002]


WARNING  : /home/olle/efinity_p2/BRAM/ip/micro_risc_v1/micro_risc_v1.v(6410): net 'IBusCachedPlugin_iBusRsp_output_payload_rsp_error' does not have a driver [VDB-1002]


WARNING  : /home/olle/efinity_p2/BRAM/ip/micro_risc_v1/micro_risc_v1.v(6412): net 'IBusCachedPlugin_iBusRsp_output_payload_isRvc' does not have a driver [VDB-1002]


WARNING  : /home/olle/efinity_p2/BRAM/ip/micro_risc_v1/micro_risc_v1.v(6656): net 'CsrPlugin_mtvec_mode[1]' does not have a driver [VDB-1002]


INFO     : /home/olle/efinity_p2/BRAM/ip/micro_risc_v1/micro_risc_v1.v(4743): compiling module 'DebugModule_2fa2c88f3c1f4868ba7cd09620d007ba' [VERI-1018]


INFO     : /home/olle/efinity_p2/BRAM/ip/micro_risc_v1/micro_risc_v1.v(4949): extracting RAM for identifier 'logic_progbufX_mem' [VERI-2571]


INFO     : /home/olle/efinity_p2/BRAM/ip/micro_risc_v1/micro_risc_v1.v(4719): compiling module 'BufferCC_5_2fa2c88f3c1f4868ba7cd09620d007ba' [VERI-1018]


INFO     : /home/olle/efinity_p2/BRAM/ip/micro_risc_v1/micro_risc_v1.v(4695): compiling module 'BufferCC_6_2fa2c88f3c1f4868ba7cd09620d007ba' [VERI-1018]


INFO     : /home/olle/efinity_p2/BRAM/ip/micro_risc_v1/micro_risc_v1.v(4669): compiling module 'BufferCC_8_2fa2c88f3c1f4868ba7cd09620d007ba' [VERI-1018]


INFO     : /home/olle/efinity_p2/BRAM/ip/micro_risc_v1/micro_risc_v1.v(4196): compiling module 'DebugTransportModuleTunneled_2fa2c88f3c1f4868ba7cd09620d007ba' [VERI-1018]


INFO     : /home/olle/efinity_p2/BRAM/ip/micro_risc_v1/micro_risc_v1.v(11282): compiling module 'FlowCCByToggle_2fa2c88f3c1f4868ba7cd09620d007ba' [VERI-1018]


WARNING  : /home/olle/efinity_p2/BRAM/ip/micro_risc_v1/micro_risc_v1.v(11316): system function call 'urandom' is not supported [VERI-1141]


WARNING  : /home/olle/efinity_p2/BRAM/ip/micro_risc_v1/micro_risc_v1.v(11317): system function call 'urandom' is not supported [VERI-1141]


INFO     : /home/olle/efinity_p2/BRAM/ip/micro_risc_v1/micro_risc_v1.v(13099): compiling module 'BufferCC_1_2fa2c88f3c1f4868ba7cd09620d007ba' [VERI-1018]


WARNING  : /home/olle/efinity_p2/BRAM/ip/micro_risc_v1/micro_risc_v1.v(13111): system function call 'urandom' is not supported [VERI-1141]


WARNING  : /home/olle/efinity_p2/BRAM/ip/micro_risc_v1/micro_risc_v1.v(13112): system function call 'urandom' is not supported [VERI-1141]


INFO     : /home/olle/efinity_p2/BRAM/ip/micro_risc_v1/micro_risc_v1.v(11196): compiling module 'FlowCCByToggle_1_2fa2c88f3c1f4868ba7cd09620d007ba' [VERI-1018]


INFO     : /home/olle/efinity_p2/BRAM/ip/micro_risc_v1/micro_risc_v1.v(13075): compiling module 'BufferCC_2_2fa2c88f3c1f4868ba7cd09620d007ba' [VERI-1018]


INFO     : /home/olle/efinity_p2/BRAM/ip/micro_risc_v1/micro_risc_v1.v(13051): compiling module 'BufferCC_3_2fa2c88f3c1f4868ba7cd09620d007ba' [VERI-1018]


INFO     : /home/olle/efinity_p2/BRAM/ip/micro_risc_v1/micro_risc_v1.v(4156): compiling module 'BmbDecoder_2fa2c88f3c1f4868ba7cd09620d007ba' [VERI-1018]


INFO     : /home/olle/efinity_p2/BRAM/ip/micro_risc_v1/micro_risc_v1.v(4020): compiling module 'BmbArbiter_2fa2c88f3c1f4868ba7cd09620d007ba' [VERI-1018]


INFO     : /home/olle/efinity_p2/BRAM/ip/micro_risc_v1/micro_risc_v1.v(11092): compiling module 'StreamArbiter_2fa2c88f3c1f4868ba7cd09620d007ba' [VERI-1018]


INFO     : /home/olle/efinity_p2/BRAM/ip/micro_risc_v1/micro_risc_v1.v(3748): compiling module 'BmbDecoder_1_2fa2c88f3c1f4868ba7cd09620d007ba' [VERI-1018]


INFO     : /home/olle/efinity_p2/BRAM/ip/micro_risc_v1/micro_risc_v1.v(3640): compiling module 'BmbOnChipRam_2fa2c88f3c1f4868ba7cd09620d007ba' [VERI-1018]


INFO     : /home/olle/efinity_p2/BRAM/ip/micro_risc_v1/micro_risc_v1.v(3672): extracting RAM for identifier 'ram_symbol0' [VERI-2571]


INFO     : /home/olle/efinity_p2/BRAM/ip/micro_risc_v1/micro_risc_v1.v(3673): extracting RAM for identifier 'ram_symbol1' [VERI-2571]


INFO     : /home/olle/efinity_p2/BRAM/ip/micro_risc_v1/micro_risc_v1.v(3674): extracting RAM for identifier 'ram_symbol2' [VERI-2571]


INFO     : /home/olle/efinity_p2/BRAM/ip/micro_risc_v1/micro_risc_v1.v(3675): extracting RAM for identifier 'ram_symbol3' [VERI-2571]


INFO     : /home/olle/efinity_p2/BRAM/ip/micro_risc_v1/micro_risc_v1.v(3414): compiling module 'BmbUnburstify_2fa2c88f3c1f4868ba7cd09620d007ba' [VERI-1018]


INFO     : /home/olle/efinity_p2/BRAM/ip/micro_risc_v1/micro_risc_v1.v(3053): compiling module 'BmbDecoder_2_2fa2c88f3c1f4868ba7cd09620d007ba' [VERI-1018]


INFO     : /home/olle/efinity_p2/BRAM/ip/micro_risc_v1/micro_risc_v1.v(2869): compiling module 'BmbClint_2fa2c88f3c1f4868ba7cd09620d007ba' [VERI-1018]


INFO     : /home/olle/efinity_p2/BRAM/ip/micro_risc_v1/micro_risc_v1.v(2377): compiling module 'BmbUartCtrl_2fa2c88f3c1f4868ba7cd09620d007ba' [VERI-1018]


INFO     : /home/olle/efinity_p2/BRAM/ip/micro_risc_v1/micro_risc_v1.v(10963): compiling module 'UartCtrl_2fa2c88f3c1f4868ba7cd09620d007ba' [VERI-1018]


INFO     : /home/olle/efinity_p2/BRAM/ip/micro_risc_v1/micro_risc_v1.v(12811): compiling module 'UartCtrlTx_2fa2c88f3c1f4868ba7cd09620d007ba' [VERI-1018]


INFO     : /home/olle/efinity_p2/BRAM/ip/micro_risc_v1/micro_risc_v1.v(12517): compiling module 'UartCtrlRx_2fa2c88f3c1f4868ba7cd09620d007ba' [VERI-1018]


INFO     : /home/olle/efinity_p2/BRAM/ip/micro_risc_v1/micro_risc_v1.v(13125): compiling module 'BufferCC_4_2fa2c88f3c1f4868ba7cd09620d007ba' [VERI-1018]


INFO     : /home/olle/efinity_p2/BRAM/ip/micro_risc_v1/micro_risc_v1.v(10809): compiling module 'StreamFifo_2fa2c88f3c1f4868ba7cd09620d007ba' [VERI-1018]


INFO     : /home/olle/efinity_p2/BRAM/ip/micro_risc_v1/micro_risc_v1.v(10857): extracting RAM for identifier 'logic_ram' [VERI-2571]


INFO     : /home/olle/efinity_p2/BRAM/ip/micro_risc_v1/micro_risc_v1.v(2165): compiling module 'BmbGpio2_2fa2c88f3c1f4868ba7cd09620d007ba' [VERI-1018]


INFO     : /home/olle/efinity_p2/BRAM/top_level.vhd(124): returning to VHDL mode to continue with elaboration [VHDL-1400]


INFO     : /home/olle/efinity_p2/BRAM/rmii_udp_tx_top.vhd(5): processing 'rmii_udp_tx_top(rtl)' [VHDL-1067]


INFO     : Elaboration took 0.427271 seconds.


INFO     : 	Elaboration took 0.39 seconds (approximately) in total CPU time.


INFO     : Elaboration virtual memory usage: begin = 132.752 MB, end = 170.64 MB, delta = 37.888 MB


INFO     : Elaboration resident set memory usage: begin = 81.152 MB, end = 120.192 MB, delta = 39.04 MB


INFO     : 	Elaboration peak resident set memory usage = 323.108 MB


INFO     : ***** Ending Elaboration ... *****


INFO     : ... Setting Synthesis Option: mode=speed


INFO     : ***** Beginning Reading Mapping Library ... *****


INFO     : Analyzing Verilog file '/home/olle/efinix/efinity/2025.1/sim_models/maplib/efinix_maplib.v' [VERI-1482]


INFO     : /home/olle/efinix/efinity/2025.1/sim_models/maplib/efinix_maplib.v(8): compiling module 'EFX_ADD' [VERI-1018]


INFO     : /home/olle/efinix/efinity/2025.1/sim_models/maplib/efinix_maplib.v(21): compiling module 'EFX_FF' [VERI-1018]


INFO     : /home/olle/efinix/efinity/2025.1/sim_models/maplib/efinix_maplib.v(38): compiling module 'EFX_COMB4' [VERI-1018]


INFO     : /home/olle/efinix/efinity/2025.1/sim_models/maplib/efinix_maplib.v(48): compiling module 'EFX_GBUFCE' [VERI-1018]


INFO     : /home/olle/efinix/efinity/2025.1/sim_models/maplib/efinix_maplib.v(57): compiling module 'EFX_LUT4' [VERI-1018]


INFO     : /home/olle/efinix/efinity/2025.1/sim_models/maplib/efinix_maplib.v(65): compiling module 'EFX_MULT' [VERI-1018]


INFO     : /home/olle/efinix/efinity/2025.1/sim_models/maplib/efinix_maplib.v(100): compiling module 'EFX_DSP48' [VERI-1018]


INFO     : /home/olle/efinix/efinity/2025.1/sim_models/maplib/efinix_maplib.v(156): compiling module 'EFX_DSP24' [VERI-1018]


INFO     : /home/olle/efinix/efinity/2025.1/sim_models/maplib/efinix_maplib.v(209): compiling module 'EFX_DSP12' [VERI-1018]


INFO     : /home/olle/efinix/efinity/2025.1/sim_models/maplib/efinix_maplib.v(262): compiling module 'EFX_RAM_4K' [VERI-1018]


INFO     : /home/olle/efinix/efinity/2025.1/sim_models/maplib/efinix_maplib.v(322): compiling module 'EFX_RAM_5K' [VERI-1018]


INFO     : /home/olle/efinix/efinity/2025.1/sim_models/maplib/efinix_maplib.v(394): compiling module 'EFX_DPRAM_5K' [VERI-1018]


INFO     : /home/olle/efinix/efinity/2025.1/sim_models/maplib/efinix_maplib.v(499): compiling module 'RAMB5' [VERI-1018]


INFO     : /home/olle/efinix/efinity/2025.1/sim_models/maplib/efinix_maplib.v(561): compiling module 'EFX_RAM_10K' [VERI-1018]


INFO     : /home/olle/efinix/efinity/2025.1/sim_models/maplib/efinix_maplib.v(653): compiling module 'EFX_RAM10' [VERI-1018]


INFO     : /home/olle/efinix/efinity/2025.1/sim_models/maplib/efinix_maplib.v(754): compiling module 'EFX_DPRAM10' [VERI-1018]


INFO     : /home/olle/efinix/efinity/2025.1/sim_models/maplib/efinix_maplib.v(884): compiling module 'EFX_SRL8' [VERI-1018]


INFO     : Reading Mapping Library took 0.0201947 seconds.


INFO     : 	Reading Mapping Library took 0.02 seconds (approximately) in total CPU time.


INFO     : Reading Mapping Library virtual memory usage: begin = 199.824 MB, end = 199.824 MB, delta = 0 MB


INFO     : Reading Mapping Library resident set memory usage: begin = 150.912 MB, end = 150.912 MB, delta = 0 MB


INFO     : 	Reading Mapping Library peak resident set memory usage = 323.108 MB


INFO     : ***** Ending Reading Mapping Library ... *****


INFO     : ... Pre-synthesis checks begin


WARNING  : The primary output port 'led2' wire 'led2' is not driven. [EFX-0256]


WARNING  : The primary output port 'mdc' wire 'mdc' is not driven. [EFX-0256]


WARNING  : The primary output port 'mdio_o' wire 'mdio_o' is not driven. [EFX-0256]


WARNING  : The primary output port 'mdio_oe' wire 'mdio_oe' is not driven. [EFX-0256]


WARNING  : The primary output port 'CAM0_EN' wire 'CAM0_EN' is not driven. [EFX-0256]


WARNING  : The primary output port 'CAM1_EN' wire 'CAM1_EN' is not driven. [EFX-0256]


WARNING  : The primary output port 'RJ45_led' wire 'RJ45_led' is not driven. [EFX-0256]


WARNING  : Removing redundant signal : io_cpu_prefetch_isValid. (/home/olle/efinity_p2/BRAM/ip/micro_risc_v1/micro_risc_v1.v:12221) [EFX-0200]


WARNING  : Removing redundant signal : io_cpu_prefetch_pc[31]. (/home/olle/efinity_p2/BRAM/ip/micro_risc_v1/micro_risc_v1.v:12223) [EFX-0200]


WARNING  : Removing redundant signal : io_cpu_prefetch_pc[30]. (/home/olle/efinity_p2/BRAM/ip/micro_risc_v1/micro_risc_v1.v:12223) [EFX-0200]


WARNING  : Removing redundant signal : io_cpu_prefetch_pc[29]. (/home/olle/efinity_p2/BRAM/ip/micro_risc_v1/micro_risc_v1.v:12223) [EFX-0200]


WARNING  : Removing redundant signal : io_cpu_prefetch_pc[28]. (/home/olle/efinity_p2/BRAM/ip/micro_risc_v1/micro_risc_v1.v:12223) [EFX-0200]


WARNING  : Removing redundant signal : io_cpu_prefetch_pc[27]. (/home/olle/efinity_p2/BRAM/ip/micro_risc_v1/micro_risc_v1.v:12223) [EFX-0200]


WARNING  : Removing redundant signal : io_cpu_prefetch_pc[26]. (/home/olle/efinity_p2/BRAM/ip/micro_risc_v1/micro_risc_v1.v:12223) [EFX-0200]


WARNING  : Removing redundant signal : io_cpu_prefetch_pc[25]. (/home/olle/efinity_p2/BRAM/ip/micro_risc_v1/micro_risc_v1.v:12223) [EFX-0200]


WARNING  : Removing redundant signal : io_cpu_prefetch_pc[24]. (/home/olle/efinity_p2/BRAM/ip/micro_risc_v1/micro_risc_v1.v:12223) [EFX-0200]


WARNING  : Removing redundant signal : io_cpu_prefetch_pc[23]. (/home/olle/efinity_p2/BRAM/ip/micro_risc_v1/micro_risc_v1.v:12223) [EFX-0200]


WARNING  : Removing redundant signal : io_cpu_prefetch_pc[22]. (/home/olle/efinity_p2/BRAM/ip/micro_risc_v1/micro_risc_v1.v:12223) [EFX-0200]


WARNING  : Removing redundant signal : io_cpu_prefetch_pc[21]. (/home/olle/efinity_p2/BRAM/ip/micro_risc_v1/micro_risc_v1.v:12223) [EFX-0200]


WARNING  : Removing redundant signal : io_cpu_prefetch_pc[20]. (/home/olle/efinity_p2/BRAM/ip/micro_risc_v1/micro_risc_v1.v:12223) [EFX-0200]


WARNING  : Removing redundant signal : io_cpu_prefetch_pc[19]. (/home/olle/efinity_p2/BRAM/ip/micro_risc_v1/micro_risc_v1.v:12223) [EFX-0200]


WARNING  : Removing redundant signal : io_cpu_prefetch_pc[18]. (/home/olle/efinity_p2/BRAM/ip/micro_risc_v1/micro_risc_v1.v:12223) [EFX-0200]


WARNING  : Removing redundant signal : io_cpu_prefetch_pc[17]. (/home/olle/efinity_p2/BRAM/ip/micro_risc_v1/micro_risc_v1.v:12223) [EFX-0200]


WARNING  : Removing redundant signal : io_cpu_prefetch_pc[16]. (/home/olle/efinity_p2/BRAM/ip/micro_risc_v1/micro_risc_v1.v:12223) [EFX-0200]


WARNING  : Removing redundant signal : io_cpu_prefetch_pc[15]. (/home/olle/efinity_p2/BRAM/ip/micro_risc_v1/micro_risc_v1.v:12223) [EFX-0200]


WARNING  : Removing redundant signal : io_cpu_prefetch_pc[14]. (/home/olle/efinity_p2/BRAM/ip/micro_risc_v1/micro_risc_v1.v:12223) [EFX-0200]


WARNING  : Removing redundant signal : io_cpu_prefetch_pc[13]. (/home/olle/efinity_p2/BRAM/ip/micro_risc_v1/micro_risc_v1.v:12223) [EFX-0200]


WARNING  : (The above message was generated too many times, subsequent similar messages will be muted.) [EFX-0200]


INFO     : ... Memory 'banks_0' is not initialized, assuming empty initial contents. (/home/olle/efinity_p2/BRAM/ip/micro_risc_v1/micro_risc_v1.v:12325) [EFX-0677]


INFO     : ... Memory 'ways_0_tags' is not initialized, assuming empty initial contents. (/home/olle/efinity_p2/BRAM/ip/micro_risc_v1/micro_risc_v1.v:12326) [EFX-0677]


INFO     : ... Memory 'ways_0_tags' is not initialized, assuming empty initial contents. (/home/olle/efinity_p2/BRAM/ip/micro_risc_v1/micro_risc_v1.v:11579) [EFX-0677]


INFO     : ... Memory 'ways_0_data_symbol0' is not initialized, assuming empty initial contents. (/home/olle/efinity_p2/BRAM/ip/micro_risc_v1/micro_risc_v1.v:11580) [EFX-0677]


INFO     : ... Memory 'ways_0_data_symbol1' is not initialized, assuming empty initial contents. (/home/olle/efinity_p2/BRAM/ip/micro_risc_v1/micro_risc_v1.v:11581) [EFX-0677]


INFO     : ... Memory 'ways_0_data_symbol2' is not initialized, assuming empty initial contents. (/home/olle/efinity_p2/BRAM/ip/micro_risc_v1/micro_risc_v1.v:11582) [EFX-0677]


INFO     : ... Memory 'ways_0_data_symbol3' is not initialized, assuming empty initial contents. (/home/olle/efinity_p2/BRAM/ip/micro_risc_v1/micro_risc_v1.v:11583) [EFX-0677]


WARNING  : Re-wiring to GND non-driven net 'IBusCachedPlugin_cache_io_cpu_fetch_isRemoved'. (/home/olle/efinity_p2/BRAM/ip/micro_risc_v1/micro_risc_v1.v:5832) [EFX-0201]


WARNING  : Re-wiring to GND non-driven net 'dataCache_1_io_cpu_writeBack_fence_SW'. (/home/olle/efinity_p2/BRAM/ip/micro_risc_v1/micro_risc_v1.v:5845) [EFX-0201]


WARNING  : Re-wiring to GND non-driven net 'dataCache_1_io_cpu_writeBack_fence_SR'. (/home/olle/efinity_p2/BRAM/ip/micro_risc_v1/micro_risc_v1.v:5846) [EFX-0201]


WARNING  : Re-wiring to GND non-driven net 'dataCache_1_io_cpu_writeBack_fence_SO'. (/home/olle/efinity_p2/BRAM/ip/micro_risc_v1/micro_risc_v1.v:5847) [EFX-0201]


WARNING  : Re-wiring to GND non-driven net 'dataCache_1_io_cpu_writeBack_fence_SI'. (/home/olle/efinity_p2/BRAM/ip/micro_risc_v1/micro_risc_v1.v:5848) [EFX-0201]


WARNING  : Re-wiring to GND non-driven net 'dataCache_1_io_cpu_writeBack_fence_PW'. (/home/olle/efinity_p2/BRAM/ip/micro_risc_v1/micro_risc_v1.v:5849) [EFX-0201]


WARNING  : Re-wiring to GND non-driven net 'dataCache_1_io_cpu_writeBack_fence_PR'. (/home/olle/efinity_p2/BRAM/ip/micro_risc_v1/micro_risc_v1.v:5850) [EFX-0201]


WARNING  : Re-wiring to GND non-driven net 'dataCache_1_io_cpu_writeBack_fence_PO'. (/home/olle/efinity_p2/BRAM/ip/micro_risc_v1/micro_risc_v1.v:5851) [EFX-0201]


WARNING  : Re-wiring to GND non-driven net 'dataCache_1_io_cpu_writeBack_fence_PI'. (/home/olle/efinity_p2/BRAM/ip/micro_risc_v1/micro_risc_v1.v:5852) [EFX-0201]


WARNING  : Re-wiring to GND non-driven net 'dataCache_1_io_cpu_writeBack_fence_FM[3]'. (/home/olle/efinity_p2/BRAM/ip/micro_risc_v1/micro_risc_v1.v:5853) [EFX-0201]


WARNING  : (The above message was generated too many times, subsequent similar messages will be muted.) [EFX-0201]


INFO     : ... Memory 'RegFilePlugin_regFile' is not initialized, assuming empty initial contents. (/home/olle/efinity_p2/BRAM/ip/micro_risc_v1/micro_risc_v1.v:6995) [EFX-0677]


INFO     : ... Memory 'logic_progbufX_mem' is not initialized, assuming empty initial contents. (/home/olle/efinity_p2/BRAM/ip/micro_risc_v1/micro_risc_v1.v:4949) [EFX-0677]


INFO     : Module Instance 'memory_arbiter' input pin 'io_inputs_0_payload_fragment_source[0]' is tied to constant (=0). [EFX-0266]


INFO     : Module Instance 'memory_arbiter' input pin 'io_inputs_1_payload_fragment_source[0]' is tied to constant (=0). [EFX-0266]


INFO     : Module Instance 'memory_arbiter' input pin 'io_inputs_1_payload_fragment_context[0]' is tied to constant (=0). [EFX-0266]


INFO     : Module Instance 'tx' input pin 'io_cts' is tied to constant (=0). [EFX-0266]


INFO     : ... Memory 'logic_ram' is not initialized, assuming empty initial contents. (/home/olle/efinity_p2/BRAM/ip/micro_risc_v1/micro_risc_v1.v:10857) [EFX-0677]


INFO     : Module Instance 'bridge_write_streamUnbuffered_queueWithOccupancy' input pin 'io_flush' is tied to constant (=0). [EFX-0266]


INFO     : Module Instance 'uartCtrl_1_io_read_queueWithOccupancy' input pin 'io_flush' is tied to constant (=0). [EFX-0266]


INFO     : Module Instance 'system_bridge_bmb_arbiter' input pin 'io_inputs_1_cmd_payload_fragment_data[0]' is tied to constant (=0). [EFX-0266]


INFO     : Module Instance 'system_bridge_bmb_arbiter' input pin 'io_inputs_1_cmd_payload_fragment_data[1]' is tied to constant (=0). [EFX-0266]


INFO     : Module Instance 'system_bridge_bmb_arbiter' input pin 'io_inputs_1_cmd_payload_fragment_data[2]' is tied to constant (=0). [EFX-0266]


INFO     : Module Instance 'system_bridge_bmb_arbiter' input pin 'io_inputs_1_cmd_payload_fragment_data[3]' is tied to constant (=0). [EFX-0266]


INFO     : Module Instance 'system_bridge_bmb_arbiter' input pin 'io_inputs_1_cmd_payload_fragment_data[4]' is tied to constant (=0). [EFX-0266]


INFO     : Module Instance 'system_bridge_bmb_arbiter' input pin 'io_inputs_1_cmd_payload_fragment_data[5]' is tied to constant (=0). [EFX-0266]


INFO     : Module Instance 'system_bridge_bmb_arbiter' input pin 'io_inputs_1_cmd_payload_fragment_data[6]' is tied to constant (=0). [EFX-0266]


INFO     : Module Instance 'system_bridge_bmb_arbiter' input pin 'io_inputs_1_cmd_payload_fragment_data[7]' is tied to constant (=0). [EFX-0266]


INFO     : Module Instance 'system_bridge_bmb_arbiter' input pin 'io_inputs_1_cmd_payload_fragment_data[8]' is tied to constant (=0). [EFX-0266]


INFO     : Module Instance 'system_bridge_bmb_arbiter' input pin 'io_inputs_1_cmd_payload_fragment_data[9]' is tied to constant (=0). [EFX-0266]


INFO     : Module Instance 'system_bridge_bmb_arbiter' input pin 'io_inputs_1_cmd_payload_fragment_data[10]' is tied to constant (=0). [EFX-0266]


INFO     : Module Instance 'system_bridge_bmb_arbiter' input pin 'io_inputs_1_cmd_payload_fragment_data[11]' is tied to constant (=0). [EFX-0266]


INFO     : Module Instance 'system_bridge_bmb_arbiter' input pin 'io_inputs_1_cmd_payload_fragment_data[12]' is tied to constant (=0). [EFX-0266]


INFO     : Module Instance 'system_bridge_bmb_arbiter' input pin 'io_inputs_1_cmd_payload_fragment_data[13]' is tied to constant (=0). [EFX-0266]


INFO     : Module Instance 'system_bridge_bmb_arbiter' input pin 'io_inputs_1_cmd_payload_fragment_data[14]' is tied to constant (=0). [EFX-0266]


INFO     : Module Instance 'system_bridge_bmb_arbiter' input pin 'io_inputs_1_cmd_payload_fragment_data[15]' is tied to constant (=0). [EFX-0266]


INFO     : Module Instance 'system_bridge_bmb_arbiter' input pin 'io_inputs_1_cmd_payload_fragment_data[16]' is tied to constant (=0). [EFX-0266]


INFO     : Module Instance 'system_bridge_bmb_arbiter' input pin 'io_inputs_1_cmd_payload_fragment_data[17]' is tied to constant (=0). [EFX-0266]


INFO     : Module Instance 'system_bridge_bmb_arbiter' input pin 'io_inputs_1_cmd_payload_fragment_data[18]' is tied to constant (=0). [EFX-0266]


INFO     : Module Instance 'system_bridge_bmb_arbiter' input pin 'io_inputs_1_cmd_payload_fragment_data[19]' is tied to constant (=0). [EFX-0266]


INFO     : Module Instance 'system_bridge_bmb_arbiter' input pin 'io_inputs_1_cmd_payload_fragment_data[20]' is tied to constant (=0). [EFX-0266]


INFO     : Module Instance 'system_bridge_bmb_arbiter' input pin 'io_inputs_1_cmd_payload_fragment_data[21]' is tied to constant (=0). [EFX-0266]


INFO     : Module Instance 'system_bridge_bmb_arbiter' input pin 'io_inputs_1_cmd_payload_fragment_data[22]' is tied to constant (=0). [EFX-0266]


INFO     : Module Instance 'system_bridge_bmb_arbiter' input pin 'io_inputs_1_cmd_payload_fragment_data[23]' is tied to constant (=0). [EFX-0266]


INFO     : Module Instance 'system_bridge_bmb_arbiter' input pin 'io_inputs_1_cmd_payload_fragment_data[24]' is tied to constant (=0). [EFX-0266]


INFO     : Module Instance 'system_bridge_bmb_arbiter' input pin 'io_inputs_1_cmd_payload_fragment_data[25]' is tied to constant (=0). [EFX-0266]


INFO     : Module Instance 'system_bridge_bmb_arbiter' input pin 'io_inputs_1_cmd_payload_fragment_data[26]' is tied to constant (=0). [EFX-0266]


INFO     : Module Instance 'system_bridge_bmb_arbiter' input pin 'io_inputs_1_cmd_payload_fragment_data[27]' is tied to constant (=0). [EFX-0266]


INFO     : Module Instance 'system_bridge_bmb_arbiter' input pin 'io_inputs_1_cmd_payload_fragment_data[28]' is tied to constant (=0). [EFX-0266]


INFO     : Module Instance 'system_bridge_bmb_arbiter' input pin 'io_inputs_1_cmd_payload_fragment_data[29]' is tied to constant (=0). [EFX-0266]


INFO     : Module Instance 'system_bridge_bmb_arbiter' input pin 'io_inputs_1_cmd_payload_fragment_data[30]' is tied to constant (=0). [EFX-0266]


INFO     : Module Instance 'system_bridge_bmb_arbiter' input pin 'io_inputs_1_cmd_payload_fragment_data[31]' is tied to constant (=0). [EFX-0266]


INFO     : Module Instance 'system_bridge_bmb_arbiter' input pin 'io_inputs_1_cmd_payload_fragment_mask[0]' is tied to constant (=0). [EFX-0266]


INFO     : Module Instance 'system_bridge_bmb_arbiter' input pin 'io_inputs_1_cmd_payload_fragment_mask[1]' is tied to constant (=0). [EFX-0266]


INFO     : Module Instance 'system_bridge_bmb_arbiter' input pin 'io_inputs_1_cmd_payload_fragment_mask[2]' is tied to constant (=0). [EFX-0266]


INFO     : Module Instance 'system_bridge_bmb_arbiter' input pin 'io_inputs_1_cmd_payload_fragment_mask[3]' is tied to constant (=0). [EFX-0266]


INFO     : Module Instance 'u_micro_risc_v1' input pin 'jtagCtrl_enable' is tied to constant (=1). [EFX-0266]


INFO     : ... Pre-synthesis checks end (Real time : 0s CPU user time : 2s CPU sys time : 0s MEM : 323108KB)


INFO     : ... NameSpace init begin


INFO     : ... NameSpace init end (Real time : 0s CPU user time : 2s CPU sys time : 0s MEM : 323108KB)


INFO     : ... Mapping design "top_level"


INFO     : ... Hierarchical pre-synthesis "InstructionCache_2fa2c88f3c1f4868ba7cd09620d007ba" begin


INFO     : ... Hierarchical pre-synthesis "InstructionCache_2fa2c88f3c1f4868ba7cd09620d007ba" end (Real time : 0s CPU user time : 2s CPU sys time : 0s MEM : 323108KB)


INFO     : ... Hierarchical pre-synthesis "DataCache_2fa2c88f3c1f4868ba7cd09620d007ba" begin


INFO     : ... Hierarchical pre-synthesis "DataCache_2fa2c88f3c1f4868ba7cd09620d007ba" end (Real time : 0s CPU user time : 2s CPU sys time : 0s MEM : 323108KB)


INFO     : ... Hierarchical pre-synthesis "BufferCC_2fa2c88f3c1f4868ba7cd09620d007ba" begin


INFO     : ... Hierarchical pre-synthesis "BufferCC_2fa2c88f3c1f4868ba7cd09620d007ba" end (Real time : 0s CPU user time : 2s CPU sys time : 0s MEM : 323108KB)


INFO     : ... Hierarchical pre-synthesis "EfxCPUSp1_2fa2c88f3c1f4868ba7cd09620d007ba" begin


INFO     : ... Hierarchical pre-synthesis "EfxCPUSp1_2fa2c88f3c1f4868ba7cd09620d007ba" end (Real time : 0s CPU user time : 2s CPU sys time : 0s MEM : 323108KB)


INFO     : ... Hierarchical pre-synthesis "VexRiscv_2fa2c88f3c1f4868ba7cd09620d007ba" begin


INFO     : ... Hierarchical pre-synthesis "VexRiscv_2fa2c88f3c1f4868ba7cd09620d007ba" end (Real time : 1s CPU user time : 2s CPU sys time : 0s MEM : 323108KB)


INFO     : ... Hierarchical pre-synthesis "DebugModule_2fa2c88f3c1f4868ba7cd09620d007ba" begin


INFO     : ... Hierarchical pre-synthesis "DebugModule_2fa2c88f3c1f4868ba7cd09620d007ba" end (Real time : 0s CPU user time : 2s CPU sys time : 0s MEM : 323108KB)


INFO     : ... Hierarchical pre-synthesis "BufferCC_5_2fa2c88f3c1f4868ba7cd09620d007ba" begin


INFO     : ... Hierarchical pre-synthesis "BufferCC_5_2fa2c88f3c1f4868ba7cd09620d007ba" end (Real time : 0s CPU user time : 2s CPU sys time : 0s MEM : 323108KB)


INFO     : ... Hierarchical pre-synthesis "BufferCC_6_2fa2c88f3c1f4868ba7cd09620d007ba" begin


INFO     : ... Hierarchical pre-synthesis "BufferCC_6_2fa2c88f3c1f4868ba7cd09620d007ba" end (Real time : 0s CPU user time : 2s CPU sys time : 0s MEM : 323108KB)


INFO     : ... Hierarchical pre-synthesis "BufferCC_8_2fa2c88f3c1f4868ba7cd09620d007ba" begin


INFO     : ... Hierarchical pre-synthesis "BufferCC_8_2fa2c88f3c1f4868ba7cd09620d007ba" end (Real time : 0s CPU user time : 2s CPU sys time : 0s MEM : 323108KB)


INFO     : ... Hierarchical pre-synthesis "BufferCC_1_2fa2c88f3c1f4868ba7cd09620d007ba" begin


INFO     : ... Hierarchical pre-synthesis "BufferCC_1_2fa2c88f3c1f4868ba7cd09620d007ba" end (Real time : 0s CPU user time : 2s CPU sys time : 0s MEM : 323108KB)


INFO     : ... Hierarchical pre-synthesis "FlowCCByToggle_2fa2c88f3c1f4868ba7cd09620d007ba" begin


INFO     : ... Hierarchical pre-synthesis "FlowCCByToggle_2fa2c88f3c1f4868ba7cd09620d007ba" end (Real time : 0s CPU user time : 2s CPU sys time : 0s MEM : 323108KB)


INFO     : ... Hierarchical pre-synthesis "BufferCC_2_2fa2c88f3c1f4868ba7cd09620d007ba" begin


INFO     : ... Hierarchical pre-synthesis "BufferCC_2_2fa2c88f3c1f4868ba7cd09620d007ba" end (Real time : 0s CPU user time : 2s CPU sys time : 0s MEM : 323108KB)


INFO     : ... Hierarchical pre-synthesis "BufferCC_3_2fa2c88f3c1f4868ba7cd09620d007ba" begin


INFO     : ... Hierarchical pre-synthesis "BufferCC_3_2fa2c88f3c1f4868ba7cd09620d007ba" end (Real time : 0s CPU user time : 2s CPU sys time : 0s MEM : 323108KB)


INFO     : ... Hierarchical pre-synthesis "FlowCCByToggle_1_2fa2c88f3c1f4868ba7cd09620d007ba" begin


INFO     : ... Hierarchical pre-synthesis "FlowCCByToggle_1_2fa2c88f3c1f4868ba7cd09620d007ba" end (Real time : 0s CPU user time : 2s CPU sys time : 0s MEM : 323108KB)


INFO     : ... Hierarchical pre-synthesis "DebugTransportModuleTunneled_2fa2c88f3c1f4868ba7cd09620d007ba" begin


INFO     : ... Hierarchical pre-synthesis "DebugTransportModuleTunneled_2fa2c88f3c1f4868ba7cd09620d007ba" end (Real time : 0s CPU user time : 2s CPU sys time : 0s MEM : 323108KB)


INFO     : ... Hierarchical pre-synthesis "BmbDecoder_2fa2c88f3c1f4868ba7cd09620d007ba" begin


INFO     : ... Hierarchical pre-synthesis "BmbDecoder_2fa2c88f3c1f4868ba7cd09620d007ba" end (Real time : 0s CPU user time : 2s CPU sys time : 0s MEM : 323108KB)


INFO     : ... Hierarchical pre-synthesis "StreamArbiter_2fa2c88f3c1f4868ba7cd09620d007ba" begin


INFO     : ... Hierarchical pre-synthesis "StreamArbiter_2fa2c88f3c1f4868ba7cd09620d007ba" end (Real time : 0s CPU user time : 2s CPU sys time : 0s MEM : 323108KB)


INFO     : ... Hierarchical pre-synthesis "BmbArbiter_2fa2c88f3c1f4868ba7cd09620d007ba" begin


INFO     : ... Hierarchical pre-synthesis "BmbArbiter_2fa2c88f3c1f4868ba7cd09620d007ba" end (Real time : 0s CPU user time : 2s CPU sys time : 0s MEM : 323108KB)


INFO     : ... Hierarchical pre-synthesis "BmbDecoder_1_2fa2c88f3c1f4868ba7cd09620d007ba" begin


INFO     : ... Hierarchical pre-synthesis "BmbDecoder_1_2fa2c88f3c1f4868ba7cd09620d007ba" end (Real time : 0s CPU user time : 2s CPU sys time : 0s MEM : 323108KB)


INFO     : ... Hierarchical pre-synthesis "BmbOnChipRam_2fa2c88f3c1f4868ba7cd09620d007ba" begin


INFO     : ... Hierarchical pre-synthesis "BmbOnChipRam_2fa2c88f3c1f4868ba7cd09620d007ba" end (Real time : 0s CPU user time : 2s CPU sys time : 0s MEM : 323108KB)


INFO     : ... Hierarchical pre-synthesis "BmbUnburstify_2fa2c88f3c1f4868ba7cd09620d007ba" begin


INFO     : ... Hierarchical pre-synthesis "BmbUnburstify_2fa2c88f3c1f4868ba7cd09620d007ba" end (Real time : 0s CPU user time : 2s CPU sys time : 0s MEM : 323108KB)


INFO     : ... Hierarchical pre-synthesis "BmbDecoder_2_2fa2c88f3c1f4868ba7cd09620d007ba" begin


INFO     : ... Hierarchical pre-synthesis "BmbDecoder_2_2fa2c88f3c1f4868ba7cd09620d007ba" end (Real time : 0s CPU user time : 2s CPU sys time : 0s MEM : 323108KB)


INFO     : ... Hierarchical pre-synthesis "BmbClint_2fa2c88f3c1f4868ba7cd09620d007ba" begin


INFO     : ... Hierarchical pre-synthesis "BmbClint_2fa2c88f3c1f4868ba7cd09620d007ba" end (Real time : 0s CPU user time : 3s CPU sys time : 0s MEM : 323108KB)


INFO     : ... Hierarchical pre-synthesis "UartCtrlTx_2fa2c88f3c1f4868ba7cd09620d007ba" begin


INFO     : ... Hierarchical pre-synthesis "UartCtrlTx_2fa2c88f3c1f4868ba7cd09620d007ba" end (Real time : 0s CPU user time : 3s CPU sys time : 0s MEM : 323108KB)


INFO     : ... Hierarchical pre-synthesis "BufferCC_4_2fa2c88f3c1f4868ba7cd09620d007ba" begin


INFO     : ... Hierarchical pre-synthesis "BufferCC_4_2fa2c88f3c1f4868ba7cd09620d007ba" end (Real time : 0s CPU user time : 3s CPU sys time : 0s MEM : 323108KB)


INFO     : ... Hierarchical pre-synthesis "UartCtrlRx_2fa2c88f3c1f4868ba7cd09620d007ba" begin


INFO     : ... Hierarchical pre-synthesis "UartCtrlRx_2fa2c88f3c1f4868ba7cd09620d007ba" end (Real time : 0s CPU user time : 3s CPU sys time : 0s MEM : 323108KB)


INFO     : ... Hierarchical pre-synthesis "UartCtrl_2fa2c88f3c1f4868ba7cd09620d007ba" begin


INFO     : ... Hierarchical pre-synthesis "UartCtrl_2fa2c88f3c1f4868ba7cd09620d007ba" end (Real time : 0s CPU user time : 3s CPU sys time : 0s MEM : 323108KB)


INFO     : ... Hierarchical pre-synthesis "StreamFifo_2fa2c88f3c1f4868ba7cd09620d007ba" begin


INFO     : ... Hierarchical pre-synthesis "StreamFifo_2fa2c88f3c1f4868ba7cd09620d007ba" end (Real time : 0s CPU user time : 3s CPU sys time : 0s MEM : 323108KB)


INFO     : ... Hierarchical pre-synthesis "BmbUartCtrl_2fa2c88f3c1f4868ba7cd09620d007ba" begin


INFO     : ... Hierarchical pre-synthesis "BmbUartCtrl_2fa2c88f3c1f4868ba7cd09620d007ba" end (Real time : 0s CPU user time : 3s CPU sys time : 0s MEM : 323108KB)


INFO     : ... Hierarchical pre-synthesis "BmbGpio2_2fa2c88f3c1f4868ba7cd09620d007ba" begin


INFO     : ... Hierarchical pre-synthesis "BmbGpio2_2fa2c88f3c1f4868ba7cd09620d007ba" end (Real time : 0s CPU user time : 3s CPU sys time : 0s MEM : 323108KB)


INFO     : ... Hierarchical pre-synthesis "EfxSapphireSoc_2fa2c88f3c1f4868ba7cd09620d007ba" begin


INFO     : ... Hierarchical pre-synthesis "EfxSapphireSoc_2fa2c88f3c1f4868ba7cd09620d007ba" end (Real time : 1s CPU user time : 4s CPU sys time : 0s MEM : 323108KB)


INFO     : ... Hierarchical pre-synthesis "micro_risc_v1" begin


INFO     : ... Hierarchical pre-synthesis "micro_risc_v1" end (Real time : 0s CPU user time : 4s CPU sys time : 0s MEM : 323108KB)


INFO     : ... Hierarchical pre-synthesis "rmii_udp_tx_top" begin


INFO     : ... Hierarchical pre-synthesis "rmii_udp_tx_top" end (Real time : 0s CPU user time : 4s CPU sys time : 0s MEM : 323108KB)


INFO     : ... Hierarchical pre-synthesis "top_level" begin


WARNING  : Mapping into logic memory block 'u_micro_risc_v1/u_EfxSapphireSoc/system_riscvJtag_debug_logic_dm/logic_progbufX_mem' (64 bits) (/home/olle/efinity_p2/BRAM/ip/micro_risc_v1/micro_risc_v1.v:4949) because size is too small (<=64) [EFX-0657]


INFO     : ... Clock Enable Synthesis Performed on 327 flops.


INFO     : ... Hierarchical pre-synthesis "top_level" end (Real time : 1s CPU user time : 5s CPU sys time : 0s MEM : 323108KB)


INFO     : ... Flat optimizations begin


INFO     : ... Flat optimizations end (Real time : 0s CPU user time : 6s CPU sys time : 0s MEM : 323108KB)


INFO     : ... Flat synthesis begin


INFO     : ... Flat synthesis end (Real time : 0s CPU user time : 6s CPU sys time : 0s MEM : 323108KB)


INFO     : ... Flat optimizations begin


INFO     : ... Flat optimizations end (Real time : 0s CPU user time : 6s CPU sys time : 0s MEM : 323108KB)


INFO     : ... Check and break combinational loops begin


INFO     : ... Check and break combinational loops end (Real time : 1s CPU user time : 6s CPU sys time : 0s MEM : 323108KB)


INFO     : ... Sequential Optimization begin


INFO     : ... Clock Network 'pll_clk' with 2314 loads will be considered for sequential optimization.


INFO     : ... Clock Network 'jtag_dummy_TCK' with 221 loads will be considered for sequential optimization.


INFO     : ... Clock Network 'clk' with 116 loads will be considered for sequential optimization.


INFO     : ... Sequential Optimization deduced 474 equivalent points.


INFO     : ... Sequential Optimization end (Real time : 15s CPU user time : 22s CPU sys time : 0s MEM : 323108KB)


INFO     : ... Setup for logic synthesis begin


INFO     : ... Setup for logic synthesis end (Real time : 0s CPU user time : 22s CPU sys time : 0s MEM : 323108KB)


INFO     : ... LUT mapping begin


INFO     : ... LS, strategy: 3, nd: 3360, ed: 11203, lv: 8, pw: 6283.73


INFO     : ... LUT mapping end (Real time : 13s CPU user time : 37s CPU sys time : 0s MEM : 323108KB)


INFO     : ... Post-synthesis Verific netlist creation begin


INFO     : ... Post-synthesis Verific netlist creation end (Real time : 0s CPU user time : 37s CPU sys time : 0s MEM : 323108KB)


INFO     : ... Postmap Retiming Optimization begin


INFO     : ... Clock Network 'pll_clk~pll_clk' with 2301 loads will be considered for retiming optimization.


INFO     : ... Clock Network 'jtag_dummy_TCK~jtag_dummy_TCK' with 220 loads will be considered for retiming optimization.


INFO     : ... Clock Network 'clk~clk' with 113 loads will be considered for retiming optimization.


INFO     : ... Performed 2 retime moves.


INFO     : ... Postmap Retiming Optimization end (Real time : 14s CPU user time : 51s CPU sys time : 0s MEM : 323108KB)


INFO     : ***** Beginning VDB Netlist Checker ... *****


WARNING  : /home/olle/efinity_p2/BRAM/top_level.vhd(11): Input/inout port phy_intr_n is unconnected and will be removed. [VDB-8003]


WARNING  : /home/olle/efinity_p2/BRAM/top_level.vhd(16): Input/inout port rmii_crs_dv is unconnected and will be removed. [VDB-8003]


WARNING  : /home/olle/efinity_p2/BRAM/top_level.vhd(17): Input/inout port rmii_rx_er is unconnected and will be removed. [VDB-8003]


WARNING  : /home/olle/efinity_p2/BRAM/top_level.vhd(18): Input/inout port rmii_rxd[1] is unconnected and will be removed. [VDB-8003]


WARNING  : /home/olle/efinity_p2/BRAM/top_level.vhd(21): Input/inout port mdio_i is unconnected and will be removed. [VDB-8003]


WARNING  : /home/olle/efinity_p2/BRAM/top_level.vhd(29): Input/inout port jtag_dummy_TMS is unconnected and will be removed. [VDB-8003]


WARNING  : /home/olle/efinity_p2/BRAM/top_level.vhd(30): Input/inout port jtag_dummy_SEL is unconnected and will be removed. [VDB-8003]


WARNING  : /home/olle/efinity_p2/BRAM/top_level.vhd(31): Input/inout port jtag_dummy_DRCK is unconnected and will be removed. [VDB-8003]


WARNING  : /home/olle/efinity_p2/BRAM/top_level.vhd(33): Input/inout port jtag_dummy_RUNTEST is unconnected and will be removed. [VDB-8003]


WARNING  : /home/olle/efinity_p2/BRAM/top_level.vhd(38): Input/inout port led4 is unconnected and will be removed. [VDB-8003]


WARNING  : Net u_micro_risc_v1/u_EfxSapphireSoc/system_cores_0_logic_cpu/IBusCachedPlugin_cache/lineLoader_address[0] is dangling. [VDB-8009]


WARNING  : Net u_micro_risc_v1/u_EfxSapphireSoc/system_cores_0_logic_cpu/IBusCachedPlugin_cache/lineLoader_address[1] is dangling. [VDB-8009]


WARNING  : Net u_micro_risc_v1/u_EfxSapphireSoc/system_cores_0_logic_cpu/IBusCachedPlugin_cache/lineLoader_address[2] is dangling. [VDB-8009]


WARNING  : Net u_micro_risc_v1/u_EfxSapphireSoc/system_cores_0_logic_cpu/IBusCachedPlugin_cache/lineLoader_address[3] is dangling. [VDB-8009]


WARNING  : Net u_micro_risc_v1/u_EfxSapphireSoc/system_cores_0_logic_cpu/IBusCachedPlugin_cache/lineLoader_address[4] is dangling. [VDB-8009]


WARNING  : Net u_micro_risc_v1/u_EfxSapphireSoc/system_cores_0_logic_cpu/IBusCachedPlugin_cache/lineLoader_address[5] is dangling. [VDB-8009]


WARNING  : Found 17 warnings in the post-synthesis netlist.


INFO     : VDB Netlist Checker took 0.0210944 seconds.


INFO     : 	VDB Netlist Checker took 0.04 seconds (approximately) in total CPU time.


INFO     : VDB Netlist Checker virtual memory usage: begin = 307.736 MB, end = 307.736 MB, delta = 0 MB


INFO     : VDB Netlist Checker resident set memory usage: begin = 222.232 MB, end = 222.232 MB, delta = 0 MB


INFO     : 	VDB Netlist Checker peak resident set memory usage = 323.108 MB


INFO     : ***** Ending VDB Netlist Checker ... *****


INFO     : Resource Summary 


INFO     : =============================== 


INFO     : EFX_ADD         : 	329


INFO     : EFX_LUT4        : 	3354


INFO     : EFX_FF          : 	2667


INFO     : EFX_RAM_5K      : 	40


INFO     : EFX_GBUFCE      : 	3


INFO     : =============================== 


INFO     : ... Post-Map Verilog Writer begin


INFO     : Writing netlist 'top_level' to Verilog file '/home/olle/efinity_p2/BRAM/outflow/BRAM.map.v' [VDB-1030]


INFO     : ... Post-Map Verilog Writer end (Real time : 0s CPU user time : 52s CPU sys time : 0s MEM : 323108KB)


INFO     : The entire flow of EFX_MAP took 49.3156 seconds.


INFO     : 	The entire flow of EFX_MAP took 52.84 seconds (approximately) in total CPU time.


INFO     : The entire flow of EFX_MAP virtual memory usage: begin = 88.4 MB, end = 307.736 MB, delta = 219.336 MB


INFO     : The entire flow of EFX_MAP resident set memory usage: begin = 27.264 MB, end = 222.232 MB, delta = 194.968 MB


INFO     : 	The entire flow of EFX_MAP peak resident set memory usage = 323.108 MB


Wed August 20 25 20:21:00 - /home/olle/efinix/efinity/2025.1/bin/efx_map finished. Exit code = 0 Exit status : Normal

Running synthesis flow done.

Wed August 20 25 20:21:00 - Start Debugger Flow



-------------------------------------------------------------------------

Debugger

-------------------------------------------------------------------------

Wed August 20 25 20:21:00 - Debugger flow working directory is /home/olle/efinity_p2/BRAM/work_syn


INFO     : --max_threads set to 4 

--------------------------------------------------------------

Start Debugger Step Generate Debugger Cores.

Wed August 20 25 20:21:01 - /home/olle/efinix/efinity/2025.1/bin/python3  -m "efx_dbg.DbgWizard" --device  "T20F169" --family  "Trion" --in_profile_name  "/home/olle/efinity_p2/BRAM/debug_profile.wizard.json" --out_dbg_vdb  "debug_top.post.vdb" --out_profile_name  "/home/olle/efinity_p2/BRAM/debug_profile.wizard.json" --out_dir  "work_dbg"

Wed August 20 25 20:21:01 - Running /home/olle/efinix/efinity/2025.1/bin/python3...

Wed August 20 25 20:21:01 - /home/olle/efinix/efinity/2025.1/bin/python3 finished. Exit code = 0 Exit status : Normal

Debugger Step Generate Debugger Cores. Done

--------------------------------------------------------------

--------------------------------------------------------------

Start Debugger Step Compile Debugger Cores.

Wed August 20 25 20:21:01 - /home/olle/efinix/efinity/2025.1/bin/efx_map  --allow-const-ram-index "0" --blackbox-error "1" --blast_const_operand_adders "1" --bram_output_regs_packing "1" --bram-push-tco-outreg "0" --create-onehot-fsms "0" --fanout-limit "0" --hdl-compile-unit "1" --hdl-loop-limit "20000" --infer-clk-enable "3" --infer-sync-set-reset "1" --enable-mark-debug "1" --max_ram "-1" --max_mult "-1" --max-bit-blast-mem-size "10240" --min-sr-fanout "0" --min-ce-fanout "0" --mode "speed" --mult-auto-pipeline "0" --mult-decomp-retime "0" --operator-sharing "0" --optimize-adder-tree "0" --optimize-zero-init-rom "1" --peri-syn-instantiation "0" --peri-syn-inference "0" --ram-decomp-mode "0" --retiming "1" --seq_opt "1" --seq-opt-sync-only "0" --use-logic-for-small-mem "64" --use-logic-for-small-rom "64" --max_threads "-1" --mult_input_regs_packing "1" --mult_output_regs_packing "1" --I "/home/olle/efinity_p2/BRAM" --I "/home/olle/efinity_p2/BRAM/ip/BRAM_8192_bytes" --I "/home/olle/efinity_p2/BRAM/ip/micro_risc_v1" --family "Trion" --device "T20F169" --root "edb_top" --v "/home/olle/efinity_p2/BRAM/work_dbg/debug_top.v" --write-postmap-module "/home/olle/efinity_p2/BRAM/work_dbg/debug_top.post.vdb" --gen-mark-debug-json "0" --work-dir "/home/olle/efinity_p2/BRAM/work_dbg" --output-dir "/home/olle/efinity_p2/BRAM/outflow"

Wed August 20 25 20:21:01 - Running /home/olle/efinix/efinity/2025.1/bin/efx_map...

INFO     : Efinix FPGA Synthesis.
INFO     : Version: 2025.1.110.2.15
INFO     : Compiled: Jun 21 2025.
INFO     : 
INFO     : Copyright (C) 2013 - 2025 Efinix, Inc. All rights reserved.


INFO     : Analyzing Verilog file '/home/olle/efinix/efinity/2025.1/sim_models/maplib/efinix_peri_lib.v' [VERI-1482]
INFO     : /home/olle/efinix/efinity/2025.1/sim_models/maplib/efinix_peri_lib.v(8): compiling module 'EFX_IBUF' [VERI-1018]
INFO     : /home/olle/efinix/efinity/2025.1/sim_models/maplib/efinix_peri_lib.v(16): compiling module 'EFX_OBUF' [VERI-1018]
INFO     : /home/olle/efinix/efinity/2025.1/sim_models/maplib/efinix_peri_lib.v(23): compiling module 'EFX_IO_BUF' [VERI-1018]
INFO     : /home/olle/efinix/efinity/2025.1/sim_models/maplib/efinix_peri_lib.v(33): compiling module 'EFX_CLKOUT' [VERI-1018]
INFO     : /home/olle/efinix/efinity/2025.1/sim_models/maplib/efinix_peri_lib.v(41): compiling module 'EFX_IREG' [VERI-1018]
INFO     : /home/olle/efinix/efinity/2025.1/sim_models/maplib/efinix_peri_lib.v(51): compiling module 'EFX_OREG' [VERI-1018]
INFO     : /home/olle/efinix/efinity/2025.1/sim_models/maplib/efinix_peri_lib.v(60): compiling module 'EFX_IOREG' [VERI-1018]
INFO     : /home/olle/efinix/efinity/2025.1/sim_models/maplib/efinix_peri_lib.v(75): compiling module 'EFX_IDDIO' [VERI-1018]
INFO     : /home/olle/efinix/efinity/2025.1/sim_models/maplib/efinix_peri_lib.v(87): compiling module 'EFX_ODDIO' [VERI-1018]
INFO     : /home/olle/efinix/efinity/2025.1/sim_models/maplib/efinix_peri_lib.v(99): compiling module 'EFX_GPIO_V1' [VERI-1018]
INFO     : /home/olle/efinix/efinity/2025.1/sim_models/maplib/efinix_peri_lib.v(124): compiling module 'EFX_GPIO_V2' [VERI-1018]
INFO     : /home/olle/efinix/efinity/2025.1/sim_models/maplib/efinix_peri_lib.v(149): compiling module 'EFX_GPIO_V3' [VERI-1018]
INFO     : /home/olle/efinix/efinity/2025.1/sim_models/maplib/efinix_peri_lib.v(186): compiling module 'EFX_PLL_V1' [VERI-1018]
INFO     : /home/olle/efinix/efinity/2025.1/sim_models/maplib/efinix_peri_lib.v(205): compiling module 'EFX_PLL_V2' [VERI-1018]
INFO     : /home/olle/efinix/efinity/2025.1/sim_models/maplib/efinix_peri_lib.v(231): compiling module 'EFX_PLL_V3' [VERI-1018]
INFO     : /home/olle/efinix/efinity/2025.1/sim_models/maplib/efinix_peri_lib.v(279): compiling module 'EFX_OSC_V1' [VERI-1018]
INFO     : /home/olle/efinix/efinity/2025.1/sim_models/maplib/efinix_peri_lib.v(285): compiling module 'EFX_OSC_V3' [VERI-1018]
INFO     : /home/olle/efinix/efinity/2025.1/sim_models/maplib/efinix_peri_lib.v(294): compiling module 'EFX_FPLL_V1' [VERI-1018]
INFO     : /home/olle/efinix/efinity/2025.1/sim_models/maplib/efinix_peri_lib.v(348): compiling module 'EFX_JTAG_V1' [VERI-1018]
INFO     : /home/olle/efinix/efinity/2025.1/sim_models/maplib/efinix_peri_lib.v(357): compiling module 'EFX_JTAG_CTRL' [VERI-1018]
INFO     : /home/olle/efinix/efinity/2025.1/sim_models/maplib/efinix_peri_lib.v(364): compiling module 'EFX_LVDS_RX_V1' [VERI-1018]
INFO     : /home/olle/efinix/efinity/2025.1/sim_models/maplib/efinix_peri_lib.v(381): compiling module 'EFX_LVDS_TX_V1' [VERI-1018]
INFO     : /home/olle/efinix/efinity/2025.1/sim_models/maplib/efinix_peri_lib.v(399): compiling module 'EFX_LVDS_RX_V2' [VERI-1018]
INFO     : /home/olle/efinix/efinity/2025.1/sim_models/maplib/efinix_peri_lib.v(426): compiling module 'EFX_LVDS_TX_V2' [VERI-1018]
INFO     : /home/olle/efinix/efinity/2025.1/sim_models/maplib/efinix_peri_lib.v(446): compiling module 'EFX_LVDS_BIDIR_V2' [VERI-1018]
INFO     : ***** Beginning Analysis ... *****

INFO     : default VHDL library search path is now "/home/olle/efinix/efinity/2025.1/sim_models/vhdl/packages/vhdl_2008" [VHDL-1504]
INFO     : Analyzing Verilog file '/home/olle/efinix/efinity/2025.1/sim_models/maplib/efinix_maplib.v' [VERI-1482]
INFO     : Analyzing Verilog file '/home/olle/efinix/efinity/2025.1/sim_models/maplib/efinix_peri_lib.v' [VERI-1482]
INFO     : Analyzing Verilog file '/home/olle/efinix/efinity/2025.1/sim_models/maplib/efinix_maplib.v' [VERI-1482]

INFO     : Analyzing Verilog file '/home/olle/efinix/efinity/2025.1/sim_models/maplib/efinix_peri_lib.v' [VERI-1482]
INFO     : Analyzing Verilog file '/home/olle/efinity_p2/BRAM/work_dbg/debug_top.v' [VERI-1482]

INFO     : /home/olle/efinity_p2/BRAM/work_dbg/debug_top.v(4456): undeclared symbol 'la_capture_mask', assumed default net type 'wire' [VERI-2561]

INFO     : /home/olle/efinity_p2/BRAM/work_dbg/debug_top.v(4826): undeclared symbol 'next_segment_pointer_eq', assumed default net type 'wire' [VERI-2561]
INFO     : /home/olle/efinity_p2/BRAM/work_dbg/debug_top.v(4827): undeclared symbol 'next_segment_msb_xor', assumed default net type 'wire' [VERI-2561]
INFO     : Analysis took 0.0674518 seconds.
INFO     : 	Analysis took 0.07 seconds (approximately) in total CPU time.
INFO     : Analysis virtual memory usage: begin = 124.56 MB, end = 127.632 MB, delta = 3.072 MB
INFO     : Analysis resident set memory usage: begin = 71.296 MB, end = 74.88 MB, delta = 3.584 MB
INFO     : 	Analysis peak resident set memory usage = 323.108 MB
INFO     : ***** Ending Analysis ... *****
INFO     : ***** Beginning Elaboration ... *****
WARNING  : /home/olle/efinity_p2/BRAM/work_dbg/debug_top.v(170): port 'probe17' remains unconnected for this instance [VERI-1927]
INFO     : /home/olle/efinity_p2/BRAM/work_dbg/debug_top.v(10): compiling module 'edb_top' [VERI-1018]

INFO     : /home/olle/efinity_p2/BRAM/work_dbg/debug_top.v(556): compiling module 'edb_la_top_renamed_due_excessive_length_1' [VERI-1018]

INFO     : /home/olle/efinity_p2/BRAM/work_dbg/debug_top.v(245): compiling module 'edb_adbg_crc32' [VERI-1018]

INFO     : /home/olle/efinity_p2/BRAM/work_dbg/debug_top.v(5557): compiling module 'compare_unit(WIDTH=11'b01,PIPE=1)' [VERI-1018]

INFO     : /home/olle/efinity_p2/BRAM/work_dbg/debug_top.v(5557): compiling module 'compare_unit(WIDTH=11'b011010,PIPE=1)' [VERI-1018]

INFO     : /home/olle/efinity_p2/BRAM/work_dbg/debug_top.v(5557): compiling module 'compare_unit(WIDTH=11'b0100000,PIPE=1)' [VERI-1018]

INFO     : /home/olle/efinity_p2/BRAM/work_dbg/debug_top.v(5557): compiling module 'compare_unit(WIDTH=11'b010,PIPE=1)' [VERI-1018]

INFO     : /home/olle/efinity_p2/BRAM/work_dbg/debug_top.v(5557): compiling module 'compare_unit(WIDTH=11'b01000,PIPE=1)' [VERI-1018]

INFO     : /home/olle/efinity_p2/BRAM/work_dbg/debug_top.v(5557): compiling module 'compare_unit(WIDTH=11'b011,PIPE=1)' [VERI-1018]

INFO     : /home/olle/efinity_p2/BRAM/work_dbg/debug_top.v(5557): compiling module 'compare_unit(WIDTH=11'b0100,PIPE=1)' [VERI-1018]

INFO     : /home/olle/efinity_p2/BRAM/work_dbg/debug_top.v(5557): compiling module 'compare_unit(WIDTH=11'b010000,PIPE=1)' [VERI-1018]

INFO     : /home/olle/efinity_p2/BRAM/work_dbg/debug_top.v(5557): compiling module 'compare_unit(WIDTH=11'b0110,PIPE=1)' [VERI-1018]

INFO     : /home/olle/efinity_p2/BRAM/work_dbg/debug_top.v(5762): compiling module 'trigger_unit(WIDTH=32'b010001,PIPE=1)' [VERI-1018]
INFO     : /home/olle/efinity_p2/BRAM/work_dbg/debug_top.v(5887): compiling module 'trigger_skipper' [VERI-1018]

INFO     : /home/olle/efinity_p2/BRAM/work_dbg/debug_top.v(4903): compiling module 'la_biu(CAPTURE_WIDTH=32'b011000011)' [VERI-1018]
INFO     : /home/olle/efinity_p2/BRAM/work_dbg/debug_top.v(4645): compiling module 'fifo_with_read(DATA_WIDTH=32'b011000100)' [VERI-1018]
INFO     : /home/olle/efinity_p2/BRAM/work_dbg/debug_top.v(4595): compiling module 'fifo_address_trancode_unit' [VERI-1018]

INFO     : /home/olle/efinity_p2/BRAM/work_dbg/debug_top.v(466): compiling module 'edb_simple_dual_port_ram(DATA_WIDTH=32'b011000100,ADDR_WIDTH=10,RAM_INIT_FILE="")' [VERI-1018]
INFO     : /home/olle/efinity_p2/BRAM/work_dbg/debug_top.v(481): extracting RAM for identifier 'ram' [VERI-2571]

INFO     : /home/olle/efinity_p2/BRAM/work_dbg/debug_top.v(323): compiling module 'debug_hub' [VERI-1018]

WARNING  : /home/olle/efinity_p2/BRAM/work_dbg/debug_top.v(132): input port 'probe17[0]' remains unconnected for this instance [VDB-1053]
INFO     : Elaboration took 0.660207 seconds.
INFO     : 	Elaboration took 0.64 seconds (approximately) in total CPU time.
INFO     : Elaboration virtual memory usage: begin = 127.632 MB, end = 165.52 MB, delta = 37.888 MB
INFO     : Elaboration resident set memory usage: begin = 74.88 MB, end = 113.92 MB, delta = 39.04 MB
INFO     : 	Elaboration peak resident set memory usage = 323.108 MB
INFO     : ***** Ending Elaboration ... *****
INFO     : ... Setting Synthesis Option: mode=speed
INFO     : ***** Beginning Reading Mapping Library ... *****
INFO     : Analyzing Verilog file '/home/olle/efinix/efinity/2025.1/sim_models/maplib/efinix_maplib.v' [VERI-1482]

INFO     : /home/olle/efinix/efinity/2025.1/sim_models/maplib/efinix_maplib.v(8): compiling module 'EFX_ADD' [VERI-1018]
INFO     : /home/olle/efinix/efinity/2025.1/sim_models/maplib/efinix_maplib.v(21): compiling module 'EFX_FF' [VERI-1018]
INFO     : /home/olle/efinix/efinity/2025.1/sim_models/maplib/efinix_maplib.v(38): compiling module 'EFX_COMB4' [VERI-1018]
INFO     : /home/olle/efinix/efinity/2025.1/sim_models/maplib/efinix_maplib.v(48): compiling module 'EFX_GBUFCE' [VERI-1018]
INFO     : /home/olle/efinix/efinity/2025.1/sim_models/maplib/efinix_maplib.v(57): compiling module 'EFX_LUT4' [VERI-1018]
INFO     : /home/olle/efinix/efinity/2025.1/sim_models/maplib/efinix_maplib.v(65): compiling module 'EFX_MULT' [VERI-1018]
INFO     : /home/olle/efinix/efinity/2025.1/sim_models/maplib/efinix_maplib.v(100): compiling module 'EFX_DSP48' [VERI-1018]
INFO     : /home/olle/efinix/efinity/2025.1/sim_models/maplib/efinix_maplib.v(156): compiling module 'EFX_DSP24' [VERI-1018]
INFO     : /home/olle/efinix/efinity/2025.1/sim_models/maplib/efinix_maplib.v(209): compiling module 'EFX_DSP12' [VERI-1018]
INFO     : /home/olle/efinix/efinity/2025.1/sim_models/maplib/efinix_maplib.v(262): compiling module 'EFX_RAM_4K' [VERI-1018]
INFO     : /home/olle/efinix/efinity/2025.1/sim_models/maplib/efinix_maplib.v(322): compiling module 'EFX_RAM_5K' [VERI-1018]
INFO     : /home/olle/efinix/efinity/2025.1/sim_models/maplib/efinix_maplib.v(394): compiling module 'EFX_DPRAM_5K' [VERI-1018]
INFO     : /home/olle/efinix/efinity/2025.1/sim_models/maplib/efinix_maplib.v(499): compiling module 'RAMB5' [VERI-1018]
INFO     : /home/olle/efinix/efinity/2025.1/sim_models/maplib/efinix_maplib.v(561): compiling module 'EFX_RAM_10K' [VERI-1018]
INFO     : /home/olle/efinix/efinity/2025.1/sim_models/maplib/efinix_maplib.v(653): compiling module 'EFX_RAM10' [VERI-1018]
INFO     : /home/olle/efinix/efinity/2025.1/sim_models/maplib/efinix_maplib.v(754): compiling module 'EFX_DPRAM10' [VERI-1018]
INFO     : /home/olle/efinix/efinity/2025.1/sim_models/maplib/efinix_maplib.v(884): compiling module 'EFX_SRL8' [VERI-1018]
INFO     : Reading Mapping Library took 0.0160166 seconds.
INFO     : 	Reading Mapping Library took 0.01 seconds (approximately) in total CPU time.
INFO     : Reading Mapping Library virtual memory usage: begin = 165.52 MB, end = 165.52 MB, delta = 0 MB
INFO     : Reading Mapping Library resident set memory usage: begin = 114.56 MB, end = 114.56 MB, delta = 0 MB
INFO     : 	Reading Mapping Library peak resident set memory usage = 323.108 MB
INFO     : ***** Ending Reading Mapping Library ... *****
INFO     : ... Pre-synthesis checks begin
WARNING  : Removing redundant signal : compared_in[0]. (/home/olle/efinity_p2/BRAM/work_dbg/debug_top.v:5563) [EFX-0200]
WARNING  : Removing redundant signal : mask_in[0]. (/home/olle/efinity_p2/BRAM/work_dbg/debug_top.v:5564) [EFX-0200]

WARNING  : Removing redundant signal : trigger_in. (/home/olle/efinity_p2/BRAM/work_dbg/debug_top.v:5774) [EFX-0200]
INFO     : ... Memory 'ram' is not initialized, assuming empty initial contents. (/home/olle/efinity_p2/BRAM/work_dbg/debug_top.v:481) [EFX-0677]
WARNING  : Removing redundant signal : din[195]. (/home/olle/efinity_p2/BRAM/work_dbg/debug_top.v:4658) [EFX-0200]
WARNING  : Removing redundant signal : shift_i. (/home/olle/efinity_p2/BRAM/work_dbg/debug_top.v:4923) [EFX-0200]
WARNING  : Removing redundant signal : trig_out. (/home/olle/efinity_p2/BRAM/work_dbg/debug_top.v:4940) [EFX-0200]
WARNING  : Removing redundant signal : trig_out_ack. (/home/olle/efinity_p2/BRAM/work_dbg/debug_top.v:4941) [EFX-0200]
WARNING  : Removing redundant signal : bscan_DRCK. (/home/olle/efinity_p2/BRAM/work_dbg/debug_top.v:1089) [EFX-0200]
WARNING  : Removing redundant signal : bscan_RESET. (/home/olle/efinity_p2/BRAM/work_dbg/debug_top.v:1090) [EFX-0200]
WARNING  : Removing redundant signal : bscan_RUNTEST. (/home/olle/efinity_p2/BRAM/work_dbg/debug_top.v:1091) [EFX-0200]
WARNING  : Removing redundant signal : bscan_SEL. (/home/olle/efinity_p2/BRAM/work_dbg/debug_top.v:1092) [EFX-0200]
WARNING  : Removing redundant signal : bscan_TMS. (/home/olle/efinity_p2/BRAM/work_dbg/debug_top.v:1096) [EFX-0200]
WARNING  : Removing redundant signal : trig_in_ack. (/home/olle/efinity_p2/BRAM/work_dbg/debug_top.v:1108) [EFX-0200]
WARNING  : Removing redundant signal : mux_capture_cmp[16]. (/home/olle/efinity_p2/BRAM/work_dbg/debug_top.v:3522) [EFX-0200]
WARNING  : Removing redundant signal : mux_capture_cmp[15]. (/home/olle/efinity_p2/BRAM/work_dbg/debug_top.v:3522) [EFX-0200]
WARNING  : Removing redundant signal : mux_capture_cmp[14]. (/home/olle/efinity_p2/BRAM/work_dbg/debug_top.v:3522) [EFX-0200]
WARNING  : Removing redundant signal : mux_capture_cmp[13]. (/home/olle/efinity_p2/BRAM/work_dbg/debug_top.v:3522) [EFX-0200]
WARNING  : Removing redundant signal : mux_capture_cmp[12]. (/home/olle/efinity_p2/BRAM/work_dbg/debug_top.v:3522) [EFX-0200]
WARNING  : Removing redundant signal : mux_capture_cmp[11]. (/home/olle/efinity_p2/BRAM/work_dbg/debug_top.v:3522) [EFX-0200]
WARNING  : Removing redundant signal : mux_capture_cmp[10]. (/home/olle/efinity_p2/BRAM/work_dbg/debug_top.v:3522) [EFX-0200]
WARNING  : (The above message was generated too many times, subsequent similar messages will be muted.) [EFX-0200]
INFO     : Module Instance 'la0' input pin 'trig_in' is tied to constant (=0). [EFX-0266]
INFO     : Module Instance 'la0' input pin 'trig_out_ack' is tied to constant (=0). [EFX-0266]
WARNING  : Re-wiring to GND non-driven net 'la0.probe17[0]'. (/home/olle/efinity_p2/BRAM/work_dbg/debug_top.v:132) [EFX-0201]
WARNING  : Re-wiring to GND non-driven net 'la0.probe18[0]'. (/home/olle/efinity_p2/BRAM/work_dbg/debug_top.v:132) [EFX-0201]
WARNING  : Re-wiring to GND non-driven net 'la0.probe19[0]'. (/home/olle/efinity_p2/BRAM/work_dbg/debug_top.v:132) [EFX-0201]
WARNING  : Re-wiring to GND non-driven net 'la0.probe20[0]'. (/home/olle/efinity_p2/BRAM/work_dbg/debug_top.v:132) [EFX-0201]
WARNING  : Re-wiring to GND non-driven net 'la0.probe21[0]'. (/home/olle/efinity_p2/BRAM/work_dbg/debug_top.v:132) [EFX-0201]
WARNING  : Re-wiring to GND non-driven net 'la0.probe22[0]'. (/home/olle/efinity_p2/BRAM/work_dbg/debug_top.v:132) [EFX-0201]
WARNING  : Re-wiring to GND non-driven net 'la0.probe23[0]'. (/home/olle/efinity_p2/BRAM/work_dbg/debug_top.v:132) [EFX-0201]
WARNING  : Re-wiring to GND non-driven net 'la0.probe24[0]'. (/home/olle/efinity_p2/BRAM/work_dbg/debug_top.v:132) [EFX-0201]
WARNING  : Re-wiring to GND non-driven net 'la0.probe25[0]'. (/home/olle/efinity_p2/BRAM/work_dbg/debug_top.v:132) [EFX-0201]
WARNING  : Re-wiring to GND non-driven net 'la0.probe26[0]'. (/home/olle/efinity_p2/BRAM/work_dbg/debug_top.v:132) [EFX-0201]
WARNING  : (The above message was generated too many times, subsequent similar messages will be muted.) [EFX-0201]
INFO     : ... Pre-synthesis checks end (Real time : 0s CPU user time : 1s CPU sys time : 0s MEM : 323108KB)
INFO     : ... NameSpace init begin
INFO     : ... NameSpace init end (Real time : 0s CPU user time : 1s CPU sys time : 0s MEM : 323108KB)
INFO     : ... Mapping design "edb_top"
INFO     : ... Hierarchical pre-synthesis "edb_adbg_crc32" begin

INFO     : ... Hierarchical pre-synthesis "edb_adbg_crc32" end (Real time : 0s CPU user time : 1s CPU sys time : 0s MEM : 323108KB)
INFO     : ... Hierarchical pre-synthesis "compare_unit(WIDTH=11'b01,PIPE=1)" begin
INFO     : ... Hierarchical pre-synthesis "compare_unit(WIDTH=11'b01,PIPE=1)" end (Real time : 0s CPU user time : 1s CPU sys time : 0s MEM : 323108KB)
INFO     : ... Hierarchical pre-synthesis "compare_unit(WIDTH=11'b011010,PIPE=1)" begin
INFO     : ... Hierarchical pre-synthesis "compare_unit(WIDTH=11'b011010,PIPE=1)" end (Real time : 0s CPU user time : 1s CPU sys time : 0s MEM : 323108KB)
INFO     : ... Hierarchical pre-synthesis "compare_unit(WIDTH=11'b0100000,PIPE=1)" begin

INFO     : ... Hierarchical pre-synthesis "compare_unit(WIDTH=11'b0100000,PIPE=1)" end (Real time : 0s CPU user time : 1s CPU sys time : 0s MEM : 323108KB)
INFO     : ... Hierarchical pre-synthesis "compare_unit(WIDTH=11'b010,PIPE=1)" begin
INFO     : ... Hierarchical pre-synthesis "compare_unit(WIDTH=11'b010,PIPE=1)" end (Real time : 0s CPU user time : 1s CPU sys time : 0s MEM : 323108KB)
INFO     : ... Hierarchical pre-synthesis "compare_unit(WIDTH=11'b01000,PIPE=1)" begin
INFO     : ... Hierarchical pre-synthesis "compare_unit(WIDTH=11'b01000,PIPE=1)" end (Real time : 0s CPU user time : 1s CPU sys time : 0s MEM : 323108KB)
INFO     : ... Hierarchical pre-synthesis "compare_unit(WIDTH=11'b011,PIPE=1)" begin
INFO     : ... Hierarchical pre-synthesis "compare_unit(WIDTH=11'b011,PIPE=1)" end (Real time : 0s CPU user time : 1s CPU sys time : 0s MEM : 323108KB)
INFO     : ... Hierarchical pre-synthesis "compare_unit(WIDTH=11'b0100,PIPE=1)" begin

INFO     : ... Hierarchical pre-synthesis "compare_unit(WIDTH=11'b0100,PIPE=1)" end (Real time : 0s CPU user time : 1s CPU sys time : 0s MEM : 323108KB)
INFO     : ... Hierarchical pre-synthesis "compare_unit(WIDTH=11'b010000,PIPE=1)" begin
INFO     : ... Hierarchical pre-synthesis "compare_unit(WIDTH=11'b010000,PIPE=1)" end (Real time : 0s CPU user time : 1s CPU sys time : 0s MEM : 323108KB)
INFO     : ... Hierarchical pre-synthesis "compare_unit(WIDTH=11'b0110,PIPE=1)" begin
INFO     : ... Hierarchical pre-synthesis "compare_unit(WIDTH=11'b0110,PIPE=1)" end (Real time : 0s CPU user time : 1s CPU sys time : 0s MEM : 323108KB)
INFO     : ... Hierarchical pre-synthesis "trigger_unit(WIDTH=32'b010001,PIPE=1)" begin
INFO     : ... Hierarchical pre-synthesis "trigger_unit(WIDTH=32'b010001,PIPE=1)" end (Real time : 0s CPU user time : 1s CPU sys time : 0s MEM : 323108KB)
INFO     : ... Hierarchical pre-synthesis "trigger_skipper" begin

INFO     : ... Hierarchical pre-synthesis "trigger_skipper" end (Real time : 0s CPU user time : 1s CPU sys time : 0s MEM : 323108KB)
INFO     : ... Hierarchical pre-synthesis "fifo_address_trancode_unit" begin

INFO     : ... Hierarchical pre-synthesis "fifo_address_trancode_unit" end (Real time : 0s CPU user time : 1s CPU sys time : 0s MEM : 323108KB)
INFO     : ... Hierarchical pre-synthesis "edb_simple_dual_port_ram(DATA_WIDTH=32'b011000100,ADDR_WIDTH=10,RAM_INIT_FILE="")" begin

INFO     : ... Hierarchical pre-synthesis "edb_simple_dual_port_ram(DATA_WIDTH=32'b011000100,ADDR_WIDTH=10,RAM_INIT_FILE="")" end (Real time : 0s CPU user time : 1s CPU sys time : 0s MEM : 323108KB)
INFO     : ... Hierarchical pre-synthesis "fifo_with_read(DATA_WIDTH=32'b011000100)" begin

INFO     : ... Hierarchical pre-synthesis "fifo_with_read(DATA_WIDTH=32'b011000100)" end (Real time : 0s CPU user time : 1s CPU sys time : 0s MEM : 323108KB)
INFO     : ... Hierarchical pre-synthesis "la_biu(CAPTURE_WIDTH=32'b011000011)" begin

INFO     : ... Hierarchical pre-synthesis "la_biu(CAPTURE_WIDTH=32'b011000011)" end (Real time : 0s CPU user time : 1s CPU sys time : 0s MEM : 323108KB)
INFO     : ... Hierarchical pre-synthesis "edb_la_top_renamed_due_excessive_length_1" begin

INFO     : ... Hierarchical pre-synthesis "edb_la_top_renamed_due_excessive_length_1" end (Real time : 1s CPU user time : 2s CPU sys time : 0s MEM : 323108KB)
INFO     : ... Hierarchical pre-synthesis "debug_hub" begin

INFO     : ... Hierarchical pre-synthesis "debug_hub" end (Real time : 0s CPU user time : 2s CPU sys time : 0s MEM : 323108KB)
INFO     : ... Hierarchical pre-synthesis "edb_top" begin

INFO     : ... Clock Enable Synthesis Performed on 129 flops.

INFO     : ... Hierarchical pre-synthesis "edb_top" end (Real time : 0s CPU user time : 3s CPU sys time : 0s MEM : 323108KB)

INFO     : ... Flat optimizations begin

INFO     : ... Flat optimizations end (Real time : 0s CPU user time : 3s CPU sys time : 0s MEM : 323108KB)

INFO     : ... Flat synthesis begin

INFO     : ... Flat synthesis end (Real time : 0s CPU user time : 3s CPU sys time : 0s MEM : 323108KB)

INFO     : ... Flat optimizations begin

INFO     : ... Flat optimizations end (Real time : 0s CPU user time : 3s CPU sys time : 0s MEM : 323108KB)

INFO     : ... Check and break combinational loops begin

INFO     : ... Check and break combinational loops end (Real time : 0s CPU user time : 3s CPU sys time : 0s MEM : 323108KB)

INFO     : ... Sequential Optimization begin

INFO     : ... Clock Network 'la0_clk' with 1645 loads will be considered for sequential optimization.

INFO     : ... Clock Network 'bscan_TCK' with 883 loads will be considered for sequential optimization.

INFO     : ... Sequential Optimization deduced 220 equivalent points.

INFO     : ... Sequential Optimization end (Real time : 9s CPU user time : 13s CPU sys time : 0s MEM : 323108KB)
INFO     : ... Setup for logic synthesis begin

INFO     : ... Setup for logic synthesis end (Real time : 0s CPU user time : 13s CPU sys time : 0s MEM : 323108KB)
INFO     : ... LUT mapping begin

INFO     : ... LS, strategy: 3, nd: 2127, ed: 6574, lv: 8, pw: 4015.15
INFO     : ... LUT mapping end (Real time : 9s CPU user time : 24s CPU sys time : 0s MEM : 323108KB)
INFO     : ... Post-synthesis Verific netlist creation begin

INFO     : ... Post-synthesis Verific netlist creation end (Real time : 0s CPU user time : 24s CPU sys time : 0s MEM : 323108KB)

INFO     : ... Postmap Retiming Optimization begin

INFO     : ... Clock Network 'la0_clk~la0_clk' with 1645 loads will be considered for retiming optimization.

INFO     : ... Clock Network 'bscan_TCK~bscan_TCK' with 883 loads will be considered for retiming optimization.

INFO     : ... Performed 0 retime moves.

INFO     : ... Postmap Retiming Optimization end (Real time : 9s CPU user time : 33s CPU sys time : 0s MEM : 323108KB)

INFO     : ***** Beginning VDB Netlist Checker ... *****
WARNING  : /home/olle/efinity_p2/BRAM/work_dbg/debug_top.v(13): Input/inout port bscan_DRCK is unconnected and will be removed. [VDB-8003]
WARNING  : /home/olle/efinity_p2/BRAM/work_dbg/debug_top.v(15): Input/inout port bscan_RUNTEST is unconnected and will be removed. [VDB-8003]
WARNING  : /home/olle/efinity_p2/BRAM/work_dbg/debug_top.v(20): Input/inout port bscan_TMS is unconnected and will be removed. [VDB-8003]

WARNING  : Found 3 warnings in the post-synthesis netlist.
INFO     : VDB Netlist Checker took 0.015052 seconds.
INFO     : 	VDB Netlist Checker took 0.03 seconds (approximately) in total CPU time.
INFO     : VDB Netlist Checker virtual memory usage: begin = 296.412 MB, end = 296.412 MB, delta = 0 MB
INFO     : VDB Netlist Checker resident set memory usage: begin = 203.444 MB, end = 203.444 MB, delta = 0 MB
INFO     : 	VDB Netlist Checker peak resident set memory usage = 323.108 MB
INFO     : ***** Ending VDB Netlist Checker ... *****
INFO     : Resource Summary 
INFO     : =============================== 
INFO     : EFX_ADD         : 	152
INFO     : EFX_LUT4        : 	2113
INFO     : EFX_FF          : 	2519
INFO     : EFX_RAM_5K      : 	40
INFO     : EFX_GBUFCE      : 	2
INFO     : =============================== 

INFO     : The entire flow of EFX_MAP took 31.0111 seconds.
INFO     : 	The entire flow of EFX_MAP took 33.91 seconds (approximately) in total CPU time.
INFO     : The entire flow of EFX_MAP virtual memory usage: begin = 88.4 MB, end = 296.412 MB, delta = 208.012 MB
INFO     : The entire flow of EFX_MAP resident set memory usage: begin = 27.264 MB, end = 203.444 MB, delta = 176.18 MB
INFO     : 	The entire flow of EFX_MAP peak resident set memory usage = 323.108 MB

Wed August 20 25 20:21:32 - /home/olle/efinix/efinity/2025.1/bin/efx_map finished. Exit code = 0 Exit status : Normal

Debugger Step Compile Debugger Cores. Done

--------------------------------------------------------------

--------------------------------------------------------------

Start Debugger Step Merge User design with Debugger Cores.

Wed August 20 25 20:21:32 - /home/olle/efinix/efinity/2025.1/bin/efx_map  --family "Trion" --device "T20F169" --gen-mark-debug-json "0" --allow-const-ram-index "0" --blackbox-error "1" --blast_const_operand_adders "1" --bram_output_regs_packing "1" --bram-push-tco-outreg "0" --create-onehot-fsms "0" --fanout-limit "0" --hdl-compile-unit "1" --hdl-loop-limit "20000" --infer-clk-enable "3" --infer-sync-set-reset "1" --enable-mark-debug "1" --max_ram "-1" --max_mult "-1" --max-bit-blast-mem-size "10240" --min-sr-fanout "0" --min-ce-fanout "0" --mode "speed" --mult-auto-pipeline "0" --mult-decomp-retime "0" --operator-sharing "0" --optimize-adder-tree "0" --optimize-zero-init-rom "1" --peri-syn-instantiation "0" --peri-syn-inference "0" --ram-decomp-mode "0" --retiming "1" --seq_opt "1" --seq-opt-sync-only "0" --use-logic-for-small-mem "64" --use-logic-for-small-rom "64" --max_threads "-1" --mult_input_regs_packing "1" --mult_output_regs_packing "1" --I "/home/olle/efinity_p2/BRAM" --I "/home/olle/efinity_p2/BRAM/ip/BRAM_8192_bytes" --I "/home/olle/efinity_p2/BRAM/ip/micro_risc_v1" --root "top_level" --vdb "/home/olle/efinity_p2/BRAM/outflow/BRAM.elab.vdb" --vdb "/home/olle/efinity_p2/BRAM/work_dbg/debug_top.post.vdb" --write-efx-verilog "/home/olle/efinity_p2/BRAM/work_dbg/BRAM.dbg.map.v" --binary-db "/home/olle/efinity_p2/BRAM/work_dbg/BRAM.dbg.vdb" --merge_vdbs=1 --conn "/home/olle/efinity_p2/BRAM/debug_profile.wizard.json" --work-dir "/home/olle/efinity_p2/BRAM/work_dbg" --output-dir "/home/olle/efinity_p2/BRAM/outflow"

Wed August 20 25 20:21:32 - Running /home/olle/efinix/efinity/2025.1/bin/efx_map...

INFO     : Efinix FPGA Synthesis.
INFO     : Version: 2025.1.110.2.15
INFO     : Compiled: Jun 21 2025.
INFO     : 
INFO     : Copyright (C) 2013 - 2025 Efinix, Inc. All rights reserved.


INFO     : Analyzing Verilog file '/home/olle/efinix/efinity/2025.1/sim_models/maplib/efinix_peri_lib.v' [VERI-1482]

INFO     : /home/olle/efinix/efinity/2025.1/sim_models/maplib/efinix_peri_lib.v(8): compiling module 'EFX_IBUF' [VERI-1018]
INFO     : /home/olle/efinix/efinity/2025.1/sim_models/maplib/efinix_peri_lib.v(16): compiling module 'EFX_OBUF' [VERI-1018]
INFO     : /home/olle/efinix/efinity/2025.1/sim_models/maplib/efinix_peri_lib.v(23): compiling module 'EFX_IO_BUF' [VERI-1018]
INFO     : /home/olle/efinix/efinity/2025.1/sim_models/maplib/efinix_peri_lib.v(33): compiling module 'EFX_CLKOUT' [VERI-1018]
INFO     : /home/olle/efinix/efinity/2025.1/sim_models/maplib/efinix_peri_lib.v(41): compiling module 'EFX_IREG' [VERI-1018]
INFO     : /home/olle/efinix/efinity/2025.1/sim_models/maplib/efinix_peri_lib.v(51): compiling module 'EFX_OREG' [VERI-1018]
INFO     : /home/olle/efinix/efinity/2025.1/sim_models/maplib/efinix_peri_lib.v(60): compiling module 'EFX_IOREG' [VERI-1018]
INFO     : /home/olle/efinix/efinity/2025.1/sim_models/maplib/efinix_peri_lib.v(75): compiling module 'EFX_IDDIO' [VERI-1018]
INFO     : /home/olle/efinix/efinity/2025.1/sim_models/maplib/efinix_peri_lib.v(87): compiling module 'EFX_ODDIO' [VERI-1018]
INFO     : /home/olle/efinix/efinity/2025.1/sim_models/maplib/efinix_peri_lib.v(99): compiling module 'EFX_GPIO_V1' [VERI-1018]
INFO     : /home/olle/efinix/efinity/2025.1/sim_models/maplib/efinix_peri_lib.v(124): compiling module 'EFX_GPIO_V2' [VERI-1018]
INFO     : /home/olle/efinix/efinity/2025.1/sim_models/maplib/efinix_peri_lib.v(149): compiling module 'EFX_GPIO_V3' [VERI-1018]
INFO     : /home/olle/efinix/efinity/2025.1/sim_models/maplib/efinix_peri_lib.v(186): compiling module 'EFX_PLL_V1' [VERI-1018]
INFO     : /home/olle/efinix/efinity/2025.1/sim_models/maplib/efinix_peri_lib.v(205): compiling module 'EFX_PLL_V2' [VERI-1018]
INFO     : /home/olle/efinix/efinity/2025.1/sim_models/maplib/efinix_peri_lib.v(231): compiling module 'EFX_PLL_V3' [VERI-1018]
INFO     : /home/olle/efinix/efinity/2025.1/sim_models/maplib/efinix_peri_lib.v(279): compiling module 'EFX_OSC_V1' [VERI-1018]
INFO     : /home/olle/efinix/efinity/2025.1/sim_models/maplib/efinix_peri_lib.v(285): compiling module 'EFX_OSC_V3' [VERI-1018]
INFO     : /home/olle/efinix/efinity/2025.1/sim_models/maplib/efinix_peri_lib.v(294): compiling module 'EFX_FPLL_V1' [VERI-1018]
INFO     : /home/olle/efinix/efinity/2025.1/sim_models/maplib/efinix_peri_lib.v(348): compiling module 'EFX_JTAG_V1' [VERI-1018]
INFO     : /home/olle/efinix/efinity/2025.1/sim_models/maplib/efinix_peri_lib.v(357): compiling module 'EFX_JTAG_CTRL' [VERI-1018]
INFO     : /home/olle/efinix/efinity/2025.1/sim_models/maplib/efinix_peri_lib.v(364): compiling module 'EFX_LVDS_RX_V1' [VERI-1018]
INFO     : /home/olle/efinix/efinity/2025.1/sim_models/maplib/efinix_peri_lib.v(381): compiling module 'EFX_LVDS_TX_V1' [VERI-1018]
INFO     : /home/olle/efinix/efinity/2025.1/sim_models/maplib/efinix_peri_lib.v(399): compiling module 'EFX_LVDS_RX_V2' [VERI-1018]
INFO     : /home/olle/efinix/efinity/2025.1/sim_models/maplib/efinix_peri_lib.v(426): compiling module 'EFX_LVDS_TX_V2' [VERI-1018]
INFO     : /home/olle/efinix/efinity/2025.1/sim_models/maplib/efinix_peri_lib.v(446): compiling module 'EFX_LVDS_BIDIR_V2' [VERI-1018]

INFO     : ... Setting Synthesis Option: mode=speed
INFO     : ***** Beginning Reading Mapping Library ... *****

INFO     : Analyzing Verilog file '/home/olle/efinix/efinity/2025.1/sim_models/maplib/efinix_maplib.v' [VERI-1482]
INFO     : /home/olle/efinix/efinity/2025.1/sim_models/maplib/efinix_maplib.v(8): compiling module 'EFX_ADD' [VERI-1018]
INFO     : /home/olle/efinix/efinity/2025.1/sim_models/maplib/efinix_maplib.v(21): compiling module 'EFX_FF' [VERI-1018]
INFO     : /home/olle/efinix/efinity/2025.1/sim_models/maplib/efinix_maplib.v(38): compiling module 'EFX_COMB4' [VERI-1018]
INFO     : /home/olle/efinix/efinity/2025.1/sim_models/maplib/efinix_maplib.v(48): compiling module 'EFX_GBUFCE' [VERI-1018]
INFO     : /home/olle/efinix/efinity/2025.1/sim_models/maplib/efinix_maplib.v(57): compiling module 'EFX_LUT4' [VERI-1018]
INFO     : /home/olle/efinix/efinity/2025.1/sim_models/maplib/efinix_maplib.v(65): compiling module 'EFX_MULT' [VERI-1018]
INFO     : /home/olle/efinix/efinity/2025.1/sim_models/maplib/efinix_maplib.v(100): compiling module 'EFX_DSP48' [VERI-1018]
INFO     : /home/olle/efinix/efinity/2025.1/sim_models/maplib/efinix_maplib.v(156): compiling module 'EFX_DSP24' [VERI-1018]
INFO     : /home/olle/efinix/efinity/2025.1/sim_models/maplib/efinix_maplib.v(209): compiling module 'EFX_DSP12' [VERI-1018]
INFO     : /home/olle/efinix/efinity/2025.1/sim_models/maplib/efinix_maplib.v(262): compiling module 'EFX_RAM_4K' [VERI-1018]
INFO     : /home/olle/efinix/efinity/2025.1/sim_models/maplib/efinix_maplib.v(322): compiling module 'EFX_RAM_5K' [VERI-1018]
INFO     : /home/olle/efinix/efinity/2025.1/sim_models/maplib/efinix_maplib.v(394): compiling module 'EFX_DPRAM_5K' [VERI-1018]
INFO     : /home/olle/efinix/efinity/2025.1/sim_models/maplib/efinix_maplib.v(499): compiling module 'RAMB5' [VERI-1018]
INFO     : /home/olle/efinix/efinity/2025.1/sim_models/maplib/efinix_maplib.v(561): compiling module 'EFX_RAM_10K' [VERI-1018]
INFO     : /home/olle/efinix/efinity/2025.1/sim_models/maplib/efinix_maplib.v(653): compiling module 'EFX_RAM10' [VERI-1018]
INFO     : /home/olle/efinix/efinity/2025.1/sim_models/maplib/efinix_maplib.v(754): compiling module 'EFX_DPRAM10' [VERI-1018]
INFO     : /home/olle/efinix/efinity/2025.1/sim_models/maplib/efinix_maplib.v(884): compiling module 'EFX_SRL8' [VERI-1018]
INFO     : Reading Mapping Library took 0.0118637 seconds.
INFO     : 	Reading Mapping Library took 0.01 seconds (approximately) in total CPU time.
INFO     : Reading Mapping Library virtual memory usage: begin = 168.084 MB, end = 169.108 MB, delta = 1.024 MB
INFO     : Reading Mapping Library resident set memory usage: begin = 115.84 MB, end = 116.608 MB, delta = 0.768 MB
INFO     : 	Reading Mapping Library peak resident set memory usage = 323.108 MB
INFO     : ***** Ending Reading Mapping Library ... *****

INFO     : ... Pre-synthesis checks begin
WARNING  : The primary output port 'led2' wire 'led2' is not driven. [EFX-0256]
WARNING  : The primary output port 'mdc' wire 'mdc' is not driven. [EFX-0256]
WARNING  : The primary output port 'mdio_o' wire 'mdio_o' is not driven. [EFX-0256]
WARNING  : The primary output port 'mdio_oe' wire 'mdio_oe' is not driven. [EFX-0256]
WARNING  : The primary output port 'CAM0_EN' wire 'CAM0_EN' is not driven. [EFX-0256]
WARNING  : The primary output port 'CAM1_EN' wire 'CAM1_EN' is not driven. [EFX-0256]
WARNING  : The primary output port 'RJ45_led' wire 'RJ45_led' is not driven. [EFX-0256]
WARNING  : Removing redundant signal : io_cpu_prefetch_isValid. (/home/olle/efinity_p2/BRAM/ip/micro_risc_v1/micro_risc_v1.v:12221) [EFX-0200]
WARNING  : Removing redundant signal : io_cpu_prefetch_pc[31]. (/home/olle/efinity_p2/BRAM/ip/micro_risc_v1/micro_risc_v1.v:12223) [EFX-0200]
WARNING  : Removing redundant signal : io_cpu_prefetch_pc[30]. (/home/olle/efinity_p2/BRAM/ip/micro_risc_v1/micro_risc_v1.v:12223) [EFX-0200]
WARNING  : Removing redundant signal : io_cpu_prefetch_pc[29]. (/home/olle/efinity_p2/BRAM/ip/micro_risc_v1/micro_risc_v1.v:12223) [EFX-0200]
WARNING  : Removing redundant signal : io_cpu_prefetch_pc[28]. (/home/olle/efinity_p2/BRAM/ip/micro_risc_v1/micro_risc_v1.v:12223) [EFX-0200]
WARNING  : Removing redundant signal : io_cpu_prefetch_pc[27]. (/home/olle/efinity_p2/BRAM/ip/micro_risc_v1/micro_risc_v1.v:12223) [EFX-0200]
WARNING  : Removing redundant signal : io_cpu_prefetch_pc[26]. (/home/olle/efinity_p2/BRAM/ip/micro_risc_v1/micro_risc_v1.v:12223) [EFX-0200]
WARNING  : Removing redundant signal : io_cpu_prefetch_pc[25]. (/home/olle/efinity_p2/BRAM/ip/micro_risc_v1/micro_risc_v1.v:12223) [EFX-0200]
WARNING  : Removing redundant signal : io_cpu_prefetch_pc[24]. (/home/olle/efinity_p2/BRAM/ip/micro_risc_v1/micro_risc_v1.v:12223) [EFX-0200]
WARNING  : Removing redundant signal : io_cpu_prefetch_pc[23]. (/home/olle/efinity_p2/BRAM/ip/micro_risc_v1/micro_risc_v1.v:12223) [EFX-0200]
WARNING  : Removing redundant signal : io_cpu_prefetch_pc[22]. (/home/olle/efinity_p2/BRAM/ip/micro_risc_v1/micro_risc_v1.v:12223) [EFX-0200]
WARNING  : Removing redundant signal : io_cpu_prefetch_pc[21]. (/home/olle/efinity_p2/BRAM/ip/micro_risc_v1/micro_risc_v1.v:12223) [EFX-0200]
WARNING  : Removing redundant signal : io_cpu_prefetch_pc[20]. (/home/olle/efinity_p2/BRAM/ip/micro_risc_v1/micro_risc_v1.v:12223) [EFX-0200]
WARNING  : Removing redundant signal : io_cpu_prefetch_pc[19]. (/home/olle/efinity_p2/BRAM/ip/micro_risc_v1/micro_risc_v1.v:12223) [EFX-0200]
WARNING  : Removing redundant signal : io_cpu_prefetch_pc[18]. (/home/olle/efinity_p2/BRAM/ip/micro_risc_v1/micro_risc_v1.v:12223) [EFX-0200]
WARNING  : Removing redundant signal : io_cpu_prefetch_pc[17]. (/home/olle/efinity_p2/BRAM/ip/micro_risc_v1/micro_risc_v1.v:12223) [EFX-0200]
WARNING  : Removing redundant signal : io_cpu_prefetch_pc[16]. (/home/olle/efinity_p2/BRAM/ip/micro_risc_v1/micro_risc_v1.v:12223) [EFX-0200]
WARNING  : Removing redundant signal : io_cpu_prefetch_pc[15]. (/home/olle/efinity_p2/BRAM/ip/micro_risc_v1/micro_risc_v1.v:12223) [EFX-0200]
WARNING  : Removing redundant signal : io_cpu_prefetch_pc[14]. (/home/olle/efinity_p2/BRAM/ip/micro_risc_v1/micro_risc_v1.v:12223) [EFX-0200]
WARNING  : Removing redundant signal : io_cpu_prefetch_pc[13]. (/home/olle/efinity_p2/BRAM/ip/micro_risc_v1/micro_risc_v1.v:12223) [EFX-0200]
WARNING  : (The above message was generated too many times, subsequent similar messages will be muted.) [EFX-0200]
INFO     : ... Memory 'banks_0' is not initialized, assuming empty initial contents. (/home/olle/efinity_p2/BRAM/ip/micro_risc_v1/micro_risc_v1.v:12325) [EFX-0677]
INFO     : ... Memory 'ways_0_tags' is not initialized, assuming empty initial contents. (/home/olle/efinity_p2/BRAM/ip/micro_risc_v1/micro_risc_v1.v:12326) [EFX-0677]
INFO     : ... Memory 'ways_0_tags' is not initialized, assuming empty initial contents. (/home/olle/efinity_p2/BRAM/ip/micro_risc_v1/micro_risc_v1.v:11579) [EFX-0677]
INFO     : ... Memory 'ways_0_data_symbol0' is not initialized, assuming empty initial contents. (/home/olle/efinity_p2/BRAM/ip/micro_risc_v1/micro_risc_v1.v:11580) [EFX-0677]
INFO     : ... Memory 'ways_0_data_symbol1' is not initialized, assuming empty initial contents. (/home/olle/efinity_p2/BRAM/ip/micro_risc_v1/micro_risc_v1.v:11581) [EFX-0677]
INFO     : ... Memory 'ways_0_data_symbol2' is not initialized, assuming empty initial contents. (/home/olle/efinity_p2/BRAM/ip/micro_risc_v1/micro_risc_v1.v:11582) [EFX-0677]
INFO     : ... Memory 'ways_0_data_symbol3' is not initialized, assuming empty initial contents. (/home/olle/efinity_p2/BRAM/ip/micro_risc_v1/micro_risc_v1.v:11583) [EFX-0677]

WARNING  : Re-wiring to GND non-driven net 'IBusCachedPlugin_cache_io_cpu_fetch_isRemoved'. (/home/olle/efinity_p2/BRAM/ip/micro_risc_v1/micro_risc_v1.v:5832) [EFX-0201]
WARNING  : Re-wiring to GND non-driven net 'dataCache_1_io_cpu_writeBack_fence_SW'. (/home/olle/efinity_p2/BRAM/ip/micro_risc_v1/micro_risc_v1.v:5845) [EFX-0201]
WARNING  : Re-wiring to GND non-driven net 'dataCache_1_io_cpu_writeBack_fence_SR'. (/home/olle/efinity_p2/BRAM/ip/micro_risc_v1/micro_risc_v1.v:5846) [EFX-0201]
WARNING  : Re-wiring to GND non-driven net 'dataCache_1_io_cpu_writeBack_fence_SO'. (/home/olle/efinity_p2/BRAM/ip/micro_risc_v1/micro_risc_v1.v:5847) [EFX-0201]
WARNING  : Re-wiring to GND non-driven net 'dataCache_1_io_cpu_writeBack_fence_SI'. (/home/olle/efinity_p2/BRAM/ip/micro_risc_v1/micro_risc_v1.v:5848) [EFX-0201]
WARNING  : Re-wiring to GND non-driven net 'dataCache_1_io_cpu_writeBack_fence_PW'. (/home/olle/efinity_p2/BRAM/ip/micro_risc_v1/micro_risc_v1.v:5849) [EFX-0201]
WARNING  : Re-wiring to GND non-driven net 'dataCache_1_io_cpu_writeBack_fence_PR'. (/home/olle/efinity_p2/BRAM/ip/micro_risc_v1/micro_risc_v1.v:5850) [EFX-0201]
WARNING  : Re-wiring to GND non-driven net 'dataCache_1_io_cpu_writeBack_fence_PO'. (/home/olle/efinity_p2/BRAM/ip/micro_risc_v1/micro_risc_v1.v:5851) [EFX-0201]
WARNING  : Re-wiring to GND non-driven net 'dataCache_1_io_cpu_writeBack_fence_PI'. (/home/olle/efinity_p2/BRAM/ip/micro_risc_v1/micro_risc_v1.v:5852) [EFX-0201]
WARNING  : Re-wiring to GND non-driven net 'dataCache_1_io_cpu_writeBack_fence_FM[3]'. (/home/olle/efinity_p2/BRAM/ip/micro_risc_v1/micro_risc_v1.v:5853) [EFX-0201]
WARNING  : (The above message was generated too many times, subsequent similar messages will be muted.) [EFX-0201]
INFO     : ... Memory 'RegFilePlugin_regFile' is not initialized, assuming empty initial contents. (/home/olle/efinity_p2/BRAM/ip/micro_risc_v1/micro_risc_v1.v:6995) [EFX-0677]
INFO     : ... Memory 'logic_progbufX_mem' is not initialized, assuming empty initial contents. (/home/olle/efinity_p2/BRAM/ip/micro_risc_v1/micro_risc_v1.v:4949) [EFX-0677]
INFO     : Module Instance 'memory_arbiter' input pin 'io_inputs_0_payload_fragment_source[0]' is tied to constant (=0). [EFX-0266]
INFO     : Module Instance 'memory_arbiter' input pin 'io_inputs_1_payload_fragment_source[0]' is tied to constant (=0). [EFX-0266]
INFO     : Module Instance 'memory_arbiter' input pin 'io_inputs_1_payload_fragment_context[0]' is tied to constant (=0). [EFX-0266]
INFO     : Module Instance 'tx' input pin 'io_cts' is tied to constant (=0). [EFX-0266]
INFO     : ... Memory 'logic_ram' is not initialized, assuming empty initial contents. (/home/olle/efinity_p2/BRAM/ip/micro_risc_v1/micro_risc_v1.v:10857) [EFX-0677]
INFO     : Module Instance 'bridge_write_streamUnbuffered_queueWithOccupancy' input pin 'io_flush' is tied to constant (=0). [EFX-0266]
INFO     : Module Instance 'uartCtrl_1_io_read_queueWithOccupancy' input pin 'io_flush' is tied to constant (=0). [EFX-0266]
INFO     : Module Instance 'system_bridge_bmb_arbiter' input pin 'io_inputs_1_cmd_payload_fragment_data[0]' is tied to constant (=0). [EFX-0266]
INFO     : Module Instance 'system_bridge_bmb_arbiter' input pin 'io_inputs_1_cmd_payload_fragment_data[1]' is tied to constant (=0). [EFX-0266]
INFO     : Module Instance 'system_bridge_bmb_arbiter' input pin 'io_inputs_1_cmd_payload_fragment_data[2]' is tied to constant (=0). [EFX-0266]
INFO     : Module Instance 'system_bridge_bmb_arbiter' input pin 'io_inputs_1_cmd_payload_fragment_data[3]' is tied to constant (=0). [EFX-0266]
INFO     : Module Instance 'system_bridge_bmb_arbiter' input pin 'io_inputs_1_cmd_payload_fragment_data[4]' is tied to constant (=0). [EFX-0266]
INFO     : Module Instance 'system_bridge_bmb_arbiter' input pin 'io_inputs_1_cmd_payload_fragment_data[5]' is tied to constant (=0). [EFX-0266]
INFO     : Module Instance 'system_bridge_bmb_arbiter' input pin 'io_inputs_1_cmd_payload_fragment_data[6]' is tied to constant (=0). [EFX-0266]
INFO     : Module Instance 'system_bridge_bmb_arbiter' input pin 'io_inputs_1_cmd_payload_fragment_data[7]' is tied to constant (=0). [EFX-0266]
INFO     : Module Instance 'system_bridge_bmb_arbiter' input pin 'io_inputs_1_cmd_payload_fragment_data[8]' is tied to constant (=0). [EFX-0266]
INFO     : Module Instance 'system_bridge_bmb_arbiter' input pin 'io_inputs_1_cmd_payload_fragment_data[9]' is tied to constant (=0). [EFX-0266]
INFO     : Module Instance 'system_bridge_bmb_arbiter' input pin 'io_inputs_1_cmd_payload_fragment_data[10]' is tied to constant (=0). [EFX-0266]
INFO     : Module Instance 'system_bridge_bmb_arbiter' input pin 'io_inputs_1_cmd_payload_fragment_data[11]' is tied to constant (=0). [EFX-0266]
INFO     : Module Instance 'system_bridge_bmb_arbiter' input pin 'io_inputs_1_cmd_payload_fragment_data[12]' is tied to constant (=0). [EFX-0266]
INFO     : Module Instance 'system_bridge_bmb_arbiter' input pin 'io_inputs_1_cmd_payload_fragment_data[13]' is tied to constant (=0). [EFX-0266]
INFO     : Module Instance 'system_bridge_bmb_arbiter' input pin 'io_inputs_1_cmd_payload_fragment_data[14]' is tied to constant (=0). [EFX-0266]
INFO     : Module Instance 'system_bridge_bmb_arbiter' input pin 'io_inputs_1_cmd_payload_fragment_data[15]' is tied to constant (=0). [EFX-0266]
INFO     : Module Instance 'system_bridge_bmb_arbiter' input pin 'io_inputs_1_cmd_payload_fragment_data[16]' is tied to constant (=0). [EFX-0266]
INFO     : Module Instance 'system_bridge_bmb_arbiter' input pin 'io_inputs_1_cmd_payload_fragment_data[17]' is tied to constant (=0). [EFX-0266]
INFO     : Module Instance 'system_bridge_bmb_arbiter' input pin 'io_inputs_1_cmd_payload_fragment_data[18]' is tied to constant (=0). [EFX-0266]
INFO     : Module Instance 'system_bridge_bmb_arbiter' input pin 'io_inputs_1_cmd_payload_fragment_data[19]' is tied to constant (=0). [EFX-0266]
INFO     : Module Instance 'system_bridge_bmb_arbiter' input pin 'io_inputs_1_cmd_payload_fragment_data[20]' is tied to constant (=0). [EFX-0266]
INFO     : Module Instance 'system_bridge_bmb_arbiter' input pin 'io_inputs_1_cmd_payload_fragment_data[21]' is tied to constant (=0). [EFX-0266]
INFO     : Module Instance 'system_bridge_bmb_arbiter' input pin 'io_inputs_1_cmd_payload_fragment_data[22]' is tied to constant (=0). [EFX-0266]
INFO     : Module Instance 'system_bridge_bmb_arbiter' input pin 'io_inputs_1_cmd_payload_fragment_data[23]' is tied to constant (=0). [EFX-0266]
INFO     : Module Instance 'system_bridge_bmb_arbiter' input pin 'io_inputs_1_cmd_payload_fragment_data[24]' is tied to constant (=0). [EFX-0266]
INFO     : Module Instance 'system_bridge_bmb_arbiter' input pin 'io_inputs_1_cmd_payload_fragment_data[25]' is tied to constant (=0). [EFX-0266]
INFO     : Module Instance 'system_bridge_bmb_arbiter' input pin 'io_inputs_1_cmd_payload_fragment_data[26]' is tied to constant (=0). [EFX-0266]
INFO     : Module Instance 'system_bridge_bmb_arbiter' input pin 'io_inputs_1_cmd_payload_fragment_data[27]' is tied to constant (=0). [EFX-0266]
INFO     : Module Instance 'system_bridge_bmb_arbiter' input pin 'io_inputs_1_cmd_payload_fragment_data[28]' is tied to constant (=0). [EFX-0266]
INFO     : Module Instance 'system_bridge_bmb_arbiter' input pin 'io_inputs_1_cmd_payload_fragment_data[29]' is tied to constant (=0). [EFX-0266]
INFO     : Module Instance 'system_bridge_bmb_arbiter' input pin 'io_inputs_1_cmd_payload_fragment_data[30]' is tied to constant (=0). [EFX-0266]
INFO     : Module Instance 'system_bridge_bmb_arbiter' input pin 'io_inputs_1_cmd_payload_fragment_data[31]' is tied to constant (=0). [EFX-0266]
INFO     : Module Instance 'system_bridge_bmb_arbiter' input pin 'io_inputs_1_cmd_payload_fragment_mask[0]' is tied to constant (=0). [EFX-0266]
INFO     : Module Instance 'system_bridge_bmb_arbiter' input pin 'io_inputs_1_cmd_payload_fragment_mask[1]' is tied to constant (=0). [EFX-0266]
INFO     : Module Instance 'system_bridge_bmb_arbiter' input pin 'io_inputs_1_cmd_payload_fragment_mask[2]' is tied to constant (=0). [EFX-0266]
INFO     : Module Instance 'system_bridge_bmb_arbiter' input pin 'io_inputs_1_cmd_payload_fragment_mask[3]' is tied to constant (=0). [EFX-0266]

INFO     : Module Instance 'u_micro_risc_v1' input pin 'jtagCtrl_enable' is tied to constant (=1). [EFX-0266]
INFO     : ... Pre-synthesis checks end (Real time : 0s CPU user time : 0s CPU sys time : 0s MEM : 323108KB)
INFO     : ... NameSpace init begin
INFO     : ... NameSpace init end (Real time : 0s CPU user time : 0s CPU sys time : 0s MEM : 323108KB)
INFO     : ... Mapping design "top_level"
INFO     : ... Hierarchical pre-synthesis "InstructionCache_2fa2c88f3c1f4868ba7cd09620d007ba" begin

INFO     : ... Hierarchical pre-synthesis "InstructionCache_2fa2c88f3c1f4868ba7cd09620d007ba" end (Real time : 0s CPU user time : 0s CPU sys time : 0s MEM : 323108KB)
INFO     : ... Hierarchical pre-synthesis "DataCache_2fa2c88f3c1f4868ba7cd09620d007ba" begin

INFO     : ... Hierarchical pre-synthesis "DataCache_2fa2c88f3c1f4868ba7cd09620d007ba" end (Real time : 0s CPU user time : 0s CPU sys time : 0s MEM : 323108KB)
INFO     : ... Hierarchical pre-synthesis "BufferCC_2fa2c88f3c1f4868ba7cd09620d007ba" begin
INFO     : ... Hierarchical pre-synthesis "BufferCC_2fa2c88f3c1f4868ba7cd09620d007ba" end (Real time : 0s CPU user time : 0s CPU sys time : 0s MEM : 323108KB)
INFO     : ... Hierarchical pre-synthesis "EfxCPUSp1_2fa2c88f3c1f4868ba7cd09620d007ba" begin

INFO     : ... Hierarchical pre-synthesis "EfxCPUSp1_2fa2c88f3c1f4868ba7cd09620d007ba" end (Real time : 0s CPU user time : 0s CPU sys time : 0s MEM : 323108KB)
INFO     : ... Hierarchical pre-synthesis "VexRiscv_2fa2c88f3c1f4868ba7cd09620d007ba" begin

INFO     : ... Hierarchical pre-synthesis "VexRiscv_2fa2c88f3c1f4868ba7cd09620d007ba" end (Real time : 1s CPU user time : 1s CPU sys time : 0s MEM : 323108KB)
INFO     : ... Hierarchical pre-synthesis "DebugModule_2fa2c88f3c1f4868ba7cd09620d007ba" begin

INFO     : ... Hierarchical pre-synthesis "DebugModule_2fa2c88f3c1f4868ba7cd09620d007ba" end (Real time : 0s CPU user time : 1s CPU sys time : 0s MEM : 323108KB)
INFO     : ... Hierarchical pre-synthesis "BufferCC_5_2fa2c88f3c1f4868ba7cd09620d007ba" begin
INFO     : ... Hierarchical pre-synthesis "BufferCC_5_2fa2c88f3c1f4868ba7cd09620d007ba" end (Real time : 0s CPU user time : 1s CPU sys time : 0s MEM : 323108KB)
INFO     : ... Hierarchical pre-synthesis "BufferCC_6_2fa2c88f3c1f4868ba7cd09620d007ba" begin
INFO     : ... Hierarchical pre-synthesis "BufferCC_6_2fa2c88f3c1f4868ba7cd09620d007ba" end (Real time : 0s CPU user time : 1s CPU sys time : 0s MEM : 323108KB)
INFO     : ... Hierarchical pre-synthesis "BufferCC_8_2fa2c88f3c1f4868ba7cd09620d007ba" begin
INFO     : ... Hierarchical pre-synthesis "BufferCC_8_2fa2c88f3c1f4868ba7cd09620d007ba" end (Real time : 0s CPU user time : 1s CPU sys time : 0s MEM : 323108KB)
INFO     : ... Hierarchical pre-synthesis "BufferCC_1_2fa2c88f3c1f4868ba7cd09620d007ba" begin
INFO     : ... Hierarchical pre-synthesis "BufferCC_1_2fa2c88f3c1f4868ba7cd09620d007ba" end (Real time : 0s CPU user time : 1s CPU sys time : 0s MEM : 323108KB)
INFO     : ... Hierarchical pre-synthesis "FlowCCByToggle_2fa2c88f3c1f4868ba7cd09620d007ba" begin
INFO     : ... Hierarchical pre-synthesis "FlowCCByToggle_2fa2c88f3c1f4868ba7cd09620d007ba" end (Real time : 0s CPU user time : 1s CPU sys time : 0s MEM : 323108KB)
INFO     : ... Hierarchical pre-synthesis "BufferCC_2_2fa2c88f3c1f4868ba7cd09620d007ba" begin
INFO     : ... Hierarchical pre-synthesis "BufferCC_2_2fa2c88f3c1f4868ba7cd09620d007ba" end (Real time : 0s CPU user time : 1s CPU sys time : 0s MEM : 323108KB)
INFO     : ... Hierarchical pre-synthesis "BufferCC_3_2fa2c88f3c1f4868ba7cd09620d007ba" begin
INFO     : ... Hierarchical pre-synthesis "BufferCC_3_2fa2c88f3c1f4868ba7cd09620d007ba" end (Real time : 0s CPU user time : 1s CPU sys time : 0s MEM : 323108KB)
INFO     : ... Hierarchical pre-synthesis "FlowCCByToggle_1_2fa2c88f3c1f4868ba7cd09620d007ba" begin

INFO     : ... Hierarchical pre-synthesis "FlowCCByToggle_1_2fa2c88f3c1f4868ba7cd09620d007ba" end (Real time : 0s CPU user time : 1s CPU sys time : 0s MEM : 323108KB)
INFO     : ... Hierarchical pre-synthesis "DebugTransportModuleTunneled_2fa2c88f3c1f4868ba7cd09620d007ba" begin

INFO     : ... Hierarchical pre-synthesis "DebugTransportModuleTunneled_2fa2c88f3c1f4868ba7cd09620d007ba" end (Real time : 0s CPU user time : 1s CPU sys time : 0s MEM : 323108KB)
INFO     : ... Hierarchical pre-synthesis "BmbDecoder_2fa2c88f3c1f4868ba7cd09620d007ba" begin
INFO     : ... Hierarchical pre-synthesis "BmbDecoder_2fa2c88f3c1f4868ba7cd09620d007ba" end (Real time : 0s CPU user time : 1s CPU sys time : 0s MEM : 323108KB)
INFO     : ... Hierarchical pre-synthesis "StreamArbiter_2fa2c88f3c1f4868ba7cd09620d007ba" begin
INFO     : ... Hierarchical pre-synthesis "StreamArbiter_2fa2c88f3c1f4868ba7cd09620d007ba" end (Real time : 0s CPU user time : 1s CPU sys time : 0s MEM : 323108KB)
INFO     : ... Hierarchical pre-synthesis "BmbArbiter_2fa2c88f3c1f4868ba7cd09620d007ba" begin

INFO     : ... Hierarchical pre-synthesis "BmbArbiter_2fa2c88f3c1f4868ba7cd09620d007ba" end (Real time : 0s CPU user time : 1s CPU sys time : 0s MEM : 323108KB)
INFO     : ... Hierarchical pre-synthesis "BmbDecoder_1_2fa2c88f3c1f4868ba7cd09620d007ba" begin
INFO     : ... Hierarchical pre-synthesis "BmbDecoder_1_2fa2c88f3c1f4868ba7cd09620d007ba" end (Real time : 0s CPU user time : 1s CPU sys time : 0s MEM : 323108KB)
INFO     : ... Hierarchical pre-synthesis "BmbOnChipRam_2fa2c88f3c1f4868ba7cd09620d007ba" begin

INFO     : ... Hierarchical pre-synthesis "BmbOnChipRam_2fa2c88f3c1f4868ba7cd09620d007ba" end (Real time : 0s CPU user time : 1s CPU sys time : 0s MEM : 323108KB)
INFO     : ... Hierarchical pre-synthesis "BmbUnburstify_2fa2c88f3c1f4868ba7cd09620d007ba" begin
INFO     : ... Hierarchical pre-synthesis "BmbUnburstify_2fa2c88f3c1f4868ba7cd09620d007ba" end (Real time : 0s CPU user time : 1s CPU sys time : 0s MEM : 323108KB)
INFO     : ... Hierarchical pre-synthesis "BmbDecoder_2_2fa2c88f3c1f4868ba7cd09620d007ba" begin

INFO     : ... Hierarchical pre-synthesis "BmbDecoder_2_2fa2c88f3c1f4868ba7cd09620d007ba" end (Real time : 0s CPU user time : 1s CPU sys time : 0s MEM : 323108KB)
INFO     : ... Hierarchical pre-synthesis "BmbClint_2fa2c88f3c1f4868ba7cd09620d007ba" begin

INFO     : ... Hierarchical pre-synthesis "BmbClint_2fa2c88f3c1f4868ba7cd09620d007ba" end (Real time : 0s CPU user time : 1s CPU sys time : 0s MEM : 323108KB)
INFO     : ... Hierarchical pre-synthesis "UartCtrlTx_2fa2c88f3c1f4868ba7cd09620d007ba" begin

INFO     : ... Hierarchical pre-synthesis "UartCtrlTx_2fa2c88f3c1f4868ba7cd09620d007ba" end (Real time : 0s CPU user time : 1s CPU sys time : 0s MEM : 323108KB)
INFO     : ... Hierarchical pre-synthesis "BufferCC_4_2fa2c88f3c1f4868ba7cd09620d007ba" begin
INFO     : ... Hierarchical pre-synthesis "BufferCC_4_2fa2c88f3c1f4868ba7cd09620d007ba" end (Real time : 0s CPU user time : 1s CPU sys time : 0s MEM : 323108KB)
INFO     : ... Hierarchical pre-synthesis "UartCtrlRx_2fa2c88f3c1f4868ba7cd09620d007ba" begin

INFO     : ... Hierarchical pre-synthesis "UartCtrlRx_2fa2c88f3c1f4868ba7cd09620d007ba" end (Real time : 0s CPU user time : 1s CPU sys time : 0s MEM : 323108KB)
INFO     : ... Hierarchical pre-synthesis "UartCtrl_2fa2c88f3c1f4868ba7cd09620d007ba" begin

INFO     : ... Hierarchical pre-synthesis "UartCtrl_2fa2c88f3c1f4868ba7cd09620d007ba" end (Real time : 0s CPU user time : 1s CPU sys time : 0s MEM : 323108KB)
INFO     : ... Hierarchical pre-synthesis "StreamFifo_2fa2c88f3c1f4868ba7cd09620d007ba" begin
INFO     : ... Hierarchical pre-synthesis "StreamFifo_2fa2c88f3c1f4868ba7cd09620d007ba" end (Real time : 0s CPU user time : 1s CPU sys time : 0s MEM : 323108KB)
INFO     : ... Hierarchical pre-synthesis "BmbUartCtrl_2fa2c88f3c1f4868ba7cd09620d007ba" begin

INFO     : ... Hierarchical pre-synthesis "BmbUartCtrl_2fa2c88f3c1f4868ba7cd09620d007ba" end (Real time : 0s CPU user time : 1s CPU sys time : 0s MEM : 323108KB)
INFO     : ... Hierarchical pre-synthesis "BmbGpio2_2fa2c88f3c1f4868ba7cd09620d007ba" begin

INFO     : ... Hierarchical pre-synthesis "BmbGpio2_2fa2c88f3c1f4868ba7cd09620d007ba" end (Real time : 0s CPU user time : 1s CPU sys time : 0s MEM : 323108KB)
INFO     : ... Hierarchical pre-synthesis "EfxSapphireSoc_2fa2c88f3c1f4868ba7cd09620d007ba" begin

INFO     : ... Hierarchical pre-synthesis "EfxSapphireSoc_2fa2c88f3c1f4868ba7cd09620d007ba" end (Real time : 1s CPU user time : 2s CPU sys time : 0s MEM : 323108KB)
INFO     : ... Hierarchical pre-synthesis "micro_risc_v1" begin

INFO     : ... Hierarchical pre-synthesis "micro_risc_v1" end (Real time : 0s CPU user time : 3s CPU sys time : 0s MEM : 323108KB)
INFO     : ... Hierarchical pre-synthesis "rmii_udp_tx_top" begin

INFO     : ... Hierarchical pre-synthesis "rmii_udp_tx_top" end (Real time : 1s CPU user time : 3s CPU sys time : 0s MEM : 323108KB)
INFO     : ... Hierarchical pre-synthesis "edb_top" begin

INFO     : ... Hierarchical pre-synthesis "edb_top" end (Real time : 0s CPU user time : 3s CPU sys time : 0s MEM : 323108KB)
INFO     : ... Hierarchical pre-synthesis "top_level" begin

WARNING  : Mapping into logic memory block 'u_micro_risc_v1/u_EfxSapphireSoc/system_riscvJtag_debug_logic_dm/logic_progbufX_mem' (64 bits) (/home/olle/efinity_p2/BRAM/ip/micro_risc_v1/micro_risc_v1.v:4949) because size is too small (<=64) [EFX-0657]

INFO     : ... Clock Enable Synthesis Performed on 327 flops.

INFO     : ... Hierarchical pre-synthesis "top_level" end (Real time : 1s CPU user time : 5s CPU sys time : 0s MEM : 323108KB)

INFO     : ... Flat optimizations begin

INFO     : ... Flat optimizations end (Real time : 0s CPU user time : 5s CPU sys time : 0s MEM : 323108KB)

INFO     : ... Flat synthesis begin

INFO     : ... Flat synthesis end (Real time : 0s CPU user time : 5s CPU sys time : 0s MEM : 323108KB)

INFO     : ... Flat optimizations begin

INFO     : ... Flat optimizations end (Real time : 0s CPU user time : 5s CPU sys time : 0s MEM : 323108KB)

INFO     : ... Check and break combinational loops begin

INFO     : ... Check and break combinational loops end (Real time : 0s CPU user time : 6s CPU sys time : 0s MEM : 323108KB)

INFO     : ... Sequential Optimization begin

INFO     : ... Clock Network 'pll_clk' with 2314 loads will be considered for sequential optimization.

INFO     : ... Clock Network 'clk' with 1785 loads will be considered for sequential optimization.

INFO     : ... Clock Network 'jtag_inst1_TCK' with 876 loads will be considered for sequential optimization.

INFO     : ... Clock Network 'jtag_dummy_TCK' with 221 loads will be considered for sequential optimization.

INFO     : ... Sequential Optimization deduced 783 equivalent points.

INFO     : ... Sequential Optimization end (Real time : 22s CPU user time : 28s CPU sys time : 0s MEM : 323108KB)
INFO     : ... Setup for logic synthesis begin

INFO     : ... Setup for logic synthesis end (Real time : 0s CPU user time : 29s CPU sys time : 0s MEM : 323108KB)
INFO     : ... LUT mapping begin

INFO     : ... LS, strategy: 3, nd: 3398, ed: 11327, lv: 8, pw: 8778.00
INFO     : ... LUT mapping end (Real time : 13s CPU user time : 44s CPU sys time : 0s MEM : 323108KB)
INFO     : ... Post-synthesis Verific netlist creation begin

INFO     : ... Post-synthesis Verific netlist creation end (Real time : 0s CPU user time : 44s CPU sys time : 0s MEM : 323108KB)

INFO     : ... Postmap Retiming Optimization begin

INFO     : ... Clock Network 'pll_clk~pll_clk' with 2302 loads will be considered for retiming optimization.

INFO     : ... Clock Network 'clk~clk' with 1521 loads will be considered for retiming optimization.

INFO     : ... Clock Network 'jtag_inst1_TCK~jtag_inst1_TCK' with 876 loads will be considered for retiming optimization.

INFO     : ... Clock Network 'jtag_dummy_TCK~jtag_dummy_TCK' with 220 loads will be considered for retiming optimization.

INFO     : ... Performed 0 retime moves.
INFO     : ... Postmap Retiming Optimization end (Real time : 20s CPU user time : 64s CPU sys time : 0s MEM : 323108KB)

INFO     : ***** Beginning VDB Netlist Checker ... *****
WARNING  : /home/olle/efinity_p2/BRAM/top_level.vhd(16): Input/inout port rmii_crs_dv is unconnected and will be removed. [VDB-8003]
WARNING  : /home/olle/efinity_p2/BRAM/top_level.vhd(17): Input/inout port rmii_rx_er is unconnected and will be removed. [VDB-8003]
WARNING  : /home/olle/efinity_p2/BRAM/top_level.vhd(18): Input/inout port rmii_rxd[1] is unconnected and will be removed. [VDB-8003]
WARNING  : /home/olle/efinity_p2/BRAM/top_level.vhd(21): Input/inout port mdio_i is unconnected and will be removed. [VDB-8003]
WARNING  : /home/olle/efinity_p2/BRAM/top_level.vhd(29): Input/inout port jtag_dummy_TMS is unconnected and will be removed. [VDB-8003]
WARNING  : /home/olle/efinity_p2/BRAM/top_level.vhd(30): Input/inout port jtag_dummy_SEL is unconnected and will be removed. [VDB-8003]
WARNING  : /home/olle/efinity_p2/BRAM/top_level.vhd(31): Input/inout port jtag_dummy_DRCK is unconnected and will be removed. [VDB-8003]
WARNING  : /home/olle/efinity_p2/BRAM/top_level.vhd(33): Input/inout port jtag_dummy_RUNTEST is unconnected and will be removed. [VDB-8003]
WARNING  : /home/olle/efinity_p2/BRAM/top_level.vhd(38): Input/inout port led4 is unconnected and will be removed. [VDB-8003]
WARNING  : Input/inout port jtag_inst1_DRCK is unconnected and will be removed. [VDB-8003]
WARNING  : Input/inout port jtag_inst1_RUNTEST is unconnected and will be removed. [VDB-8003]
WARNING  : Input/inout port jtag_inst1_TMS is unconnected and will be removed. [VDB-8003]

WARNING  : Net u_micro_risc_v1/u_EfxSapphireSoc/system_cores_0_logic_cpu/IBusCachedPlugin_cache/lineLoader_address[0] is dangling. [VDB-8009]
WARNING  : Net u_micro_risc_v1/u_EfxSapphireSoc/system_cores_0_logic_cpu/IBusCachedPlugin_cache/lineLoader_address[1] is dangling. [VDB-8009]
WARNING  : Net u_micro_risc_v1/u_EfxSapphireSoc/system_cores_0_logic_cpu/IBusCachedPlugin_cache/lineLoader_address[2] is dangling. [VDB-8009]
WARNING  : Net u_micro_risc_v1/u_EfxSapphireSoc/system_cores_0_logic_cpu/IBusCachedPlugin_cache/lineLoader_address[3] is dangling. [VDB-8009]
WARNING  : Net u_micro_risc_v1/u_EfxSapphireSoc/system_cores_0_logic_cpu/IBusCachedPlugin_cache/lineLoader_address[4] is dangling. [VDB-8009]
WARNING  : Net u_micro_risc_v1/u_EfxSapphireSoc/system_cores_0_logic_cpu/IBusCachedPlugin_cache/lineLoader_address[5] is dangling. [VDB-8009]

WARNING  : Found 19 warnings in the post-synthesis netlist.

INFO     : VDB Netlist Checker took 0.0430418 seconds.
INFO     : 	VDB Netlist Checker took 0.07 seconds (approximately) in total CPU time.
INFO     : VDB Netlist Checker virtual memory usage: begin = 326.792 MB, end = 326.792 MB, delta = 0 MB
INFO     : VDB Netlist Checker resident set memory usage: begin = 237.836 MB, end = 237.836 MB, delta = 0 MB
INFO     : 	VDB Netlist Checker peak resident set memory usage = 323.108 MB
INFO     : ***** Ending VDB Netlist Checker ... *****

INFO     : Resource Summary 
INFO     : =============================== 
INFO     : EFX_ADD         : 	506
INFO     : EFX_LUT4        : 	5456
INFO     : EFX_FF          : 	4919
INFO     : EFX_RAM_5K      : 	80
INFO     : EFX_GBUFCE      : 	4
INFO     : =============================== 
INFO     : ... Post-Map Verilog Writer begin
INFO     : Writing netlist 'top_level' to Verilog file '/home/olle/efinity_p2/BRAM/work_dbg/BRAM.dbg.map.v' [VDB-1030]

INFO     : ... Post-Map Verilog Writer end (Real time : 0s CPU user time : 65s CPU sys time : 0s MEM : 323108KB)

INFO     : The entire flow of EFX_MAP took 61.6257 seconds.
INFO     : 	The entire flow of EFX_MAP took 65.74 seconds (approximately) in total CPU time.
INFO     : The entire flow of EFX_MAP virtual memory usage: begin = 88.404 MB, end = 326.792 MB, delta = 238.388 MB
INFO     : The entire flow of EFX_MAP resident set memory usage: begin = 27.264 MB, end = 237.964 MB, delta = 210.7 MB
INFO     : 	The entire flow of EFX_MAP peak resident set memory usage = 323.108 MB

Wed August 20 25 20:22:34 - /home/olle/efinix/efinity/2025.1/bin/efx_map finished. Exit code = 0 Exit status : Normal

Debugger Step Merge User design with Debugger Cores. Done

--------------------------------------------------------------

--------------------------------------------------------------

Start Debugger Step Instantiate Jtag.

Wed August 20 25 20:22:34 - /home/olle/efinix/efinity/2025.1/bin/python3  "/home/olle/efinix/efinity/2025.1/scripts/efx_pt_jtag_util.py" --device "T20F169" --project "BRAM" --design_file "/home/olle/efinity_p2/BRAM/BRAM.peri.xml" --action "add" --jtag_user "JTAG_USER1" --output "/home/olle/efinity_p2/BRAM/BRAM.dbg.peri.xml"

Wed August 20 25 20:22:34 - Running /home/olle/efinix/efinity/2025.1/bin/python3...


== Load a design from file /home/olle/efinity_p2/BRAM/BRAM.peri.xml
INFO: Load design...
INFO: Periphery design is in sync with Efinity project
INFO: Load design...done.

== Create JTAG with default setting and pin name

== Assign JTAG_USER1 resource to new jtag
INFO: Check design...
INFO: Check design...done.

== Save Design to file: /home/olle/efinity_p2/BRAM/BRAM.dbg.peri.xml
INFO: Save as design...
INFO: Save as design...done.

Save db version: 20251999

Wed August 20 25 20:22:36 - /home/olle/efinix/efinity/2025.1/bin/python3 finished. Exit code = 0 Exit status : Normal

Debugger Step Instantiate Jtag. Done

--------------------------------------------------------------

Debugger Step Instantiate Jtag. Done

Wed August 20 25 20:22:37 - End Debugger Flow



-------------------------------------------------------------------------

Placement and Routing

-------------------------------------------------------------------------

Wed August 20 25 20:22:37 - Placement and routing flow working directory is /home/olle/efinity_p2/BRAM/work_pnr


INFO     : --max_threads set to 4 

Wed August 20 25 20:22:38 - /home/olle/efinix/efinity/2025.1/bin/python3  "/home/olle/efinix/efinity/2025.1/scripts/efx_run_pt_unified.py"  "BRAM.dbg"  "Trion"  "T20F169"

Wed August 20 25 20:22:38 - Running /home/olle/efinix/efinity/2025.1/bin/python3...

Load design file BRAM.dbg.peri.xml
Writing out summary report file
Writing out pinout file
Writing out interface config file
Writing out timing related file
Writing out verilog template file
Writing out option register file
Writing out boundary scan description file
Writing out LPF

Wed August 20 25 20:22:41 - /home/olle/efinix/efinity/2025.1/bin/python3 finished. Exit code = 0 Exit status : Normal

Wed August 20 25 20:22:41 - /home/olle/efinix/efinity/2025.1/bin/efx_pnr --circuit "BRAM" --family "Trion" --device "T20F169" --operating_conditions "C3" --pack --place --route --vdb_file "/home/olle/efinity_p2/BRAM/outflow/BRAM.dbg.vdb" --use_vdb_file "on" --place_file "/home/olle/efinity_p2/BRAM/outflow/BRAM.place" --route_file "/home/olle/efinity_p2/BRAM/outflow/BRAM.route" --sdc_file "/home/olle/efinity_p2/BRAM/const1.sdc" --sync_file "/home/olle/efinity_p2/BRAM/outflow/BRAM.interface.csv" --seed "1" --placer_effort_level "2" --max_threads "-1" --print_critical_path "10" --work_dir "/home/olle/efinity_p2/BRAM/work_pnr" --output_dir "/home/olle/efinity_p2/BRAM/outflow" --timing_analysis "on" --load_delay_matrix

Wed August 20 25 20:22:41 - Running /home/olle/efinix/efinity/2025.1/bin/efx_pnr...

INFO     : --max_threads set to 4 


           

           Efinix FPGA Placement and Routing.

           Version: 2025.1.110.2.15 

           Compiled: Jun 21 2025.

           

           Copyright (C) 2013 - 2025 Efinix, Inc. All rights reserved.


           

           The Tool Is Based on VPR of University of Toronto,

           a free open source code under MIT license.

           

           

INFO     : Running Placement and Routing for Family "Trion", Device "T20F169" ...


           

           ***** Beginning stage netlist pre-processing ... *****

INFO     : Successfully Read in Verific binary Netlist dump file "/home/olle/efinity_p2/BRAM/outflow/BRAM.dbg.vdb".


INFO     : ***** Beginning VDB Netlist Checker ... *****


WARNING  : /home/olle/efinity_p2/BRAM/top_level.vhd(16): Input/inout port rmii_crs_dv is unconnected and will be removed. [VDB-8003]


WARNING  : /home/olle/efinity_p2/BRAM/top_level.vhd(17): Input/inout port rmii_rx_er is unconnected and will be removed. [VDB-8003]


WARNING  : /home/olle/efinity_p2/BRAM/top_level.vhd(18): Input/inout port rmii_rxd[1] is unconnected and will be removed. [VDB-8003]


WARNING  : /home/olle/efinity_p2/BRAM/top_level.vhd(21): Input/inout port mdio_i is unconnected and will be removed. [VDB-8003]


WARNING  : /home/olle/efinity_p2/BRAM/top_level.vhd(29): Input/inout port jtag_dummy_TMS is unconnected and will be removed. [VDB-8003]


WARNING  : /home/olle/efinity_p2/BRAM/top_level.vhd(30): Input/inout port jtag_dummy_SEL is unconnected and will be removed. [VDB-8003]


WARNING  : /home/olle/efinity_p2/BRAM/top_level.vhd(31): Input/inout port jtag_dummy_DRCK is unconnected and will be removed. [VDB-8003]


WARNING  : /home/olle/efinity_p2/BRAM/top_level.vhd(33): Input/inout port jtag_dummy_RUNTEST is unconnected and will be removed. [VDB-8003]


WARNING  : /home/olle/efinity_p2/BRAM/top_level.vhd(38): Input/inout port led4 is unconnected and will be removed. [VDB-8003]


WARNING  : Input/inout port jtag_inst1_DRCK is unconnected and will be removed. [VDB-8003]


WARNING  : Input/inout port jtag_inst1_RUNTEST is unconnected and will be removed. [VDB-8003]


WARNING  : Input/inout port jtag_inst1_TMS is unconnected and will be removed. [VDB-8003]


WARNING  : Net u_micro_risc_v1/u_EfxSapphireSoc/system_cores_0_logic_cpu/IBusCachedPlugin_cache/lineLoader_address[0] is dangling. [VDB-8009]


WARNING  : Net u_micro_risc_v1/u_EfxSapphireSoc/system_cores_0_logic_cpu/IBusCachedPlugin_cache/lineLoader_address[1] is dangling. [VDB-8009]


WARNING  : Net u_micro_risc_v1/u_EfxSapphireSoc/system_cores_0_logic_cpu/IBusCachedPlugin_cache/lineLoader_address[2] is dangling. [VDB-8009]


WARNING  : Net u_micro_risc_v1/u_EfxSapphireSoc/system_cores_0_logic_cpu/IBusCachedPlugin_cache/lineLoader_address[3] is dangling. [VDB-8009]


WARNING  : Net u_micro_risc_v1/u_EfxSapphireSoc/system_cores_0_logic_cpu/IBusCachedPlugin_cache/lineLoader_address[4] is dangling. [VDB-8009]


WARNING  : Net u_micro_risc_v1/u_EfxSapphireSoc/system_cores_0_logic_cpu/IBusCachedPlugin_cache/lineLoader_address[5] is dangling. [VDB-8009]


WARNING  : Found 19 warnings in the post-synthesis netlist.


INFO     : VDB Netlist Checker took 0.0274695 seconds.


INFO     : 	VDB Netlist Checker took 0.06 seconds (approximately) in total CPU time.


INFO     : VDB Netlist Checker virtual memory usage: begin = 228.656 MB, end = 245.068 MB, delta = 16.412 MB


INFO     : VDB Netlist Checker resident set memory usage: begin = 119.68 MB, end = 120.192 MB, delta = 0.512 MB


INFO     : 	VDB Netlist Checker peak resident set memory usage = 323.108 MB


INFO     : ***** Ending VDB Netlist Checker ... *****


INFO     : Reading core interface constraints file "/home/olle/efinity_p2/BRAM/outflow/BRAM.interface.csv"


INFO     : Successfully read core interface constraints file "/home/olle/efinity_p2/BRAM/outflow/BRAM.interface.csv"


INFO     : Found 0 constant generator nets.


INFO     : Pass 0: Swept away 6 nets with no fanout.


INFO     : logical_block #7(rmii_crs_dv) has no fanout.


INFO     : Removing input.


INFO     : logical_block #8(rmii_rx_er) has no fanout.


INFO     : Removing input.


INFO     : logical_block #9(rmii_rxd[1]) has no fanout.


INFO     : Removing input.


INFO     : logical_block #10(rmii_rxd[0]) has no fanout.


INFO     : Removing input.


INFO     : logical_block #14(mdio_i) has no fanout.


INFO     : Removing input.


INFO     : logical_block #22(jtag_dummy_TMS) has no fanout.


INFO     : Removing input.


INFO     : logical_block #23(jtag_dummy_SEL) has no fanout.


INFO     : Removing input.


INFO     : logical_block #24(jtag_dummy_DRCK) has no fanout.


INFO     : Removing input.


INFO     : logical_block #26(jtag_dummy_RUNTEST) has no fanout.


INFO     : Removing input.


INFO     : logical_block #31(led4) has no fanout.


INFO     : Removing input.


INFO     : logical_block #35(jtag_inst1_DRCK) has no fanout.


INFO     : Removing input.


INFO     : logical_block #37(jtag_inst1_RUNTEST) has no fanout.


INFO     : Removing input.


INFO     : logical_block #42(jtag_inst1_TMS) has no fanout.


INFO     : Removing input.


WARNING  : logical_block u_micro_risc_v1/u_EfxSapphireSoc/system_cores_0_logic_cpu/IBusCachedPlugin_cache/lineLoader_address[0]~FF #257 has no fanout. Check synthesis flow


WARNING  : logical_block u_micro_risc_v1/u_EfxSapphireSoc/system_cores_0_logic_cpu/IBusCachedPlugin_cache/lineLoader_address[1]~FF #267 has no fanout. Check synthesis flow


WARNING  : logical_block u_micro_risc_v1/u_EfxSapphireSoc/system_cores_0_logic_cpu/IBusCachedPlugin_cache/lineLoader_address[2]~FF #268 has no fanout. Check synthesis flow


WARNING  : logical_block u_micro_risc_v1/u_EfxSapphireSoc/system_cores_0_logic_cpu/IBusCachedPlugin_cache/lineLoader_address[3]~FF #269 has no fanout. Check synthesis flow


WARNING  : logical_block u_micro_risc_v1/u_EfxSapphireSoc/system_cores_0_logic_cpu/IBusCachedPlugin_cache/lineLoader_address[4]~FF #270 has no fanout. Check synthesis flow


WARNING  : logical_block u_micro_risc_v1/u_EfxSapphireSoc/system_cores_0_logic_cpu/IBusCachedPlugin_cache/lineLoader_address[5]~FF #271 has no fanout. Check synthesis flow


INFO     : Pass 0: Swept away 13 blocks with no fanout.


INFO     : Pass 1: Swept away 0 nets with no fanout.


WARNING  : logical_block u_micro_risc_v1/u_EfxSapphireSoc/system_cores_0_logic_cpu/IBusCachedPlugin_cache/lineLoader_address[0]~FF #257 has no fanout. Check synthesis flow


WARNING  : logical_block u_micro_risc_v1/u_EfxSapphireSoc/system_cores_0_logic_cpu/IBusCachedPlugin_cache/lineLoader_address[1]~FF #267 has no fanout. Check synthesis flow


WARNING  : logical_block u_micro_risc_v1/u_EfxSapphireSoc/system_cores_0_logic_cpu/IBusCachedPlugin_cache/lineLoader_address[2]~FF #268 has no fanout. Check synthesis flow


WARNING  : logical_block u_micro_risc_v1/u_EfxSapphireSoc/system_cores_0_logic_cpu/IBusCachedPlugin_cache/lineLoader_address[3]~FF #269 has no fanout. Check synthesis flow


WARNING  : logical_block u_micro_risc_v1/u_EfxSapphireSoc/system_cores_0_logic_cpu/IBusCachedPlugin_cache/lineLoader_address[4]~FF #270 has no fanout. Check synthesis flow


WARNING  : logical_block u_micro_risc_v1/u_EfxSapphireSoc/system_cores_0_logic_cpu/IBusCachedPlugin_cache/lineLoader_address[5]~FF #271 has no fanout. Check synthesis flow


INFO     : Pass 1: Swept away 0 blocks with no fanout.


INFO     : Swept away 6 nets and 13 blocks in total.


INFO     : Removed 0 LUT buffers


INFO     : Sweept away 13 nodes


INFO     : Successfully created VPR logical netlist from Verific binary DataBase file "/home/olle/efinity_p2/BRAM/outflow/BRAM.dbg.vdb".


INFO     : Netlist pre-processing took 0.229218 seconds.


INFO     : 	Netlist pre-processing took 0.23 seconds (approximately) in total CPU time.


INFO     : Netlist pre-processing virtual memory usage: begin = 228.656 MB, end = 245.068 MB, delta = 16.412 MB


INFO     : Netlist pre-processing resident set memory usage: begin = 118.4 MB, end = 120.576 MB, delta = 2.176 MB


INFO     : 	Netlist pre-processing peak resident set memory usage = 323.108 MB


           ***** Ending stage netlist pre-processing *****

           

           ***** Beginning stage pre-packing ... *****

           ***** Ending stage pre-packing *****

           

           ***** Beginning stage packing ... *****

WARNING  : Packer found FF 'u_micro_risc_v1/u_EfxSapphireSoc/system_cores_0_logic_cpu/IBusCachedPlugin_cache/lineLoader_address[0]~FF' with no output net.


WARNING  : If possible, remove 'syn_preserve' attribute on FF output.


WARNING  : Packer found FF 'u_micro_risc_v1/u_EfxSapphireSoc/system_cores_0_logic_cpu/IBusCachedPlugin_cache/lineLoader_address[1]~FF' with no output net.


WARNING  : If possible, remove 'syn_preserve' attribute on FF output.


WARNING  : Packer found FF 'u_micro_risc_v1/u_EfxSapphireSoc/system_cores_0_logic_cpu/IBusCachedPlugin_cache/lineLoader_address[2]~FF' with no output net.


WARNING  : If possible, remove 'syn_preserve' attribute on FF output.


WARNING  : Packer found FF 'u_micro_risc_v1/u_EfxSapphireSoc/system_cores_0_logic_cpu/IBusCachedPlugin_cache/lineLoader_address[3]~FF' with no output net.


WARNING  : If possible, remove 'syn_preserve' attribute on FF output.


WARNING  : Packer found FF 'u_micro_risc_v1/u_EfxSapphireSoc/system_cores_0_logic_cpu/IBusCachedPlugin_cache/lineLoader_address[4]~FF' with no output net.


WARNING  : If possible, remove 'syn_preserve' attribute on FF output.


WARNING  : Packer found FF 'u_micro_risc_v1/u_EfxSapphireSoc/system_cores_0_logic_cpu/IBusCachedPlugin_cache/lineLoader_address[5]~FF' with no output net.


WARNING  : If possible, remove 'syn_preserve' attribute on FF output.


INFO     : Generate proto netlist for file "/home/olle/efinity_p2/BRAM/work_pnr/BRAM.net_proto" took 0.017093 seconds


INFO     : Creating IO constraints file '/home/olle/efinity_p2/BRAM/work_pnr/BRAM.io_place'


INFO     : Packing took 0.0633938 seconds.


INFO     : 	Packing took 0.07 seconds (approximately) in total CPU time.


INFO     : Packing virtual memory usage: begin = 245.068 MB, end = 245.068 MB, delta = 0 MB


INFO     : Packing resident set memory usage: begin = 121.344 MB, end = 121.856 MB, delta = 0.512 MB


INFO     : 	Packing peak resident set memory usage = 323.108 MB


           ***** Ending stage packing *****

           

INFO     : Read proto netlist file /home/olle/efinity_p2/BRAM/work_pnr/BRAM.net_proto


INFO     : Read proto netlist for file "/home/olle/efinity_p2/BRAM/work_pnr/BRAM.net_proto" took 0.016392 seconds


INFO     : Setup net and block data structure took 0.252321 seconds


WARNING  : Found 19 warnings in the post-synthesis netlist.


INFO     : Reading core interface constraints file "/home/olle/efinity_p2/BRAM/outflow/BRAM.interface.csv"


INFO     : Successfully read core interface constraints file "/home/olle/efinity_p2/BRAM/outflow/BRAM.interface.csv"


INFO     : logical_block u_micro_risc_v1/u_EfxSapphireSoc/system_cores_0_logic_cpu/IBusCachedPlugin_cache/lineLoader_address[0]~FF #257 has no fanout. Check synthesis flow


INFO     : logical_block u_micro_risc_v1/u_EfxSapphireSoc/system_cores_0_logic_cpu/IBusCachedPlugin_cache/lineLoader_address[1]~FF #267 has no fanout. Check synthesis flow


INFO     : logical_block u_micro_risc_v1/u_EfxSapphireSoc/system_cores_0_logic_cpu/IBusCachedPlugin_cache/lineLoader_address[2]~FF #268 has no fanout. Check synthesis flow


INFO     : logical_block u_micro_risc_v1/u_EfxSapphireSoc/system_cores_0_logic_cpu/IBusCachedPlugin_cache/lineLoader_address[3]~FF #269 has no fanout. Check synthesis flow


INFO     : logical_block u_micro_risc_v1/u_EfxSapphireSoc/system_cores_0_logic_cpu/IBusCachedPlugin_cache/lineLoader_address[4]~FF #270 has no fanout. Check synthesis flow


INFO     : logical_block u_micro_risc_v1/u_EfxSapphireSoc/system_cores_0_logic_cpu/IBusCachedPlugin_cache/lineLoader_address[5]~FF #271 has no fanout. Check synthesis flow


INFO     : logical_block u_micro_risc_v1/u_EfxSapphireSoc/system_cores_0_logic_cpu/IBusCachedPlugin_cache/lineLoader_address[0]~FF #257 has no fanout. Check synthesis flow


INFO     : logical_block u_micro_risc_v1/u_EfxSapphireSoc/system_cores_0_logic_cpu/IBusCachedPlugin_cache/lineLoader_address[1]~FF #267 has no fanout. Check synthesis flow


INFO     : logical_block u_micro_risc_v1/u_EfxSapphireSoc/system_cores_0_logic_cpu/IBusCachedPlugin_cache/lineLoader_address[2]~FF #268 has no fanout. Check synthesis flow


INFO     : logical_block u_micro_risc_v1/u_EfxSapphireSoc/system_cores_0_logic_cpu/IBusCachedPlugin_cache/lineLoader_address[3]~FF #269 has no fanout. Check synthesis flow


INFO     : logical_block u_micro_risc_v1/u_EfxSapphireSoc/system_cores_0_logic_cpu/IBusCachedPlugin_cache/lineLoader_address[4]~FF #270 has no fanout. Check synthesis flow


INFO     : logical_block u_micro_risc_v1/u_EfxSapphireSoc/system_cores_0_logic_cpu/IBusCachedPlugin_cache/lineLoader_address[5]~FF #271 has no fanout. Check synthesis flow


           ***** Beginning stage packed netlist loading ... *****

INFO     : Read proto netlist file /home/olle/efinity_p2/BRAM/work_pnr/BRAM.net_proto


INFO     : Read proto netlist for file "/home/olle/efinity_p2/BRAM/work_pnr/BRAM.net_proto" took 0.014857 seconds


INFO     : Setup net and block data structure took 0.25071 seconds


INFO     : Packed netlist loading took 0.268127 seconds.


INFO     : 	Packed netlist loading took 0.26 seconds (approximately) in total CPU time.


INFO     : Packed netlist loading virtual memory usage: begin = 274.372 MB, end = 274.372 MB, delta = 0 MB


INFO     : Packed netlist loading resident set memory usage: begin = 158.592 MB, end = 158.592 MB, delta = 0 MB


INFO     : 	Packed netlist loading peak resident set memory usage = 323.108 MB


           ***** Ending stage packed netlist loading *****

           

           ***** Beginning stage pre-placement ... *****

           

           ***** Ending stage pre-placement *****

           

INFO     : SDC file '/home/olle/efinity_p2/BRAM/const1.sdc' parsed successfully.


INFO     : 2 clocks (including virtual clocks), 0 inputs and 0 outputs were constrained.


           ***** Beginning stage initial placement ... *****

INFO     : Reading core interface constraints file "/home/olle/efinity_p2/BRAM/outflow/BRAM.interface.csv"


INFO     : Successfully read core interface constraints file "/home/olle/efinity_p2/BRAM/outflow/BRAM.interface.csv"


INFO     : Writing IO placement constraints to "/home/olle/efinity_p2/BRAM/outflow/BRAM.interface.io"


INFO     : Reading placement constraints from '/home/olle/efinity_p2/BRAM/outflow/BRAM.interface.io'.


INFO     : Reading placement constraints from '/home/olle/efinity_p2/BRAM/work_pnr/BRAM.io_place'.


WARNING  : jtag_dummy_TDI has no assigned placement; it will be placed randomly.


WARNING  : jtag_dummy_TCK has no assigned placement; it will be placed randomly.


WARNING  : jtag_dummy_RESET has no assigned placement; it will be placed randomly.


WARNING  : jtag_dummy_CAPTURE has no assigned placement; it will be placed randomly.


WARNING  : jtag_dummy_SHIFT has no assigned placement; it will be placed randomly.


WARNING  : jtag_dummy_UPDATE has no assigned placement; it will be placed randomly.


WARNING  : jtag_dummy_TDO has no assigned placement; it will be placed randomly.


INFO     : 7 IOs will have random placement.


WARNING  : Clock source jtag_inst1_TCK does not use a dedicated clock pad, so extra clock insertion delay is added


           ***** Ending stage initial placement *****

           

           ***** Beginning stage placement ... *****

INFO     : Found 81 synchronizers as follows: 


INFO     : 	Synchronizer 0: 


INFO     :  u_micro_risc_v1/u_EfxSapphireSoc/system_riscvJtag_hard_noTap_tunnel_io_bus_cmd_payload_address[6]~FF


INFO     : 	Synchronizer 1: 


INFO     :  u_micro_risc_v1/u_EfxSapphireSoc/system_riscvJtag_hard_noTap_tunnel_io_bus_cmd_payload_address[5]~FF


INFO     : 	Synchronizer 2: 


INFO     :  u_micro_risc_v1/u_EfxSapphireSoc/system_riscvJtag_hard_noTap_tunnel_io_bus_cmd_payload_address[4]~FF


INFO     : 	Synchronizer 3: 


INFO     :  u_micro_risc_v1/u_EfxSapphireSoc/system_riscvJtag_hard_noTap_tunnel_io_bus_cmd_payload_address[3]~FF


INFO     : 	Synchronizer 4: 


INFO     :  u_micro_risc_v1/u_EfxSapphireSoc/system_riscvJtag_hard_noTap_tunnel_io_bus_cmd_payload_address[2]~FF


INFO     : 	Synchronizer 5: 


INFO     :  u_micro_risc_v1/u_EfxSapphireSoc/system_riscvJtag_hard_noTap_tunnel_io_bus_cmd_payload_address[1]~FF


INFO     : 	Synchronizer 6: 


INFO     :  u_micro_risc_v1/u_EfxSapphireSoc/system_riscvJtag_hard_noTap_tunnel_io_bus_cmd_payload_data[31]~FF


INFO     : 	Synchronizer 7: 


INFO     :  u_micro_risc_v1/u_EfxSapphireSoc/system_riscvJtag_hard_noTap_tunnel_io_bus_cmd_payload_data[30]~FF


INFO     : 	Synchronizer 8: 


INFO     :  u_micro_risc_v1/u_EfxSapphireSoc/system_riscvJtag_hard_noTap_tunnel_io_bus_cmd_payload_data[26]~FF


INFO     : 	Synchronizer 9: 


INFO     :  u_micro_risc_v1/u_EfxSapphireSoc/system_riscvJtag_hard_noTap_tunnel_io_bus_cmd_payload_data[25]~FF


INFO     : 	Synchronizer 10: 


INFO     :  u_micro_risc_v1/u_EfxSapphireSoc/system_riscvJtag_hard_noTap_tunnel_io_bus_cmd_payload_data[24]~FF


INFO     : 	Synchronizer 11: 


INFO     :  u_micro_risc_v1/u_EfxSapphireSoc/system_riscvJtag_hard_noTap_tunnel_io_bus_cmd_payload_data[23]~FF


INFO     : 	Synchronizer 12: 


INFO     :  u_micro_risc_v1/u_EfxSapphireSoc/system_riscvJtag_hard_noTap_tunnel_io_bus_cmd_payload_data[22]~FF


INFO     : 	Synchronizer 13: 


INFO     :  u_micro_risc_v1/u_EfxSapphireSoc/system_riscvJtag_hard_noTap_tunnel_io_bus_cmd_payload_data[21]~FF


INFO     : 	Synchronizer 14: 


INFO     :  u_micro_risc_v1/u_EfxSapphireSoc/system_riscvJtag_hard_noTap_tunnel_io_bus_cmd_payload_data[20]~FF


INFO     : 	Synchronizer 15: 


INFO     :  u_micro_risc_v1/u_EfxSapphireSoc/system_riscvJtag_hard_noTap_tunnel_io_bus_cmd_payload_data[19]~FF


INFO     : 	Synchronizer 16: 


INFO     :  u_micro_risc_v1/u_EfxSapphireSoc/system_riscvJtag_hard_noTap_tunnel_io_bus_cmd_payload_data[18]~FF


INFO     : 	Synchronizer 17: 


INFO     :  u_micro_risc_v1/u_EfxSapphireSoc/system_riscvJtag_hard_noTap_tunnel_io_bus_cmd_payload_data[17]~FF


INFO     : 	Synchronizer 18: 


INFO     :  u_micro_risc_v1/u_EfxSapphireSoc/system_riscvJtag_hard_noTap_tunnel_io_bus_cmd_payload_data[16]~FF


INFO     : 	Synchronizer 19: 


INFO     :  u_micro_risc_v1/u_EfxSapphireSoc/system_riscvJtag_hard_noTap_tunnel_io_bus_cmd_payload_data[15]~FF


INFO     : 	Synchronizer 20: 


INFO     :  u_micro_risc_v1/u_EfxSapphireSoc/system_riscvJtag_hard_noTap_tunnel_io_bus_cmd_payload_data[14]~FF


INFO     : 	Synchronizer 21: 


INFO     :  u_micro_risc_v1/u_EfxSapphireSoc/system_riscvJtag_hard_noTap_tunnel_io_bus_cmd_payload_data[13]~FF


INFO     : 	Synchronizer 22: 


INFO     :  u_micro_risc_v1/u_EfxSapphireSoc/system_riscvJtag_hard_noTap_tunnel_io_bus_cmd_payload_data[12]~FF


INFO     : 	Synchronizer 23: 


INFO     :  u_micro_risc_v1/u_EfxSapphireSoc/system_riscvJtag_hard_noTap_tunnel/logic_systemLogic_bus_rsp_ccToggle_io_output_payload_data[3]~FF


INFO     : 	Synchronizer 24: 


INFO     :  u_micro_risc_v1/u_EfxSapphireSoc/system_riscvJtag_hard_noTap_tunnel/logic_systemLogic_bus_rsp_ccToggle_io_output_payload_data[2]~FF


INFO     : 	Synchronizer 25: 


INFO     :  u_micro_risc_v1/u_EfxSapphireSoc/system_riscvJtag_hard_noTap_tunnel/logic_systemLogic_bus_rsp_ccToggle_io_output_payload_data[1]~FF


INFO     : 	Synchronizer 26: 


INFO     :  u_micro_risc_v1/u_EfxSapphireSoc/system_riscvJtag_hard_noTap_tunnel/logic_systemLogic_bus_rsp_ccToggle_io_output_payload_data[0]~FF


INFO     : 	Synchronizer 27: 


INFO     :  u_micro_risc_v1/u_EfxSapphireSoc/system_riscvJtag_hard_noTap_tunnel/logic_systemLogic_bus_rsp_ccToggle/system_riscvJtag_hard_noTap_tunnel_toplevel_debugCd_logic_outputReset_asyncAssertSyncDeassert_buffercc/buffers_0~FF


INFO     :  u_micro_risc_v1/u_EfxSapphireSoc/system_riscvJtag_hard_noTap_tunnel/logic_systemLogic_bus_rsp_ccToggle/system_riscvJtag_hard_noTap_tunnel_toplevel_debugCd_logic_outputReset_asyncAssertSyncDeassert_buffercc_io_dataOut~FF


INFO     : 	Synchronizer 28: 


INFO     :  u_micro_risc_v1/u_EfxSapphireSoc/system_riscvJtag_hard_noTap_tunnel/logic_systemLogic_bus_rsp_ccToggle/inputArea_target_buffercc/buffers_0~FF


INFO     :  u_micro_risc_v1/u_EfxSapphireSoc/system_riscvJtag_hard_noTap_tunnel/logic_systemLogic_bus_rsp_ccToggle/inputArea_target_buffercc_io_dataOut~FF


INFO     : 	Synchronizer 29: 


INFO     :  u_micro_risc_v1/u_EfxSapphireSoc/system_riscvJtag_hard_noTap_tunnel/logic_systemLogic_bus_rsp_ccToggle_io_output_payload_data[20]~FF


INFO     : 	Synchronizer 30: 


INFO     :  u_micro_risc_v1/u_EfxSapphireSoc/system_riscvJtag_hard_noTap_tunnel_io_bus_cmd_payload_data[29]~FF


INFO     : 	Synchronizer 31: 


INFO     :  u_micro_risc_v1/u_EfxSapphireSoc/system_riscvJtag_hard_noTap_tunnel_io_bus_cmd_payload_address[0]~FF


INFO     : 	Synchronizer 32: 


INFO     :  u_micro_risc_v1/u_EfxSapphireSoc/system_riscvJtag_hard_noTap_tunnel/logic_systemLogic_bus_rsp_ccToggle_io_output_payload_data[6]~FF


INFO     : 	Synchronizer 33: 


INFO     :  u_micro_risc_v1/u_EfxSapphireSoc/system_riscvJtag_hard_noTap_tunnel/logic_systemLogic_bus_rsp_ccToggle_io_output_payload_data[9]~FF


INFO     : 	Synchronizer 34: 


INFO     :  u_micro_risc_v1/u_EfxSapphireSoc/system_riscvJtag_hard_noTap_tunnel/logic_systemLogic_bus_rsp_ccToggle_io_output_payload_data[10]~FF


INFO     : 	Synchronizer 35: 


INFO     :  u_micro_risc_v1/u_EfxSapphireSoc/system_riscvJtag_hard_noTap_tunnel/logic_systemLogic_bus_rsp_ccToggle_io_output_payload_data[8]~FF


INFO     : 	Synchronizer 36: 


INFO     :  u_micro_risc_v1/u_EfxSapphireSoc/system_riscvJtag_hard_noTap_tunnel_io_bus_cmd_payload_data[28]~FF


INFO     : 	Synchronizer 37: 


INFO     :  u_micro_risc_v1/u_EfxSapphireSoc/system_riscvJtag_hard_noTap_tunnel_io_bus_cmd_payload_data[0]~FF


INFO     : 	Synchronizer 38: 


INFO     :  u_micro_risc_v1/u_EfxSapphireSoc/system_riscvJtag_hard_noTap_tunnel/logic_systemLogic_bus_rsp_ccToggle_io_output_payload_data[5]~FF


INFO     : 	Synchronizer 39: 


INFO     :  u_micro_risc_v1/u_EfxSapphireSoc/system_riscvJtag_hard_noTap_tunnel/logic_systemLogic_bus_rsp_ccToggle_io_output_payload_data[4]~FF


INFO     : 	Synchronizer 40: 


INFO     :  u_micro_risc_v1/u_EfxSapphireSoc/system_riscvJtag_hard_noTap_tunnel/logic_systemLogic_bus_rsp_ccToggle_io_output_payload_data[7]~FF


INFO     : 	Synchronizer 41: 


INFO     :  u_micro_risc_v1/u_EfxSapphireSoc/debugCd_logic_outputReset_asyncAssertSyncDeassert_buffercc/buffers_0~FF


INFO     :  u_micro_risc_v1/u_EfxSapphireSoc/debugCd_logic_outputReset_asyncAssertSyncDeassert_buffercc_io_dataOut~FF


INFO     : 	Synchronizer 42: 


INFO     :  u_micro_risc_v1/u_EfxSapphireSoc/system_riscvJtag_hard_noTap_tunnel/logic_systemLogic_bus_rsp_ccToggle_io_output_payload_data[16]~FF


INFO     : 	Synchronizer 43: 


INFO     :  u_micro_risc_v1/u_EfxSapphireSoc/system_riscvJtag_hard_noTap_tunnel/logic_systemLogic_bus_rsp_ccToggle_io_output_payload_data[17]~FF


INFO     : 	Synchronizer 44: 


INFO     :  u_micro_risc_v1/u_EfxSapphireSoc/system_riscvJtag_hard_noTap_tunnel_io_bus_cmd_payload_data[27]~FF


INFO     : 	Synchronizer 45: 


INFO     :  u_micro_risc_v1/u_EfxSapphireSoc/system_riscvJtag_hard_noTap_tunnel_io_bus_cmd_payload_write~FF


INFO     : 	Synchronizer 46: 


INFO     :  u_micro_risc_v1/u_EfxSapphireSoc/system_riscvJtag_hard_noTap_tunnel/logic_systemLogic_bus_rsp_ccToggle_io_output_payload_data[11]~FF


INFO     : 	Synchronizer 47: 


INFO     :  u_micro_risc_v1/u_EfxSapphireSoc/system_riscvJtag_hard_noTap_tunnel/logic_systemLogic_bus_rsp_ccToggle_io_output_payload_data[12]~FF


INFO     : 	Synchronizer 48: 


INFO     :  u_micro_risc_v1/u_EfxSapphireSoc/system_riscvJtag_hard_noTap_tunnel/logic_systemLogic_bus_rsp_ccToggle_io_output_payload_data[13]~FF


INFO     : 	Synchronizer 49: 


INFO     :  u_micro_risc_v1/u_EfxSapphireSoc/system_riscvJtag_hard_noTap_tunnel/logic_systemLogic_bus_rsp_ccToggle_io_output_payload_data[14]~FF


INFO     : 	Synchronizer 50: 


INFO     :  u_micro_risc_v1/u_EfxSapphireSoc/system_uart_0_io_logic/uartCtrl_1/rx/io_rxd_buffercc/buffers_0~FF


INFO     :  u_micro_risc_v1/u_EfxSapphireSoc/system_uart_0_io_logic/uartCtrl_1/rx/io_rxd_buffercc_io_dataOut~FF


INFO     : 	Synchronizer 51: 


INFO     :  u_micro_risc_v1/u_EfxSapphireSoc/io_asyncReset_asyncAssertSyncDeassert_buffercc/buffers_0~FF


INFO     :  u_micro_risc_v1/u_EfxSapphireSoc/io_asyncReset_asyncAssertSyncDeassert_buffercc_io_dataOut~FF


INFO     : 	Synchronizer 52: 


INFO     :  u_micro_risc_v1/u_EfxSapphireSoc/system_riscvJtag_hard_noTap_tunnel/logic_systemLogic_bus_rsp_ccToggle_io_output_payload_data[15]~FF


INFO     : 	Synchronizer 53: 


INFO     :  u_micro_risc_v1/u_EfxSapphireSoc/system_coreStopTime_buffercc/buffers_0~FF


INFO     :  u_micro_risc_v1/u_EfxSapphireSoc/system_coreStopTime_buffercc_io_dataOut~FF


INFO     : 	Synchronizer 54: 


INFO     :  u_micro_risc_v1/u_EfxSapphireSoc/system_riscvJtag_hard_noTap_tunnel/logic_systemLogic_bus_rsp_ccToggle_io_output_payload_data[18]~FF


INFO     : 	Synchronizer 55: 


INFO     :  u_micro_risc_v1/u_EfxSapphireSoc/system_riscvJtag_debug_systemReset_asyncAssertSyncDeassert_buffercc/buffers_0~FF


INFO     :  u_micro_risc_v1/u_EfxSapphireSoc/system_riscvJtag_debug_systemReset_asyncAssertSyncDeassert_buffercc_io_dataOut~FF


INFO     : 	Synchronizer 56: 


INFO     :  u_micro_risc_v1/u_EfxSapphireSoc/system_cores_0_logic_cpu/systemCd_logic_outputReset_buffercc/buffers_0~FF


INFO     :  u_micro_risc_v1/u_EfxSapphireSoc/system_cores_0_logic_cpu_debugBus_unavailable~FF


INFO     : 	Synchronizer 57: 


INFO     :  u_micro_risc_v1/u_EfxSapphireSoc/system_riscvJtag_hard_noTap_tunnel/logic_systemLogic_bus_rsp_ccToggle_io_output_payload_data[19]~FF


INFO     : 	Synchronizer 58: 


INFO     :  u_micro_risc_v1/u_EfxSapphireSoc/system_riscvJtag_hard_noTap_tunnel_io_bus_cmd_payload_data[9]~FF


INFO     : 	Synchronizer 59: 


INFO     :  u_micro_risc_v1/u_EfxSapphireSoc/system_riscvJtag_hard_noTap_tunnel/logic_systemLogic_bus_rsp_ccToggle_io_output_payload_data[29]~FF


INFO     : 	Synchronizer 60: 


INFO     :  u_micro_risc_v1/u_EfxSapphireSoc/system_riscvJtag_hard_noTap_tunnel_io_bus_cmd_payload_data[10]~FF


INFO     : 	Synchronizer 61: 


INFO     :  u_micro_risc_v1/u_EfxSapphireSoc/system_riscvJtag_hard_noTap_tunnel/logic_systemLogic_bus_rsp_ccToggle_io_output_payload_data[30]~FF


INFO     : 	Synchronizer 62: 


INFO     :  u_micro_risc_v1/u_EfxSapphireSoc/system_riscvJtag_hard_noTap_tunnel/logic_systemLogic_bus_rsp_ccToggle_io_output_payload_data[21]~FF


INFO     : 	Synchronizer 63: 


INFO     :  u_micro_risc_v1/u_EfxSapphireSoc/system_riscvJtag_hard_noTap_tunnel_io_bus_cmd_payload_data[1]~FF


INFO     : 	Synchronizer 64: 


INFO     :  u_micro_risc_v1/u_EfxSapphireSoc/system_riscvJtag_hard_noTap_tunnel_io_bus_cmd_payload_data[11]~FF


INFO     : 	Synchronizer 65: 


INFO     :  u_micro_risc_v1/u_EfxSapphireSoc/system_riscvJtag_hard_noTap_tunnel/logic_systemLogic_bus_rsp_ccToggle_io_output_payload_data[31]~FF


INFO     : 	Synchronizer 66: 


INFO     :  u_micro_risc_v1/u_EfxSapphireSoc/system_riscvJtag_hard_noTap_tunnel/logic_systemLogic_bus_rsp_ccToggle_io_output_payload_data[22]~FF


INFO     : 	Synchronizer 67: 


INFO     :  u_micro_risc_v1/u_EfxSapphireSoc/system_riscvJtag_hard_noTap_tunnel_io_bus_cmd_payload_data[2]~FF


INFO     : 	Synchronizer 68: 


INFO     :  u_micro_risc_v1/u_EfxSapphireSoc/system_riscvJtag_hard_noTap_tunnel/logic_systemLogic_bus_rsp_ccToggle_io_output_payload_data[23]~FF


INFO     : 	Synchronizer 69: 


INFO     :  u_micro_risc_v1/u_EfxSapphireSoc/system_riscvJtag_hard_noTap_tunnel_io_bus_cmd_payload_data[3]~FF


INFO     : 	Synchronizer 70: 


INFO     :  u_micro_risc_v1/u_EfxSapphireSoc/system_riscvJtag_hard_noTap_tunnel/logic_systemLogic_bus_rsp_ccToggle_io_output_payload_data[24]~FF


INFO     : 	Synchronizer 71: 


INFO     :  u_micro_risc_v1/u_EfxSapphireSoc/system_riscvJtag_hard_noTap_tunnel_io_bus_cmd_payload_data[4]~FF


INFO     : 	Synchronizer 72: 


INFO     :  u_micro_risc_v1/u_EfxSapphireSoc/system_riscvJtag_hard_noTap_tunnel/logic_systemLogic_bus_rsp_ccToggle_io_output_payload_data[25]~FF


INFO     : 	Synchronizer 73: 


INFO     :  u_micro_risc_v1/u_EfxSapphireSoc/system_riscvJtag_hard_noTap_tunnel_io_bus_cmd_payload_data[5]~FF


INFO     : 	Synchronizer 74: 


INFO     :  u_micro_risc_v1/u_EfxSapphireSoc/system_riscvJtag_hard_noTap_tunnel/logic_jtagLogic_dmiCmd_ccToggle/inputArea_target_buffercc/buffers_0~FF


INFO     :  u_micro_risc_v1/u_EfxSapphireSoc/system_riscvJtag_hard_noTap_tunnel/logic_jtagLogic_dmiCmd_ccToggle/inputArea_target_buffercc_io_dataOut~FF


INFO     : 	Synchronizer 75: 


INFO     :  u_micro_risc_v1/u_EfxSapphireSoc/system_riscvJtag_hard_noTap_tunnel/logic_systemLogic_bus_rsp_ccToggle_io_output_payload_data[26]~FF


INFO     : 	Synchronizer 76: 


INFO     :  u_micro_risc_v1/u_EfxSapphireSoc/system_riscvJtag_hard_noTap_tunnel_io_bus_cmd_payload_data[6]~FF


INFO     : 	Synchronizer 77: 


INFO     :  u_micro_risc_v1/u_EfxSapphireSoc/system_riscvJtag_hard_noTap_tunnel/logic_systemLogic_bus_rsp_ccToggle_io_output_payload_data[27]~FF


INFO     : 	Synchronizer 78: 


INFO     :  u_micro_risc_v1/u_EfxSapphireSoc/system_riscvJtag_hard_noTap_tunnel_io_bus_cmd_payload_data[7]~FF


INFO     : 	Synchronizer 79: 


INFO     :  u_micro_risc_v1/u_EfxSapphireSoc/system_riscvJtag_hard_noTap_tunnel/logic_systemLogic_bus_rsp_ccToggle_io_output_payload_data[28]~FF


INFO     : 	Synchronizer 80: 


INFO     :  u_micro_risc_v1/u_EfxSapphireSoc/system_riscvJtag_hard_noTap_tunnel_io_bus_cmd_payload_data[8]~FF


INFO     : Starting Global Placer with 4 threads ...


            ----------     -------  --------------     -------

             Iteration       WHPWL Worst Slack (ps) Convergence

            ----------     -------  --------------     -------

INFO     :           1    13626122           -2915         1.9%


INFO     :           2    10788174           -2829         2.5%


INFO     :           3     9682121           -2872         2.8%


INFO     :           4     8016513           -2872         3.4%


INFO     :           5     4258669           -3146         4.3%


INFO     :           6     2190152           -2872         8.7%


INFO     :           7     1077233           -4282        19.3%


INFO     :           8      671340           -6626        39.1%


INFO     :           9      504176           -7423        49.8%


INFO     :          10      458018           -7420        56.3%


INFO     :          11      424115           -8304        63.9%


INFO     :          12      422833           -7968        66.4%


INFO     :          13      411921           -9088        66.4%


INFO     :          14      416557           -7904        69.0%


INFO     :          15      402409           -6778        69.0%


INFO     :          16      411104           -7298        71.5%


INFO     :          17      398492           -7710        71.5%


INFO     :          18      417265           -7865        73.5%


INFO     :          19      393342           -7500        73.5%


INFO     :          20      411780           -7303        75.6%


INFO     :          21      395629           -7320        75.6%


INFO     :          22      406407           -8242        77.2%


INFO     :          23      387595           -7851        77.2%


INFO     :          24      406106           -7479        78.2%


INFO     :          25      388426           -7741        78.2%


INFO     :          26      404026           -7639        78.2%


INFO     :          27      387716           -7621        78.2%


INFO     :          28      401003           -7455        79.3%


INFO     :          29      385996           -8007        79.3%


INFO     :          30      396383           -7698        79.9%


INFO     :          31      380140           -8171        79.9%


INFO     :          32      392705           -8484        81.8%


INFO     :          33      378352           -7578        81.8%


INFO     :          34      392399           -7836        82.6%


INFO     :          35      376943           -8393        82.6%


INFO     :          36      385281           -8058        83.9%


INFO     :          37      375262           -8013        83.9%


INFO     :          38      385974           -8460        84.5%


INFO     :          39      372392           -8362        84.5%


INFO     :          40      379497           -8606        85.9%


INFO     :          41      371610           -7637        85.9%


INFO     :          42      381347           -7935        86.3%


INFO     :          43      371864           -7193        86.3%


INFO     :          44      381509           -7817        86.9%


INFO     :          45      370496           -7902        86.9%


INFO     :          46      379848           -8041        87.5%


INFO     :          47      371412           -7788        87.5%


INFO     :          48      382098           -7673        88.0%


INFO     :          49      370349           -8838        88.0%


INFO     :          50      376613           -8510        89.2%


INFO     :          51      372257           -8499        89.2%


INFO     :          52      379077           -8173        89.2%


INFO     :          53      368179           -8545        89.2%


INFO     :          54      374315           -8579        90.7%


INFO     :          55      374008           -8282        90.7%


INFO     :          56      377958           -8315        90.7%


INFO     :          57      374687           -7701        90.7%


INFO     :          58      379789           -7734        91.4%


INFO     :          59      372594           -8187        91.4%


INFO     :          60      376339           -8326        93.2%


INFO     :          61      373895           -8230        93.2%


INFO     :          62      378287           -8476        94.1%


INFO     :          63      372269           -8134        94.1%


INFO     :          64      377665           -8265        94.7%


INFO     :          65      375449           -8279        94.7%


INFO     :          66      369766           -8497        94.7%


INFO     :          67      370968           -8566        95.7%


INFO     :          68      372488           -8258        96.9%


INFO     :          69      372281           -8453        97.3%


INFO     :          70      374235           -8934        97.7%


INFO     :          71      374121           -8990        97.9%


INFO     :          72      375144           -8725        98.7%


INFO     : Starting Annealer


            ----------     -------  --------------     -------

             Iteration       WHPWL  Delay Max (ps)     R Limit

            ----------     -------  --------------     -------

INFO     :           0      172077           18078        30.0


INFO     :           1      145501           17106        28.9


INFO     :           2      137177           17516        27.7


INFO     :           3      129810           13828        26.3


INFO     :           4      126398           12586        25.0


INFO     :           5      125143           12488        23.6


INFO     :           6      124127           11975        22.3


INFO     :           7      122420           11833        20.9


INFO     :           8      120087           11824        19.6


INFO     :           9      118403           11451        18.3


INFO     :          10      117537           11451        17.2


INFO     :          11      116767           11150        16.0


INFO     :          12      114848           15376        14.9


INFO     :          13      114512           14582        13.9


INFO     :          14      113565           10655        12.9


INFO     :          15      112974           14701        12.0


INFO     :          16      112381           14810        11.2


INFO     :          17      111778           10347        10.4


INFO     :          18      110628           10680         9.7


INFO     :          19      110119           14640         8.9


INFO     :          20      109979           14486         8.3


INFO     :          21      109409           10314         7.7


INFO     :          22      108949           10742         7.1


INFO     :          23      107767           10314         6.6


INFO     :          24      107916           14160         6.1


INFO     :          25      107460           14186         5.6


INFO     :          26      106594           14202         5.2


INFO     :          27      105773           10346         4.9


INFO     :          28      105226           10801         4.5


INFO     :          29      104626           10887         4.2


INFO     :          30      104215           10539         3.9


INFO     :          31      103982           14051         3.6


INFO     :          32      103555           14051         3.3


INFO     :          33      103065           14069         3.0


INFO     :          34      102700           14070         2.8


INFO     :          35      102234           10436         2.6


INFO     :          36      101918           14070         2.4


INFO     :          37      101608           13996         2.2


INFO     :          38      101451           13996         2.1


INFO     :          39      101494           14145         1.9


INFO     :          40      101269           13996         1.8


INFO     :          41      101064           13874         1.6


INFO     :          42      100627            9968         1.5


INFO     :          43      100217           10476         1.4


INFO     :          44       99561           10279         1.2


INFO     : Counted delay computer calls: 125263
Placement successful: 8841 cells are placed


INFO     : Peak congestion smeared over 1/4 of the chip is 0.393027 at 1,70


INFO     : Congestion-weighted HPWL per net: 25.7717


INFO     : Post-placement cluster-level checks is successful


INFO     : Checks is successful


INFO     : Reading placement constraints from '/home/olle/efinity_p2/BRAM/outflow/BRAM.qplace'.


INFO     : Finished Realigning Types (875 blocks needed type change)


INFO     : Completed placement consistency check successfully.




INFO     : Successfully created FPGA place file '/home/olle/efinity_p2/BRAM/outflow/BRAM.place'


INFO     : Placement took 17.63 seconds.


INFO     : 	Placement took 45.87 seconds (approximately) in total CPU time.


INFO     : Placement virtual memory usage: begin = 274.372 MB, end = 406.86 MB, delta = 132.488 MB


INFO     : Placement resident set memory usage: begin = 158.848 MB, end = 280.292 MB, delta = 121.444 MB


INFO     : 	Placement peak resident set memory usage = 323.108 MB


           ***** Ending stage placement *****

           

           

           Efinix FPGA Placement and Routing.

           Version: 2025.1.110.2.15 

           Compiled: Jun 21 2025.

           

           Copyright (C) 2013 - 2025 Efinix, Inc. All rights reserved.


           

           The Tool Is Based on VPR of University of Toronto,

           a free open source code under MIT license.

           

           

INFO     : Running Placement and Routing for Family "Trion", Device "T20F169" ...


           

           ***** Beginning stage routing graph generation ... *****

INFO     : Read ipin pattern from /home/olle/efinix/efinity/2025.1/arch/./routing/ipin_oph.xml


INFO     : Finished parsing ipin pattern file '/home/olle/efinix/efinity/2025.1/arch/./routing/ipin_oph.xdb'.


INFO     : Finished parsing switch_block file '/home/olle/efinix/efinity/2025.1/arch/./routing/sb_connectivity_subset.xdb'.


INFO     : BuildGraph process took 2.90416 seconds.


INFO     : 	BuildGraph process took 2.79 seconds (approximately) in total CPU time.


INFO     : BuildGraph process virtual memory usage: begin = 406.86 MB, end = 577.58 MB, delta = 170.72 MB


INFO     : BuildGraph process resident set memory usage: begin = 280.932 MB, end = 483.932 MB, delta = 203 MB


INFO     : 	BuildGraph process peak resident set memory usage = 483.932 MB


INFO     : check rr_graph process took 0.126157 seconds.


INFO     : 	check rr_graph process took 0.12 seconds (approximately) in total CPU time.


INFO     : check rr_graph process virtual memory usage: begin = 605.18 MB, end = 614.38 MB, delta = 9.2 MB


INFO     : check rr_graph process resident set memory usage: begin = 511.452 MB, end = 520.668 MB, delta = 9.216 MB


INFO     : 	check rr_graph process peak resident set memory usage = 520.668 MB


INFO     : Generated 1177586 RR nodes and 4451238 RR edges


INFO     : This design has 0 global control net(s). See /home/olle/efinity_p2/BRAM/outflow/BRAM.route.rpt for details.


INFO     : Routing graph took 3.11232 seconds.


INFO     : 	Routing graph took 2.98 seconds (approximately) in total CPU time.


INFO     : Routing graph virtual memory usage: begin = 406.86 MB, end = 614.38 MB, delta = 207.52 MB


INFO     : Routing graph resident set memory usage: begin = 280.42 MB, end = 520.796 MB, delta = 240.376 MB


INFO     : 	Routing graph peak resident set memory usage = 520.796 MB


           ***** Ending stage routing graph generation *****

           

           ***** Beginning stage routing ... *****

INFO     : SDC file '/home/olle/efinity_p2/BRAM/const1.sdc' parsed successfully.


INFO     : 2 clocks (including virtual clocks), 0 inputs and 0 outputs were constrained.


INFO     :  ---------      -------     --------------      -------------


INFO     :  Iteration      Overuse     Crit Path (ns)      Calc Time (s)


INFO     :  ---------      -------     --------------      -------------


INFO     :          1        28734              10.55               4.34


INFO     :          2         5589              10.23                5.4


INFO     :          3         2550              10.23               4.18


INFO     :          4          930              10.23               3.77


INFO     :          5          403              10.23               3.07


INFO     :          6          203              10.23               2.93


INFO     :          7          114              10.23               1.53


INFO     :          8           65              10.46               1.38


INFO     :          9           27               10.4               2.91


INFO     :         10           14              10.32               3.09


INFO     :         11            5              10.64              0.761


INFO     :         12            0              10.64              0.378


           

INFO     : Successfully routed netlist after 12 routing iterations and 79022367 heapops


INFO     : Completed net delay value cross check successfully.


           ***** Beginning stage routing check ... *****

           ***** Ending stage routing check *****

           

INFO     : Serial number (magic cookie) for the routing is: 1458133625


INFO     : Netlist fully routed.


INFO     : Successfully created FPGA route file '/home/olle/efinity_p2/BRAM/outflow/BRAM.route'


INFO     : Routing took 35.0664 seconds.


INFO     : 	Routing took 35.5 seconds (approximately) in total CPU time.


INFO     : Routing virtual memory usage: begin = 614.38 MB, end = 898.524 MB, delta = 284.144 MB


INFO     : Routing resident set memory usage: begin = 520.796 MB, end = 757.764 MB, delta = 236.968 MB


INFO     : 	Routing peak resident set memory usage = 757.764 MB


           ***** Ending stage routing *****

           

           ***** Beginning stage final timing analysis ... *****

INFO     : SDC file '/home/olle/efinity_p2/BRAM/const1.sdc' parsed successfully.


INFO     : 2 clocks (including virtual clocks), 0 inputs and 0 outputs were constrained.


Maximum possible analyzed clocks frequency
 Clock Name  Period (ns)  Frequency (MHz)     Edge
  clk           15.088        66.278         (R-R)
  pll_clk       10.792        92.661         (R-R)

Geomean max period: 12.760

Setup (Max) Clock Relationship
  Launch Clock    Capture Clock   Constraint (ns)     Slack (ns)          Edge
    clk              clk               30.000           14.912           (R-R)
    pll_clk          clk                1.000           -2.995           (R-R)
    pll_clk          pll_clk            7.000           -3.792           (R-R)

Hold (Min) Clock Relationship
  Launch Clock    Capture Clock   Constraint (ns)     Slack (ns)          Edge
    clk              clk               0.000            0.119            (R-R)
    pll_clk          clk               0.000            0.330            (R-R)
    pll_clk          pll_clk           0.000            0.119            (R-R)


WARNING  : Clock domain between pll_clk (rising) and clk (rising) may not meet (slack: -2.995 ns) the setup (max) timing requirement


WARNING  : Clock domain between pll_clk (rising) and pll_clk (rising) may not meet (slack: -3.792 ns) the setup (max) timing requirement


INFO     : Write Timing Report to "/home/olle/efinity_p2/BRAM/outflow/BRAM.timing.rpt" ...


INFO     : final timing analysis took 0.603502 seconds.


INFO     : 	final timing analysis took 0.62 seconds (approximately) in total CPU time.


INFO     : final timing analysis virtual memory usage: begin = 898.524 MB, end = 898.524 MB, delta = 0 MB


INFO     : final timing analysis resident set memory usage: begin = 759.428 MB, end = 760.452 MB, delta = 1.024 MB


INFO     : 	final timing analysis peak resident set memory usage = 760.452 MB


           ***** Ending stage final timing analysis *****

           

           ***** Beginning stage bitstream generation ... *****

INFO     : Reading core interface constraints file "/home/olle/efinity_p2/BRAM/outflow/BRAM.interface.csv"


INFO     : Successfully read core interface constraints file "/home/olle/efinity_p2/BRAM/outflow/BRAM.interface.csv"


INFO     : Finished writing bitstream file /home/olle/efinity_p2/BRAM/work_pnr/BRAM.lbf.


INFO     : Bitstream generation took 0.567961 seconds.


INFO     : 	Bitstream generation took 0.55 seconds (approximately) in total CPU time.


INFO     : Bitstream generation virtual memory usage: begin = 898.524 MB, end = 898.524 MB, delta = 0 MB


INFO     : Bitstream generation resident set memory usage: begin = 760.452 MB, end = 761.22 MB, delta = 0.768 MB


INFO     : 	Bitstream generation peak resident set memory usage = 761.22 MB


           ***** Ending stage bitstream generation *****

           

INFO     : The entire flow of EFX_PNR took 61.0885 seconds.


INFO     : 	The entire flow of EFX_PNR took 90.17 seconds (approximately) in total CPU time.


INFO     : The entire flow of EFX_PNR virtual memory usage: begin = 119.632 MB, end = 898.524 MB, delta = 778.892 MB


INFO     : The entire flow of EFX_PNR resident set memory usage: begin = 38.528 MB, end = 761.22 MB, delta = 722.692 MB


INFO     : 	The entire flow of EFX_PNR peak resident set memory usage = 761.22 MB


Wed August 20 25 20:23:43 - /home/olle/efinix/efinity/2025.1/bin/efx_pnr finished. Exit code = 0 Exit status : Normal





-------------------------------------------------------------------------

Generating bitstream

-------------------------------------------------------------------------

Wed August 20 25 20:23:43 - Bitstream generation flow working directory is /home/olle/efinity_p2/BRAM/work_pnr


INFO     : --max_threads set to 4 

Wed August 20 25 20:23:44 - /home/olle/efinix/efinity/2025.1/bin/efx_pgm --source "/home/olle/efinity_p2/BRAM/work_pnr/BRAM.lbf" --dest "/home/olle/efinity_p2/BRAM/outflow/BRAM.hex" --device "T20F169" --family "Trion" --periph "/home/olle/efinity_p2/BRAM/outflow/BRAM.lpf" --interface_designer_settings "/home/olle/efinity_p2/BRAM/outflow/BRAM_or.ini" --enable_external_master_clock "off" --oscillator_clock_divider "DIV8" --active_capture_clk_edge "posedge" --spi_low_power_mode "on" --io_weak_pullup "on" --enable_roms "smart" --mode "active" --width "1" --release_tri_then_reset "on"

Wed August 20 25 20:23:44 - Running /home/olle/efinix/efinity/2025.1/bin/efx_pgm...

INFO     : Efinix FPGA Bitstream Generator.


INFO     : Version: 2025.1.110.2.15 


INFO     : Copyright (C) 2013 - 2025 Efinix, Inc. All rights reserved.


INFO     : Compiled: May  7 2025.


INFO     : Using source file "/home/olle/efinity_p2/BRAM/work_pnr/BRAM.lbf"


INFO     : Generating HEX programming file for device "T20F169", family "Trion"


INFO     : Using periphery source file "/home/olle/efinity_p2/BRAM/outflow/BRAM.lpf"


INFO     : Generating bit file: "/home/olle/efinity_p2/BRAM/outflow/BRAM.bit"


INFO     : HEX Generation Options Summary:


INFO     : 	Listing options specified to bitstream generation:


INFO     : 	spi_low_power_mode                       = on


INFO     : 	oscillator_clock_divider                 = DIV8


INFO     : 	io_weak_pullup                           = on


INFO     : 	enable_remote_update                     = off


INFO     : 	release_tri_then_reset                   = on


INFO     : Finished generating "/home/olle/efinity_p2/BRAM/outflow/BRAM.hex"


INFO     : Efinix Bitstream Generator took 1.11107 seconds.


INFO     : 	Efinix Bitstream Generator took 1.05 seconds (approximately) in total CPU time.


INFO     : Efinix Bitstream Generator virtual memory usage: begin = 35.092 MB, end = 93.388 MB, delta = 58.296 MB


INFO     : Efinix Bitstream Generator resident set memory usage: begin = 14.848 MB, end = 75.392 MB, delta = 60.544 MB


INFO     : 	Efinix Bitstream Generator peak resident set memory usage = 323.108 MB


Wed August 20 25 20:23:45 - /home/olle/efinix/efinity/2025.1/bin/efx_pgm finished. Exit code = 0 Exit status : Normal

Running hex generation flow done.

Wed August 20 25 20:23:45 - Running automated flow starting from synthesis done. Total duration = 3m 35.156s

Wed August 20 25 20:23:54 - Running Efinity Debugger...

Wed August 20 25 20:28:05 - Efinity Debugger finished. Exit code = 0 Exit status : Normal

Wed August 20 25 20:29:22 - Running automated flow starting from placement...



Wed August 20 25 20:29:22 - Floorplan closed VM : 655.312 MB RSS : 364.544 MB

Wed August 20 25 20:29:22 - Start Debugger Flow



-------------------------------------------------------------------------

Debugger

-------------------------------------------------------------------------

Wed August 20 25 20:29:22 - Debugger flow working directory is /home/olle/efinity_p2/BRAM/work_syn


INFO     : --max_threads set to 4 

INFO     : Deleting any pre-existing troute trace files

INFO     : Deleting any pre-existing troute trace files

--------------------------------------------------------------

Start Debugger Step Generate Debugger Cores.

Wed August 20 25 20:29:23 - /home/olle/efinix/efinity/2025.1/bin/python3  -m "efx_dbg.DbgWizard" --device  "T20F169" --family  "Trion" --in_profile_name  "/home/olle/efinity_p2/BRAM/debug_profile.wizard.json" --out_dbg_vdb  "debug_top.post.vdb" --out_profile_name  "/home/olle/efinity_p2/BRAM/debug_profile.wizard.json" --out_dir  "work_dbg"

Wed August 20 25 20:29:23 - Running /home/olle/efinix/efinity/2025.1/bin/python3...

Wed August 20 25 20:29:23 - /home/olle/efinix/efinity/2025.1/bin/python3 finished. Exit code = 0 Exit status : Normal

Debugger Step Generate Debugger Cores. Done

--------------------------------------------------------------

--------------------------------------------------------------

Start Debugger Step Compile Debugger Cores.

Wed August 20 25 20:29:23 - /home/olle/efinix/efinity/2025.1/bin/efx_map  --allow-const-ram-index "0" --blackbox-error "1" --blast_const_operand_adders "1" --bram_output_regs_packing "1" --bram-push-tco-outreg "0" --create-onehot-fsms "0" --fanout-limit "0" --hdl-compile-unit "1" --hdl-loop-limit "20000" --infer-clk-enable "3" --infer-sync-set-reset "1" --enable-mark-debug "1" --max_ram "-1" --max_mult "-1" --max-bit-blast-mem-size "10240" --min-sr-fanout "0" --min-ce-fanout "0" --mode "speed" --mult-auto-pipeline "0" --mult-decomp-retime "0" --operator-sharing "0" --optimize-adder-tree "0" --optimize-zero-init-rom "1" --peri-syn-instantiation "0" --peri-syn-inference "0" --ram-decomp-mode "0" --retiming "1" --seq_opt "1" --seq-opt-sync-only "0" --use-logic-for-small-mem "64" --use-logic-for-small-rom "64" --max_threads "-1" --mult_input_regs_packing "1" --mult_output_regs_packing "1" --I "/home/olle/efinity_p2/BRAM" --I "/home/olle/efinity_p2/BRAM/ip/BRAM_8192_bytes" --I "/home/olle/efinity_p2/BRAM/ip/micro_risc_v1" --family "Trion" --device "T20F169" --root "edb_top" --v "/home/olle/efinity_p2/BRAM/work_dbg/debug_top.v" --write-postmap-module "/home/olle/efinity_p2/BRAM/work_dbg/debug_top.post.vdb" --gen-mark-debug-json "0" --work-dir "/home/olle/efinity_p2/BRAM/work_dbg" --output-dir "/home/olle/efinity_p2/BRAM/outflow"

Wed August 20 25 20:29:23 - Running /home/olle/efinix/efinity/2025.1/bin/efx_map...

INFO     : Efinix FPGA Synthesis.
INFO     : Version: 2025.1.110.2.15
INFO     : Compiled: Jun 21 2025.
INFO     : 
INFO     : Copyright (C) 2013 - 2025 Efinix, Inc. All rights reserved.


INFO     : Analyzing Verilog file '/home/olle/efinix/efinity/2025.1/sim_models/maplib/efinix_peri_lib.v' [VERI-1482]

INFO     : /home/olle/efinix/efinity/2025.1/sim_models/maplib/efinix_peri_lib.v(8): compiling module 'EFX_IBUF' [VERI-1018]
INFO     : /home/olle/efinix/efinity/2025.1/sim_models/maplib/efinix_peri_lib.v(16): compiling module 'EFX_OBUF' [VERI-1018]
INFO     : /home/olle/efinix/efinity/2025.1/sim_models/maplib/efinix_peri_lib.v(23): compiling module 'EFX_IO_BUF' [VERI-1018]
INFO     : /home/olle/efinix/efinity/2025.1/sim_models/maplib/efinix_peri_lib.v(33): compiling module 'EFX_CLKOUT' [VERI-1018]
INFO     : /home/olle/efinix/efinity/2025.1/sim_models/maplib/efinix_peri_lib.v(41): compiling module 'EFX_IREG' [VERI-1018]
INFO     : /home/olle/efinix/efinity/2025.1/sim_models/maplib/efinix_peri_lib.v(51): compiling module 'EFX_OREG' [VERI-1018]
INFO     : /home/olle/efinix/efinity/2025.1/sim_models/maplib/efinix_peri_lib.v(60): compiling module 'EFX_IOREG' [VERI-1018]
INFO     : /home/olle/efinix/efinity/2025.1/sim_models/maplib/efinix_peri_lib.v(75): compiling module 'EFX_IDDIO' [VERI-1018]
INFO     : /home/olle/efinix/efinity/2025.1/sim_models/maplib/efinix_peri_lib.v(87): compiling module 'EFX_ODDIO' [VERI-1018]
INFO     : /home/olle/efinix/efinity/2025.1/sim_models/maplib/efinix_peri_lib.v(99): compiling module 'EFX_GPIO_V1' [VERI-1018]
INFO     : /home/olle/efinix/efinity/2025.1/sim_models/maplib/efinix_peri_lib.v(124): compiling module 'EFX_GPIO_V2' [VERI-1018]
INFO     : /home/olle/efinix/efinity/2025.1/sim_models/maplib/efinix_peri_lib.v(149): compiling module 'EFX_GPIO_V3' [VERI-1018]
INFO     : /home/olle/efinix/efinity/2025.1/sim_models/maplib/efinix_peri_lib.v(186): compiling module 'EFX_PLL_V1' [VERI-1018]
INFO     : /home/olle/efinix/efinity/2025.1/sim_models/maplib/efinix_peri_lib.v(205): compiling module 'EFX_PLL_V2' [VERI-1018]
INFO     : /home/olle/efinix/efinity/2025.1/sim_models/maplib/efinix_peri_lib.v(231): compiling module 'EFX_PLL_V3' [VERI-1018]
INFO     : /home/olle/efinix/efinity/2025.1/sim_models/maplib/efinix_peri_lib.v(279): compiling module 'EFX_OSC_V1' [VERI-1018]
INFO     : /home/olle/efinix/efinity/2025.1/sim_models/maplib/efinix_peri_lib.v(285): compiling module 'EFX_OSC_V3' [VERI-1018]
INFO     : /home/olle/efinix/efinity/2025.1/sim_models/maplib/efinix_peri_lib.v(294): compiling module 'EFX_FPLL_V1' [VERI-1018]
INFO     : /home/olle/efinix/efinity/2025.1/sim_models/maplib/efinix_peri_lib.v(348): compiling module 'EFX_JTAG_V1' [VERI-1018]
INFO     : /home/olle/efinix/efinity/2025.1/sim_models/maplib/efinix_peri_lib.v(357): compiling module 'EFX_JTAG_CTRL' [VERI-1018]
INFO     : /home/olle/efinix/efinity/2025.1/sim_models/maplib/efinix_peri_lib.v(364): compiling module 'EFX_LVDS_RX_V1' [VERI-1018]
INFO     : /home/olle/efinix/efinity/2025.1/sim_models/maplib/efinix_peri_lib.v(381): compiling module 'EFX_LVDS_TX_V1' [VERI-1018]
INFO     : /home/olle/efinix/efinity/2025.1/sim_models/maplib/efinix_peri_lib.v(399): compiling module 'EFX_LVDS_RX_V2' [VERI-1018]
INFO     : /home/olle/efinix/efinity/2025.1/sim_models/maplib/efinix_peri_lib.v(426): compiling module 'EFX_LVDS_TX_V2' [VERI-1018]
INFO     : /home/olle/efinix/efinity/2025.1/sim_models/maplib/efinix_peri_lib.v(446): compiling module 'EFX_LVDS_BIDIR_V2' [VERI-1018]
INFO     : ***** Beginning Analysis ... *****
INFO     : default VHDL library search path is now "/home/olle/efinix/efinity/2025.1/sim_models/vhdl/packages/vhdl_2008" [VHDL-1504]
INFO     : Analyzing Verilog file '/home/olle/efinix/efinity/2025.1/sim_models/maplib/efinix_maplib.v' [VERI-1482]

INFO     : Analyzing Verilog file '/home/olle/efinix/efinity/2025.1/sim_models/maplib/efinix_peri_lib.v' [VERI-1482]
INFO     : Analyzing Verilog file '/home/olle/efinix/efinity/2025.1/sim_models/maplib/efinix_maplib.v' [VERI-1482]
INFO     : Analyzing Verilog file '/home/olle/efinix/efinity/2025.1/sim_models/maplib/efinix_peri_lib.v' [VERI-1482]

INFO     : Analyzing Verilog file '/home/olle/efinity_p2/BRAM/work_dbg/debug_top.v' [VERI-1482]

INFO     : /home/olle/efinity_p2/BRAM/work_dbg/debug_top.v(4464): undeclared symbol 'la_capture_mask', assumed default net type 'wire' [VERI-2561]

INFO     : /home/olle/efinity_p2/BRAM/work_dbg/debug_top.v(4834): undeclared symbol 'next_segment_pointer_eq', assumed default net type 'wire' [VERI-2561]
INFO     : /home/olle/efinity_p2/BRAM/work_dbg/debug_top.v(4835): undeclared symbol 'next_segment_msb_xor', assumed default net type 'wire' [VERI-2561]
INFO     : Analysis took 0.0662314 seconds.
INFO     : 	Analysis took 0.06 seconds (approximately) in total CPU time.
INFO     : Analysis virtual memory usage: begin = 124.564 MB, end = 127.636 MB, delta = 3.072 MB
INFO     : Analysis resident set memory usage: begin = 71.296 MB, end = 75.008 MB, delta = 3.712 MB
INFO     : 	Analysis peak resident set memory usage = 372.736 MB
INFO     : ***** Ending Analysis ... *****
INFO     : ***** Beginning Elaboration ... *****
WARNING  : /home/olle/efinity_p2/BRAM/work_dbg/debug_top.v(178): port 'probe19' remains unconnected for this instance [VERI-1927]
INFO     : /home/olle/efinity_p2/BRAM/work_dbg/debug_top.v(10): compiling module 'edb_top' [VERI-1018]

INFO     : /home/olle/efinity_p2/BRAM/work_dbg/debug_top.v(564): compiling module 'edb_la_top_renamed_due_excessive_length_1' [VERI-1018]

INFO     : /home/olle/efinity_p2/BRAM/work_dbg/debug_top.v(253): compiling module 'edb_adbg_crc32' [VERI-1018]

INFO     : /home/olle/efinity_p2/BRAM/work_dbg/debug_top.v(5565): compiling module 'compare_unit(WIDTH=11'b01,PIPE=1)' [VERI-1018]

INFO     : /home/olle/efinity_p2/BRAM/work_dbg/debug_top.v(5565): compiling module 'compare_unit(WIDTH=11'b011010,PIPE=1)' [VERI-1018]

INFO     : /home/olle/efinity_p2/BRAM/work_dbg/debug_top.v(5565): compiling module 'compare_unit(WIDTH=11'b0100000,PIPE=1)' [VERI-1018]

INFO     : /home/olle/efinity_p2/BRAM/work_dbg/debug_top.v(5565): compiling module 'compare_unit(WIDTH=11'b010,PIPE=1)' [VERI-1018]

INFO     : /home/olle/efinity_p2/BRAM/work_dbg/debug_top.v(5565): compiling module 'compare_unit(WIDTH=11'b01000,PIPE=1)' [VERI-1018]

INFO     : /home/olle/efinity_p2/BRAM/work_dbg/debug_top.v(5565): compiling module 'compare_unit(WIDTH=11'b011,PIPE=1)' [VERI-1018]

INFO     : /home/olle/efinity_p2/BRAM/work_dbg/debug_top.v(5565): compiling module 'compare_unit(WIDTH=11'b0100,PIPE=1)' [VERI-1018]

INFO     : /home/olle/efinity_p2/BRAM/work_dbg/debug_top.v(5565): compiling module 'compare_unit(WIDTH=11'b010000,PIPE=1)' [VERI-1018]

INFO     : /home/olle/efinity_p2/BRAM/work_dbg/debug_top.v(5565): compiling module 'compare_unit(WIDTH=11'b0110,PIPE=1)' [VERI-1018]

INFO     : /home/olle/efinity_p2/BRAM/work_dbg/debug_top.v(5565): compiling module 'compare_unit(WIDTH=11'b011000,PIPE=1)' [VERI-1018]

INFO     : /home/olle/efinity_p2/BRAM/work_dbg/debug_top.v(5770): compiling module 'trigger_unit(WIDTH=32'b010011,PIPE=1)' [VERI-1018]

INFO     : /home/olle/efinity_p2/BRAM/work_dbg/debug_top.v(5895): compiling module 'trigger_skipper' [VERI-1018]
INFO     : /home/olle/efinity_p2/BRAM/work_dbg/debug_top.v(4911): compiling module 'la_biu(CAPTURE_WIDTH=32'b011011100)' [VERI-1018]

INFO     : /home/olle/efinity_p2/BRAM/work_dbg/debug_top.v(4653): compiling module 'fifo_with_read(DATA_WIDTH=32'b011011101)' [VERI-1018]
INFO     : /home/olle/efinity_p2/BRAM/work_dbg/debug_top.v(4603): compiling module 'fifo_address_trancode_unit' [VERI-1018]
INFO     : /home/olle/efinity_p2/BRAM/work_dbg/debug_top.v(474): compiling module 'edb_simple_dual_port_ram(DATA_WIDTH=32'b011011101,ADDR_WIDTH=10,RAM_INIT_FILE="")' [VERI-1018]
INFO     : /home/olle/efinity_p2/BRAM/work_dbg/debug_top.v(489): extracting RAM for identifier 'ram' [VERI-2571]

INFO     : /home/olle/efinity_p2/BRAM/work_dbg/debug_top.v(331): compiling module 'debug_hub' [VERI-1018]
WARNING  : /home/olle/efinity_p2/BRAM/work_dbg/debug_top.v(138): input port 'probe19[0]' remains unconnected for this instance [VDB-1053]
INFO     : Elaboration took 0.706504 seconds.
INFO     : 	Elaboration took 0.68 seconds (approximately) in total CPU time.
INFO     : Elaboration virtual memory usage: begin = 127.636 MB, end = 168.596 MB, delta = 40.96 MB
INFO     : Elaboration resident set memory usage: begin = 75.008 MB, end = 117.12 MB, delta = 42.112 MB
INFO     : 	Elaboration peak resident set memory usage = 372.736 MB
INFO     : ***** Ending Elaboration ... *****
INFO     : ... Setting Synthesis Option: mode=speed
INFO     : ***** Beginning Reading Mapping Library ... *****

INFO     : Analyzing Verilog file '/home/olle/efinix/efinity/2025.1/sim_models/maplib/efinix_maplib.v' [VERI-1482]
INFO     : /home/olle/efinix/efinity/2025.1/sim_models/maplib/efinix_maplib.v(8): compiling module 'EFX_ADD' [VERI-1018]
INFO     : /home/olle/efinix/efinity/2025.1/sim_models/maplib/efinix_maplib.v(21): compiling module 'EFX_FF' [VERI-1018]
INFO     : /home/olle/efinix/efinity/2025.1/sim_models/maplib/efinix_maplib.v(38): compiling module 'EFX_COMB4' [VERI-1018]
INFO     : /home/olle/efinix/efinity/2025.1/sim_models/maplib/efinix_maplib.v(48): compiling module 'EFX_GBUFCE' [VERI-1018]
INFO     : /home/olle/efinix/efinity/2025.1/sim_models/maplib/efinix_maplib.v(57): compiling module 'EFX_LUT4' [VERI-1018]
INFO     : /home/olle/efinix/efinity/2025.1/sim_models/maplib/efinix_maplib.v(65): compiling module 'EFX_MULT' [VERI-1018]
INFO     : /home/olle/efinix/efinity/2025.1/sim_models/maplib/efinix_maplib.v(100): compiling module 'EFX_DSP48' [VERI-1018]
INFO     : /home/olle/efinix/efinity/2025.1/sim_models/maplib/efinix_maplib.v(156): compiling module 'EFX_DSP24' [VERI-1018]
INFO     : /home/olle/efinix/efinity/2025.1/sim_models/maplib/efinix_maplib.v(209): compiling module 'EFX_DSP12' [VERI-1018]
INFO     : /home/olle/efinix/efinity/2025.1/sim_models/maplib/efinix_maplib.v(262): compiling module 'EFX_RAM_4K' [VERI-1018]
INFO     : /home/olle/efinix/efinity/2025.1/sim_models/maplib/efinix_maplib.v(322): compiling module 'EFX_RAM_5K' [VERI-1018]
INFO     : /home/olle/efinix/efinity/2025.1/sim_models/maplib/efinix_maplib.v(394): compiling module 'EFX_DPRAM_5K' [VERI-1018]
INFO     : /home/olle/efinix/efinity/2025.1/sim_models/maplib/efinix_maplib.v(499): compiling module 'RAMB5' [VERI-1018]
INFO     : /home/olle/efinix/efinity/2025.1/sim_models/maplib/efinix_maplib.v(561): compiling module 'EFX_RAM_10K' [VERI-1018]
INFO     : /home/olle/efinix/efinity/2025.1/sim_models/maplib/efinix_maplib.v(653): compiling module 'EFX_RAM10' [VERI-1018]
INFO     : /home/olle/efinix/efinity/2025.1/sim_models/maplib/efinix_maplib.v(754): compiling module 'EFX_DPRAM10' [VERI-1018]
INFO     : /home/olle/efinix/efinity/2025.1/sim_models/maplib/efinix_maplib.v(884): compiling module 'EFX_SRL8' [VERI-1018]
INFO     : Reading Mapping Library took 0.0138841 seconds.
INFO     : 	Reading Mapping Library took 0.01 seconds (approximately) in total CPU time.
INFO     : Reading Mapping Library virtual memory usage: begin = 168.596 MB, end = 168.596 MB, delta = 0 MB
INFO     : Reading Mapping Library resident set memory usage: begin = 117.76 MB, end = 117.76 MB, delta = 0 MB
INFO     : 	Reading Mapping Library peak resident set memory usage = 372.736 MB
INFO     : ***** Ending Reading Mapping Library ... *****
INFO     : ... Pre-synthesis checks begin
WARNING  : Removing redundant signal : compared_in[0]. (/home/olle/efinity_p2/BRAM/work_dbg/debug_top.v:5571) [EFX-0200]
WARNING  : Removing redundant signal : mask_in[0]. (/home/olle/efinity_p2/BRAM/work_dbg/debug_top.v:5572) [EFX-0200]

WARNING  : Removing redundant signal : trigger_in. (/home/olle/efinity_p2/BRAM/work_dbg/debug_top.v:5782) [EFX-0200]
INFO     : ... Memory 'ram' is not initialized, assuming empty initial contents. (/home/olle/efinity_p2/BRAM/work_dbg/debug_top.v:489) [EFX-0677]
WARNING  : Removing redundant signal : din[220]. (/home/olle/efinity_p2/BRAM/work_dbg/debug_top.v:4666) [EFX-0200]
WARNING  : Removing redundant signal : shift_i. (/home/olle/efinity_p2/BRAM/work_dbg/debug_top.v:4931) [EFX-0200]
WARNING  : Removing redundant signal : trig_out. (/home/olle/efinity_p2/BRAM/work_dbg/debug_top.v:4948) [EFX-0200]
WARNING  : Removing redundant signal : trig_out_ack. (/home/olle/efinity_p2/BRAM/work_dbg/debug_top.v:4949) [EFX-0200]
WARNING  : Removing redundant signal : bscan_DRCK. (/home/olle/efinity_p2/BRAM/work_dbg/debug_top.v:1097) [EFX-0200]
WARNING  : Removing redundant signal : bscan_RESET. (/home/olle/efinity_p2/BRAM/work_dbg/debug_top.v:1098) [EFX-0200]
WARNING  : Removing redundant signal : bscan_RUNTEST. (/home/olle/efinity_p2/BRAM/work_dbg/debug_top.v:1099) [EFX-0200]
WARNING  : Removing redundant signal : bscan_SEL. (/home/olle/efinity_p2/BRAM/work_dbg/debug_top.v:1100) [EFX-0200]
WARNING  : Removing redundant signal : bscan_TMS. (/home/olle/efinity_p2/BRAM/work_dbg/debug_top.v:1104) [EFX-0200]
WARNING  : Removing redundant signal : trig_in_ack. (/home/olle/efinity_p2/BRAM/work_dbg/debug_top.v:1116) [EFX-0200]
WARNING  : Removing redundant signal : mux_capture_cmp[18]. (/home/olle/efinity_p2/BRAM/work_dbg/debug_top.v:3530) [EFX-0200]
WARNING  : Removing redundant signal : mux_capture_cmp[17]. (/home/olle/efinity_p2/BRAM/work_dbg/debug_top.v:3530) [EFX-0200]
WARNING  : Removing redundant signal : mux_capture_cmp[16]. (/home/olle/efinity_p2/BRAM/work_dbg/debug_top.v:3530) [EFX-0200]
WARNING  : Removing redundant signal : mux_capture_cmp[15]. (/home/olle/efinity_p2/BRAM/work_dbg/debug_top.v:3530) [EFX-0200]
WARNING  : Removing redundant signal : mux_capture_cmp[14]. (/home/olle/efinity_p2/BRAM/work_dbg/debug_top.v:3530) [EFX-0200]
WARNING  : Removing redundant signal : mux_capture_cmp[13]. (/home/olle/efinity_p2/BRAM/work_dbg/debug_top.v:3530) [EFX-0200]
WARNING  : Removing redundant signal : mux_capture_cmp[12]. (/home/olle/efinity_p2/BRAM/work_dbg/debug_top.v:3530) [EFX-0200]
WARNING  : (The above message was generated too many times, subsequent similar messages will be muted.) [EFX-0200]

INFO     : Module Instance 'la0' input pin 'trig_in' is tied to constant (=0). [EFX-0266]
INFO     : Module Instance 'la0' input pin 'trig_out_ack' is tied to constant (=0). [EFX-0266]
WARNING  : Re-wiring to GND non-driven net 'la0.probe19[0]'. (/home/olle/efinity_p2/BRAM/work_dbg/debug_top.v:138) [EFX-0201]
WARNING  : Re-wiring to GND non-driven net 'la0.probe20[0]'. (/home/olle/efinity_p2/BRAM/work_dbg/debug_top.v:138) [EFX-0201]
WARNING  : Re-wiring to GND non-driven net 'la0.probe21[0]'. (/home/olle/efinity_p2/BRAM/work_dbg/debug_top.v:138) [EFX-0201]
WARNING  : Re-wiring to GND non-driven net 'la0.probe22[0]'. (/home/olle/efinity_p2/BRAM/work_dbg/debug_top.v:138) [EFX-0201]
WARNING  : Re-wiring to GND non-driven net 'la0.probe23[0]'. (/home/olle/efinity_p2/BRAM/work_dbg/debug_top.v:138) [EFX-0201]
WARNING  : Re-wiring to GND non-driven net 'la0.probe24[0]'. (/home/olle/efinity_p2/BRAM/work_dbg/debug_top.v:138) [EFX-0201]
WARNING  : Re-wiring to GND non-driven net 'la0.probe25[0]'. (/home/olle/efinity_p2/BRAM/work_dbg/debug_top.v:138) [EFX-0201]
WARNING  : Re-wiring to GND non-driven net 'la0.probe26[0]'. (/home/olle/efinity_p2/BRAM/work_dbg/debug_top.v:138) [EFX-0201]
WARNING  : Re-wiring to GND non-driven net 'la0.probe27[0]'. (/home/olle/efinity_p2/BRAM/work_dbg/debug_top.v:138) [EFX-0201]
WARNING  : Re-wiring to GND non-driven net 'la0.probe28[0]'. (/home/olle/efinity_p2/BRAM/work_dbg/debug_top.v:138) [EFX-0201]
WARNING  : (The above message was generated too many times, subsequent similar messages will be muted.) [EFX-0201]
INFO     : ... Pre-synthesis checks end (Real time : 0s CPU user time : 1s CPU sys time : 0s MEM : 372736KB)
INFO     : ... NameSpace init begin
INFO     : ... NameSpace init end (Real time : 0s CPU user time : 1s CPU sys time : 0s MEM : 372736KB)
INFO     : ... Mapping design "edb_top"
INFO     : ... Hierarchical pre-synthesis "edb_adbg_crc32" begin
INFO     : ... Hierarchical pre-synthesis "edb_adbg_crc32" end (Real time : 0s CPU user time : 1s CPU sys time : 0s MEM : 372736KB)
INFO     : ... Hierarchical pre-synthesis "compare_unit(WIDTH=11'b01,PIPE=1)" begin
INFO     : ... Hierarchical pre-synthesis "compare_unit(WIDTH=11'b01,PIPE=1)" end (Real time : 0s CPU user time : 1s CPU sys time : 0s MEM : 372736KB)
INFO     : ... Hierarchical pre-synthesis "compare_unit(WIDTH=11'b011010,PIPE=1)" begin
INFO     : ... Hierarchical pre-synthesis "compare_unit(WIDTH=11'b011010,PIPE=1)" end (Real time : 0s CPU user time : 1s CPU sys time : 0s MEM : 372736KB)
INFO     : ... Hierarchical pre-synthesis "compare_unit(WIDTH=11'b0100000,PIPE=1)" begin
INFO     : ... Hierarchical pre-synthesis "compare_unit(WIDTH=11'b0100000,PIPE=1)" end (Real time : 0s CPU user time : 1s CPU sys time : 0s MEM : 372736KB)
INFO     : ... Hierarchical pre-synthesis "compare_unit(WIDTH=11'b010,PIPE=1)" begin
INFO     : ... Hierarchical pre-synthesis "compare_unit(WIDTH=11'b010,PIPE=1)" end (Real time : 0s CPU user time : 1s CPU sys time : 0s MEM : 372736KB)
INFO     : ... Hierarchical pre-synthesis "compare_unit(WIDTH=11'b01000,PIPE=1)" begin

INFO     : ... Hierarchical pre-synthesis "compare_unit(WIDTH=11'b01000,PIPE=1)" end (Real time : 0s CPU user time : 1s CPU sys time : 0s MEM : 372736KB)
INFO     : ... Hierarchical pre-synthesis "compare_unit(WIDTH=11'b011,PIPE=1)" begin
INFO     : ... Hierarchical pre-synthesis "compare_unit(WIDTH=11'b011,PIPE=1)" end (Real time : 0s CPU user time : 1s CPU sys time : 0s MEM : 372736KB)
INFO     : ... Hierarchical pre-synthesis "compare_unit(WIDTH=11'b0100,PIPE=1)" begin
INFO     : ... Hierarchical pre-synthesis "compare_unit(WIDTH=11'b0100,PIPE=1)" end (Real time : 0s CPU user time : 1s CPU sys time : 0s MEM : 372736KB)
INFO     : ... Hierarchical pre-synthesis "compare_unit(WIDTH=11'b010000,PIPE=1)" begin
INFO     : ... Hierarchical pre-synthesis "compare_unit(WIDTH=11'b010000,PIPE=1)" end (Real time : 0s CPU user time : 1s CPU sys time : 0s MEM : 372736KB)
INFO     : ... Hierarchical pre-synthesis "compare_unit(WIDTH=11'b0110,PIPE=1)" begin
INFO     : ... Hierarchical pre-synthesis "compare_unit(WIDTH=11'b0110,PIPE=1)" end (Real time : 0s CPU user time : 1s CPU sys time : 0s MEM : 372736KB)
INFO     : ... Hierarchical pre-synthesis "compare_unit(WIDTH=11'b011000,PIPE=1)" begin

INFO     : ... Hierarchical pre-synthesis "compare_unit(WIDTH=11'b011000,PIPE=1)" end (Real time : 0s CPU user time : 1s CPU sys time : 0s MEM : 372736KB)
INFO     : ... Hierarchical pre-synthesis "trigger_unit(WIDTH=32'b010011,PIPE=1)" begin
INFO     : ... Hierarchical pre-synthesis "trigger_unit(WIDTH=32'b010011,PIPE=1)" end (Real time : 0s CPU user time : 1s CPU sys time : 0s MEM : 372736KB)
INFO     : ... Hierarchical pre-synthesis "trigger_skipper" begin

INFO     : ... Hierarchical pre-synthesis "trigger_skipper" end (Real time : 0s CPU user time : 1s CPU sys time : 0s MEM : 372736KB)
INFO     : ... Hierarchical pre-synthesis "fifo_address_trancode_unit" begin
INFO     : ... Hierarchical pre-synthesis "fifo_address_trancode_unit" end (Real time : 0s CPU user time : 1s CPU sys time : 0s MEM : 372736KB)
INFO     : ... Hierarchical pre-synthesis "edb_simple_dual_port_ram(DATA_WIDTH=32'b011011101,ADDR_WIDTH=10,RAM_INIT_FILE="")" begin

INFO     : ... Hierarchical pre-synthesis "edb_simple_dual_port_ram(DATA_WIDTH=32'b011011101,ADDR_WIDTH=10,RAM_INIT_FILE="")" end (Real time : 0s CPU user time : 1s CPU sys time : 0s MEM : 372736KB)
INFO     : ... Hierarchical pre-synthesis "fifo_with_read(DATA_WIDTH=32'b011011101)" begin

INFO     : ... Hierarchical pre-synthesis "fifo_with_read(DATA_WIDTH=32'b011011101)" end (Real time : 0s CPU user time : 1s CPU sys time : 0s MEM : 372736KB)
INFO     : ... Hierarchical pre-synthesis "la_biu(CAPTURE_WIDTH=32'b011011100)" begin

INFO     : ... Hierarchical pre-synthesis "la_biu(CAPTURE_WIDTH=32'b011011100)" end (Real time : 0s CPU user time : 1s CPU sys time : 0s MEM : 372736KB)
INFO     : ... Hierarchical pre-synthesis "edb_la_top_renamed_due_excessive_length_1" begin

INFO     : ... Hierarchical pre-synthesis "edb_la_top_renamed_due_excessive_length_1" end (Real time : 1s CPU user time : 2s CPU sys time : 0s MEM : 372736KB)
INFO     : ... Hierarchical pre-synthesis "debug_hub" begin

INFO     : ... Hierarchical pre-synthesis "debug_hub" end (Real time : 0s CPU user time : 2s CPU sys time : 0s MEM : 372736KB)
INFO     : ... Hierarchical pre-synthesis "edb_top" begin

INFO     : ... Clock Enable Synthesis Performed on 129 flops.

INFO     : ... Hierarchical pre-synthesis "edb_top" end (Real time : 0s CPU user time : 3s CPU sys time : 0s MEM : 372736KB)

INFO     : ... Flat optimizations begin

INFO     : ... Flat optimizations end (Real time : 0s CPU user time : 3s CPU sys time : 0s MEM : 372736KB)

INFO     : ... Flat synthesis begin

INFO     : ... Flat synthesis end (Real time : 0s CPU user time : 3s CPU sys time : 0s MEM : 372736KB)

INFO     : ... Flat optimizations begin

INFO     : ... Flat optimizations end (Real time : 0s CPU user time : 3s CPU sys time : 0s MEM : 372736KB)
INFO     : ... Check and break combinational loops begin

INFO     : ... Check and break combinational loops end (Real time : 0s CPU user time : 3s CPU sys time : 0s MEM : 372736KB)

INFO     : ... Sequential Optimization begin

INFO     : ... Clock Network 'la0_clk' with 1827 loads will be considered for sequential optimization.

INFO     : ... Clock Network 'bscan_TCK' with 937 loads will be considered for sequential optimization.

INFO     : ... Sequential Optimization deduced 186 equivalent points.

INFO     : ... Sequential Optimization end (Real time : 11s CPU user time : 14s CPU sys time : 0s MEM : 372736KB)
INFO     : ... Setup for logic synthesis begin

INFO     : ... Setup for logic synthesis end (Real time : 0s CPU user time : 14s CPU sys time : 0s MEM : 372736KB)
INFO     : ... LUT mapping begin

INFO     : ... LS, strategy: 3, nd: 2202, ed: 7048, lv: 8, pw: 4277.90
INFO     : ... LUT mapping end (Real time : 9s CPU user time : 24s CPU sys time : 0s MEM : 372736KB)
INFO     : ... Post-synthesis Verific netlist creation begin

INFO     : ... Post-synthesis Verific netlist creation end (Real time : 0s CPU user time : 24s CPU sys time : 0s MEM : 372736KB)

INFO     : ... Postmap Retiming Optimization begin

INFO     : ... Clock Network 'la0_clk~la0_clk' with 1827 loads will be considered for retiming optimization.

INFO     : ... Clock Network 'bscan_TCK~bscan_TCK' with 937 loads will be considered for retiming optimization.

INFO     : ... Performed 0 retime moves.
INFO     : ... Postmap Retiming Optimization end (Real time : 9s CPU user time : 34s CPU sys time : 0s MEM : 372736KB)

INFO     : ***** Beginning VDB Netlist Checker ... *****
WARNING  : /home/olle/efinity_p2/BRAM/work_dbg/debug_top.v(13): Input/inout port bscan_DRCK is unconnected and will be removed. [VDB-8003]
WARNING  : /home/olle/efinity_p2/BRAM/work_dbg/debug_top.v(15): Input/inout port bscan_RUNTEST is unconnected and will be removed. [VDB-8003]
WARNING  : /home/olle/efinity_p2/BRAM/work_dbg/debug_top.v(20): Input/inout port bscan_TMS is unconnected and will be removed. [VDB-8003]

WARNING  : Found 3 warnings in the post-synthesis netlist.
INFO     : VDB Netlist Checker took 0.0170935 seconds.
INFO     : 	VDB Netlist Checker took 0.02 seconds (approximately) in total CPU time.
INFO     : VDB Netlist Checker virtual memory usage: begin = 303.192 MB, end = 303.192 MB, delta = 0 MB
INFO     : VDB Netlist Checker resident set memory usage: begin = 207.764 MB, end = 207.764 MB, delta = 0 MB
INFO     : 	VDB Netlist Checker peak resident set memory usage = 372.736 MB
INFO     : ***** Ending VDB Netlist Checker ... *****

INFO     : Resource Summary 
INFO     : =============================== 
INFO     : EFX_ADD         : 	152
INFO     : EFX_LUT4        : 	2187
INFO     : EFX_FF          : 	2755
INFO     : EFX_RAM_5K      : 	45
INFO     : EFX_GBUFCE      : 	2
INFO     : =============================== 

INFO     : The entire flow of EFX_MAP took 32.5762 seconds.
INFO     : 	The entire flow of EFX_MAP took 34.75 seconds (approximately) in total CPU time.
INFO     : The entire flow of EFX_MAP virtual memory usage: begin = 88.404 MB, end = 303.192 MB, delta = 214.788 MB
INFO     : The entire flow of EFX_MAP resident set memory usage: begin = 27.392 MB, end = 207.764 MB, delta = 180.372 MB
INFO     : 	The entire flow of EFX_MAP peak resident set memory usage = 372.736 MB

Wed August 20 25 20:29:56 - /home/olle/efinix/efinity/2025.1/bin/efx_map finished. Exit code = 0 Exit status : Normal

Debugger Step Compile Debugger Cores. Done

--------------------------------------------------------------

--------------------------------------------------------------

Start Debugger Step Merge User design with Debugger Cores.

Wed August 20 25 20:29:56 - /home/olle/efinix/efinity/2025.1/bin/efx_map  --family "Trion" --device "T20F169" --gen-mark-debug-json "0" --allow-const-ram-index "0" --blackbox-error "1" --blast_const_operand_adders "1" --bram_output_regs_packing "1" --bram-push-tco-outreg "0" --create-onehot-fsms "0" --fanout-limit "0" --hdl-compile-unit "1" --hdl-loop-limit "20000" --infer-clk-enable "3" --infer-sync-set-reset "1" --enable-mark-debug "1" --max_ram "-1" --max_mult "-1" --max-bit-blast-mem-size "10240" --min-sr-fanout "0" --min-ce-fanout "0" --mode "speed" --mult-auto-pipeline "0" --mult-decomp-retime "0" --operator-sharing "0" --optimize-adder-tree "0" --optimize-zero-init-rom "1" --peri-syn-instantiation "0" --peri-syn-inference "0" --ram-decomp-mode "0" --retiming "1" --seq_opt "1" --seq-opt-sync-only "0" --use-logic-for-small-mem "64" --use-logic-for-small-rom "64" --max_threads "-1" --mult_input_regs_packing "1" --mult_output_regs_packing "1" --I "/home/olle/efinity_p2/BRAM" --I "/home/olle/efinity_p2/BRAM/ip/BRAM_8192_bytes" --I "/home/olle/efinity_p2/BRAM/ip/micro_risc_v1" --root "top_level" --vdb "/home/olle/efinity_p2/BRAM/outflow/BRAM.elab.vdb" --vdb "/home/olle/efinity_p2/BRAM/work_dbg/debug_top.post.vdb" --write-efx-verilog "/home/olle/efinity_p2/BRAM/work_dbg/BRAM.dbg.map.v" --binary-db "/home/olle/efinity_p2/BRAM/work_dbg/BRAM.dbg.vdb" --merge_vdbs=1 --conn "/home/olle/efinity_p2/BRAM/debug_profile.wizard.json" --work-dir "/home/olle/efinity_p2/BRAM/work_dbg" --output-dir "/home/olle/efinity_p2/BRAM/outflow"

Wed August 20 25 20:29:56 - Running /home/olle/efinix/efinity/2025.1/bin/efx_map...

INFO     : Efinix FPGA Synthesis.
INFO     : Version: 2025.1.110.2.15
INFO     : Compiled: Jun 21 2025.
INFO     : 
INFO     : Copyright (C) 2013 - 2025 Efinix, Inc. All rights reserved.


INFO     : Analyzing Verilog file '/home/olle/efinix/efinity/2025.1/sim_models/maplib/efinix_peri_lib.v' [VERI-1482]

INFO     : /home/olle/efinix/efinity/2025.1/sim_models/maplib/efinix_peri_lib.v(8): compiling module 'EFX_IBUF' [VERI-1018]
INFO     : /home/olle/efinix/efinity/2025.1/sim_models/maplib/efinix_peri_lib.v(16): compiling module 'EFX_OBUF' [VERI-1018]
INFO     : /home/olle/efinix/efinity/2025.1/sim_models/maplib/efinix_peri_lib.v(23): compiling module 'EFX_IO_BUF' [VERI-1018]
INFO     : /home/olle/efinix/efinity/2025.1/sim_models/maplib/efinix_peri_lib.v(33): compiling module 'EFX_CLKOUT' [VERI-1018]
INFO     : /home/olle/efinix/efinity/2025.1/sim_models/maplib/efinix_peri_lib.v(41): compiling module 'EFX_IREG' [VERI-1018]
INFO     : /home/olle/efinix/efinity/2025.1/sim_models/maplib/efinix_peri_lib.v(51): compiling module 'EFX_OREG' [VERI-1018]
INFO     : /home/olle/efinix/efinity/2025.1/sim_models/maplib/efinix_peri_lib.v(60): compiling module 'EFX_IOREG' [VERI-1018]
INFO     : /home/olle/efinix/efinity/2025.1/sim_models/maplib/efinix_peri_lib.v(75): compiling module 'EFX_IDDIO' [VERI-1018]
INFO     : /home/olle/efinix/efinity/2025.1/sim_models/maplib/efinix_peri_lib.v(87): compiling module 'EFX_ODDIO' [VERI-1018]
INFO     : /home/olle/efinix/efinity/2025.1/sim_models/maplib/efinix_peri_lib.v(99): compiling module 'EFX_GPIO_V1' [VERI-1018]
INFO     : /home/olle/efinix/efinity/2025.1/sim_models/maplib/efinix_peri_lib.v(124): compiling module 'EFX_GPIO_V2' [VERI-1018]
INFO     : /home/olle/efinix/efinity/2025.1/sim_models/maplib/efinix_peri_lib.v(149): compiling module 'EFX_GPIO_V3' [VERI-1018]
INFO     : /home/olle/efinix/efinity/2025.1/sim_models/maplib/efinix_peri_lib.v(186): compiling module 'EFX_PLL_V1' [VERI-1018]
INFO     : /home/olle/efinix/efinity/2025.1/sim_models/maplib/efinix_peri_lib.v(205): compiling module 'EFX_PLL_V2' [VERI-1018]
INFO     : /home/olle/efinix/efinity/2025.1/sim_models/maplib/efinix_peri_lib.v(231): compiling module 'EFX_PLL_V3' [VERI-1018]
INFO     : /home/olle/efinix/efinity/2025.1/sim_models/maplib/efinix_peri_lib.v(279): compiling module 'EFX_OSC_V1' [VERI-1018]
INFO     : /home/olle/efinix/efinity/2025.1/sim_models/maplib/efinix_peri_lib.v(285): compiling module 'EFX_OSC_V3' [VERI-1018]
INFO     : /home/olle/efinix/efinity/2025.1/sim_models/maplib/efinix_peri_lib.v(294): compiling module 'EFX_FPLL_V1' [VERI-1018]
INFO     : /home/olle/efinix/efinity/2025.1/sim_models/maplib/efinix_peri_lib.v(348): compiling module 'EFX_JTAG_V1' [VERI-1018]
INFO     : /home/olle/efinix/efinity/2025.1/sim_models/maplib/efinix_peri_lib.v(357): compiling module 'EFX_JTAG_CTRL' [VERI-1018]
INFO     : /home/olle/efinix/efinity/2025.1/sim_models/maplib/efinix_peri_lib.v(364): compiling module 'EFX_LVDS_RX_V1' [VERI-1018]
INFO     : /home/olle/efinix/efinity/2025.1/sim_models/maplib/efinix_peri_lib.v(381): compiling module 'EFX_LVDS_TX_V1' [VERI-1018]
INFO     : /home/olle/efinix/efinity/2025.1/sim_models/maplib/efinix_peri_lib.v(399): compiling module 'EFX_LVDS_RX_V2' [VERI-1018]
INFO     : /home/olle/efinix/efinity/2025.1/sim_models/maplib/efinix_peri_lib.v(426): compiling module 'EFX_LVDS_TX_V2' [VERI-1018]
INFO     : /home/olle/efinix/efinity/2025.1/sim_models/maplib/efinix_peri_lib.v(446): compiling module 'EFX_LVDS_BIDIR_V2' [VERI-1018]

INFO     : ... Setting Synthesis Option: mode=speed
INFO     : ***** Beginning Reading Mapping Library ... *****
INFO     : Analyzing Verilog file '/home/olle/efinix/efinity/2025.1/sim_models/maplib/efinix_maplib.v' [VERI-1482]

INFO     : /home/olle/efinix/efinity/2025.1/sim_models/maplib/efinix_maplib.v(8): compiling module 'EFX_ADD' [VERI-1018]
INFO     : /home/olle/efinix/efinity/2025.1/sim_models/maplib/efinix_maplib.v(21): compiling module 'EFX_FF' [VERI-1018]
INFO     : /home/olle/efinix/efinity/2025.1/sim_models/maplib/efinix_maplib.v(38): compiling module 'EFX_COMB4' [VERI-1018]
INFO     : /home/olle/efinix/efinity/2025.1/sim_models/maplib/efinix_maplib.v(48): compiling module 'EFX_GBUFCE' [VERI-1018]
INFO     : /home/olle/efinix/efinity/2025.1/sim_models/maplib/efinix_maplib.v(57): compiling module 'EFX_LUT4' [VERI-1018]
INFO     : /home/olle/efinix/efinity/2025.1/sim_models/maplib/efinix_maplib.v(65): compiling module 'EFX_MULT' [VERI-1018]
INFO     : /home/olle/efinix/efinity/2025.1/sim_models/maplib/efinix_maplib.v(100): compiling module 'EFX_DSP48' [VERI-1018]
INFO     : /home/olle/efinix/efinity/2025.1/sim_models/maplib/efinix_maplib.v(156): compiling module 'EFX_DSP24' [VERI-1018]
INFO     : /home/olle/efinix/efinity/2025.1/sim_models/maplib/efinix_maplib.v(209): compiling module 'EFX_DSP12' [VERI-1018]
INFO     : /home/olle/efinix/efinity/2025.1/sim_models/maplib/efinix_maplib.v(262): compiling module 'EFX_RAM_4K' [VERI-1018]
INFO     : /home/olle/efinix/efinity/2025.1/sim_models/maplib/efinix_maplib.v(322): compiling module 'EFX_RAM_5K' [VERI-1018]
INFO     : /home/olle/efinix/efinity/2025.1/sim_models/maplib/efinix_maplib.v(394): compiling module 'EFX_DPRAM_5K' [VERI-1018]
INFO     : /home/olle/efinix/efinity/2025.1/sim_models/maplib/efinix_maplib.v(499): compiling module 'RAMB5' [VERI-1018]
INFO     : /home/olle/efinix/efinity/2025.1/sim_models/maplib/efinix_maplib.v(561): compiling module 'EFX_RAM_10K' [VERI-1018]
INFO     : /home/olle/efinix/efinity/2025.1/sim_models/maplib/efinix_maplib.v(653): compiling module 'EFX_RAM10' [VERI-1018]
INFO     : /home/olle/efinix/efinity/2025.1/sim_models/maplib/efinix_maplib.v(754): compiling module 'EFX_DPRAM10' [VERI-1018]
INFO     : /home/olle/efinix/efinity/2025.1/sim_models/maplib/efinix_maplib.v(884): compiling module 'EFX_SRL8' [VERI-1018]
INFO     : Reading Mapping Library took 0.0116602 seconds.
INFO     : 	Reading Mapping Library took 0.01 seconds (approximately) in total CPU time.
INFO     : Reading Mapping Library virtual memory usage: begin = 169.108 MB, end = 169.108 MB, delta = 0 MB
INFO     : Reading Mapping Library resident set memory usage: begin = 116.864 MB, end = 117.376 MB, delta = 0.512 MB
INFO     : 	Reading Mapping Library peak resident set memory usage = 372.736 MB
INFO     : ***** Ending Reading Mapping Library ... *****

INFO     : ... Pre-synthesis checks begin
WARNING  : The primary output port 'led2' wire 'led2' is not driven. [EFX-0256]
WARNING  : The primary output port 'mdc' wire 'mdc' is not driven. [EFX-0256]
WARNING  : The primary output port 'mdio_o' wire 'mdio_o' is not driven. [EFX-0256]
WARNING  : The primary output port 'mdio_oe' wire 'mdio_oe' is not driven. [EFX-0256]
WARNING  : The primary output port 'CAM0_EN' wire 'CAM0_EN' is not driven. [EFX-0256]
WARNING  : The primary output port 'CAM1_EN' wire 'CAM1_EN' is not driven. [EFX-0256]
WARNING  : The primary output port 'RJ45_led' wire 'RJ45_led' is not driven. [EFX-0256]
WARNING  : Removing redundant signal : io_cpu_prefetch_isValid. (/home/olle/efinity_p2/BRAM/ip/micro_risc_v1/micro_risc_v1.v:12221) [EFX-0200]
WARNING  : Removing redundant signal : io_cpu_prefetch_pc[31]. (/home/olle/efinity_p2/BRAM/ip/micro_risc_v1/micro_risc_v1.v:12223) [EFX-0200]
WARNING  : Removing redundant signal : io_cpu_prefetch_pc[30]. (/home/olle/efinity_p2/BRAM/ip/micro_risc_v1/micro_risc_v1.v:12223) [EFX-0200]
WARNING  : Removing redundant signal : io_cpu_prefetch_pc[29]. (/home/olle/efinity_p2/BRAM/ip/micro_risc_v1/micro_risc_v1.v:12223) [EFX-0200]
WARNING  : Removing redundant signal : io_cpu_prefetch_pc[28]. (/home/olle/efinity_p2/BRAM/ip/micro_risc_v1/micro_risc_v1.v:12223) [EFX-0200]
WARNING  : Removing redundant signal : io_cpu_prefetch_pc[27]. (/home/olle/efinity_p2/BRAM/ip/micro_risc_v1/micro_risc_v1.v:12223) [EFX-0200]
WARNING  : Removing redundant signal : io_cpu_prefetch_pc[26]. (/home/olle/efinity_p2/BRAM/ip/micro_risc_v1/micro_risc_v1.v:12223) [EFX-0200]
WARNING  : Removing redundant signal : io_cpu_prefetch_pc[25]. (/home/olle/efinity_p2/BRAM/ip/micro_risc_v1/micro_risc_v1.v:12223) [EFX-0200]
WARNING  : Removing redundant signal : io_cpu_prefetch_pc[24]. (/home/olle/efinity_p2/BRAM/ip/micro_risc_v1/micro_risc_v1.v:12223) [EFX-0200]
WARNING  : Removing redundant signal : io_cpu_prefetch_pc[23]. (/home/olle/efinity_p2/BRAM/ip/micro_risc_v1/micro_risc_v1.v:12223) [EFX-0200]
WARNING  : Removing redundant signal : io_cpu_prefetch_pc[22]. (/home/olle/efinity_p2/BRAM/ip/micro_risc_v1/micro_risc_v1.v:12223) [EFX-0200]
WARNING  : Removing redundant signal : io_cpu_prefetch_pc[21]. (/home/olle/efinity_p2/BRAM/ip/micro_risc_v1/micro_risc_v1.v:12223) [EFX-0200]
WARNING  : Removing redundant signal : io_cpu_prefetch_pc[20]. (/home/olle/efinity_p2/BRAM/ip/micro_risc_v1/micro_risc_v1.v:12223) [EFX-0200]
WARNING  : Removing redundant signal : io_cpu_prefetch_pc[19]. (/home/olle/efinity_p2/BRAM/ip/micro_risc_v1/micro_risc_v1.v:12223) [EFX-0200]
WARNING  : Removing redundant signal : io_cpu_prefetch_pc[18]. (/home/olle/efinity_p2/BRAM/ip/micro_risc_v1/micro_risc_v1.v:12223) [EFX-0200]
WARNING  : Removing redundant signal : io_cpu_prefetch_pc[17]. (/home/olle/efinity_p2/BRAM/ip/micro_risc_v1/micro_risc_v1.v:12223) [EFX-0200]
WARNING  : Removing redundant signal : io_cpu_prefetch_pc[16]. (/home/olle/efinity_p2/BRAM/ip/micro_risc_v1/micro_risc_v1.v:12223) [EFX-0200]
WARNING  : Removing redundant signal : io_cpu_prefetch_pc[15]. (/home/olle/efinity_p2/BRAM/ip/micro_risc_v1/micro_risc_v1.v:12223) [EFX-0200]
WARNING  : Removing redundant signal : io_cpu_prefetch_pc[14]. (/home/olle/efinity_p2/BRAM/ip/micro_risc_v1/micro_risc_v1.v:12223) [EFX-0200]
WARNING  : Removing redundant signal : io_cpu_prefetch_pc[13]. (/home/olle/efinity_p2/BRAM/ip/micro_risc_v1/micro_risc_v1.v:12223) [EFX-0200]
WARNING  : (The above message was generated too many times, subsequent similar messages will be muted.) [EFX-0200]
INFO     : ... Memory 'banks_0' is not initialized, assuming empty initial contents. (/home/olle/efinity_p2/BRAM/ip/micro_risc_v1/micro_risc_v1.v:12325) [EFX-0677]
INFO     : ... Memory 'ways_0_tags' is not initialized, assuming empty initial contents. (/home/olle/efinity_p2/BRAM/ip/micro_risc_v1/micro_risc_v1.v:12326) [EFX-0677]
INFO     : ... Memory 'ways_0_tags' is not initialized, assuming empty initial contents. (/home/olle/efinity_p2/BRAM/ip/micro_risc_v1/micro_risc_v1.v:11579) [EFX-0677]
INFO     : ... Memory 'ways_0_data_symbol0' is not initialized, assuming empty initial contents. (/home/olle/efinity_p2/BRAM/ip/micro_risc_v1/micro_risc_v1.v:11580) [EFX-0677]
INFO     : ... Memory 'ways_0_data_symbol1' is not initialized, assuming empty initial contents. (/home/olle/efinity_p2/BRAM/ip/micro_risc_v1/micro_risc_v1.v:11581) [EFX-0677]
INFO     : ... Memory 'ways_0_data_symbol2' is not initialized, assuming empty initial contents. (/home/olle/efinity_p2/BRAM/ip/micro_risc_v1/micro_risc_v1.v:11582) [EFX-0677]
INFO     : ... Memory 'ways_0_data_symbol3' is not initialized, assuming empty initial contents. (/home/olle/efinity_p2/BRAM/ip/micro_risc_v1/micro_risc_v1.v:11583) [EFX-0677]

WARNING  : Re-wiring to GND non-driven net 'IBusCachedPlugin_cache_io_cpu_fetch_isRemoved'. (/home/olle/efinity_p2/BRAM/ip/micro_risc_v1/micro_risc_v1.v:5832) [EFX-0201]
WARNING  : Re-wiring to GND non-driven net 'dataCache_1_io_cpu_writeBack_fence_SW'. (/home/olle/efinity_p2/BRAM/ip/micro_risc_v1/micro_risc_v1.v:5845) [EFX-0201]
WARNING  : Re-wiring to GND non-driven net 'dataCache_1_io_cpu_writeBack_fence_SR'. (/home/olle/efinity_p2/BRAM/ip/micro_risc_v1/micro_risc_v1.v:5846) [EFX-0201]
WARNING  : Re-wiring to GND non-driven net 'dataCache_1_io_cpu_writeBack_fence_SO'. (/home/olle/efinity_p2/BRAM/ip/micro_risc_v1/micro_risc_v1.v:5847) [EFX-0201]
WARNING  : Re-wiring to GND non-driven net 'dataCache_1_io_cpu_writeBack_fence_SI'. (/home/olle/efinity_p2/BRAM/ip/micro_risc_v1/micro_risc_v1.v:5848) [EFX-0201]
WARNING  : Re-wiring to GND non-driven net 'dataCache_1_io_cpu_writeBack_fence_PW'. (/home/olle/efinity_p2/BRAM/ip/micro_risc_v1/micro_risc_v1.v:5849) [EFX-0201]
WARNING  : Re-wiring to GND non-driven net 'dataCache_1_io_cpu_writeBack_fence_PR'. (/home/olle/efinity_p2/BRAM/ip/micro_risc_v1/micro_risc_v1.v:5850) [EFX-0201]
WARNING  : Re-wiring to GND non-driven net 'dataCache_1_io_cpu_writeBack_fence_PO'. (/home/olle/efinity_p2/BRAM/ip/micro_risc_v1/micro_risc_v1.v:5851) [EFX-0201]
WARNING  : Re-wiring to GND non-driven net 'dataCache_1_io_cpu_writeBack_fence_PI'. (/home/olle/efinity_p2/BRAM/ip/micro_risc_v1/micro_risc_v1.v:5852) [EFX-0201]
WARNING  : Re-wiring to GND non-driven net 'dataCache_1_io_cpu_writeBack_fence_FM[3]'. (/home/olle/efinity_p2/BRAM/ip/micro_risc_v1/micro_risc_v1.v:5853) [EFX-0201]
WARNING  : (The above message was generated too many times, subsequent similar messages will be muted.) [EFX-0201]
INFO     : ... Memory 'RegFilePlugin_regFile' is not initialized, assuming empty initial contents. (/home/olle/efinity_p2/BRAM/ip/micro_risc_v1/micro_risc_v1.v:6995) [EFX-0677]
INFO     : ... Memory 'logic_progbufX_mem' is not initialized, assuming empty initial contents. (/home/olle/efinity_p2/BRAM/ip/micro_risc_v1/micro_risc_v1.v:4949) [EFX-0677]
INFO     : Module Instance 'memory_arbiter' input pin 'io_inputs_0_payload_fragment_source[0]' is tied to constant (=0). [EFX-0266]
INFO     : Module Instance 'memory_arbiter' input pin 'io_inputs_1_payload_fragment_source[0]' is tied to constant (=0). [EFX-0266]
INFO     : Module Instance 'memory_arbiter' input pin 'io_inputs_1_payload_fragment_context[0]' is tied to constant (=0). [EFX-0266]
INFO     : Module Instance 'tx' input pin 'io_cts' is tied to constant (=0). [EFX-0266]
INFO     : ... Memory 'logic_ram' is not initialized, assuming empty initial contents. (/home/olle/efinity_p2/BRAM/ip/micro_risc_v1/micro_risc_v1.v:10857) [EFX-0677]
INFO     : Module Instance 'bridge_write_streamUnbuffered_queueWithOccupancy' input pin 'io_flush' is tied to constant (=0). [EFX-0266]
INFO     : Module Instance 'uartCtrl_1_io_read_queueWithOccupancy' input pin 'io_flush' is tied to constant (=0). [EFX-0266]
INFO     : Module Instance 'system_bridge_bmb_arbiter' input pin 'io_inputs_1_cmd_payload_fragment_data[0]' is tied to constant (=0). [EFX-0266]
INFO     : Module Instance 'system_bridge_bmb_arbiter' input pin 'io_inputs_1_cmd_payload_fragment_data[1]' is tied to constant (=0). [EFX-0266]
INFO     : Module Instance 'system_bridge_bmb_arbiter' input pin 'io_inputs_1_cmd_payload_fragment_data[2]' is tied to constant (=0). [EFX-0266]
INFO     : Module Instance 'system_bridge_bmb_arbiter' input pin 'io_inputs_1_cmd_payload_fragment_data[3]' is tied to constant (=0). [EFX-0266]
INFO     : Module Instance 'system_bridge_bmb_arbiter' input pin 'io_inputs_1_cmd_payload_fragment_data[4]' is tied to constant (=0). [EFX-0266]
INFO     : Module Instance 'system_bridge_bmb_arbiter' input pin 'io_inputs_1_cmd_payload_fragment_data[5]' is tied to constant (=0). [EFX-0266]
INFO     : Module Instance 'system_bridge_bmb_arbiter' input pin 'io_inputs_1_cmd_payload_fragment_data[6]' is tied to constant (=0). [EFX-0266]
INFO     : Module Instance 'system_bridge_bmb_arbiter' input pin 'io_inputs_1_cmd_payload_fragment_data[7]' is tied to constant (=0). [EFX-0266]
INFO     : Module Instance 'system_bridge_bmb_arbiter' input pin 'io_inputs_1_cmd_payload_fragment_data[8]' is tied to constant (=0). [EFX-0266]
INFO     : Module Instance 'system_bridge_bmb_arbiter' input pin 'io_inputs_1_cmd_payload_fragment_data[9]' is tied to constant (=0). [EFX-0266]
INFO     : Module Instance 'system_bridge_bmb_arbiter' input pin 'io_inputs_1_cmd_payload_fragment_data[10]' is tied to constant (=0). [EFX-0266]
INFO     : Module Instance 'system_bridge_bmb_arbiter' input pin 'io_inputs_1_cmd_payload_fragment_data[11]' is tied to constant (=0). [EFX-0266]
INFO     : Module Instance 'system_bridge_bmb_arbiter' input pin 'io_inputs_1_cmd_payload_fragment_data[12]' is tied to constant (=0). [EFX-0266]
INFO     : Module Instance 'system_bridge_bmb_arbiter' input pin 'io_inputs_1_cmd_payload_fragment_data[13]' is tied to constant (=0). [EFX-0266]
INFO     : Module Instance 'system_bridge_bmb_arbiter' input pin 'io_inputs_1_cmd_payload_fragment_data[14]' is tied to constant (=0). [EFX-0266]
INFO     : Module Instance 'system_bridge_bmb_arbiter' input pin 'io_inputs_1_cmd_payload_fragment_data[15]' is tied to constant (=0). [EFX-0266]
INFO     : Module Instance 'system_bridge_bmb_arbiter' input pin 'io_inputs_1_cmd_payload_fragment_data[16]' is tied to constant (=0). [EFX-0266]
INFO     : Module Instance 'system_bridge_bmb_arbiter' input pin 'io_inputs_1_cmd_payload_fragment_data[17]' is tied to constant (=0). [EFX-0266]
INFO     : Module Instance 'system_bridge_bmb_arbiter' input pin 'io_inputs_1_cmd_payload_fragment_data[18]' is tied to constant (=0). [EFX-0266]
INFO     : Module Instance 'system_bridge_bmb_arbiter' input pin 'io_inputs_1_cmd_payload_fragment_data[19]' is tied to constant (=0). [EFX-0266]
INFO     : Module Instance 'system_bridge_bmb_arbiter' input pin 'io_inputs_1_cmd_payload_fragment_data[20]' is tied to constant (=0). [EFX-0266]
INFO     : Module Instance 'system_bridge_bmb_arbiter' input pin 'io_inputs_1_cmd_payload_fragment_data[21]' is tied to constant (=0). [EFX-0266]
INFO     : Module Instance 'system_bridge_bmb_arbiter' input pin 'io_inputs_1_cmd_payload_fragment_data[22]' is tied to constant (=0). [EFX-0266]
INFO     : Module Instance 'system_bridge_bmb_arbiter' input pin 'io_inputs_1_cmd_payload_fragment_data[23]' is tied to constant (=0). [EFX-0266]
INFO     : Module Instance 'system_bridge_bmb_arbiter' input pin 'io_inputs_1_cmd_payload_fragment_data[24]' is tied to constant (=0). [EFX-0266]
INFO     : Module Instance 'system_bridge_bmb_arbiter' input pin 'io_inputs_1_cmd_payload_fragment_data[25]' is tied to constant (=0). [EFX-0266]
INFO     : Module Instance 'system_bridge_bmb_arbiter' input pin 'io_inputs_1_cmd_payload_fragment_data[26]' is tied to constant (=0). [EFX-0266]
INFO     : Module Instance 'system_bridge_bmb_arbiter' input pin 'io_inputs_1_cmd_payload_fragment_data[27]' is tied to constant (=0). [EFX-0266]
INFO     : Module Instance 'system_bridge_bmb_arbiter' input pin 'io_inputs_1_cmd_payload_fragment_data[28]' is tied to constant (=0). [EFX-0266]
INFO     : Module Instance 'system_bridge_bmb_arbiter' input pin 'io_inputs_1_cmd_payload_fragment_data[29]' is tied to constant (=0). [EFX-0266]
INFO     : Module Instance 'system_bridge_bmb_arbiter' input pin 'io_inputs_1_cmd_payload_fragment_data[30]' is tied to constant (=0). [EFX-0266]
INFO     : Module Instance 'system_bridge_bmb_arbiter' input pin 'io_inputs_1_cmd_payload_fragment_data[31]' is tied to constant (=0). [EFX-0266]
INFO     : Module Instance 'system_bridge_bmb_arbiter' input pin 'io_inputs_1_cmd_payload_fragment_mask[0]' is tied to constant (=0). [EFX-0266]
INFO     : Module Instance 'system_bridge_bmb_arbiter' input pin 'io_inputs_1_cmd_payload_fragment_mask[1]' is tied to constant (=0). [EFX-0266]
INFO     : Module Instance 'system_bridge_bmb_arbiter' input pin 'io_inputs_1_cmd_payload_fragment_mask[2]' is tied to constant (=0). [EFX-0266]
INFO     : Module Instance 'system_bridge_bmb_arbiter' input pin 'io_inputs_1_cmd_payload_fragment_mask[3]' is tied to constant (=0). [EFX-0266]

INFO     : Module Instance 'u_micro_risc_v1' input pin 'jtagCtrl_enable' is tied to constant (=1). [EFX-0266]
INFO     : ... Pre-synthesis checks end (Real time : 0s CPU user time : 0s CPU sys time : 0s MEM : 372736KB)
INFO     : ... NameSpace init begin
INFO     : ... NameSpace init end (Real time : 0s CPU user time : 0s CPU sys time : 0s MEM : 372736KB)
INFO     : ... Mapping design "top_level"
INFO     : ... Hierarchical pre-synthesis "InstructionCache_2fa2c88f3c1f4868ba7cd09620d007ba" begin

INFO     : ... Hierarchical pre-synthesis "InstructionCache_2fa2c88f3c1f4868ba7cd09620d007ba" end (Real time : 0s CPU user time : 0s CPU sys time : 0s MEM : 372736KB)
INFO     : ... Hierarchical pre-synthesis "DataCache_2fa2c88f3c1f4868ba7cd09620d007ba" begin

INFO     : ... Hierarchical pre-synthesis "DataCache_2fa2c88f3c1f4868ba7cd09620d007ba" end (Real time : 0s CPU user time : 0s CPU sys time : 0s MEM : 372736KB)
INFO     : ... Hierarchical pre-synthesis "BufferCC_2fa2c88f3c1f4868ba7cd09620d007ba" begin
INFO     : ... Hierarchical pre-synthesis "BufferCC_2fa2c88f3c1f4868ba7cd09620d007ba" end (Real time : 0s CPU user time : 0s CPU sys time : 0s MEM : 372736KB)
INFO     : ... Hierarchical pre-synthesis "EfxCPUSp1_2fa2c88f3c1f4868ba7cd09620d007ba" begin

INFO     : ... Hierarchical pre-synthesis "EfxCPUSp1_2fa2c88f3c1f4868ba7cd09620d007ba" end (Real time : 0s CPU user time : 0s CPU sys time : 0s MEM : 372736KB)
INFO     : ... Hierarchical pre-synthesis "VexRiscv_2fa2c88f3c1f4868ba7cd09620d007ba" begin

INFO     : ... Hierarchical pre-synthesis "VexRiscv_2fa2c88f3c1f4868ba7cd09620d007ba" end (Real time : 0s CPU user time : 1s CPU sys time : 0s MEM : 372736KB)
INFO     : ... Hierarchical pre-synthesis "DebugModule_2fa2c88f3c1f4868ba7cd09620d007ba" begin

INFO     : ... Hierarchical pre-synthesis "DebugModule_2fa2c88f3c1f4868ba7cd09620d007ba" end (Real time : 0s CPU user time : 1s CPU sys time : 0s MEM : 372736KB)
INFO     : ... Hierarchical pre-synthesis "BufferCC_5_2fa2c88f3c1f4868ba7cd09620d007ba" begin
INFO     : ... Hierarchical pre-synthesis "BufferCC_5_2fa2c88f3c1f4868ba7cd09620d007ba" end (Real time : 0s CPU user time : 1s CPU sys time : 0s MEM : 372736KB)
INFO     : ... Hierarchical pre-synthesis "BufferCC_6_2fa2c88f3c1f4868ba7cd09620d007ba" begin
INFO     : ... Hierarchical pre-synthesis "BufferCC_6_2fa2c88f3c1f4868ba7cd09620d007ba" end (Real time : 0s CPU user time : 1s CPU sys time : 0s MEM : 372736KB)
INFO     : ... Hierarchical pre-synthesis "BufferCC_8_2fa2c88f3c1f4868ba7cd09620d007ba" begin
INFO     : ... Hierarchical pre-synthesis "BufferCC_8_2fa2c88f3c1f4868ba7cd09620d007ba" end (Real time : 0s CPU user time : 1s CPU sys time : 0s MEM : 372736KB)
INFO     : ... Hierarchical pre-synthesis "BufferCC_1_2fa2c88f3c1f4868ba7cd09620d007ba" begin
INFO     : ... Hierarchical pre-synthesis "BufferCC_1_2fa2c88f3c1f4868ba7cd09620d007ba" end (Real time : 0s CPU user time : 1s CPU sys time : 0s MEM : 372736KB)
INFO     : ... Hierarchical pre-synthesis "FlowCCByToggle_2fa2c88f3c1f4868ba7cd09620d007ba" begin

INFO     : ... Hierarchical pre-synthesis "FlowCCByToggle_2fa2c88f3c1f4868ba7cd09620d007ba" end (Real time : 0s CPU user time : 1s CPU sys time : 0s MEM : 372736KB)
INFO     : ... Hierarchical pre-synthesis "BufferCC_2_2fa2c88f3c1f4868ba7cd09620d007ba" begin
INFO     : ... Hierarchical pre-synthesis "BufferCC_2_2fa2c88f3c1f4868ba7cd09620d007ba" end (Real time : 0s CPU user time : 1s CPU sys time : 0s MEM : 372736KB)
INFO     : ... Hierarchical pre-synthesis "BufferCC_3_2fa2c88f3c1f4868ba7cd09620d007ba" begin
INFO     : ... Hierarchical pre-synthesis "BufferCC_3_2fa2c88f3c1f4868ba7cd09620d007ba" end (Real time : 0s CPU user time : 1s CPU sys time : 0s MEM : 372736KB)
INFO     : ... Hierarchical pre-synthesis "FlowCCByToggle_1_2fa2c88f3c1f4868ba7cd09620d007ba" begin
INFO     : ... Hierarchical pre-synthesis "FlowCCByToggle_1_2fa2c88f3c1f4868ba7cd09620d007ba" end (Real time : 0s CPU user time : 1s CPU sys time : 0s MEM : 372736KB)
INFO     : ... Hierarchical pre-synthesis "DebugTransportModuleTunneled_2fa2c88f3c1f4868ba7cd09620d007ba" begin

INFO     : ... Hierarchical pre-synthesis "DebugTransportModuleTunneled_2fa2c88f3c1f4868ba7cd09620d007ba" end (Real time : 0s CPU user time : 1s CPU sys time : 0s MEM : 372736KB)
INFO     : ... Hierarchical pre-synthesis "BmbDecoder_2fa2c88f3c1f4868ba7cd09620d007ba" begin
INFO     : ... Hierarchical pre-synthesis "BmbDecoder_2fa2c88f3c1f4868ba7cd09620d007ba" end (Real time : 0s CPU user time : 1s CPU sys time : 0s MEM : 372736KB)
INFO     : ... Hierarchical pre-synthesis "StreamArbiter_2fa2c88f3c1f4868ba7cd09620d007ba" begin
INFO     : ... Hierarchical pre-synthesis "StreamArbiter_2fa2c88f3c1f4868ba7cd09620d007ba" end (Real time : 0s CPU user time : 1s CPU sys time : 0s MEM : 372736KB)
INFO     : ... Hierarchical pre-synthesis "BmbArbiter_2fa2c88f3c1f4868ba7cd09620d007ba" begin
INFO     : ... Hierarchical pre-synthesis "BmbArbiter_2fa2c88f3c1f4868ba7cd09620d007ba" end (Real time : 0s CPU user time : 1s CPU sys time : 0s MEM : 372736KB)
INFO     : ... Hierarchical pre-synthesis "BmbDecoder_1_2fa2c88f3c1f4868ba7cd09620d007ba" begin

INFO     : ... Hierarchical pre-synthesis "BmbDecoder_1_2fa2c88f3c1f4868ba7cd09620d007ba" end (Real time : 0s CPU user time : 1s CPU sys time : 0s MEM : 372736KB)
INFO     : ... Hierarchical pre-synthesis "BmbOnChipRam_2fa2c88f3c1f4868ba7cd09620d007ba" begin
INFO     : ... Hierarchical pre-synthesis "BmbOnChipRam_2fa2c88f3c1f4868ba7cd09620d007ba" end (Real time : 0s CPU user time : 1s CPU sys time : 0s MEM : 372736KB)
INFO     : ... Hierarchical pre-synthesis "BmbUnburstify_2fa2c88f3c1f4868ba7cd09620d007ba" begin

INFO     : ... Hierarchical pre-synthesis "BmbUnburstify_2fa2c88f3c1f4868ba7cd09620d007ba" end (Real time : 0s CPU user time : 1s CPU sys time : 0s MEM : 372736KB)
INFO     : ... Hierarchical pre-synthesis "BmbDecoder_2_2fa2c88f3c1f4868ba7cd09620d007ba" begin

INFO     : ... Hierarchical pre-synthesis "BmbDecoder_2_2fa2c88f3c1f4868ba7cd09620d007ba" end (Real time : 0s CPU user time : 1s CPU sys time : 0s MEM : 372736KB)
INFO     : ... Hierarchical pre-synthesis "BmbClint_2fa2c88f3c1f4868ba7cd09620d007ba" begin

INFO     : ... Hierarchical pre-synthesis "BmbClint_2fa2c88f3c1f4868ba7cd09620d007ba" end (Real time : 0s CPU user time : 1s CPU sys time : 0s MEM : 372736KB)
INFO     : ... Hierarchical pre-synthesis "UartCtrlTx_2fa2c88f3c1f4868ba7cd09620d007ba" begin

INFO     : ... Hierarchical pre-synthesis "UartCtrlTx_2fa2c88f3c1f4868ba7cd09620d007ba" end (Real time : 0s CPU user time : 1s CPU sys time : 0s MEM : 372736KB)
INFO     : ... Hierarchical pre-synthesis "BufferCC_4_2fa2c88f3c1f4868ba7cd09620d007ba" begin
INFO     : ... Hierarchical pre-synthesis "BufferCC_4_2fa2c88f3c1f4868ba7cd09620d007ba" end (Real time : 0s CPU user time : 1s CPU sys time : 0s MEM : 372736KB)
INFO     : ... Hierarchical pre-synthesis "UartCtrlRx_2fa2c88f3c1f4868ba7cd09620d007ba" begin

INFO     : ... Hierarchical pre-synthesis "UartCtrlRx_2fa2c88f3c1f4868ba7cd09620d007ba" end (Real time : 0s CPU user time : 1s CPU sys time : 0s MEM : 372736KB)
INFO     : ... Hierarchical pre-synthesis "UartCtrl_2fa2c88f3c1f4868ba7cd09620d007ba" begin

INFO     : ... Hierarchical pre-synthesis "UartCtrl_2fa2c88f3c1f4868ba7cd09620d007ba" end (Real time : 0s CPU user time : 1s CPU sys time : 0s MEM : 372736KB)
INFO     : ... Hierarchical pre-synthesis "StreamFifo_2fa2c88f3c1f4868ba7cd09620d007ba" begin
INFO     : ... Hierarchical pre-synthesis "StreamFifo_2fa2c88f3c1f4868ba7cd09620d007ba" end (Real time : 0s CPU user time : 1s CPU sys time : 0s MEM : 372736KB)
INFO     : ... Hierarchical pre-synthesis "BmbUartCtrl_2fa2c88f3c1f4868ba7cd09620d007ba" begin

INFO     : ... Hierarchical pre-synthesis "BmbUartCtrl_2fa2c88f3c1f4868ba7cd09620d007ba" end (Real time : 1s CPU user time : 1s CPU sys time : 0s MEM : 372736KB)
INFO     : ... Hierarchical pre-synthesis "BmbGpio2_2fa2c88f3c1f4868ba7cd09620d007ba" begin

INFO     : ... Hierarchical pre-synthesis "BmbGpio2_2fa2c88f3c1f4868ba7cd09620d007ba" end (Real time : 0s CPU user time : 1s CPU sys time : 0s MEM : 372736KB)
INFO     : ... Hierarchical pre-synthesis "EfxSapphireSoc_2fa2c88f3c1f4868ba7cd09620d007ba" begin

INFO     : ... Hierarchical pre-synthesis "EfxSapphireSoc_2fa2c88f3c1f4868ba7cd09620d007ba" end (Real time : 0s CPU user time : 2s CPU sys time : 0s MEM : 372736KB)
INFO     : ... Hierarchical pre-synthesis "micro_risc_v1" begin

INFO     : ... Hierarchical pre-synthesis "micro_risc_v1" end (Real time : 1s CPU user time : 2s CPU sys time : 0s MEM : 372736KB)
INFO     : ... Hierarchical pre-synthesis "rmii_udp_tx_top" begin

INFO     : ... Hierarchical pre-synthesis "rmii_udp_tx_top" end (Real time : 0s CPU user time : 3s CPU sys time : 0s MEM : 372736KB)
INFO     : ... Hierarchical pre-synthesis "edb_top" begin

INFO     : ... Hierarchical pre-synthesis "edb_top" end (Real time : 0s CPU user time : 3s CPU sys time : 0s MEM : 372736KB)
INFO     : ... Hierarchical pre-synthesis "top_level" begin

WARNING  : Mapping into logic memory block 'u_micro_risc_v1/u_EfxSapphireSoc/system_riscvJtag_debug_logic_dm/logic_progbufX_mem' (64 bits) (/home/olle/efinity_p2/BRAM/ip/micro_risc_v1/micro_risc_v1.v:4949) because size is too small (<=64) [EFX-0657]

INFO     : ... Clock Enable Synthesis Performed on 327 flops.

INFO     : ... Hierarchical pre-synthesis "top_level" end (Real time : 1s CPU user time : 4s CPU sys time : 0s MEM : 372736KB)

INFO     : ... Flat optimizations begin

INFO     : ... Flat optimizations end (Real time : 0s CPU user time : 4s CPU sys time : 0s MEM : 372736KB)

INFO     : ... Flat synthesis begin

INFO     : ... Flat synthesis end (Real time : 0s CPU user time : 4s CPU sys time : 0s MEM : 372736KB)

INFO     : ... Flat optimizations begin

INFO     : ... Flat optimizations end (Real time : 0s CPU user time : 5s CPU sys time : 0s MEM : 372736KB)

INFO     : ... Check and break combinational loops begin

INFO     : ... Check and break combinational loops end (Real time : 0s CPU user time : 5s CPU sys time : 0s MEM : 372736KB)

INFO     : ... Sequential Optimization begin

INFO     : ... Clock Network 'pll_clk' with 2314 loads will be considered for sequential optimization.

INFO     : ... Clock Network 'clk' with 1967 loads will be considered for sequential optimization.

INFO     : ... Clock Network 'jtag_inst1_TCK' with 930 loads will be considered for sequential optimization.

INFO     : ... Clock Network 'jtag_dummy_TCK' with 221 loads will be considered for sequential optimization.

INFO     : ... Sequential Optimization deduced 795 equivalent points.

INFO     : ... Sequential Optimization end (Real time : 22s CPU user time : 27s CPU sys time : 0s MEM : 372736KB)

INFO     : ... Setup for logic synthesis begin

INFO     : ... Setup for logic synthesis end (Real time : 0s CPU user time : 27s CPU sys time : 0s MEM : 372736KB)
INFO     : ... LUT mapping begin

INFO     : ... LS, strategy: 3, nd: 3339, ed: 11124, lv: 8, pw: 8872.34
INFO     : ... LUT mapping end (Real time : 12s CPU user time : 41s CPU sys time : 0s MEM : 372736KB)
INFO     : ... Post-synthesis Verific netlist creation begin

INFO     : ... Post-synthesis Verific netlist creation end (Real time : 0s CPU user time : 41s CPU sys time : 0s MEM : 372736KB)

INFO     : ... Postmap Retiming Optimization begin

INFO     : ... Clock Network 'pll_clk~pll_clk' with 2302 loads will be considered for retiming optimization.

INFO     : ... Clock Network 'clk~clk' with 1693 loads will be considered for retiming optimization.

INFO     : ... Clock Network 'jtag_inst1_TCK~jtag_inst1_TCK' with 930 loads will be considered for retiming optimization.

INFO     : ... Clock Network 'jtag_dummy_TCK~jtag_dummy_TCK' with 220 loads will be considered for retiming optimization.

INFO     : ... Performed 0 retime moves.

INFO     : ... Postmap Retiming Optimization end (Real time : 19s CPU user time : 61s CPU sys time : 0s MEM : 372736KB)

INFO     : ***** Beginning VDB Netlist Checker ... *****
WARNING  : /home/olle/efinity_p2/BRAM/top_level.vhd(16): Input/inout port rmii_crs_dv is unconnected and will be removed. [VDB-8003]
WARNING  : /home/olle/efinity_p2/BRAM/top_level.vhd(17): Input/inout port rmii_rx_er is unconnected and will be removed. [VDB-8003]
WARNING  : /home/olle/efinity_p2/BRAM/top_level.vhd(18): Input/inout port rmii_rxd[1] is unconnected and will be removed. [VDB-8003]
WARNING  : /home/olle/efinity_p2/BRAM/top_level.vhd(21): Input/inout port mdio_i is unconnected and will be removed. [VDB-8003]
WARNING  : /home/olle/efinity_p2/BRAM/top_level.vhd(29): Input/inout port jtag_dummy_TMS is unconnected and will be removed. [VDB-8003]
WARNING  : /home/olle/efinity_p2/BRAM/top_level.vhd(30): Input/inout port jtag_dummy_SEL is unconnected and will be removed. [VDB-8003]
WARNING  : /home/olle/efinity_p2/BRAM/top_level.vhd(31): Input/inout port jtag_dummy_DRCK is unconnected and will be removed. [VDB-8003]
WARNING  : /home/olle/efinity_p2/BRAM/top_level.vhd(33): Input/inout port jtag_dummy_RUNTEST is unconnected and will be removed. [VDB-8003]
WARNING  : /home/olle/efinity_p2/BRAM/top_level.vhd(38): Input/inout port led4 is unconnected and will be removed. [VDB-8003]
WARNING  : Input/inout port jtag_inst1_DRCK is unconnected and will be removed. [VDB-8003]
WARNING  : Input/inout port jtag_inst1_RUNTEST is unconnected and will be removed. [VDB-8003]
WARNING  : Input/inout port jtag_inst1_TMS is unconnected and will be removed. [VDB-8003]
WARNING  : Net u_micro_risc_v1/u_EfxSapphireSoc/system_cores_0_logic_cpu/IBusCachedPlugin_cache/lineLoader_address[0] is dangling. [VDB-8009]
WARNING  : Net u_micro_risc_v1/u_EfxSapphireSoc/system_cores_0_logic_cpu/IBusCachedPlugin_cache/lineLoader_address[1] is dangling. [VDB-8009]
WARNING  : Net u_micro_risc_v1/u_EfxSapphireSoc/system_cores_0_logic_cpu/IBusCachedPlugin_cache/lineLoader_address[2] is dangling. [VDB-8009]
WARNING  : Net u_micro_risc_v1/u_EfxSapphireSoc/system_cores_0_logic_cpu/IBusCachedPlugin_cache/lineLoader_address[3] is dangling. [VDB-8009]
WARNING  : Net u_micro_risc_v1/u_EfxSapphireSoc/system_cores_0_logic_cpu/IBusCachedPlugin_cache/lineLoader_address[4] is dangling. [VDB-8009]
WARNING  : Net u_micro_risc_v1/u_EfxSapphireSoc/system_cores_0_logic_cpu/IBusCachedPlugin_cache/lineLoader_address[5] is dangling. [VDB-8009]

WARNING  : Found 19 warnings in the post-synthesis netlist.
INFO     : VDB Netlist Checker took 0.0365194 seconds.
INFO     : 	VDB Netlist Checker took 0.06 seconds (approximately) in total CPU time.
INFO     : VDB Netlist Checker virtual memory usage: begin = 340.184 MB, end = 340.184 MB, delta = 0 MB
INFO     : VDB Netlist Checker resident set memory usage: begin = 242.788 MB, end = 242.916 MB, delta = 0.128 MB
INFO     : 	VDB Netlist Checker peak resident set memory usage = 372.736 MB
INFO     : ***** Ending VDB Netlist Checker ... *****

INFO     : Resource Summary 
INFO     : =============================== 
INFO     : EFX_ADD         : 	506
INFO     : EFX_LUT4        : 	5467
INFO     : EFX_FF          : 	5145
INFO     : EFX_RAM_5K      : 	85
INFO     : EFX_GBUFCE      : 	4
INFO     : =============================== 
INFO     : ... Post-Map Verilog Writer begin
INFO     : Writing netlist 'top_level' to Verilog file '/home/olle/efinity_p2/BRAM/work_dbg/BRAM.dbg.map.v' [VDB-1030]

INFO     : ... Post-Map Verilog Writer end (Real time : 0s CPU user time : 62s CPU sys time : 0s MEM : 372736KB)

INFO     : The entire flow of EFX_MAP took 59.5768 seconds.
INFO     : 	The entire flow of EFX_MAP took 63.04 seconds (approximately) in total CPU time.
INFO     : The entire flow of EFX_MAP virtual memory usage: begin = 88.404 MB, end = 340.184 MB, delta = 251.78 MB
INFO     : The entire flow of EFX_MAP resident set memory usage: begin = 27.392 MB, end = 242.916 MB, delta = 215.524 MB
INFO     : 	The entire flow of EFX_MAP peak resident set memory usage = 372.736 MB

Wed August 20 25 20:30:55 - /home/olle/efinix/efinity/2025.1/bin/efx_map finished. Exit code = 0 Exit status : Normal

Debugger Step Merge User design with Debugger Cores. Done

--------------------------------------------------------------

--------------------------------------------------------------

Start Debugger Step Instantiate Jtag.

Wed August 20 25 20:30:55 - /home/olle/efinix/efinity/2025.1/bin/python3  "/home/olle/efinix/efinity/2025.1/scripts/efx_pt_jtag_util.py" --device "T20F169" --project "BRAM" --design_file "/home/olle/efinity_p2/BRAM/BRAM.peri.xml" --action "add" --jtag_user "JTAG_USER1" --output "/home/olle/efinity_p2/BRAM/BRAM.dbg.peri.xml"

Wed August 20 25 20:30:55 - Running /home/olle/efinix/efinity/2025.1/bin/python3...


== Load a design from file /home/olle/efinity_p2/BRAM/BRAM.peri.xml
INFO: Load design...
INFO: Periphery design is in sync with Efinity project
INFO: Load design...done.

== Create JTAG with default setting and pin name

== Assign JTAG_USER1 resource to new jtag
INFO: Check design...
INFO: Check design...done.

== Save Design to file: /home/olle/efinity_p2/BRAM/BRAM.dbg.peri.xml
INFO: Save as design...
INFO: Save as design...done.

Save db version: 20251999

Wed August 20 25 20:30:58 - /home/olle/efinix/efinity/2025.1/bin/python3 finished. Exit code = 0 Exit status : Normal

Debugger Step Instantiate Jtag. Done

--------------------------------------------------------------

Debugger Step Instantiate Jtag. Done

Wed August 20 25 20:30:58 - End Debugger Flow



-------------------------------------------------------------------------

Placement and Routing

-------------------------------------------------------------------------

Wed August 20 25 20:30:58 - Placement and routing flow working directory is /home/olle/efinity_p2/BRAM/work_pnr


INFO     : --max_threads set to 4 

Wed August 20 25 20:30:59 - /home/olle/efinix/efinity/2025.1/bin/python3  "/home/olle/efinix/efinity/2025.1/scripts/efx_run_pt_unified.py"  "BRAM.dbg"  "Trion"  "T20F169"

Wed August 20 25 20:30:59 - Running /home/olle/efinix/efinity/2025.1/bin/python3...

Load design file BRAM.dbg.peri.xml
Writing out summary report file
Writing out pinout file
Writing out interface config file
Writing out timing related file
Writing out verilog template file
Writing out option register file
Writing out boundary scan description file
Writing out LPF

Wed August 20 25 20:31:02 - /home/olle/efinix/efinity/2025.1/bin/python3 finished. Exit code = 0 Exit status : Normal

Wed August 20 25 20:31:02 - /home/olle/efinix/efinity/2025.1/bin/efx_pnr --circuit "BRAM" --family "Trion" --device "T20F169" --operating_conditions "C3" --pack --place --route --vdb_file "/home/olle/efinity_p2/BRAM/outflow/BRAM.dbg.vdb" --use_vdb_file "on" --place_file "/home/olle/efinity_p2/BRAM/outflow/BRAM.place" --route_file "/home/olle/efinity_p2/BRAM/outflow/BRAM.route" --sdc_file "/home/olle/efinity_p2/BRAM/const1.sdc" --sync_file "/home/olle/efinity_p2/BRAM/outflow/BRAM.interface.csv" --seed "1" --placer_effort_level "2" --max_threads "-1" --print_critical_path "10" --work_dir "/home/olle/efinity_p2/BRAM/work_pnr" --output_dir "/home/olle/efinity_p2/BRAM/outflow" --timing_analysis "on" --load_delay_matrix

Wed August 20 25 20:31:02 - Running /home/olle/efinix/efinity/2025.1/bin/efx_pnr...

INFO     : --max_threads set to 4 


           

           Efinix FPGA Placement and Routing.

           Version: 2025.1.110.2.15 

           Compiled: Jun 21 2025.

           

           Copyright (C) 2013 - 2025 Efinix, Inc. All rights reserved.


           

           The Tool Is Based on VPR of University of Toronto,

           a free open source code under MIT license.

           

           

INFO     : Running Placement and Routing for Family "Trion", Device "T20F169" ...


           

           ***** Beginning stage netlist pre-processing ... *****

INFO     : Successfully Read in Verific binary Netlist dump file "/home/olle/efinity_p2/BRAM/outflow/BRAM.dbg.vdb".


INFO     : ***** Beginning VDB Netlist Checker ... *****


WARNING  : /home/olle/efinity_p2/BRAM/top_level.vhd(16): Input/inout port rmii_crs_dv is unconnected and will be removed. [VDB-8003]


WARNING  : /home/olle/efinity_p2/BRAM/top_level.vhd(17): Input/inout port rmii_rx_er is unconnected and will be removed. [VDB-8003]


WARNING  : /home/olle/efinity_p2/BRAM/top_level.vhd(18): Input/inout port rmii_rxd[1] is unconnected and will be removed. [VDB-8003]


WARNING  : /home/olle/efinity_p2/BRAM/top_level.vhd(21): Input/inout port mdio_i is unconnected and will be removed. [VDB-8003]


WARNING  : /home/olle/efinity_p2/BRAM/top_level.vhd(29): Input/inout port jtag_dummy_TMS is unconnected and will be removed. [VDB-8003]


WARNING  : /home/olle/efinity_p2/BRAM/top_level.vhd(30): Input/inout port jtag_dummy_SEL is unconnected and will be removed. [VDB-8003]


WARNING  : /home/olle/efinity_p2/BRAM/top_level.vhd(31): Input/inout port jtag_dummy_DRCK is unconnected and will be removed. [VDB-8003]


WARNING  : /home/olle/efinity_p2/BRAM/top_level.vhd(33): Input/inout port jtag_dummy_RUNTEST is unconnected and will be removed. [VDB-8003]


WARNING  : /home/olle/efinity_p2/BRAM/top_level.vhd(38): Input/inout port led4 is unconnected and will be removed. [VDB-8003]


WARNING  : Input/inout port jtag_inst1_DRCK is unconnected and will be removed. [VDB-8003]


WARNING  : Input/inout port jtag_inst1_RUNTEST is unconnected and will be removed. [VDB-8003]


WARNING  : Input/inout port jtag_inst1_TMS is unconnected and will be removed. [VDB-8003]


WARNING  : Net u_micro_risc_v1/u_EfxSapphireSoc/system_cores_0_logic_cpu/IBusCachedPlugin_cache/lineLoader_address[0] is dangling. [VDB-8009]


WARNING  : Net u_micro_risc_v1/u_EfxSapphireSoc/system_cores_0_logic_cpu/IBusCachedPlugin_cache/lineLoader_address[1] is dangling. [VDB-8009]


WARNING  : Net u_micro_risc_v1/u_EfxSapphireSoc/system_cores_0_logic_cpu/IBusCachedPlugin_cache/lineLoader_address[2] is dangling. [VDB-8009]


WARNING  : Net u_micro_risc_v1/u_EfxSapphireSoc/system_cores_0_logic_cpu/IBusCachedPlugin_cache/lineLoader_address[3] is dangling. [VDB-8009]


WARNING  : Net u_micro_risc_v1/u_EfxSapphireSoc/system_cores_0_logic_cpu/IBusCachedPlugin_cache/lineLoader_address[4] is dangling. [VDB-8009]


WARNING  : Net u_micro_risc_v1/u_EfxSapphireSoc/system_cores_0_logic_cpu/IBusCachedPlugin_cache/lineLoader_address[5] is dangling. [VDB-8009]


WARNING  : Found 19 warnings in the post-synthesis netlist.


INFO     : VDB Netlist Checker took 0.0270632 seconds.


INFO     : 	VDB Netlist Checker took 0.05 seconds (approximately) in total CPU time.


INFO     : VDB Netlist Checker virtual memory usage: begin = 228.66 MB, end = 245.072 MB, delta = 16.412 MB


INFO     : VDB Netlist Checker resident set memory usage: begin = 119.424 MB, end = 120.064 MB, delta = 0.64 MB


INFO     : 	VDB Netlist Checker peak resident set memory usage = 372.736 MB


INFO     : ***** Ending VDB Netlist Checker ... *****


INFO     : Reading core interface constraints file "/home/olle/efinity_p2/BRAM/outflow/BRAM.interface.csv"


INFO     : Successfully read core interface constraints file "/home/olle/efinity_p2/BRAM/outflow/BRAM.interface.csv"


INFO     : Found 0 constant generator nets.


INFO     : Pass 0: Swept away 6 nets with no fanout.


INFO     : logical_block #7(rmii_crs_dv) has no fanout.


INFO     : Removing input.


INFO     : logical_block #8(rmii_rx_er) has no fanout.


INFO     : Removing input.


INFO     : logical_block #9(rmii_rxd[1]) has no fanout.


INFO     : Removing input.


INFO     : logical_block #10(rmii_rxd[0]) has no fanout.


INFO     : Removing input.


INFO     : logical_block #14(mdio_i) has no fanout.


INFO     : Removing input.


INFO     : logical_block #22(jtag_dummy_TMS) has no fanout.


INFO     : Removing input.


INFO     : logical_block #23(jtag_dummy_SEL) has no fanout.


INFO     : Removing input.


INFO     : logical_block #24(jtag_dummy_DRCK) has no fanout.


INFO     : Removing input.


INFO     : logical_block #26(jtag_dummy_RUNTEST) has no fanout.


INFO     : Removing input.


INFO     : logical_block #31(led4) has no fanout.


INFO     : Removing input.


INFO     : logical_block #35(jtag_inst1_DRCK) has no fanout.


INFO     : Removing input.


INFO     : logical_block #37(jtag_inst1_RUNTEST) has no fanout.


INFO     : Removing input.


INFO     : logical_block #42(jtag_inst1_TMS) has no fanout.


INFO     : Removing input.


WARNING  : logical_block u_micro_risc_v1/u_EfxSapphireSoc/system_cores_0_logic_cpu/IBusCachedPlugin_cache/lineLoader_address[0]~FF #257 has no fanout. Check synthesis flow


WARNING  : logical_block u_micro_risc_v1/u_EfxSapphireSoc/system_cores_0_logic_cpu/IBusCachedPlugin_cache/lineLoader_address[1]~FF #267 has no fanout. Check synthesis flow


WARNING  : logical_block u_micro_risc_v1/u_EfxSapphireSoc/system_cores_0_logic_cpu/IBusCachedPlugin_cache/lineLoader_address[2]~FF #268 has no fanout. Check synthesis flow


WARNING  : logical_block u_micro_risc_v1/u_EfxSapphireSoc/system_cores_0_logic_cpu/IBusCachedPlugin_cache/lineLoader_address[3]~FF #269 has no fanout. Check synthesis flow


WARNING  : logical_block u_micro_risc_v1/u_EfxSapphireSoc/system_cores_0_logic_cpu/IBusCachedPlugin_cache/lineLoader_address[4]~FF #270 has no fanout. Check synthesis flow


WARNING  : logical_block u_micro_risc_v1/u_EfxSapphireSoc/system_cores_0_logic_cpu/IBusCachedPlugin_cache/lineLoader_address[5]~FF #271 has no fanout. Check synthesis flow


INFO     : Pass 0: Swept away 13 blocks with no fanout.


INFO     : Pass 1: Swept away 0 nets with no fanout.


WARNING  : logical_block u_micro_risc_v1/u_EfxSapphireSoc/system_cores_0_logic_cpu/IBusCachedPlugin_cache/lineLoader_address[0]~FF #257 has no fanout. Check synthesis flow


WARNING  : logical_block u_micro_risc_v1/u_EfxSapphireSoc/system_cores_0_logic_cpu/IBusCachedPlugin_cache/lineLoader_address[1]~FF #267 has no fanout. Check synthesis flow


WARNING  : logical_block u_micro_risc_v1/u_EfxSapphireSoc/system_cores_0_logic_cpu/IBusCachedPlugin_cache/lineLoader_address[2]~FF #268 has no fanout. Check synthesis flow


WARNING  : logical_block u_micro_risc_v1/u_EfxSapphireSoc/system_cores_0_logic_cpu/IBusCachedPlugin_cache/lineLoader_address[3]~FF #269 has no fanout. Check synthesis flow


WARNING  : logical_block u_micro_risc_v1/u_EfxSapphireSoc/system_cores_0_logic_cpu/IBusCachedPlugin_cache/lineLoader_address[4]~FF #270 has no fanout. Check synthesis flow


WARNING  : logical_block u_micro_risc_v1/u_EfxSapphireSoc/system_cores_0_logic_cpu/IBusCachedPlugin_cache/lineLoader_address[5]~FF #271 has no fanout. Check synthesis flow


INFO     : Pass 1: Swept away 0 blocks with no fanout.


INFO     : Swept away 6 nets and 13 blocks in total.


INFO     : Removed 0 LUT buffers


INFO     : Sweept away 13 nodes


INFO     : Successfully created VPR logical netlist from Verific binary DataBase file "/home/olle/efinity_p2/BRAM/outflow/BRAM.dbg.vdb".


INFO     : Netlist pre-processing took 0.227108 seconds.


INFO     : 	Netlist pre-processing took 0.23 seconds (approximately) in total CPU time.


INFO     : Netlist pre-processing virtual memory usage: begin = 228.66 MB, end = 245.072 MB, delta = 16.412 MB


INFO     : Netlist pre-processing resident set memory usage: begin = 118.272 MB, end = 120.448 MB, delta = 2.176 MB


INFO     : 	Netlist pre-processing peak resident set memory usage = 372.736 MB


           ***** Ending stage netlist pre-processing *****

           

           ***** Beginning stage pre-packing ... *****

           ***** Ending stage pre-packing *****

           

           ***** Beginning stage packing ... *****

WARNING  : Packer found FF 'u_micro_risc_v1/u_EfxSapphireSoc/system_cores_0_logic_cpu/IBusCachedPlugin_cache/lineLoader_address[0]~FF' with no output net.


WARNING  : If possible, remove 'syn_preserve' attribute on FF output.


WARNING  : Packer found FF 'u_micro_risc_v1/u_EfxSapphireSoc/system_cores_0_logic_cpu/IBusCachedPlugin_cache/lineLoader_address[1]~FF' with no output net.


WARNING  : If possible, remove 'syn_preserve' attribute on FF output.


WARNING  : Packer found FF 'u_micro_risc_v1/u_EfxSapphireSoc/system_cores_0_logic_cpu/IBusCachedPlugin_cache/lineLoader_address[2]~FF' with no output net.


WARNING  : If possible, remove 'syn_preserve' attribute on FF output.


WARNING  : Packer found FF 'u_micro_risc_v1/u_EfxSapphireSoc/system_cores_0_logic_cpu/IBusCachedPlugin_cache/lineLoader_address[3]~FF' with no output net.


WARNING  : If possible, remove 'syn_preserve' attribute on FF output.


WARNING  : Packer found FF 'u_micro_risc_v1/u_EfxSapphireSoc/system_cores_0_logic_cpu/IBusCachedPlugin_cache/lineLoader_address[4]~FF' with no output net.


WARNING  : If possible, remove 'syn_preserve' attribute on FF output.


WARNING  : Packer found FF 'u_micro_risc_v1/u_EfxSapphireSoc/system_cores_0_logic_cpu/IBusCachedPlugin_cache/lineLoader_address[5]~FF' with no output net.


WARNING  : If possible, remove 'syn_preserve' attribute on FF output.


INFO     : Generate proto netlist for file "/home/olle/efinity_p2/BRAM/work_pnr/BRAM.net_proto" took 0.019244 seconds


INFO     : Creating IO constraints file '/home/olle/efinity_p2/BRAM/work_pnr/BRAM.io_place'


INFO     : Packing took 0.0651219 seconds.


INFO     : 	Packing took 0.06 seconds (approximately) in total CPU time.


INFO     : Packing virtual memory usage: begin = 245.072 MB, end = 245.072 MB, delta = 0 MB


INFO     : Packing resident set memory usage: begin = 121.216 MB, end = 121.856 MB, delta = 0.64 MB


INFO     : 	Packing peak resident set memory usage = 372.736 MB


           ***** Ending stage packing *****

           

INFO     : Read proto netlist file /home/olle/efinity_p2/BRAM/work_pnr/BRAM.net_proto


INFO     : Read proto netlist for file "/home/olle/efinity_p2/BRAM/work_pnr/BRAM.net_proto" took 0.014648 seconds


INFO     : Setup net and block data structure took 0.249133 seconds


WARNING  : Found 19 warnings in the post-synthesis netlist.


INFO     : Reading core interface constraints file "/home/olle/efinity_p2/BRAM/outflow/BRAM.interface.csv"


INFO     : Successfully read core interface constraints file "/home/olle/efinity_p2/BRAM/outflow/BRAM.interface.csv"


INFO     : logical_block u_micro_risc_v1/u_EfxSapphireSoc/system_cores_0_logic_cpu/IBusCachedPlugin_cache/lineLoader_address[0]~FF #257 has no fanout. Check synthesis flow


INFO     : logical_block u_micro_risc_v1/u_EfxSapphireSoc/system_cores_0_logic_cpu/IBusCachedPlugin_cache/lineLoader_address[1]~FF #267 has no fanout. Check synthesis flow


INFO     : logical_block u_micro_risc_v1/u_EfxSapphireSoc/system_cores_0_logic_cpu/IBusCachedPlugin_cache/lineLoader_address[2]~FF #268 has no fanout. Check synthesis flow


INFO     : logical_block u_micro_risc_v1/u_EfxSapphireSoc/system_cores_0_logic_cpu/IBusCachedPlugin_cache/lineLoader_address[3]~FF #269 has no fanout. Check synthesis flow


INFO     : logical_block u_micro_risc_v1/u_EfxSapphireSoc/system_cores_0_logic_cpu/IBusCachedPlugin_cache/lineLoader_address[4]~FF #270 has no fanout. Check synthesis flow


INFO     : logical_block u_micro_risc_v1/u_EfxSapphireSoc/system_cores_0_logic_cpu/IBusCachedPlugin_cache/lineLoader_address[5]~FF #271 has no fanout. Check synthesis flow


INFO     : logical_block u_micro_risc_v1/u_EfxSapphireSoc/system_cores_0_logic_cpu/IBusCachedPlugin_cache/lineLoader_address[0]~FF #257 has no fanout. Check synthesis flow


INFO     : logical_block u_micro_risc_v1/u_EfxSapphireSoc/system_cores_0_logic_cpu/IBusCachedPlugin_cache/lineLoader_address[1]~FF #267 has no fanout. Check synthesis flow


INFO     : logical_block u_micro_risc_v1/u_EfxSapphireSoc/system_cores_0_logic_cpu/IBusCachedPlugin_cache/lineLoader_address[2]~FF #268 has no fanout. Check synthesis flow


INFO     : logical_block u_micro_risc_v1/u_EfxSapphireSoc/system_cores_0_logic_cpu/IBusCachedPlugin_cache/lineLoader_address[3]~FF #269 has no fanout. Check synthesis flow


INFO     : logical_block u_micro_risc_v1/u_EfxSapphireSoc/system_cores_0_logic_cpu/IBusCachedPlugin_cache/lineLoader_address[4]~FF #270 has no fanout. Check synthesis flow


INFO     : logical_block u_micro_risc_v1/u_EfxSapphireSoc/system_cores_0_logic_cpu/IBusCachedPlugin_cache/lineLoader_address[5]~FF #271 has no fanout. Check synthesis flow


           ***** Beginning stage packed netlist loading ... *****

INFO     : Read proto netlist file /home/olle/efinity_p2/BRAM/work_pnr/BRAM.net_proto


INFO     : Read proto netlist for file "/home/olle/efinity_p2/BRAM/work_pnr/BRAM.net_proto" took 0.015004 seconds


INFO     : Setup net and block data structure took 0.243047 seconds


INFO     : Packed netlist loading took 0.260753 seconds.


INFO     : 	Packed netlist loading took 0.26 seconds (approximately) in total CPU time.


INFO     : Packed netlist loading virtual memory usage: begin = 274.376 MB, end = 274.376 MB, delta = 0 MB


INFO     : Packed netlist loading resident set memory usage: begin = 160.128 MB, end = 160.128 MB, delta = 0 MB


INFO     : 	Packed netlist loading peak resident set memory usage = 372.736 MB


           ***** Ending stage packed netlist loading *****

           

           ***** Beginning stage pre-placement ... *****

           

           ***** Ending stage pre-placement *****

           

INFO     : SDC file '/home/olle/efinity_p2/BRAM/const1.sdc' parsed successfully.


INFO     : 2 clocks (including virtual clocks), 0 inputs and 0 outputs were constrained.


           ***** Beginning stage initial placement ... *****

INFO     : Reading core interface constraints file "/home/olle/efinity_p2/BRAM/outflow/BRAM.interface.csv"


INFO     : Successfully read core interface constraints file "/home/olle/efinity_p2/BRAM/outflow/BRAM.interface.csv"


INFO     : Writing IO placement constraints to "/home/olle/efinity_p2/BRAM/outflow/BRAM.interface.io"


INFO     : Reading placement constraints from '/home/olle/efinity_p2/BRAM/outflow/BRAM.interface.io'.


INFO     : Reading placement constraints from '/home/olle/efinity_p2/BRAM/work_pnr/BRAM.io_place'.


WARNING  : jtag_dummy_TDI has no assigned placement; it will be placed randomly.


WARNING  : jtag_dummy_TCK has no assigned placement; it will be placed randomly.


WARNING  : jtag_dummy_RESET has no assigned placement; it will be placed randomly.


WARNING  : jtag_dummy_CAPTURE has no assigned placement; it will be placed randomly.


WARNING  : jtag_dummy_SHIFT has no assigned placement; it will be placed randomly.


WARNING  : jtag_dummy_UPDATE has no assigned placement; it will be placed randomly.


WARNING  : jtag_dummy_TDO has no assigned placement; it will be placed randomly.


INFO     : 7 IOs will have random placement.


WARNING  : Clock source jtag_inst1_TCK does not use a dedicated clock pad, so extra clock insertion delay is added


           ***** Ending stage initial placement *****

           

           ***** Beginning stage placement ... *****

INFO     : Found 81 synchronizers as follows: 


INFO     : 	Synchronizer 0: 


INFO     :  u_micro_risc_v1/u_EfxSapphireSoc/system_riscvJtag_hard_noTap_tunnel_io_bus_cmd_payload_address[6]~FF


INFO     : 	Synchronizer 1: 


INFO     :  u_micro_risc_v1/u_EfxSapphireSoc/system_riscvJtag_hard_noTap_tunnel_io_bus_cmd_payload_address[5]~FF


INFO     : 	Synchronizer 2: 


INFO     :  u_micro_risc_v1/u_EfxSapphireSoc/system_riscvJtag_hard_noTap_tunnel_io_bus_cmd_payload_address[4]~FF


INFO     : 	Synchronizer 3: 


INFO     :  u_micro_risc_v1/u_EfxSapphireSoc/system_riscvJtag_hard_noTap_tunnel_io_bus_cmd_payload_address[3]~FF


INFO     : 	Synchronizer 4: 


INFO     :  u_micro_risc_v1/u_EfxSapphireSoc/system_riscvJtag_hard_noTap_tunnel_io_bus_cmd_payload_address[2]~FF


INFO     : 	Synchronizer 5: 


INFO     :  u_micro_risc_v1/u_EfxSapphireSoc/system_riscvJtag_hard_noTap_tunnel_io_bus_cmd_payload_address[1]~FF


INFO     : 	Synchronizer 6: 


INFO     :  u_micro_risc_v1/u_EfxSapphireSoc/system_riscvJtag_hard_noTap_tunnel_io_bus_cmd_payload_data[31]~FF


INFO     : 	Synchronizer 7: 


INFO     :  u_micro_risc_v1/u_EfxSapphireSoc/system_riscvJtag_hard_noTap_tunnel_io_bus_cmd_payload_data[30]~FF


INFO     : 	Synchronizer 8: 


INFO     :  u_micro_risc_v1/u_EfxSapphireSoc/system_riscvJtag_hard_noTap_tunnel_io_bus_cmd_payload_data[26]~FF


INFO     : 	Synchronizer 9: 


INFO     :  u_micro_risc_v1/u_EfxSapphireSoc/system_riscvJtag_hard_noTap_tunnel_io_bus_cmd_payload_data[25]~FF


INFO     : 	Synchronizer 10: 


INFO     :  u_micro_risc_v1/u_EfxSapphireSoc/system_riscvJtag_hard_noTap_tunnel_io_bus_cmd_payload_data[24]~FF


INFO     : 	Synchronizer 11: 


INFO     :  u_micro_risc_v1/u_EfxSapphireSoc/system_riscvJtag_hard_noTap_tunnel_io_bus_cmd_payload_data[23]~FF


INFO     : 	Synchronizer 12: 


INFO     :  u_micro_risc_v1/u_EfxSapphireSoc/system_riscvJtag_hard_noTap_tunnel_io_bus_cmd_payload_data[22]~FF


INFO     : 	Synchronizer 13: 


INFO     :  u_micro_risc_v1/u_EfxSapphireSoc/system_riscvJtag_hard_noTap_tunnel_io_bus_cmd_payload_data[21]~FF


INFO     : 	Synchronizer 14: 


INFO     :  u_micro_risc_v1/u_EfxSapphireSoc/system_riscvJtag_hard_noTap_tunnel_io_bus_cmd_payload_data[20]~FF


INFO     : 	Synchronizer 15: 


INFO     :  u_micro_risc_v1/u_EfxSapphireSoc/system_riscvJtag_hard_noTap_tunnel_io_bus_cmd_payload_data[19]~FF


INFO     : 	Synchronizer 16: 


INFO     :  u_micro_risc_v1/u_EfxSapphireSoc/system_riscvJtag_hard_noTap_tunnel_io_bus_cmd_payload_data[18]~FF


INFO     : 	Synchronizer 17: 


INFO     :  u_micro_risc_v1/u_EfxSapphireSoc/system_riscvJtag_hard_noTap_tunnel_io_bus_cmd_payload_data[17]~FF


INFO     : 	Synchronizer 18: 


INFO     :  u_micro_risc_v1/u_EfxSapphireSoc/system_riscvJtag_hard_noTap_tunnel_io_bus_cmd_payload_data[16]~FF


INFO     : 	Synchronizer 19: 


INFO     :  u_micro_risc_v1/u_EfxSapphireSoc/system_riscvJtag_hard_noTap_tunnel_io_bus_cmd_payload_data[15]~FF


INFO     : 	Synchronizer 20: 


INFO     :  u_micro_risc_v1/u_EfxSapphireSoc/system_riscvJtag_hard_noTap_tunnel_io_bus_cmd_payload_data[14]~FF


INFO     : 	Synchronizer 21: 


INFO     :  u_micro_risc_v1/u_EfxSapphireSoc/system_riscvJtag_hard_noTap_tunnel_io_bus_cmd_payload_data[13]~FF


INFO     : 	Synchronizer 22: 


INFO     :  u_micro_risc_v1/u_EfxSapphireSoc/system_riscvJtag_hard_noTap_tunnel_io_bus_cmd_payload_data[12]~FF


INFO     : 	Synchronizer 23: 


INFO     :  u_micro_risc_v1/u_EfxSapphireSoc/system_riscvJtag_hard_noTap_tunnel/logic_systemLogic_bus_rsp_ccToggle_io_output_payload_data[3]~FF


INFO     : 	Synchronizer 24: 


INFO     :  u_micro_risc_v1/u_EfxSapphireSoc/system_riscvJtag_hard_noTap_tunnel/logic_systemLogic_bus_rsp_ccToggle_io_output_payload_data[2]~FF


INFO     : 	Synchronizer 25: 


INFO     :  u_micro_risc_v1/u_EfxSapphireSoc/system_riscvJtag_hard_noTap_tunnel/logic_systemLogic_bus_rsp_ccToggle_io_output_payload_data[1]~FF


INFO     : 	Synchronizer 26: 


INFO     :  u_micro_risc_v1/u_EfxSapphireSoc/system_riscvJtag_hard_noTap_tunnel/logic_systemLogic_bus_rsp_ccToggle_io_output_payload_data[0]~FF


INFO     : 	Synchronizer 27: 


INFO     :  u_micro_risc_v1/u_EfxSapphireSoc/system_riscvJtag_hard_noTap_tunnel/logic_systemLogic_bus_rsp_ccToggle/system_riscvJtag_hard_noTap_tunnel_toplevel_debugCd_logic_outputReset_asyncAssertSyncDeassert_buffercc/buffers_0~FF


INFO     :  u_micro_risc_v1/u_EfxSapphireSoc/system_riscvJtag_hard_noTap_tunnel/logic_systemLogic_bus_rsp_ccToggle/system_riscvJtag_hard_noTap_tunnel_toplevel_debugCd_logic_outputReset_asyncAssertSyncDeassert_buffercc_io_dataOut~FF


INFO     : 	Synchronizer 28: 


INFO     :  u_micro_risc_v1/u_EfxSapphireSoc/system_riscvJtag_hard_noTap_tunnel/logic_systemLogic_bus_rsp_ccToggle/inputArea_target_buffercc/buffers_0~FF


INFO     :  u_micro_risc_v1/u_EfxSapphireSoc/system_riscvJtag_hard_noTap_tunnel/logic_systemLogic_bus_rsp_ccToggle/inputArea_target_buffercc_io_dataOut~FF


INFO     : 	Synchronizer 29: 


INFO     :  u_micro_risc_v1/u_EfxSapphireSoc/system_riscvJtag_hard_noTap_tunnel/logic_systemLogic_bus_rsp_ccToggle_io_output_payload_data[20]~FF


INFO     : 	Synchronizer 30: 


INFO     :  u_micro_risc_v1/u_EfxSapphireSoc/system_riscvJtag_hard_noTap_tunnel_io_bus_cmd_payload_data[29]~FF


INFO     : 	Synchronizer 31: 


INFO     :  u_micro_risc_v1/u_EfxSapphireSoc/system_riscvJtag_hard_noTap_tunnel_io_bus_cmd_payload_address[0]~FF


INFO     : 	Synchronizer 32: 


INFO     :  u_micro_risc_v1/u_EfxSapphireSoc/system_riscvJtag_hard_noTap_tunnel/logic_systemLogic_bus_rsp_ccToggle_io_output_payload_data[6]~FF


INFO     : 	Synchronizer 33: 


INFO     :  u_micro_risc_v1/u_EfxSapphireSoc/system_riscvJtag_hard_noTap_tunnel/logic_systemLogic_bus_rsp_ccToggle_io_output_payload_data[9]~FF


INFO     : 	Synchronizer 34: 


INFO     :  u_micro_risc_v1/u_EfxSapphireSoc/system_riscvJtag_hard_noTap_tunnel/logic_systemLogic_bus_rsp_ccToggle_io_output_payload_data[10]~FF


INFO     : 	Synchronizer 35: 


INFO     :  u_micro_risc_v1/u_EfxSapphireSoc/system_riscvJtag_hard_noTap_tunnel/logic_systemLogic_bus_rsp_ccToggle_io_output_payload_data[8]~FF


INFO     : 	Synchronizer 36: 


INFO     :  u_micro_risc_v1/u_EfxSapphireSoc/system_riscvJtag_hard_noTap_tunnel_io_bus_cmd_payload_data[28]~FF


INFO     : 	Synchronizer 37: 


INFO     :  u_micro_risc_v1/u_EfxSapphireSoc/system_riscvJtag_hard_noTap_tunnel_io_bus_cmd_payload_data[0]~FF


INFO     : 	Synchronizer 38: 


INFO     :  u_micro_risc_v1/u_EfxSapphireSoc/system_riscvJtag_hard_noTap_tunnel/logic_systemLogic_bus_rsp_ccToggle_io_output_payload_data[5]~FF


INFO     : 	Synchronizer 39: 


INFO     :  u_micro_risc_v1/u_EfxSapphireSoc/system_riscvJtag_hard_noTap_tunnel/logic_systemLogic_bus_rsp_ccToggle_io_output_payload_data[4]~FF


INFO     : 	Synchronizer 40: 


INFO     :  u_micro_risc_v1/u_EfxSapphireSoc/system_riscvJtag_hard_noTap_tunnel/logic_systemLogic_bus_rsp_ccToggle_io_output_payload_data[7]~FF


INFO     : 	Synchronizer 41: 


INFO     :  u_micro_risc_v1/u_EfxSapphireSoc/debugCd_logic_outputReset_asyncAssertSyncDeassert_buffercc/buffers_0~FF


INFO     :  u_micro_risc_v1/u_EfxSapphireSoc/debugCd_logic_outputReset_asyncAssertSyncDeassert_buffercc_io_dataOut~FF


INFO     : 	Synchronizer 42: 


INFO     :  u_micro_risc_v1/u_EfxSapphireSoc/system_riscvJtag_hard_noTap_tunnel/logic_systemLogic_bus_rsp_ccToggle_io_output_payload_data[16]~FF


INFO     : 	Synchronizer 43: 


INFO     :  u_micro_risc_v1/u_EfxSapphireSoc/system_riscvJtag_hard_noTap_tunnel/logic_systemLogic_bus_rsp_ccToggle_io_output_payload_data[17]~FF


INFO     : 	Synchronizer 44: 


INFO     :  u_micro_risc_v1/u_EfxSapphireSoc/system_riscvJtag_hard_noTap_tunnel_io_bus_cmd_payload_data[27]~FF


INFO     : 	Synchronizer 45: 


INFO     :  u_micro_risc_v1/u_EfxSapphireSoc/system_riscvJtag_hard_noTap_tunnel_io_bus_cmd_payload_write~FF


INFO     : 	Synchronizer 46: 


INFO     :  u_micro_risc_v1/u_EfxSapphireSoc/system_riscvJtag_hard_noTap_tunnel/logic_systemLogic_bus_rsp_ccToggle_io_output_payload_data[11]~FF


INFO     : 	Synchronizer 47: 


INFO     :  u_micro_risc_v1/u_EfxSapphireSoc/system_riscvJtag_hard_noTap_tunnel/logic_systemLogic_bus_rsp_ccToggle_io_output_payload_data[12]~FF


INFO     : 	Synchronizer 48: 


INFO     :  u_micro_risc_v1/u_EfxSapphireSoc/system_riscvJtag_hard_noTap_tunnel/logic_systemLogic_bus_rsp_ccToggle_io_output_payload_data[13]~FF


INFO     : 	Synchronizer 49: 


INFO     :  u_micro_risc_v1/u_EfxSapphireSoc/system_riscvJtag_hard_noTap_tunnel/logic_systemLogic_bus_rsp_ccToggle_io_output_payload_data[14]~FF


INFO     : 	Synchronizer 50: 


INFO     :  u_micro_risc_v1/u_EfxSapphireSoc/system_uart_0_io_logic/uartCtrl_1/rx/io_rxd_buffercc/buffers_0~FF


INFO     :  u_micro_risc_v1/u_EfxSapphireSoc/system_uart_0_io_logic/uartCtrl_1/rx/io_rxd_buffercc_io_dataOut~FF


INFO     : 	Synchronizer 51: 


INFO     :  u_micro_risc_v1/u_EfxSapphireSoc/io_asyncReset_asyncAssertSyncDeassert_buffercc/buffers_0~FF


INFO     :  u_micro_risc_v1/u_EfxSapphireSoc/io_asyncReset_asyncAssertSyncDeassert_buffercc_io_dataOut~FF


INFO     : 	Synchronizer 52: 


INFO     :  u_micro_risc_v1/u_EfxSapphireSoc/system_riscvJtag_hard_noTap_tunnel/logic_systemLogic_bus_rsp_ccToggle_io_output_payload_data[15]~FF


INFO     : 	Synchronizer 53: 


INFO     :  u_micro_risc_v1/u_EfxSapphireSoc/system_coreStopTime_buffercc/buffers_0~FF


INFO     :  u_micro_risc_v1/u_EfxSapphireSoc/system_coreStopTime_buffercc_io_dataOut~FF


INFO     : 	Synchronizer 54: 


INFO     :  u_micro_risc_v1/u_EfxSapphireSoc/system_riscvJtag_hard_noTap_tunnel/logic_systemLogic_bus_rsp_ccToggle_io_output_payload_data[18]~FF


INFO     : 	Synchronizer 55: 


INFO     :  u_micro_risc_v1/u_EfxSapphireSoc/system_riscvJtag_debug_systemReset_asyncAssertSyncDeassert_buffercc/buffers_0~FF


INFO     :  u_micro_risc_v1/u_EfxSapphireSoc/system_riscvJtag_debug_systemReset_asyncAssertSyncDeassert_buffercc_io_dataOut~FF


INFO     : 	Synchronizer 56: 


INFO     :  u_micro_risc_v1/u_EfxSapphireSoc/system_cores_0_logic_cpu/systemCd_logic_outputReset_buffercc/buffers_0~FF


INFO     :  u_micro_risc_v1/u_EfxSapphireSoc/system_cores_0_logic_cpu_debugBus_unavailable~FF


INFO     : 	Synchronizer 57: 


INFO     :  u_micro_risc_v1/u_EfxSapphireSoc/system_riscvJtag_hard_noTap_tunnel/logic_systemLogic_bus_rsp_ccToggle_io_output_payload_data[19]~FF


INFO     : 	Synchronizer 58: 


INFO     :  u_micro_risc_v1/u_EfxSapphireSoc/system_riscvJtag_hard_noTap_tunnel_io_bus_cmd_payload_data[9]~FF


INFO     : 	Synchronizer 59: 


INFO     :  u_micro_risc_v1/u_EfxSapphireSoc/system_riscvJtag_hard_noTap_tunnel/logic_systemLogic_bus_rsp_ccToggle_io_output_payload_data[29]~FF


INFO     : 	Synchronizer 60: 


INFO     :  u_micro_risc_v1/u_EfxSapphireSoc/system_riscvJtag_hard_noTap_tunnel_io_bus_cmd_payload_data[10]~FF


INFO     : 	Synchronizer 61: 


INFO     :  u_micro_risc_v1/u_EfxSapphireSoc/system_riscvJtag_hard_noTap_tunnel/logic_systemLogic_bus_rsp_ccToggle_io_output_payload_data[30]~FF


INFO     : 	Synchronizer 62: 


INFO     :  u_micro_risc_v1/u_EfxSapphireSoc/system_riscvJtag_hard_noTap_tunnel/logic_systemLogic_bus_rsp_ccToggle_io_output_payload_data[21]~FF


INFO     : 	Synchronizer 63: 


INFO     :  u_micro_risc_v1/u_EfxSapphireSoc/system_riscvJtag_hard_noTap_tunnel_io_bus_cmd_payload_data[1]~FF


INFO     : 	Synchronizer 64: 


INFO     :  u_micro_risc_v1/u_EfxSapphireSoc/system_riscvJtag_hard_noTap_tunnel_io_bus_cmd_payload_data[11]~FF


INFO     : 	Synchronizer 65: 


INFO     :  u_micro_risc_v1/u_EfxSapphireSoc/system_riscvJtag_hard_noTap_tunnel/logic_systemLogic_bus_rsp_ccToggle_io_output_payload_data[31]~FF


INFO     : 	Synchronizer 66: 


INFO     :  u_micro_risc_v1/u_EfxSapphireSoc/system_riscvJtag_hard_noTap_tunnel/logic_systemLogic_bus_rsp_ccToggle_io_output_payload_data[22]~FF


INFO     : 	Synchronizer 67: 


INFO     :  u_micro_risc_v1/u_EfxSapphireSoc/system_riscvJtag_hard_noTap_tunnel_io_bus_cmd_payload_data[2]~FF


INFO     : 	Synchronizer 68: 


INFO     :  u_micro_risc_v1/u_EfxSapphireSoc/system_riscvJtag_hard_noTap_tunnel/logic_systemLogic_bus_rsp_ccToggle_io_output_payload_data[23]~FF


INFO     : 	Synchronizer 69: 


INFO     :  u_micro_risc_v1/u_EfxSapphireSoc/system_riscvJtag_hard_noTap_tunnel_io_bus_cmd_payload_data[3]~FF


INFO     : 	Synchronizer 70: 


INFO     :  u_micro_risc_v1/u_EfxSapphireSoc/system_riscvJtag_hard_noTap_tunnel/logic_systemLogic_bus_rsp_ccToggle_io_output_payload_data[24]~FF


INFO     : 	Synchronizer 71: 


INFO     :  u_micro_risc_v1/u_EfxSapphireSoc/system_riscvJtag_hard_noTap_tunnel_io_bus_cmd_payload_data[4]~FF


INFO     : 	Synchronizer 72: 


INFO     :  u_micro_risc_v1/u_EfxSapphireSoc/system_riscvJtag_hard_noTap_tunnel/logic_systemLogic_bus_rsp_ccToggle_io_output_payload_data[25]~FF


INFO     : 	Synchronizer 73: 


INFO     :  u_micro_risc_v1/u_EfxSapphireSoc/system_riscvJtag_hard_noTap_tunnel_io_bus_cmd_payload_data[5]~FF


INFO     : 	Synchronizer 74: 


INFO     :  u_micro_risc_v1/u_EfxSapphireSoc/system_riscvJtag_hard_noTap_tunnel/logic_jtagLogic_dmiCmd_ccToggle/inputArea_target_buffercc/buffers_0~FF


INFO     :  u_micro_risc_v1/u_EfxSapphireSoc/system_riscvJtag_hard_noTap_tunnel/logic_jtagLogic_dmiCmd_ccToggle/inputArea_target_buffercc_io_dataOut~FF


INFO     : 	Synchronizer 75: 


INFO     :  u_micro_risc_v1/u_EfxSapphireSoc/system_riscvJtag_hard_noTap_tunnel/logic_systemLogic_bus_rsp_ccToggle_io_output_payload_data[26]~FF


INFO     : 	Synchronizer 76: 


INFO     :  u_micro_risc_v1/u_EfxSapphireSoc/system_riscvJtag_hard_noTap_tunnel_io_bus_cmd_payload_data[6]~FF


INFO     : 	Synchronizer 77: 


INFO     :  u_micro_risc_v1/u_EfxSapphireSoc/system_riscvJtag_hard_noTap_tunnel/logic_systemLogic_bus_rsp_ccToggle_io_output_payload_data[27]~FF


INFO     : 	Synchronizer 78: 


INFO     :  u_micro_risc_v1/u_EfxSapphireSoc/system_riscvJtag_hard_noTap_tunnel_io_bus_cmd_payload_data[7]~FF


INFO     : 	Synchronizer 79: 


INFO     :  u_micro_risc_v1/u_EfxSapphireSoc/system_riscvJtag_hard_noTap_tunnel/logic_systemLogic_bus_rsp_ccToggle_io_output_payload_data[28]~FF


INFO     : 	Synchronizer 80: 


INFO     :  u_micro_risc_v1/u_EfxSapphireSoc/system_riscvJtag_hard_noTap_tunnel_io_bus_cmd_payload_data[8]~FF


INFO     : Starting Global Placer with 4 threads ...


            ----------     -------  --------------     -------

             Iteration       WHPWL Worst Slack (ps) Convergence

            ----------     -------  --------------     -------

INFO     :           1    11313885           -1994         1.2%


INFO     :           2    10399949           -2431         2.4%


INFO     :           3     9847541           -2925         2.8%


INFO     :           4     8552062           -2944         3.4%


INFO     :           5     4873031           -2944         4.1%


INFO     :           6     2611872           -2944         7.2%


INFO     :           7     1354768           -3030        13.5%


INFO     :           8      761069           -4556        25.1%


INFO     :           9      523621           -6444        41.5%


INFO     :          10      484667           -7528        56.9%


INFO     :          11      438690           -8693        57.5%


INFO     :          12      448400           -8046        65.4%


INFO     :          13      434575           -7971        65.4%


INFO     :          14      451434           -7550        66.3%


INFO     :          15      428694           -7731        66.3%


INFO     :          16      447348           -7613        68.9%


INFO     :          17      427715           -7311        68.9%


INFO     :          18      443768           -6961        71.1%


INFO     :          19      425550           -6965        71.1%


INFO     :          20      439097           -7467        73.1%


INFO     :          21      417235           -7975        73.1%


INFO     :          22      430976           -7238        75.2%


INFO     :          23      418262           -7379        75.2%


INFO     :          24      416849           -7290        75.2%


INFO     :          25      411748           -7347        75.2%


INFO     :          26      414994           -7503        76.1%


INFO     :          27      403851           -7537        76.1%


INFO     :          28      406330           -8448        79.5%


INFO     :          29      397456           -7557        79.5%


INFO     :          30      404866           -7296        80.3%


INFO     :          31      391354           -7473        80.3%


INFO     :          32      397474           -7856        82.9%


INFO     :          33      391730           -8028        82.9%


INFO     :          34      395517           -7289        83.2%


INFO     :          35      389325           -7570        83.2%


INFO     :          36      393456           -7206        84.3%


INFO     :          37      388357           -8125        84.3%


INFO     :          38      391263           -7350        86.1%


INFO     :          39      386757           -7718        86.1%


INFO     :          40      390346           -7990        86.8%


INFO     :          41      385902           -7980        87.1%


INFO     :          42      389569           -7605        88.0%


INFO     :          43      387600           -7494        88.8%


INFO     :          44      387424           -8161        90.0%


INFO     :          45      383933           -7766        91.1%


INFO     :          46      387098           -7765        92.8%


INFO     :          47      389195           -7932        93.2%


INFO     :          48      386992           -7839        93.4%


INFO     :          49      388387           -8180        94.7%


INFO     :          50      390215           -7860        95.2%


INFO     :          51      385386           -8103        95.9%


INFO     :          52      386235           -8095        96.8%


INFO     :          53      388108           -8028        97.8%


INFO     :          54      389420           -8480        98.1%


INFO     :          55      389954           -8234        98.7%


INFO     :          56      390647           -8277        98.8%


INFO     :          57      390758           -8821        99.1%


INFO     : Starting Annealer


            ----------     -------  --------------     -------

             Iteration       WHPWL  Delay Max (ps)     R Limit

            ----------     -------  --------------     -------

INFO     :           0      179841           14815        30.0


INFO     :           1      170914           15088        28.9


INFO     :           2      158060           13114        27.6


INFO     :           3      159078           12985        26.1


INFO     :           4      151167           16077        24.7


INFO     :           5      150466           12022        23.2


INFO     :           6      146708           11575        21.9


INFO     :           7      145761           11569        20.5


INFO     :           8      145187           11833        19.2


INFO     :           9      144207           15151        17.9


INFO     :          10      144630           14865        16.7


INFO     :          11      142677           11565        15.5


INFO     :          12      141209           11549        14.4


INFO     :          13      139571           11327        13.4


INFO     :          14      138612           11098        12.5


INFO     :          15      137587           11530        11.6


INFO     :          16      136850           11100        10.7


INFO     :          17      135879           14880        10.0


INFO     :          18      134608           11284         9.2


INFO     :          19      134306           11100         8.6


INFO     :          20      133340           11202         7.9


INFO     :          21      132958           11202         7.3


INFO     :          22      131046           11054         6.8


INFO     :          23      130102           11054         6.3


INFO     :          24      129095           11054         5.8


INFO     :          25      128405           11094         5.4


INFO     :          26      126912           11094         5.0


INFO     :          27      126711           15082         4.6


INFO     :          28      125894           11054         4.3


INFO     :          29      125142           11112         4.0


INFO     :          30      124381           11112         3.7


INFO     :          31      123826           11111         3.4


INFO     :          32      122752           11111         3.1


INFO     :          33      122474           11111         2.9


INFO     :          34      121369           11054         2.7


INFO     :          35      121473           11054         2.5


INFO     :          36      120916           11054         2.3


INFO     :          37      120793           15396         2.1


INFO     :          38      120162           10604         2.0


INFO     :          39      119767           10417         1.8


INFO     :          40      119084           10431         1.7


INFO     :          41      119222           10431         1.6


INFO     :          42      118658           14312         1.4


INFO     :          43      118528           14807         1.3


INFO     :          44      117889           14295         1.2


INFO     : Counted delay computer calls: 108523
Placement successful: 9025 cells are placed


INFO     : Peak congestion smeared over 1/4 of the chip is 0.376749 at 101,66


INFO     : Congestion-weighted HPWL per net: 28.0488


INFO     : Post-placement cluster-level checks is successful


INFO     : Checks is successful


INFO     : Reading placement constraints from '/home/olle/efinity_p2/BRAM/outflow/BRAM.qplace'.


INFO     : Finished Realigning Types (801 blocks needed type change)


INFO     : Completed placement consistency check successfully.




INFO     : Successfully created FPGA place file '/home/olle/efinity_p2/BRAM/outflow/BRAM.place'


INFO     : Placement took 14.9373 seconds.


INFO     : 	Placement took 39.72 seconds (approximately) in total CPU time.


INFO     : Placement virtual memory usage: begin = 274.376 MB, end = 413.424 MB, delta = 139.048 MB


INFO     : Placement resident set memory usage: begin = 160.384 MB, end = 284.096 MB, delta = 123.712 MB


INFO     : 	Placement peak resident set memory usage = 372.736 MB


           ***** Ending stage placement *****

           

           

           Efinix FPGA Placement and Routing.

           Version: 2025.1.110.2.15 

           Compiled: Jun 21 2025.

           

           Copyright (C) 2013 - 2025 Efinix, Inc. All rights reserved.


           

           The Tool Is Based on VPR of University of Toronto,

           a free open source code under MIT license.

           

           

INFO     : Running Placement and Routing for Family "Trion", Device "T20F169" ...


           

           ***** Beginning stage routing graph generation ... *****

INFO     : Read ipin pattern from /home/olle/efinix/efinity/2025.1/arch/./routing/ipin_oph.xml


INFO     : Finished parsing ipin pattern file '/home/olle/efinix/efinity/2025.1/arch/./routing/ipin_oph.xdb'.


INFO     : Finished parsing switch_block file '/home/olle/efinix/efinity/2025.1/arch/./routing/sb_connectivity_subset.xdb'.


INFO     : BuildGraph process took 2.8875 seconds.


INFO     : 	BuildGraph process took 2.78 seconds (approximately) in total CPU time.


INFO     : BuildGraph process virtual memory usage: begin = 413.424 MB, end = 580.056 MB, delta = 166.632 MB


INFO     : BuildGraph process resident set memory usage: begin = 284.736 MB, end = 486.08 MB, delta = 201.344 MB


INFO     : 	BuildGraph process peak resident set memory usage = 486.08 MB


INFO     : check rr_graph process took 0.120954 seconds.


INFO     : 	check rr_graph process took 0.12 seconds (approximately) in total CPU time.


INFO     : check rr_graph process virtual memory usage: begin = 607.664 MB, end = 616.88 MB, delta = 9.216 MB


INFO     : check rr_graph process resident set memory usage: begin = 513.6 MB, end = 522.816 MB, delta = 9.216 MB


INFO     : 	check rr_graph process peak resident set memory usage = 522.816 MB


INFO     : Generated 1177656 RR nodes and 4451834 RR edges


INFO     : This design has 0 global control net(s). See /home/olle/efinity_p2/BRAM/outflow/BRAM.route.rpt for details.


INFO     : Routing graph took 3.0964 seconds.


INFO     : 	Routing graph took 2.97 seconds (approximately) in total CPU time.


INFO     : Routing graph virtual memory usage: begin = 413.424 MB, end = 616.88 MB, delta = 203.456 MB


INFO     : Routing graph resident set memory usage: begin = 284.224 MB, end = 523.072 MB, delta = 238.848 MB


INFO     : 	Routing graph peak resident set memory usage = 523.072 MB


           ***** Ending stage routing graph generation *****

           

           ***** Beginning stage routing ... *****

INFO     : SDC file '/home/olle/efinity_p2/BRAM/const1.sdc' parsed successfully.


INFO     : 2 clocks (including virtual clocks), 0 inputs and 0 outputs were constrained.


INFO     :  ---------      -------     --------------      -------------


INFO     :  Iteration      Overuse     Crit Path (ns)      Calc Time (s)


INFO     :  ---------      -------     --------------      -------------


INFO     :          1        30112              10.79               4.43


INFO     :          2         5594              10.79               4.72


INFO     :          3         2513              10.79               4.06


INFO     :          4          895              10.79               4.07


INFO     :          5          350              10.79               3.24


INFO     :          6          175              10.79               4.28


INFO     :          7           87              10.79               4.72


INFO     :          8           41              10.84               1.67


INFO     :          9           22              10.89               2.38


INFO     :         10           10              10.81               2.46


INFO     :         11            3               10.9              0.378


INFO     :         12            1              10.88              0.353


INFO     :         13            2              11.29               0.36


INFO     :         14            0              11.21              0.314


           

INFO     : Successfully routed netlist after 14 routing iterations and 91566428 heapops


INFO     : Completed net delay value cross check successfully.


           ***** Beginning stage routing check ... *****

           ***** Ending stage routing check *****

           

INFO     : Serial number (magic cookie) for the routing is: 665482563


INFO     : Netlist fully routed.


INFO     : Successfully created FPGA route file '/home/olle/efinity_p2/BRAM/outflow/BRAM.route'


INFO     : Routing took 38.671 seconds.


INFO     : 	Routing took 39.15 seconds (approximately) in total CPU time.


INFO     : Routing virtual memory usage: begin = 616.88 MB, end = 918.936 MB, delta = 302.056 MB


INFO     : Routing resident set memory usage: begin = 523.072 MB, end = 779.584 MB, delta = 256.512 MB


INFO     : 	Routing peak resident set memory usage = 779.584 MB


           ***** Ending stage routing *****

           

           ***** Beginning stage final timing analysis ... *****

INFO     : SDC file '/home/olle/efinity_p2/BRAM/const1.sdc' parsed successfully.


INFO     : 2 clocks (including virtual clocks), 0 inputs and 0 outputs were constrained.


Maximum possible analyzed clocks frequency
 Clock Name  Period (ns)  Frequency (MHz)     Edge
  clk           16.374        61.072         (R-R)
  pll_clk       11.370        87.951         (R-R)

Geomean max period: 13.644

Setup (Max) Clock Relationship
  Launch Clock    Capture Clock   Constraint (ns)     Slack (ns)          Edge
    clk              clk               30.000           13.626           (R-R)
    pll_clk          clk                1.000           -2.869           (R-R)
    pll_clk          pll_clk            7.000           -4.370           (R-R)

Hold (Min) Clock Relationship
  Launch Clock    Capture Clock   Constraint (ns)     Slack (ns)          Edge
    clk              clk               0.000            0.119            (R-R)
    pll_clk          clk               0.000            0.309            (R-R)
    pll_clk          pll_clk           0.000            0.086            (R-R)


WARNING  : Clock domain between pll_clk (rising) and clk (rising) may not meet (slack: -2.869 ns) the setup (max) timing requirement


WARNING  : Clock domain between pll_clk (rising) and pll_clk (rising) may not meet (slack: -4.370 ns) the setup (max) timing requirement


INFO     : Write Timing Report to "/home/olle/efinity_p2/BRAM/outflow/BRAM.timing.rpt" ...


INFO     : final timing analysis took 0.54026 seconds.


INFO     : 	final timing analysis took 0.56 seconds (approximately) in total CPU time.


INFO     : final timing analysis virtual memory usage: begin = 918.936 MB, end = 918.936 MB, delta = 0 MB


INFO     : final timing analysis resident set memory usage: begin = 779.712 MB, end = 780.096 MB, delta = 0.384 MB


INFO     : 	final timing analysis peak resident set memory usage = 780.096 MB


           ***** Ending stage final timing analysis *****

           

           ***** Beginning stage bitstream generation ... *****

INFO     : Reading core interface constraints file "/home/olle/efinity_p2/BRAM/outflow/BRAM.interface.csv"


INFO     : Successfully read core interface constraints file "/home/olle/efinity_p2/BRAM/outflow/BRAM.interface.csv"


INFO     : Finished writing bitstream file /home/olle/efinity_p2/BRAM/work_pnr/BRAM.lbf.


INFO     : Bitstream generation took 0.551997 seconds.


INFO     : 	Bitstream generation took 0.54 seconds (approximately) in total CPU time.


INFO     : Bitstream generation virtual memory usage: begin = 918.936 MB, end = 918.936 MB, delta = 0 MB


INFO     : Bitstream generation resident set memory usage: begin = 780.096 MB, end = 780.864 MB, delta = 0.768 MB


INFO     : 	Bitstream generation peak resident set memory usage = 780.864 MB


           ***** Ending stage bitstream generation *****

           

INFO     : The entire flow of EFX_PNR took 61.7089 seconds.


INFO     : 	The entire flow of EFX_PNR took 87.48 seconds (approximately) in total CPU time.


INFO     : The entire flow of EFX_PNR virtual memory usage: begin = 119.636 MB, end = 918.936 MB, delta = 799.3 MB


INFO     : The entire flow of EFX_PNR resident set memory usage: begin = 38.528 MB, end = 780.864 MB, delta = 742.336 MB


INFO     : 	The entire flow of EFX_PNR peak resident set memory usage = 780.864 MB


Wed August 20 25 20:32:04 - /home/olle/efinix/efinity/2025.1/bin/efx_pnr finished. Exit code = 0 Exit status : Normal





-------------------------------------------------------------------------

Generating bitstream

-------------------------------------------------------------------------

Wed August 20 25 20:32:04 - Bitstream generation flow working directory is /home/olle/efinity_p2/BRAM/work_pnr


INFO     : --max_threads set to 4 

Wed August 20 25 20:32:05 - /home/olle/efinix/efinity/2025.1/bin/efx_pgm --source "/home/olle/efinity_p2/BRAM/work_pnr/BRAM.lbf" --dest "/home/olle/efinity_p2/BRAM/outflow/BRAM.hex" --device "T20F169" --family "Trion" --periph "/home/olle/efinity_p2/BRAM/outflow/BRAM.lpf" --interface_designer_settings "/home/olle/efinity_p2/BRAM/outflow/BRAM_or.ini" --enable_external_master_clock "off" --oscillator_clock_divider "DIV8" --active_capture_clk_edge "posedge" --spi_low_power_mode "on" --io_weak_pullup "on" --enable_roms "smart" --mode "active" --width "1" --release_tri_then_reset "on"

Wed August 20 25 20:32:05 - Running /home/olle/efinix/efinity/2025.1/bin/efx_pgm...

INFO     : Efinix FPGA Bitstream Generator.


INFO     : Version: 2025.1.110.2.15 


INFO     : Copyright (C) 2013 - 2025 Efinix, Inc. All rights reserved.


INFO     : Compiled: May  7 2025.


INFO     : Using source file "/home/olle/efinity_p2/BRAM/work_pnr/BRAM.lbf"


INFO     : Generating HEX programming file for device "T20F169", family "Trion"


INFO     : Using periphery source file "/home/olle/efinity_p2/BRAM/outflow/BRAM.lpf"


INFO     : Generating bit file: "/home/olle/efinity_p2/BRAM/outflow/BRAM.bit"


INFO     : HEX Generation Options Summary:


INFO     : 	Listing options specified to bitstream generation:


INFO     : 	spi_low_power_mode                       = on


INFO     : 	oscillator_clock_divider                 = DIV8


INFO     : 	io_weak_pullup                           = on


INFO     : 	enable_remote_update                     = off


INFO     : 	release_tri_then_reset                   = on


INFO     : Finished generating "/home/olle/efinity_p2/BRAM/outflow/BRAM.hex"


INFO     : Efinix Bitstream Generator took 1.02748 seconds.


INFO     : 	Efinix Bitstream Generator took 0.97 seconds (approximately) in total CPU time.


INFO     : Efinix Bitstream Generator virtual memory usage: begin = 35.092 MB, end = 93.388 MB, delta = 58.296 MB


INFO     : Efinix Bitstream Generator resident set memory usage: begin = 15.104 MB, end = 75.776 MB, delta = 60.672 MB


INFO     : 	Efinix Bitstream Generator peak resident set memory usage = 372.736 MB


Wed August 20 25 20:32:06 - /home/olle/efinix/efinity/2025.1/bin/efx_pgm finished. Exit code = 0 Exit status : Normal

Running hex generation flow done.

Wed August 20 25 20:32:06 - Running automated flow starting from placement done. Total duration = 2m 44.260s

Wed August 20 25 20:32:40 - There is already a Programmer instance running. Bringing it to foreground...

Wed August 20 25 20:32:46 - Efinity Programmer finished. Exit code = 0 Exit status : Normal

Wed August 20 25 20:32:47 - Running Efinity Debugger...

Wed August 20 25 20:48:56 - Running automated flow starting from synthesis...



Wed August 20 25 20:48:56 - Floorplan closed VM : 655.312 MB RSS : 308.704 MB



-------------------------------------------------------------------------

Synthesis

-------------------------------------------------------------------------

Wed August 20 25 20:48:56 - Synthesis flow working directory is /home/olle/efinity_p2/BRAM/work_syn


INFO     : --max_threads set to 4 

INFO     : Deleting any pre-existing troute trace files

INFO     : Deleting any pre-existing troute trace files

INFO     : Deleting any pre-existing troute trace files

Wed August 20 25 20:48:57 - /home/olle/efinix/efinity/2025.1/bin/efx_map --project "BRAM" --root "top_level" --write-efx-verilog "/home/olle/efinity_p2/BRAM/outflow/BRAM.map.v" --write-premap-module "/home/olle/efinity_p2/BRAM/outflow/BRAM.elab.vdb" --binary-db "/home/olle/efinity_p2/BRAM/outflow/BRAM.vdb" --device "T20F169" --family "Trion" --veri_option "verilog_mode=verilog_2k,vhdl_mode=vhdl_2008" --work-dir "/home/olle/efinity_p2/BRAM/work_syn" --output-dir "/home/olle/efinity_p2/BRAM/outflow" --project-xml "/home/olle/efinity_p2/BRAM/BRAM.xml" --I "/home/olle/efinity_p2/BRAM" --I "/home/olle/efinity_p2/BRAM/ip/BRAM_8192_bytes" --I "/home/olle/efinity_p2/BRAM/ip/micro_risc_v1"

Wed August 20 25 20:48:57 - Running /home/olle/efinix/efinity/2025.1/bin/efx_map...

INFO     : Efinix FPGA Synthesis.


INFO     : Version: 2025.1.110.2.15


INFO     : Compiled: Jun 21 2025.


INFO     : 


INFO     : Copyright (C) 2013 - 2025 Efinix, Inc. All rights reserved.



INFO     : Reading project database "/home/olle/efinity_p2/BRAM/BRAM.xml"


INFO     : Analyzing Verilog file '/home/olle/efinix/efinity/2025.1/sim_models/maplib/efinix_peri_lib.v' [VERI-1482]


INFO     : /home/olle/efinix/efinity/2025.1/sim_models/maplib/efinix_peri_lib.v(8): compiling module 'EFX_IBUF' [VERI-1018]


INFO     : /home/olle/efinix/efinity/2025.1/sim_models/maplib/efinix_peri_lib.v(16): compiling module 'EFX_OBUF' [VERI-1018]


INFO     : /home/olle/efinix/efinity/2025.1/sim_models/maplib/efinix_peri_lib.v(23): compiling module 'EFX_IO_BUF' [VERI-1018]


INFO     : /home/olle/efinix/efinity/2025.1/sim_models/maplib/efinix_peri_lib.v(33): compiling module 'EFX_CLKOUT' [VERI-1018]


INFO     : /home/olle/efinix/efinity/2025.1/sim_models/maplib/efinix_peri_lib.v(41): compiling module 'EFX_IREG' [VERI-1018]


INFO     : /home/olle/efinix/efinity/2025.1/sim_models/maplib/efinix_peri_lib.v(51): compiling module 'EFX_OREG' [VERI-1018]


INFO     : /home/olle/efinix/efinity/2025.1/sim_models/maplib/efinix_peri_lib.v(60): compiling module 'EFX_IOREG' [VERI-1018]


INFO     : /home/olle/efinix/efinity/2025.1/sim_models/maplib/efinix_peri_lib.v(75): compiling module 'EFX_IDDIO' [VERI-1018]


INFO     : /home/olle/efinix/efinity/2025.1/sim_models/maplib/efinix_peri_lib.v(87): compiling module 'EFX_ODDIO' [VERI-1018]


INFO     : /home/olle/efinix/efinity/2025.1/sim_models/maplib/efinix_peri_lib.v(99): compiling module 'EFX_GPIO_V1' [VERI-1018]


INFO     : /home/olle/efinix/efinity/2025.1/sim_models/maplib/efinix_peri_lib.v(124): compiling module 'EFX_GPIO_V2' [VERI-1018]


INFO     : /home/olle/efinix/efinity/2025.1/sim_models/maplib/efinix_peri_lib.v(149): compiling module 'EFX_GPIO_V3' [VERI-1018]


INFO     : /home/olle/efinix/efinity/2025.1/sim_models/maplib/efinix_peri_lib.v(186): compiling module 'EFX_PLL_V1' [VERI-1018]


INFO     : /home/olle/efinix/efinity/2025.1/sim_models/maplib/efinix_peri_lib.v(205): compiling module 'EFX_PLL_V2' [VERI-1018]


INFO     : /home/olle/efinix/efinity/2025.1/sim_models/maplib/efinix_peri_lib.v(231): compiling module 'EFX_PLL_V3' [VERI-1018]


INFO     : /home/olle/efinix/efinity/2025.1/sim_models/maplib/efinix_peri_lib.v(279): compiling module 'EFX_OSC_V1' [VERI-1018]


INFO     : /home/olle/efinix/efinity/2025.1/sim_models/maplib/efinix_peri_lib.v(285): compiling module 'EFX_OSC_V3' [VERI-1018]


INFO     : /home/olle/efinix/efinity/2025.1/sim_models/maplib/efinix_peri_lib.v(294): compiling module 'EFX_FPLL_V1' [VERI-1018]


INFO     : /home/olle/efinix/efinity/2025.1/sim_models/maplib/efinix_peri_lib.v(348): compiling module 'EFX_JTAG_V1' [VERI-1018]


INFO     : /home/olle/efinix/efinity/2025.1/sim_models/maplib/efinix_peri_lib.v(357): compiling module 'EFX_JTAG_CTRL' [VERI-1018]


INFO     : /home/olle/efinix/efinity/2025.1/sim_models/maplib/efinix_peri_lib.v(364): compiling module 'EFX_LVDS_RX_V1' [VERI-1018]


INFO     : /home/olle/efinix/efinity/2025.1/sim_models/maplib/efinix_peri_lib.v(381): compiling module 'EFX_LVDS_TX_V1' [VERI-1018]


INFO     : /home/olle/efinix/efinity/2025.1/sim_models/maplib/efinix_peri_lib.v(399): compiling module 'EFX_LVDS_RX_V2' [VERI-1018]


INFO     : /home/olle/efinix/efinity/2025.1/sim_models/maplib/efinix_peri_lib.v(426): compiling module 'EFX_LVDS_TX_V2' [VERI-1018]


INFO     : /home/olle/efinix/efinity/2025.1/sim_models/maplib/efinix_peri_lib.v(446): compiling module 'EFX_LVDS_BIDIR_V2' [VERI-1018]


INFO     : Reading project database "/home/olle/efinity_p2/BRAM/BRAM.xml"


INFO     : ***** Beginning Analysis ... *****


INFO     : default VHDL library search path is now "/home/olle/efinix/efinity/2025.1/sim_models/vhdl/packages/vhdl_2008" [VHDL-1504]


INFO     : Analyzing Verilog file '/home/olle/efinix/efinity/2025.1/sim_models/maplib/efinix_maplib.v' [VERI-1482]


INFO     : Analyzing Verilog file '/home/olle/efinix/efinity/2025.1/sim_models/maplib/efinix_peri_lib.v' [VERI-1482]


INFO     : Analyzing Verilog file '/home/olle/efinix/efinity/2025.1/sim_models/maplib/efinix_maplib.v' [VERI-1482]


INFO     : Analyzing Verilog file '/home/olle/efinix/efinity/2025.1/sim_models/maplib/efinix_peri_lib.v' [VERI-1482]


INFO     : Analyzing VHDL file '/home/olle/efinity_p2/BRAM/top_level.vhd' [VHDL-1481]


INFO     : Restoring VHDL unit 'ieee.std_logic_1164' from file '/home/olle/efinix/efinity/2025.1/sim_models/vhdl/packages/vhdl_2008/ieee/std_logic_1164.vdb' [VHDL-1493]


INFO     : Restoring VHDL unit 'std.standard' from file '/home/olle/efinix/efinity/2025.1/sim_models/vhdl/packages/vhdl_2008/std/standard.vdb' [VHDL-1493]


INFO     : Restoring VHDL unit 'std.textio' from file '/home/olle/efinix/efinity/2025.1/sim_models/vhdl/packages/vhdl_2008/std/textio.vdb' [VHDL-1493]


INFO     : Restoring VHDL unit 'ieee.numeric_std' from file '/home/olle/efinix/efinity/2025.1/sim_models/vhdl/packages/vhdl_2008/ieee/numeric_std.vdb' [VHDL-1493]


INFO     : /home/olle/efinity_p2/BRAM/top_level.vhd(6): analyzing entity 'top_level' [VHDL-1012]


INFO     : /home/olle/efinity_p2/BRAM/top_level.vhd(48): analyzing architecture 'behavior' [VHDL-1010]


INFO     : Analyzing VHDL file '/home/olle/efinity_p2/BRAM/rmii_udp_tx_top.vhd' [VHDL-1481]


INFO     : /home/olle/efinity_p2/BRAM/rmii_udp_tx_top.vhd(5): analyzing entity 'rmii_udp_tx_top' [VHDL-1012]


INFO     : /home/olle/efinity_p2/BRAM/rmii_udp_tx_top.vhd(14): analyzing architecture 'rtl' [VHDL-1010]


INFO     : Analyzing Verilog file '/home/olle/efinity_p2/BRAM/ip/BRAM_8192_bytes/BRAM_8192_bytes.v' [VERI-1482]


INFO     : /home/olle/efinity_p2/BRAM/ip/BRAM_8192_bytes/BRAM_8192_bytes.v(758): analyzing included file '/home/olle/efinity_p2/BRAM/ip/BRAM_8192_bytes/bram_ini.vh' [VERI-1328]


INFO     : /home/olle/efinity_p2/BRAM/ip/BRAM_8192_bytes/BRAM_8192_bytes.v(758): back to file '/home/olle/efinity_p2/BRAM/ip/BRAM_8192_bytes/BRAM_8192_bytes.v' [VERI-2320]


INFO     : /home/olle/efinity_p2/BRAM/ip/BRAM_8192_bytes/BRAM_8192_bytes.v(985): analyzing included file '/home/olle/efinity_p2/BRAM/ip/BRAM_8192_bytes/bram_decompose.vh' [VERI-1328]


INFO     : /home/olle/efinity_p2/BRAM/ip/BRAM_8192_bytes/BRAM_8192_bytes.v(985): back to file '/home/olle/efinity_p2/BRAM/ip/BRAM_8192_bytes/BRAM_8192_bytes.v' [VERI-2320]


INFO     : Analyzing Verilog file '/home/olle/efinity_p2/BRAM/ip/micro_risc_v1/micro_risc_v1.v' [VERI-1482]


INFO     : Analysis took 0.154986 seconds.


INFO     : 	Analysis took 0.15 seconds (approximately) in total CPU time.


INFO     : Analysis virtual memory usage: begin = 124.564 MB, end = 132.756 MB, delta = 8.192 MB


INFO     : Analysis resident set memory usage: begin = 72.064 MB, end = 81.152 MB, delta = 9.088 MB


INFO     : 	Analysis peak resident set memory usage = 372.736 MB


INFO     : ***** Ending Analysis ... *****


INFO     : ***** Beginning Elaboration ... *****


INFO     : /home/olle/efinity_p2/BRAM/top_level.vhd(6): processing 'top_level(behavior)' [VHDL-1067]


WARNING  : /home/olle/efinity_p2/BRAM/top_level.vhd(91): using initial value '0' for 'system_uart_0_io_rxd' since it is never assigned [VHDL-1303]


WARNING  : /home/olle/efinity_p2/BRAM/top_level.vhd(94): using initial value for 'system_gpio_0_io_read' since it is never assigned [VHDL-1794]


INFO     : Restoring VHDL unit 'vl.vl_types' from file '/home/olle/efinix/efinity/2025.1/sim_models/vhdl/packages/vhdl_2008/vl/vl_types.vdb' [VHDL-1493]


INFO     : /home/olle/efinity_p2/BRAM/top_level.vhd(124): switching to Verilog mode to elaborate module 'micro_risc_v1' [VHDL-1399]


INFO     : /home/olle/efinity_p2/BRAM/ip/micro_risc_v1/micro_risc_v1.v(49): compiling module 'micro_risc_v1' [VERI-1018]


INFO     : /home/olle/efinity_p2/BRAM/ip/micro_risc_v1/micro_risc_v1.v(94): compiling module 'EfxSapphireSoc_2fa2c88f3c1f4868ba7cd09620d007ba' [VERI-1018]


INFO     : /home/olle/efinity_p2/BRAM/ip/micro_risc_v1/micro_risc_v1.v(5744): compiling module 'VexRiscv_2fa2c88f3c1f4868ba7cd09620d007ba' [VERI-1018]


INFO     : /home/olle/efinity_p2/BRAM/ip/micro_risc_v1/micro_risc_v1.v(6995): extracting RAM for identifier 'RegFilePlugin_regFile' [VERI-2571]


INFO     : /home/olle/efinity_p2/BRAM/ip/micro_risc_v1/micro_risc_v1.v(12219): compiling module 'InstructionCache_2fa2c88f3c1f4868ba7cd09620d007ba' [VERI-1018]


INFO     : /home/olle/efinity_p2/BRAM/ip/micro_risc_v1/micro_risc_v1.v(12325): extracting RAM for identifier 'banks_0' [VERI-2571]


INFO     : /home/olle/efinity_p2/BRAM/ip/micro_risc_v1/micro_risc_v1.v(12326): extracting RAM for identifier 'ways_0_tags' [VERI-2571]


INFO     : /home/olle/efinity_p2/BRAM/ip/micro_risc_v1/micro_risc_v1.v(11365): compiling module 'DataCache_2fa2c88f3c1f4868ba7cd09620d007ba' [VERI-1018]


INFO     : /home/olle/efinity_p2/BRAM/ip/micro_risc_v1/micro_risc_v1.v(11579): extracting RAM for identifier 'ways_0_tags' [VERI-2571]


INFO     : /home/olle/efinity_p2/BRAM/ip/micro_risc_v1/micro_risc_v1.v(11580): extracting RAM for identifier 'ways_0_data_symbol0' [VERI-2571]


INFO     : /home/olle/efinity_p2/BRAM/ip/micro_risc_v1/micro_risc_v1.v(11581): extracting RAM for identifier 'ways_0_data_symbol1' [VERI-2571]


INFO     : /home/olle/efinity_p2/BRAM/ip/micro_risc_v1/micro_risc_v1.v(11582): extracting RAM for identifier 'ways_0_data_symbol2' [VERI-2571]


INFO     : /home/olle/efinity_p2/BRAM/ip/micro_risc_v1/micro_risc_v1.v(11583): extracting RAM for identifier 'ways_0_data_symbol3' [VERI-2571]


WARNING  : /home/olle/efinity_p2/BRAM/ip/micro_risc_v1/micro_risc_v1.v(12191): system task 'display' is ignored for synthesis [VERI-1142]


INFO     : /home/olle/efinity_p2/BRAM/ip/micro_risc_v1/micro_risc_v1.v(11346): compiling module 'BufferCC_2fa2c88f3c1f4868ba7cd09620d007ba' [VERI-1018]


INFO     : /home/olle/efinity_p2/BRAM/ip/micro_risc_v1/micro_risc_v1.v(13149): compiling module 'EfxCPUSp1_2fa2c88f3c1f4868ba7cd09620d007ba' [VERI-1018]


WARNING  : /home/olle/efinity_p2/BRAM/ip/micro_risc_v1/micro_risc_v1.v(5832): net 'IBusCachedPlugin_cache_io_cpu_fetch_isRemoved' does not have a driver [VDB-1002]


WARNING  : /home/olle/efinity_p2/BRAM/ip/micro_risc_v1/micro_risc_v1.v(5845): net 'dataCache_1_io_cpu_writeBack_fence_SW' does not have a driver [VDB-1002]


WARNING  : /home/olle/efinity_p2/BRAM/ip/micro_risc_v1/micro_risc_v1.v(5846): net 'dataCache_1_io_cpu_writeBack_fence_SR' does not have a driver [VDB-1002]


WARNING  : /home/olle/efinity_p2/BRAM/ip/micro_risc_v1/micro_risc_v1.v(5847): net 'dataCache_1_io_cpu_writeBack_fence_SO' does not have a driver [VDB-1002]


WARNING  : /home/olle/efinity_p2/BRAM/ip/micro_risc_v1/micro_risc_v1.v(5848): net 'dataCache_1_io_cpu_writeBack_fence_SI' does not have a driver [VDB-1002]


WARNING  : /home/olle/efinity_p2/BRAM/ip/micro_risc_v1/micro_risc_v1.v(5849): net 'dataCache_1_io_cpu_writeBack_fence_PW' does not have a driver [VDB-1002]


WARNING  : /home/olle/efinity_p2/BRAM/ip/micro_risc_v1/micro_risc_v1.v(5850): net 'dataCache_1_io_cpu_writeBack_fence_PR' does not have a driver [VDB-1002]


WARNING  : /home/olle/efinity_p2/BRAM/ip/micro_risc_v1/micro_risc_v1.v(5851): net 'dataCache_1_io_cpu_writeBack_fence_PO' does not have a driver [VDB-1002]


WARNING  : /home/olle/efinity_p2/BRAM/ip/micro_risc_v1/micro_risc_v1.v(5852): net 'dataCache_1_io_cpu_writeBack_fence_PI' does not have a driver [VDB-1002]


WARNING  : /home/olle/efinity_p2/BRAM/ip/micro_risc_v1/micro_risc_v1.v(5853): net 'dataCache_1_io_cpu_writeBack_fence_FM[3]' does not have a driver [VDB-1002]


WARNING  : /home/olle/efinity_p2/BRAM/ip/micro_risc_v1/micro_risc_v1.v(6276): net 'IBusCachedPlugin_mmuBus_rsp_bypassTranslation' does not have a driver [VDB-1002]


WARNING  : /home/olle/efinity_p2/BRAM/ip/micro_risc_v1/micro_risc_v1.v(6302): net 'DBusCachedPlugin_mmuBus_rsp_bypassTranslation' does not have a driver [VDB-1002]


WARNING  : /home/olle/efinity_p2/BRAM/ip/micro_risc_v1/micro_risc_v1.v(6410): net 'IBusCachedPlugin_iBusRsp_output_payload_rsp_error' does not have a driver [VDB-1002]


WARNING  : /home/olle/efinity_p2/BRAM/ip/micro_risc_v1/micro_risc_v1.v(6412): net 'IBusCachedPlugin_iBusRsp_output_payload_isRvc' does not have a driver [VDB-1002]


WARNING  : /home/olle/efinity_p2/BRAM/ip/micro_risc_v1/micro_risc_v1.v(6656): net 'CsrPlugin_mtvec_mode[1]' does not have a driver [VDB-1002]


INFO     : /home/olle/efinity_p2/BRAM/ip/micro_risc_v1/micro_risc_v1.v(4743): compiling module 'DebugModule_2fa2c88f3c1f4868ba7cd09620d007ba' [VERI-1018]


INFO     : /home/olle/efinity_p2/BRAM/ip/micro_risc_v1/micro_risc_v1.v(4949): extracting RAM for identifier 'logic_progbufX_mem' [VERI-2571]


INFO     : /home/olle/efinity_p2/BRAM/ip/micro_risc_v1/micro_risc_v1.v(4719): compiling module 'BufferCC_5_2fa2c88f3c1f4868ba7cd09620d007ba' [VERI-1018]


INFO     : /home/olle/efinity_p2/BRAM/ip/micro_risc_v1/micro_risc_v1.v(4695): compiling module 'BufferCC_6_2fa2c88f3c1f4868ba7cd09620d007ba' [VERI-1018]


INFO     : /home/olle/efinity_p2/BRAM/ip/micro_risc_v1/micro_risc_v1.v(4669): compiling module 'BufferCC_8_2fa2c88f3c1f4868ba7cd09620d007ba' [VERI-1018]


INFO     : /home/olle/efinity_p2/BRAM/ip/micro_risc_v1/micro_risc_v1.v(4196): compiling module 'DebugTransportModuleTunneled_2fa2c88f3c1f4868ba7cd09620d007ba' [VERI-1018]


INFO     : /home/olle/efinity_p2/BRAM/ip/micro_risc_v1/micro_risc_v1.v(11282): compiling module 'FlowCCByToggle_2fa2c88f3c1f4868ba7cd09620d007ba' [VERI-1018]


WARNING  : /home/olle/efinity_p2/BRAM/ip/micro_risc_v1/micro_risc_v1.v(11316): system function call 'urandom' is not supported [VERI-1141]


WARNING  : /home/olle/efinity_p2/BRAM/ip/micro_risc_v1/micro_risc_v1.v(11317): system function call 'urandom' is not supported [VERI-1141]


INFO     : /home/olle/efinity_p2/BRAM/ip/micro_risc_v1/micro_risc_v1.v(13099): compiling module 'BufferCC_1_2fa2c88f3c1f4868ba7cd09620d007ba' [VERI-1018]


WARNING  : /home/olle/efinity_p2/BRAM/ip/micro_risc_v1/micro_risc_v1.v(13111): system function call 'urandom' is not supported [VERI-1141]


WARNING  : /home/olle/efinity_p2/BRAM/ip/micro_risc_v1/micro_risc_v1.v(13112): system function call 'urandom' is not supported [VERI-1141]


INFO     : /home/olle/efinity_p2/BRAM/ip/micro_risc_v1/micro_risc_v1.v(11196): compiling module 'FlowCCByToggle_1_2fa2c88f3c1f4868ba7cd09620d007ba' [VERI-1018]


INFO     : /home/olle/efinity_p2/BRAM/ip/micro_risc_v1/micro_risc_v1.v(13075): compiling module 'BufferCC_2_2fa2c88f3c1f4868ba7cd09620d007ba' [VERI-1018]


INFO     : /home/olle/efinity_p2/BRAM/ip/micro_risc_v1/micro_risc_v1.v(13051): compiling module 'BufferCC_3_2fa2c88f3c1f4868ba7cd09620d007ba' [VERI-1018]


INFO     : /home/olle/efinity_p2/BRAM/ip/micro_risc_v1/micro_risc_v1.v(4156): compiling module 'BmbDecoder_2fa2c88f3c1f4868ba7cd09620d007ba' [VERI-1018]


INFO     : /home/olle/efinity_p2/BRAM/ip/micro_risc_v1/micro_risc_v1.v(4020): compiling module 'BmbArbiter_2fa2c88f3c1f4868ba7cd09620d007ba' [VERI-1018]


INFO     : /home/olle/efinity_p2/BRAM/ip/micro_risc_v1/micro_risc_v1.v(11092): compiling module 'StreamArbiter_2fa2c88f3c1f4868ba7cd09620d007ba' [VERI-1018]


INFO     : /home/olle/efinity_p2/BRAM/ip/micro_risc_v1/micro_risc_v1.v(3748): compiling module 'BmbDecoder_1_2fa2c88f3c1f4868ba7cd09620d007ba' [VERI-1018]


INFO     : /home/olle/efinity_p2/BRAM/ip/micro_risc_v1/micro_risc_v1.v(3640): compiling module 'BmbOnChipRam_2fa2c88f3c1f4868ba7cd09620d007ba' [VERI-1018]


INFO     : /home/olle/efinity_p2/BRAM/ip/micro_risc_v1/micro_risc_v1.v(3672): extracting RAM for identifier 'ram_symbol0' [VERI-2571]


INFO     : /home/olle/efinity_p2/BRAM/ip/micro_risc_v1/micro_risc_v1.v(3673): extracting RAM for identifier 'ram_symbol1' [VERI-2571]


INFO     : /home/olle/efinity_p2/BRAM/ip/micro_risc_v1/micro_risc_v1.v(3674): extracting RAM for identifier 'ram_symbol2' [VERI-2571]


INFO     : /home/olle/efinity_p2/BRAM/ip/micro_risc_v1/micro_risc_v1.v(3675): extracting RAM for identifier 'ram_symbol3' [VERI-2571]


INFO     : /home/olle/efinity_p2/BRAM/ip/micro_risc_v1/micro_risc_v1.v(3414): compiling module 'BmbUnburstify_2fa2c88f3c1f4868ba7cd09620d007ba' [VERI-1018]


INFO     : /home/olle/efinity_p2/BRAM/ip/micro_risc_v1/micro_risc_v1.v(3053): compiling module 'BmbDecoder_2_2fa2c88f3c1f4868ba7cd09620d007ba' [VERI-1018]


INFO     : /home/olle/efinity_p2/BRAM/ip/micro_risc_v1/micro_risc_v1.v(2869): compiling module 'BmbClint_2fa2c88f3c1f4868ba7cd09620d007ba' [VERI-1018]


INFO     : /home/olle/efinity_p2/BRAM/ip/micro_risc_v1/micro_risc_v1.v(2377): compiling module 'BmbUartCtrl_2fa2c88f3c1f4868ba7cd09620d007ba' [VERI-1018]


INFO     : /home/olle/efinity_p2/BRAM/ip/micro_risc_v1/micro_risc_v1.v(10963): compiling module 'UartCtrl_2fa2c88f3c1f4868ba7cd09620d007ba' [VERI-1018]


INFO     : /home/olle/efinity_p2/BRAM/ip/micro_risc_v1/micro_risc_v1.v(12811): compiling module 'UartCtrlTx_2fa2c88f3c1f4868ba7cd09620d007ba' [VERI-1018]


INFO     : /home/olle/efinity_p2/BRAM/ip/micro_risc_v1/micro_risc_v1.v(12517): compiling module 'UartCtrlRx_2fa2c88f3c1f4868ba7cd09620d007ba' [VERI-1018]


INFO     : /home/olle/efinity_p2/BRAM/ip/micro_risc_v1/micro_risc_v1.v(13125): compiling module 'BufferCC_4_2fa2c88f3c1f4868ba7cd09620d007ba' [VERI-1018]


INFO     : /home/olle/efinity_p2/BRAM/ip/micro_risc_v1/micro_risc_v1.v(10809): compiling module 'StreamFifo_2fa2c88f3c1f4868ba7cd09620d007ba' [VERI-1018]


INFO     : /home/olle/efinity_p2/BRAM/ip/micro_risc_v1/micro_risc_v1.v(10857): extracting RAM for identifier 'logic_ram' [VERI-2571]


INFO     : /home/olle/efinity_p2/BRAM/ip/micro_risc_v1/micro_risc_v1.v(2165): compiling module 'BmbGpio2_2fa2c88f3c1f4868ba7cd09620d007ba' [VERI-1018]


INFO     : /home/olle/efinity_p2/BRAM/top_level.vhd(124): returning to VHDL mode to continue with elaboration [VHDL-1400]


INFO     : /home/olle/efinity_p2/BRAM/rmii_udp_tx_top.vhd(5): processing 'rmii_udp_tx_top(rtl)' [VHDL-1067]


INFO     : Elaboration took 0.384191 seconds.


INFO     : 	Elaboration took 0.34 seconds (approximately) in total CPU time.


INFO     : Elaboration virtual memory usage: begin = 132.756 MB, end = 169.62 MB, delta = 36.864 MB


INFO     : Elaboration resident set memory usage: begin = 81.152 MB, end = 119.936 MB, delta = 38.784 MB


INFO     : 	Elaboration peak resident set memory usage = 372.736 MB


INFO     : ***** Ending Elaboration ... *****


INFO     : ... Setting Synthesis Option: mode=speed


INFO     : ***** Beginning Reading Mapping Library ... *****


INFO     : Analyzing Verilog file '/home/olle/efinix/efinity/2025.1/sim_models/maplib/efinix_maplib.v' [VERI-1482]


INFO     : /home/olle/efinix/efinity/2025.1/sim_models/maplib/efinix_maplib.v(8): compiling module 'EFX_ADD' [VERI-1018]


INFO     : /home/olle/efinix/efinity/2025.1/sim_models/maplib/efinix_maplib.v(21): compiling module 'EFX_FF' [VERI-1018]


INFO     : /home/olle/efinix/efinity/2025.1/sim_models/maplib/efinix_maplib.v(38): compiling module 'EFX_COMB4' [VERI-1018]


INFO     : /home/olle/efinix/efinity/2025.1/sim_models/maplib/efinix_maplib.v(48): compiling module 'EFX_GBUFCE' [VERI-1018]


INFO     : /home/olle/efinix/efinity/2025.1/sim_models/maplib/efinix_maplib.v(57): compiling module 'EFX_LUT4' [VERI-1018]


INFO     : /home/olle/efinix/efinity/2025.1/sim_models/maplib/efinix_maplib.v(65): compiling module 'EFX_MULT' [VERI-1018]


INFO     : /home/olle/efinix/efinity/2025.1/sim_models/maplib/efinix_maplib.v(100): compiling module 'EFX_DSP48' [VERI-1018]


INFO     : /home/olle/efinix/efinity/2025.1/sim_models/maplib/efinix_maplib.v(156): compiling module 'EFX_DSP24' [VERI-1018]


INFO     : /home/olle/efinix/efinity/2025.1/sim_models/maplib/efinix_maplib.v(209): compiling module 'EFX_DSP12' [VERI-1018]


INFO     : /home/olle/efinix/efinity/2025.1/sim_models/maplib/efinix_maplib.v(262): compiling module 'EFX_RAM_4K' [VERI-1018]


INFO     : /home/olle/efinix/efinity/2025.1/sim_models/maplib/efinix_maplib.v(322): compiling module 'EFX_RAM_5K' [VERI-1018]


INFO     : /home/olle/efinix/efinity/2025.1/sim_models/maplib/efinix_maplib.v(394): compiling module 'EFX_DPRAM_5K' [VERI-1018]


INFO     : /home/olle/efinix/efinity/2025.1/sim_models/maplib/efinix_maplib.v(499): compiling module 'RAMB5' [VERI-1018]


INFO     : /home/olle/efinix/efinity/2025.1/sim_models/maplib/efinix_maplib.v(561): compiling module 'EFX_RAM_10K' [VERI-1018]


INFO     : /home/olle/efinix/efinity/2025.1/sim_models/maplib/efinix_maplib.v(653): compiling module 'EFX_RAM10' [VERI-1018]


INFO     : /home/olle/efinix/efinity/2025.1/sim_models/maplib/efinix_maplib.v(754): compiling module 'EFX_DPRAM10' [VERI-1018]


INFO     : /home/olle/efinix/efinity/2025.1/sim_models/maplib/efinix_maplib.v(884): compiling module 'EFX_SRL8' [VERI-1018]


INFO     : Reading Mapping Library took 0.0202297 seconds.


INFO     : 	Reading Mapping Library took 0.02 seconds (approximately) in total CPU time.


INFO     : Reading Mapping Library virtual memory usage: begin = 199.828 MB, end = 199.828 MB, delta = 0 MB


INFO     : Reading Mapping Library resident set memory usage: begin = 150.912 MB, end = 150.912 MB, delta = 0 MB


INFO     : 	Reading Mapping Library peak resident set memory usage = 372.736 MB


INFO     : ***** Ending Reading Mapping Library ... *****


INFO     : ... Pre-synthesis checks begin


WARNING  : The primary output port 'led2' wire 'led2' is not driven. [EFX-0256]


WARNING  : The primary output port 'mdc' wire 'mdc' is not driven. [EFX-0256]


WARNING  : The primary output port 'mdio_o' wire 'mdio_o' is not driven. [EFX-0256]


WARNING  : The primary output port 'mdio_oe' wire 'mdio_oe' is not driven. [EFX-0256]


WARNING  : The primary output port 'CAM0_EN' wire 'CAM0_EN' is not driven. [EFX-0256]


WARNING  : The primary output port 'CAM1_EN' wire 'CAM1_EN' is not driven. [EFX-0256]


WARNING  : The primary output port 'RJ45_led' wire 'RJ45_led' is not driven. [EFX-0256]


WARNING  : Removing redundant signal : io_cpu_prefetch_isValid. (/home/olle/efinity_p2/BRAM/ip/micro_risc_v1/micro_risc_v1.v:12221) [EFX-0200]


WARNING  : Removing redundant signal : io_cpu_prefetch_pc[31]. (/home/olle/efinity_p2/BRAM/ip/micro_risc_v1/micro_risc_v1.v:12223) [EFX-0200]


WARNING  : Removing redundant signal : io_cpu_prefetch_pc[30]. (/home/olle/efinity_p2/BRAM/ip/micro_risc_v1/micro_risc_v1.v:12223) [EFX-0200]


WARNING  : Removing redundant signal : io_cpu_prefetch_pc[29]. (/home/olle/efinity_p2/BRAM/ip/micro_risc_v1/micro_risc_v1.v:12223) [EFX-0200]


WARNING  : Removing redundant signal : io_cpu_prefetch_pc[28]. (/home/olle/efinity_p2/BRAM/ip/micro_risc_v1/micro_risc_v1.v:12223) [EFX-0200]


WARNING  : Removing redundant signal : io_cpu_prefetch_pc[27]. (/home/olle/efinity_p2/BRAM/ip/micro_risc_v1/micro_risc_v1.v:12223) [EFX-0200]


WARNING  : Removing redundant signal : io_cpu_prefetch_pc[26]. (/home/olle/efinity_p2/BRAM/ip/micro_risc_v1/micro_risc_v1.v:12223) [EFX-0200]


WARNING  : Removing redundant signal : io_cpu_prefetch_pc[25]. (/home/olle/efinity_p2/BRAM/ip/micro_risc_v1/micro_risc_v1.v:12223) [EFX-0200]


WARNING  : Removing redundant signal : io_cpu_prefetch_pc[24]. (/home/olle/efinity_p2/BRAM/ip/micro_risc_v1/micro_risc_v1.v:12223) [EFX-0200]


WARNING  : Removing redundant signal : io_cpu_prefetch_pc[23]. (/home/olle/efinity_p2/BRAM/ip/micro_risc_v1/micro_risc_v1.v:12223) [EFX-0200]


WARNING  : Removing redundant signal : io_cpu_prefetch_pc[22]. (/home/olle/efinity_p2/BRAM/ip/micro_risc_v1/micro_risc_v1.v:12223) [EFX-0200]


WARNING  : Removing redundant signal : io_cpu_prefetch_pc[21]. (/home/olle/efinity_p2/BRAM/ip/micro_risc_v1/micro_risc_v1.v:12223) [EFX-0200]


WARNING  : Removing redundant signal : io_cpu_prefetch_pc[20]. (/home/olle/efinity_p2/BRAM/ip/micro_risc_v1/micro_risc_v1.v:12223) [EFX-0200]


WARNING  : Removing redundant signal : io_cpu_prefetch_pc[19]. (/home/olle/efinity_p2/BRAM/ip/micro_risc_v1/micro_risc_v1.v:12223) [EFX-0200]


WARNING  : Removing redundant signal : io_cpu_prefetch_pc[18]. (/home/olle/efinity_p2/BRAM/ip/micro_risc_v1/micro_risc_v1.v:12223) [EFX-0200]


WARNING  : Removing redundant signal : io_cpu_prefetch_pc[17]. (/home/olle/efinity_p2/BRAM/ip/micro_risc_v1/micro_risc_v1.v:12223) [EFX-0200]


WARNING  : Removing redundant signal : io_cpu_prefetch_pc[16]. (/home/olle/efinity_p2/BRAM/ip/micro_risc_v1/micro_risc_v1.v:12223) [EFX-0200]


WARNING  : Removing redundant signal : io_cpu_prefetch_pc[15]. (/home/olle/efinity_p2/BRAM/ip/micro_risc_v1/micro_risc_v1.v:12223) [EFX-0200]


WARNING  : Removing redundant signal : io_cpu_prefetch_pc[14]. (/home/olle/efinity_p2/BRAM/ip/micro_risc_v1/micro_risc_v1.v:12223) [EFX-0200]


WARNING  : Removing redundant signal : io_cpu_prefetch_pc[13]. (/home/olle/efinity_p2/BRAM/ip/micro_risc_v1/micro_risc_v1.v:12223) [EFX-0200]


WARNING  : (The above message was generated too many times, subsequent similar messages will be muted.) [EFX-0200]


INFO     : ... Memory 'banks_0' is not initialized, assuming empty initial contents. (/home/olle/efinity_p2/BRAM/ip/micro_risc_v1/micro_risc_v1.v:12325) [EFX-0677]


INFO     : ... Memory 'ways_0_tags' is not initialized, assuming empty initial contents. (/home/olle/efinity_p2/BRAM/ip/micro_risc_v1/micro_risc_v1.v:12326) [EFX-0677]


INFO     : ... Memory 'ways_0_tags' is not initialized, assuming empty initial contents. (/home/olle/efinity_p2/BRAM/ip/micro_risc_v1/micro_risc_v1.v:11579) [EFX-0677]


INFO     : ... Memory 'ways_0_data_symbol0' is not initialized, assuming empty initial contents. (/home/olle/efinity_p2/BRAM/ip/micro_risc_v1/micro_risc_v1.v:11580) [EFX-0677]


INFO     : ... Memory 'ways_0_data_symbol1' is not initialized, assuming empty initial contents. (/home/olle/efinity_p2/BRAM/ip/micro_risc_v1/micro_risc_v1.v:11581) [EFX-0677]


INFO     : ... Memory 'ways_0_data_symbol2' is not initialized, assuming empty initial contents. (/home/olle/efinity_p2/BRAM/ip/micro_risc_v1/micro_risc_v1.v:11582) [EFX-0677]


INFO     : ... Memory 'ways_0_data_symbol3' is not initialized, assuming empty initial contents. (/home/olle/efinity_p2/BRAM/ip/micro_risc_v1/micro_risc_v1.v:11583) [EFX-0677]


WARNING  : Re-wiring to GND non-driven net 'IBusCachedPlugin_cache_io_cpu_fetch_isRemoved'. (/home/olle/efinity_p2/BRAM/ip/micro_risc_v1/micro_risc_v1.v:5832) [EFX-0201]


WARNING  : Re-wiring to GND non-driven net 'dataCache_1_io_cpu_writeBack_fence_SW'. (/home/olle/efinity_p2/BRAM/ip/micro_risc_v1/micro_risc_v1.v:5845) [EFX-0201]


WARNING  : Re-wiring to GND non-driven net 'dataCache_1_io_cpu_writeBack_fence_SR'. (/home/olle/efinity_p2/BRAM/ip/micro_risc_v1/micro_risc_v1.v:5846) [EFX-0201]


WARNING  : Re-wiring to GND non-driven net 'dataCache_1_io_cpu_writeBack_fence_SO'. (/home/olle/efinity_p2/BRAM/ip/micro_risc_v1/micro_risc_v1.v:5847) [EFX-0201]


WARNING  : Re-wiring to GND non-driven net 'dataCache_1_io_cpu_writeBack_fence_SI'. (/home/olle/efinity_p2/BRAM/ip/micro_risc_v1/micro_risc_v1.v:5848) [EFX-0201]


WARNING  : Re-wiring to GND non-driven net 'dataCache_1_io_cpu_writeBack_fence_PW'. (/home/olle/efinity_p2/BRAM/ip/micro_risc_v1/micro_risc_v1.v:5849) [EFX-0201]


WARNING  : Re-wiring to GND non-driven net 'dataCache_1_io_cpu_writeBack_fence_PR'. (/home/olle/efinity_p2/BRAM/ip/micro_risc_v1/micro_risc_v1.v:5850) [EFX-0201]


WARNING  : Re-wiring to GND non-driven net 'dataCache_1_io_cpu_writeBack_fence_PO'. (/home/olle/efinity_p2/BRAM/ip/micro_risc_v1/micro_risc_v1.v:5851) [EFX-0201]


WARNING  : Re-wiring to GND non-driven net 'dataCache_1_io_cpu_writeBack_fence_PI'. (/home/olle/efinity_p2/BRAM/ip/micro_risc_v1/micro_risc_v1.v:5852) [EFX-0201]


WARNING  : Re-wiring to GND non-driven net 'dataCache_1_io_cpu_writeBack_fence_FM[3]'. (/home/olle/efinity_p2/BRAM/ip/micro_risc_v1/micro_risc_v1.v:5853) [EFX-0201]


WARNING  : (The above message was generated too many times, subsequent similar messages will be muted.) [EFX-0201]


INFO     : ... Memory 'RegFilePlugin_regFile' is not initialized, assuming empty initial contents. (/home/olle/efinity_p2/BRAM/ip/micro_risc_v1/micro_risc_v1.v:6995) [EFX-0677]


INFO     : ... Memory 'logic_progbufX_mem' is not initialized, assuming empty initial contents. (/home/olle/efinity_p2/BRAM/ip/micro_risc_v1/micro_risc_v1.v:4949) [EFX-0677]


INFO     : Module Instance 'memory_arbiter' input pin 'io_inputs_0_payload_fragment_source[0]' is tied to constant (=0). [EFX-0266]


INFO     : Module Instance 'memory_arbiter' input pin 'io_inputs_1_payload_fragment_source[0]' is tied to constant (=0). [EFX-0266]


INFO     : Module Instance 'memory_arbiter' input pin 'io_inputs_1_payload_fragment_context[0]' is tied to constant (=0). [EFX-0266]


INFO     : Module Instance 'tx' input pin 'io_cts' is tied to constant (=0). [EFX-0266]


INFO     : ... Memory 'logic_ram' is not initialized, assuming empty initial contents. (/home/olle/efinity_p2/BRAM/ip/micro_risc_v1/micro_risc_v1.v:10857) [EFX-0677]


INFO     : Module Instance 'bridge_write_streamUnbuffered_queueWithOccupancy' input pin 'io_flush' is tied to constant (=0). [EFX-0266]


INFO     : Module Instance 'uartCtrl_1_io_read_queueWithOccupancy' input pin 'io_flush' is tied to constant (=0). [EFX-0266]


INFO     : Module Instance 'system_bridge_bmb_arbiter' input pin 'io_inputs_1_cmd_payload_fragment_data[0]' is tied to constant (=0). [EFX-0266]


INFO     : Module Instance 'system_bridge_bmb_arbiter' input pin 'io_inputs_1_cmd_payload_fragment_data[1]' is tied to constant (=0). [EFX-0266]


INFO     : Module Instance 'system_bridge_bmb_arbiter' input pin 'io_inputs_1_cmd_payload_fragment_data[2]' is tied to constant (=0). [EFX-0266]


INFO     : Module Instance 'system_bridge_bmb_arbiter' input pin 'io_inputs_1_cmd_payload_fragment_data[3]' is tied to constant (=0). [EFX-0266]


INFO     : Module Instance 'system_bridge_bmb_arbiter' input pin 'io_inputs_1_cmd_payload_fragment_data[4]' is tied to constant (=0). [EFX-0266]


INFO     : Module Instance 'system_bridge_bmb_arbiter' input pin 'io_inputs_1_cmd_payload_fragment_data[5]' is tied to constant (=0). [EFX-0266]


INFO     : Module Instance 'system_bridge_bmb_arbiter' input pin 'io_inputs_1_cmd_payload_fragment_data[6]' is tied to constant (=0). [EFX-0266]


INFO     : Module Instance 'system_bridge_bmb_arbiter' input pin 'io_inputs_1_cmd_payload_fragment_data[7]' is tied to constant (=0). [EFX-0266]


INFO     : Module Instance 'system_bridge_bmb_arbiter' input pin 'io_inputs_1_cmd_payload_fragment_data[8]' is tied to constant (=0). [EFX-0266]


INFO     : Module Instance 'system_bridge_bmb_arbiter' input pin 'io_inputs_1_cmd_payload_fragment_data[9]' is tied to constant (=0). [EFX-0266]


INFO     : Module Instance 'system_bridge_bmb_arbiter' input pin 'io_inputs_1_cmd_payload_fragment_data[10]' is tied to constant (=0). [EFX-0266]


INFO     : Module Instance 'system_bridge_bmb_arbiter' input pin 'io_inputs_1_cmd_payload_fragment_data[11]' is tied to constant (=0). [EFX-0266]


INFO     : Module Instance 'system_bridge_bmb_arbiter' input pin 'io_inputs_1_cmd_payload_fragment_data[12]' is tied to constant (=0). [EFX-0266]


INFO     : Module Instance 'system_bridge_bmb_arbiter' input pin 'io_inputs_1_cmd_payload_fragment_data[13]' is tied to constant (=0). [EFX-0266]


INFO     : Module Instance 'system_bridge_bmb_arbiter' input pin 'io_inputs_1_cmd_payload_fragment_data[14]' is tied to constant (=0). [EFX-0266]


INFO     : Module Instance 'system_bridge_bmb_arbiter' input pin 'io_inputs_1_cmd_payload_fragment_data[15]' is tied to constant (=0). [EFX-0266]


INFO     : Module Instance 'system_bridge_bmb_arbiter' input pin 'io_inputs_1_cmd_payload_fragment_data[16]' is tied to constant (=0). [EFX-0266]


INFO     : Module Instance 'system_bridge_bmb_arbiter' input pin 'io_inputs_1_cmd_payload_fragment_data[17]' is tied to constant (=0). [EFX-0266]


INFO     : Module Instance 'system_bridge_bmb_arbiter' input pin 'io_inputs_1_cmd_payload_fragment_data[18]' is tied to constant (=0). [EFX-0266]


INFO     : Module Instance 'system_bridge_bmb_arbiter' input pin 'io_inputs_1_cmd_payload_fragment_data[19]' is tied to constant (=0). [EFX-0266]


INFO     : Module Instance 'system_bridge_bmb_arbiter' input pin 'io_inputs_1_cmd_payload_fragment_data[20]' is tied to constant (=0). [EFX-0266]


INFO     : Module Instance 'system_bridge_bmb_arbiter' input pin 'io_inputs_1_cmd_payload_fragment_data[21]' is tied to constant (=0). [EFX-0266]


INFO     : Module Instance 'system_bridge_bmb_arbiter' input pin 'io_inputs_1_cmd_payload_fragment_data[22]' is tied to constant (=0). [EFX-0266]


INFO     : Module Instance 'system_bridge_bmb_arbiter' input pin 'io_inputs_1_cmd_payload_fragment_data[23]' is tied to constant (=0). [EFX-0266]


INFO     : Module Instance 'system_bridge_bmb_arbiter' input pin 'io_inputs_1_cmd_payload_fragment_data[24]' is tied to constant (=0). [EFX-0266]


INFO     : Module Instance 'system_bridge_bmb_arbiter' input pin 'io_inputs_1_cmd_payload_fragment_data[25]' is tied to constant (=0). [EFX-0266]


INFO     : Module Instance 'system_bridge_bmb_arbiter' input pin 'io_inputs_1_cmd_payload_fragment_data[26]' is tied to constant (=0). [EFX-0266]


INFO     : Module Instance 'system_bridge_bmb_arbiter' input pin 'io_inputs_1_cmd_payload_fragment_data[27]' is tied to constant (=0). [EFX-0266]


INFO     : Module Instance 'system_bridge_bmb_arbiter' input pin 'io_inputs_1_cmd_payload_fragment_data[28]' is tied to constant (=0). [EFX-0266]


INFO     : Module Instance 'system_bridge_bmb_arbiter' input pin 'io_inputs_1_cmd_payload_fragment_data[29]' is tied to constant (=0). [EFX-0266]


INFO     : Module Instance 'system_bridge_bmb_arbiter' input pin 'io_inputs_1_cmd_payload_fragment_data[30]' is tied to constant (=0). [EFX-0266]


INFO     : Module Instance 'system_bridge_bmb_arbiter' input pin 'io_inputs_1_cmd_payload_fragment_data[31]' is tied to constant (=0). [EFX-0266]


INFO     : Module Instance 'system_bridge_bmb_arbiter' input pin 'io_inputs_1_cmd_payload_fragment_mask[0]' is tied to constant (=0). [EFX-0266]


INFO     : Module Instance 'system_bridge_bmb_arbiter' input pin 'io_inputs_1_cmd_payload_fragment_mask[1]' is tied to constant (=0). [EFX-0266]


INFO     : Module Instance 'system_bridge_bmb_arbiter' input pin 'io_inputs_1_cmd_payload_fragment_mask[2]' is tied to constant (=0). [EFX-0266]


INFO     : Module Instance 'system_bridge_bmb_arbiter' input pin 'io_inputs_1_cmd_payload_fragment_mask[3]' is tied to constant (=0). [EFX-0266]


INFO     : Module Instance 'u_micro_risc_v1' input pin 'jtagCtrl_enable' is tied to constant (=1). [EFX-0266]


INFO     : ... Pre-synthesis checks end (Real time : 0s CPU user time : 1s CPU sys time : 0s MEM : 372736KB)


INFO     : ... NameSpace init begin


INFO     : ... NameSpace init end (Real time : 0s CPU user time : 1s CPU sys time : 0s MEM : 372736KB)


INFO     : ... Mapping design "top_level"


INFO     : ... Hierarchical pre-synthesis "InstructionCache_2fa2c88f3c1f4868ba7cd09620d007ba" begin


INFO     : ... Hierarchical pre-synthesis "InstructionCache_2fa2c88f3c1f4868ba7cd09620d007ba" end (Real time : 0s CPU user time : 1s CPU sys time : 0s MEM : 372736KB)


INFO     : ... Hierarchical pre-synthesis "DataCache_2fa2c88f3c1f4868ba7cd09620d007ba" begin


INFO     : ... Hierarchical pre-synthesis "DataCache_2fa2c88f3c1f4868ba7cd09620d007ba" end (Real time : 0s CPU user time : 1s CPU sys time : 0s MEM : 372736KB)


INFO     : ... Hierarchical pre-synthesis "BufferCC_2fa2c88f3c1f4868ba7cd09620d007ba" begin


INFO     : ... Hierarchical pre-synthesis "BufferCC_2fa2c88f3c1f4868ba7cd09620d007ba" end (Real time : 0s CPU user time : 1s CPU sys time : 0s MEM : 372736KB)


INFO     : ... Hierarchical pre-synthesis "EfxCPUSp1_2fa2c88f3c1f4868ba7cd09620d007ba" begin


INFO     : ... Hierarchical pre-synthesis "EfxCPUSp1_2fa2c88f3c1f4868ba7cd09620d007ba" end (Real time : 0s CPU user time : 1s CPU sys time : 0s MEM : 372736KB)


INFO     : ... Hierarchical pre-synthesis "VexRiscv_2fa2c88f3c1f4868ba7cd09620d007ba" begin


INFO     : ... Hierarchical pre-synthesis "VexRiscv_2fa2c88f3c1f4868ba7cd09620d007ba" end (Real time : 0s CPU user time : 2s CPU sys time : 0s MEM : 372736KB)


INFO     : ... Hierarchical pre-synthesis "DebugModule_2fa2c88f3c1f4868ba7cd09620d007ba" begin


INFO     : ... Hierarchical pre-synthesis "DebugModule_2fa2c88f3c1f4868ba7cd09620d007ba" end (Real time : 1s CPU user time : 2s CPU sys time : 0s MEM : 372736KB)


INFO     : ... Hierarchical pre-synthesis "BufferCC_5_2fa2c88f3c1f4868ba7cd09620d007ba" begin


INFO     : ... Hierarchical pre-synthesis "BufferCC_5_2fa2c88f3c1f4868ba7cd09620d007ba" end (Real time : 0s CPU user time : 2s CPU sys time : 0s MEM : 372736KB)


INFO     : ... Hierarchical pre-synthesis "BufferCC_6_2fa2c88f3c1f4868ba7cd09620d007ba" begin


INFO     : ... Hierarchical pre-synthesis "BufferCC_6_2fa2c88f3c1f4868ba7cd09620d007ba" end (Real time : 0s CPU user time : 2s CPU sys time : 0s MEM : 372736KB)


INFO     : ... Hierarchical pre-synthesis "BufferCC_8_2fa2c88f3c1f4868ba7cd09620d007ba" begin


INFO     : ... Hierarchical pre-synthesis "BufferCC_8_2fa2c88f3c1f4868ba7cd09620d007ba" end (Real time : 0s CPU user time : 2s CPU sys time : 0s MEM : 372736KB)


INFO     : ... Hierarchical pre-synthesis "BufferCC_1_2fa2c88f3c1f4868ba7cd09620d007ba" begin


INFO     : ... Hierarchical pre-synthesis "BufferCC_1_2fa2c88f3c1f4868ba7cd09620d007ba" end (Real time : 0s CPU user time : 2s CPU sys time : 0s MEM : 372736KB)


INFO     : ... Hierarchical pre-synthesis "FlowCCByToggle_2fa2c88f3c1f4868ba7cd09620d007ba" begin


INFO     : ... Hierarchical pre-synthesis "FlowCCByToggle_2fa2c88f3c1f4868ba7cd09620d007ba" end (Real time : 0s CPU user time : 2s CPU sys time : 0s MEM : 372736KB)


INFO     : ... Hierarchical pre-synthesis "BufferCC_2_2fa2c88f3c1f4868ba7cd09620d007ba" begin


INFO     : ... Hierarchical pre-synthesis "BufferCC_2_2fa2c88f3c1f4868ba7cd09620d007ba" end (Real time : 0s CPU user time : 2s CPU sys time : 0s MEM : 372736KB)


INFO     : ... Hierarchical pre-synthesis "BufferCC_3_2fa2c88f3c1f4868ba7cd09620d007ba" begin


INFO     : ... Hierarchical pre-synthesis "BufferCC_3_2fa2c88f3c1f4868ba7cd09620d007ba" end (Real time : 0s CPU user time : 2s CPU sys time : 0s MEM : 372736KB)


INFO     : ... Hierarchical pre-synthesis "FlowCCByToggle_1_2fa2c88f3c1f4868ba7cd09620d007ba" begin


INFO     : ... Hierarchical pre-synthesis "FlowCCByToggle_1_2fa2c88f3c1f4868ba7cd09620d007ba" end (Real time : 0s CPU user time : 2s CPU sys time : 0s MEM : 372736KB)


INFO     : ... Hierarchical pre-synthesis "DebugTransportModuleTunneled_2fa2c88f3c1f4868ba7cd09620d007ba" begin


INFO     : ... Hierarchical pre-synthesis "DebugTransportModuleTunneled_2fa2c88f3c1f4868ba7cd09620d007ba" end (Real time : 0s CPU user time : 2s CPU sys time : 0s MEM : 372736KB)


INFO     : ... Hierarchical pre-synthesis "BmbDecoder_2fa2c88f3c1f4868ba7cd09620d007ba" begin


INFO     : ... Hierarchical pre-synthesis "BmbDecoder_2fa2c88f3c1f4868ba7cd09620d007ba" end (Real time : 0s CPU user time : 2s CPU sys time : 0s MEM : 372736KB)


INFO     : ... Hierarchical pre-synthesis "StreamArbiter_2fa2c88f3c1f4868ba7cd09620d007ba" begin


INFO     : ... Hierarchical pre-synthesis "StreamArbiter_2fa2c88f3c1f4868ba7cd09620d007ba" end (Real time : 0s CPU user time : 2s CPU sys time : 0s MEM : 372736KB)


INFO     : ... Hierarchical pre-synthesis "BmbArbiter_2fa2c88f3c1f4868ba7cd09620d007ba" begin


INFO     : ... Hierarchical pre-synthesis "BmbArbiter_2fa2c88f3c1f4868ba7cd09620d007ba" end (Real time : 0s CPU user time : 2s CPU sys time : 0s MEM : 372736KB)


INFO     : ... Hierarchical pre-synthesis "BmbDecoder_1_2fa2c88f3c1f4868ba7cd09620d007ba" begin


INFO     : ... Hierarchical pre-synthesis "BmbDecoder_1_2fa2c88f3c1f4868ba7cd09620d007ba" end (Real time : 0s CPU user time : 2s CPU sys time : 0s MEM : 372736KB)


INFO     : ... Hierarchical pre-synthesis "BmbOnChipRam_2fa2c88f3c1f4868ba7cd09620d007ba" begin


INFO     : ... Hierarchical pre-synthesis "BmbOnChipRam_2fa2c88f3c1f4868ba7cd09620d007ba" end (Real time : 0s CPU user time : 2s CPU sys time : 0s MEM : 372736KB)


INFO     : ... Hierarchical pre-synthesis "BmbUnburstify_2fa2c88f3c1f4868ba7cd09620d007ba" begin


INFO     : ... Hierarchical pre-synthesis "BmbUnburstify_2fa2c88f3c1f4868ba7cd09620d007ba" end (Real time : 0s CPU user time : 2s CPU sys time : 0s MEM : 372736KB)


INFO     : ... Hierarchical pre-synthesis "BmbDecoder_2_2fa2c88f3c1f4868ba7cd09620d007ba" begin


INFO     : ... Hierarchical pre-synthesis "BmbDecoder_2_2fa2c88f3c1f4868ba7cd09620d007ba" end (Real time : 0s CPU user time : 2s CPU sys time : 0s MEM : 372736KB)


INFO     : ... Hierarchical pre-synthesis "BmbClint_2fa2c88f3c1f4868ba7cd09620d007ba" begin


INFO     : ... Hierarchical pre-synthesis "BmbClint_2fa2c88f3c1f4868ba7cd09620d007ba" end (Real time : 0s CPU user time : 2s CPU sys time : 0s MEM : 372736KB)


INFO     : ... Hierarchical pre-synthesis "UartCtrlTx_2fa2c88f3c1f4868ba7cd09620d007ba" begin


INFO     : ... Hierarchical pre-synthesis "UartCtrlTx_2fa2c88f3c1f4868ba7cd09620d007ba" end (Real time : 0s CPU user time : 2s CPU sys time : 0s MEM : 372736KB)


INFO     : ... Hierarchical pre-synthesis "BufferCC_4_2fa2c88f3c1f4868ba7cd09620d007ba" begin


INFO     : ... Hierarchical pre-synthesis "BufferCC_4_2fa2c88f3c1f4868ba7cd09620d007ba" end (Real time : 0s CPU user time : 2s CPU sys time : 0s MEM : 372736KB)


INFO     : ... Hierarchical pre-synthesis "UartCtrlRx_2fa2c88f3c1f4868ba7cd09620d007ba" begin


INFO     : ... Hierarchical pre-synthesis "UartCtrlRx_2fa2c88f3c1f4868ba7cd09620d007ba" end (Real time : 0s CPU user time : 2s CPU sys time : 0s MEM : 372736KB)


INFO     : ... Hierarchical pre-synthesis "UartCtrl_2fa2c88f3c1f4868ba7cd09620d007ba" begin


INFO     : ... Hierarchical pre-synthesis "UartCtrl_2fa2c88f3c1f4868ba7cd09620d007ba" end (Real time : 0s CPU user time : 2s CPU sys time : 0s MEM : 372736KB)


INFO     : ... Hierarchical pre-synthesis "StreamFifo_2fa2c88f3c1f4868ba7cd09620d007ba" begin


INFO     : ... Hierarchical pre-synthesis "StreamFifo_2fa2c88f3c1f4868ba7cd09620d007ba" end (Real time : 0s CPU user time : 2s CPU sys time : 0s MEM : 372736KB)


INFO     : ... Hierarchical pre-synthesis "BmbUartCtrl_2fa2c88f3c1f4868ba7cd09620d007ba" begin


INFO     : ... Hierarchical pre-synthesis "BmbUartCtrl_2fa2c88f3c1f4868ba7cd09620d007ba" end (Real time : 0s CPU user time : 2s CPU sys time : 0s MEM : 372736KB)


INFO     : ... Hierarchical pre-synthesis "BmbGpio2_2fa2c88f3c1f4868ba7cd09620d007ba" begin


INFO     : ... Hierarchical pre-synthesis "BmbGpio2_2fa2c88f3c1f4868ba7cd09620d007ba" end (Real time : 0s CPU user time : 2s CPU sys time : 0s MEM : 372736KB)


INFO     : ... Hierarchical pre-synthesis "EfxSapphireSoc_2fa2c88f3c1f4868ba7cd09620d007ba" begin


INFO     : ... Hierarchical pre-synthesis "EfxSapphireSoc_2fa2c88f3c1f4868ba7cd09620d007ba" end (Real time : 1s CPU user time : 3s CPU sys time : 0s MEM : 372736KB)


INFO     : ... Hierarchical pre-synthesis "micro_risc_v1" begin


INFO     : ... Hierarchical pre-synthesis "micro_risc_v1" end (Real time : 0s CPU user time : 4s CPU sys time : 0s MEM : 372736KB)


INFO     : ... Hierarchical pre-synthesis "rmii_udp_tx_top" begin


INFO     : ... Hierarchical pre-synthesis "rmii_udp_tx_top" end (Real time : 0s CPU user time : 4s CPU sys time : 0s MEM : 372736KB)


INFO     : ... Hierarchical pre-synthesis "top_level" begin


WARNING  : Mapping into logic memory block 'u_micro_risc_v1/u_EfxSapphireSoc/system_riscvJtag_debug_logic_dm/logic_progbufX_mem' (64 bits) (/home/olle/efinity_p2/BRAM/ip/micro_risc_v1/micro_risc_v1.v:4949) because size is too small (<=64) [EFX-0657]


INFO     : ... Clock Enable Synthesis Performed on 403 flops.


INFO     : ... Hierarchical pre-synthesis "top_level" end (Real time : 1s CPU user time : 5s CPU sys time : 0s MEM : 372736KB)


INFO     : ... Flat optimizations begin


INFO     : ... Flat optimizations end (Real time : 0s CPU user time : 5s CPU sys time : 0s MEM : 372736KB)


INFO     : ... Flat synthesis begin


INFO     : ... Flat synthesis end (Real time : 0s CPU user time : 5s CPU sys time : 0s MEM : 372736KB)


INFO     : ... Flat optimizations begin


INFO     : ... Flat optimizations end (Real time : 0s CPU user time : 6s CPU sys time : 0s MEM : 372736KB)


INFO     : ... Check and break combinational loops begin


INFO     : ... Check and break combinational loops end (Real time : 0s CPU user time : 6s CPU sys time : 0s MEM : 372736KB)


INFO     : ... Sequential Optimization begin


INFO     : ... Clock Network 'pll_clk' with 2314 loads will be considered for sequential optimization.


INFO     : ... Clock Network 'jtag_dummy_TCK' with 221 loads will be considered for sequential optimization.


INFO     : ... Clock Network 'clk' with 116 loads will be considered for sequential optimization.


INFO     : ... Sequential Optimization deduced 476 equivalent points.


INFO     : ... Sequential Optimization end (Real time : 15s CPU user time : 21s CPU sys time : 0s MEM : 372736KB)


INFO     : ... Setup for logic synthesis begin


INFO     : ... Setup for logic synthesis end (Real time : 0s CPU user time : 21s CPU sys time : 0s MEM : 372736KB)


INFO     : ... LUT mapping begin


INFO     : ... LS, strategy: 3, nd: 3319, ed: 11067, lv: 8, pw: 6265.19


INFO     : ... LUT mapping end (Real time : 11s CPU user time : 35s CPU sys time : 0s MEM : 372736KB)


INFO     : ... Post-synthesis Verific netlist creation begin


INFO     : ... Post-synthesis Verific netlist creation end (Real time : 0s CPU user time : 35s CPU sys time : 0s MEM : 372736KB)


INFO     : ... Postmap Retiming Optimization begin


INFO     : ... Clock Network 'pll_clk~pll_clk' with 2301 loads will be considered for retiming optimization.


INFO     : ... Clock Network 'jtag_dummy_TCK~jtag_dummy_TCK' with 220 loads will be considered for retiming optimization.


INFO     : ... Clock Network 'clk~clk' with 114 loads will be considered for retiming optimization.


INFO     : ... Performed 2 retime moves.


INFO     : ... Postmap Retiming Optimization end (Real time : 14s CPU user time : 49s CPU sys time : 0s MEM : 372736KB)


INFO     : ***** Beginning VDB Netlist Checker ... *****


WARNING  : /home/olle/efinity_p2/BRAM/top_level.vhd(11): Input/inout port phy_intr_n is unconnected and will be removed. [VDB-8003]


WARNING  : /home/olle/efinity_p2/BRAM/top_level.vhd(16): Input/inout port rmii_crs_dv is unconnected and will be removed. [VDB-8003]


WARNING  : /home/olle/efinity_p2/BRAM/top_level.vhd(17): Input/inout port rmii_rx_er is unconnected and will be removed. [VDB-8003]


WARNING  : /home/olle/efinity_p2/BRAM/top_level.vhd(18): Input/inout port rmii_rxd[1] is unconnected and will be removed. [VDB-8003]


WARNING  : /home/olle/efinity_p2/BRAM/top_level.vhd(21): Input/inout port mdio_i is unconnected and will be removed. [VDB-8003]


WARNING  : /home/olle/efinity_p2/BRAM/top_level.vhd(29): Input/inout port jtag_dummy_TMS is unconnected and will be removed. [VDB-8003]


WARNING  : /home/olle/efinity_p2/BRAM/top_level.vhd(30): Input/inout port jtag_dummy_SEL is unconnected and will be removed. [VDB-8003]


WARNING  : /home/olle/efinity_p2/BRAM/top_level.vhd(31): Input/inout port jtag_dummy_DRCK is unconnected and will be removed. [VDB-8003]


WARNING  : /home/olle/efinity_p2/BRAM/top_level.vhd(33): Input/inout port jtag_dummy_RUNTEST is unconnected and will be removed. [VDB-8003]


WARNING  : /home/olle/efinity_p2/BRAM/top_level.vhd(38): Input/inout port led4 is unconnected and will be removed. [VDB-8003]


WARNING  : Net u_micro_risc_v1/u_EfxSapphireSoc/system_cores_0_logic_cpu/IBusCachedPlugin_cache/lineLoader_address[0] is dangling. [VDB-8009]


WARNING  : Net u_micro_risc_v1/u_EfxSapphireSoc/system_cores_0_logic_cpu/IBusCachedPlugin_cache/lineLoader_address[1] is dangling. [VDB-8009]


WARNING  : Net u_micro_risc_v1/u_EfxSapphireSoc/system_cores_0_logic_cpu/IBusCachedPlugin_cache/lineLoader_address[2] is dangling. [VDB-8009]


WARNING  : Net u_micro_risc_v1/u_EfxSapphireSoc/system_cores_0_logic_cpu/IBusCachedPlugin_cache/lineLoader_address[3] is dangling. [VDB-8009]


WARNING  : Net u_micro_risc_v1/u_EfxSapphireSoc/system_cores_0_logic_cpu/IBusCachedPlugin_cache/lineLoader_address[4] is dangling. [VDB-8009]


WARNING  : Net u_micro_risc_v1/u_EfxSapphireSoc/system_cores_0_logic_cpu/IBusCachedPlugin_cache/lineLoader_address[5] is dangling. [VDB-8009]


WARNING  : Found 17 warnings in the post-synthesis netlist.


INFO     : VDB Netlist Checker took 0.0252344 seconds.


INFO     : 	VDB Netlist Checker took 0.05 seconds (approximately) in total CPU time.


INFO     : VDB Netlist Checker virtual memory usage: begin = 308.804 MB, end = 308.804 MB, delta = 0 MB


INFO     : VDB Netlist Checker resident set memory usage: begin = 221.124 MB, end = 221.124 MB, delta = 0 MB


INFO     : 	VDB Netlist Checker peak resident set memory usage = 372.736 MB


INFO     : ***** Ending VDB Netlist Checker ... *****


INFO     : Resource Summary 


INFO     : =============================== 


INFO     : EFX_ADD         : 	329


INFO     : EFX_LUT4        : 	3317


INFO     : EFX_FF          : 	2659


INFO     : EFX_RAM_5K      : 	40


INFO     : EFX_GBUFCE      : 	3


INFO     : =============================== 


INFO     : ... Post-Map Verilog Writer begin


INFO     : Writing netlist 'top_level' to Verilog file '/home/olle/efinity_p2/BRAM/outflow/BRAM.map.v' [VDB-1030]


INFO     : ... Post-Map Verilog Writer end (Real time : 0s CPU user time : 50s CPU sys time : 0s MEM : 372736KB)


INFO     : The entire flow of EFX_MAP took 47.1655 seconds.


INFO     : 	The entire flow of EFX_MAP took 50.08 seconds (approximately) in total CPU time.


INFO     : The entire flow of EFX_MAP virtual memory usage: begin = 88.404 MB, end = 308.804 MB, delta = 220.4 MB


INFO     : The entire flow of EFX_MAP resident set memory usage: begin = 27.264 MB, end = 221.124 MB, delta = 193.86 MB


INFO     : 	The entire flow of EFX_MAP peak resident set memory usage = 372.736 MB


Wed August 20 25 20:49:44 - /home/olle/efinix/efinity/2025.1/bin/efx_map finished. Exit code = 0 Exit status : Normal

Running synthesis flow done.

Wed August 20 25 20:49:44 - Start Debugger Flow



-------------------------------------------------------------------------

Debugger

-------------------------------------------------------------------------

Wed August 20 25 20:49:44 - Debugger flow working directory is /home/olle/efinity_p2/BRAM/work_syn


INFO     : --max_threads set to 4 

--------------------------------------------------------------

Start Debugger Step Generate Debugger Cores.

Wed August 20 25 20:49:45 - /home/olle/efinix/efinity/2025.1/bin/python3  -m "efx_dbg.DbgWizard" --device  "T20F169" --family  "Trion" --in_profile_name  "/home/olle/efinity_p2/BRAM/debug_profile.wizard.json" --out_dbg_vdb  "debug_top.post.vdb" --out_profile_name  "/home/olle/efinity_p2/BRAM/debug_profile.wizard.json" --out_dir  "work_dbg"

Wed August 20 25 20:49:45 - Running /home/olle/efinix/efinity/2025.1/bin/python3...

Wed August 20 25 20:49:45 - /home/olle/efinix/efinity/2025.1/bin/python3 finished. Exit code = 0 Exit status : Normal

Debugger Step Generate Debugger Cores. Done

--------------------------------------------------------------

--------------------------------------------------------------

Start Debugger Step Compile Debugger Cores.

Wed August 20 25 20:49:45 - /home/olle/efinix/efinity/2025.1/bin/efx_map  --allow-const-ram-index "0" --blackbox-error "1" --blast_const_operand_adders "1" --bram_output_regs_packing "1" --bram-push-tco-outreg "0" --create-onehot-fsms "0" --fanout-limit "0" --hdl-compile-unit "1" --hdl-loop-limit "20000" --infer-clk-enable "3" --infer-sync-set-reset "1" --enable-mark-debug "1" --max_ram "-1" --max_mult "-1" --max-bit-blast-mem-size "10240" --min-sr-fanout "0" --min-ce-fanout "0" --mode "speed" --mult-auto-pipeline "0" --mult-decomp-retime "0" --operator-sharing "0" --optimize-adder-tree "0" --optimize-zero-init-rom "1" --peri-syn-instantiation "0" --peri-syn-inference "0" --ram-decomp-mode "0" --retiming "1" --seq_opt "1" --seq-opt-sync-only "0" --use-logic-for-small-mem "64" --use-logic-for-small-rom "64" --max_threads "-1" --mult_input_regs_packing "1" --mult_output_regs_packing "1" --I "/home/olle/efinity_p2/BRAM" --I "/home/olle/efinity_p2/BRAM/ip/BRAM_8192_bytes" --I "/home/olle/efinity_p2/BRAM/ip/micro_risc_v1" --family "Trion" --device "T20F169" --root "edb_top" --v "/home/olle/efinity_p2/BRAM/work_dbg/debug_top.v" --write-postmap-module "/home/olle/efinity_p2/BRAM/work_dbg/debug_top.post.vdb" --gen-mark-debug-json "0" --work-dir "/home/olle/efinity_p2/BRAM/work_dbg" --output-dir "/home/olle/efinity_p2/BRAM/outflow"

Wed August 20 25 20:49:45 - Running /home/olle/efinix/efinity/2025.1/bin/efx_map...

INFO     : Efinix FPGA Synthesis.
INFO     : Version: 2025.1.110.2.15
INFO     : Compiled: Jun 21 2025.
INFO     : 
INFO     : Copyright (C) 2013 - 2025 Efinix, Inc. All rights reserved.


INFO     : Analyzing Verilog file '/home/olle/efinix/efinity/2025.1/sim_models/maplib/efinix_peri_lib.v' [VERI-1482]
INFO     : /home/olle/efinix/efinity/2025.1/sim_models/maplib/efinix_peri_lib.v(8): compiling module 'EFX_IBUF' [VERI-1018]
INFO     : /home/olle/efinix/efinity/2025.1/sim_models/maplib/efinix_peri_lib.v(16): compiling module 'EFX_OBUF' [VERI-1018]
INFO     : /home/olle/efinix/efinity/2025.1/sim_models/maplib/efinix_peri_lib.v(23): compiling module 'EFX_IO_BUF' [VERI-1018]
INFO     : /home/olle/efinix/efinity/2025.1/sim_models/maplib/efinix_peri_lib.v(33): compiling module 'EFX_CLKOUT' [VERI-1018]
INFO     : /home/olle/efinix/efinity/2025.1/sim_models/maplib/efinix_peri_lib.v(41): compiling module 'EFX_IREG' [VERI-1018]
INFO     : /home/olle/efinix/efinity/2025.1/sim_models/maplib/efinix_peri_lib.v(51): compiling module 'EFX_OREG' [VERI-1018]
INFO     : /home/olle/efinix/efinity/2025.1/sim_models/maplib/efinix_peri_lib.v(60): compiling module 'EFX_IOREG' [VERI-1018]
INFO     : /home/olle/efinix/efinity/2025.1/sim_models/maplib/efinix_peri_lib.v(75): compiling module 'EFX_IDDIO' [VERI-1018]
INFO     : /home/olle/efinix/efinity/2025.1/sim_models/maplib/efinix_peri_lib.v(87): compiling module 'EFX_ODDIO' [VERI-1018]
INFO     : /home/olle/efinix/efinity/2025.1/sim_models/maplib/efinix_peri_lib.v(99): compiling module 'EFX_GPIO_V1' [VERI-1018]
INFO     : /home/olle/efinix/efinity/2025.1/sim_models/maplib/efinix_peri_lib.v(124): compiling module 'EFX_GPIO_V2' [VERI-1018]
INFO     : /home/olle/efinix/efinity/2025.1/sim_models/maplib/efinix_peri_lib.v(149): compiling module 'EFX_GPIO_V3' [VERI-1018]
INFO     : /home/olle/efinix/efinity/2025.1/sim_models/maplib/efinix_peri_lib.v(186): compiling module 'EFX_PLL_V1' [VERI-1018]
INFO     : /home/olle/efinix/efinity/2025.1/sim_models/maplib/efinix_peri_lib.v(205): compiling module 'EFX_PLL_V2' [VERI-1018]
INFO     : /home/olle/efinix/efinity/2025.1/sim_models/maplib/efinix_peri_lib.v(231): compiling module 'EFX_PLL_V3' [VERI-1018]
INFO     : /home/olle/efinix/efinity/2025.1/sim_models/maplib/efinix_peri_lib.v(279): compiling module 'EFX_OSC_V1' [VERI-1018]
INFO     : /home/olle/efinix/efinity/2025.1/sim_models/maplib/efinix_peri_lib.v(285): compiling module 'EFX_OSC_V3' [VERI-1018]
INFO     : /home/olle/efinix/efinity/2025.1/sim_models/maplib/efinix_peri_lib.v(294): compiling module 'EFX_FPLL_V1' [VERI-1018]
INFO     : /home/olle/efinix/efinity/2025.1/sim_models/maplib/efinix_peri_lib.v(348): compiling module 'EFX_JTAG_V1' [VERI-1018]
INFO     : /home/olle/efinix/efinity/2025.1/sim_models/maplib/efinix_peri_lib.v(357): compiling module 'EFX_JTAG_CTRL' [VERI-1018]
INFO     : /home/olle/efinix/efinity/2025.1/sim_models/maplib/efinix_peri_lib.v(364): compiling module 'EFX_LVDS_RX_V1' [VERI-1018]
INFO     : /home/olle/efinix/efinity/2025.1/sim_models/maplib/efinix_peri_lib.v(381): compiling module 'EFX_LVDS_TX_V1' [VERI-1018]
INFO     : /home/olle/efinix/efinity/2025.1/sim_models/maplib/efinix_peri_lib.v(399): compiling module 'EFX_LVDS_RX_V2' [VERI-1018]
INFO     : /home/olle/efinix/efinity/2025.1/sim_models/maplib/efinix_peri_lib.v(426): compiling module 'EFX_LVDS_TX_V2' [VERI-1018]
INFO     : /home/olle/efinix/efinity/2025.1/sim_models/maplib/efinix_peri_lib.v(446): compiling module 'EFX_LVDS_BIDIR_V2' [VERI-1018]

INFO     : ***** Beginning Analysis ... *****
INFO     : default VHDL library search path is now "/home/olle/efinix/efinity/2025.1/sim_models/vhdl/packages/vhdl_2008" [VHDL-1504]
INFO     : Analyzing Verilog file '/home/olle/efinix/efinity/2025.1/sim_models/maplib/efinix_maplib.v' [VERI-1482]
INFO     : Analyzing Verilog file '/home/olle/efinix/efinity/2025.1/sim_models/maplib/efinix_peri_lib.v' [VERI-1482]
INFO     : Analyzing Verilog file '/home/olle/efinix/efinity/2025.1/sim_models/maplib/efinix_maplib.v' [VERI-1482]

INFO     : Analyzing Verilog file '/home/olle/efinix/efinity/2025.1/sim_models/maplib/efinix_peri_lib.v' [VERI-1482]
INFO     : Analyzing Verilog file '/home/olle/efinity_p2/BRAM/work_dbg/debug_top.v' [VERI-1482]

INFO     : /home/olle/efinity_p2/BRAM/work_dbg/debug_top.v(4464): undeclared symbol 'la_capture_mask', assumed default net type 'wire' [VERI-2561]

INFO     : /home/olle/efinity_p2/BRAM/work_dbg/debug_top.v(4834): undeclared symbol 'next_segment_pointer_eq', assumed default net type 'wire' [VERI-2561]
INFO     : /home/olle/efinity_p2/BRAM/work_dbg/debug_top.v(4835): undeclared symbol 'next_segment_msb_xor', assumed default net type 'wire' [VERI-2561]
INFO     : Analysis took 0.0618297 seconds.
INFO     : 	Analysis took 0.06 seconds (approximately) in total CPU time.
INFO     : Analysis virtual memory usage: begin = 124.56 MB, end = 127.632 MB, delta = 3.072 MB
INFO     : Analysis resident set memory usage: begin = 71.424 MB, end = 75.008 MB, delta = 3.584 MB
INFO     : 	Analysis peak resident set memory usage = 372.736 MB
INFO     : ***** Ending Analysis ... *****
INFO     : ***** Beginning Elaboration ... *****
WARNING  : /home/olle/efinity_p2/BRAM/work_dbg/debug_top.v(178): port 'probe19' remains unconnected for this instance [VERI-1927]
INFO     : /home/olle/efinity_p2/BRAM/work_dbg/debug_top.v(10): compiling module 'edb_top' [VERI-1018]

INFO     : /home/olle/efinity_p2/BRAM/work_dbg/debug_top.v(564): compiling module 'edb_la_top_renamed_due_excessive_length_1' [VERI-1018]

INFO     : /home/olle/efinity_p2/BRAM/work_dbg/debug_top.v(253): compiling module 'edb_adbg_crc32' [VERI-1018]

INFO     : /home/olle/efinity_p2/BRAM/work_dbg/debug_top.v(5565): compiling module 'compare_unit(WIDTH=11'b01,PIPE=1)' [VERI-1018]

INFO     : /home/olle/efinity_p2/BRAM/work_dbg/debug_top.v(5565): compiling module 'compare_unit(WIDTH=11'b011010,PIPE=1)' [VERI-1018]

INFO     : /home/olle/efinity_p2/BRAM/work_dbg/debug_top.v(5565): compiling module 'compare_unit(WIDTH=11'b0100000,PIPE=1)' [VERI-1018]

INFO     : /home/olle/efinity_p2/BRAM/work_dbg/debug_top.v(5565): compiling module 'compare_unit(WIDTH=11'b010,PIPE=1)' [VERI-1018]

INFO     : /home/olle/efinity_p2/BRAM/work_dbg/debug_top.v(5565): compiling module 'compare_unit(WIDTH=11'b01000,PIPE=1)' [VERI-1018]

INFO     : /home/olle/efinity_p2/BRAM/work_dbg/debug_top.v(5565): compiling module 'compare_unit(WIDTH=11'b011,PIPE=1)' [VERI-1018]

INFO     : /home/olle/efinity_p2/BRAM/work_dbg/debug_top.v(5565): compiling module 'compare_unit(WIDTH=11'b0100,PIPE=1)' [VERI-1018]

INFO     : /home/olle/efinity_p2/BRAM/work_dbg/debug_top.v(5565): compiling module 'compare_unit(WIDTH=11'b010000,PIPE=1)' [VERI-1018]

INFO     : /home/olle/efinity_p2/BRAM/work_dbg/debug_top.v(5565): compiling module 'compare_unit(WIDTH=11'b0110,PIPE=1)' [VERI-1018]

INFO     : /home/olle/efinity_p2/BRAM/work_dbg/debug_top.v(5565): compiling module 'compare_unit(WIDTH=11'b011000,PIPE=1)' [VERI-1018]

INFO     : /home/olle/efinity_p2/BRAM/work_dbg/debug_top.v(5770): compiling module 'trigger_unit(WIDTH=32'b010011,PIPE=1)' [VERI-1018]
INFO     : /home/olle/efinity_p2/BRAM/work_dbg/debug_top.v(5895): compiling module 'trigger_skipper' [VERI-1018]

INFO     : /home/olle/efinity_p2/BRAM/work_dbg/debug_top.v(4911): compiling module 'la_biu(CAPTURE_WIDTH=32'b011011100)' [VERI-1018]
INFO     : /home/olle/efinity_p2/BRAM/work_dbg/debug_top.v(4653): compiling module 'fifo_with_read(DATA_WIDTH=32'b011011101)' [VERI-1018]
INFO     : /home/olle/efinity_p2/BRAM/work_dbg/debug_top.v(4603): compiling module 'fifo_address_trancode_unit' [VERI-1018]

INFO     : /home/olle/efinity_p2/BRAM/work_dbg/debug_top.v(474): compiling module 'edb_simple_dual_port_ram(DATA_WIDTH=32'b011011101,ADDR_WIDTH=10,RAM_INIT_FILE="")' [VERI-1018]
INFO     : /home/olle/efinity_p2/BRAM/work_dbg/debug_top.v(489): extracting RAM for identifier 'ram' [VERI-2571]

INFO     : /home/olle/efinity_p2/BRAM/work_dbg/debug_top.v(331): compiling module 'debug_hub' [VERI-1018]
WARNING  : /home/olle/efinity_p2/BRAM/work_dbg/debug_top.v(138): input port 'probe19[0]' remains unconnected for this instance [VDB-1053]
INFO     : Elaboration took 0.70866 seconds.
INFO     : 	Elaboration took 0.69 seconds (approximately) in total CPU time.
INFO     : Elaboration virtual memory usage: begin = 127.632 MB, end = 168.592 MB, delta = 40.96 MB
INFO     : Elaboration resident set memory usage: begin = 75.008 MB, end = 117.248 MB, delta = 42.24 MB
INFO     : 	Elaboration peak resident set memory usage = 372.736 MB
INFO     : ***** Ending Elaboration ... *****
INFO     : ... Setting Synthesis Option: mode=speed
INFO     : ***** Beginning Reading Mapping Library ... *****

INFO     : Analyzing Verilog file '/home/olle/efinix/efinity/2025.1/sim_models/maplib/efinix_maplib.v' [VERI-1482]
INFO     : /home/olle/efinix/efinity/2025.1/sim_models/maplib/efinix_maplib.v(8): compiling module 'EFX_ADD' [VERI-1018]
INFO     : /home/olle/efinix/efinity/2025.1/sim_models/maplib/efinix_maplib.v(21): compiling module 'EFX_FF' [VERI-1018]
INFO     : /home/olle/efinix/efinity/2025.1/sim_models/maplib/efinix_maplib.v(38): compiling module 'EFX_COMB4' [VERI-1018]
INFO     : /home/olle/efinix/efinity/2025.1/sim_models/maplib/efinix_maplib.v(48): compiling module 'EFX_GBUFCE' [VERI-1018]
INFO     : /home/olle/efinix/efinity/2025.1/sim_models/maplib/efinix_maplib.v(57): compiling module 'EFX_LUT4' [VERI-1018]
INFO     : /home/olle/efinix/efinity/2025.1/sim_models/maplib/efinix_maplib.v(65): compiling module 'EFX_MULT' [VERI-1018]
INFO     : /home/olle/efinix/efinity/2025.1/sim_models/maplib/efinix_maplib.v(100): compiling module 'EFX_DSP48' [VERI-1018]
INFO     : /home/olle/efinix/efinity/2025.1/sim_models/maplib/efinix_maplib.v(156): compiling module 'EFX_DSP24' [VERI-1018]
INFO     : /home/olle/efinix/efinity/2025.1/sim_models/maplib/efinix_maplib.v(209): compiling module 'EFX_DSP12' [VERI-1018]

INFO     : /home/olle/efinix/efinity/2025.1/sim_models/maplib/efinix_maplib.v(262): compiling module 'EFX_RAM_4K' [VERI-1018]
INFO     : /home/olle/efinix/efinity/2025.1/sim_models/maplib/efinix_maplib.v(322): compiling module 'EFX_RAM_5K' [VERI-1018]
INFO     : /home/olle/efinix/efinity/2025.1/sim_models/maplib/efinix_maplib.v(394): compiling module 'EFX_DPRAM_5K' [VERI-1018]
INFO     : /home/olle/efinix/efinity/2025.1/sim_models/maplib/efinix_maplib.v(499): compiling module 'RAMB5' [VERI-1018]
INFO     : /home/olle/efinix/efinity/2025.1/sim_models/maplib/efinix_maplib.v(561): compiling module 'EFX_RAM_10K' [VERI-1018]
INFO     : /home/olle/efinix/efinity/2025.1/sim_models/maplib/efinix_maplib.v(653): compiling module 'EFX_RAM10' [VERI-1018]
INFO     : /home/olle/efinix/efinity/2025.1/sim_models/maplib/efinix_maplib.v(754): compiling module 'EFX_DPRAM10' [VERI-1018]
INFO     : /home/olle/efinix/efinity/2025.1/sim_models/maplib/efinix_maplib.v(884): compiling module 'EFX_SRL8' [VERI-1018]
INFO     : Reading Mapping Library took 0.0147452 seconds.
INFO     : 	Reading Mapping Library took 0.01 seconds (approximately) in total CPU time.
INFO     : Reading Mapping Library virtual memory usage: begin = 168.592 MB, end = 168.592 MB, delta = 0 MB
INFO     : Reading Mapping Library resident set memory usage: begin = 117.76 MB, end = 117.76 MB, delta = 0 MB
INFO     : 	Reading Mapping Library peak resident set memory usage = 372.736 MB
INFO     : ***** Ending Reading Mapping Library ... *****
INFO     : ... Pre-synthesis checks begin
WARNING  : Removing redundant signal : compared_in[0]. (/home/olle/efinity_p2/BRAM/work_dbg/debug_top.v:5571) [EFX-0200]
WARNING  : Removing redundant signal : mask_in[0]. (/home/olle/efinity_p2/BRAM/work_dbg/debug_top.v:5572) [EFX-0200]

WARNING  : Removing redundant signal : trigger_in. (/home/olle/efinity_p2/BRAM/work_dbg/debug_top.v:5782) [EFX-0200]
INFO     : ... Memory 'ram' is not initialized, assuming empty initial contents. (/home/olle/efinity_p2/BRAM/work_dbg/debug_top.v:489) [EFX-0677]
WARNING  : Removing redundant signal : din[220]. (/home/olle/efinity_p2/BRAM/work_dbg/debug_top.v:4666) [EFX-0200]
WARNING  : Removing redundant signal : shift_i. (/home/olle/efinity_p2/BRAM/work_dbg/debug_top.v:4931) [EFX-0200]
WARNING  : Removing redundant signal : trig_out. (/home/olle/efinity_p2/BRAM/work_dbg/debug_top.v:4948) [EFX-0200]
WARNING  : Removing redundant signal : trig_out_ack. (/home/olle/efinity_p2/BRAM/work_dbg/debug_top.v:4949) [EFX-0200]
WARNING  : Removing redundant signal : bscan_DRCK. (/home/olle/efinity_p2/BRAM/work_dbg/debug_top.v:1097) [EFX-0200]
WARNING  : Removing redundant signal : bscan_RESET. (/home/olle/efinity_p2/BRAM/work_dbg/debug_top.v:1098) [EFX-0200]
WARNING  : Removing redundant signal : bscan_RUNTEST. (/home/olle/efinity_p2/BRAM/work_dbg/debug_top.v:1099) [EFX-0200]
WARNING  : Removing redundant signal : bscan_SEL. (/home/olle/efinity_p2/BRAM/work_dbg/debug_top.v:1100) [EFX-0200]
WARNING  : Removing redundant signal : bscan_TMS. (/home/olle/efinity_p2/BRAM/work_dbg/debug_top.v:1104) [EFX-0200]
WARNING  : Removing redundant signal : trig_in_ack. (/home/olle/efinity_p2/BRAM/work_dbg/debug_top.v:1116) [EFX-0200]
WARNING  : Removing redundant signal : mux_capture_cmp[18]. (/home/olle/efinity_p2/BRAM/work_dbg/debug_top.v:3530) [EFX-0200]
WARNING  : Removing redundant signal : mux_capture_cmp[17]. (/home/olle/efinity_p2/BRAM/work_dbg/debug_top.v:3530) [EFX-0200]
WARNING  : Removing redundant signal : mux_capture_cmp[16]. (/home/olle/efinity_p2/BRAM/work_dbg/debug_top.v:3530) [EFX-0200]
WARNING  : Removing redundant signal : mux_capture_cmp[15]. (/home/olle/efinity_p2/BRAM/work_dbg/debug_top.v:3530) [EFX-0200]
WARNING  : Removing redundant signal : mux_capture_cmp[14]. (/home/olle/efinity_p2/BRAM/work_dbg/debug_top.v:3530) [EFX-0200]
WARNING  : Removing redundant signal : mux_capture_cmp[13]. (/home/olle/efinity_p2/BRAM/work_dbg/debug_top.v:3530) [EFX-0200]
WARNING  : Removing redundant signal : mux_capture_cmp[12]. (/home/olle/efinity_p2/BRAM/work_dbg/debug_top.v:3530) [EFX-0200]
WARNING  : (The above message was generated too many times, subsequent similar messages will be muted.) [EFX-0200]

INFO     : Module Instance 'la0' input pin 'trig_in' is tied to constant (=0). [EFX-0266]
INFO     : Module Instance 'la0' input pin 'trig_out_ack' is tied to constant (=0). [EFX-0266]
WARNING  : Re-wiring to GND non-driven net 'la0.probe19[0]'. (/home/olle/efinity_p2/BRAM/work_dbg/debug_top.v:138) [EFX-0201]
WARNING  : Re-wiring to GND non-driven net 'la0.probe20[0]'. (/home/olle/efinity_p2/BRAM/work_dbg/debug_top.v:138) [EFX-0201]
WARNING  : Re-wiring to GND non-driven net 'la0.probe21[0]'. (/home/olle/efinity_p2/BRAM/work_dbg/debug_top.v:138) [EFX-0201]
WARNING  : Re-wiring to GND non-driven net 'la0.probe22[0]'. (/home/olle/efinity_p2/BRAM/work_dbg/debug_top.v:138) [EFX-0201]
WARNING  : Re-wiring to GND non-driven net 'la0.probe23[0]'. (/home/olle/efinity_p2/BRAM/work_dbg/debug_top.v:138) [EFX-0201]
WARNING  : Re-wiring to GND non-driven net 'la0.probe24[0]'. (/home/olle/efinity_p2/BRAM/work_dbg/debug_top.v:138) [EFX-0201]
WARNING  : Re-wiring to GND non-driven net 'la0.probe25[0]'. (/home/olle/efinity_p2/BRAM/work_dbg/debug_top.v:138) [EFX-0201]
WARNING  : Re-wiring to GND non-driven net 'la0.probe26[0]'. (/home/olle/efinity_p2/BRAM/work_dbg/debug_top.v:138) [EFX-0201]
WARNING  : Re-wiring to GND non-driven net 'la0.probe27[0]'. (/home/olle/efinity_p2/BRAM/work_dbg/debug_top.v:138) [EFX-0201]
WARNING  : Re-wiring to GND non-driven net 'la0.probe28[0]'. (/home/olle/efinity_p2/BRAM/work_dbg/debug_top.v:138) [EFX-0201]
WARNING  : (The above message was generated too many times, subsequent similar messages will be muted.) [EFX-0201]
INFO     : ... Pre-synthesis checks end (Real time : 0s CPU user time : 1s CPU sys time : 0s MEM : 372736KB)
INFO     : ... NameSpace init begin
INFO     : ... NameSpace init end (Real time : 0s CPU user time : 1s CPU sys time : 0s MEM : 372736KB)
INFO     : ... Mapping design "edb_top"
INFO     : ... Hierarchical pre-synthesis "edb_adbg_crc32" begin
INFO     : ... Hierarchical pre-synthesis "edb_adbg_crc32" end (Real time : 0s CPU user time : 1s CPU sys time : 0s MEM : 372736KB)
INFO     : ... Hierarchical pre-synthesis "compare_unit(WIDTH=11'b01,PIPE=1)" begin
INFO     : ... Hierarchical pre-synthesis "compare_unit(WIDTH=11'b01,PIPE=1)" end (Real time : 0s CPU user time : 1s CPU sys time : 0s MEM : 372736KB)
INFO     : ... Hierarchical pre-synthesis "compare_unit(WIDTH=11'b011010,PIPE=1)" begin

INFO     : ... Hierarchical pre-synthesis "compare_unit(WIDTH=11'b011010,PIPE=1)" end (Real time : 0s CPU user time : 1s CPU sys time : 0s MEM : 372736KB)
INFO     : ... Hierarchical pre-synthesis "compare_unit(WIDTH=11'b0100000,PIPE=1)" begin
INFO     : ... Hierarchical pre-synthesis "compare_unit(WIDTH=11'b0100000,PIPE=1)" end (Real time : 0s CPU user time : 1s CPU sys time : 0s MEM : 372736KB)
INFO     : ... Hierarchical pre-synthesis "compare_unit(WIDTH=11'b010,PIPE=1)" begin
INFO     : ... Hierarchical pre-synthesis "compare_unit(WIDTH=11'b010,PIPE=1)" end (Real time : 0s CPU user time : 1s CPU sys time : 0s MEM : 372736KB)
INFO     : ... Hierarchical pre-synthesis "compare_unit(WIDTH=11'b01000,PIPE=1)" begin

INFO     : ... Hierarchical pre-synthesis "compare_unit(WIDTH=11'b01000,PIPE=1)" end (Real time : 0s CPU user time : 1s CPU sys time : 0s MEM : 372736KB)
INFO     : ... Hierarchical pre-synthesis "compare_unit(WIDTH=11'b011,PIPE=1)" begin
INFO     : ... Hierarchical pre-synthesis "compare_unit(WIDTH=11'b011,PIPE=1)" end (Real time : 0s CPU user time : 1s CPU sys time : 0s MEM : 372736KB)
INFO     : ... Hierarchical pre-synthesis "compare_unit(WIDTH=11'b0100,PIPE=1)" begin
INFO     : ... Hierarchical pre-synthesis "compare_unit(WIDTH=11'b0100,PIPE=1)" end (Real time : 0s CPU user time : 1s CPU sys time : 0s MEM : 372736KB)
INFO     : ... Hierarchical pre-synthesis "compare_unit(WIDTH=11'b010000,PIPE=1)" begin
INFO     : ... Hierarchical pre-synthesis "compare_unit(WIDTH=11'b010000,PIPE=1)" end (Real time : 0s CPU user time : 1s CPU sys time : 0s MEM : 372736KB)
INFO     : ... Hierarchical pre-synthesis "compare_unit(WIDTH=11'b0110,PIPE=1)" begin
INFO     : ... Hierarchical pre-synthesis "compare_unit(WIDTH=11'b0110,PIPE=1)" end (Real time : 0s CPU user time : 1s CPU sys time : 0s MEM : 372736KB)
INFO     : ... Hierarchical pre-synthesis "compare_unit(WIDTH=11'b011000,PIPE=1)" begin

INFO     : ... Hierarchical pre-synthesis "compare_unit(WIDTH=11'b011000,PIPE=1)" end (Real time : 0s CPU user time : 1s CPU sys time : 0s MEM : 372736KB)
INFO     : ... Hierarchical pre-synthesis "trigger_unit(WIDTH=32'b010011,PIPE=1)" begin
INFO     : ... Hierarchical pre-synthesis "trigger_unit(WIDTH=32'b010011,PIPE=1)" end (Real time : 0s CPU user time : 1s CPU sys time : 0s MEM : 372736KB)
INFO     : ... Hierarchical pre-synthesis "trigger_skipper" begin

INFO     : ... Hierarchical pre-synthesis "trigger_skipper" end (Real time : 0s CPU user time : 1s CPU sys time : 0s MEM : 372736KB)
INFO     : ... Hierarchical pre-synthesis "fifo_address_trancode_unit" begin
INFO     : ... Hierarchical pre-synthesis "fifo_address_trancode_unit" end (Real time : 0s CPU user time : 1s CPU sys time : 0s MEM : 372736KB)
INFO     : ... Hierarchical pre-synthesis "edb_simple_dual_port_ram(DATA_WIDTH=32'b011011101,ADDR_WIDTH=10,RAM_INIT_FILE="")" begin

INFO     : ... Hierarchical pre-synthesis "edb_simple_dual_port_ram(DATA_WIDTH=32'b011011101,ADDR_WIDTH=10,RAM_INIT_FILE="")" end (Real time : 0s CPU user time : 1s CPU sys time : 0s MEM : 372736KB)
INFO     : ... Hierarchical pre-synthesis "fifo_with_read(DATA_WIDTH=32'b011011101)" begin

INFO     : ... Hierarchical pre-synthesis "fifo_with_read(DATA_WIDTH=32'b011011101)" end (Real time : 0s CPU user time : 1s CPU sys time : 0s MEM : 372736KB)
INFO     : ... Hierarchical pre-synthesis "la_biu(CAPTURE_WIDTH=32'b011011100)" begin

INFO     : ... Hierarchical pre-synthesis "la_biu(CAPTURE_WIDTH=32'b011011100)" end (Real time : 0s CPU user time : 1s CPU sys time : 0s MEM : 372736KB)
INFO     : ... Hierarchical pre-synthesis "edb_la_top_renamed_due_excessive_length_1" begin

INFO     : ... Hierarchical pre-synthesis "edb_la_top_renamed_due_excessive_length_1" end (Real time : 1s CPU user time : 2s CPU sys time : 0s MEM : 372736KB)
INFO     : ... Hierarchical pre-synthesis "debug_hub" begin

INFO     : ... Hierarchical pre-synthesis "debug_hub" end (Real time : 0s CPU user time : 2s CPU sys time : 0s MEM : 372736KB)
INFO     : ... Hierarchical pre-synthesis "edb_top" begin

INFO     : ... Clock Enable Synthesis Performed on 129 flops.

INFO     : ... Hierarchical pre-synthesis "edb_top" end (Real time : 0s CPU user time : 3s CPU sys time : 0s MEM : 372736KB)

INFO     : ... Flat optimizations begin

INFO     : ... Flat optimizations end (Real time : 0s CPU user time : 3s CPU sys time : 0s MEM : 372736KB)

INFO     : ... Flat synthesis begin

INFO     : ... Flat synthesis end (Real time : 0s CPU user time : 3s CPU sys time : 0s MEM : 372736KB)

INFO     : ... Flat optimizations begin

INFO     : ... Flat optimizations end (Real time : 0s CPU user time : 3s CPU sys time : 0s MEM : 372736KB)
INFO     : ... Check and break combinational loops begin

INFO     : ... Check and break combinational loops end (Real time : 0s CPU user time : 3s CPU sys time : 0s MEM : 372736KB)

INFO     : ... Sequential Optimization begin

INFO     : ... Clock Network 'la0_clk' with 1827 loads will be considered for sequential optimization.

INFO     : ... Clock Network 'bscan_TCK' with 937 loads will be considered for sequential optimization.

INFO     : ... Sequential Optimization deduced 186 equivalent points.

INFO     : ... Sequential Optimization end (Real time : 10s CPU user time : 14s CPU sys time : 0s MEM : 372736KB)
INFO     : ... Setup for logic synthesis begin

INFO     : ... Setup for logic synthesis end (Real time : 0s CPU user time : 14s CPU sys time : 0s MEM : 372736KB)
INFO     : ... LUT mapping begin

INFO     : ... LS, strategy: 3, nd: 2227, ed: 6958, lv: 8, pw: 4287.48
INFO     : ... LUT mapping end (Real time : 9s CPU user time : 24s CPU sys time : 0s MEM : 372736KB)
INFO     : ... Post-synthesis Verific netlist creation begin

INFO     : ... Post-synthesis Verific netlist creation end (Real time : 0s CPU user time : 25s CPU sys time : 0s MEM : 372736KB)

INFO     : ... Postmap Retiming Optimization begin

INFO     : ... Clock Network 'la0_clk~la0_clk' with 1827 loads will be considered for retiming optimization.

INFO     : ... Clock Network 'bscan_TCK~bscan_TCK' with 937 loads will be considered for retiming optimization.

INFO     : ... Performed 0 retime moves.
INFO     : ... Postmap Retiming Optimization end (Real time : 10s CPU user time : 34s CPU sys time : 0s MEM : 372736KB)

INFO     : ***** Beginning VDB Netlist Checker ... *****
WARNING  : /home/olle/efinity_p2/BRAM/work_dbg/debug_top.v(13): Input/inout port bscan_DRCK is unconnected and will be removed. [VDB-8003]
WARNING  : /home/olle/efinity_p2/BRAM/work_dbg/debug_top.v(15): Input/inout port bscan_RUNTEST is unconnected and will be removed. [VDB-8003]
WARNING  : /home/olle/efinity_p2/BRAM/work_dbg/debug_top.v(20): Input/inout port bscan_TMS is unconnected and will be removed. [VDB-8003]

WARNING  : Found 3 warnings in the post-synthesis netlist.
INFO     : VDB Netlist Checker took 0.0182003 seconds.
INFO     : 	VDB Netlist Checker took 0.03 seconds (approximately) in total CPU time.
INFO     : VDB Netlist Checker virtual memory usage: begin = 303.204 MB, end = 303.204 MB, delta = 0 MB
INFO     : VDB Netlist Checker resident set memory usage: begin = 208.288 MB, end = 208.288 MB, delta = 0 MB
INFO     : 	VDB Netlist Checker peak resident set memory usage = 372.736 MB
INFO     : ***** Ending VDB Netlist Checker ... *****

INFO     : Resource Summary 
INFO     : =============================== 
INFO     : EFX_ADD         : 	152
INFO     : EFX_LUT4        : 	2209
INFO     : EFX_FF          : 	2755
INFO     : EFX_RAM_5K      : 	45
INFO     : EFX_GBUFCE      : 	2
INFO     : =============================== 

INFO     : The entire flow of EFX_MAP took 32.9564 seconds.
INFO     : 	The entire flow of EFX_MAP took 35.27 seconds (approximately) in total CPU time.
INFO     : The entire flow of EFX_MAP virtual memory usage: begin = 88.4 MB, end = 303.204 MB, delta = 214.804 MB
INFO     : The entire flow of EFX_MAP resident set memory usage: begin = 27.52 MB, end = 208.288 MB, delta = 180.768 MB
INFO     : 	The entire flow of EFX_MAP peak resident set memory usage = 372.736 MB

Wed August 20 25 20:50:18 - /home/olle/efinix/efinity/2025.1/bin/efx_map finished. Exit code = 0 Exit status : Normal

Debugger Step Compile Debugger Cores. Done

--------------------------------------------------------------

--------------------------------------------------------------

Start Debugger Step Merge User design with Debugger Cores.

Wed August 20 25 20:50:18 - /home/olle/efinix/efinity/2025.1/bin/efx_map  --family "Trion" --device "T20F169" --gen-mark-debug-json "0" --allow-const-ram-index "0" --blackbox-error "1" --blast_const_operand_adders "1" --bram_output_regs_packing "1" --bram-push-tco-outreg "0" --create-onehot-fsms "0" --fanout-limit "0" --hdl-compile-unit "1" --hdl-loop-limit "20000" --infer-clk-enable "3" --infer-sync-set-reset "1" --enable-mark-debug "1" --max_ram "-1" --max_mult "-1" --max-bit-blast-mem-size "10240" --min-sr-fanout "0" --min-ce-fanout "0" --mode "speed" --mult-auto-pipeline "0" --mult-decomp-retime "0" --operator-sharing "0" --optimize-adder-tree "0" --optimize-zero-init-rom "1" --peri-syn-instantiation "0" --peri-syn-inference "0" --ram-decomp-mode "0" --retiming "1" --seq_opt "1" --seq-opt-sync-only "0" --use-logic-for-small-mem "64" --use-logic-for-small-rom "64" --max_threads "-1" --mult_input_regs_packing "1" --mult_output_regs_packing "1" --I "/home/olle/efinity_p2/BRAM" --I "/home/olle/efinity_p2/BRAM/ip/BRAM_8192_bytes" --I "/home/olle/efinity_p2/BRAM/ip/micro_risc_v1" --root "top_level" --vdb "/home/olle/efinity_p2/BRAM/outflow/BRAM.elab.vdb" --vdb "/home/olle/efinity_p2/BRAM/work_dbg/debug_top.post.vdb" --write-efx-verilog "/home/olle/efinity_p2/BRAM/work_dbg/BRAM.dbg.map.v" --binary-db "/home/olle/efinity_p2/BRAM/work_dbg/BRAM.dbg.vdb" --merge_vdbs=1 --conn "/home/olle/efinity_p2/BRAM/debug_profile.wizard.json" --work-dir "/home/olle/efinity_p2/BRAM/work_dbg" --output-dir "/home/olle/efinity_p2/BRAM/outflow"

Wed August 20 25 20:50:18 - Running /home/olle/efinix/efinity/2025.1/bin/efx_map...

INFO     : Efinix FPGA Synthesis.
INFO     : Version: 2025.1.110.2.15
INFO     : Compiled: Jun 21 2025.
INFO     : 
INFO     : Copyright (C) 2013 - 2025 Efinix, Inc. All rights reserved.


INFO     : Analyzing Verilog file '/home/olle/efinix/efinity/2025.1/sim_models/maplib/efinix_peri_lib.v' [VERI-1482]
INFO     : /home/olle/efinix/efinity/2025.1/sim_models/maplib/efinix_peri_lib.v(8): compiling module 'EFX_IBUF' [VERI-1018]
INFO     : /home/olle/efinix/efinity/2025.1/sim_models/maplib/efinix_peri_lib.v(16): compiling module 'EFX_OBUF' [VERI-1018]
INFO     : /home/olle/efinix/efinity/2025.1/sim_models/maplib/efinix_peri_lib.v(23): compiling module 'EFX_IO_BUF' [VERI-1018]
INFO     : /home/olle/efinix/efinity/2025.1/sim_models/maplib/efinix_peri_lib.v(33): compiling module 'EFX_CLKOUT' [VERI-1018]
INFO     : /home/olle/efinix/efinity/2025.1/sim_models/maplib/efinix_peri_lib.v(41): compiling module 'EFX_IREG' [VERI-1018]
INFO     : /home/olle/efinix/efinity/2025.1/sim_models/maplib/efinix_peri_lib.v(51): compiling module 'EFX_OREG' [VERI-1018]
INFO     : /home/olle/efinix/efinity/2025.1/sim_models/maplib/efinix_peri_lib.v(60): compiling module 'EFX_IOREG' [VERI-1018]
INFO     : /home/olle/efinix/efinity/2025.1/sim_models/maplib/efinix_peri_lib.v(75): compiling module 'EFX_IDDIO' [VERI-1018]
INFO     : /home/olle/efinix/efinity/2025.1/sim_models/maplib/efinix_peri_lib.v(87): compiling module 'EFX_ODDIO' [VERI-1018]
INFO     : /home/olle/efinix/efinity/2025.1/sim_models/maplib/efinix_peri_lib.v(99): compiling module 'EFX_GPIO_V1' [VERI-1018]
INFO     : /home/olle/efinix/efinity/2025.1/sim_models/maplib/efinix_peri_lib.v(124): compiling module 'EFX_GPIO_V2' [VERI-1018]
INFO     : /home/olle/efinix/efinity/2025.1/sim_models/maplib/efinix_peri_lib.v(149): compiling module 'EFX_GPIO_V3' [VERI-1018]
INFO     : /home/olle/efinix/efinity/2025.1/sim_models/maplib/efinix_peri_lib.v(186): compiling module 'EFX_PLL_V1' [VERI-1018]
INFO     : /home/olle/efinix/efinity/2025.1/sim_models/maplib/efinix_peri_lib.v(205): compiling module 'EFX_PLL_V2' [VERI-1018]
INFO     : /home/olle/efinix/efinity/2025.1/sim_models/maplib/efinix_peri_lib.v(231): compiling module 'EFX_PLL_V3' [VERI-1018]
INFO     : /home/olle/efinix/efinity/2025.1/sim_models/maplib/efinix_peri_lib.v(279): compiling module 'EFX_OSC_V1' [VERI-1018]
INFO     : /home/olle/efinix/efinity/2025.1/sim_models/maplib/efinix_peri_lib.v(285): compiling module 'EFX_OSC_V3' [VERI-1018]
INFO     : /home/olle/efinix/efinity/2025.1/sim_models/maplib/efinix_peri_lib.v(294): compiling module 'EFX_FPLL_V1' [VERI-1018]
INFO     : /home/olle/efinix/efinity/2025.1/sim_models/maplib/efinix_peri_lib.v(348): compiling module 'EFX_JTAG_V1' [VERI-1018]
INFO     : /home/olle/efinix/efinity/2025.1/sim_models/maplib/efinix_peri_lib.v(357): compiling module 'EFX_JTAG_CTRL' [VERI-1018]
INFO     : /home/olle/efinix/efinity/2025.1/sim_models/maplib/efinix_peri_lib.v(364): compiling module 'EFX_LVDS_RX_V1' [VERI-1018]
INFO     : /home/olle/efinix/efinity/2025.1/sim_models/maplib/efinix_peri_lib.v(381): compiling module 'EFX_LVDS_TX_V1' [VERI-1018]
INFO     : /home/olle/efinix/efinity/2025.1/sim_models/maplib/efinix_peri_lib.v(399): compiling module 'EFX_LVDS_RX_V2' [VERI-1018]
INFO     : /home/olle/efinix/efinity/2025.1/sim_models/maplib/efinix_peri_lib.v(426): compiling module 'EFX_LVDS_TX_V2' [VERI-1018]
INFO     : /home/olle/efinix/efinity/2025.1/sim_models/maplib/efinix_peri_lib.v(446): compiling module 'EFX_LVDS_BIDIR_V2' [VERI-1018]

INFO     : ... Setting Synthesis Option: mode=speed
INFO     : ***** Beginning Reading Mapping Library ... *****
INFO     : Analyzing Verilog file '/home/olle/efinix/efinity/2025.1/sim_models/maplib/efinix_maplib.v' [VERI-1482]

INFO     : /home/olle/efinix/efinity/2025.1/sim_models/maplib/efinix_maplib.v(8): compiling module 'EFX_ADD' [VERI-1018]
INFO     : /home/olle/efinix/efinity/2025.1/sim_models/maplib/efinix_maplib.v(21): compiling module 'EFX_FF' [VERI-1018]
INFO     : /home/olle/efinix/efinity/2025.1/sim_models/maplib/efinix_maplib.v(38): compiling module 'EFX_COMB4' [VERI-1018]
INFO     : /home/olle/efinix/efinity/2025.1/sim_models/maplib/efinix_maplib.v(48): compiling module 'EFX_GBUFCE' [VERI-1018]
INFO     : /home/olle/efinix/efinity/2025.1/sim_models/maplib/efinix_maplib.v(57): compiling module 'EFX_LUT4' [VERI-1018]
INFO     : /home/olle/efinix/efinity/2025.1/sim_models/maplib/efinix_maplib.v(65): compiling module 'EFX_MULT' [VERI-1018]
INFO     : /home/olle/efinix/efinity/2025.1/sim_models/maplib/efinix_maplib.v(100): compiling module 'EFX_DSP48' [VERI-1018]
INFO     : /home/olle/efinix/efinity/2025.1/sim_models/maplib/efinix_maplib.v(156): compiling module 'EFX_DSP24' [VERI-1018]
INFO     : /home/olle/efinix/efinity/2025.1/sim_models/maplib/efinix_maplib.v(209): compiling module 'EFX_DSP12' [VERI-1018]
INFO     : /home/olle/efinix/efinity/2025.1/sim_models/maplib/efinix_maplib.v(262): compiling module 'EFX_RAM_4K' [VERI-1018]
INFO     : /home/olle/efinix/efinity/2025.1/sim_models/maplib/efinix_maplib.v(322): compiling module 'EFX_RAM_5K' [VERI-1018]
INFO     : /home/olle/efinix/efinity/2025.1/sim_models/maplib/efinix_maplib.v(394): compiling module 'EFX_DPRAM_5K' [VERI-1018]
INFO     : /home/olle/efinix/efinity/2025.1/sim_models/maplib/efinix_maplib.v(499): compiling module 'RAMB5' [VERI-1018]
INFO     : /home/olle/efinix/efinity/2025.1/sim_models/maplib/efinix_maplib.v(561): compiling module 'EFX_RAM_10K' [VERI-1018]
INFO     : /home/olle/efinix/efinity/2025.1/sim_models/maplib/efinix_maplib.v(653): compiling module 'EFX_RAM10' [VERI-1018]
INFO     : /home/olle/efinix/efinity/2025.1/sim_models/maplib/efinix_maplib.v(754): compiling module 'EFX_DPRAM10' [VERI-1018]
INFO     : /home/olle/efinix/efinity/2025.1/sim_models/maplib/efinix_maplib.v(884): compiling module 'EFX_SRL8' [VERI-1018]
INFO     : Reading Mapping Library took 0.0113317 seconds.
INFO     : 	Reading Mapping Library took 0.01 seconds (approximately) in total CPU time.
INFO     : Reading Mapping Library virtual memory usage: begin = 169.108 MB, end = 169.108 MB, delta = 0 MB
INFO     : Reading Mapping Library resident set memory usage: begin = 116.736 MB, end = 117.376 MB, delta = 0.64 MB
INFO     : 	Reading Mapping Library peak resident set memory usage = 372.736 MB
INFO     : ***** Ending Reading Mapping Library ... *****
INFO     : ... Pre-synthesis checks begin
WARNING  : The primary output port 'led2' wire 'led2' is not driven. [EFX-0256]
WARNING  : The primary output port 'mdc' wire 'mdc' is not driven. [EFX-0256]
WARNING  : The primary output port 'mdio_o' wire 'mdio_o' is not driven. [EFX-0256]
WARNING  : The primary output port 'mdio_oe' wire 'mdio_oe' is not driven. [EFX-0256]
WARNING  : The primary output port 'CAM0_EN' wire 'CAM0_EN' is not driven. [EFX-0256]
WARNING  : The primary output port 'CAM1_EN' wire 'CAM1_EN' is not driven. [EFX-0256]
WARNING  : The primary output port 'RJ45_led' wire 'RJ45_led' is not driven. [EFX-0256]

WARNING  : Removing redundant signal : io_cpu_prefetch_isValid. (/home/olle/efinity_p2/BRAM/ip/micro_risc_v1/micro_risc_v1.v:12221) [EFX-0200]
WARNING  : Removing redundant signal : io_cpu_prefetch_pc[31]. (/home/olle/efinity_p2/BRAM/ip/micro_risc_v1/micro_risc_v1.v:12223) [EFX-0200]
WARNING  : Removing redundant signal : io_cpu_prefetch_pc[30]. (/home/olle/efinity_p2/BRAM/ip/micro_risc_v1/micro_risc_v1.v:12223) [EFX-0200]
WARNING  : Removing redundant signal : io_cpu_prefetch_pc[29]. (/home/olle/efinity_p2/BRAM/ip/micro_risc_v1/micro_risc_v1.v:12223) [EFX-0200]
WARNING  : Removing redundant signal : io_cpu_prefetch_pc[28]. (/home/olle/efinity_p2/BRAM/ip/micro_risc_v1/micro_risc_v1.v:12223) [EFX-0200]
WARNING  : Removing redundant signal : io_cpu_prefetch_pc[27]. (/home/olle/efinity_p2/BRAM/ip/micro_risc_v1/micro_risc_v1.v:12223) [EFX-0200]
WARNING  : Removing redundant signal : io_cpu_prefetch_pc[26]. (/home/olle/efinity_p2/BRAM/ip/micro_risc_v1/micro_risc_v1.v:12223) [EFX-0200]
WARNING  : Removing redundant signal : io_cpu_prefetch_pc[25]. (/home/olle/efinity_p2/BRAM/ip/micro_risc_v1/micro_risc_v1.v:12223) [EFX-0200]
WARNING  : Removing redundant signal : io_cpu_prefetch_pc[24]. (/home/olle/efinity_p2/BRAM/ip/micro_risc_v1/micro_risc_v1.v:12223) [EFX-0200]
WARNING  : Removing redundant signal : io_cpu_prefetch_pc[23]. (/home/olle/efinity_p2/BRAM/ip/micro_risc_v1/micro_risc_v1.v:12223) [EFX-0200]
WARNING  : Removing redundant signal : io_cpu_prefetch_pc[22]. (/home/olle/efinity_p2/BRAM/ip/micro_risc_v1/micro_risc_v1.v:12223) [EFX-0200]
WARNING  : Removing redundant signal : io_cpu_prefetch_pc[21]. (/home/olle/efinity_p2/BRAM/ip/micro_risc_v1/micro_risc_v1.v:12223) [EFX-0200]
WARNING  : Removing redundant signal : io_cpu_prefetch_pc[20]. (/home/olle/efinity_p2/BRAM/ip/micro_risc_v1/micro_risc_v1.v:12223) [EFX-0200]
WARNING  : Removing redundant signal : io_cpu_prefetch_pc[19]. (/home/olle/efinity_p2/BRAM/ip/micro_risc_v1/micro_risc_v1.v:12223) [EFX-0200]
WARNING  : Removing redundant signal : io_cpu_prefetch_pc[18]. (/home/olle/efinity_p2/BRAM/ip/micro_risc_v1/micro_risc_v1.v:12223) [EFX-0200]
WARNING  : Removing redundant signal : io_cpu_prefetch_pc[17]. (/home/olle/efinity_p2/BRAM/ip/micro_risc_v1/micro_risc_v1.v:12223) [EFX-0200]
WARNING  : Removing redundant signal : io_cpu_prefetch_pc[16]. (/home/olle/efinity_p2/BRAM/ip/micro_risc_v1/micro_risc_v1.v:12223) [EFX-0200]
WARNING  : Removing redundant signal : io_cpu_prefetch_pc[15]. (/home/olle/efinity_p2/BRAM/ip/micro_risc_v1/micro_risc_v1.v:12223) [EFX-0200]
WARNING  : Removing redundant signal : io_cpu_prefetch_pc[14]. (/home/olle/efinity_p2/BRAM/ip/micro_risc_v1/micro_risc_v1.v:12223) [EFX-0200]
WARNING  : Removing redundant signal : io_cpu_prefetch_pc[13]. (/home/olle/efinity_p2/BRAM/ip/micro_risc_v1/micro_risc_v1.v:12223) [EFX-0200]
WARNING  : (The above message was generated too many times, subsequent similar messages will be muted.) [EFX-0200]
INFO     : ... Memory 'banks_0' is not initialized, assuming empty initial contents. (/home/olle/efinity_p2/BRAM/ip/micro_risc_v1/micro_risc_v1.v:12325) [EFX-0677]
INFO     : ... Memory 'ways_0_tags' is not initialized, assuming empty initial contents. (/home/olle/efinity_p2/BRAM/ip/micro_risc_v1/micro_risc_v1.v:12326) [EFX-0677]
INFO     : ... Memory 'ways_0_tags' is not initialized, assuming empty initial contents. (/home/olle/efinity_p2/BRAM/ip/micro_risc_v1/micro_risc_v1.v:11579) [EFX-0677]
INFO     : ... Memory 'ways_0_data_symbol0' is not initialized, assuming empty initial contents. (/home/olle/efinity_p2/BRAM/ip/micro_risc_v1/micro_risc_v1.v:11580) [EFX-0677]
INFO     : ... Memory 'ways_0_data_symbol1' is not initialized, assuming empty initial contents. (/home/olle/efinity_p2/BRAM/ip/micro_risc_v1/micro_risc_v1.v:11581) [EFX-0677]
INFO     : ... Memory 'ways_0_data_symbol2' is not initialized, assuming empty initial contents. (/home/olle/efinity_p2/BRAM/ip/micro_risc_v1/micro_risc_v1.v:11582) [EFX-0677]
INFO     : ... Memory 'ways_0_data_symbol3' is not initialized, assuming empty initial contents. (/home/olle/efinity_p2/BRAM/ip/micro_risc_v1/micro_risc_v1.v:11583) [EFX-0677]
WARNING  : Re-wiring to GND non-driven net 'IBusCachedPlugin_cache_io_cpu_fetch_isRemoved'. (/home/olle/efinity_p2/BRAM/ip/micro_risc_v1/micro_risc_v1.v:5832) [EFX-0201]
WARNING  : Re-wiring to GND non-driven net 'dataCache_1_io_cpu_writeBack_fence_SW'. (/home/olle/efinity_p2/BRAM/ip/micro_risc_v1/micro_risc_v1.v:5845) [EFX-0201]
WARNING  : Re-wiring to GND non-driven net 'dataCache_1_io_cpu_writeBack_fence_SR'. (/home/olle/efinity_p2/BRAM/ip/micro_risc_v1/micro_risc_v1.v:5846) [EFX-0201]
WARNING  : Re-wiring to GND non-driven net 'dataCache_1_io_cpu_writeBack_fence_SO'. (/home/olle/efinity_p2/BRAM/ip/micro_risc_v1/micro_risc_v1.v:5847) [EFX-0201]
WARNING  : Re-wiring to GND non-driven net 'dataCache_1_io_cpu_writeBack_fence_SI'. (/home/olle/efinity_p2/BRAM/ip/micro_risc_v1/micro_risc_v1.v:5848) [EFX-0201]
WARNING  : Re-wiring to GND non-driven net 'dataCache_1_io_cpu_writeBack_fence_PW'. (/home/olle/efinity_p2/BRAM/ip/micro_risc_v1/micro_risc_v1.v:5849) [EFX-0201]
WARNING  : Re-wiring to GND non-driven net 'dataCache_1_io_cpu_writeBack_fence_PR'. (/home/olle/efinity_p2/BRAM/ip/micro_risc_v1/micro_risc_v1.v:5850) [EFX-0201]
WARNING  : Re-wiring to GND non-driven net 'dataCache_1_io_cpu_writeBack_fence_PO'. (/home/olle/efinity_p2/BRAM/ip/micro_risc_v1/micro_risc_v1.v:5851) [EFX-0201]
WARNING  : Re-wiring to GND non-driven net 'dataCache_1_io_cpu_writeBack_fence_PI'. (/home/olle/efinity_p2/BRAM/ip/micro_risc_v1/micro_risc_v1.v:5852) [EFX-0201]
WARNING  : Re-wiring to GND non-driven net 'dataCache_1_io_cpu_writeBack_fence_FM[3]'. (/home/olle/efinity_p2/BRAM/ip/micro_risc_v1/micro_risc_v1.v:5853) [EFX-0201]
WARNING  : (The above message was generated too many times, subsequent similar messages will be muted.) [EFX-0201]
INFO     : ... Memory 'RegFilePlugin_regFile' is not initialized, assuming empty initial contents. (/home/olle/efinity_p2/BRAM/ip/micro_risc_v1/micro_risc_v1.v:6995) [EFX-0677]

INFO     : ... Memory 'logic_progbufX_mem' is not initialized, assuming empty initial contents. (/home/olle/efinity_p2/BRAM/ip/micro_risc_v1/micro_risc_v1.v:4949) [EFX-0677]
INFO     : Module Instance 'memory_arbiter' input pin 'io_inputs_0_payload_fragment_source[0]' is tied to constant (=0). [EFX-0266]
INFO     : Module Instance 'memory_arbiter' input pin 'io_inputs_1_payload_fragment_source[0]' is tied to constant (=0). [EFX-0266]
INFO     : Module Instance 'memory_arbiter' input pin 'io_inputs_1_payload_fragment_context[0]' is tied to constant (=0). [EFX-0266]
INFO     : Module Instance 'tx' input pin 'io_cts' is tied to constant (=0). [EFX-0266]
INFO     : ... Memory 'logic_ram' is not initialized, assuming empty initial contents. (/home/olle/efinity_p2/BRAM/ip/micro_risc_v1/micro_risc_v1.v:10857) [EFX-0677]
INFO     : Module Instance 'bridge_write_streamUnbuffered_queueWithOccupancy' input pin 'io_flush' is tied to constant (=0). [EFX-0266]
INFO     : Module Instance 'uartCtrl_1_io_read_queueWithOccupancy' input pin 'io_flush' is tied to constant (=0). [EFX-0266]
INFO     : Module Instance 'system_bridge_bmb_arbiter' input pin 'io_inputs_1_cmd_payload_fragment_data[0]' is tied to constant (=0). [EFX-0266]
INFO     : Module Instance 'system_bridge_bmb_arbiter' input pin 'io_inputs_1_cmd_payload_fragment_data[1]' is tied to constant (=0). [EFX-0266]
INFO     : Module Instance 'system_bridge_bmb_arbiter' input pin 'io_inputs_1_cmd_payload_fragment_data[2]' is tied to constant (=0). [EFX-0266]
INFO     : Module Instance 'system_bridge_bmb_arbiter' input pin 'io_inputs_1_cmd_payload_fragment_data[3]' is tied to constant (=0). [EFX-0266]
INFO     : Module Instance 'system_bridge_bmb_arbiter' input pin 'io_inputs_1_cmd_payload_fragment_data[4]' is tied to constant (=0). [EFX-0266]
INFO     : Module Instance 'system_bridge_bmb_arbiter' input pin 'io_inputs_1_cmd_payload_fragment_data[5]' is tied to constant (=0). [EFX-0266]
INFO     : Module Instance 'system_bridge_bmb_arbiter' input pin 'io_inputs_1_cmd_payload_fragment_data[6]' is tied to constant (=0). [EFX-0266]
INFO     : Module Instance 'system_bridge_bmb_arbiter' input pin 'io_inputs_1_cmd_payload_fragment_data[7]' is tied to constant (=0). [EFX-0266]
INFO     : Module Instance 'system_bridge_bmb_arbiter' input pin 'io_inputs_1_cmd_payload_fragment_data[8]' is tied to constant (=0). [EFX-0266]
INFO     : Module Instance 'system_bridge_bmb_arbiter' input pin 'io_inputs_1_cmd_payload_fragment_data[9]' is tied to constant (=0). [EFX-0266]
INFO     : Module Instance 'system_bridge_bmb_arbiter' input pin 'io_inputs_1_cmd_payload_fragment_data[10]' is tied to constant (=0). [EFX-0266]
INFO     : Module Instance 'system_bridge_bmb_arbiter' input pin 'io_inputs_1_cmd_payload_fragment_data[11]' is tied to constant (=0). [EFX-0266]
INFO     : Module Instance 'system_bridge_bmb_arbiter' input pin 'io_inputs_1_cmd_payload_fragment_data[12]' is tied to constant (=0). [EFX-0266]
INFO     : Module Instance 'system_bridge_bmb_arbiter' input pin 'io_inputs_1_cmd_payload_fragment_data[13]' is tied to constant (=0). [EFX-0266]
INFO     : Module Instance 'system_bridge_bmb_arbiter' input pin 'io_inputs_1_cmd_payload_fragment_data[14]' is tied to constant (=0). [EFX-0266]
INFO     : Module Instance 'system_bridge_bmb_arbiter' input pin 'io_inputs_1_cmd_payload_fragment_data[15]' is tied to constant (=0). [EFX-0266]
INFO     : Module Instance 'system_bridge_bmb_arbiter' input pin 'io_inputs_1_cmd_payload_fragment_data[16]' is tied to constant (=0). [EFX-0266]
INFO     : Module Instance 'system_bridge_bmb_arbiter' input pin 'io_inputs_1_cmd_payload_fragment_data[17]' is tied to constant (=0). [EFX-0266]
INFO     : Module Instance 'system_bridge_bmb_arbiter' input pin 'io_inputs_1_cmd_payload_fragment_data[18]' is tied to constant (=0). [EFX-0266]
INFO     : Module Instance 'system_bridge_bmb_arbiter' input pin 'io_inputs_1_cmd_payload_fragment_data[19]' is tied to constant (=0). [EFX-0266]
INFO     : Module Instance 'system_bridge_bmb_arbiter' input pin 'io_inputs_1_cmd_payload_fragment_data[20]' is tied to constant (=0). [EFX-0266]
INFO     : Module Instance 'system_bridge_bmb_arbiter' input pin 'io_inputs_1_cmd_payload_fragment_data[21]' is tied to constant (=0). [EFX-0266]
INFO     : Module Instance 'system_bridge_bmb_arbiter' input pin 'io_inputs_1_cmd_payload_fragment_data[22]' is tied to constant (=0). [EFX-0266]
INFO     : Module Instance 'system_bridge_bmb_arbiter' input pin 'io_inputs_1_cmd_payload_fragment_data[23]' is tied to constant (=0). [EFX-0266]
INFO     : Module Instance 'system_bridge_bmb_arbiter' input pin 'io_inputs_1_cmd_payload_fragment_data[24]' is tied to constant (=0). [EFX-0266]
INFO     : Module Instance 'system_bridge_bmb_arbiter' input pin 'io_inputs_1_cmd_payload_fragment_data[25]' is tied to constant (=0). [EFX-0266]
INFO     : Module Instance 'system_bridge_bmb_arbiter' input pin 'io_inputs_1_cmd_payload_fragment_data[26]' is tied to constant (=0). [EFX-0266]
INFO     : Module Instance 'system_bridge_bmb_arbiter' input pin 'io_inputs_1_cmd_payload_fragment_data[27]' is tied to constant (=0). [EFX-0266]
INFO     : Module Instance 'system_bridge_bmb_arbiter' input pin 'io_inputs_1_cmd_payload_fragment_data[28]' is tied to constant (=0). [EFX-0266]
INFO     : Module Instance 'system_bridge_bmb_arbiter' input pin 'io_inputs_1_cmd_payload_fragment_data[29]' is tied to constant (=0). [EFX-0266]
INFO     : Module Instance 'system_bridge_bmb_arbiter' input pin 'io_inputs_1_cmd_payload_fragment_data[30]' is tied to constant (=0). [EFX-0266]
INFO     : Module Instance 'system_bridge_bmb_arbiter' input pin 'io_inputs_1_cmd_payload_fragment_data[31]' is tied to constant (=0). [EFX-0266]
INFO     : Module Instance 'system_bridge_bmb_arbiter' input pin 'io_inputs_1_cmd_payload_fragment_mask[0]' is tied to constant (=0). [EFX-0266]
INFO     : Module Instance 'system_bridge_bmb_arbiter' input pin 'io_inputs_1_cmd_payload_fragment_mask[1]' is tied to constant (=0). [EFX-0266]
INFO     : Module Instance 'system_bridge_bmb_arbiter' input pin 'io_inputs_1_cmd_payload_fragment_mask[2]' is tied to constant (=0). [EFX-0266]
INFO     : Module Instance 'system_bridge_bmb_arbiter' input pin 'io_inputs_1_cmd_payload_fragment_mask[3]' is tied to constant (=0). [EFX-0266]

INFO     : Module Instance 'u_micro_risc_v1' input pin 'jtagCtrl_enable' is tied to constant (=1). [EFX-0266]
INFO     : ... Pre-synthesis checks end (Real time : 0s CPU user time : 0s CPU sys time : 0s MEM : 372736KB)
INFO     : ... NameSpace init begin
INFO     : ... NameSpace init end (Real time : 0s CPU user time : 0s CPU sys time : 0s MEM : 372736KB)
INFO     : ... Mapping design "top_level"
INFO     : ... Hierarchical pre-synthesis "InstructionCache_2fa2c88f3c1f4868ba7cd09620d007ba" begin

INFO     : ... Hierarchical pre-synthesis "InstructionCache_2fa2c88f3c1f4868ba7cd09620d007ba" end (Real time : 0s CPU user time : 0s CPU sys time : 0s MEM : 372736KB)
INFO     : ... Hierarchical pre-synthesis "DataCache_2fa2c88f3c1f4868ba7cd09620d007ba" begin

INFO     : ... Hierarchical pre-synthesis "DataCache_2fa2c88f3c1f4868ba7cd09620d007ba" end (Real time : 0s CPU user time : 0s CPU sys time : 0s MEM : 372736KB)
INFO     : ... Hierarchical pre-synthesis "BufferCC_2fa2c88f3c1f4868ba7cd09620d007ba" begin
INFO     : ... Hierarchical pre-synthesis "BufferCC_2fa2c88f3c1f4868ba7cd09620d007ba" end (Real time : 0s CPU user time : 0s CPU sys time : 0s MEM : 372736KB)
INFO     : ... Hierarchical pre-synthesis "EfxCPUSp1_2fa2c88f3c1f4868ba7cd09620d007ba" begin

INFO     : ... Hierarchical pre-synthesis "EfxCPUSp1_2fa2c88f3c1f4868ba7cd09620d007ba" end (Real time : 0s CPU user time : 0s CPU sys time : 0s MEM : 372736KB)
INFO     : ... Hierarchical pre-synthesis "VexRiscv_2fa2c88f3c1f4868ba7cd09620d007ba" begin

INFO     : ... Hierarchical pre-synthesis "VexRiscv_2fa2c88f3c1f4868ba7cd09620d007ba" end (Real time : 1s CPU user time : 1s CPU sys time : 0s MEM : 372736KB)
INFO     : ... Hierarchical pre-synthesis "DebugModule_2fa2c88f3c1f4868ba7cd09620d007ba" begin

INFO     : ... Hierarchical pre-synthesis "DebugModule_2fa2c88f3c1f4868ba7cd09620d007ba" end (Real time : 0s CPU user time : 1s CPU sys time : 0s MEM : 372736KB)
INFO     : ... Hierarchical pre-synthesis "BufferCC_5_2fa2c88f3c1f4868ba7cd09620d007ba" begin
INFO     : ... Hierarchical pre-synthesis "BufferCC_5_2fa2c88f3c1f4868ba7cd09620d007ba" end (Real time : 0s CPU user time : 1s CPU sys time : 0s MEM : 372736KB)
INFO     : ... Hierarchical pre-synthesis "BufferCC_6_2fa2c88f3c1f4868ba7cd09620d007ba" begin
INFO     : ... Hierarchical pre-synthesis "BufferCC_6_2fa2c88f3c1f4868ba7cd09620d007ba" end (Real time : 0s CPU user time : 1s CPU sys time : 0s MEM : 372736KB)
INFO     : ... Hierarchical pre-synthesis "BufferCC_8_2fa2c88f3c1f4868ba7cd09620d007ba" begin
INFO     : ... Hierarchical pre-synthesis "BufferCC_8_2fa2c88f3c1f4868ba7cd09620d007ba" end (Real time : 0s CPU user time : 1s CPU sys time : 0s MEM : 372736KB)
INFO     : ... Hierarchical pre-synthesis "BufferCC_1_2fa2c88f3c1f4868ba7cd09620d007ba" begin
INFO     : ... Hierarchical pre-synthesis "BufferCC_1_2fa2c88f3c1f4868ba7cd09620d007ba" end (Real time : 0s CPU user time : 1s CPU sys time : 0s MEM : 372736KB)
INFO     : ... Hierarchical pre-synthesis "FlowCCByToggle_2fa2c88f3c1f4868ba7cd09620d007ba" begin
INFO     : ... Hierarchical pre-synthesis "FlowCCByToggle_2fa2c88f3c1f4868ba7cd09620d007ba" end (Real time : 0s CPU user time : 1s CPU sys time : 0s MEM : 372736KB)
INFO     : ... Hierarchical pre-synthesis "BufferCC_2_2fa2c88f3c1f4868ba7cd09620d007ba" begin
INFO     : ... Hierarchical pre-synthesis "BufferCC_2_2fa2c88f3c1f4868ba7cd09620d007ba" end (Real time : 0s CPU user time : 1s CPU sys time : 0s MEM : 372736KB)
INFO     : ... Hierarchical pre-synthesis "BufferCC_3_2fa2c88f3c1f4868ba7cd09620d007ba" begin
INFO     : ... Hierarchical pre-synthesis "BufferCC_3_2fa2c88f3c1f4868ba7cd09620d007ba" end (Real time : 0s CPU user time : 1s CPU sys time : 0s MEM : 372736KB)
INFO     : ... Hierarchical pre-synthesis "FlowCCByToggle_1_2fa2c88f3c1f4868ba7cd09620d007ba" begin
INFO     : ... Hierarchical pre-synthesis "FlowCCByToggle_1_2fa2c88f3c1f4868ba7cd09620d007ba" end (Real time : 0s CPU user time : 1s CPU sys time : 0s MEM : 372736KB)
INFO     : ... Hierarchical pre-synthesis "DebugTransportModuleTunneled_2fa2c88f3c1f4868ba7cd09620d007ba" begin

INFO     : ... Hierarchical pre-synthesis "DebugTransportModuleTunneled_2fa2c88f3c1f4868ba7cd09620d007ba" end (Real time : 0s CPU user time : 1s CPU sys time : 0s MEM : 372736KB)
INFO     : ... Hierarchical pre-synthesis "BmbDecoder_2fa2c88f3c1f4868ba7cd09620d007ba" begin
INFO     : ... Hierarchical pre-synthesis "BmbDecoder_2fa2c88f3c1f4868ba7cd09620d007ba" end (Real time : 0s CPU user time : 1s CPU sys time : 0s MEM : 372736KB)
INFO     : ... Hierarchical pre-synthesis "StreamArbiter_2fa2c88f3c1f4868ba7cd09620d007ba" begin
INFO     : ... Hierarchical pre-synthesis "StreamArbiter_2fa2c88f3c1f4868ba7cd09620d007ba" end (Real time : 0s CPU user time : 1s CPU sys time : 0s MEM : 372736KB)
INFO     : ... Hierarchical pre-synthesis "BmbArbiter_2fa2c88f3c1f4868ba7cd09620d007ba" begin

INFO     : ... Hierarchical pre-synthesis "BmbArbiter_2fa2c88f3c1f4868ba7cd09620d007ba" end (Real time : 0s CPU user time : 1s CPU sys time : 0s MEM : 372736KB)
INFO     : ... Hierarchical pre-synthesis "BmbDecoder_1_2fa2c88f3c1f4868ba7cd09620d007ba" begin
INFO     : ... Hierarchical pre-synthesis "BmbDecoder_1_2fa2c88f3c1f4868ba7cd09620d007ba" end (Real time : 0s CPU user time : 1s CPU sys time : 0s MEM : 372736KB)
INFO     : ... Hierarchical pre-synthesis "BmbOnChipRam_2fa2c88f3c1f4868ba7cd09620d007ba" begin
INFO     : ... Hierarchical pre-synthesis "BmbOnChipRam_2fa2c88f3c1f4868ba7cd09620d007ba" end (Real time : 0s CPU user time : 1s CPU sys time : 0s MEM : 372736KB)
INFO     : ... Hierarchical pre-synthesis "BmbUnburstify_2fa2c88f3c1f4868ba7cd09620d007ba" begin
INFO     : ... Hierarchical pre-synthesis "BmbUnburstify_2fa2c88f3c1f4868ba7cd09620d007ba" end (Real time : 0s CPU user time : 1s CPU sys time : 0s MEM : 372736KB)
INFO     : ... Hierarchical pre-synthesis "BmbDecoder_2_2fa2c88f3c1f4868ba7cd09620d007ba" begin

INFO     : ... Hierarchical pre-synthesis "BmbDecoder_2_2fa2c88f3c1f4868ba7cd09620d007ba" end (Real time : 0s CPU user time : 1s CPU sys time : 0s MEM : 372736KB)
INFO     : ... Hierarchical pre-synthesis "BmbClint_2fa2c88f3c1f4868ba7cd09620d007ba" begin

INFO     : ... Hierarchical pre-synthesis "BmbClint_2fa2c88f3c1f4868ba7cd09620d007ba" end (Real time : 0s CPU user time : 1s CPU sys time : 0s MEM : 372736KB)
INFO     : ... Hierarchical pre-synthesis "UartCtrlTx_2fa2c88f3c1f4868ba7cd09620d007ba" begin

INFO     : ... Hierarchical pre-synthesis "UartCtrlTx_2fa2c88f3c1f4868ba7cd09620d007ba" end (Real time : 0s CPU user time : 1s CPU sys time : 0s MEM : 372736KB)
INFO     : ... Hierarchical pre-synthesis "BufferCC_4_2fa2c88f3c1f4868ba7cd09620d007ba" begin
INFO     : ... Hierarchical pre-synthesis "BufferCC_4_2fa2c88f3c1f4868ba7cd09620d007ba" end (Real time : 0s CPU user time : 1s CPU sys time : 0s MEM : 372736KB)
INFO     : ... Hierarchical pre-synthesis "UartCtrlRx_2fa2c88f3c1f4868ba7cd09620d007ba" begin

INFO     : ... Hierarchical pre-synthesis "UartCtrlRx_2fa2c88f3c1f4868ba7cd09620d007ba" end (Real time : 0s CPU user time : 1s CPU sys time : 0s MEM : 372736KB)
INFO     : ... Hierarchical pre-synthesis "UartCtrl_2fa2c88f3c1f4868ba7cd09620d007ba" begin

INFO     : ... Hierarchical pre-synthesis "UartCtrl_2fa2c88f3c1f4868ba7cd09620d007ba" end (Real time : 0s CPU user time : 1s CPU sys time : 0s MEM : 372736KB)
INFO     : ... Hierarchical pre-synthesis "StreamFifo_2fa2c88f3c1f4868ba7cd09620d007ba" begin
INFO     : ... Hierarchical pre-synthesis "StreamFifo_2fa2c88f3c1f4868ba7cd09620d007ba" end (Real time : 0s CPU user time : 1s CPU sys time : 0s MEM : 372736KB)
INFO     : ... Hierarchical pre-synthesis "BmbUartCtrl_2fa2c88f3c1f4868ba7cd09620d007ba" begin

INFO     : ... Hierarchical pre-synthesis "BmbUartCtrl_2fa2c88f3c1f4868ba7cd09620d007ba" end (Real time : 0s CPU user time : 1s CPU sys time : 0s MEM : 372736KB)
INFO     : ... Hierarchical pre-synthesis "BmbGpio2_2fa2c88f3c1f4868ba7cd09620d007ba" begin

INFO     : ... Hierarchical pre-synthesis "BmbGpio2_2fa2c88f3c1f4868ba7cd09620d007ba" end (Real time : 0s CPU user time : 1s CPU sys time : 0s MEM : 372736KB)
INFO     : ... Hierarchical pre-synthesis "EfxSapphireSoc_2fa2c88f3c1f4868ba7cd09620d007ba" begin

INFO     : ... Hierarchical pre-synthesis "EfxSapphireSoc_2fa2c88f3c1f4868ba7cd09620d007ba" end (Real time : 1s CPU user time : 2s CPU sys time : 0s MEM : 372736KB)
INFO     : ... Hierarchical pre-synthesis "micro_risc_v1" begin

INFO     : ... Hierarchical pre-synthesis "micro_risc_v1" end (Real time : 0s CPU user time : 2s CPU sys time : 0s MEM : 372736KB)
INFO     : ... Hierarchical pre-synthesis "rmii_udp_tx_top" begin

INFO     : ... Hierarchical pre-synthesis "rmii_udp_tx_top" end (Real time : 0s CPU user time : 3s CPU sys time : 0s MEM : 372736KB)
INFO     : ... Hierarchical pre-synthesis "edb_top" begin

INFO     : ... Hierarchical pre-synthesis "edb_top" end (Real time : 0s CPU user time : 3s CPU sys time : 0s MEM : 372736KB)
INFO     : ... Hierarchical pre-synthesis "top_level" begin

WARNING  : Mapping into logic memory block 'u_micro_risc_v1/u_EfxSapphireSoc/system_riscvJtag_debug_logic_dm/logic_progbufX_mem' (64 bits) (/home/olle/efinity_p2/BRAM/ip/micro_risc_v1/micro_risc_v1.v:4949) because size is too small (<=64) [EFX-0657]

INFO     : ... Clock Enable Synthesis Performed on 403 flops.

INFO     : ... Hierarchical pre-synthesis "top_level" end (Real time : 1s CPU user time : 4s CPU sys time : 0s MEM : 372736KB)

INFO     : ... Flat optimizations begin

INFO     : ... Flat optimizations end (Real time : 0s CPU user time : 4s CPU sys time : 0s MEM : 372736KB)

INFO     : ... Flat synthesis begin

INFO     : ... Flat synthesis end (Real time : 1s CPU user time : 5s CPU sys time : 0s MEM : 372736KB)

INFO     : ... Flat optimizations begin

INFO     : ... Flat optimizations end (Real time : 0s CPU user time : 5s CPU sys time : 0s MEM : 372736KB)

INFO     : ... Check and break combinational loops begin

INFO     : ... Check and break combinational loops end (Real time : 0s CPU user time : 5s CPU sys time : 0s MEM : 372736KB)

INFO     : ... Sequential Optimization begin

INFO     : ... Clock Network 'pll_clk' with 2314 loads will be considered for sequential optimization.

INFO     : ... Clock Network 'clk' with 1941 loads will be considered for sequential optimization.

INFO     : ... Clock Network 'jtag_inst1_TCK' with 930 loads will be considered for sequential optimization.

INFO     : ... Clock Network 'jtag_dummy_TCK' with 221 loads will be considered for sequential optimization.

INFO     : ... Sequential Optimization deduced 929 equivalent points.

INFO     : ... Sequential Optimization end (Real time : 22s CPU user time : 28s CPU sys time : 0s MEM : 372736KB)

INFO     : ... Setup for logic synthesis begin

INFO     : ... Setup for logic synthesis end (Real time : 0s CPU user time : 28s CPU sys time : 0s MEM : 372736KB)
INFO     : ... LUT mapping begin

INFO     : ... LS, strategy: 3, nd: 3318, ed: 11017, lv: 8, pw: 8767.38
INFO     : ... LUT mapping end (Real time : 13s CPU user time : 43s CPU sys time : 0s MEM : 372736KB)
INFO     : ... Post-synthesis Verific netlist creation begin

INFO     : ... Post-synthesis Verific netlist creation end (Real time : 1s CPU user time : 44s CPU sys time : 0s MEM : 372736KB)

INFO     : ... Postmap Retiming Optimization begin

INFO     : ... Clock Network 'pll_clk~pll_clk' with 2301 loads will be considered for retiming optimization.

INFO     : ... Clock Network 'clk~clk' with 1546 loads will be considered for retiming optimization.

INFO     : ... Clock Network 'jtag_inst1_TCK~jtag_inst1_TCK' with 930 loads will be considered for retiming optimization.

INFO     : ... Clock Network 'jtag_dummy_TCK~jtag_dummy_TCK' with 220 loads will be considered for retiming optimization.

INFO     : ... Performed 0 retime moves.

INFO     : ... Postmap Retiming Optimization end (Real time : 20s CPU user time : 64s CPU sys time : 0s MEM : 372736KB)

INFO     : ***** Beginning VDB Netlist Checker ... *****
WARNING  : /home/olle/efinity_p2/BRAM/top_level.vhd(16): Input/inout port rmii_crs_dv is unconnected and will be removed. [VDB-8003]
WARNING  : /home/olle/efinity_p2/BRAM/top_level.vhd(17): Input/inout port rmii_rx_er is unconnected and will be removed. [VDB-8003]
WARNING  : /home/olle/efinity_p2/BRAM/top_level.vhd(18): Input/inout port rmii_rxd[1] is unconnected and will be removed. [VDB-8003]
WARNING  : /home/olle/efinity_p2/BRAM/top_level.vhd(21): Input/inout port mdio_i is unconnected and will be removed. [VDB-8003]
WARNING  : /home/olle/efinity_p2/BRAM/top_level.vhd(29): Input/inout port jtag_dummy_TMS is unconnected and will be removed. [VDB-8003]
WARNING  : /home/olle/efinity_p2/BRAM/top_level.vhd(30): Input/inout port jtag_dummy_SEL is unconnected and will be removed. [VDB-8003]
WARNING  : /home/olle/efinity_p2/BRAM/top_level.vhd(31): Input/inout port jtag_dummy_DRCK is unconnected and will be removed. [VDB-8003]
WARNING  : /home/olle/efinity_p2/BRAM/top_level.vhd(33): Input/inout port jtag_dummy_RUNTEST is unconnected and will be removed. [VDB-8003]
WARNING  : /home/olle/efinity_p2/BRAM/top_level.vhd(38): Input/inout port led4 is unconnected and will be removed. [VDB-8003]
WARNING  : Input/inout port jtag_inst1_DRCK is unconnected and will be removed. [VDB-8003]
WARNING  : Input/inout port jtag_inst1_RUNTEST is unconnected and will be removed. [VDB-8003]
WARNING  : Input/inout port jtag_inst1_TMS is unconnected and will be removed. [VDB-8003]

WARNING  : Net u_micro_risc_v1/u_EfxSapphireSoc/system_cores_0_logic_cpu/IBusCachedPlugin_cache/lineLoader_address[0] is dangling. [VDB-8009]
WARNING  : Net u_micro_risc_v1/u_EfxSapphireSoc/system_cores_0_logic_cpu/IBusCachedPlugin_cache/lineLoader_address[1] is dangling. [VDB-8009]
WARNING  : Net u_micro_risc_v1/u_EfxSapphireSoc/system_cores_0_logic_cpu/IBusCachedPlugin_cache/lineLoader_address[2] is dangling. [VDB-8009]
WARNING  : Net u_micro_risc_v1/u_EfxSapphireSoc/system_cores_0_logic_cpu/IBusCachedPlugin_cache/lineLoader_address[3] is dangling. [VDB-8009]
WARNING  : Net u_micro_risc_v1/u_EfxSapphireSoc/system_cores_0_logic_cpu/IBusCachedPlugin_cache/lineLoader_address[4] is dangling. [VDB-8009]
WARNING  : Net u_micro_risc_v1/u_EfxSapphireSoc/system_cores_0_logic_cpu/IBusCachedPlugin_cache/lineLoader_address[5] is dangling. [VDB-8009]

WARNING  : Found 19 warnings in the post-synthesis netlist.
INFO     : VDB Netlist Checker took 0.0386382 seconds.
INFO     : 	VDB Netlist Checker took 0.07 seconds (approximately) in total CPU time.
INFO     : VDB Netlist Checker virtual memory usage: begin = 337.128 MB, end = 337.128 MB, delta = 0 MB
INFO     : VDB Netlist Checker resident set memory usage: begin = 239.06 MB, end = 239.188 MB, delta = 0.128 MB
INFO     : 	VDB Netlist Checker peak resident set memory usage = 372.736 MB
INFO     : ***** Ending VDB Netlist Checker ... *****

INFO     : Resource Summary 
INFO     : =============================== 
INFO     : EFX_ADD         : 	481
INFO     : EFX_LUT4        : 	5442
INFO     : EFX_FF          : 	4997
INFO     : EFX_RAM_5K      : 	85
INFO     : EFX_GBUFCE      : 	4
INFO     : =============================== 
INFO     : ... Post-Map Verilog Writer begin
INFO     : Writing netlist 'top_level' to Verilog file '/home/olle/efinity_p2/BRAM/work_dbg/BRAM.dbg.map.v' [VDB-1030]

INFO     : ... Post-Map Verilog Writer end (Real time : 1s CPU user time : 65s CPU sys time : 0s MEM : 372736KB)

INFO     : The entire flow of EFX_MAP took 61.4131 seconds.
INFO     : 	The entire flow of EFX_MAP took 65.44 seconds (approximately) in total CPU time.
INFO     : The entire flow of EFX_MAP virtual memory usage: begin = 88.404 MB, end = 337.128 MB, delta = 248.724 MB
INFO     : The entire flow of EFX_MAP resident set memory usage: begin = 27.52 MB, end = 239.188 MB, delta = 211.668 MB
INFO     : 	The entire flow of EFX_MAP peak resident set memory usage = 372.736 MB

Wed August 20 25 20:51:20 - /home/olle/efinix/efinity/2025.1/bin/efx_map finished. Exit code = 0 Exit status : Normal

Debugger Step Merge User design with Debugger Cores. Done

--------------------------------------------------------------

--------------------------------------------------------------

Start Debugger Step Instantiate Jtag.

Wed August 20 25 20:51:20 - /home/olle/efinix/efinity/2025.1/bin/python3  "/home/olle/efinix/efinity/2025.1/scripts/efx_pt_jtag_util.py" --device "T20F169" --project "BRAM" --design_file "/home/olle/efinity_p2/BRAM/BRAM.peri.xml" --action "add" --jtag_user "JTAG_USER1" --output "/home/olle/efinity_p2/BRAM/BRAM.dbg.peri.xml"

Wed August 20 25 20:51:20 - Running /home/olle/efinix/efinity/2025.1/bin/python3...


== Load a design from file /home/olle/efinity_p2/BRAM/BRAM.peri.xml
INFO: Load design...
INFO: Periphery design is in sync with Efinity project
INFO: Load design...done.

== Create JTAG with default setting and pin name

== Assign JTAG_USER1 resource to new jtag
INFO: Check design...
INFO: Check design...done.

== Save Design to file: /home/olle/efinity_p2/BRAM/BRAM.dbg.peri.xml
INFO: Save as design...
INFO: Save as design...done.

Save db version: 20251999

Wed August 20 25 20:51:22 - /home/olle/efinix/efinity/2025.1/bin/python3 finished. Exit code = 0 Exit status : Normal

Debugger Step Instantiate Jtag. Done

--------------------------------------------------------------

Debugger Step Instantiate Jtag. Done

Wed August 20 25 20:51:22 - End Debugger Flow



-------------------------------------------------------------------------

Placement and Routing

-------------------------------------------------------------------------

Wed August 20 25 20:51:22 - Placement and routing flow working directory is /home/olle/efinity_p2/BRAM/work_pnr


INFO     : --max_threads set to 4 

Wed August 20 25 20:51:23 - /home/olle/efinix/efinity/2025.1/bin/python3  "/home/olle/efinix/efinity/2025.1/scripts/efx_run_pt_unified.py"  "BRAM.dbg"  "Trion"  "T20F169"

Wed August 20 25 20:51:23 - Running /home/olle/efinix/efinity/2025.1/bin/python3...

Load design file BRAM.dbg.peri.xml
Writing out summary report file
Writing out pinout file
Writing out interface config file
Writing out timing related file
Writing out verilog template file
Writing out option register file
Writing out boundary scan description file
Writing out LPF

Wed August 20 25 20:51:27 - /home/olle/efinix/efinity/2025.1/bin/python3 finished. Exit code = 0 Exit status : Normal

Wed August 20 25 20:51:27 - /home/olle/efinix/efinity/2025.1/bin/efx_pnr --circuit "BRAM" --family "Trion" --device "T20F169" --operating_conditions "C3" --pack --place --route --vdb_file "/home/olle/efinity_p2/BRAM/outflow/BRAM.dbg.vdb" --use_vdb_file "on" --place_file "/home/olle/efinity_p2/BRAM/outflow/BRAM.place" --route_file "/home/olle/efinity_p2/BRAM/outflow/BRAM.route" --sdc_file "/home/olle/efinity_p2/BRAM/const1.sdc" --sync_file "/home/olle/efinity_p2/BRAM/outflow/BRAM.interface.csv" --seed "1" --placer_effort_level "2" --max_threads "-1" --print_critical_path "10" --work_dir "/home/olle/efinity_p2/BRAM/work_pnr" --output_dir "/home/olle/efinity_p2/BRAM/outflow" --timing_analysis "on" --load_delay_matrix

Wed August 20 25 20:51:27 - Running /home/olle/efinix/efinity/2025.1/bin/efx_pnr...

INFO     : --max_threads set to 4 


           

           Efinix FPGA Placement and Routing.

           Version: 2025.1.110.2.15 

           Compiled: Jun 21 2025.

           

           Copyright (C) 2013 - 2025 Efinix, Inc. All rights reserved.


           

           The Tool Is Based on VPR of University of Toronto,

           a free open source code under MIT license.

           

           

INFO     : Running Placement and Routing for Family "Trion", Device "T20F169" ...


           

           ***** Beginning stage netlist pre-processing ... *****

INFO     : Successfully Read in Verific binary Netlist dump file "/home/olle/efinity_p2/BRAM/outflow/BRAM.dbg.vdb".


INFO     : ***** Beginning VDB Netlist Checker ... *****


WARNING  : /home/olle/efinity_p2/BRAM/top_level.vhd(16): Input/inout port rmii_crs_dv is unconnected and will be removed. [VDB-8003]


WARNING  : /home/olle/efinity_p2/BRAM/top_level.vhd(17): Input/inout port rmii_rx_er is unconnected and will be removed. [VDB-8003]


WARNING  : /home/olle/efinity_p2/BRAM/top_level.vhd(18): Input/inout port rmii_rxd[1] is unconnected and will be removed. [VDB-8003]


WARNING  : /home/olle/efinity_p2/BRAM/top_level.vhd(21): Input/inout port mdio_i is unconnected and will be removed. [VDB-8003]


WARNING  : /home/olle/efinity_p2/BRAM/top_level.vhd(29): Input/inout port jtag_dummy_TMS is unconnected and will be removed. [VDB-8003]


WARNING  : /home/olle/efinity_p2/BRAM/top_level.vhd(30): Input/inout port jtag_dummy_SEL is unconnected and will be removed. [VDB-8003]


WARNING  : /home/olle/efinity_p2/BRAM/top_level.vhd(31): Input/inout port jtag_dummy_DRCK is unconnected and will be removed. [VDB-8003]


WARNING  : /home/olle/efinity_p2/BRAM/top_level.vhd(33): Input/inout port jtag_dummy_RUNTEST is unconnected and will be removed. [VDB-8003]


WARNING  : /home/olle/efinity_p2/BRAM/top_level.vhd(38): Input/inout port led4 is unconnected and will be removed. [VDB-8003]


WARNING  : Input/inout port jtag_inst1_DRCK is unconnected and will be removed. [VDB-8003]


WARNING  : Input/inout port jtag_inst1_RUNTEST is unconnected and will be removed. [VDB-8003]


WARNING  : Input/inout port jtag_inst1_TMS is unconnected and will be removed. [VDB-8003]


WARNING  : Net u_micro_risc_v1/u_EfxSapphireSoc/system_cores_0_logic_cpu/IBusCachedPlugin_cache/lineLoader_address[0] is dangling. [VDB-8009]


WARNING  : Net u_micro_risc_v1/u_EfxSapphireSoc/system_cores_0_logic_cpu/IBusCachedPlugin_cache/lineLoader_address[1] is dangling. [VDB-8009]


WARNING  : Net u_micro_risc_v1/u_EfxSapphireSoc/system_cores_0_logic_cpu/IBusCachedPlugin_cache/lineLoader_address[2] is dangling. [VDB-8009]


WARNING  : Net u_micro_risc_v1/u_EfxSapphireSoc/system_cores_0_logic_cpu/IBusCachedPlugin_cache/lineLoader_address[3] is dangling. [VDB-8009]


WARNING  : Net u_micro_risc_v1/u_EfxSapphireSoc/system_cores_0_logic_cpu/IBusCachedPlugin_cache/lineLoader_address[4] is dangling. [VDB-8009]


WARNING  : Net u_micro_risc_v1/u_EfxSapphireSoc/system_cores_0_logic_cpu/IBusCachedPlugin_cache/lineLoader_address[5] is dangling. [VDB-8009]


WARNING  : Found 19 warnings in the post-synthesis netlist.


INFO     : VDB Netlist Checker took 0.0266167 seconds.


INFO     : 	VDB Netlist Checker took 0.05 seconds (approximately) in total CPU time.


INFO     : VDB Netlist Checker virtual memory usage: begin = 228.66 MB, end = 245.072 MB, delta = 16.412 MB


INFO     : VDB Netlist Checker resident set memory usage: begin = 119.68 MB, end = 120.192 MB, delta = 0.512 MB


INFO     : 	VDB Netlist Checker peak resident set memory usage = 372.736 MB


INFO     : ***** Ending VDB Netlist Checker ... *****


INFO     : Reading core interface constraints file "/home/olle/efinity_p2/BRAM/outflow/BRAM.interface.csv"


INFO     : Successfully read core interface constraints file "/home/olle/efinity_p2/BRAM/outflow/BRAM.interface.csv"


INFO     : Found 0 constant generator nets.


INFO     : Pass 0: Swept away 6 nets with no fanout.


INFO     : logical_block #7(rmii_crs_dv) has no fanout.


INFO     : Removing input.


INFO     : logical_block #8(rmii_rx_er) has no fanout.


INFO     : Removing input.


INFO     : logical_block #9(rmii_rxd[1]) has no fanout.


INFO     : Removing input.


INFO     : logical_block #10(rmii_rxd[0]) has no fanout.


INFO     : Removing input.


INFO     : logical_block #14(mdio_i) has no fanout.


INFO     : Removing input.


INFO     : logical_block #22(jtag_dummy_TMS) has no fanout.


INFO     : Removing input.


INFO     : logical_block #23(jtag_dummy_SEL) has no fanout.


INFO     : Removing input.


INFO     : logical_block #24(jtag_dummy_DRCK) has no fanout.


INFO     : Removing input.


INFO     : logical_block #26(jtag_dummy_RUNTEST) has no fanout.


INFO     : Removing input.


INFO     : logical_block #31(led4) has no fanout.


INFO     : Removing input.


INFO     : logical_block #35(jtag_inst1_DRCK) has no fanout.


INFO     : Removing input.


INFO     : logical_block #37(jtag_inst1_RUNTEST) has no fanout.


INFO     : Removing input.


INFO     : logical_block #42(jtag_inst1_TMS) has no fanout.


INFO     : Removing input.


WARNING  : logical_block u_micro_risc_v1/u_EfxSapphireSoc/system_cores_0_logic_cpu/IBusCachedPlugin_cache/lineLoader_address[0]~FF #257 has no fanout. Check synthesis flow


WARNING  : logical_block u_micro_risc_v1/u_EfxSapphireSoc/system_cores_0_logic_cpu/IBusCachedPlugin_cache/lineLoader_address[1]~FF #267 has no fanout. Check synthesis flow


WARNING  : logical_block u_micro_risc_v1/u_EfxSapphireSoc/system_cores_0_logic_cpu/IBusCachedPlugin_cache/lineLoader_address[2]~FF #268 has no fanout. Check synthesis flow


WARNING  : logical_block u_micro_risc_v1/u_EfxSapphireSoc/system_cores_0_logic_cpu/IBusCachedPlugin_cache/lineLoader_address[3]~FF #269 has no fanout. Check synthesis flow


WARNING  : logical_block u_micro_risc_v1/u_EfxSapphireSoc/system_cores_0_logic_cpu/IBusCachedPlugin_cache/lineLoader_address[4]~FF #270 has no fanout. Check synthesis flow


WARNING  : logical_block u_micro_risc_v1/u_EfxSapphireSoc/system_cores_0_logic_cpu/IBusCachedPlugin_cache/lineLoader_address[5]~FF #271 has no fanout. Check synthesis flow


INFO     : Pass 0: Swept away 13 blocks with no fanout.


INFO     : Pass 1: Swept away 0 nets with no fanout.


WARNING  : logical_block u_micro_risc_v1/u_EfxSapphireSoc/system_cores_0_logic_cpu/IBusCachedPlugin_cache/lineLoader_address[0]~FF #257 has no fanout. Check synthesis flow


WARNING  : logical_block u_micro_risc_v1/u_EfxSapphireSoc/system_cores_0_logic_cpu/IBusCachedPlugin_cache/lineLoader_address[1]~FF #267 has no fanout. Check synthesis flow


WARNING  : logical_block u_micro_risc_v1/u_EfxSapphireSoc/system_cores_0_logic_cpu/IBusCachedPlugin_cache/lineLoader_address[2]~FF #268 has no fanout. Check synthesis flow


WARNING  : logical_block u_micro_risc_v1/u_EfxSapphireSoc/system_cores_0_logic_cpu/IBusCachedPlugin_cache/lineLoader_address[3]~FF #269 has no fanout. Check synthesis flow


WARNING  : logical_block u_micro_risc_v1/u_EfxSapphireSoc/system_cores_0_logic_cpu/IBusCachedPlugin_cache/lineLoader_address[4]~FF #270 has no fanout. Check synthesis flow


WARNING  : logical_block u_micro_risc_v1/u_EfxSapphireSoc/system_cores_0_logic_cpu/IBusCachedPlugin_cache/lineLoader_address[5]~FF #271 has no fanout. Check synthesis flow


INFO     : Pass 1: Swept away 0 blocks with no fanout.


INFO     : Swept away 6 nets and 13 blocks in total.


INFO     : Removed 0 LUT buffers


INFO     : Sweept away 13 nodes


INFO     : Successfully created VPR logical netlist from Verific binary DataBase file "/home/olle/efinity_p2/BRAM/outflow/BRAM.dbg.vdb".


INFO     : Netlist pre-processing took 0.231628 seconds.


INFO     : 	Netlist pre-processing took 0.23 seconds (approximately) in total CPU time.


INFO     : Netlist pre-processing virtual memory usage: begin = 228.66 MB, end = 245.072 MB, delta = 16.412 MB


INFO     : Netlist pre-processing resident set memory usage: begin = 118.528 MB, end = 120.576 MB, delta = 2.048 MB


INFO     : 	Netlist pre-processing peak resident set memory usage = 372.736 MB


           ***** Ending stage netlist pre-processing *****

           

           ***** Beginning stage pre-packing ... *****

           ***** Ending stage pre-packing *****

           

           ***** Beginning stage packing ... *****

WARNING  : Packer found FF 'u_micro_risc_v1/u_EfxSapphireSoc/system_cores_0_logic_cpu/IBusCachedPlugin_cache/lineLoader_address[0]~FF' with no output net.


WARNING  : If possible, remove 'syn_preserve' attribute on FF output.


WARNING  : Packer found FF 'u_micro_risc_v1/u_EfxSapphireSoc/system_cores_0_logic_cpu/IBusCachedPlugin_cache/lineLoader_address[1]~FF' with no output net.


WARNING  : If possible, remove 'syn_preserve' attribute on FF output.


WARNING  : Packer found FF 'u_micro_risc_v1/u_EfxSapphireSoc/system_cores_0_logic_cpu/IBusCachedPlugin_cache/lineLoader_address[2]~FF' with no output net.


WARNING  : If possible, remove 'syn_preserve' attribute on FF output.


WARNING  : Packer found FF 'u_micro_risc_v1/u_EfxSapphireSoc/system_cores_0_logic_cpu/IBusCachedPlugin_cache/lineLoader_address[3]~FF' with no output net.


WARNING  : If possible, remove 'syn_preserve' attribute on FF output.


WARNING  : Packer found FF 'u_micro_risc_v1/u_EfxSapphireSoc/system_cores_0_logic_cpu/IBusCachedPlugin_cache/lineLoader_address[4]~FF' with no output net.


WARNING  : If possible, remove 'syn_preserve' attribute on FF output.


WARNING  : Packer found FF 'u_micro_risc_v1/u_EfxSapphireSoc/system_cores_0_logic_cpu/IBusCachedPlugin_cache/lineLoader_address[5]~FF' with no output net.


WARNING  : If possible, remove 'syn_preserve' attribute on FF output.


INFO     : Generate proto netlist for file "/home/olle/efinity_p2/BRAM/work_pnr/BRAM.net_proto" took 0.020106 seconds


INFO     : Creating IO constraints file '/home/olle/efinity_p2/BRAM/work_pnr/BRAM.io_place'


INFO     : Packing took 0.0665013 seconds.


INFO     : 	Packing took 0.06 seconds (approximately) in total CPU time.


INFO     : Packing virtual memory usage: begin = 245.072 MB, end = 245.072 MB, delta = 0 MB


INFO     : Packing resident set memory usage: begin = 121.344 MB, end = 121.984 MB, delta = 0.64 MB


INFO     : 	Packing peak resident set memory usage = 372.736 MB


           ***** Ending stage packing *****

           

INFO     : Read proto netlist file /home/olle/efinity_p2/BRAM/work_pnr/BRAM.net_proto


INFO     : Read proto netlist for file "/home/olle/efinity_p2/BRAM/work_pnr/BRAM.net_proto" took 0.016197 seconds


INFO     : Setup net and block data structure took 0.248807 seconds


WARNING  : Found 19 warnings in the post-synthesis netlist.


INFO     : Reading core interface constraints file "/home/olle/efinity_p2/BRAM/outflow/BRAM.interface.csv"


INFO     : Successfully read core interface constraints file "/home/olle/efinity_p2/BRAM/outflow/BRAM.interface.csv"


INFO     : logical_block u_micro_risc_v1/u_EfxSapphireSoc/system_cores_0_logic_cpu/IBusCachedPlugin_cache/lineLoader_address[0]~FF #257 has no fanout. Check synthesis flow


INFO     : logical_block u_micro_risc_v1/u_EfxSapphireSoc/system_cores_0_logic_cpu/IBusCachedPlugin_cache/lineLoader_address[1]~FF #267 has no fanout. Check synthesis flow


INFO     : logical_block u_micro_risc_v1/u_EfxSapphireSoc/system_cores_0_logic_cpu/IBusCachedPlugin_cache/lineLoader_address[2]~FF #268 has no fanout. Check synthesis flow


INFO     : logical_block u_micro_risc_v1/u_EfxSapphireSoc/system_cores_0_logic_cpu/IBusCachedPlugin_cache/lineLoader_address[3]~FF #269 has no fanout. Check synthesis flow


INFO     : logical_block u_micro_risc_v1/u_EfxSapphireSoc/system_cores_0_logic_cpu/IBusCachedPlugin_cache/lineLoader_address[4]~FF #270 has no fanout. Check synthesis flow


INFO     : logical_block u_micro_risc_v1/u_EfxSapphireSoc/system_cores_0_logic_cpu/IBusCachedPlugin_cache/lineLoader_address[5]~FF #271 has no fanout. Check synthesis flow


INFO     : logical_block u_micro_risc_v1/u_EfxSapphireSoc/system_cores_0_logic_cpu/IBusCachedPlugin_cache/lineLoader_address[0]~FF #257 has no fanout. Check synthesis flow


INFO     : logical_block u_micro_risc_v1/u_EfxSapphireSoc/system_cores_0_logic_cpu/IBusCachedPlugin_cache/lineLoader_address[1]~FF #267 has no fanout. Check synthesis flow


INFO     : logical_block u_micro_risc_v1/u_EfxSapphireSoc/system_cores_0_logic_cpu/IBusCachedPlugin_cache/lineLoader_address[2]~FF #268 has no fanout. Check synthesis flow


INFO     : logical_block u_micro_risc_v1/u_EfxSapphireSoc/system_cores_0_logic_cpu/IBusCachedPlugin_cache/lineLoader_address[3]~FF #269 has no fanout. Check synthesis flow


INFO     : logical_block u_micro_risc_v1/u_EfxSapphireSoc/system_cores_0_logic_cpu/IBusCachedPlugin_cache/lineLoader_address[4]~FF #270 has no fanout. Check synthesis flow


INFO     : logical_block u_micro_risc_v1/u_EfxSapphireSoc/system_cores_0_logic_cpu/IBusCachedPlugin_cache/lineLoader_address[5]~FF #271 has no fanout. Check synthesis flow


           ***** Beginning stage packed netlist loading ... *****

INFO     : Read proto netlist file /home/olle/efinity_p2/BRAM/work_pnr/BRAM.net_proto


INFO     : Read proto netlist for file "/home/olle/efinity_p2/BRAM/work_pnr/BRAM.net_proto" took 0.019246 seconds


INFO     : Setup net and block data structure took 0.286882 seconds


INFO     : Packed netlist loading took 0.310751 seconds.


INFO     : 	Packed netlist loading took 0.31 seconds (approximately) in total CPU time.


INFO     : Packed netlist loading virtual memory usage: begin = 274.376 MB, end = 274.376 MB, delta = 0 MB


INFO     : Packed netlist loading resident set memory usage: begin = 159.488 MB, end = 159.488 MB, delta = 0 MB


INFO     : 	Packed netlist loading peak resident set memory usage = 372.736 MB


           ***** Ending stage packed netlist loading *****

           

           ***** Beginning stage pre-placement ... *****

           

           ***** Ending stage pre-placement *****

           

INFO     : SDC file '/home/olle/efinity_p2/BRAM/const1.sdc' parsed successfully.


INFO     : 2 clocks (including virtual clocks), 0 inputs and 0 outputs were constrained.


           ***** Beginning stage initial placement ... *****

INFO     : Reading core interface constraints file "/home/olle/efinity_p2/BRAM/outflow/BRAM.interface.csv"


INFO     : Successfully read core interface constraints file "/home/olle/efinity_p2/BRAM/outflow/BRAM.interface.csv"


INFO     : Writing IO placement constraints to "/home/olle/efinity_p2/BRAM/outflow/BRAM.interface.io"


INFO     : Reading placement constraints from '/home/olle/efinity_p2/BRAM/outflow/BRAM.interface.io'.


INFO     : Reading placement constraints from '/home/olle/efinity_p2/BRAM/work_pnr/BRAM.io_place'.


WARNING  : jtag_dummy_TDI has no assigned placement; it will be placed randomly.


WARNING  : jtag_dummy_TCK has no assigned placement; it will be placed randomly.


WARNING  : jtag_dummy_RESET has no assigned placement; it will be placed randomly.


WARNING  : jtag_dummy_CAPTURE has no assigned placement; it will be placed randomly.


WARNING  : jtag_dummy_SHIFT has no assigned placement; it will be placed randomly.


WARNING  : jtag_dummy_UPDATE has no assigned placement; it will be placed randomly.


WARNING  : jtag_dummy_TDO has no assigned placement; it will be placed randomly.


INFO     : 7 IOs will have random placement.


WARNING  : Clock source jtag_inst1_TCK does not use a dedicated clock pad, so extra clock insertion delay is added


           ***** Ending stage initial placement *****

           

           ***** Beginning stage placement ... *****

INFO     : Found 81 synchronizers as follows: 


INFO     : 	Synchronizer 0: 


INFO     :  u_micro_risc_v1/u_EfxSapphireSoc/system_riscvJtag_hard_noTap_tunnel_io_bus_cmd_payload_address[6]~FF


INFO     : 	Synchronizer 1: 


INFO     :  u_micro_risc_v1/u_EfxSapphireSoc/system_riscvJtag_hard_noTap_tunnel_io_bus_cmd_payload_address[5]~FF


INFO     : 	Synchronizer 2: 


INFO     :  u_micro_risc_v1/u_EfxSapphireSoc/system_riscvJtag_hard_noTap_tunnel_io_bus_cmd_payload_address[4]~FF


INFO     : 	Synchronizer 3: 


INFO     :  u_micro_risc_v1/u_EfxSapphireSoc/system_riscvJtag_hard_noTap_tunnel_io_bus_cmd_payload_address[3]~FF


INFO     : 	Synchronizer 4: 


INFO     :  u_micro_risc_v1/u_EfxSapphireSoc/system_riscvJtag_hard_noTap_tunnel_io_bus_cmd_payload_address[2]~FF


INFO     : 	Synchronizer 5: 


INFO     :  u_micro_risc_v1/u_EfxSapphireSoc/system_riscvJtag_hard_noTap_tunnel_io_bus_cmd_payload_address[1]~FF


INFO     : 	Synchronizer 6: 


INFO     :  u_micro_risc_v1/u_EfxSapphireSoc/system_riscvJtag_hard_noTap_tunnel_io_bus_cmd_payload_data[31]~FF


INFO     : 	Synchronizer 7: 


INFO     :  u_micro_risc_v1/u_EfxSapphireSoc/system_riscvJtag_hard_noTap_tunnel_io_bus_cmd_payload_data[30]~FF


INFO     : 	Synchronizer 8: 


INFO     :  u_micro_risc_v1/u_EfxSapphireSoc/system_riscvJtag_hard_noTap_tunnel_io_bus_cmd_payload_data[26]~FF


INFO     : 	Synchronizer 9: 


INFO     :  u_micro_risc_v1/u_EfxSapphireSoc/system_riscvJtag_hard_noTap_tunnel_io_bus_cmd_payload_data[25]~FF


INFO     : 	Synchronizer 10: 


INFO     :  u_micro_risc_v1/u_EfxSapphireSoc/system_riscvJtag_hard_noTap_tunnel_io_bus_cmd_payload_data[24]~FF


INFO     : 	Synchronizer 11: 


INFO     :  u_micro_risc_v1/u_EfxSapphireSoc/system_riscvJtag_hard_noTap_tunnel_io_bus_cmd_payload_data[23]~FF


INFO     : 	Synchronizer 12: 


INFO     :  u_micro_risc_v1/u_EfxSapphireSoc/system_riscvJtag_hard_noTap_tunnel_io_bus_cmd_payload_data[22]~FF


INFO     : 	Synchronizer 13: 


INFO     :  u_micro_risc_v1/u_EfxSapphireSoc/system_riscvJtag_hard_noTap_tunnel_io_bus_cmd_payload_data[21]~FF


INFO     : 	Synchronizer 14: 


INFO     :  u_micro_risc_v1/u_EfxSapphireSoc/system_riscvJtag_hard_noTap_tunnel_io_bus_cmd_payload_data[20]~FF


INFO     : 	Synchronizer 15: 


INFO     :  u_micro_risc_v1/u_EfxSapphireSoc/system_riscvJtag_hard_noTap_tunnel_io_bus_cmd_payload_data[19]~FF


INFO     : 	Synchronizer 16: 


INFO     :  u_micro_risc_v1/u_EfxSapphireSoc/system_riscvJtag_hard_noTap_tunnel_io_bus_cmd_payload_data[18]~FF


INFO     : 	Synchronizer 17: 


INFO     :  u_micro_risc_v1/u_EfxSapphireSoc/system_riscvJtag_hard_noTap_tunnel_io_bus_cmd_payload_data[17]~FF


INFO     : 	Synchronizer 18: 


INFO     :  u_micro_risc_v1/u_EfxSapphireSoc/system_riscvJtag_hard_noTap_tunnel_io_bus_cmd_payload_data[16]~FF


INFO     : 	Synchronizer 19: 


INFO     :  u_micro_risc_v1/u_EfxSapphireSoc/system_riscvJtag_hard_noTap_tunnel_io_bus_cmd_payload_data[15]~FF


INFO     : 	Synchronizer 20: 


INFO     :  u_micro_risc_v1/u_EfxSapphireSoc/system_riscvJtag_hard_noTap_tunnel_io_bus_cmd_payload_data[14]~FF


INFO     : 	Synchronizer 21: 


INFO     :  u_micro_risc_v1/u_EfxSapphireSoc/system_riscvJtag_hard_noTap_tunnel_io_bus_cmd_payload_data[13]~FF


INFO     : 	Synchronizer 22: 


INFO     :  u_micro_risc_v1/u_EfxSapphireSoc/system_riscvJtag_hard_noTap_tunnel_io_bus_cmd_payload_data[12]~FF


INFO     : 	Synchronizer 23: 


INFO     :  u_micro_risc_v1/u_EfxSapphireSoc/system_riscvJtag_hard_noTap_tunnel/logic_systemLogic_bus_rsp_ccToggle_io_output_payload_data[3]~FF


INFO     : 	Synchronizer 24: 


INFO     :  u_micro_risc_v1/u_EfxSapphireSoc/system_riscvJtag_hard_noTap_tunnel/logic_systemLogic_bus_rsp_ccToggle_io_output_payload_data[2]~FF


INFO     : 	Synchronizer 25: 


INFO     :  u_micro_risc_v1/u_EfxSapphireSoc/system_riscvJtag_hard_noTap_tunnel/logic_systemLogic_bus_rsp_ccToggle_io_output_payload_data[1]~FF


INFO     : 	Synchronizer 26: 


INFO     :  u_micro_risc_v1/u_EfxSapphireSoc/system_riscvJtag_hard_noTap_tunnel/logic_systemLogic_bus_rsp_ccToggle_io_output_payload_data[0]~FF


INFO     : 	Synchronizer 27: 


INFO     :  u_micro_risc_v1/u_EfxSapphireSoc/system_riscvJtag_hard_noTap_tunnel/logic_systemLogic_bus_rsp_ccToggle/system_riscvJtag_hard_noTap_tunnel_toplevel_debugCd_logic_outputReset_asyncAssertSyncDeassert_buffercc/buffers_0~FF


INFO     :  u_micro_risc_v1/u_EfxSapphireSoc/system_riscvJtag_hard_noTap_tunnel/logic_systemLogic_bus_rsp_ccToggle/system_riscvJtag_hard_noTap_tunnel_toplevel_debugCd_logic_outputReset_asyncAssertSyncDeassert_buffercc_io_dataOut~FF


INFO     : 	Synchronizer 28: 


INFO     :  u_micro_risc_v1/u_EfxSapphireSoc/system_riscvJtag_hard_noTap_tunnel/logic_systemLogic_bus_rsp_ccToggle/inputArea_target_buffercc/buffers_0~FF


INFO     :  u_micro_risc_v1/u_EfxSapphireSoc/system_riscvJtag_hard_noTap_tunnel/logic_systemLogic_bus_rsp_ccToggle/inputArea_target_buffercc_io_dataOut~FF


INFO     : 	Synchronizer 29: 


INFO     :  u_micro_risc_v1/u_EfxSapphireSoc/system_riscvJtag_hard_noTap_tunnel/logic_systemLogic_bus_rsp_ccToggle_io_output_payload_data[20]~FF


INFO     : 	Synchronizer 30: 


INFO     :  u_micro_risc_v1/u_EfxSapphireSoc/system_riscvJtag_hard_noTap_tunnel_io_bus_cmd_payload_data[29]~FF


INFO     : 	Synchronizer 31: 


INFO     :  u_micro_risc_v1/u_EfxSapphireSoc/system_riscvJtag_hard_noTap_tunnel_io_bus_cmd_payload_address[0]~FF


INFO     : 	Synchronizer 32: 


INFO     :  u_micro_risc_v1/u_EfxSapphireSoc/system_riscvJtag_hard_noTap_tunnel/logic_systemLogic_bus_rsp_ccToggle_io_output_payload_data[6]~FF


INFO     : 	Synchronizer 33: 


INFO     :  u_micro_risc_v1/u_EfxSapphireSoc/system_riscvJtag_hard_noTap_tunnel/logic_systemLogic_bus_rsp_ccToggle_io_output_payload_data[9]~FF


INFO     : 	Synchronizer 34: 


INFO     :  u_micro_risc_v1/u_EfxSapphireSoc/system_riscvJtag_hard_noTap_tunnel/logic_systemLogic_bus_rsp_ccToggle_io_output_payload_data[10]~FF


INFO     : 	Synchronizer 35: 


INFO     :  u_micro_risc_v1/u_EfxSapphireSoc/system_riscvJtag_hard_noTap_tunnel/logic_systemLogic_bus_rsp_ccToggle_io_output_payload_data[8]~FF


INFO     : 	Synchronizer 36: 


INFO     :  u_micro_risc_v1/u_EfxSapphireSoc/system_riscvJtag_hard_noTap_tunnel_io_bus_cmd_payload_data[28]~FF


INFO     : 	Synchronizer 37: 


INFO     :  u_micro_risc_v1/u_EfxSapphireSoc/system_riscvJtag_hard_noTap_tunnel_io_bus_cmd_payload_data[0]~FF


INFO     : 	Synchronizer 38: 


INFO     :  u_micro_risc_v1/u_EfxSapphireSoc/system_riscvJtag_hard_noTap_tunnel/logic_systemLogic_bus_rsp_ccToggle_io_output_payload_data[5]~FF


INFO     : 	Synchronizer 39: 


INFO     :  u_micro_risc_v1/u_EfxSapphireSoc/system_riscvJtag_hard_noTap_tunnel/logic_systemLogic_bus_rsp_ccToggle_io_output_payload_data[4]~FF


INFO     : 	Synchronizer 40: 


INFO     :  u_micro_risc_v1/u_EfxSapphireSoc/system_riscvJtag_hard_noTap_tunnel/logic_systemLogic_bus_rsp_ccToggle_io_output_payload_data[7]~FF


INFO     : 	Synchronizer 41: 


INFO     :  u_micro_risc_v1/u_EfxSapphireSoc/debugCd_logic_outputReset_asyncAssertSyncDeassert_buffercc/buffers_0~FF


INFO     :  u_micro_risc_v1/u_EfxSapphireSoc/debugCd_logic_outputReset_asyncAssertSyncDeassert_buffercc_io_dataOut~FF


INFO     : 	Synchronizer 42: 


INFO     :  u_micro_risc_v1/u_EfxSapphireSoc/system_riscvJtag_hard_noTap_tunnel/logic_systemLogic_bus_rsp_ccToggle_io_output_payload_data[16]~FF


INFO     : 	Synchronizer 43: 


INFO     :  u_micro_risc_v1/u_EfxSapphireSoc/system_riscvJtag_hard_noTap_tunnel/logic_systemLogic_bus_rsp_ccToggle_io_output_payload_data[17]~FF


INFO     : 	Synchronizer 44: 


INFO     :  u_micro_risc_v1/u_EfxSapphireSoc/system_riscvJtag_hard_noTap_tunnel_io_bus_cmd_payload_data[27]~FF


INFO     : 	Synchronizer 45: 


INFO     :  u_micro_risc_v1/u_EfxSapphireSoc/system_riscvJtag_hard_noTap_tunnel_io_bus_cmd_payload_write~FF


INFO     : 	Synchronizer 46: 


INFO     :  u_micro_risc_v1/u_EfxSapphireSoc/system_riscvJtag_hard_noTap_tunnel/logic_systemLogic_bus_rsp_ccToggle_io_output_payload_data[11]~FF


INFO     : 	Synchronizer 47: 


INFO     :  u_micro_risc_v1/u_EfxSapphireSoc/system_riscvJtag_hard_noTap_tunnel/logic_systemLogic_bus_rsp_ccToggle_io_output_payload_data[12]~FF


INFO     : 	Synchronizer 48: 


INFO     :  u_micro_risc_v1/u_EfxSapphireSoc/system_riscvJtag_hard_noTap_tunnel/logic_systemLogic_bus_rsp_ccToggle_io_output_payload_data[13]~FF


INFO     : 	Synchronizer 49: 


INFO     :  u_micro_risc_v1/u_EfxSapphireSoc/system_uart_0_io_logic/uartCtrl_1/rx/io_rxd_buffercc/buffers_0~FF


INFO     :  u_micro_risc_v1/u_EfxSapphireSoc/system_uart_0_io_logic/uartCtrl_1/rx/io_rxd_buffercc_io_dataOut~FF


INFO     : 	Synchronizer 50: 


INFO     :  u_micro_risc_v1/u_EfxSapphireSoc/system_riscvJtag_hard_noTap_tunnel/logic_systemLogic_bus_rsp_ccToggle_io_output_payload_data[14]~FF


INFO     : 	Synchronizer 51: 


INFO     :  u_micro_risc_v1/u_EfxSapphireSoc/io_asyncReset_asyncAssertSyncDeassert_buffercc/buffers_0~FF


INFO     :  u_micro_risc_v1/u_EfxSapphireSoc/io_asyncReset_asyncAssertSyncDeassert_buffercc_io_dataOut~FF


INFO     : 	Synchronizer 52: 


INFO     :  u_micro_risc_v1/u_EfxSapphireSoc/system_riscvJtag_hard_noTap_tunnel/logic_systemLogic_bus_rsp_ccToggle_io_output_payload_data[15]~FF


INFO     : 	Synchronizer 53: 


INFO     :  u_micro_risc_v1/u_EfxSapphireSoc/system_coreStopTime_buffercc/buffers_0~FF


INFO     :  u_micro_risc_v1/u_EfxSapphireSoc/system_coreStopTime_buffercc_io_dataOut~FF


INFO     : 	Synchronizer 54: 


INFO     :  u_micro_risc_v1/u_EfxSapphireSoc/system_riscvJtag_hard_noTap_tunnel/logic_systemLogic_bus_rsp_ccToggle_io_output_payload_data[18]~FF


INFO     : 	Synchronizer 55: 


INFO     :  u_micro_risc_v1/u_EfxSapphireSoc/system_riscvJtag_debug_systemReset_asyncAssertSyncDeassert_buffercc/buffers_0~FF


INFO     :  u_micro_risc_v1/u_EfxSapphireSoc/system_riscvJtag_debug_systemReset_asyncAssertSyncDeassert_buffercc_io_dataOut~FF


INFO     : 	Synchronizer 56: 


INFO     :  u_micro_risc_v1/u_EfxSapphireSoc/system_cores_0_logic_cpu/systemCd_logic_outputReset_buffercc/buffers_0~FF


INFO     :  u_micro_risc_v1/u_EfxSapphireSoc/system_cores_0_logic_cpu_debugBus_unavailable~FF


INFO     : 	Synchronizer 57: 


INFO     :  u_micro_risc_v1/u_EfxSapphireSoc/system_riscvJtag_hard_noTap_tunnel/logic_systemLogic_bus_rsp_ccToggle_io_output_payload_data[19]~FF


INFO     : 	Synchronizer 58: 


INFO     :  u_micro_risc_v1/u_EfxSapphireSoc/system_riscvJtag_hard_noTap_tunnel_io_bus_cmd_payload_data[9]~FF


INFO     : 	Synchronizer 59: 


INFO     :  u_micro_risc_v1/u_EfxSapphireSoc/system_riscvJtag_hard_noTap_tunnel/logic_systemLogic_bus_rsp_ccToggle_io_output_payload_data[29]~FF


INFO     : 	Synchronizer 60: 


INFO     :  u_micro_risc_v1/u_EfxSapphireSoc/system_riscvJtag_hard_noTap_tunnel_io_bus_cmd_payload_data[10]~FF


INFO     : 	Synchronizer 61: 


INFO     :  u_micro_risc_v1/u_EfxSapphireSoc/system_riscvJtag_hard_noTap_tunnel/logic_systemLogic_bus_rsp_ccToggle_io_output_payload_data[30]~FF


INFO     : 	Synchronizer 62: 


INFO     :  u_micro_risc_v1/u_EfxSapphireSoc/system_riscvJtag_hard_noTap_tunnel/logic_systemLogic_bus_rsp_ccToggle_io_output_payload_data[21]~FF


INFO     : 	Synchronizer 63: 


INFO     :  u_micro_risc_v1/u_EfxSapphireSoc/system_riscvJtag_hard_noTap_tunnel_io_bus_cmd_payload_data[1]~FF


INFO     : 	Synchronizer 64: 


INFO     :  u_micro_risc_v1/u_EfxSapphireSoc/system_riscvJtag_hard_noTap_tunnel_io_bus_cmd_payload_data[11]~FF


INFO     : 	Synchronizer 65: 


INFO     :  u_micro_risc_v1/u_EfxSapphireSoc/system_riscvJtag_hard_noTap_tunnel/logic_systemLogic_bus_rsp_ccToggle_io_output_payload_data[31]~FF


INFO     : 	Synchronizer 66: 


INFO     :  u_micro_risc_v1/u_EfxSapphireSoc/system_riscvJtag_hard_noTap_tunnel/logic_systemLogic_bus_rsp_ccToggle_io_output_payload_data[22]~FF


INFO     : 	Synchronizer 67: 


INFO     :  u_micro_risc_v1/u_EfxSapphireSoc/system_riscvJtag_hard_noTap_tunnel_io_bus_cmd_payload_data[2]~FF


INFO     : 	Synchronizer 68: 


INFO     :  u_micro_risc_v1/u_EfxSapphireSoc/system_riscvJtag_hard_noTap_tunnel/logic_systemLogic_bus_rsp_ccToggle_io_output_payload_data[23]~FF


INFO     : 	Synchronizer 69: 


INFO     :  u_micro_risc_v1/u_EfxSapphireSoc/system_riscvJtag_hard_noTap_tunnel_io_bus_cmd_payload_data[3]~FF


INFO     : 	Synchronizer 70: 


INFO     :  u_micro_risc_v1/u_EfxSapphireSoc/system_riscvJtag_hard_noTap_tunnel/logic_systemLogic_bus_rsp_ccToggle_io_output_payload_data[24]~FF


INFO     : 	Synchronizer 71: 


INFO     :  u_micro_risc_v1/u_EfxSapphireSoc/system_riscvJtag_hard_noTap_tunnel_io_bus_cmd_payload_data[4]~FF


INFO     : 	Synchronizer 72: 


INFO     :  u_micro_risc_v1/u_EfxSapphireSoc/system_riscvJtag_hard_noTap_tunnel/logic_systemLogic_bus_rsp_ccToggle_io_output_payload_data[25]~FF


INFO     : 	Synchronizer 73: 


INFO     :  u_micro_risc_v1/u_EfxSapphireSoc/system_riscvJtag_hard_noTap_tunnel_io_bus_cmd_payload_data[5]~FF


INFO     : 	Synchronizer 74: 


INFO     :  u_micro_risc_v1/u_EfxSapphireSoc/system_riscvJtag_hard_noTap_tunnel/logic_jtagLogic_dmiCmd_ccToggle/inputArea_target_buffercc/buffers_0~FF


INFO     :  u_micro_risc_v1/u_EfxSapphireSoc/system_riscvJtag_hard_noTap_tunnel/logic_jtagLogic_dmiCmd_ccToggle/inputArea_target_buffercc_io_dataOut~FF


INFO     : 	Synchronizer 75: 


INFO     :  u_micro_risc_v1/u_EfxSapphireSoc/system_riscvJtag_hard_noTap_tunnel/logic_systemLogic_bus_rsp_ccToggle_io_output_payload_data[26]~FF


INFO     : 	Synchronizer 76: 


INFO     :  u_micro_risc_v1/u_EfxSapphireSoc/system_riscvJtag_hard_noTap_tunnel_io_bus_cmd_payload_data[6]~FF


INFO     : 	Synchronizer 77: 


INFO     :  u_micro_risc_v1/u_EfxSapphireSoc/system_riscvJtag_hard_noTap_tunnel/logic_systemLogic_bus_rsp_ccToggle_io_output_payload_data[27]~FF


INFO     : 	Synchronizer 78: 


INFO     :  u_micro_risc_v1/u_EfxSapphireSoc/system_riscvJtag_hard_noTap_tunnel_io_bus_cmd_payload_data[7]~FF


INFO     : 	Synchronizer 79: 


INFO     :  u_micro_risc_v1/u_EfxSapphireSoc/system_riscvJtag_hard_noTap_tunnel/logic_systemLogic_bus_rsp_ccToggle_io_output_payload_data[28]~FF


INFO     : 	Synchronizer 80: 


INFO     :  u_micro_risc_v1/u_EfxSapphireSoc/system_riscvJtag_hard_noTap_tunnel_io_bus_cmd_payload_data[8]~FF


INFO     : Starting Global Placer with 4 threads ...


            ----------     -------  --------------     -------

             Iteration       WHPWL Worst Slack (ps) Convergence

            ----------     -------  --------------     -------

INFO     :           1    11633568           -1994         1.3%


INFO     :           2     9921948           -1994         2.5%


INFO     :           3     9394080           -3553         2.8%


INFO     :           4     7300916           -3553         3.5%


INFO     :           5     3793663           -3596         4.8%


INFO     :           6     2159167           -3553         8.7%


INFO     :           7     1132816           -3201        16.3%


INFO     :           8      674690           -4273        30.1%


INFO     :           9      496197           -7184        47.4%


INFO     :          10      483889           -7808        57.7%


INFO     :          11      426221           -8012        59.8%


INFO     :          12      446653           -7193        66.6%


INFO     :          13      414413           -7920        66.6%


INFO     :          14      435852           -7258        69.7%


INFO     :          15      410561           -8248        69.7%


INFO     :          16      429022           -7712        71.6%


INFO     :          17      404246           -8091        71.6%


INFO     :          18      419643           -8102        75.1%


INFO     :          19      403607           -8205        75.1%


INFO     :          20      416526           -8258        76.4%


INFO     :          21      399527           -7939        76.4%


INFO     :          22      413010           -7128        78.6%


INFO     :          23      397191           -8090        78.6%


INFO     :          24      412739           -8150        80.5%


INFO     :          25      393188           -8362        80.5%


INFO     :          26      411315           -8348        82.6%


INFO     :          27      393742           -8347        82.6%


INFO     :          28      410382           -8139        83.9%


INFO     :          29      390367           -8234        83.9%


INFO     :          30      406659           -8138        85.3%


INFO     :          31      386673           -9253        85.3%


INFO     :          32      401430           -8709        87.0%


INFO     :          33      386166           -8746        87.0%


INFO     :          34      399397           -8706        88.0%


INFO     :          35      384751           -8336        88.0%


INFO     :          36      397748           -8638        88.8%


INFO     :          37      384994           -8764        88.8%


INFO     :          38      399269           -8577        89.4%


INFO     :          39      385068           -9193        89.4%


INFO     :          40      393138           -8894        90.0%


INFO     :          41      388500           -9063        90.0%


INFO     :          42      399891           -8953        90.0%


INFO     :          43      382935           -8683        90.0%


INFO     :          44      387656           -8253        91.3%


INFO     :          45      397578           -8195        91.3%


INFO     :          46      386454           -8693        91.3%


INFO     :          47      392481           -8715        92.0%


INFO     :          48      398835           -8704        92.1%


INFO     :          49      391099           -9508        92.1%


INFO     :          50      396564           -9088        93.2%


INFO     :          51      396707           -8477        93.2%


INFO     :          52      394524           -8408        93.2%


INFO     :          53      399703           -8737        93.9%


INFO     :          54      391510           -8419        93.9%


INFO     :          55      394583           -8950        94.8%


INFO     :          56      385385           -9194        94.8%


INFO     :          57      387788           -8432        95.9%


INFO     :          58      390661           -9231        96.9%


INFO     :          59      393546           -9805        98.0%


INFO     :          60      395258           -9559        98.6%


INFO     :          61      397303           -9542        99.2%


INFO     :          62      399749           -8581        99.3%


INFO     : Starting Annealer


            ----------     -------  --------------     -------

             Iteration       WHPWL  Delay Max (ps)     R Limit

            ----------     -------  --------------     -------

INFO     :           0      183942           19220        30.0


INFO     :           1      163827           18110        28.8


INFO     :           2      156946           14429        27.5


INFO     :           3      152448           16405        26.1


INFO     :           4      146748           13371        24.7


INFO     :           5      144935           13175        23.3


INFO     :           6      141951           12389        21.8


INFO     :           7      139601           12483        20.4


INFO     :           8      138244           11854        19.0


INFO     :           9      137863           15464        17.8


INFO     :          10      137386           11790        16.5


INFO     :          11      136287           14669        15.3


INFO     :          12      135507           14602        14.3


INFO     :          13      135119           11935        13.3


INFO     :          14      134820           14210        12.3


INFO     :          15      134010           14163        11.5


INFO     :          16      133140           14163        10.7


INFO     :          17      132733           11198         9.9


INFO     :          18      131790           13827         9.2


INFO     :          19      131452           13827         8.5


INFO     :          20      131120           13827         7.9


INFO     :          21      131322           10704         7.3


INFO     :          22      129546           13827         6.8


INFO     :          23      129082           13827         6.2


INFO     :          24      127532           14158         5.8


INFO     :          25      126884           14158         5.3


INFO     :          26      126191           14070         4.9


INFO     :          27      125407           14070         4.6


INFO     :          28      124546           14070         4.2


INFO     :          29      123885           14070         3.9


INFO     :          30      122961           14070         3.6


INFO     :          31      122915           14062         3.3


INFO     :          32      122597           13783         3.0


INFO     :          33      122194           10567         2.8


INFO     :          34      122188           10866         2.6


INFO     :          35      121542           10596         2.4


INFO     :          36      121238           10896         2.2


INFO     :          37      121100           10640         2.0


INFO     :          38      121068           10835         1.9


INFO     :          39      120714           10707         1.7


INFO     :          40      120986           10989         1.6


INFO     :          41      120804           14056         1.5


INFO     :          42      120865           14056         1.4


INFO     :          43      120077           11099         1.2


INFO     :          44      119073           11105         1.1


INFO     : Counted delay computer calls: 108243
Placement successful: 8850 cells are placed


INFO     : Peak congestion smeared over 1/4 of the chip is 0.381842 at 1,64


INFO     : Congestion-weighted HPWL per net: 28.5924


INFO     : Post-placement cluster-level checks is successful


INFO     : Checks is successful


INFO     : Reading placement constraints from '/home/olle/efinity_p2/BRAM/outflow/BRAM.qplace'.


INFO     : Finished Realigning Types (770 blocks needed type change)


INFO     : Completed placement consistency check successfully.




INFO     : Successfully created FPGA place file '/home/olle/efinity_p2/BRAM/outflow/BRAM.place'


INFO     : Placement took 18.4704 seconds.


INFO     : 	Placement took 49.7 seconds (approximately) in total CPU time.


INFO     : Placement virtual memory usage: begin = 274.376 MB, end = 407.968 MB, delta = 133.592 MB


INFO     : Placement resident set memory usage: begin = 159.872 MB, end = 283.344 MB, delta = 123.472 MB


INFO     : 	Placement peak resident set memory usage = 372.736 MB


           ***** Ending stage placement *****

           

           

           Efinix FPGA Placement and Routing.

           Version: 2025.1.110.2.15 

           Compiled: Jun 21 2025.

           

           Copyright (C) 2013 - 2025 Efinix, Inc. All rights reserved.


           

           The Tool Is Based on VPR of University of Toronto,

           a free open source code under MIT license.

           

           

INFO     : Running Placement and Routing for Family "Trion", Device "T20F169" ...


           

           ***** Beginning stage routing graph generation ... *****

INFO     : Read ipin pattern from /home/olle/efinix/efinity/2025.1/arch/./routing/ipin_oph.xml


INFO     : Finished parsing ipin pattern file '/home/olle/efinix/efinity/2025.1/arch/./routing/ipin_oph.xdb'.


INFO     : Finished parsing switch_block file '/home/olle/efinix/efinity/2025.1/arch/./routing/sb_connectivity_subset.xdb'.


INFO     : BuildGraph process took 3.05995 seconds.


INFO     : 	BuildGraph process took 2.96 seconds (approximately) in total CPU time.


INFO     : BuildGraph process virtual memory usage: begin = 407.968 MB, end = 578.696 MB, delta = 170.728 MB


INFO     : BuildGraph process resident set memory usage: begin = 283.984 MB, end = 484.56 MB, delta = 200.576 MB


INFO     : 	BuildGraph process peak resident set memory usage = 484.56 MB


INFO     : check rr_graph process took 0.118292 seconds.


INFO     : 	check rr_graph process took 0.11 seconds (approximately) in total CPU time.


INFO     : check rr_graph process virtual memory usage: begin = 606.304 MB, end = 615.52 MB, delta = 9.216 MB


INFO     : check rr_graph process resident set memory usage: begin = 510.956 MB, end = 521.324 MB, delta = 10.368 MB


INFO     : 	check rr_graph process peak resident set memory usage = 521.324 MB


INFO     : Generated 1177606 RR nodes and 4451959 RR edges


INFO     : This design has 0 global control net(s). See /home/olle/efinity_p2/BRAM/outflow/BRAM.route.rpt for details.


INFO     : Routing graph took 3.26319 seconds.


INFO     : 	Routing graph took 3.15 seconds (approximately) in total CPU time.


INFO     : Routing graph virtual memory usage: begin = 407.968 MB, end = 615.52 MB, delta = 207.552 MB


INFO     : Routing graph resident set memory usage: begin = 283.344 MB, end = 521.58 MB, delta = 238.236 MB


INFO     : 	Routing graph peak resident set memory usage = 521.58 MB


           ***** Ending stage routing graph generation *****

           

           ***** Beginning stage routing ... *****

INFO     : SDC file '/home/olle/efinity_p2/BRAM/const1.sdc' parsed successfully.


INFO     : 2 clocks (including virtual clocks), 0 inputs and 0 outputs were constrained.


INFO     :  ---------      -------     --------------      -------------


INFO     :  Iteration      Overuse     Crit Path (ns)      Calc Time (s)


INFO     :  ---------      -------     --------------      -------------


INFO     :          1        29862               10.6                3.3


INFO     :          2         5933               10.6               5.66


INFO     :          3         2745               10.6               5.07


INFO     :          4         1048               10.6               5.07


INFO     :          5          488               10.6               5.12


INFO     :          6          240               10.6               7.88


INFO     :          7          122              10.61               9.02


INFO     :          8           69              11.04               7.07


INFO     :          9           35              11.09               16.2


INFO     :         10           20              10.89               12.4


INFO     :         11            8              10.95               3.66


INFO     :         12            4              11.16               3.23


INFO     :         13            2              11.53              0.493


INFO     :         14            1              11.53               1.26


INFO     :         15            0              11.53                1.2


           

INFO     : Successfully routed netlist after 15 routing iterations and 145620696 heapops


INFO     : Completed net delay value cross check successfully.


           ***** Beginning stage routing check ... *****

           ***** Ending stage routing check *****

           

INFO     : Serial number (magic cookie) for the routing is: 877804267


INFO     : Netlist fully routed.


INFO     : Successfully created FPGA route file '/home/olle/efinity_p2/BRAM/outflow/BRAM.route'


INFO     : Routing took 87.851 seconds.


INFO     : 	Routing took 88.31 seconds (approximately) in total CPU time.


INFO     : Routing virtual memory usage: begin = 615.52 MB, end = 913.568 MB, delta = 298.048 MB


INFO     : Routing resident set memory usage: begin = 521.58 MB, end = 768.492 MB, delta = 246.912 MB


INFO     : 	Routing peak resident set memory usage = 768.492 MB


           ***** Ending stage routing *****

           

           ***** Beginning stage final timing analysis ... *****

INFO     : SDC file '/home/olle/efinity_p2/BRAM/const1.sdc' parsed successfully.


INFO     : 2 clocks (including virtual clocks), 0 inputs and 0 outputs were constrained.


Maximum possible analyzed clocks frequency
 Clock Name  Period (ns)  Frequency (MHz)     Edge
  clk           17.403        57.461         (R-R)
  pll_clk       11.687        85.565         (R-R)

Geomean max period: 14.261

Setup (Max) Clock Relationship
  Launch Clock    Capture Clock   Constraint (ns)     Slack (ns)          Edge
    clk              clk               30.000           12.597           (R-R)
    pll_clk          clk                1.000           -3.261           (R-R)
    pll_clk          pll_clk            7.000           -4.687           (R-R)

Hold (Min) Clock Relationship
  Launch Clock    Capture Clock   Constraint (ns)     Slack (ns)          Edge
    clk              clk               0.000            0.119            (R-R)
    pll_clk          clk               0.000            0.307            (R-R)
    pll_clk          pll_clk           0.000            0.116            (R-R)


WARNING  : Clock domain between pll_clk (rising) and clk (rising) may not meet (slack: -3.261 ns) the setup (max) timing requirement


WARNING  : Clock domain between pll_clk (rising) and pll_clk (rising) may not meet (slack: -4.687 ns) the setup (max) timing requirement


INFO     : Write Timing Report to "/home/olle/efinity_p2/BRAM/outflow/BRAM.timing.rpt" ...


INFO     : final timing analysis took 0.540947 seconds.


INFO     : 	final timing analysis took 0.56 seconds (approximately) in total CPU time.


INFO     : final timing analysis virtual memory usage: begin = 913.568 MB, end = 913.568 MB, delta = 0 MB


INFO     : final timing analysis resident set memory usage: begin = 768.62 MB, end = 769.004 MB, delta = 0.384 MB


INFO     : 	final timing analysis peak resident set memory usage = 769.004 MB


           ***** Ending stage final timing analysis *****

           

           ***** Beginning stage bitstream generation ... *****

INFO     : Reading core interface constraints file "/home/olle/efinity_p2/BRAM/outflow/BRAM.interface.csv"


INFO     : Successfully read core interface constraints file "/home/olle/efinity_p2/BRAM/outflow/BRAM.interface.csv"


INFO     : Finished writing bitstream file /home/olle/efinity_p2/BRAM/work_pnr/BRAM.lbf.


INFO     : Bitstream generation took 0.560853 seconds.


INFO     : 	Bitstream generation took 0.55 seconds (approximately) in total CPU time.


INFO     : Bitstream generation virtual memory usage: begin = 913.568 MB, end = 913.568 MB, delta = 0 MB


INFO     : Bitstream generation resident set memory usage: begin = 769.004 MB, end = 769.772 MB, delta = 0.768 MB


INFO     : 	Bitstream generation peak resident set memory usage = 769.772 MB


           ***** Ending stage bitstream generation *****

           

INFO     : The entire flow of EFX_PNR took 114.525 seconds.


INFO     : 	The entire flow of EFX_PNR took 146.77 seconds (approximately) in total CPU time.


INFO     : The entire flow of EFX_PNR virtual memory usage: begin = 119.636 MB, end = 913.568 MB, delta = 793.932 MB


INFO     : The entire flow of EFX_PNR resident set memory usage: begin = 38.528 MB, end = 769.596 MB, delta = 731.068 MB


INFO     : 	The entire flow of EFX_PNR peak resident set memory usage = 769.772 MB


Wed August 20 25 20:53:22 - /home/olle/efinix/efinity/2025.1/bin/efx_pnr finished. Exit code = 0 Exit status : Normal





-------------------------------------------------------------------------

Generating bitstream

-------------------------------------------------------------------------

Wed August 20 25 20:53:22 - Bitstream generation flow working directory is /home/olle/efinity_p2/BRAM/work_pnr


INFO     : --max_threads set to 4 

Wed August 20 25 20:53:23 - /home/olle/efinix/efinity/2025.1/bin/efx_pgm --source "/home/olle/efinity_p2/BRAM/work_pnr/BRAM.lbf" --dest "/home/olle/efinity_p2/BRAM/outflow/BRAM.hex" --device "T20F169" --family "Trion" --periph "/home/olle/efinity_p2/BRAM/outflow/BRAM.lpf" --interface_designer_settings "/home/olle/efinity_p2/BRAM/outflow/BRAM_or.ini" --enable_external_master_clock "off" --oscillator_clock_divider "DIV8" --active_capture_clk_edge "posedge" --spi_low_power_mode "on" --io_weak_pullup "on" --enable_roms "smart" --mode "active" --width "1" --release_tri_then_reset "on"

Wed August 20 25 20:53:23 - Running /home/olle/efinix/efinity/2025.1/bin/efx_pgm...

INFO     : Efinix FPGA Bitstream Generator.


INFO     : Version: 2025.1.110.2.15 


INFO     : Copyright (C) 2013 - 2025 Efinix, Inc. All rights reserved.


INFO     : Compiled: May  7 2025.


INFO     : Using source file "/home/olle/efinity_p2/BRAM/work_pnr/BRAM.lbf"


INFO     : Generating HEX programming file for device "T20F169", family "Trion"


INFO     : Using periphery source file "/home/olle/efinity_p2/BRAM/outflow/BRAM.lpf"


INFO     : Generating bit file: "/home/olle/efinity_p2/BRAM/outflow/BRAM.bit"


INFO     : HEX Generation Options Summary:


INFO     : 	Listing options specified to bitstream generation:


INFO     : 	spi_low_power_mode                       = on


INFO     : 	oscillator_clock_divider                 = DIV8


INFO     : 	io_weak_pullup                           = on


INFO     : 	enable_remote_update                     = off


INFO     : 	release_tri_then_reset                   = on


INFO     : Finished generating "/home/olle/efinity_p2/BRAM/outflow/BRAM.hex"


INFO     : Efinix Bitstream Generator took 1.06526 seconds.


INFO     : 	Efinix Bitstream Generator took 1.03 seconds (approximately) in total CPU time.


INFO     : Efinix Bitstream Generator virtual memory usage: begin = 35.096 MB, end = 93.392 MB, delta = 58.296 MB


INFO     : Efinix Bitstream Generator resident set memory usage: begin = 15.104 MB, end = 75.776 MB, delta = 60.672 MB


INFO     : 	Efinix Bitstream Generator peak resident set memory usage = 372.736 MB


Wed August 20 25 20:53:24 - /home/olle/efinix/efinity/2025.1/bin/efx_pgm finished. Exit code = 0 Exit status : Normal

Running hex generation flow done.

Wed August 20 25 20:53:24 - Running automated flow starting from synthesis done. Total duration = 4m 27.897s

Wed August 20 25 20:55:15 - Running Efinity Debugger...

Error in running process. Process crash.
Wed August 20 25 21:23:45 - Efinity Debugger finished. Exit code = 6 Exit status : Crash

Wed August 20 25 21:23:52 - Efinity Debugger finished. Exit code = 0 Exit status : Normal

Wed August 20 25 21:23:53 - Floorplan closed VM : 663.508 MB RSS : 311.996 MB

Wed August 20 25 21:23:53 - Project close VM : 663.508 MB RSS : 211.864 MB


