Sat August 16 25 10:33:54 - Starting Efinity IP Manager RPC Service...

Sat August 16 25 10:33:56 - IP Manager RPC Server Connected.

DEBUG    : Initialising Efx::ConcurrencyControl with 4 threads [Debug]

INFO     : --max_threads set to 4 

Sat August 16 25 10:36:30 - Project loaded VM : 542.348 MB RSS : 256.256 MB

Sat August 16 25 10:36:45 - Running automated flow starting from synthesis...



Sat August 16 25 10:36:45 - Floorplan closed VM : 545.42 MB RSS : 260.992 MB



-------------------------------------------------------------------------

Synthesis

-------------------------------------------------------------------------

Sat August 16 25 10:36:45 - Synthesis flow working directory is /home/olle/efinity_p2/BRAM/work_syn


INFO     : --max_threads set to 4 

INFO     : Deleting any pre-existing troute trace files

INFO     : Deleting any pre-existing troute trace files

INFO     : Deleting any pre-existing troute trace files

Sat August 16 25 10:36:46 - /home/olle/efinix/efinity/2025.1/bin/efx_map --project "BRAM" --root "top_level" --write-efx-verilog "/home/olle/efinity_p2/BRAM/outflow/BRAM.map.v" --write-premap-module "/home/olle/efinity_p2/BRAM/outflow/BRAM.elab.vdb" --binary-db "/home/olle/efinity_p2/BRAM/outflow/BRAM.vdb" --device "T20F169" --family "Trion" --veri_option "verilog_mode=verilog_2k,vhdl_mode=vhdl_2008" --work-dir "/home/olle/efinity_p2/BRAM/work_syn" --output-dir "/home/olle/efinity_p2/BRAM/outflow" --project-xml "/home/olle/efinity_p2/BRAM/BRAM.xml" --I "/home/olle/efinity_p2/BRAM" --I "/home/olle/efinity_p2/BRAM/ip/BRAM_8192_bytes" --I "/home/olle/efinity_p2/BRAM/ip/micro_risc_v1"

Sat August 16 25 10:36:46 - Running /home/olle/efinix/efinity/2025.1/bin/efx_map...

INFO     : Efinix FPGA Synthesis.


INFO     : Version: 2025.1.110.2.15


INFO     : Compiled: Jun 21 2025.


INFO     : 


INFO     : Copyright (C) 2013 - 2025 Efinix, Inc. All rights reserved.



INFO     : Reading project database "/home/olle/efinity_p2/BRAM/BRAM.xml"


INFO     : Analyzing Verilog file '/home/olle/efinix/efinity/2025.1/sim_models/maplib/efinix_peri_lib.v' [VERI-1482]


INFO     : /home/olle/efinix/efinity/2025.1/sim_models/maplib/efinix_peri_lib.v(8): compiling module 'EFX_IBUF' [VERI-1018]


INFO     : /home/olle/efinix/efinity/2025.1/sim_models/maplib/efinix_peri_lib.v(16): compiling module 'EFX_OBUF' [VERI-1018]


INFO     : /home/olle/efinix/efinity/2025.1/sim_models/maplib/efinix_peri_lib.v(23): compiling module 'EFX_IO_BUF' [VERI-1018]


INFO     : /home/olle/efinix/efinity/2025.1/sim_models/maplib/efinix_peri_lib.v(33): compiling module 'EFX_CLKOUT' [VERI-1018]


INFO     : /home/olle/efinix/efinity/2025.1/sim_models/maplib/efinix_peri_lib.v(41): compiling module 'EFX_IREG' [VERI-1018]


INFO     : /home/olle/efinix/efinity/2025.1/sim_models/maplib/efinix_peri_lib.v(51): compiling module 'EFX_OREG' [VERI-1018]


INFO     : /home/olle/efinix/efinity/2025.1/sim_models/maplib/efinix_peri_lib.v(60): compiling module 'EFX_IOREG' [VERI-1018]


INFO     : /home/olle/efinix/efinity/2025.1/sim_models/maplib/efinix_peri_lib.v(75): compiling module 'EFX_IDDIO' [VERI-1018]


INFO     : /home/olle/efinix/efinity/2025.1/sim_models/maplib/efinix_peri_lib.v(87): compiling module 'EFX_ODDIO' [VERI-1018]


INFO     : /home/olle/efinix/efinity/2025.1/sim_models/maplib/efinix_peri_lib.v(99): compiling module 'EFX_GPIO_V1' [VERI-1018]


INFO     : /home/olle/efinix/efinity/2025.1/sim_models/maplib/efinix_peri_lib.v(124): compiling module 'EFX_GPIO_V2' [VERI-1018]


INFO     : /home/olle/efinix/efinity/2025.1/sim_models/maplib/efinix_peri_lib.v(149): compiling module 'EFX_GPIO_V3' [VERI-1018]


INFO     : /home/olle/efinix/efinity/2025.1/sim_models/maplib/efinix_peri_lib.v(186): compiling module 'EFX_PLL_V1' [VERI-1018]


INFO     : /home/olle/efinix/efinity/2025.1/sim_models/maplib/efinix_peri_lib.v(205): compiling module 'EFX_PLL_V2' [VERI-1018]


INFO     : /home/olle/efinix/efinity/2025.1/sim_models/maplib/efinix_peri_lib.v(231): compiling module 'EFX_PLL_V3' [VERI-1018]


INFO     : /home/olle/efinix/efinity/2025.1/sim_models/maplib/efinix_peri_lib.v(279): compiling module 'EFX_OSC_V1' [VERI-1018]


INFO     : /home/olle/efinix/efinity/2025.1/sim_models/maplib/efinix_peri_lib.v(285): compiling module 'EFX_OSC_V3' [VERI-1018]


INFO     : /home/olle/efinix/efinity/2025.1/sim_models/maplib/efinix_peri_lib.v(294): compiling module 'EFX_FPLL_V1' [VERI-1018]


INFO     : /home/olle/efinix/efinity/2025.1/sim_models/maplib/efinix_peri_lib.v(348): compiling module 'EFX_JTAG_V1' [VERI-1018]


INFO     : /home/olle/efinix/efinity/2025.1/sim_models/maplib/efinix_peri_lib.v(357): compiling module 'EFX_JTAG_CTRL' [VERI-1018]


INFO     : /home/olle/efinix/efinity/2025.1/sim_models/maplib/efinix_peri_lib.v(364): compiling module 'EFX_LVDS_RX_V1' [VERI-1018]


INFO     : /home/olle/efinix/efinity/2025.1/sim_models/maplib/efinix_peri_lib.v(381): compiling module 'EFX_LVDS_TX_V1' [VERI-1018]


INFO     : /home/olle/efinix/efinity/2025.1/sim_models/maplib/efinix_peri_lib.v(399): compiling module 'EFX_LVDS_RX_V2' [VERI-1018]


INFO     : /home/olle/efinix/efinity/2025.1/sim_models/maplib/efinix_peri_lib.v(426): compiling module 'EFX_LVDS_TX_V2' [VERI-1018]


INFO     : /home/olle/efinix/efinity/2025.1/sim_models/maplib/efinix_peri_lib.v(446): compiling module 'EFX_LVDS_BIDIR_V2' [VERI-1018]


INFO     : Reading project database "/home/olle/efinity_p2/BRAM/BRAM.xml"


INFO     : ***** Beginning Analysis ... *****


INFO     : default VHDL library search path is now "/home/olle/efinix/efinity/2025.1/sim_models/vhdl/packages/vhdl_2008" [VHDL-1504]


INFO     : Analyzing Verilog file '/home/olle/efinix/efinity/2025.1/sim_models/maplib/efinix_maplib.v' [VERI-1482]


INFO     : Analyzing Verilog file '/home/olle/efinix/efinity/2025.1/sim_models/maplib/efinix_peri_lib.v' [VERI-1482]


INFO     : Analyzing Verilog file '/home/olle/efinix/efinity/2025.1/sim_models/maplib/efinix_maplib.v' [VERI-1482]


INFO     : Analyzing Verilog file '/home/olle/efinix/efinity/2025.1/sim_models/maplib/efinix_peri_lib.v' [VERI-1482]


INFO     : Analyzing VHDL file '/home/olle/efinity_p2/BRAM/top_level.vhd' [VHDL-1481]


INFO     : Restoring VHDL unit 'ieee.std_logic_1164' from file '/home/olle/efinix/efinity/2025.1/sim_models/vhdl/packages/vhdl_2008/ieee/std_logic_1164.vdb' [VHDL-1493]


INFO     : Restoring VHDL unit 'std.standard' from file '/home/olle/efinix/efinity/2025.1/sim_models/vhdl/packages/vhdl_2008/std/standard.vdb' [VHDL-1493]


INFO     : Restoring VHDL unit 'std.textio' from file '/home/olle/efinix/efinity/2025.1/sim_models/vhdl/packages/vhdl_2008/std/textio.vdb' [VHDL-1493]


INFO     : Restoring VHDL unit 'ieee.numeric_std' from file '/home/olle/efinix/efinity/2025.1/sim_models/vhdl/packages/vhdl_2008/ieee/numeric_std.vdb' [VHDL-1493]


INFO     : /home/olle/efinity_p2/BRAM/top_level.vhd(6): analyzing entity 'top_level' [VHDL-1012]


INFO     : /home/olle/efinity_p2/BRAM/top_level.vhd(48): analyzing architecture 'behavior' [VHDL-1010]


INFO     : Analyzing VHDL file '/home/olle/efinity_p2/BRAM/eth_dp83825_udp.vhd' [VHDL-1481]


INFO     : /home/olle/efinity_p2/BRAM/eth_dp83825_udp.vhd(6): analyzing entity 'eth_dp83825_udp' [VHDL-1012]


INFO     : /home/olle/efinity_p2/BRAM/eth_dp83825_udp.vhd(29): analyzing architecture 'behavior' [VHDL-1010]


INFO     : Analyzing VHDL file '/home/olle/efinity_p2/BRAM/mdio_clause22.vhd' [VHDL-1481]


INFO     : /home/olle/efinity_p2/BRAM/mdio_clause22.vhd(9): analyzing entity 'mdio_clause22' [VHDL-1012]


INFO     : /home/olle/efinity_p2/BRAM/mdio_clause22.vhd(37): analyzing architecture 'rtl' [VHDL-1010]


INFO     : Analyzing Verilog file '/home/olle/efinity_p2/BRAM/ip/BRAM_8192_bytes/BRAM_8192_bytes.v' [VERI-1482]


INFO     : /home/olle/efinity_p2/BRAM/ip/BRAM_8192_bytes/BRAM_8192_bytes.v(758): analyzing included file '/home/olle/efinity_p2/BRAM/ip/BRAM_8192_bytes/bram_ini.vh' [VERI-1328]


INFO     : /home/olle/efinity_p2/BRAM/ip/BRAM_8192_bytes/BRAM_8192_bytes.v(758): back to file '/home/olle/efinity_p2/BRAM/ip/BRAM_8192_bytes/BRAM_8192_bytes.v' [VERI-2320]


INFO     : /home/olle/efinity_p2/BRAM/ip/BRAM_8192_bytes/BRAM_8192_bytes.v(985): analyzing included file '/home/olle/efinity_p2/BRAM/ip/BRAM_8192_bytes/bram_decompose.vh' [VERI-1328]


INFO     : /home/olle/efinity_p2/BRAM/ip/BRAM_8192_bytes/BRAM_8192_bytes.v(985): back to file '/home/olle/efinity_p2/BRAM/ip/BRAM_8192_bytes/BRAM_8192_bytes.v' [VERI-2320]


INFO     : Analyzing Verilog file '/home/olle/efinity_p2/BRAM/ip/micro_risc_v1/micro_risc_v1.v' [VERI-1482]


INFO     : Analysis took 0.147756 seconds.


INFO     : 	Analysis took 0.13 seconds (approximately) in total CPU time.


INFO     : Analysis virtual memory usage: begin = 124.56 MB, end = 132.752 MB, delta = 8.192 MB


INFO     : Analysis resident set memory usage: begin = 72.192 MB, end = 81.28 MB, delta = 9.088 MB


INFO     : 	Analysis peak resident set memory usage = 295.552 MB


INFO     : ***** Ending Analysis ... *****


INFO     : ***** Beginning Elaboration ... *****


INFO     : /home/olle/efinity_p2/BRAM/top_level.vhd(6): processing 'top_level(behavior)' [VHDL-1067]


WARNING  : /home/olle/efinity_p2/BRAM/top_level.vhd(102): using initial value '0' for 'system_uart_0_io_rxd' since it is never assigned [VHDL-1303]


WARNING  : /home/olle/efinity_p2/BRAM/top_level.vhd(105): using initial value for 'system_gpio_0_io_read' since it is never assigned [VHDL-1794]


INFO     : Restoring VHDL unit 'vl.vl_types' from file '/home/olle/efinix/efinity/2025.1/sim_models/vhdl/packages/vhdl_2008/vl/vl_types.vdb' [VHDL-1493]


INFO     : /home/olle/efinity_p2/BRAM/top_level.vhd(135): switching to Verilog mode to elaborate module 'micro_risc_v1' [VHDL-1399]


INFO     : /home/olle/efinity_p2/BRAM/ip/micro_risc_v1/micro_risc_v1.v(49): compiling module 'micro_risc_v1' [VERI-1018]


INFO     : /home/olle/efinity_p2/BRAM/ip/micro_risc_v1/micro_risc_v1.v(94): compiling module 'EfxSapphireSoc_2fa2c88f3c1f4868ba7cd09620d007ba' [VERI-1018]


INFO     : /home/olle/efinity_p2/BRAM/ip/micro_risc_v1/micro_risc_v1.v(5744): compiling module 'VexRiscv_2fa2c88f3c1f4868ba7cd09620d007ba' [VERI-1018]


INFO     : /home/olle/efinity_p2/BRAM/ip/micro_risc_v1/micro_risc_v1.v(6995): extracting RAM for identifier 'RegFilePlugin_regFile' [VERI-2571]


INFO     : /home/olle/efinity_p2/BRAM/ip/micro_risc_v1/micro_risc_v1.v(12219): compiling module 'InstructionCache_2fa2c88f3c1f4868ba7cd09620d007ba' [VERI-1018]


INFO     : /home/olle/efinity_p2/BRAM/ip/micro_risc_v1/micro_risc_v1.v(12325): extracting RAM for identifier 'banks_0' [VERI-2571]


INFO     : /home/olle/efinity_p2/BRAM/ip/micro_risc_v1/micro_risc_v1.v(12326): extracting RAM for identifier 'ways_0_tags' [VERI-2571]


INFO     : /home/olle/efinity_p2/BRAM/ip/micro_risc_v1/micro_risc_v1.v(11365): compiling module 'DataCache_2fa2c88f3c1f4868ba7cd09620d007ba' [VERI-1018]


INFO     : /home/olle/efinity_p2/BRAM/ip/micro_risc_v1/micro_risc_v1.v(11579): extracting RAM for identifier 'ways_0_tags' [VERI-2571]


INFO     : /home/olle/efinity_p2/BRAM/ip/micro_risc_v1/micro_risc_v1.v(11580): extracting RAM for identifier 'ways_0_data_symbol0' [VERI-2571]


INFO     : /home/olle/efinity_p2/BRAM/ip/micro_risc_v1/micro_risc_v1.v(11581): extracting RAM for identifier 'ways_0_data_symbol1' [VERI-2571]


INFO     : /home/olle/efinity_p2/BRAM/ip/micro_risc_v1/micro_risc_v1.v(11582): extracting RAM for identifier 'ways_0_data_symbol2' [VERI-2571]


INFO     : /home/olle/efinity_p2/BRAM/ip/micro_risc_v1/micro_risc_v1.v(11583): extracting RAM for identifier 'ways_0_data_symbol3' [VERI-2571]


WARNING  : /home/olle/efinity_p2/BRAM/ip/micro_risc_v1/micro_risc_v1.v(12191): system task 'display' is ignored for synthesis [VERI-1142]


INFO     : /home/olle/efinity_p2/BRAM/ip/micro_risc_v1/micro_risc_v1.v(11346): compiling module 'BufferCC_2fa2c88f3c1f4868ba7cd09620d007ba' [VERI-1018]


INFO     : /home/olle/efinity_p2/BRAM/ip/micro_risc_v1/micro_risc_v1.v(13149): compiling module 'EfxCPUSp1_2fa2c88f3c1f4868ba7cd09620d007ba' [VERI-1018]


WARNING  : /home/olle/efinity_p2/BRAM/ip/micro_risc_v1/micro_risc_v1.v(5832): net 'IBusCachedPlugin_cache_io_cpu_fetch_isRemoved' does not have a driver [VDB-1002]


WARNING  : /home/olle/efinity_p2/BRAM/ip/micro_risc_v1/micro_risc_v1.v(5845): net 'dataCache_1_io_cpu_writeBack_fence_SW' does not have a driver [VDB-1002]


WARNING  : /home/olle/efinity_p2/BRAM/ip/micro_risc_v1/micro_risc_v1.v(5846): net 'dataCache_1_io_cpu_writeBack_fence_SR' does not have a driver [VDB-1002]


WARNING  : /home/olle/efinity_p2/BRAM/ip/micro_risc_v1/micro_risc_v1.v(5847): net 'dataCache_1_io_cpu_writeBack_fence_SO' does not have a driver [VDB-1002]


WARNING  : /home/olle/efinity_p2/BRAM/ip/micro_risc_v1/micro_risc_v1.v(5848): net 'dataCache_1_io_cpu_writeBack_fence_SI' does not have a driver [VDB-1002]


WARNING  : /home/olle/efinity_p2/BRAM/ip/micro_risc_v1/micro_risc_v1.v(5849): net 'dataCache_1_io_cpu_writeBack_fence_PW' does not have a driver [VDB-1002]


WARNING  : /home/olle/efinity_p2/BRAM/ip/micro_risc_v1/micro_risc_v1.v(5850): net 'dataCache_1_io_cpu_writeBack_fence_PR' does not have a driver [VDB-1002]


WARNING  : /home/olle/efinity_p2/BRAM/ip/micro_risc_v1/micro_risc_v1.v(5851): net 'dataCache_1_io_cpu_writeBack_fence_PO' does not have a driver [VDB-1002]


WARNING  : /home/olle/efinity_p2/BRAM/ip/micro_risc_v1/micro_risc_v1.v(5852): net 'dataCache_1_io_cpu_writeBack_fence_PI' does not have a driver [VDB-1002]


WARNING  : /home/olle/efinity_p2/BRAM/ip/micro_risc_v1/micro_risc_v1.v(5853): net 'dataCache_1_io_cpu_writeBack_fence_FM[3]' does not have a driver [VDB-1002]


WARNING  : /home/olle/efinity_p2/BRAM/ip/micro_risc_v1/micro_risc_v1.v(6276): net 'IBusCachedPlugin_mmuBus_rsp_bypassTranslation' does not have a driver [VDB-1002]


WARNING  : /home/olle/efinity_p2/BRAM/ip/micro_risc_v1/micro_risc_v1.v(6302): net 'DBusCachedPlugin_mmuBus_rsp_bypassTranslation' does not have a driver [VDB-1002]


WARNING  : /home/olle/efinity_p2/BRAM/ip/micro_risc_v1/micro_risc_v1.v(6410): net 'IBusCachedPlugin_iBusRsp_output_payload_rsp_error' does not have a driver [VDB-1002]


WARNING  : /home/olle/efinity_p2/BRAM/ip/micro_risc_v1/micro_risc_v1.v(6412): net 'IBusCachedPlugin_iBusRsp_output_payload_isRvc' does not have a driver [VDB-1002]


WARNING  : /home/olle/efinity_p2/BRAM/ip/micro_risc_v1/micro_risc_v1.v(6656): net 'CsrPlugin_mtvec_mode[1]' does not have a driver [VDB-1002]


INFO     : /home/olle/efinity_p2/BRAM/ip/micro_risc_v1/micro_risc_v1.v(4743): compiling module 'DebugModule_2fa2c88f3c1f4868ba7cd09620d007ba' [VERI-1018]


INFO     : /home/olle/efinity_p2/BRAM/ip/micro_risc_v1/micro_risc_v1.v(4949): extracting RAM for identifier 'logic_progbufX_mem' [VERI-2571]


INFO     : /home/olle/efinity_p2/BRAM/ip/micro_risc_v1/micro_risc_v1.v(4719): compiling module 'BufferCC_5_2fa2c88f3c1f4868ba7cd09620d007ba' [VERI-1018]


INFO     : /home/olle/efinity_p2/BRAM/ip/micro_risc_v1/micro_risc_v1.v(4695): compiling module 'BufferCC_6_2fa2c88f3c1f4868ba7cd09620d007ba' [VERI-1018]


INFO     : /home/olle/efinity_p2/BRAM/ip/micro_risc_v1/micro_risc_v1.v(4669): compiling module 'BufferCC_8_2fa2c88f3c1f4868ba7cd09620d007ba' [VERI-1018]


INFO     : /home/olle/efinity_p2/BRAM/ip/micro_risc_v1/micro_risc_v1.v(4196): compiling module 'DebugTransportModuleTunneled_2fa2c88f3c1f4868ba7cd09620d007ba' [VERI-1018]


INFO     : /home/olle/efinity_p2/BRAM/ip/micro_risc_v1/micro_risc_v1.v(11282): compiling module 'FlowCCByToggle_2fa2c88f3c1f4868ba7cd09620d007ba' [VERI-1018]


WARNING  : /home/olle/efinity_p2/BRAM/ip/micro_risc_v1/micro_risc_v1.v(11316): system function call 'urandom' is not supported [VERI-1141]


WARNING  : /home/olle/efinity_p2/BRAM/ip/micro_risc_v1/micro_risc_v1.v(11317): system function call 'urandom' is not supported [VERI-1141]


INFO     : /home/olle/efinity_p2/BRAM/ip/micro_risc_v1/micro_risc_v1.v(13099): compiling module 'BufferCC_1_2fa2c88f3c1f4868ba7cd09620d007ba' [VERI-1018]


WARNING  : /home/olle/efinity_p2/BRAM/ip/micro_risc_v1/micro_risc_v1.v(13111): system function call 'urandom' is not supported [VERI-1141]


WARNING  : /home/olle/efinity_p2/BRAM/ip/micro_risc_v1/micro_risc_v1.v(13112): system function call 'urandom' is not supported [VERI-1141]


INFO     : /home/olle/efinity_p2/BRAM/ip/micro_risc_v1/micro_risc_v1.v(11196): compiling module 'FlowCCByToggle_1_2fa2c88f3c1f4868ba7cd09620d007ba' [VERI-1018]


INFO     : /home/olle/efinity_p2/BRAM/ip/micro_risc_v1/micro_risc_v1.v(13075): compiling module 'BufferCC_2_2fa2c88f3c1f4868ba7cd09620d007ba' [VERI-1018]


INFO     : /home/olle/efinity_p2/BRAM/ip/micro_risc_v1/micro_risc_v1.v(13051): compiling module 'BufferCC_3_2fa2c88f3c1f4868ba7cd09620d007ba' [VERI-1018]


INFO     : /home/olle/efinity_p2/BRAM/ip/micro_risc_v1/micro_risc_v1.v(4156): compiling module 'BmbDecoder_2fa2c88f3c1f4868ba7cd09620d007ba' [VERI-1018]


INFO     : /home/olle/efinity_p2/BRAM/ip/micro_risc_v1/micro_risc_v1.v(4020): compiling module 'BmbArbiter_2fa2c88f3c1f4868ba7cd09620d007ba' [VERI-1018]


INFO     : /home/olle/efinity_p2/BRAM/ip/micro_risc_v1/micro_risc_v1.v(11092): compiling module 'StreamArbiter_2fa2c88f3c1f4868ba7cd09620d007ba' [VERI-1018]


INFO     : /home/olle/efinity_p2/BRAM/ip/micro_risc_v1/micro_risc_v1.v(3748): compiling module 'BmbDecoder_1_2fa2c88f3c1f4868ba7cd09620d007ba' [VERI-1018]


INFO     : /home/olle/efinity_p2/BRAM/ip/micro_risc_v1/micro_risc_v1.v(3640): compiling module 'BmbOnChipRam_2fa2c88f3c1f4868ba7cd09620d007ba' [VERI-1018]


INFO     : /home/olle/efinity_p2/BRAM/ip/micro_risc_v1/micro_risc_v1.v(3672): extracting RAM for identifier 'ram_symbol0' [VERI-2571]


INFO     : /home/olle/efinity_p2/BRAM/ip/micro_risc_v1/micro_risc_v1.v(3673): extracting RAM for identifier 'ram_symbol1' [VERI-2571]


INFO     : /home/olle/efinity_p2/BRAM/ip/micro_risc_v1/micro_risc_v1.v(3674): extracting RAM for identifier 'ram_symbol2' [VERI-2571]


INFO     : /home/olle/efinity_p2/BRAM/ip/micro_risc_v1/micro_risc_v1.v(3675): extracting RAM for identifier 'ram_symbol3' [VERI-2571]


INFO     : /home/olle/efinity_p2/BRAM/ip/micro_risc_v1/micro_risc_v1.v(3414): compiling module 'BmbUnburstify_2fa2c88f3c1f4868ba7cd09620d007ba' [VERI-1018]


INFO     : /home/olle/efinity_p2/BRAM/ip/micro_risc_v1/micro_risc_v1.v(3053): compiling module 'BmbDecoder_2_2fa2c88f3c1f4868ba7cd09620d007ba' [VERI-1018]


INFO     : /home/olle/efinity_p2/BRAM/ip/micro_risc_v1/micro_risc_v1.v(2869): compiling module 'BmbClint_2fa2c88f3c1f4868ba7cd09620d007ba' [VERI-1018]


INFO     : /home/olle/efinity_p2/BRAM/ip/micro_risc_v1/micro_risc_v1.v(2377): compiling module 'BmbUartCtrl_2fa2c88f3c1f4868ba7cd09620d007ba' [VERI-1018]


INFO     : /home/olle/efinity_p2/BRAM/ip/micro_risc_v1/micro_risc_v1.v(10963): compiling module 'UartCtrl_2fa2c88f3c1f4868ba7cd09620d007ba' [VERI-1018]


INFO     : /home/olle/efinity_p2/BRAM/ip/micro_risc_v1/micro_risc_v1.v(12811): compiling module 'UartCtrlTx_2fa2c88f3c1f4868ba7cd09620d007ba' [VERI-1018]


INFO     : /home/olle/efinity_p2/BRAM/ip/micro_risc_v1/micro_risc_v1.v(12517): compiling module 'UartCtrlRx_2fa2c88f3c1f4868ba7cd09620d007ba' [VERI-1018]


INFO     : /home/olle/efinity_p2/BRAM/ip/micro_risc_v1/micro_risc_v1.v(13125): compiling module 'BufferCC_4_2fa2c88f3c1f4868ba7cd09620d007ba' [VERI-1018]


INFO     : /home/olle/efinity_p2/BRAM/ip/micro_risc_v1/micro_risc_v1.v(10809): compiling module 'StreamFifo_2fa2c88f3c1f4868ba7cd09620d007ba' [VERI-1018]


INFO     : /home/olle/efinity_p2/BRAM/ip/micro_risc_v1/micro_risc_v1.v(10857): extracting RAM for identifier 'logic_ram' [VERI-2571]


INFO     : /home/olle/efinity_p2/BRAM/ip/micro_risc_v1/micro_risc_v1.v(2165): compiling module 'BmbGpio2_2fa2c88f3c1f4868ba7cd09620d007ba' [VERI-1018]


INFO     : /home/olle/efinity_p2/BRAM/top_level.vhd(135): returning to VHDL mode to continue with elaboration [VHDL-1400]


INFO     : /home/olle/efinity_p2/BRAM/eth_dp83825_udp.vhd(6): processing 'eth_dp83825_udp(behavior)' [VHDL-1067]


WARNING  : /home/olle/efinity_p2/BRAM/eth_dp83825_udp.vhd(42): using initial value for 'mdio_wr_data' since it is never assigned [VHDL-1794]


INFO     : /home/olle/efinity_p2/BRAM/mdio_clause22.vhd(9): processing 'mdio_clause22(rtl)' [VHDL-1067]


INFO     : Elaboration took 0.334274 seconds.


INFO     : 	Elaboration took 0.32 seconds (approximately) in total CPU time.


INFO     : Elaboration virtual memory usage: begin = 132.752 MB, end = 167.568 MB, delta = 34.816 MB


INFO     : Elaboration resident set memory usage: begin = 81.28 MB, end = 117.376 MB, delta = 36.096 MB


INFO     : 	Elaboration peak resident set memory usage = 295.552 MB


INFO     : ***** Ending Elaboration ... *****


INFO     : ... Setting Synthesis Option: mode=speed


INFO     : ***** Beginning Reading Mapping Library ... *****


INFO     : Analyzing Verilog file '/home/olle/efinix/efinity/2025.1/sim_models/maplib/efinix_maplib.v' [VERI-1482]


INFO     : /home/olle/efinix/efinity/2025.1/sim_models/maplib/efinix_maplib.v(8): compiling module 'EFX_ADD' [VERI-1018]


INFO     : /home/olle/efinix/efinity/2025.1/sim_models/maplib/efinix_maplib.v(21): compiling module 'EFX_FF' [VERI-1018]


INFO     : /home/olle/efinix/efinity/2025.1/sim_models/maplib/efinix_maplib.v(38): compiling module 'EFX_COMB4' [VERI-1018]


INFO     : /home/olle/efinix/efinity/2025.1/sim_models/maplib/efinix_maplib.v(48): compiling module 'EFX_GBUFCE' [VERI-1018]


INFO     : /home/olle/efinix/efinity/2025.1/sim_models/maplib/efinix_maplib.v(57): compiling module 'EFX_LUT4' [VERI-1018]


INFO     : /home/olle/efinix/efinity/2025.1/sim_models/maplib/efinix_maplib.v(65): compiling module 'EFX_MULT' [VERI-1018]


INFO     : /home/olle/efinix/efinity/2025.1/sim_models/maplib/efinix_maplib.v(100): compiling module 'EFX_DSP48' [VERI-1018]


INFO     : /home/olle/efinix/efinity/2025.1/sim_models/maplib/efinix_maplib.v(156): compiling module 'EFX_DSP24' [VERI-1018]


INFO     : /home/olle/efinix/efinity/2025.1/sim_models/maplib/efinix_maplib.v(209): compiling module 'EFX_DSP12' [VERI-1018]


INFO     : /home/olle/efinix/efinity/2025.1/sim_models/maplib/efinix_maplib.v(262): compiling module 'EFX_RAM_4K' [VERI-1018]


INFO     : /home/olle/efinix/efinity/2025.1/sim_models/maplib/efinix_maplib.v(322): compiling module 'EFX_RAM_5K' [VERI-1018]


INFO     : /home/olle/efinix/efinity/2025.1/sim_models/maplib/efinix_maplib.v(394): compiling module 'EFX_DPRAM_5K' [VERI-1018]


INFO     : /home/olle/efinix/efinity/2025.1/sim_models/maplib/efinix_maplib.v(499): compiling module 'RAMB5' [VERI-1018]


INFO     : /home/olle/efinix/efinity/2025.1/sim_models/maplib/efinix_maplib.v(561): compiling module 'EFX_RAM_10K' [VERI-1018]


INFO     : /home/olle/efinix/efinity/2025.1/sim_models/maplib/efinix_maplib.v(653): compiling module 'EFX_RAM10' [VERI-1018]


INFO     : /home/olle/efinix/efinity/2025.1/sim_models/maplib/efinix_maplib.v(754): compiling module 'EFX_DPRAM10' [VERI-1018]


INFO     : /home/olle/efinix/efinity/2025.1/sim_models/maplib/efinix_maplib.v(884): compiling module 'EFX_SRL8' [VERI-1018]


INFO     : Reading Mapping Library took 0.0173345 seconds.


INFO     : 	Reading Mapping Library took 0.01 seconds (approximately) in total CPU time.


INFO     : Reading Mapping Library virtual memory usage: begin = 195.728 MB, end = 195.728 MB, delta = 0 MB


INFO     : Reading Mapping Library resident set memory usage: begin = 147.072 MB, end = 147.072 MB, delta = 0 MB


INFO     : 	Reading Mapping Library peak resident set memory usage = 295.552 MB


INFO     : ***** Ending Reading Mapping Library ... *****


INFO     : ... Pre-synthesis checks begin


WARNING  : The primary output port 'led2' wire 'led2' is not driven. [EFX-0256]


WARNING  : The primary output port 'CAM0_EN' wire 'CAM0_EN' is not driven. [EFX-0256]


WARNING  : The primary output port 'CAM1_EN' wire 'CAM1_EN' is not driven. [EFX-0256]


WARNING  : Removing redundant signal : io_cpu_prefetch_isValid. (/home/olle/efinity_p2/BRAM/ip/micro_risc_v1/micro_risc_v1.v:12221) [EFX-0200]


WARNING  : Removing redundant signal : io_cpu_prefetch_pc[31]. (/home/olle/efinity_p2/BRAM/ip/micro_risc_v1/micro_risc_v1.v:12223) [EFX-0200]


WARNING  : Removing redundant signal : io_cpu_prefetch_pc[30]. (/home/olle/efinity_p2/BRAM/ip/micro_risc_v1/micro_risc_v1.v:12223) [EFX-0200]


WARNING  : Removing redundant signal : io_cpu_prefetch_pc[29]. (/home/olle/efinity_p2/BRAM/ip/micro_risc_v1/micro_risc_v1.v:12223) [EFX-0200]


WARNING  : Removing redundant signal : io_cpu_prefetch_pc[28]. (/home/olle/efinity_p2/BRAM/ip/micro_risc_v1/micro_risc_v1.v:12223) [EFX-0200]


WARNING  : Removing redundant signal : io_cpu_prefetch_pc[27]. (/home/olle/efinity_p2/BRAM/ip/micro_risc_v1/micro_risc_v1.v:12223) [EFX-0200]


WARNING  : Removing redundant signal : io_cpu_prefetch_pc[26]. (/home/olle/efinity_p2/BRAM/ip/micro_risc_v1/micro_risc_v1.v:12223) [EFX-0200]


WARNING  : Removing redundant signal : io_cpu_prefetch_pc[25]. (/home/olle/efinity_p2/BRAM/ip/micro_risc_v1/micro_risc_v1.v:12223) [EFX-0200]


WARNING  : Removing redundant signal : io_cpu_prefetch_pc[24]. (/home/olle/efinity_p2/BRAM/ip/micro_risc_v1/micro_risc_v1.v:12223) [EFX-0200]


WARNING  : Removing redundant signal : io_cpu_prefetch_pc[23]. (/home/olle/efinity_p2/BRAM/ip/micro_risc_v1/micro_risc_v1.v:12223) [EFX-0200]


WARNING  : Removing redundant signal : io_cpu_prefetch_pc[22]. (/home/olle/efinity_p2/BRAM/ip/micro_risc_v1/micro_risc_v1.v:12223) [EFX-0200]


WARNING  : Removing redundant signal : io_cpu_prefetch_pc[21]. (/home/olle/efinity_p2/BRAM/ip/micro_risc_v1/micro_risc_v1.v:12223) [EFX-0200]


WARNING  : Removing redundant signal : io_cpu_prefetch_pc[20]. (/home/olle/efinity_p2/BRAM/ip/micro_risc_v1/micro_risc_v1.v:12223) [EFX-0200]


WARNING  : Removing redundant signal : io_cpu_prefetch_pc[19]. (/home/olle/efinity_p2/BRAM/ip/micro_risc_v1/micro_risc_v1.v:12223) [EFX-0200]


WARNING  : Removing redundant signal : io_cpu_prefetch_pc[18]. (/home/olle/efinity_p2/BRAM/ip/micro_risc_v1/micro_risc_v1.v:12223) [EFX-0200]


WARNING  : Removing redundant signal : io_cpu_prefetch_pc[17]. (/home/olle/efinity_p2/BRAM/ip/micro_risc_v1/micro_risc_v1.v:12223) [EFX-0200]


WARNING  : Removing redundant signal : io_cpu_prefetch_pc[16]. (/home/olle/efinity_p2/BRAM/ip/micro_risc_v1/micro_risc_v1.v:12223) [EFX-0200]


WARNING  : Removing redundant signal : io_cpu_prefetch_pc[15]. (/home/olle/efinity_p2/BRAM/ip/micro_risc_v1/micro_risc_v1.v:12223) [EFX-0200]


WARNING  : Removing redundant signal : io_cpu_prefetch_pc[14]. (/home/olle/efinity_p2/BRAM/ip/micro_risc_v1/micro_risc_v1.v:12223) [EFX-0200]


WARNING  : Removing redundant signal : io_cpu_prefetch_pc[13]. (/home/olle/efinity_p2/BRAM/ip/micro_risc_v1/micro_risc_v1.v:12223) [EFX-0200]


WARNING  : (The above message was generated too many times, subsequent similar messages will be muted.) [EFX-0200]


INFO     : ... Memory 'banks_0' is not initialized, assuming empty initial contents. (/home/olle/efinity_p2/BRAM/ip/micro_risc_v1/micro_risc_v1.v:12325) [EFX-0677]


INFO     : ... Memory 'ways_0_tags' is not initialized, assuming empty initial contents. (/home/olle/efinity_p2/BRAM/ip/micro_risc_v1/micro_risc_v1.v:12326) [EFX-0677]


INFO     : ... Memory 'ways_0_tags' is not initialized, assuming empty initial contents. (/home/olle/efinity_p2/BRAM/ip/micro_risc_v1/micro_risc_v1.v:11579) [EFX-0677]


INFO     : ... Memory 'ways_0_data_symbol0' is not initialized, assuming empty initial contents. (/home/olle/efinity_p2/BRAM/ip/micro_risc_v1/micro_risc_v1.v:11580) [EFX-0677]


INFO     : ... Memory 'ways_0_data_symbol1' is not initialized, assuming empty initial contents. (/home/olle/efinity_p2/BRAM/ip/micro_risc_v1/micro_risc_v1.v:11581) [EFX-0677]


INFO     : ... Memory 'ways_0_data_symbol2' is not initialized, assuming empty initial contents. (/home/olle/efinity_p2/BRAM/ip/micro_risc_v1/micro_risc_v1.v:11582) [EFX-0677]


INFO     : ... Memory 'ways_0_data_symbol3' is not initialized, assuming empty initial contents. (/home/olle/efinity_p2/BRAM/ip/micro_risc_v1/micro_risc_v1.v:11583) [EFX-0677]


WARNING  : Re-wiring to GND non-driven net 'IBusCachedPlugin_cache_io_cpu_fetch_isRemoved'. (/home/olle/efinity_p2/BRAM/ip/micro_risc_v1/micro_risc_v1.v:5832) [EFX-0201]


WARNING  : Re-wiring to GND non-driven net 'dataCache_1_io_cpu_writeBack_fence_SW'. (/home/olle/efinity_p2/BRAM/ip/micro_risc_v1/micro_risc_v1.v:5845) [EFX-0201]


WARNING  : Re-wiring to GND non-driven net 'dataCache_1_io_cpu_writeBack_fence_SR'. (/home/olle/efinity_p2/BRAM/ip/micro_risc_v1/micro_risc_v1.v:5846) [EFX-0201]


WARNING  : Re-wiring to GND non-driven net 'dataCache_1_io_cpu_writeBack_fence_SO'. (/home/olle/efinity_p2/BRAM/ip/micro_risc_v1/micro_risc_v1.v:5847) [EFX-0201]


WARNING  : Re-wiring to GND non-driven net 'dataCache_1_io_cpu_writeBack_fence_SI'. (/home/olle/efinity_p2/BRAM/ip/micro_risc_v1/micro_risc_v1.v:5848) [EFX-0201]


WARNING  : Re-wiring to GND non-driven net 'dataCache_1_io_cpu_writeBack_fence_PW'. (/home/olle/efinity_p2/BRAM/ip/micro_risc_v1/micro_risc_v1.v:5849) [EFX-0201]


WARNING  : Re-wiring to GND non-driven net 'dataCache_1_io_cpu_writeBack_fence_PR'. (/home/olle/efinity_p2/BRAM/ip/micro_risc_v1/micro_risc_v1.v:5850) [EFX-0201]


WARNING  : Re-wiring to GND non-driven net 'dataCache_1_io_cpu_writeBack_fence_PO'. (/home/olle/efinity_p2/BRAM/ip/micro_risc_v1/micro_risc_v1.v:5851) [EFX-0201]


WARNING  : Re-wiring to GND non-driven net 'dataCache_1_io_cpu_writeBack_fence_PI'. (/home/olle/efinity_p2/BRAM/ip/micro_risc_v1/micro_risc_v1.v:5852) [EFX-0201]


WARNING  : Re-wiring to GND non-driven net 'dataCache_1_io_cpu_writeBack_fence_FM[3]'. (/home/olle/efinity_p2/BRAM/ip/micro_risc_v1/micro_risc_v1.v:5853) [EFX-0201]


WARNING  : (The above message was generated too many times, subsequent similar messages will be muted.) [EFX-0201]


INFO     : ... Memory 'RegFilePlugin_regFile' is not initialized, assuming empty initial contents. (/home/olle/efinity_p2/BRAM/ip/micro_risc_v1/micro_risc_v1.v:6995) [EFX-0677]


INFO     : ... Memory 'logic_progbufX_mem' is not initialized, assuming empty initial contents. (/home/olle/efinity_p2/BRAM/ip/micro_risc_v1/micro_risc_v1.v:4949) [EFX-0677]


INFO     : Module Instance 'memory_arbiter' input pin 'io_inputs_0_payload_fragment_source[0]' is tied to constant (=0). [EFX-0266]


INFO     : Module Instance 'memory_arbiter' input pin 'io_inputs_1_payload_fragment_source[0]' is tied to constant (=0). [EFX-0266]


INFO     : Module Instance 'memory_arbiter' input pin 'io_inputs_1_payload_fragment_context[0]' is tied to constant (=0). [EFX-0266]


INFO     : Module Instance 'tx' input pin 'io_cts' is tied to constant (=0). [EFX-0266]


INFO     : ... Memory 'logic_ram' is not initialized, assuming empty initial contents. (/home/olle/efinity_p2/BRAM/ip/micro_risc_v1/micro_risc_v1.v:10857) [EFX-0677]


INFO     : Module Instance 'bridge_write_streamUnbuffered_queueWithOccupancy' input pin 'io_flush' is tied to constant (=0). [EFX-0266]


INFO     : Module Instance 'uartCtrl_1_io_read_queueWithOccupancy' input pin 'io_flush' is tied to constant (=0). [EFX-0266]


INFO     : Module Instance 'system_bridge_bmb_arbiter' input pin 'io_inputs_1_cmd_payload_fragment_data[0]' is tied to constant (=0). [EFX-0266]


INFO     : Module Instance 'system_bridge_bmb_arbiter' input pin 'io_inputs_1_cmd_payload_fragment_data[1]' is tied to constant (=0). [EFX-0266]


INFO     : Module Instance 'system_bridge_bmb_arbiter' input pin 'io_inputs_1_cmd_payload_fragment_data[2]' is tied to constant (=0). [EFX-0266]


INFO     : Module Instance 'system_bridge_bmb_arbiter' input pin 'io_inputs_1_cmd_payload_fragment_data[3]' is tied to constant (=0). [EFX-0266]


INFO     : Module Instance 'system_bridge_bmb_arbiter' input pin 'io_inputs_1_cmd_payload_fragment_data[4]' is tied to constant (=0). [EFX-0266]


INFO     : Module Instance 'system_bridge_bmb_arbiter' input pin 'io_inputs_1_cmd_payload_fragment_data[5]' is tied to constant (=0). [EFX-0266]


INFO     : Module Instance 'system_bridge_bmb_arbiter' input pin 'io_inputs_1_cmd_payload_fragment_data[6]' is tied to constant (=0). [EFX-0266]


INFO     : Module Instance 'system_bridge_bmb_arbiter' input pin 'io_inputs_1_cmd_payload_fragment_data[7]' is tied to constant (=0). [EFX-0266]


INFO     : Module Instance 'system_bridge_bmb_arbiter' input pin 'io_inputs_1_cmd_payload_fragment_data[8]' is tied to constant (=0). [EFX-0266]


INFO     : Module Instance 'system_bridge_bmb_arbiter' input pin 'io_inputs_1_cmd_payload_fragment_data[9]' is tied to constant (=0). [EFX-0266]


INFO     : Module Instance 'system_bridge_bmb_arbiter' input pin 'io_inputs_1_cmd_payload_fragment_data[10]' is tied to constant (=0). [EFX-0266]


INFO     : Module Instance 'system_bridge_bmb_arbiter' input pin 'io_inputs_1_cmd_payload_fragment_data[11]' is tied to constant (=0). [EFX-0266]


INFO     : Module Instance 'system_bridge_bmb_arbiter' input pin 'io_inputs_1_cmd_payload_fragment_data[12]' is tied to constant (=0). [EFX-0266]


INFO     : Module Instance 'system_bridge_bmb_arbiter' input pin 'io_inputs_1_cmd_payload_fragment_data[13]' is tied to constant (=0). [EFX-0266]


INFO     : Module Instance 'system_bridge_bmb_arbiter' input pin 'io_inputs_1_cmd_payload_fragment_data[14]' is tied to constant (=0). [EFX-0266]


INFO     : Module Instance 'system_bridge_bmb_arbiter' input pin 'io_inputs_1_cmd_payload_fragment_data[15]' is tied to constant (=0). [EFX-0266]


INFO     : Module Instance 'system_bridge_bmb_arbiter' input pin 'io_inputs_1_cmd_payload_fragment_data[16]' is tied to constant (=0). [EFX-0266]


INFO     : Module Instance 'system_bridge_bmb_arbiter' input pin 'io_inputs_1_cmd_payload_fragment_data[17]' is tied to constant (=0). [EFX-0266]


INFO     : Module Instance 'system_bridge_bmb_arbiter' input pin 'io_inputs_1_cmd_payload_fragment_data[18]' is tied to constant (=0). [EFX-0266]


INFO     : Module Instance 'system_bridge_bmb_arbiter' input pin 'io_inputs_1_cmd_payload_fragment_data[19]' is tied to constant (=0). [EFX-0266]


INFO     : Module Instance 'system_bridge_bmb_arbiter' input pin 'io_inputs_1_cmd_payload_fragment_data[20]' is tied to constant (=0). [EFX-0266]


INFO     : Module Instance 'system_bridge_bmb_arbiter' input pin 'io_inputs_1_cmd_payload_fragment_data[21]' is tied to constant (=0). [EFX-0266]


INFO     : Module Instance 'system_bridge_bmb_arbiter' input pin 'io_inputs_1_cmd_payload_fragment_data[22]' is tied to constant (=0). [EFX-0266]


INFO     : Module Instance 'system_bridge_bmb_arbiter' input pin 'io_inputs_1_cmd_payload_fragment_data[23]' is tied to constant (=0). [EFX-0266]


INFO     : Module Instance 'system_bridge_bmb_arbiter' input pin 'io_inputs_1_cmd_payload_fragment_data[24]' is tied to constant (=0). [EFX-0266]


INFO     : Module Instance 'system_bridge_bmb_arbiter' input pin 'io_inputs_1_cmd_payload_fragment_data[25]' is tied to constant (=0). [EFX-0266]


INFO     : Module Instance 'system_bridge_bmb_arbiter' input pin 'io_inputs_1_cmd_payload_fragment_data[26]' is tied to constant (=0). [EFX-0266]


INFO     : Module Instance 'system_bridge_bmb_arbiter' input pin 'io_inputs_1_cmd_payload_fragment_data[27]' is tied to constant (=0). [EFX-0266]


INFO     : Module Instance 'system_bridge_bmb_arbiter' input pin 'io_inputs_1_cmd_payload_fragment_data[28]' is tied to constant (=0). [EFX-0266]


INFO     : Module Instance 'system_bridge_bmb_arbiter' input pin 'io_inputs_1_cmd_payload_fragment_data[29]' is tied to constant (=0). [EFX-0266]


INFO     : Module Instance 'system_bridge_bmb_arbiter' input pin 'io_inputs_1_cmd_payload_fragment_data[30]' is tied to constant (=0). [EFX-0266]


INFO     : Module Instance 'system_bridge_bmb_arbiter' input pin 'io_inputs_1_cmd_payload_fragment_data[31]' is tied to constant (=0). [EFX-0266]


INFO     : Module Instance 'system_bridge_bmb_arbiter' input pin 'io_inputs_1_cmd_payload_fragment_mask[0]' is tied to constant (=0). [EFX-0266]


INFO     : Module Instance 'system_bridge_bmb_arbiter' input pin 'io_inputs_1_cmd_payload_fragment_mask[1]' is tied to constant (=0). [EFX-0266]


INFO     : Module Instance 'system_bridge_bmb_arbiter' input pin 'io_inputs_1_cmd_payload_fragment_mask[2]' is tied to constant (=0). [EFX-0266]


INFO     : Module Instance 'system_bridge_bmb_arbiter' input pin 'io_inputs_1_cmd_payload_fragment_mask[3]' is tied to constant (=0). [EFX-0266]


INFO     : Module Instance 'u_micro_risc_v1' input pin 'jtagCtrl_enable' is tied to constant (=1). [EFX-0266]


INFO     : ... Pre-synthesis checks end (Real time : 0s CPU user time : 1s CPU sys time : 0s MEM : 295552KB)


INFO     : ... NameSpace init begin


INFO     : ... NameSpace init end (Real time : 0s CPU user time : 1s CPU sys time : 0s MEM : 295552KB)


INFO     : ... Mapping design "top_level"


INFO     : ... Hierarchical pre-synthesis "InstructionCache_2fa2c88f3c1f4868ba7cd09620d007ba" begin


INFO     : ... Hierarchical pre-synthesis "InstructionCache_2fa2c88f3c1f4868ba7cd09620d007ba" end (Real time : 0s CPU user time : 1s CPU sys time : 0s MEM : 295552KB)


INFO     : ... Hierarchical pre-synthesis "DataCache_2fa2c88f3c1f4868ba7cd09620d007ba" begin


INFO     : ... Hierarchical pre-synthesis "DataCache_2fa2c88f3c1f4868ba7cd09620d007ba" end (Real time : 0s CPU user time : 1s CPU sys time : 0s MEM : 295552KB)


INFO     : ... Hierarchical pre-synthesis "BufferCC_2fa2c88f3c1f4868ba7cd09620d007ba" begin


INFO     : ... Hierarchical pre-synthesis "BufferCC_2fa2c88f3c1f4868ba7cd09620d007ba" end (Real time : 0s CPU user time : 1s CPU sys time : 0s MEM : 295552KB)


INFO     : ... Hierarchical pre-synthesis "EfxCPUSp1_2fa2c88f3c1f4868ba7cd09620d007ba" begin


INFO     : ... Hierarchical pre-synthesis "EfxCPUSp1_2fa2c88f3c1f4868ba7cd09620d007ba" end (Real time : 0s CPU user time : 1s CPU sys time : 0s MEM : 295552KB)


INFO     : ... Hierarchical pre-synthesis "VexRiscv_2fa2c88f3c1f4868ba7cd09620d007ba" begin


INFO     : ... Hierarchical pre-synthesis "VexRiscv_2fa2c88f3c1f4868ba7cd09620d007ba" end (Real time : 0s CPU user time : 2s CPU sys time : 0s MEM : 295552KB)


INFO     : ... Hierarchical pre-synthesis "DebugModule_2fa2c88f3c1f4868ba7cd09620d007ba" begin


INFO     : ... Hierarchical pre-synthesis "DebugModule_2fa2c88f3c1f4868ba7cd09620d007ba" end (Real time : 0s CPU user time : 2s CPU sys time : 0s MEM : 295552KB)


INFO     : ... Hierarchical pre-synthesis "BufferCC_5_2fa2c88f3c1f4868ba7cd09620d007ba" begin


INFO     : ... Hierarchical pre-synthesis "BufferCC_5_2fa2c88f3c1f4868ba7cd09620d007ba" end (Real time : 0s CPU user time : 2s CPU sys time : 0s MEM : 295552KB)


INFO     : ... Hierarchical pre-synthesis "BufferCC_6_2fa2c88f3c1f4868ba7cd09620d007ba" begin


INFO     : ... Hierarchical pre-synthesis "BufferCC_6_2fa2c88f3c1f4868ba7cd09620d007ba" end (Real time : 0s CPU user time : 2s CPU sys time : 0s MEM : 295552KB)


INFO     : ... Hierarchical pre-synthesis "BufferCC_8_2fa2c88f3c1f4868ba7cd09620d007ba" begin


INFO     : ... Hierarchical pre-synthesis "BufferCC_8_2fa2c88f3c1f4868ba7cd09620d007ba" end (Real time : 0s CPU user time : 2s CPU sys time : 0s MEM : 295552KB)


INFO     : ... Hierarchical pre-synthesis "BufferCC_1_2fa2c88f3c1f4868ba7cd09620d007ba" begin


INFO     : ... Hierarchical pre-synthesis "BufferCC_1_2fa2c88f3c1f4868ba7cd09620d007ba" end (Real time : 0s CPU user time : 2s CPU sys time : 0s MEM : 295552KB)


INFO     : ... Hierarchical pre-synthesis "FlowCCByToggle_2fa2c88f3c1f4868ba7cd09620d007ba" begin


INFO     : ... Hierarchical pre-synthesis "FlowCCByToggle_2fa2c88f3c1f4868ba7cd09620d007ba" end (Real time : 0s CPU user time : 2s CPU sys time : 0s MEM : 295552KB)


INFO     : ... Hierarchical pre-synthesis "BufferCC_2_2fa2c88f3c1f4868ba7cd09620d007ba" begin


INFO     : ... Hierarchical pre-synthesis "BufferCC_2_2fa2c88f3c1f4868ba7cd09620d007ba" end (Real time : 0s CPU user time : 2s CPU sys time : 0s MEM : 295552KB)


INFO     : ... Hierarchical pre-synthesis "BufferCC_3_2fa2c88f3c1f4868ba7cd09620d007ba" begin


INFO     : ... Hierarchical pre-synthesis "BufferCC_3_2fa2c88f3c1f4868ba7cd09620d007ba" end (Real time : 0s CPU user time : 2s CPU sys time : 0s MEM : 295552KB)


INFO     : ... Hierarchical pre-synthesis "FlowCCByToggle_1_2fa2c88f3c1f4868ba7cd09620d007ba" begin


INFO     : ... Hierarchical pre-synthesis "FlowCCByToggle_1_2fa2c88f3c1f4868ba7cd09620d007ba" end (Real time : 0s CPU user time : 2s CPU sys time : 0s MEM : 295552KB)


INFO     : ... Hierarchical pre-synthesis "DebugTransportModuleTunneled_2fa2c88f3c1f4868ba7cd09620d007ba" begin


INFO     : ... Hierarchical pre-synthesis "DebugTransportModuleTunneled_2fa2c88f3c1f4868ba7cd09620d007ba" end (Real time : 0s CPU user time : 2s CPU sys time : 0s MEM : 295552KB)


INFO     : ... Hierarchical pre-synthesis "BmbDecoder_2fa2c88f3c1f4868ba7cd09620d007ba" begin


INFO     : ... Hierarchical pre-synthesis "BmbDecoder_2fa2c88f3c1f4868ba7cd09620d007ba" end (Real time : 0s CPU user time : 2s CPU sys time : 0s MEM : 295552KB)


INFO     : ... Hierarchical pre-synthesis "StreamArbiter_2fa2c88f3c1f4868ba7cd09620d007ba" begin


INFO     : ... Hierarchical pre-synthesis "StreamArbiter_2fa2c88f3c1f4868ba7cd09620d007ba" end (Real time : 0s CPU user time : 2s CPU sys time : 0s MEM : 295552KB)


INFO     : ... Hierarchical pre-synthesis "BmbArbiter_2fa2c88f3c1f4868ba7cd09620d007ba" begin


INFO     : ... Hierarchical pre-synthesis "BmbArbiter_2fa2c88f3c1f4868ba7cd09620d007ba" end (Real time : 0s CPU user time : 2s CPU sys time : 0s MEM : 295552KB)


INFO     : ... Hierarchical pre-synthesis "BmbDecoder_1_2fa2c88f3c1f4868ba7cd09620d007ba" begin


INFO     : ... Hierarchical pre-synthesis "BmbDecoder_1_2fa2c88f3c1f4868ba7cd09620d007ba" end (Real time : 0s CPU user time : 2s CPU sys time : 0s MEM : 295552KB)


INFO     : ... Hierarchical pre-synthesis "BmbOnChipRam_2fa2c88f3c1f4868ba7cd09620d007ba" begin


INFO     : ... Hierarchical pre-synthesis "BmbOnChipRam_2fa2c88f3c1f4868ba7cd09620d007ba" end (Real time : 0s CPU user time : 2s CPU sys time : 0s MEM : 295552KB)


INFO     : ... Hierarchical pre-synthesis "BmbUnburstify_2fa2c88f3c1f4868ba7cd09620d007ba" begin


INFO     : ... Hierarchical pre-synthesis "BmbUnburstify_2fa2c88f3c1f4868ba7cd09620d007ba" end (Real time : 0s CPU user time : 2s CPU sys time : 0s MEM : 295552KB)


INFO     : ... Hierarchical pre-synthesis "BmbDecoder_2_2fa2c88f3c1f4868ba7cd09620d007ba" begin


INFO     : ... Hierarchical pre-synthesis "BmbDecoder_2_2fa2c88f3c1f4868ba7cd09620d007ba" end (Real time : 0s CPU user time : 2s CPU sys time : 0s MEM : 295552KB)


INFO     : ... Hierarchical pre-synthesis "BmbClint_2fa2c88f3c1f4868ba7cd09620d007ba" begin


INFO     : ... Hierarchical pre-synthesis "BmbClint_2fa2c88f3c1f4868ba7cd09620d007ba" end (Real time : 0s CPU user time : 2s CPU sys time : 0s MEM : 295552KB)


INFO     : ... Hierarchical pre-synthesis "UartCtrlTx_2fa2c88f3c1f4868ba7cd09620d007ba" begin


INFO     : ... Hierarchical pre-synthesis "UartCtrlTx_2fa2c88f3c1f4868ba7cd09620d007ba" end (Real time : 0s CPU user time : 2s CPU sys time : 0s MEM : 295552KB)


INFO     : ... Hierarchical pre-synthesis "BufferCC_4_2fa2c88f3c1f4868ba7cd09620d007ba" begin


INFO     : ... Hierarchical pre-synthesis "BufferCC_4_2fa2c88f3c1f4868ba7cd09620d007ba" end (Real time : 0s CPU user time : 2s CPU sys time : 0s MEM : 295552KB)


INFO     : ... Hierarchical pre-synthesis "UartCtrlRx_2fa2c88f3c1f4868ba7cd09620d007ba" begin


INFO     : ... Hierarchical pre-synthesis "UartCtrlRx_2fa2c88f3c1f4868ba7cd09620d007ba" end (Real time : 0s CPU user time : 2s CPU sys time : 0s MEM : 295552KB)


INFO     : ... Hierarchical pre-synthesis "UartCtrl_2fa2c88f3c1f4868ba7cd09620d007ba" begin


INFO     : ... Hierarchical pre-synthesis "UartCtrl_2fa2c88f3c1f4868ba7cd09620d007ba" end (Real time : 0s CPU user time : 2s CPU sys time : 0s MEM : 295552KB)


INFO     : ... Hierarchical pre-synthesis "StreamFifo_2fa2c88f3c1f4868ba7cd09620d007ba" begin


INFO     : ... Hierarchical pre-synthesis "StreamFifo_2fa2c88f3c1f4868ba7cd09620d007ba" end (Real time : 0s CPU user time : 2s CPU sys time : 0s MEM : 295552KB)


INFO     : ... Hierarchical pre-synthesis "BmbUartCtrl_2fa2c88f3c1f4868ba7cd09620d007ba" begin


INFO     : ... Hierarchical pre-synthesis "BmbUartCtrl_2fa2c88f3c1f4868ba7cd09620d007ba" end (Real time : 1s CPU user time : 2s CPU sys time : 0s MEM : 295552KB)


INFO     : ... Hierarchical pre-synthesis "BmbGpio2_2fa2c88f3c1f4868ba7cd09620d007ba" begin


INFO     : ... Hierarchical pre-synthesis "BmbGpio2_2fa2c88f3c1f4868ba7cd09620d007ba" end (Real time : 0s CPU user time : 2s CPU sys time : 0s MEM : 295552KB)


INFO     : ... Hierarchical pre-synthesis "EfxSapphireSoc_2fa2c88f3c1f4868ba7cd09620d007ba" begin


INFO     : ... Hierarchical pre-synthesis "EfxSapphireSoc_2fa2c88f3c1f4868ba7cd09620d007ba" end (Real time : 0s CPU user time : 3s CPU sys time : 0s MEM : 295552KB)


INFO     : ... Hierarchical pre-synthesis "micro_risc_v1" begin


INFO     : ... Hierarchical pre-synthesis "micro_risc_v1" end (Real time : 1s CPU user time : 3s CPU sys time : 0s MEM : 295552KB)


INFO     : ... Hierarchical pre-synthesis "mdio_clause22" begin


INFO     : ... Hierarchical pre-synthesis "mdio_clause22" end (Real time : 0s CPU user time : 3s CPU sys time : 0s MEM : 295552KB)


INFO     : ... Hierarchical pre-synthesis "eth_dp83825_udp" begin


INFO     : ... Hierarchical pre-synthesis "eth_dp83825_udp" end (Real time : 0s CPU user time : 3s CPU sys time : 0s MEM : 295552KB)


INFO     : ... Hierarchical pre-synthesis "top_level" begin


WARNING  : Mapping into logic memory block 'u_micro_risc_v1/u_EfxSapphireSoc/system_riscvJtag_debug_logic_dm/logic_progbufX_mem' (64 bits) (/home/olle/efinity_p2/BRAM/ip/micro_risc_v1/micro_risc_v1.v:4949) because size is too small (<=64) [EFX-0657]


INFO     : ... Clock Enable Synthesis Performed on 377 flops.


INFO     : ... Hierarchical pre-synthesis "top_level" end (Real time : 0s CPU user time : 4s CPU sys time : 0s MEM : 295552KB)


INFO     : ... Flat optimizations begin


INFO     : ... Flat optimizations end (Real time : 0s CPU user time : 5s CPU sys time : 0s MEM : 295552KB)


INFO     : ... Flat synthesis begin


INFO     : ... Flat synthesis end (Real time : 0s CPU user time : 5s CPU sys time : 0s MEM : 295552KB)


INFO     : ... Flat optimizations begin


INFO     : ... Flat optimizations end (Real time : 0s CPU user time : 5s CPU sys time : 0s MEM : 295552KB)


INFO     : ... Check and break combinational loops begin


INFO     : ... Check and break combinational loops end (Real time : 0s CPU user time : 5s CPU sys time : 0s MEM : 295552KB)


INFO     : ... Sequential Optimization begin


INFO     : ... Clock Network 'pll_clk' with 2309 loads will be considered for sequential optimization.


INFO     : ... Clock Network 'jtag_dummy_TCK' with 221 loads will be considered for sequential optimization.


INFO     : ... Clock Network 'clk' with 103 loads will be considered for sequential optimization.


INFO     : ... Sequential Optimization deduced 490 equivalent points.


INFO     : ... Sequential Optimization end (Real time : 15s CPU user time : 20s CPU sys time : 0s MEM : 295552KB)


INFO     : ... Setup for logic synthesis begin


INFO     : ... Setup for logic synthesis end (Real time : 0s CPU user time : 20s CPU sys time : 0s MEM : 295552KB)


INFO     : ... LUT mapping begin


INFO     : ... LS, strategy: 3, nd: 3198, ed: 10449, lv: 7, pw: 5966.77


INFO     : ... LUT mapping end (Real time : 11s CPU user time : 34s CPU sys time : 0s MEM : 295552KB)


INFO     : ... Post-synthesis Verific netlist creation begin


INFO     : ... Post-synthesis Verific netlist creation end (Real time : 0s CPU user time : 34s CPU sys time : 0s MEM : 295552KB)


INFO     : ... Postmap Retiming Optimization begin


INFO     : ... Clock Network 'pll_clk~pll_clk' with 2301 loads will be considered for retiming optimization.


INFO     : ... Clock Network 'jtag_dummy_TCK~jtag_dummy_TCK' with 220 loads will be considered for retiming optimization.


INFO     : ... Clock Network 'clk~clk' with 103 loads will be considered for retiming optimization.


INFO     : ... Performed 0 retime moves.


INFO     : ... Postmap Retiming Optimization end (Real time : 13s CPU user time : 48s CPU sys time : 0s MEM : 295552KB)


INFO     : ***** Beginning VDB Netlist Checker ... *****


WARNING  : /home/olle/efinity_p2/BRAM/top_level.vhd(11): Input/inout port phy_intr_n is unconnected and will be removed. [VDB-8003]


WARNING  : /home/olle/efinity_p2/BRAM/top_level.vhd(16): Input/inout port rmii_crs_dv is unconnected and will be removed. [VDB-8003]


WARNING  : /home/olle/efinity_p2/BRAM/top_level.vhd(17): Input/inout port rmii_rx_er is unconnected and will be removed. [VDB-8003]


WARNING  : /home/olle/efinity_p2/BRAM/top_level.vhd(18): Input/inout port rmii_rxd[1] is unconnected and will be removed. [VDB-8003]


WARNING  : /home/olle/efinity_p2/BRAM/top_level.vhd(21): Input/inout port mdio_i is unconnected and will be removed. [VDB-8003]


WARNING  : /home/olle/efinity_p2/BRAM/top_level.vhd(29): Input/inout port jtag_dummy_TMS is unconnected and will be removed. [VDB-8003]


WARNING  : /home/olle/efinity_p2/BRAM/top_level.vhd(30): Input/inout port jtag_dummy_SEL is unconnected and will be removed. [VDB-8003]


WARNING  : /home/olle/efinity_p2/BRAM/top_level.vhd(31): Input/inout port jtag_dummy_DRCK is unconnected and will be removed. [VDB-8003]


WARNING  : /home/olle/efinity_p2/BRAM/top_level.vhd(33): Input/inout port jtag_dummy_RUNTEST is unconnected and will be removed. [VDB-8003]


WARNING  : /home/olle/efinity_p2/BRAM/top_level.vhd(38): Input/inout port led4 is unconnected and will be removed. [VDB-8003]


WARNING  : Net u_micro_risc_v1/u_EfxSapphireSoc/system_cores_0_logic_cpu/IBusCachedPlugin_cache/lineLoader_address[0] is dangling. [VDB-8009]


WARNING  : Net u_micro_risc_v1/u_EfxSapphireSoc/system_cores_0_logic_cpu/IBusCachedPlugin_cache/lineLoader_address[1] is dangling. [VDB-8009]


WARNING  : Net u_micro_risc_v1/u_EfxSapphireSoc/system_cores_0_logic_cpu/IBusCachedPlugin_cache/lineLoader_address[2] is dangling. [VDB-8009]


WARNING  : Net u_micro_risc_v1/u_EfxSapphireSoc/system_cores_0_logic_cpu/IBusCachedPlugin_cache/lineLoader_address[3] is dangling. [VDB-8009]


WARNING  : Net u_micro_risc_v1/u_EfxSapphireSoc/system_cores_0_logic_cpu/IBusCachedPlugin_cache/lineLoader_address[4] is dangling. [VDB-8009]


WARNING  : Net u_micro_risc_v1/u_EfxSapphireSoc/system_cores_0_logic_cpu/IBusCachedPlugin_cache/lineLoader_address[5] is dangling. [VDB-8009]


WARNING  : Found 17 warnings in the post-synthesis netlist.


INFO     : VDB Netlist Checker took 0.020878 seconds.


INFO     : 	VDB Netlist Checker took 0.04 seconds (approximately) in total CPU time.


INFO     : VDB Netlist Checker virtual memory usage: begin = 308.712 MB, end = 308.712 MB, delta = 0 MB


INFO     : VDB Netlist Checker resident set memory usage: begin = 222.532 MB, end = 222.66 MB, delta = 0.128 MB


INFO     : 	VDB Netlist Checker peak resident set memory usage = 295.552 MB


INFO     : ***** Ending VDB Netlist Checker ... *****


INFO     : Resource Summary 


INFO     : =============================== 


INFO     : EFX_ADD         : 	362


INFO     : EFX_LUT4        : 	3195


INFO     : EFX_FF          : 	2623


INFO     : EFX_RAM_5K      : 	40


INFO     : EFX_GBUFCE      : 	3


INFO     : =============================== 


INFO     : ... Post-Map Verilog Writer begin


INFO     : Writing netlist 'top_level' to Verilog file '/home/olle/efinity_p2/BRAM/outflow/BRAM.map.v' [VDB-1030]


INFO     : ... Post-Map Verilog Writer end (Real time : 0s CPU user time : 49s CPU sys time : 0s MEM : 295552KB)


INFO     : The entire flow of EFX_MAP took 46.2071 seconds.


INFO     : 	The entire flow of EFX_MAP took 49.11 seconds (approximately) in total CPU time.


INFO     : The entire flow of EFX_MAP virtual memory usage: begin = 88.4 MB, end = 308.712 MB, delta = 220.312 MB


INFO     : The entire flow of EFX_MAP resident set memory usage: begin = 27.392 MB, end = 222.916 MB, delta = 195.524 MB


INFO     : 	The entire flow of EFX_MAP peak resident set memory usage = 295.552 MB


Sat August 16 25 10:37:32 - /home/olle/efinix/efinity/2025.1/bin/efx_map finished. Exit code = 0 Exit status : Normal

Running synthesis flow done.

Sat August 16 25 10:37:32 - Start Debugger Flow



-------------------------------------------------------------------------

Debugger

-------------------------------------------------------------------------

Sat August 16 25 10:37:32 - Debugger flow working directory is /home/olle/efinity_p2/BRAM/work_syn


INFO     : --max_threads set to 4 

--------------------------------------------------------------

Start Debugger Step Generate Debugger Cores.

Sat August 16 25 10:37:33 - /home/olle/efinix/efinity/2025.1/bin/python3  -m "efx_dbg.DbgWizard" --device  "T20F169" --family  "Trion" --in_profile_name  "/home/olle/efinity_p2/BRAM/debug_profile.wizard.json" --out_dbg_vdb  "debug_top.post.vdb" --out_profile_name  "/home/olle/efinity_p2/BRAM/debug_profile.wizard.json" --out_dir  "work_dbg"

Sat August 16 25 10:37:33 - Running /home/olle/efinix/efinity/2025.1/bin/python3...

Traceback (most recent call last):
  File "<frozen runpy>", line 198, in _run_module_as_main
  File "<frozen runpy>", line 88, in _run_code
  File "/home/olle/efinix/efinity/2025.1/debugger/bin/efx_dbg/DbgWizard.py", line 1089, in <module>

    _context = DbgWizardContext(args.in_profile_name)
               ^^^^^^^^^^^^^^^^^^^^^^^^^^^^^^^^^^^^^^
  File "/home/olle/efinix/efinity/2025.1/debugger/bin/efx_dbg/DbgWizard.py", line 212, in __init__
    raise Exception("Invalid profile, top_module is missing")
Exception: Invalid profile, top_module is missing

Sat August 16 25 10:37:33 - /home/olle/efinix/efinity/2025.1/bin/python3 finished. Exit code = 1 Exit status : Normal

Running Debugger Step 0 fail. See exit code and exit status

Sat August 16 25 10:37:33 - End Debugger Flow

Sat August 16 25 10:37:33 - Running automated flow starting from synthesis done. Total duration = 0m 48.361s

Sat August 16 25 10:40:16 - Running automated flow starting from placement...



Sat August 16 25 10:40:16 - Floorplan closed VM : 574.916 MB RSS : 270.312 MB

Sat August 16 25 10:40:16 - Start Debugger Flow



-------------------------------------------------------------------------

Debugger

-------------------------------------------------------------------------

Sat August 16 25 10:40:16 - Debugger flow working directory is /home/olle/efinity_p2/BRAM/work_syn


INFO     : --max_threads set to 4 

--------------------------------------------------------------

Start Debugger Step Generate Debugger Cores.

Sat August 16 25 10:40:17 - /home/olle/efinix/efinity/2025.1/bin/python3  -m "efx_dbg.DbgWizard" --device  "T20F169" --family  "Trion" --in_profile_name  "/home/olle/efinity_p2/BRAM/debug_profile.wizard.json" --out_dbg_vdb  "debug_top.post.vdb" --out_profile_name  "/home/olle/efinity_p2/BRAM/debug_profile.wizard.json" --out_dir  "work_dbg"

Sat August 16 25 10:40:17 - Running /home/olle/efinix/efinity/2025.1/bin/python3...

Sat August 16 25 10:40:18 - /home/olle/efinix/efinity/2025.1/bin/python3 finished. Exit code = 0 Exit status : Normal

Debugger Step Generate Debugger Cores. Done

--------------------------------------------------------------

--------------------------------------------------------------

Start Debugger Step Compile Debugger Cores.

Sat August 16 25 10:40:18 - /home/olle/efinix/efinity/2025.1/bin/efx_map  --allow-const-ram-index "0" --blackbox-error "1" --blast_const_operand_adders "1" --bram_output_regs_packing "1" --bram-push-tco-outreg "0" --create-onehot-fsms "0" --fanout-limit "0" --hdl-compile-unit "1" --hdl-loop-limit "20000" --infer-clk-enable "3" --infer-sync-set-reset "1" --enable-mark-debug "1" --max_ram "-1" --max_mult "-1" --max-bit-blast-mem-size "10240" --min-sr-fanout "0" --min-ce-fanout "0" --mode "speed" --mult-auto-pipeline "0" --mult-decomp-retime "0" --operator-sharing "0" --optimize-adder-tree "0" --optimize-zero-init-rom "1" --peri-syn-instantiation "0" --peri-syn-inference "0" --ram-decomp-mode "0" --retiming "1" --seq_opt "1" --seq-opt-sync-only "0" --use-logic-for-small-mem "64" --use-logic-for-small-rom "64" --max_threads "-1" --mult_input_regs_packing "1" --mult_output_regs_packing "1" --I "/home/olle/efinity_p2/BRAM" --I "/home/olle/efinity_p2/BRAM/ip/BRAM_8192_bytes" --I "/home/olle/efinity_p2/BRAM/ip/micro_risc_v1" --family "Trion" --device "T20F169" --root "edb_top" --v "/home/olle/efinity_p2/BRAM/work_dbg/debug_top.v" --write-postmap-module "/home/olle/efinity_p2/BRAM/work_dbg/debug_top.post.vdb" --gen-mark-debug-json "0" --work-dir "/home/olle/efinity_p2/BRAM/work_dbg" --output-dir "/home/olle/efinity_p2/BRAM/outflow"

Sat August 16 25 10:40:18 - Running /home/olle/efinix/efinity/2025.1/bin/efx_map...

INFO     : Efinix FPGA Synthesis.
INFO     : Version: 2025.1.110.2.15
INFO     : Compiled: Jun 21 2025.
INFO     : 
INFO     : Copyright (C) 2013 - 2025 Efinix, Inc. All rights reserved.


INFO     : Analyzing Verilog file '/home/olle/efinix/efinity/2025.1/sim_models/maplib/efinix_peri_lib.v' [VERI-1482]

INFO     : /home/olle/efinix/efinity/2025.1/sim_models/maplib/efinix_peri_lib.v(8): compiling module 'EFX_IBUF' [VERI-1018]
INFO     : /home/olle/efinix/efinity/2025.1/sim_models/maplib/efinix_peri_lib.v(16): compiling module 'EFX_OBUF' [VERI-1018]
INFO     : /home/olle/efinix/efinity/2025.1/sim_models/maplib/efinix_peri_lib.v(23): compiling module 'EFX_IO_BUF' [VERI-1018]
INFO     : /home/olle/efinix/efinity/2025.1/sim_models/maplib/efinix_peri_lib.v(33): compiling module 'EFX_CLKOUT' [VERI-1018]
INFO     : /home/olle/efinix/efinity/2025.1/sim_models/maplib/efinix_peri_lib.v(41): compiling module 'EFX_IREG' [VERI-1018]
INFO     : /home/olle/efinix/efinity/2025.1/sim_models/maplib/efinix_peri_lib.v(51): compiling module 'EFX_OREG' [VERI-1018]
INFO     : /home/olle/efinix/efinity/2025.1/sim_models/maplib/efinix_peri_lib.v(60): compiling module 'EFX_IOREG' [VERI-1018]
INFO     : /home/olle/efinix/efinity/2025.1/sim_models/maplib/efinix_peri_lib.v(75): compiling module 'EFX_IDDIO' [VERI-1018]
INFO     : /home/olle/efinix/efinity/2025.1/sim_models/maplib/efinix_peri_lib.v(87): compiling module 'EFX_ODDIO' [VERI-1018]
INFO     : /home/olle/efinix/efinity/2025.1/sim_models/maplib/efinix_peri_lib.v(99): compiling module 'EFX_GPIO_V1' [VERI-1018]
INFO     : /home/olle/efinix/efinity/2025.1/sim_models/maplib/efinix_peri_lib.v(124): compiling module 'EFX_GPIO_V2' [VERI-1018]
INFO     : /home/olle/efinix/efinity/2025.1/sim_models/maplib/efinix_peri_lib.v(149): compiling module 'EFX_GPIO_V3' [VERI-1018]
INFO     : /home/olle/efinix/efinity/2025.1/sim_models/maplib/efinix_peri_lib.v(186): compiling module 'EFX_PLL_V1' [VERI-1018]
INFO     : /home/olle/efinix/efinity/2025.1/sim_models/maplib/efinix_peri_lib.v(205): compiling module 'EFX_PLL_V2' [VERI-1018]
INFO     : /home/olle/efinix/efinity/2025.1/sim_models/maplib/efinix_peri_lib.v(231): compiling module 'EFX_PLL_V3' [VERI-1018]
INFO     : /home/olle/efinix/efinity/2025.1/sim_models/maplib/efinix_peri_lib.v(279): compiling module 'EFX_OSC_V1' [VERI-1018]
INFO     : /home/olle/efinix/efinity/2025.1/sim_models/maplib/efinix_peri_lib.v(285): compiling module 'EFX_OSC_V3' [VERI-1018]
INFO     : /home/olle/efinix/efinity/2025.1/sim_models/maplib/efinix_peri_lib.v(294): compiling module 'EFX_FPLL_V1' [VERI-1018]
INFO     : /home/olle/efinix/efinity/2025.1/sim_models/maplib/efinix_peri_lib.v(348): compiling module 'EFX_JTAG_V1' [VERI-1018]
INFO     : /home/olle/efinix/efinity/2025.1/sim_models/maplib/efinix_peri_lib.v(357): compiling module 'EFX_JTAG_CTRL' [VERI-1018]
INFO     : /home/olle/efinix/efinity/2025.1/sim_models/maplib/efinix_peri_lib.v(364): compiling module 'EFX_LVDS_RX_V1' [VERI-1018]
INFO     : /home/olle/efinix/efinity/2025.1/sim_models/maplib/efinix_peri_lib.v(381): compiling module 'EFX_LVDS_TX_V1' [VERI-1018]
INFO     : /home/olle/efinix/efinity/2025.1/sim_models/maplib/efinix_peri_lib.v(399): compiling module 'EFX_LVDS_RX_V2' [VERI-1018]
INFO     : /home/olle/efinix/efinity/2025.1/sim_models/maplib/efinix_peri_lib.v(426): compiling module 'EFX_LVDS_TX_V2' [VERI-1018]
INFO     : /home/olle/efinix/efinity/2025.1/sim_models/maplib/efinix_peri_lib.v(446): compiling module 'EFX_LVDS_BIDIR_V2' [VERI-1018]
INFO     : ***** Beginning Analysis ... *****
INFO     : default VHDL library search path is now "/home/olle/efinix/efinity/2025.1/sim_models/vhdl/packages/vhdl_2008" [VHDL-1504]
INFO     : Analyzing Verilog file '/home/olle/efinix/efinity/2025.1/sim_models/maplib/efinix_maplib.v' [VERI-1482]
INFO     : Analyzing Verilog file '/home/olle/efinix/efinity/2025.1/sim_models/maplib/efinix_peri_lib.v' [VERI-1482]

INFO     : Analyzing Verilog file '/home/olle/efinix/efinity/2025.1/sim_models/maplib/efinix_maplib.v' [VERI-1482]
INFO     : Analyzing Verilog file '/home/olle/efinix/efinity/2025.1/sim_models/maplib/efinix_peri_lib.v' [VERI-1482]
INFO     : Analyzing Verilog file '/home/olle/efinity_p2/BRAM/work_dbg/debug_top.v' [VERI-1482]

INFO     : /home/olle/efinity_p2/BRAM/work_dbg/debug_top.v(4544): undeclared symbol 'la_capture_mask', assumed default net type 'wire' [VERI-2561]

INFO     : /home/olle/efinity_p2/BRAM/work_dbg/debug_top.v(4914): undeclared symbol 'next_segment_pointer_eq', assumed default net type 'wire' [VERI-2561]
INFO     : /home/olle/efinity_p2/BRAM/work_dbg/debug_top.v(4915): undeclared symbol 'next_segment_msb_xor', assumed default net type 'wire' [VERI-2561]
INFO     : Analysis took 0.0637141 seconds.
INFO     : 	Analysis took 0.06 seconds (approximately) in total CPU time.
INFO     : Analysis virtual memory usage: begin = 124.56 MB, end = 127.632 MB, delta = 3.072 MB
INFO     : Analysis resident set memory usage: begin = 71.424 MB, end = 75.008 MB, delta = 3.584 MB
INFO     : 	Analysis peak resident set memory usage = 334.568 MB
INFO     : ***** Ending Analysis ... *****
INFO     : ***** Beginning Elaboration ... *****
WARNING  : /home/olle/efinity_p2/BRAM/work_dbg/debug_top.v(258): port 'probe39' remains unconnected for this instance [VERI-1927]
INFO     : /home/olle/efinity_p2/BRAM/work_dbg/debug_top.v(10): compiling module 'edb_top' [VERI-1018]

INFO     : /home/olle/efinity_p2/BRAM/work_dbg/debug_top.v(644): compiling module 'edb_la_top_renamed_due_excessive_length_1' [VERI-1018]

INFO     : /home/olle/efinity_p2/BRAM/work_dbg/debug_top.v(333): compiling module 'edb_adbg_crc32' [VERI-1018]

INFO     : /home/olle/efinity_p2/BRAM/work_dbg/debug_top.v(5645): compiling module 'compare_unit(WIDTH=11'b01,PIPE=1)' [VERI-1018]

INFO     : /home/olle/efinity_p2/BRAM/work_dbg/debug_top.v(5645): compiling module 'compare_unit(WIDTH=11'b010000,PIPE=1)' [VERI-1018]

INFO     : /home/olle/efinity_p2/BRAM/work_dbg/debug_top.v(5645): compiling module 'compare_unit(WIDTH=11'b0101,PIPE=1)' [VERI-1018]

INFO     : /home/olle/efinity_p2/BRAM/work_dbg/debug_top.v(5645): compiling module 'compare_unit(WIDTH=11'b010,PIPE=1)' [VERI-1018]

INFO     : /home/olle/efinity_p2/BRAM/work_dbg/debug_top.v(5645): compiling module 'compare_unit(WIDTH=11'b011,PIPE=1)' [VERI-1018]

INFO     : /home/olle/efinity_p2/BRAM/work_dbg/debug_top.v(5645): compiling module 'compare_unit(WIDTH=11'b010011,PIPE=1)' [VERI-1018]

INFO     : /home/olle/efinity_p2/BRAM/work_dbg/debug_top.v(5645): compiling module 'compare_unit(WIDTH=11'b0110,PIPE=1)' [VERI-1018]

INFO     : /home/olle/efinity_p2/BRAM/work_dbg/debug_top.v(5645): compiling module 'compare_unit(WIDTH=11'b0100,PIPE=1)' [VERI-1018]

INFO     : /home/olle/efinity_p2/BRAM/work_dbg/debug_top.v(5850): compiling module 'trigger_unit(WIDTH=32'b0100111,PIPE=1)' [VERI-1018]
INFO     : /home/olle/efinity_p2/BRAM/work_dbg/debug_top.v(5975): compiling module 'trigger_skipper' [VERI-1018]

INFO     : /home/olle/efinity_p2/BRAM/work_dbg/debug_top.v(4991): compiling module 'la_biu(CAPTURE_WIDTH=32'b010011000)' [VERI-1018]
INFO     : /home/olle/efinity_p2/BRAM/work_dbg/debug_top.v(4733): compiling module 'fifo_with_read(DATA_WIDTH=32'b010011001)' [VERI-1018]
INFO     : /home/olle/efinity_p2/BRAM/work_dbg/debug_top.v(4683): compiling module 'fifo_address_trancode_unit' [VERI-1018]
INFO     : /home/olle/efinity_p2/BRAM/work_dbg/debug_top.v(554): compiling module 'edb_simple_dual_port_ram(DATA_WIDTH=32'b010011001,ADDR_WIDTH=10,RAM_INIT_FILE="")' [VERI-1018]
INFO     : /home/olle/efinity_p2/BRAM/work_dbg/debug_top.v(569): extracting RAM for identifier 'ram' [VERI-2571]

INFO     : /home/olle/efinity_p2/BRAM/work_dbg/debug_top.v(411): compiling module 'debug_hub' [VERI-1018]

WARNING  : /home/olle/efinity_p2/BRAM/work_dbg/debug_top.v(198): input port 'probe39[0]' remains unconnected for this instance [VDB-1053]
INFO     : Elaboration took 1.26126 seconds.
INFO     : 	Elaboration took 1.22 seconds (approximately) in total CPU time.
INFO     : Elaboration virtual memory usage: begin = 127.632 MB, end = 187.536 MB, delta = 59.904 MB
INFO     : Elaboration resident set memory usage: begin = 75.008 MB, end = 135.68 MB, delta = 60.672 MB
INFO     : 	Elaboration peak resident set memory usage = 334.568 MB
INFO     : ***** Ending Elaboration ... *****
INFO     : ... Setting Synthesis Option: mode=speed
INFO     : ***** Beginning Reading Mapping Library ... *****
INFO     : Analyzing Verilog file '/home/olle/efinix/efinity/2025.1/sim_models/maplib/efinix_maplib.v' [VERI-1482]
INFO     : /home/olle/efinix/efinity/2025.1/sim_models/maplib/efinix_maplib.v(8): compiling module 'EFX_ADD' [VERI-1018]
INFO     : /home/olle/efinix/efinity/2025.1/sim_models/maplib/efinix_maplib.v(21): compiling module 'EFX_FF' [VERI-1018]
INFO     : /home/olle/efinix/efinity/2025.1/sim_models/maplib/efinix_maplib.v(38): compiling module 'EFX_COMB4' [VERI-1018]
INFO     : /home/olle/efinix/efinity/2025.1/sim_models/maplib/efinix_maplib.v(48): compiling module 'EFX_GBUFCE' [VERI-1018]
INFO     : /home/olle/efinix/efinity/2025.1/sim_models/maplib/efinix_maplib.v(57): compiling module 'EFX_LUT4' [VERI-1018]
INFO     : /home/olle/efinix/efinity/2025.1/sim_models/maplib/efinix_maplib.v(65): compiling module 'EFX_MULT' [VERI-1018]
INFO     : /home/olle/efinix/efinity/2025.1/sim_models/maplib/efinix_maplib.v(100): compiling module 'EFX_DSP48' [VERI-1018]
INFO     : /home/olle/efinix/efinity/2025.1/sim_models/maplib/efinix_maplib.v(156): compiling module 'EFX_DSP24' [VERI-1018]
INFO     : /home/olle/efinix/efinity/2025.1/sim_models/maplib/efinix_maplib.v(209): compiling module 'EFX_DSP12' [VERI-1018]
INFO     : /home/olle/efinix/efinity/2025.1/sim_models/maplib/efinix_maplib.v(262): compiling module 'EFX_RAM_4K' [VERI-1018]
INFO     : /home/olle/efinix/efinity/2025.1/sim_models/maplib/efinix_maplib.v(322): compiling module 'EFX_RAM_5K' [VERI-1018]
INFO     : /home/olle/efinix/efinity/2025.1/sim_models/maplib/efinix_maplib.v(394): compiling module 'EFX_DPRAM_5K' [VERI-1018]
INFO     : /home/olle/efinix/efinity/2025.1/sim_models/maplib/efinix_maplib.v(499): compiling module 'RAMB5' [VERI-1018]
INFO     : /home/olle/efinix/efinity/2025.1/sim_models/maplib/efinix_maplib.v(561): compiling module 'EFX_RAM_10K' [VERI-1018]
INFO     : /home/olle/efinix/efinity/2025.1/sim_models/maplib/efinix_maplib.v(653): compiling module 'EFX_RAM10' [VERI-1018]
INFO     : /home/olle/efinix/efinity/2025.1/sim_models/maplib/efinix_maplib.v(754): compiling module 'EFX_DPRAM10' [VERI-1018]
INFO     : /home/olle/efinix/efinity/2025.1/sim_models/maplib/efinix_maplib.v(884): compiling module 'EFX_SRL8' [VERI-1018]
INFO     : Reading Mapping Library took 0.0141957 seconds.
INFO     : 	Reading Mapping Library took 0.02 seconds (approximately) in total CPU time.
INFO     : Reading Mapping Library virtual memory usage: begin = 187.536 MB, end = 187.536 MB, delta = 0 MB
INFO     : Reading Mapping Library resident set memory usage: begin = 136.192 MB, end = 136.192 MB, delta = 0 MB
INFO     : 	Reading Mapping Library peak resident set memory usage = 334.568 MB
INFO     : ***** Ending Reading Mapping Library ... *****
INFO     : ... Pre-synthesis checks begin

WARNING  : Removing redundant signal : compared_in[0]. (/home/olle/efinity_p2/BRAM/work_dbg/debug_top.v:5651) [EFX-0200]
WARNING  : Removing redundant signal : mask_in[0]. (/home/olle/efinity_p2/BRAM/work_dbg/debug_top.v:5652) [EFX-0200]
WARNING  : Removing redundant signal : trigger_in. (/home/olle/efinity_p2/BRAM/work_dbg/debug_top.v:5862) [EFX-0200]
INFO     : ... Memory 'ram' is not initialized, assuming empty initial contents. (/home/olle/efinity_p2/BRAM/work_dbg/debug_top.v:569) [EFX-0677]
WARNING  : Removing redundant signal : din[152]. (/home/olle/efinity_p2/BRAM/work_dbg/debug_top.v:4746) [EFX-0200]
WARNING  : Removing redundant signal : shift_i. (/home/olle/efinity_p2/BRAM/work_dbg/debug_top.v:5011) [EFX-0200]
WARNING  : Removing redundant signal : trig_out. (/home/olle/efinity_p2/BRAM/work_dbg/debug_top.v:5028) [EFX-0200]
WARNING  : Removing redundant signal : trig_out_ack. (/home/olle/efinity_p2/BRAM/work_dbg/debug_top.v:5029) [EFX-0200]
WARNING  : Removing redundant signal : bscan_DRCK. (/home/olle/efinity_p2/BRAM/work_dbg/debug_top.v:1177) [EFX-0200]
WARNING  : Removing redundant signal : bscan_RESET. (/home/olle/efinity_p2/BRAM/work_dbg/debug_top.v:1178) [EFX-0200]
WARNING  : Removing redundant signal : bscan_RUNTEST. (/home/olle/efinity_p2/BRAM/work_dbg/debug_top.v:1179) [EFX-0200]
WARNING  : Removing redundant signal : bscan_SEL. (/home/olle/efinity_p2/BRAM/work_dbg/debug_top.v:1180) [EFX-0200]
WARNING  : Removing redundant signal : bscan_TMS. (/home/olle/efinity_p2/BRAM/work_dbg/debug_top.v:1184) [EFX-0200]
WARNING  : Removing redundant signal : trig_in_ack. (/home/olle/efinity_p2/BRAM/work_dbg/debug_top.v:1196) [EFX-0200]
WARNING  : Removing redundant signal : mux_capture_cmp[38]. (/home/olle/efinity_p2/BRAM/work_dbg/debug_top.v:3610) [EFX-0200]
WARNING  : Removing redundant signal : mux_capture_cmp[37]. (/home/olle/efinity_p2/BRAM/work_dbg/debug_top.v:3610) [EFX-0200]
WARNING  : Removing redundant signal : mux_capture_cmp[36]. (/home/olle/efinity_p2/BRAM/work_dbg/debug_top.v:3610) [EFX-0200]
WARNING  : Removing redundant signal : mux_capture_cmp[35]. (/home/olle/efinity_p2/BRAM/work_dbg/debug_top.v:3610) [EFX-0200]
WARNING  : Removing redundant signal : mux_capture_cmp[34]. (/home/olle/efinity_p2/BRAM/work_dbg/debug_top.v:3610) [EFX-0200]
WARNING  : Removing redundant signal : mux_capture_cmp[33]. (/home/olle/efinity_p2/BRAM/work_dbg/debug_top.v:3610) [EFX-0200]
WARNING  : Removing redundant signal : mux_capture_cmp[32]. (/home/olle/efinity_p2/BRAM/work_dbg/debug_top.v:3610) [EFX-0200]
WARNING  : (The above message was generated too many times, subsequent similar messages will be muted.) [EFX-0200]

INFO     : Module Instance 'la0' input pin 'trig_in' is tied to constant (=0). [EFX-0266]
INFO     : Module Instance 'la0' input pin 'trig_out_ack' is tied to constant (=0). [EFX-0266]
WARNING  : Re-wiring to GND non-driven net 'la0.probe39[0]'. (/home/olle/efinity_p2/BRAM/work_dbg/debug_top.v:198) [EFX-0201]
WARNING  : Re-wiring to GND non-driven net 'la0.probe40[0]'. (/home/olle/efinity_p2/BRAM/work_dbg/debug_top.v:198) [EFX-0201]
WARNING  : Re-wiring to GND non-driven net 'la0.probe41[0]'. (/home/olle/efinity_p2/BRAM/work_dbg/debug_top.v:198) [EFX-0201]
WARNING  : Re-wiring to GND non-driven net 'la0.probe42[0]'. (/home/olle/efinity_p2/BRAM/work_dbg/debug_top.v:198) [EFX-0201]
WARNING  : Re-wiring to GND non-driven net 'la0.probe43[0]'. (/home/olle/efinity_p2/BRAM/work_dbg/debug_top.v:198) [EFX-0201]
WARNING  : Re-wiring to GND non-driven net 'la0.probe44[0]'. (/home/olle/efinity_p2/BRAM/work_dbg/debug_top.v:198) [EFX-0201]
WARNING  : Re-wiring to GND non-driven net 'la0.probe45[0]'. (/home/olle/efinity_p2/BRAM/work_dbg/debug_top.v:198) [EFX-0201]
WARNING  : Re-wiring to GND non-driven net 'la0.probe46[0]'. (/home/olle/efinity_p2/BRAM/work_dbg/debug_top.v:198) [EFX-0201]
WARNING  : Re-wiring to GND non-driven net 'la0.probe47[0]'. (/home/olle/efinity_p2/BRAM/work_dbg/debug_top.v:198) [EFX-0201]
WARNING  : Re-wiring to GND non-driven net 'la0.probe48[0]'. (/home/olle/efinity_p2/BRAM/work_dbg/debug_top.v:198) [EFX-0201]
WARNING  : (The above message was generated too many times, subsequent similar messages will be muted.) [EFX-0201]
INFO     : ... Pre-synthesis checks end (Real time : 0s CPU user time : 1s CPU sys time : 0s MEM : 334568KB)
INFO     : ... NameSpace init begin
INFO     : ... NameSpace init end (Real time : 0s CPU user time : 1s CPU sys time : 0s MEM : 334568KB)
INFO     : ... Mapping design "edb_top"
INFO     : ... Hierarchical pre-synthesis "edb_adbg_crc32" begin
INFO     : ... Hierarchical pre-synthesis "edb_adbg_crc32" end (Real time : 0s CPU user time : 1s CPU sys time : 0s MEM : 334568KB)
INFO     : ... Hierarchical pre-synthesis "compare_unit(WIDTH=11'b01,PIPE=1)" begin
INFO     : ... Hierarchical pre-synthesis "compare_unit(WIDTH=11'b01,PIPE=1)" end (Real time : 0s CPU user time : 1s CPU sys time : 0s MEM : 334568KB)
INFO     : ... Hierarchical pre-synthesis "compare_unit(WIDTH=11'b010000,PIPE=1)" begin
INFO     : ... Hierarchical pre-synthesis "compare_unit(WIDTH=11'b010000,PIPE=1)" end (Real time : 0s CPU user time : 2s CPU sys time : 0s MEM : 334568KB)
INFO     : ... Hierarchical pre-synthesis "compare_unit(WIDTH=11'b0101,PIPE=1)" begin
INFO     : ... Hierarchical pre-synthesis "compare_unit(WIDTH=11'b0101,PIPE=1)" end (Real time : 0s CPU user time : 2s CPU sys time : 0s MEM : 334568KB)
INFO     : ... Hierarchical pre-synthesis "compare_unit(WIDTH=11'b010,PIPE=1)" begin
INFO     : ... Hierarchical pre-synthesis "compare_unit(WIDTH=11'b010,PIPE=1)" end (Real time : 0s CPU user time : 2s CPU sys time : 0s MEM : 334568KB)
INFO     : ... Hierarchical pre-synthesis "compare_unit(WIDTH=11'b011,PIPE=1)" begin
INFO     : ... Hierarchical pre-synthesis "compare_unit(WIDTH=11'b011,PIPE=1)" end (Real time : 0s CPU user time : 2s CPU sys time : 0s MEM : 334568KB)
INFO     : ... Hierarchical pre-synthesis "compare_unit(WIDTH=11'b010011,PIPE=1)" begin
INFO     : ... Hierarchical pre-synthesis "compare_unit(WIDTH=11'b010011,PIPE=1)" end (Real time : 0s CPU user time : 2s CPU sys time : 0s MEM : 334568KB)
INFO     : ... Hierarchical pre-synthesis "compare_unit(WIDTH=11'b0110,PIPE=1)" begin
INFO     : ... Hierarchical pre-synthesis "compare_unit(WIDTH=11'b0110,PIPE=1)" end (Real time : 0s CPU user time : 2s CPU sys time : 0s MEM : 334568KB)
INFO     : ... Hierarchical pre-synthesis "compare_unit(WIDTH=11'b0100,PIPE=1)" begin
INFO     : ... Hierarchical pre-synthesis "compare_unit(WIDTH=11'b0100,PIPE=1)" end (Real time : 0s CPU user time : 2s CPU sys time : 0s MEM : 334568KB)
INFO     : ... Hierarchical pre-synthesis "trigger_unit(WIDTH=32'b0100111,PIPE=1)" begin

INFO     : ... Hierarchical pre-synthesis "trigger_unit(WIDTH=32'b0100111,PIPE=1)" end (Real time : 0s CPU user time : 2s CPU sys time : 0s MEM : 334568KB)
INFO     : ... Hierarchical pre-synthesis "trigger_skipper" begin

INFO     : ... Hierarchical pre-synthesis "trigger_skipper" end (Real time : 0s CPU user time : 2s CPU sys time : 0s MEM : 334568KB)
INFO     : ... Hierarchical pre-synthesis "fifo_address_trancode_unit" begin
INFO     : ... Hierarchical pre-synthesis "fifo_address_trancode_unit" end (Real time : 0s CPU user time : 2s CPU sys time : 0s MEM : 334568KB)
INFO     : ... Hierarchical pre-synthesis "edb_simple_dual_port_ram(DATA_WIDTH=32'b010011001,ADDR_WIDTH=10,RAM_INIT_FILE="")" begin

INFO     : ... Hierarchical pre-synthesis "edb_simple_dual_port_ram(DATA_WIDTH=32'b010011001,ADDR_WIDTH=10,RAM_INIT_FILE="")" end (Real time : 0s CPU user time : 2s CPU sys time : 0s MEM : 334568KB)
INFO     : ... Hierarchical pre-synthesis "fifo_with_read(DATA_WIDTH=32'b010011001)" begin

INFO     : ... Hierarchical pre-synthesis "fifo_with_read(DATA_WIDTH=32'b010011001)" end (Real time : 0s CPU user time : 2s CPU sys time : 0s MEM : 334568KB)
INFO     : ... Hierarchical pre-synthesis "la_biu(CAPTURE_WIDTH=32'b010011000)" begin

INFO     : ... Hierarchical pre-synthesis "la_biu(CAPTURE_WIDTH=32'b010011000)" end (Real time : 0s CPU user time : 2s CPU sys time : 0s MEM : 334568KB)
INFO     : ... Hierarchical pre-synthesis "edb_la_top_renamed_due_excessive_length_1" begin

INFO     : ... Hierarchical pre-synthesis "edb_la_top_renamed_due_excessive_length_1" end (Real time : 1s CPU user time : 3s CPU sys time : 0s MEM : 334568KB)
INFO     : ... Hierarchical pre-synthesis "debug_hub" begin

INFO     : ... Hierarchical pre-synthesis "debug_hub" end (Real time : 0s CPU user time : 3s CPU sys time : 0s MEM : 334568KB)
INFO     : ... Hierarchical pre-synthesis "edb_top" begin

INFO     : ... Clock Enable Synthesis Performed on 129 flops.

INFO     : ... Hierarchical pre-synthesis "edb_top" end (Real time : 0s CPU user time : 4s CPU sys time : 0s MEM : 334568KB)

INFO     : ... Flat optimizations begin

INFO     : ... Flat optimizations end (Real time : 0s CPU user time : 4s CPU sys time : 0s MEM : 334568KB)

INFO     : ... Flat synthesis begin

INFO     : ... Flat synthesis end (Real time : 0s CPU user time : 4s CPU sys time : 0s MEM : 334568KB)

INFO     : ... Flat optimizations begin

INFO     : ... Flat optimizations end (Real time : 0s CPU user time : 4s CPU sys time : 0s MEM : 334568KB)
INFO     : ... Check and break combinational loops begin

INFO     : ... Check and break combinational loops end (Real time : 0s CPU user time : 4s CPU sys time : 0s MEM : 334568KB)

INFO     : ... Sequential Optimization begin

INFO     : ... Clock Network 'la0_clk' with 1428 loads will be considered for sequential optimization.

INFO     : ... Clock Network 'bscan_TCK' with 827 loads will be considered for sequential optimization.

INFO     : ... Sequential Optimization deduced 273 equivalent points.

INFO     : ... Sequential Optimization end (Real time : 8s CPU user time : 13s CPU sys time : 0s MEM : 334568KB)
INFO     : ... Setup for logic synthesis begin

INFO     : ... Setup for logic synthesis end (Real time : 0s CPU user time : 13s CPU sys time : 0s MEM : 334568KB)
INFO     : ... LUT mapping begin

INFO     : ... LS, strategy: 3, nd: 2062, ed: 6592, lv: 8, pw: 3729.29
INFO     : ... LUT mapping end (Real time : 8s CPU user time : 22s CPU sys time : 0s MEM : 334568KB)
INFO     : ... Post-synthesis Verific netlist creation begin

INFO     : ... Post-synthesis Verific netlist creation end (Real time : 0s CPU user time : 22s CPU sys time : 0s MEM : 334568KB)

INFO     : ... Postmap Retiming Optimization begin

INFO     : ... Clock Network 'la0_clk~la0_clk' with 1428 loads will be considered for retiming optimization.

INFO     : ... Clock Network 'bscan_TCK~bscan_TCK' with 827 loads will be considered for retiming optimization.

INFO     : ... Performed 0 retime moves.
INFO     : ... Postmap Retiming Optimization end (Real time : 8s CPU user time : 30s CPU sys time : 0s MEM : 334568KB)

INFO     : ***** Beginning VDB Netlist Checker ... *****
WARNING  : /home/olle/efinity_p2/BRAM/work_dbg/debug_top.v(13): Input/inout port bscan_DRCK is unconnected and will be removed. [VDB-8003]
WARNING  : /home/olle/efinity_p2/BRAM/work_dbg/debug_top.v(15): Input/inout port bscan_RUNTEST is unconnected and will be removed. [VDB-8003]
WARNING  : /home/olle/efinity_p2/BRAM/work_dbg/debug_top.v(20): Input/inout port bscan_TMS is unconnected and will be removed. [VDB-8003]

WARNING  : Found 3 warnings in the post-synthesis netlist.
INFO     : VDB Netlist Checker took 0.0145539 seconds.
INFO     : 	VDB Netlist Checker took 0.02 seconds (approximately) in total CPU time.
INFO     : VDB Netlist Checker virtual memory usage: begin = 309.744 MB, end = 309.744 MB, delta = 0 MB
INFO     : VDB Netlist Checker resident set memory usage: begin = 215.328 MB, end = 215.456 MB, delta = 0.128 MB
INFO     : 	VDB Netlist Checker peak resident set memory usage = 334.568 MB
INFO     : ***** Ending VDB Netlist Checker ... *****
INFO     : Resource Summary 
INFO     : =============================== 
INFO     : EFX_ADD         : 	155
INFO     : EFX_LUT4        : 	2045
INFO     : EFX_FF          : 	2246
INFO     : EFX_RAM_5K      : 	31
INFO     : EFX_GBUFCE      : 	2
INFO     : =============================== 

INFO     : The entire flow of EFX_MAP took 28.4257 seconds.
INFO     : 	The entire flow of EFX_MAP took 30.58 seconds (approximately) in total CPU time.
INFO     : The entire flow of EFX_MAP virtual memory usage: begin = 88.4 MB, end = 309.744 MB, delta = 221.344 MB
INFO     : The entire flow of EFX_MAP resident set memory usage: begin = 27.52 MB, end = 215.456 MB, delta = 187.936 MB
INFO     : 	The entire flow of EFX_MAP peak resident set memory usage = 334.568 MB

Sat August 16 25 10:40:46 - /home/olle/efinix/efinity/2025.1/bin/efx_map finished. Exit code = 0 Exit status : Normal

Debugger Step Compile Debugger Cores. Done

--------------------------------------------------------------

--------------------------------------------------------------

Start Debugger Step Merge User design with Debugger Cores.

Sat August 16 25 10:40:46 - /home/olle/efinix/efinity/2025.1/bin/efx_map  --family "Trion" --device "T20F169" --gen-mark-debug-json "0" --allow-const-ram-index "0" --blackbox-error "1" --blast_const_operand_adders "1" --bram_output_regs_packing "1" --bram-push-tco-outreg "0" --create-onehot-fsms "0" --fanout-limit "0" --hdl-compile-unit "1" --hdl-loop-limit "20000" --infer-clk-enable "3" --infer-sync-set-reset "1" --enable-mark-debug "1" --max_ram "-1" --max_mult "-1" --max-bit-blast-mem-size "10240" --min-sr-fanout "0" --min-ce-fanout "0" --mode "speed" --mult-auto-pipeline "0" --mult-decomp-retime "0" --operator-sharing "0" --optimize-adder-tree "0" --optimize-zero-init-rom "1" --peri-syn-instantiation "0" --peri-syn-inference "0" --ram-decomp-mode "0" --retiming "1" --seq_opt "1" --seq-opt-sync-only "0" --use-logic-for-small-mem "64" --use-logic-for-small-rom "64" --max_threads "-1" --mult_input_regs_packing "1" --mult_output_regs_packing "1" --I "/home/olle/efinity_p2/BRAM" --I "/home/olle/efinity_p2/BRAM/ip/BRAM_8192_bytes" --I "/home/olle/efinity_p2/BRAM/ip/micro_risc_v1" --root "top_level" --vdb "/home/olle/efinity_p2/BRAM/outflow/BRAM.elab.vdb" --vdb "/home/olle/efinity_p2/BRAM/work_dbg/debug_top.post.vdb" --write-efx-verilog "/home/olle/efinity_p2/BRAM/work_dbg/BRAM.dbg.map.v" --binary-db "/home/olle/efinity_p2/BRAM/work_dbg/BRAM.dbg.vdb" --merge_vdbs=1 --conn "/home/olle/efinity_p2/BRAM/debug_profile.wizard.json" --work-dir "/home/olle/efinity_p2/BRAM/work_dbg" --output-dir "/home/olle/efinity_p2/BRAM/outflow"

Sat August 16 25 10:40:46 - Running /home/olle/efinix/efinity/2025.1/bin/efx_map...

INFO     : Efinix FPGA Synthesis.
INFO     : Version: 2025.1.110.2.15
INFO     : Compiled: Jun 21 2025.
INFO     : 
INFO     : Copyright (C) 2013 - 2025 Efinix, Inc. All rights reserved.


INFO     : Analyzing Verilog file '/home/olle/efinix/efinity/2025.1/sim_models/maplib/efinix_peri_lib.v' [VERI-1482]

INFO     : /home/olle/efinix/efinity/2025.1/sim_models/maplib/efinix_peri_lib.v(8): compiling module 'EFX_IBUF' [VERI-1018]
INFO     : /home/olle/efinix/efinity/2025.1/sim_models/maplib/efinix_peri_lib.v(16): compiling module 'EFX_OBUF' [VERI-1018]
INFO     : /home/olle/efinix/efinity/2025.1/sim_models/maplib/efinix_peri_lib.v(23): compiling module 'EFX_IO_BUF' [VERI-1018]
INFO     : /home/olle/efinix/efinity/2025.1/sim_models/maplib/efinix_peri_lib.v(33): compiling module 'EFX_CLKOUT' [VERI-1018]
INFO     : /home/olle/efinix/efinity/2025.1/sim_models/maplib/efinix_peri_lib.v(41): compiling module 'EFX_IREG' [VERI-1018]
INFO     : /home/olle/efinix/efinity/2025.1/sim_models/maplib/efinix_peri_lib.v(51): compiling module 'EFX_OREG' [VERI-1018]
INFO     : /home/olle/efinix/efinity/2025.1/sim_models/maplib/efinix_peri_lib.v(60): compiling module 'EFX_IOREG' [VERI-1018]
INFO     : /home/olle/efinix/efinity/2025.1/sim_models/maplib/efinix_peri_lib.v(75): compiling module 'EFX_IDDIO' [VERI-1018]
INFO     : /home/olle/efinix/efinity/2025.1/sim_models/maplib/efinix_peri_lib.v(87): compiling module 'EFX_ODDIO' [VERI-1018]
INFO     : /home/olle/efinix/efinity/2025.1/sim_models/maplib/efinix_peri_lib.v(99): compiling module 'EFX_GPIO_V1' [VERI-1018]
INFO     : /home/olle/efinix/efinity/2025.1/sim_models/maplib/efinix_peri_lib.v(124): compiling module 'EFX_GPIO_V2' [VERI-1018]
INFO     : /home/olle/efinix/efinity/2025.1/sim_models/maplib/efinix_peri_lib.v(149): compiling module 'EFX_GPIO_V3' [VERI-1018]
INFO     : /home/olle/efinix/efinity/2025.1/sim_models/maplib/efinix_peri_lib.v(186): compiling module 'EFX_PLL_V1' [VERI-1018]
INFO     : /home/olle/efinix/efinity/2025.1/sim_models/maplib/efinix_peri_lib.v(205): compiling module 'EFX_PLL_V2' [VERI-1018]
INFO     : /home/olle/efinix/efinity/2025.1/sim_models/maplib/efinix_peri_lib.v(231): compiling module 'EFX_PLL_V3' [VERI-1018]
INFO     : /home/olle/efinix/efinity/2025.1/sim_models/maplib/efinix_peri_lib.v(279): compiling module 'EFX_OSC_V1' [VERI-1018]
INFO     : /home/olle/efinix/efinity/2025.1/sim_models/maplib/efinix_peri_lib.v(285): compiling module 'EFX_OSC_V3' [VERI-1018]
INFO     : /home/olle/efinix/efinity/2025.1/sim_models/maplib/efinix_peri_lib.v(294): compiling module 'EFX_FPLL_V1' [VERI-1018]
INFO     : /home/olle/efinix/efinity/2025.1/sim_models/maplib/efinix_peri_lib.v(348): compiling module 'EFX_JTAG_V1' [VERI-1018]
INFO     : /home/olle/efinix/efinity/2025.1/sim_models/maplib/efinix_peri_lib.v(357): compiling module 'EFX_JTAG_CTRL' [VERI-1018]
INFO     : /home/olle/efinix/efinity/2025.1/sim_models/maplib/efinix_peri_lib.v(364): compiling module 'EFX_LVDS_RX_V1' [VERI-1018]
INFO     : /home/olle/efinix/efinity/2025.1/sim_models/maplib/efinix_peri_lib.v(381): compiling module 'EFX_LVDS_TX_V1' [VERI-1018]
INFO     : /home/olle/efinix/efinity/2025.1/sim_models/maplib/efinix_peri_lib.v(399): compiling module 'EFX_LVDS_RX_V2' [VERI-1018]
INFO     : /home/olle/efinix/efinity/2025.1/sim_models/maplib/efinix_peri_lib.v(426): compiling module 'EFX_LVDS_TX_V2' [VERI-1018]
INFO     : /home/olle/efinix/efinity/2025.1/sim_models/maplib/efinix_peri_lib.v(446): compiling module 'EFX_LVDS_BIDIR_V2' [VERI-1018]

INFO     : ... Setting Synthesis Option: mode=speed
INFO     : ***** Beginning Reading Mapping Library ... *****
INFO     : Analyzing Verilog file '/home/olle/efinix/efinity/2025.1/sim_models/maplib/efinix_maplib.v' [VERI-1482]
INFO     : /home/olle/efinix/efinity/2025.1/sim_models/maplib/efinix_maplib.v(8): compiling module 'EFX_ADD' [VERI-1018]
INFO     : /home/olle/efinix/efinity/2025.1/sim_models/maplib/efinix_maplib.v(21): compiling module 'EFX_FF' [VERI-1018]
INFO     : /home/olle/efinix/efinity/2025.1/sim_models/maplib/efinix_maplib.v(38): compiling module 'EFX_COMB4' [VERI-1018]
INFO     : /home/olle/efinix/efinity/2025.1/sim_models/maplib/efinix_maplib.v(48): compiling module 'EFX_GBUFCE' [VERI-1018]
INFO     : /home/olle/efinix/efinity/2025.1/sim_models/maplib/efinix_maplib.v(57): compiling module 'EFX_LUT4' [VERI-1018]
INFO     : /home/olle/efinix/efinity/2025.1/sim_models/maplib/efinix_maplib.v(65): compiling module 'EFX_MULT' [VERI-1018]
INFO     : /home/olle/efinix/efinity/2025.1/sim_models/maplib/efinix_maplib.v(100): compiling module 'EFX_DSP48' [VERI-1018]
INFO     : /home/olle/efinix/efinity/2025.1/sim_models/maplib/efinix_maplib.v(156): compiling module 'EFX_DSP24' [VERI-1018]
INFO     : /home/olle/efinix/efinity/2025.1/sim_models/maplib/efinix_maplib.v(209): compiling module 'EFX_DSP12' [VERI-1018]
INFO     : /home/olle/efinix/efinity/2025.1/sim_models/maplib/efinix_maplib.v(262): compiling module 'EFX_RAM_4K' [VERI-1018]
INFO     : /home/olle/efinix/efinity/2025.1/sim_models/maplib/efinix_maplib.v(322): compiling module 'EFX_RAM_5K' [VERI-1018]
INFO     : /home/olle/efinix/efinity/2025.1/sim_models/maplib/efinix_maplib.v(394): compiling module 'EFX_DPRAM_5K' [VERI-1018]
INFO     : /home/olle/efinix/efinity/2025.1/sim_models/maplib/efinix_maplib.v(499): compiling module 'RAMB5' [VERI-1018]
INFO     : /home/olle/efinix/efinity/2025.1/sim_models/maplib/efinix_maplib.v(561): compiling module 'EFX_RAM_10K' [VERI-1018]
INFO     : /home/olle/efinix/efinity/2025.1/sim_models/maplib/efinix_maplib.v(653): compiling module 'EFX_RAM10' [VERI-1018]

INFO     : /home/olle/efinix/efinity/2025.1/sim_models/maplib/efinix_maplib.v(754): compiling module 'EFX_DPRAM10' [VERI-1018]
INFO     : /home/olle/efinix/efinity/2025.1/sim_models/maplib/efinix_maplib.v(884): compiling module 'EFX_SRL8' [VERI-1018]
INFO     : Reading Mapping Library took 0.0111394 seconds.
INFO     : 	Reading Mapping Library took 0.01 seconds (approximately) in total CPU time.
INFO     : Reading Mapping Library virtual memory usage: begin = 165.008 MB, end = 165.008 MB, delta = 0 MB
INFO     : Reading Mapping Library resident set memory usage: begin = 113.024 MB, end = 113.664 MB, delta = 0.64 MB
INFO     : 	Reading Mapping Library peak resident set memory usage = 334.568 MB
INFO     : ***** Ending Reading Mapping Library ... *****
INFO     : ... Pre-synthesis checks begin
WARNING  : The primary output port 'led2' wire 'led2' is not driven. [EFX-0256]
WARNING  : The primary output port 'CAM0_EN' wire 'CAM0_EN' is not driven. [EFX-0256]
WARNING  : The primary output port 'CAM1_EN' wire 'CAM1_EN' is not driven. [EFX-0256]
WARNING  : Removing redundant signal : io_cpu_prefetch_isValid. (/home/olle/efinity_p2/BRAM/ip/micro_risc_v1/micro_risc_v1.v:12221) [EFX-0200]
WARNING  : Removing redundant signal : io_cpu_prefetch_pc[31]. (/home/olle/efinity_p2/BRAM/ip/micro_risc_v1/micro_risc_v1.v:12223) [EFX-0200]
WARNING  : Removing redundant signal : io_cpu_prefetch_pc[30]. (/home/olle/efinity_p2/BRAM/ip/micro_risc_v1/micro_risc_v1.v:12223) [EFX-0200]
WARNING  : Removing redundant signal : io_cpu_prefetch_pc[29]. (/home/olle/efinity_p2/BRAM/ip/micro_risc_v1/micro_risc_v1.v:12223) [EFX-0200]
WARNING  : Removing redundant signal : io_cpu_prefetch_pc[28]. (/home/olle/efinity_p2/BRAM/ip/micro_risc_v1/micro_risc_v1.v:12223) [EFX-0200]
WARNING  : Removing redundant signal : io_cpu_prefetch_pc[27]. (/home/olle/efinity_p2/BRAM/ip/micro_risc_v1/micro_risc_v1.v:12223) [EFX-0200]
WARNING  : Removing redundant signal : io_cpu_prefetch_pc[26]. (/home/olle/efinity_p2/BRAM/ip/micro_risc_v1/micro_risc_v1.v:12223) [EFX-0200]
WARNING  : Removing redundant signal : io_cpu_prefetch_pc[25]. (/home/olle/efinity_p2/BRAM/ip/micro_risc_v1/micro_risc_v1.v:12223) [EFX-0200]
WARNING  : Removing redundant signal : io_cpu_prefetch_pc[24]. (/home/olle/efinity_p2/BRAM/ip/micro_risc_v1/micro_risc_v1.v:12223) [EFX-0200]
WARNING  : Removing redundant signal : io_cpu_prefetch_pc[23]. (/home/olle/efinity_p2/BRAM/ip/micro_risc_v1/micro_risc_v1.v:12223) [EFX-0200]
WARNING  : Removing redundant signal : io_cpu_prefetch_pc[22]. (/home/olle/efinity_p2/BRAM/ip/micro_risc_v1/micro_risc_v1.v:12223) [EFX-0200]
WARNING  : Removing redundant signal : io_cpu_prefetch_pc[21]. (/home/olle/efinity_p2/BRAM/ip/micro_risc_v1/micro_risc_v1.v:12223) [EFX-0200]
WARNING  : Removing redundant signal : io_cpu_prefetch_pc[20]. (/home/olle/efinity_p2/BRAM/ip/micro_risc_v1/micro_risc_v1.v:12223) [EFX-0200]
WARNING  : Removing redundant signal : io_cpu_prefetch_pc[19]. (/home/olle/efinity_p2/BRAM/ip/micro_risc_v1/micro_risc_v1.v:12223) [EFX-0200]
WARNING  : Removing redundant signal : io_cpu_prefetch_pc[18]. (/home/olle/efinity_p2/BRAM/ip/micro_risc_v1/micro_risc_v1.v:12223) [EFX-0200]
WARNING  : Removing redundant signal : io_cpu_prefetch_pc[17]. (/home/olle/efinity_p2/BRAM/ip/micro_risc_v1/micro_risc_v1.v:12223) [EFX-0200]
WARNING  : Removing redundant signal : io_cpu_prefetch_pc[16]. (/home/olle/efinity_p2/BRAM/ip/micro_risc_v1/micro_risc_v1.v:12223) [EFX-0200]
WARNING  : Removing redundant signal : io_cpu_prefetch_pc[15]. (/home/olle/efinity_p2/BRAM/ip/micro_risc_v1/micro_risc_v1.v:12223) [EFX-0200]
WARNING  : Removing redundant signal : io_cpu_prefetch_pc[14]. (/home/olle/efinity_p2/BRAM/ip/micro_risc_v1/micro_risc_v1.v:12223) [EFX-0200]
WARNING  : Removing redundant signal : io_cpu_prefetch_pc[13]. (/home/olle/efinity_p2/BRAM/ip/micro_risc_v1/micro_risc_v1.v:12223) [EFX-0200]
WARNING  : (The above message was generated too many times, subsequent similar messages will be muted.) [EFX-0200]
INFO     : ... Memory 'banks_0' is not initialized, assuming empty initial contents. (/home/olle/efinity_p2/BRAM/ip/micro_risc_v1/micro_risc_v1.v:12325) [EFX-0677]
INFO     : ... Memory 'ways_0_tags' is not initialized, assuming empty initial contents. (/home/olle/efinity_p2/BRAM/ip/micro_risc_v1/micro_risc_v1.v:12326) [EFX-0677]
INFO     : ... Memory 'ways_0_tags' is not initialized, assuming empty initial contents. (/home/olle/efinity_p2/BRAM/ip/micro_risc_v1/micro_risc_v1.v:11579) [EFX-0677]
INFO     : ... Memory 'ways_0_data_symbol0' is not initialized, assuming empty initial contents. (/home/olle/efinity_p2/BRAM/ip/micro_risc_v1/micro_risc_v1.v:11580) [EFX-0677]
INFO     : ... Memory 'ways_0_data_symbol1' is not initialized, assuming empty initial contents. (/home/olle/efinity_p2/BRAM/ip/micro_risc_v1/micro_risc_v1.v:11581) [EFX-0677]
INFO     : ... Memory 'ways_0_data_symbol2' is not initialized, assuming empty initial contents. (/home/olle/efinity_p2/BRAM/ip/micro_risc_v1/micro_risc_v1.v:11582) [EFX-0677]
INFO     : ... Memory 'ways_0_data_symbol3' is not initialized, assuming empty initial contents. (/home/olle/efinity_p2/BRAM/ip/micro_risc_v1/micro_risc_v1.v:11583) [EFX-0677]
WARNING  : Re-wiring to GND non-driven net 'IBusCachedPlugin_cache_io_cpu_fetch_isRemoved'. (/home/olle/efinity_p2/BRAM/ip/micro_risc_v1/micro_risc_v1.v:5832) [EFX-0201]
WARNING  : Re-wiring to GND non-driven net 'dataCache_1_io_cpu_writeBack_fence_SW'. (/home/olle/efinity_p2/BRAM/ip/micro_risc_v1/micro_risc_v1.v:5845) [EFX-0201]
WARNING  : Re-wiring to GND non-driven net 'dataCache_1_io_cpu_writeBack_fence_SR'. (/home/olle/efinity_p2/BRAM/ip/micro_risc_v1/micro_risc_v1.v:5846) [EFX-0201]
WARNING  : Re-wiring to GND non-driven net 'dataCache_1_io_cpu_writeBack_fence_SO'. (/home/olle/efinity_p2/BRAM/ip/micro_risc_v1/micro_risc_v1.v:5847) [EFX-0201]
WARNING  : Re-wiring to GND non-driven net 'dataCache_1_io_cpu_writeBack_fence_SI'. (/home/olle/efinity_p2/BRAM/ip/micro_risc_v1/micro_risc_v1.v:5848) [EFX-0201]
WARNING  : Re-wiring to GND non-driven net 'dataCache_1_io_cpu_writeBack_fence_PW'. (/home/olle/efinity_p2/BRAM/ip/micro_risc_v1/micro_risc_v1.v:5849) [EFX-0201]
WARNING  : Re-wiring to GND non-driven net 'dataCache_1_io_cpu_writeBack_fence_PR'. (/home/olle/efinity_p2/BRAM/ip/micro_risc_v1/micro_risc_v1.v:5850) [EFX-0201]
WARNING  : Re-wiring to GND non-driven net 'dataCache_1_io_cpu_writeBack_fence_PO'. (/home/olle/efinity_p2/BRAM/ip/micro_risc_v1/micro_risc_v1.v:5851) [EFX-0201]
WARNING  : Re-wiring to GND non-driven net 'dataCache_1_io_cpu_writeBack_fence_PI'. (/home/olle/efinity_p2/BRAM/ip/micro_risc_v1/micro_risc_v1.v:5852) [EFX-0201]
WARNING  : Re-wiring to GND non-driven net 'dataCache_1_io_cpu_writeBack_fence_FM[3]'. (/home/olle/efinity_p2/BRAM/ip/micro_risc_v1/micro_risc_v1.v:5853) [EFX-0201]
WARNING  : (The above message was generated too many times, subsequent similar messages will be muted.) [EFX-0201]
INFO     : ... Memory 'RegFilePlugin_regFile' is not initialized, assuming empty initial contents. (/home/olle/efinity_p2/BRAM/ip/micro_risc_v1/micro_risc_v1.v:6995) [EFX-0677]
INFO     : ... Memory 'logic_progbufX_mem' is not initialized, assuming empty initial contents. (/home/olle/efinity_p2/BRAM/ip/micro_risc_v1/micro_risc_v1.v:4949) [EFX-0677]
INFO     : Module Instance 'memory_arbiter' input pin 'io_inputs_0_payload_fragment_source[0]' is tied to constant (=0). [EFX-0266]
INFO     : Module Instance 'memory_arbiter' input pin 'io_inputs_1_payload_fragment_source[0]' is tied to constant (=0). [EFX-0266]
INFO     : Module Instance 'memory_arbiter' input pin 'io_inputs_1_payload_fragment_context[0]' is tied to constant (=0). [EFX-0266]

INFO     : Module Instance 'tx' input pin 'io_cts' is tied to constant (=0). [EFX-0266]
INFO     : ... Memory 'logic_ram' is not initialized, assuming empty initial contents. (/home/olle/efinity_p2/BRAM/ip/micro_risc_v1/micro_risc_v1.v:10857) [EFX-0677]
INFO     : Module Instance 'bridge_write_streamUnbuffered_queueWithOccupancy' input pin 'io_flush' is tied to constant (=0). [EFX-0266]
INFO     : Module Instance 'uartCtrl_1_io_read_queueWithOccupancy' input pin 'io_flush' is tied to constant (=0). [EFX-0266]
INFO     : Module Instance 'system_bridge_bmb_arbiter' input pin 'io_inputs_1_cmd_payload_fragment_data[0]' is tied to constant (=0). [EFX-0266]
INFO     : Module Instance 'system_bridge_bmb_arbiter' input pin 'io_inputs_1_cmd_payload_fragment_data[1]' is tied to constant (=0). [EFX-0266]
INFO     : Module Instance 'system_bridge_bmb_arbiter' input pin 'io_inputs_1_cmd_payload_fragment_data[2]' is tied to constant (=0). [EFX-0266]
INFO     : Module Instance 'system_bridge_bmb_arbiter' input pin 'io_inputs_1_cmd_payload_fragment_data[3]' is tied to constant (=0). [EFX-0266]
INFO     : Module Instance 'system_bridge_bmb_arbiter' input pin 'io_inputs_1_cmd_payload_fragment_data[4]' is tied to constant (=0). [EFX-0266]
INFO     : Module Instance 'system_bridge_bmb_arbiter' input pin 'io_inputs_1_cmd_payload_fragment_data[5]' is tied to constant (=0). [EFX-0266]
INFO     : Module Instance 'system_bridge_bmb_arbiter' input pin 'io_inputs_1_cmd_payload_fragment_data[6]' is tied to constant (=0). [EFX-0266]
INFO     : Module Instance 'system_bridge_bmb_arbiter' input pin 'io_inputs_1_cmd_payload_fragment_data[7]' is tied to constant (=0). [EFX-0266]
INFO     : Module Instance 'system_bridge_bmb_arbiter' input pin 'io_inputs_1_cmd_payload_fragment_data[8]' is tied to constant (=0). [EFX-0266]
INFO     : Module Instance 'system_bridge_bmb_arbiter' input pin 'io_inputs_1_cmd_payload_fragment_data[9]' is tied to constant (=0). [EFX-0266]
INFO     : Module Instance 'system_bridge_bmb_arbiter' input pin 'io_inputs_1_cmd_payload_fragment_data[10]' is tied to constant (=0). [EFX-0266]
INFO     : Module Instance 'system_bridge_bmb_arbiter' input pin 'io_inputs_1_cmd_payload_fragment_data[11]' is tied to constant (=0). [EFX-0266]
INFO     : Module Instance 'system_bridge_bmb_arbiter' input pin 'io_inputs_1_cmd_payload_fragment_data[12]' is tied to constant (=0). [EFX-0266]
INFO     : Module Instance 'system_bridge_bmb_arbiter' input pin 'io_inputs_1_cmd_payload_fragment_data[13]' is tied to constant (=0). [EFX-0266]
INFO     : Module Instance 'system_bridge_bmb_arbiter' input pin 'io_inputs_1_cmd_payload_fragment_data[14]' is tied to constant (=0). [EFX-0266]
INFO     : Module Instance 'system_bridge_bmb_arbiter' input pin 'io_inputs_1_cmd_payload_fragment_data[15]' is tied to constant (=0). [EFX-0266]
INFO     : Module Instance 'system_bridge_bmb_arbiter' input pin 'io_inputs_1_cmd_payload_fragment_data[16]' is tied to constant (=0). [EFX-0266]
INFO     : Module Instance 'system_bridge_bmb_arbiter' input pin 'io_inputs_1_cmd_payload_fragment_data[17]' is tied to constant (=0). [EFX-0266]
INFO     : Module Instance 'system_bridge_bmb_arbiter' input pin 'io_inputs_1_cmd_payload_fragment_data[18]' is tied to constant (=0). [EFX-0266]
INFO     : Module Instance 'system_bridge_bmb_arbiter' input pin 'io_inputs_1_cmd_payload_fragment_data[19]' is tied to constant (=0). [EFX-0266]
INFO     : Module Instance 'system_bridge_bmb_arbiter' input pin 'io_inputs_1_cmd_payload_fragment_data[20]' is tied to constant (=0). [EFX-0266]
INFO     : Module Instance 'system_bridge_bmb_arbiter' input pin 'io_inputs_1_cmd_payload_fragment_data[21]' is tied to constant (=0). [EFX-0266]
INFO     : Module Instance 'system_bridge_bmb_arbiter' input pin 'io_inputs_1_cmd_payload_fragment_data[22]' is tied to constant (=0). [EFX-0266]
INFO     : Module Instance 'system_bridge_bmb_arbiter' input pin 'io_inputs_1_cmd_payload_fragment_data[23]' is tied to constant (=0). [EFX-0266]
INFO     : Module Instance 'system_bridge_bmb_arbiter' input pin 'io_inputs_1_cmd_payload_fragment_data[24]' is tied to constant (=0). [EFX-0266]
INFO     : Module Instance 'system_bridge_bmb_arbiter' input pin 'io_inputs_1_cmd_payload_fragment_data[25]' is tied to constant (=0). [EFX-0266]
INFO     : Module Instance 'system_bridge_bmb_arbiter' input pin 'io_inputs_1_cmd_payload_fragment_data[26]' is tied to constant (=0). [EFX-0266]
INFO     : Module Instance 'system_bridge_bmb_arbiter' input pin 'io_inputs_1_cmd_payload_fragment_data[27]' is tied to constant (=0). [EFX-0266]
INFO     : Module Instance 'system_bridge_bmb_arbiter' input pin 'io_inputs_1_cmd_payload_fragment_data[28]' is tied to constant (=0). [EFX-0266]
INFO     : Module Instance 'system_bridge_bmb_arbiter' input pin 'io_inputs_1_cmd_payload_fragment_data[29]' is tied to constant (=0). [EFX-0266]
INFO     : Module Instance 'system_bridge_bmb_arbiter' input pin 'io_inputs_1_cmd_payload_fragment_data[30]' is tied to constant (=0). [EFX-0266]
INFO     : Module Instance 'system_bridge_bmb_arbiter' input pin 'io_inputs_1_cmd_payload_fragment_data[31]' is tied to constant (=0). [EFX-0266]
INFO     : Module Instance 'system_bridge_bmb_arbiter' input pin 'io_inputs_1_cmd_payload_fragment_mask[0]' is tied to constant (=0). [EFX-0266]
INFO     : Module Instance 'system_bridge_bmb_arbiter' input pin 'io_inputs_1_cmd_payload_fragment_mask[1]' is tied to constant (=0). [EFX-0266]
INFO     : Module Instance 'system_bridge_bmb_arbiter' input pin 'io_inputs_1_cmd_payload_fragment_mask[2]' is tied to constant (=0). [EFX-0266]
INFO     : Module Instance 'system_bridge_bmb_arbiter' input pin 'io_inputs_1_cmd_payload_fragment_mask[3]' is tied to constant (=0). [EFX-0266]

INFO     : Module Instance 'u_micro_risc_v1' input pin 'jtagCtrl_enable' is tied to constant (=1). [EFX-0266]
INFO     : ... Pre-synthesis checks end (Real time : 0s CPU user time : 0s CPU sys time : 0s MEM : 334568KB)
INFO     : ... NameSpace init begin
INFO     : ... NameSpace init end (Real time : 0s CPU user time : 0s CPU sys time : 0s MEM : 334568KB)
INFO     : ... Mapping design "top_level"
INFO     : ... Hierarchical pre-synthesis "InstructionCache_2fa2c88f3c1f4868ba7cd09620d007ba" begin

INFO     : ... Hierarchical pre-synthesis "InstructionCache_2fa2c88f3c1f4868ba7cd09620d007ba" end (Real time : 0s CPU user time : 0s CPU sys time : 0s MEM : 334568KB)
INFO     : ... Hierarchical pre-synthesis "DataCache_2fa2c88f3c1f4868ba7cd09620d007ba" begin

INFO     : ... Hierarchical pre-synthesis "DataCache_2fa2c88f3c1f4868ba7cd09620d007ba" end (Real time : 0s CPU user time : 0s CPU sys time : 0s MEM : 334568KB)
INFO     : ... Hierarchical pre-synthesis "BufferCC_2fa2c88f3c1f4868ba7cd09620d007ba" begin
INFO     : ... Hierarchical pre-synthesis "BufferCC_2fa2c88f3c1f4868ba7cd09620d007ba" end (Real time : 0s CPU user time : 0s CPU sys time : 0s MEM : 334568KB)
INFO     : ... Hierarchical pre-synthesis "EfxCPUSp1_2fa2c88f3c1f4868ba7cd09620d007ba" begin

INFO     : ... Hierarchical pre-synthesis "EfxCPUSp1_2fa2c88f3c1f4868ba7cd09620d007ba" end (Real time : 0s CPU user time : 0s CPU sys time : 0s MEM : 334568KB)
INFO     : ... Hierarchical pre-synthesis "VexRiscv_2fa2c88f3c1f4868ba7cd09620d007ba" begin

INFO     : ... Hierarchical pre-synthesis "VexRiscv_2fa2c88f3c1f4868ba7cd09620d007ba" end (Real time : 1s CPU user time : 1s CPU sys time : 0s MEM : 334568KB)
INFO     : ... Hierarchical pre-synthesis "DebugModule_2fa2c88f3c1f4868ba7cd09620d007ba" begin

INFO     : ... Hierarchical pre-synthesis "DebugModule_2fa2c88f3c1f4868ba7cd09620d007ba" end (Real time : 0s CPU user time : 1s CPU sys time : 0s MEM : 334568KB)
INFO     : ... Hierarchical pre-synthesis "BufferCC_5_2fa2c88f3c1f4868ba7cd09620d007ba" begin
INFO     : ... Hierarchical pre-synthesis "BufferCC_5_2fa2c88f3c1f4868ba7cd09620d007ba" end (Real time : 0s CPU user time : 1s CPU sys time : 0s MEM : 334568KB)
INFO     : ... Hierarchical pre-synthesis "BufferCC_6_2fa2c88f3c1f4868ba7cd09620d007ba" begin
INFO     : ... Hierarchical pre-synthesis "BufferCC_6_2fa2c88f3c1f4868ba7cd09620d007ba" end (Real time : 0s CPU user time : 1s CPU sys time : 0s MEM : 334568KB)
INFO     : ... Hierarchical pre-synthesis "BufferCC_8_2fa2c88f3c1f4868ba7cd09620d007ba" begin
INFO     : ... Hierarchical pre-synthesis "BufferCC_8_2fa2c88f3c1f4868ba7cd09620d007ba" end (Real time : 0s CPU user time : 1s CPU sys time : 0s MEM : 334568KB)
INFO     : ... Hierarchical pre-synthesis "BufferCC_1_2fa2c88f3c1f4868ba7cd09620d007ba" begin
INFO     : ... Hierarchical pre-synthesis "BufferCC_1_2fa2c88f3c1f4868ba7cd09620d007ba" end (Real time : 0s CPU user time : 1s CPU sys time : 0s MEM : 334568KB)
INFO     : ... Hierarchical pre-synthesis "FlowCCByToggle_2fa2c88f3c1f4868ba7cd09620d007ba" begin

INFO     : ... Hierarchical pre-synthesis "FlowCCByToggle_2fa2c88f3c1f4868ba7cd09620d007ba" end (Real time : 0s CPU user time : 1s CPU sys time : 0s MEM : 334568KB)
INFO     : ... Hierarchical pre-synthesis "BufferCC_2_2fa2c88f3c1f4868ba7cd09620d007ba" begin
INFO     : ... Hierarchical pre-synthesis "BufferCC_2_2fa2c88f3c1f4868ba7cd09620d007ba" end (Real time : 0s CPU user time : 1s CPU sys time : 0s MEM : 334568KB)
INFO     : ... Hierarchical pre-synthesis "BufferCC_3_2fa2c88f3c1f4868ba7cd09620d007ba" begin
INFO     : ... Hierarchical pre-synthesis "BufferCC_3_2fa2c88f3c1f4868ba7cd09620d007ba" end (Real time : 0s CPU user time : 1s CPU sys time : 0s MEM : 334568KB)
INFO     : ... Hierarchical pre-synthesis "FlowCCByToggle_1_2fa2c88f3c1f4868ba7cd09620d007ba" begin
INFO     : ... Hierarchical pre-synthesis "FlowCCByToggle_1_2fa2c88f3c1f4868ba7cd09620d007ba" end (Real time : 0s CPU user time : 1s CPU sys time : 0s MEM : 334568KB)
INFO     : ... Hierarchical pre-synthesis "DebugTransportModuleTunneled_2fa2c88f3c1f4868ba7cd09620d007ba" begin

INFO     : ... Hierarchical pre-synthesis "DebugTransportModuleTunneled_2fa2c88f3c1f4868ba7cd09620d007ba" end (Real time : 0s CPU user time : 1s CPU sys time : 0s MEM : 334568KB)
INFO     : ... Hierarchical pre-synthesis "BmbDecoder_2fa2c88f3c1f4868ba7cd09620d007ba" begin
INFO     : ... Hierarchical pre-synthesis "BmbDecoder_2fa2c88f3c1f4868ba7cd09620d007ba" end (Real time : 0s CPU user time : 1s CPU sys time : 0s MEM : 334568KB)
INFO     : ... Hierarchical pre-synthesis "StreamArbiter_2fa2c88f3c1f4868ba7cd09620d007ba" begin

INFO     : ... Hierarchical pre-synthesis "StreamArbiter_2fa2c88f3c1f4868ba7cd09620d007ba" end (Real time : 0s CPU user time : 1s CPU sys time : 0s MEM : 334568KB)
INFO     : ... Hierarchical pre-synthesis "BmbArbiter_2fa2c88f3c1f4868ba7cd09620d007ba" begin
INFO     : ... Hierarchical pre-synthesis "BmbArbiter_2fa2c88f3c1f4868ba7cd09620d007ba" end (Real time : 0s CPU user time : 1s CPU sys time : 0s MEM : 334568KB)
INFO     : ... Hierarchical pre-synthesis "BmbDecoder_1_2fa2c88f3c1f4868ba7cd09620d007ba" begin
INFO     : ... Hierarchical pre-synthesis "BmbDecoder_1_2fa2c88f3c1f4868ba7cd09620d007ba" end (Real time : 0s CPU user time : 1s CPU sys time : 0s MEM : 334568KB)
INFO     : ... Hierarchical pre-synthesis "BmbOnChipRam_2fa2c88f3c1f4868ba7cd09620d007ba" begin
INFO     : ... Hierarchical pre-synthesis "BmbOnChipRam_2fa2c88f3c1f4868ba7cd09620d007ba" end (Real time : 0s CPU user time : 1s CPU sys time : 0s MEM : 334568KB)
INFO     : ... Hierarchical pre-synthesis "BmbUnburstify_2fa2c88f3c1f4868ba7cd09620d007ba" begin
INFO     : ... Hierarchical pre-synthesis "BmbUnburstify_2fa2c88f3c1f4868ba7cd09620d007ba" end (Real time : 0s CPU user time : 1s CPU sys time : 0s MEM : 334568KB)
INFO     : ... Hierarchical pre-synthesis "BmbDecoder_2_2fa2c88f3c1f4868ba7cd09620d007ba" begin

INFO     : ... Hierarchical pre-synthesis "BmbDecoder_2_2fa2c88f3c1f4868ba7cd09620d007ba" end (Real time : 0s CPU user time : 1s CPU sys time : 0s MEM : 334568KB)
INFO     : ... Hierarchical pre-synthesis "BmbClint_2fa2c88f3c1f4868ba7cd09620d007ba" begin

INFO     : ... Hierarchical pre-synthesis "BmbClint_2fa2c88f3c1f4868ba7cd09620d007ba" end (Real time : 0s CPU user time : 1s CPU sys time : 0s MEM : 334568KB)
INFO     : ... Hierarchical pre-synthesis "UartCtrlTx_2fa2c88f3c1f4868ba7cd09620d007ba" begin
INFO     : ... Hierarchical pre-synthesis "UartCtrlTx_2fa2c88f3c1f4868ba7cd09620d007ba" end (Real time : 0s CPU user time : 1s CPU sys time : 0s MEM : 334568KB)
INFO     : ... Hierarchical pre-synthesis "BufferCC_4_2fa2c88f3c1f4868ba7cd09620d007ba" begin

INFO     : ... Hierarchical pre-synthesis "BufferCC_4_2fa2c88f3c1f4868ba7cd09620d007ba" end (Real time : 0s CPU user time : 1s CPU sys time : 0s MEM : 334568KB)
INFO     : ... Hierarchical pre-synthesis "UartCtrlRx_2fa2c88f3c1f4868ba7cd09620d007ba" begin

INFO     : ... Hierarchical pre-synthesis "UartCtrlRx_2fa2c88f3c1f4868ba7cd09620d007ba" end (Real time : 0s CPU user time : 1s CPU sys time : 0s MEM : 334568KB)
INFO     : ... Hierarchical pre-synthesis "UartCtrl_2fa2c88f3c1f4868ba7cd09620d007ba" begin

INFO     : ... Hierarchical pre-synthesis "UartCtrl_2fa2c88f3c1f4868ba7cd09620d007ba" end (Real time : 0s CPU user time : 1s CPU sys time : 0s MEM : 334568KB)
INFO     : ... Hierarchical pre-synthesis "StreamFifo_2fa2c88f3c1f4868ba7cd09620d007ba" begin
INFO     : ... Hierarchical pre-synthesis "StreamFifo_2fa2c88f3c1f4868ba7cd09620d007ba" end (Real time : 0s CPU user time : 1s CPU sys time : 0s MEM : 334568KB)
INFO     : ... Hierarchical pre-synthesis "BmbUartCtrl_2fa2c88f3c1f4868ba7cd09620d007ba" begin

INFO     : ... Hierarchical pre-synthesis "BmbUartCtrl_2fa2c88f3c1f4868ba7cd09620d007ba" end (Real time : 0s CPU user time : 1s CPU sys time : 0s MEM : 334568KB)
INFO     : ... Hierarchical pre-synthesis "BmbGpio2_2fa2c88f3c1f4868ba7cd09620d007ba" begin
INFO     : ... Hierarchical pre-synthesis "BmbGpio2_2fa2c88f3c1f4868ba7cd09620d007ba" end (Real time : 0s CPU user time : 1s CPU sys time : 0s MEM : 334568KB)
INFO     : ... Hierarchical pre-synthesis "EfxSapphireSoc_2fa2c88f3c1f4868ba7cd09620d007ba" begin

INFO     : ... Hierarchical pre-synthesis "EfxSapphireSoc_2fa2c88f3c1f4868ba7cd09620d007ba" end (Real time : 0s CPU user time : 2s CPU sys time : 0s MEM : 334568KB)
INFO     : ... Hierarchical pre-synthesis "micro_risc_v1" begin

INFO     : ... Hierarchical pre-synthesis "micro_risc_v1" end (Real time : 1s CPU user time : 2s CPU sys time : 0s MEM : 334568KB)
INFO     : ... Hierarchical pre-synthesis "mdio_clause22" begin

INFO     : ... Hierarchical pre-synthesis "mdio_clause22" end (Real time : 0s CPU user time : 2s CPU sys time : 0s MEM : 334568KB)
INFO     : ... Hierarchical pre-synthesis "eth_dp83825_udp" begin

INFO     : ... Hierarchical pre-synthesis "eth_dp83825_udp" end (Real time : 0s CPU user time : 2s CPU sys time : 0s MEM : 334568KB)
INFO     : ... Hierarchical pre-synthesis "edb_top" begin

INFO     : ... Hierarchical pre-synthesis "edb_top" end (Real time : 0s CPU user time : 2s CPU sys time : 0s MEM : 334568KB)
INFO     : ... Hierarchical pre-synthesis "top_level" begin

WARNING  : Mapping into logic memory block 'u_micro_risc_v1/u_EfxSapphireSoc/system_riscvJtag_debug_logic_dm/logic_progbufX_mem' (64 bits) (/home/olle/efinity_p2/BRAM/ip/micro_risc_v1/micro_risc_v1.v:4949) because size is too small (<=64) [EFX-0657]

INFO     : ... Clock Enable Synthesis Performed on 377 flops.

INFO     : ... Hierarchical pre-synthesis "top_level" end (Real time : 1s CPU user time : 4s CPU sys time : 0s MEM : 334568KB)

INFO     : ... Flat optimizations begin

INFO     : ... Flat optimizations end (Real time : 0s CPU user time : 4s CPU sys time : 0s MEM : 334568KB)

INFO     : ... Flat synthesis begin

INFO     : ... Flat synthesis end (Real time : 0s CPU user time : 4s CPU sys time : 0s MEM : 334568KB)

INFO     : ... Flat optimizations begin

INFO     : ... Flat optimizations end (Real time : 0s CPU user time : 4s CPU sys time : 0s MEM : 334568KB)

INFO     : ... Check and break combinational loops begin

INFO     : ... Check and break combinational loops end (Real time : 0s CPU user time : 5s CPU sys time : 0s MEM : 334568KB)

INFO     : ... Sequential Optimization begin

INFO     : ... Clock Network 'pll_clk' with 2309 loads will be considered for sequential optimization.

INFO     : ... Clock Network 'clk' with 1546 loads will be considered for sequential optimization.

INFO     : ... Clock Network 'jtag_inst1_TCK' with 820 loads will be considered for sequential optimization.

INFO     : ... Clock Network 'jtag_dummy_TCK' with 221 loads will be considered for sequential optimization.

INFO     : ... Sequential Optimization deduced 891 equivalent points.

INFO     : ... Sequential Optimization end (Real time : 20s CPU user time : 25s CPU sys time : 0s MEM : 334568KB)

INFO     : ... Setup for logic synthesis begin

INFO     : ... Setup for logic synthesis end (Real time : 0s CPU user time : 25s CPU sys time : 0s MEM : 334568KB)
INFO     : ... LUT mapping begin

INFO     : ... LS, strategy: 3, nd: 3197, ed: 10393, lv: 7, pw: 8160.91
INFO     : ... LUT mapping end (Real time : 12s CPU user time : 38s CPU sys time : 0s MEM : 334568KB)
INFO     : ... Post-synthesis Verific netlist creation begin

INFO     : ... Post-synthesis Verific netlist creation end (Real time : 0s CPU user time : 39s CPU sys time : 0s MEM : 334568KB)

INFO     : ... Postmap Retiming Optimization begin

INFO     : ... Clock Network 'pll_clk~pll_clk' with 2301 loads will be considered for retiming optimization.

INFO     : ... Clock Network 'clk~clk' with 1187 loads will be considered for retiming optimization.

INFO     : ... Clock Network 'jtag_inst1_TCK~jtag_inst1_TCK' with 820 loads will be considered for retiming optimization.

INFO     : ... Clock Network 'jtag_dummy_TCK~jtag_dummy_TCK' with 220 loads will be considered for retiming optimization.

INFO     : ... Performed 0 retime moves.
INFO     : ... Postmap Retiming Optimization end (Real time : 18s CPU user time : 56s CPU sys time : 0s MEM : 334568KB)

INFO     : ***** Beginning VDB Netlist Checker ... *****
WARNING  : /home/olle/efinity_p2/BRAM/top_level.vhd(29): Input/inout port jtag_dummy_TMS is unconnected and will be removed. [VDB-8003]
WARNING  : /home/olle/efinity_p2/BRAM/top_level.vhd(30): Input/inout port jtag_dummy_SEL is unconnected and will be removed. [VDB-8003]
WARNING  : /home/olle/efinity_p2/BRAM/top_level.vhd(31): Input/inout port jtag_dummy_DRCK is unconnected and will be removed. [VDB-8003]
WARNING  : /home/olle/efinity_p2/BRAM/top_level.vhd(33): Input/inout port jtag_dummy_RUNTEST is unconnected and will be removed. [VDB-8003]
WARNING  : /home/olle/efinity_p2/BRAM/top_level.vhd(38): Input/inout port led4 is unconnected and will be removed. [VDB-8003]
WARNING  : Input/inout port jtag_inst1_DRCK is unconnected and will be removed. [VDB-8003]
WARNING  : Input/inout port jtag_inst1_RUNTEST is unconnected and will be removed. [VDB-8003]
WARNING  : Input/inout port jtag_inst1_TMS is unconnected and will be removed. [VDB-8003]
WARNING  : Net u_micro_risc_v1/u_EfxSapphireSoc/system_cores_0_logic_cpu/IBusCachedPlugin_cache/lineLoader_address[0] is dangling. [VDB-8009]
WARNING  : Net u_micro_risc_v1/u_EfxSapphireSoc/system_cores_0_logic_cpu/IBusCachedPlugin_cache/lineLoader_address[1] is dangling. [VDB-8009]
WARNING  : Net u_micro_risc_v1/u_EfxSapphireSoc/system_cores_0_logic_cpu/IBusCachedPlugin_cache/lineLoader_address[2] is dangling. [VDB-8009]
WARNING  : Net u_micro_risc_v1/u_EfxSapphireSoc/system_cores_0_logic_cpu/IBusCachedPlugin_cache/lineLoader_address[3] is dangling. [VDB-8009]
WARNING  : Net u_micro_risc_v1/u_EfxSapphireSoc/system_cores_0_logic_cpu/IBusCachedPlugin_cache/lineLoader_address[4] is dangling. [VDB-8009]
WARNING  : Net u_micro_risc_v1/u_EfxSapphireSoc/system_cores_0_logic_cpu/IBusCachedPlugin_cache/lineLoader_address[5] is dangling. [VDB-8009]

WARNING  : Found 14 warnings in the post-synthesis netlist.
INFO     : VDB Netlist Checker took 0.0266745 seconds.
INFO     : 	VDB Netlist Checker took 0.05 seconds (approximately) in total CPU time.
INFO     : VDB Netlist Checker virtual memory usage: begin = 326.764 MB, end = 326.764 MB, delta = 0 MB
INFO     : VDB Netlist Checker resident set memory usage: begin = 238.16 MB, end = 238.16 MB, delta = 0 MB
INFO     : 	VDB Netlist Checker peak resident set memory usage = 334.568 MB
INFO     : ***** Ending VDB Netlist Checker ... *****

INFO     : Resource Summary 
INFO     : =============================== 
INFO     : EFX_ADD         : 	515
INFO     : EFX_LUT4        : 	5183
INFO     : EFX_FF          : 	4527
INFO     : EFX_RAM_5K      : 	71
INFO     : EFX_GBUFCE      : 	4
INFO     : =============================== 
INFO     : ... Post-Map Verilog Writer begin
INFO     : Writing netlist 'top_level' to Verilog file '/home/olle/efinity_p2/BRAM/work_dbg/BRAM.dbg.map.v' [VDB-1030]

INFO     : ... Post-Map Verilog Writer end (Real time : 1s CPU user time : 57s CPU sys time : 0s MEM : 334568KB)

INFO     : The entire flow of EFX_MAP took 54.4999 seconds.
INFO     : 	The entire flow of EFX_MAP took 57.97 seconds (approximately) in total CPU time.
INFO     : The entire flow of EFX_MAP virtual memory usage: begin = 88.4 MB, end = 326.764 MB, delta = 238.364 MB
INFO     : The entire flow of EFX_MAP resident set memory usage: begin = 27.52 MB, end = 238.16 MB, delta = 210.64 MB
INFO     : 	The entire flow of EFX_MAP peak resident set memory usage = 334.568 MB

Sat August 16 25 10:41:41 - /home/olle/efinix/efinity/2025.1/bin/efx_map finished. Exit code = 0 Exit status : Normal

Debugger Step Merge User design with Debugger Cores. Done

--------------------------------------------------------------

--------------------------------------------------------------

Start Debugger Step Instantiate Jtag.

Sat August 16 25 10:41:41 - /home/olle/efinix/efinity/2025.1/bin/python3  "/home/olle/efinix/efinity/2025.1/scripts/efx_pt_jtag_util.py" --device "T20F169" --project "BRAM" --design_file "/home/olle/efinity_p2/BRAM/BRAM.peri.xml" --action "add" --jtag_user "JTAG_USER1" --output "/home/olle/efinity_p2/BRAM/BRAM.dbg.peri.xml"

Sat August 16 25 10:41:41 - Running /home/olle/efinix/efinity/2025.1/bin/python3...


== Load a design from file /home/olle/efinity_p2/BRAM/BRAM.peri.xml
INFO: Load design...
INFO: Periphery design is in sync with Efinity project
INFO: Load design...done.

== Create JTAG with default setting and pin name

== Assign JTAG_USER1 resource to new jtag
INFO: Check design...
INFO: Check design...done.

== Save Design to file: /home/olle/efinity_p2/BRAM/BRAM.dbg.peri.xml
INFO: Save as design...
INFO: Save as design...done.

Save db version: 20251999

Sat August 16 25 10:41:43 - /home/olle/efinix/efinity/2025.1/bin/python3 finished. Exit code = 0 Exit status : Normal

Debugger Step Instantiate Jtag. Done

--------------------------------------------------------------

Debugger Step Instantiate Jtag. Done

Sat August 16 25 10:41:43 - End Debugger Flow



-------------------------------------------------------------------------

Placement and Routing

-------------------------------------------------------------------------

Sat August 16 25 10:41:43 - Placement and routing flow working directory is /home/olle/efinity_p2/BRAM/work_pnr


INFO     : --max_threads set to 4 

Sat August 16 25 10:41:44 - /home/olle/efinix/efinity/2025.1/bin/python3  "/home/olle/efinix/efinity/2025.1/scripts/efx_run_pt_unified.py"  "BRAM.dbg"  "Trion"  "T20F169"

Sat August 16 25 10:41:44 - Running /home/olle/efinix/efinity/2025.1/bin/python3...

Load design file BRAM.dbg.peri.xml
Writing out summary report file
Writing out pinout file
Writing out interface config file
Writing out timing related file
Writing out verilog template file
Writing out option register file
Writing out boundary scan description file
Writing out LPF

Sat August 16 25 10:41:47 - /home/olle/efinix/efinity/2025.1/bin/python3 finished. Exit code = 0 Exit status : Normal

Sat August 16 25 10:41:47 - /home/olle/efinix/efinity/2025.1/bin/efx_pnr --circuit "BRAM" --family "Trion" --device "T20F169" --operating_conditions "C3" --pack --place --route --vdb_file "/home/olle/efinity_p2/BRAM/outflow/BRAM.dbg.vdb" --use_vdb_file "on" --place_file "/home/olle/efinity_p2/BRAM/outflow/BRAM.place" --route_file "/home/olle/efinity_p2/BRAM/outflow/BRAM.route" --sdc_file "/home/olle/efinity_p2/BRAM/const1.sdc" --sync_file "/home/olle/efinity_p2/BRAM/outflow/BRAM.interface.csv" --seed "1" --placer_effort_level "2" --max_threads "-1" --print_critical_path "10" --work_dir "/home/olle/efinity_p2/BRAM/work_pnr" --output_dir "/home/olle/efinity_p2/BRAM/outflow" --timing_analysis "on" --load_delay_matrix

Sat August 16 25 10:41:47 - Running /home/olle/efinix/efinity/2025.1/bin/efx_pnr...

INFO     : --max_threads set to 4 


           

           Efinix FPGA Placement and Routing.

           Version: 2025.1.110.2.15 

           Compiled: Jun 21 2025.

           

           Copyright (C) 2013 - 2025 Efinix, Inc. All rights reserved.


           

           The Tool Is Based on VPR of University of Toronto,

           a free open source code under MIT license.

           

           

INFO     : Running Placement and Routing for Family "Trion", Device "T20F169" ...


           

           ***** Beginning stage netlist pre-processing ... *****

INFO     : Successfully Read in Verific binary Netlist dump file "/home/olle/efinity_p2/BRAM/outflow/BRAM.dbg.vdb".


INFO     : ***** Beginning VDB Netlist Checker ... *****


WARNING  : /home/olle/efinity_p2/BRAM/top_level.vhd(29): Input/inout port jtag_dummy_TMS is unconnected and will be removed. [VDB-8003]


WARNING  : /home/olle/efinity_p2/BRAM/top_level.vhd(30): Input/inout port jtag_dummy_SEL is unconnected and will be removed. [VDB-8003]


WARNING  : /home/olle/efinity_p2/BRAM/top_level.vhd(31): Input/inout port jtag_dummy_DRCK is unconnected and will be removed. [VDB-8003]


WARNING  : /home/olle/efinity_p2/BRAM/top_level.vhd(33): Input/inout port jtag_dummy_RUNTEST is unconnected and will be removed. [VDB-8003]


WARNING  : /home/olle/efinity_p2/BRAM/top_level.vhd(38): Input/inout port led4 is unconnected and will be removed. [VDB-8003]


WARNING  : Input/inout port jtag_inst1_DRCK is unconnected and will be removed. [VDB-8003]


WARNING  : Input/inout port jtag_inst1_RUNTEST is unconnected and will be removed. [VDB-8003]


WARNING  : Input/inout port jtag_inst1_TMS is unconnected and will be removed. [VDB-8003]


WARNING  : Net u_micro_risc_v1/u_EfxSapphireSoc/system_cores_0_logic_cpu/IBusCachedPlugin_cache/lineLoader_address[0] is dangling. [VDB-8009]


WARNING  : Net u_micro_risc_v1/u_EfxSapphireSoc/system_cores_0_logic_cpu/IBusCachedPlugin_cache/lineLoader_address[1] is dangling. [VDB-8009]


WARNING  : Net u_micro_risc_v1/u_EfxSapphireSoc/system_cores_0_logic_cpu/IBusCachedPlugin_cache/lineLoader_address[2] is dangling. [VDB-8009]


WARNING  : Net u_micro_risc_v1/u_EfxSapphireSoc/system_cores_0_logic_cpu/IBusCachedPlugin_cache/lineLoader_address[3] is dangling. [VDB-8009]


WARNING  : Net u_micro_risc_v1/u_EfxSapphireSoc/system_cores_0_logic_cpu/IBusCachedPlugin_cache/lineLoader_address[4] is dangling. [VDB-8009]


WARNING  : Net u_micro_risc_v1/u_EfxSapphireSoc/system_cores_0_logic_cpu/IBusCachedPlugin_cache/lineLoader_address[5] is dangling. [VDB-8009]


WARNING  : Found 14 warnings in the post-synthesis netlist.


INFO     : VDB Netlist Checker took 0.0296809 seconds.


INFO     : 	VDB Netlist Checker took 0.05 seconds (approximately) in total CPU time.


INFO     : VDB Netlist Checker virtual memory usage: begin = 228.66 MB, end = 245.072 MB, delta = 16.412 MB


INFO     : VDB Netlist Checker resident set memory usage: begin = 119.808 MB, end = 120.32 MB, delta = 0.512 MB


INFO     : 	VDB Netlist Checker peak resident set memory usage = 334.568 MB


INFO     : ***** Ending VDB Netlist Checker ... *****


INFO     : Reading core interface constraints file "/home/olle/efinity_p2/BRAM/outflow/BRAM.interface.csv"


INFO     : Successfully read core interface constraints file "/home/olle/efinity_p2/BRAM/outflow/BRAM.interface.csv"


INFO     : Found 0 constant generator nets.


INFO     : Pass 0: Swept away 6 nets with no fanout.


INFO     : logical_block #22(jtag_dummy_TMS) has no fanout.


INFO     : Removing input.


INFO     : logical_block #23(jtag_dummy_SEL) has no fanout.


INFO     : Removing input.


INFO     : logical_block #24(jtag_dummy_DRCK) has no fanout.


INFO     : Removing input.


INFO     : logical_block #26(jtag_dummy_RUNTEST) has no fanout.


INFO     : Removing input.


INFO     : logical_block #31(led4) has no fanout.


INFO     : Removing input.


INFO     : logical_block #35(jtag_inst1_DRCK) has no fanout.


INFO     : Removing input.


INFO     : logical_block #37(jtag_inst1_RUNTEST) has no fanout.


INFO     : Removing input.


INFO     : logical_block #42(jtag_inst1_TMS) has no fanout.


INFO     : Removing input.


WARNING  : logical_block u_micro_risc_v1/u_EfxSapphireSoc/system_cores_0_logic_cpu/IBusCachedPlugin_cache/lineLoader_address[0]~FF #255 has no fanout. Check synthesis flow


WARNING  : logical_block u_micro_risc_v1/u_EfxSapphireSoc/system_cores_0_logic_cpu/IBusCachedPlugin_cache/lineLoader_address[1]~FF #265 has no fanout. Check synthesis flow


WARNING  : logical_block u_micro_risc_v1/u_EfxSapphireSoc/system_cores_0_logic_cpu/IBusCachedPlugin_cache/lineLoader_address[2]~FF #266 has no fanout. Check synthesis flow


WARNING  : logical_block u_micro_risc_v1/u_EfxSapphireSoc/system_cores_0_logic_cpu/IBusCachedPlugin_cache/lineLoader_address[3]~FF #267 has no fanout. Check synthesis flow


WARNING  : logical_block u_micro_risc_v1/u_EfxSapphireSoc/system_cores_0_logic_cpu/IBusCachedPlugin_cache/lineLoader_address[4]~FF #268 has no fanout. Check synthesis flow


WARNING  : logical_block u_micro_risc_v1/u_EfxSapphireSoc/system_cores_0_logic_cpu/IBusCachedPlugin_cache/lineLoader_address[5]~FF #269 has no fanout. Check synthesis flow


INFO     : Pass 0: Swept away 8 blocks with no fanout.


INFO     : Pass 1: Swept away 0 nets with no fanout.


WARNING  : logical_block u_micro_risc_v1/u_EfxSapphireSoc/system_cores_0_logic_cpu/IBusCachedPlugin_cache/lineLoader_address[0]~FF #255 has no fanout. Check synthesis flow


WARNING  : logical_block u_micro_risc_v1/u_EfxSapphireSoc/system_cores_0_logic_cpu/IBusCachedPlugin_cache/lineLoader_address[1]~FF #265 has no fanout. Check synthesis flow


WARNING  : logical_block u_micro_risc_v1/u_EfxSapphireSoc/system_cores_0_logic_cpu/IBusCachedPlugin_cache/lineLoader_address[2]~FF #266 has no fanout. Check synthesis flow


WARNING  : logical_block u_micro_risc_v1/u_EfxSapphireSoc/system_cores_0_logic_cpu/IBusCachedPlugin_cache/lineLoader_address[3]~FF #267 has no fanout. Check synthesis flow


WARNING  : logical_block u_micro_risc_v1/u_EfxSapphireSoc/system_cores_0_logic_cpu/IBusCachedPlugin_cache/lineLoader_address[4]~FF #268 has no fanout. Check synthesis flow


WARNING  : logical_block u_micro_risc_v1/u_EfxSapphireSoc/system_cores_0_logic_cpu/IBusCachedPlugin_cache/lineLoader_address[5]~FF #269 has no fanout. Check synthesis flow


INFO     : Pass 1: Swept away 0 blocks with no fanout.


INFO     : Swept away 6 nets and 8 blocks in total.


INFO     : Removed 0 LUT buffers


INFO     : Sweept away 8 nodes


INFO     : Successfully created VPR logical netlist from Verific binary DataBase file "/home/olle/efinity_p2/BRAM/outflow/BRAM.dbg.vdb".


INFO     : Netlist pre-processing took 0.21112 seconds.


INFO     : 	Netlist pre-processing took 0.23 seconds (approximately) in total CPU time.


INFO     : Netlist pre-processing virtual memory usage: begin = 228.66 MB, end = 245.072 MB, delta = 16.412 MB


INFO     : Netlist pre-processing resident set memory usage: begin = 118.656 MB, end = 120.704 MB, delta = 2.048 MB


INFO     : 	Netlist pre-processing peak resident set memory usage = 334.568 MB


           ***** Ending stage netlist pre-processing *****

           

           ***** Beginning stage pre-packing ... *****

           ***** Ending stage pre-packing *****

           

           ***** Beginning stage packing ... *****

WARNING  : Packer found FF 'u_micro_risc_v1/u_EfxSapphireSoc/system_cores_0_logic_cpu/IBusCachedPlugin_cache/lineLoader_address[0]~FF' with no output net.


WARNING  : If possible, remove 'syn_preserve' attribute on FF output.


WARNING  : Packer found FF 'u_micro_risc_v1/u_EfxSapphireSoc/system_cores_0_logic_cpu/IBusCachedPlugin_cache/lineLoader_address[1]~FF' with no output net.


WARNING  : If possible, remove 'syn_preserve' attribute on FF output.


WARNING  : Packer found FF 'u_micro_risc_v1/u_EfxSapphireSoc/system_cores_0_logic_cpu/IBusCachedPlugin_cache/lineLoader_address[2]~FF' with no output net.


WARNING  : If possible, remove 'syn_preserve' attribute on FF output.


WARNING  : Packer found FF 'u_micro_risc_v1/u_EfxSapphireSoc/system_cores_0_logic_cpu/IBusCachedPlugin_cache/lineLoader_address[3]~FF' with no output net.


WARNING  : If possible, remove 'syn_preserve' attribute on FF output.


WARNING  : Packer found FF 'u_micro_risc_v1/u_EfxSapphireSoc/system_cores_0_logic_cpu/IBusCachedPlugin_cache/lineLoader_address[4]~FF' with no output net.


WARNING  : If possible, remove 'syn_preserve' attribute on FF output.


WARNING  : Packer found FF 'u_micro_risc_v1/u_EfxSapphireSoc/system_cores_0_logic_cpu/IBusCachedPlugin_cache/lineLoader_address[5]~FF' with no output net.


WARNING  : If possible, remove 'syn_preserve' attribute on FF output.


INFO     : Generate proto netlist for file "/home/olle/efinity_p2/BRAM/work_pnr/BRAM.net_proto" took 0.020837 seconds


INFO     : Creating IO constraints file '/home/olle/efinity_p2/BRAM/work_pnr/BRAM.io_place'


INFO     : Packing took 0.065181 seconds.


INFO     : 	Packing took 0.06 seconds (approximately) in total CPU time.


INFO     : Packing virtual memory usage: begin = 245.072 MB, end = 245.072 MB, delta = 0 MB


INFO     : Packing resident set memory usage: begin = 121.472 MB, end = 121.984 MB, delta = 0.512 MB


INFO     : 	Packing peak resident set memory usage = 334.568 MB


           ***** Ending stage packing *****

           

INFO     : Read proto netlist file /home/olle/efinity_p2/BRAM/work_pnr/BRAM.net_proto


INFO     : Read proto netlist for file "/home/olle/efinity_p2/BRAM/work_pnr/BRAM.net_proto" took 0.015302 seconds


INFO     : Setup net and block data structure took 0.226786 seconds


WARNING  : Found 14 warnings in the post-synthesis netlist.


INFO     : Reading core interface constraints file "/home/olle/efinity_p2/BRAM/outflow/BRAM.interface.csv"


INFO     : Successfully read core interface constraints file "/home/olle/efinity_p2/BRAM/outflow/BRAM.interface.csv"


INFO     : logical_block u_micro_risc_v1/u_EfxSapphireSoc/system_cores_0_logic_cpu/IBusCachedPlugin_cache/lineLoader_address[0]~FF #255 has no fanout. Check synthesis flow


INFO     : logical_block u_micro_risc_v1/u_EfxSapphireSoc/system_cores_0_logic_cpu/IBusCachedPlugin_cache/lineLoader_address[1]~FF #265 has no fanout. Check synthesis flow


INFO     : logical_block u_micro_risc_v1/u_EfxSapphireSoc/system_cores_0_logic_cpu/IBusCachedPlugin_cache/lineLoader_address[2]~FF #266 has no fanout. Check synthesis flow


INFO     : logical_block u_micro_risc_v1/u_EfxSapphireSoc/system_cores_0_logic_cpu/IBusCachedPlugin_cache/lineLoader_address[3]~FF #267 has no fanout. Check synthesis flow


INFO     : logical_block u_micro_risc_v1/u_EfxSapphireSoc/system_cores_0_logic_cpu/IBusCachedPlugin_cache/lineLoader_address[4]~FF #268 has no fanout. Check synthesis flow


INFO     : logical_block u_micro_risc_v1/u_EfxSapphireSoc/system_cores_0_logic_cpu/IBusCachedPlugin_cache/lineLoader_address[5]~FF #269 has no fanout. Check synthesis flow


INFO     : logical_block u_micro_risc_v1/u_EfxSapphireSoc/system_cores_0_logic_cpu/IBusCachedPlugin_cache/lineLoader_address[0]~FF #255 has no fanout. Check synthesis flow


INFO     : logical_block u_micro_risc_v1/u_EfxSapphireSoc/system_cores_0_logic_cpu/IBusCachedPlugin_cache/lineLoader_address[1]~FF #265 has no fanout. Check synthesis flow


INFO     : logical_block u_micro_risc_v1/u_EfxSapphireSoc/system_cores_0_logic_cpu/IBusCachedPlugin_cache/lineLoader_address[2]~FF #266 has no fanout. Check synthesis flow


INFO     : logical_block u_micro_risc_v1/u_EfxSapphireSoc/system_cores_0_logic_cpu/IBusCachedPlugin_cache/lineLoader_address[3]~FF #267 has no fanout. Check synthesis flow


INFO     : logical_block u_micro_risc_v1/u_EfxSapphireSoc/system_cores_0_logic_cpu/IBusCachedPlugin_cache/lineLoader_address[4]~FF #268 has no fanout. Check synthesis flow


INFO     : logical_block u_micro_risc_v1/u_EfxSapphireSoc/system_cores_0_logic_cpu/IBusCachedPlugin_cache/lineLoader_address[5]~FF #269 has no fanout. Check synthesis flow


           ***** Beginning stage packed netlist loading ... *****

INFO     : Read proto netlist file /home/olle/efinity_p2/BRAM/work_pnr/BRAM.net_proto


INFO     : Read proto netlist for file "/home/olle/efinity_p2/BRAM/work_pnr/BRAM.net_proto" took 0.01565 seconds


INFO     : Setup net and block data structure took 0.220509 seconds


INFO     : Packed netlist loading took 0.238595 seconds.


INFO     : 	Packed netlist loading took 0.24 seconds (approximately) in total CPU time.


INFO     : Packed netlist loading virtual memory usage: begin = 274.376 MB, end = 274.376 MB, delta = 0 MB


INFO     : Packed netlist loading resident set memory usage: begin = 155.52 MB, end = 155.52 MB, delta = 0 MB


INFO     : 	Packed netlist loading peak resident set memory usage = 334.568 MB


           ***** Ending stage packed netlist loading *****

           

           ***** Beginning stage pre-placement ... *****

           

           ***** Ending stage pre-placement *****

           

INFO     : SDC file '/home/olle/efinity_p2/BRAM/const1.sdc' parsed successfully.


INFO     : 2 clocks (including virtual clocks), 0 inputs and 0 outputs were constrained.


           ***** Beginning stage initial placement ... *****

INFO     : Reading core interface constraints file "/home/olle/efinity_p2/BRAM/outflow/BRAM.interface.csv"


INFO     : Successfully read core interface constraints file "/home/olle/efinity_p2/BRAM/outflow/BRAM.interface.csv"


INFO     : Writing IO placement constraints to "/home/olle/efinity_p2/BRAM/outflow/BRAM.interface.io"


INFO     : Reading placement constraints from '/home/olle/efinity_p2/BRAM/outflow/BRAM.interface.io'.


INFO     : Reading placement constraints from '/home/olle/efinity_p2/BRAM/work_pnr/BRAM.io_place'.


WARNING  : phy_rst_n has no assigned placement; it will be placed randomly.


WARNING  : jtag_dummy_TDI has no assigned placement; it will be placed randomly.


WARNING  : jtag_dummy_TCK has no assigned placement; it will be placed randomly.


WARNING  : jtag_dummy_RESET has no assigned placement; it will be placed randomly.


WARNING  : jtag_dummy_CAPTURE has no assigned placement; it will be placed randomly.


WARNING  : jtag_dummy_SHIFT has no assigned placement; it will be placed randomly.


WARNING  : jtag_dummy_UPDATE has no assigned placement; it will be placed randomly.


WARNING  : jtag_dummy_TDO has no assigned placement; it will be placed randomly.


INFO     : 8 IOs will have random placement.


WARNING  : Clock source jtag_inst1_TCK does not use a dedicated clock pad, so extra clock insertion delay is added


WARNING  : Clock input pad, pll_clk, of net, pll_clk, drives both clock buffer and logic. Expect extra clock skew.


           ***** Ending stage initial placement *****

           

           ***** Beginning stage placement ... *****

INFO     : Found 81 synchronizers as follows: 


INFO     : 	Synchronizer 0: 


INFO     :  u_micro_risc_v1/u_EfxSapphireSoc/system_riscvJtag_hard_noTap_tunnel_io_bus_cmd_payload_address[6]~FF


INFO     : 	Synchronizer 1: 


INFO     :  u_micro_risc_v1/u_EfxSapphireSoc/system_riscvJtag_hard_noTap_tunnel_io_bus_cmd_payload_address[5]~FF


INFO     : 	Synchronizer 2: 


INFO     :  u_micro_risc_v1/u_EfxSapphireSoc/system_riscvJtag_hard_noTap_tunnel_io_bus_cmd_payload_address[4]~FF


INFO     : 	Synchronizer 3: 


INFO     :  u_micro_risc_v1/u_EfxSapphireSoc/system_riscvJtag_hard_noTap_tunnel_io_bus_cmd_payload_address[3]~FF


INFO     : 	Synchronizer 4: 


INFO     :  u_micro_risc_v1/u_EfxSapphireSoc/system_riscvJtag_hard_noTap_tunnel_io_bus_cmd_payload_address[2]~FF


INFO     : 	Synchronizer 5: 


INFO     :  u_micro_risc_v1/u_EfxSapphireSoc/system_riscvJtag_hard_noTap_tunnel_io_bus_cmd_payload_address[1]~FF


INFO     : 	Synchronizer 6: 


INFO     :  u_micro_risc_v1/u_EfxSapphireSoc/system_riscvJtag_hard_noTap_tunnel_io_bus_cmd_payload_data[31]~FF


INFO     : 	Synchronizer 7: 


INFO     :  u_micro_risc_v1/u_EfxSapphireSoc/system_riscvJtag_hard_noTap_tunnel_io_bus_cmd_payload_data[30]~FF


INFO     : 	Synchronizer 8: 


INFO     :  u_micro_risc_v1/u_EfxSapphireSoc/system_riscvJtag_hard_noTap_tunnel_io_bus_cmd_payload_data[26]~FF


INFO     : 	Synchronizer 9: 


INFO     :  u_micro_risc_v1/u_EfxSapphireSoc/system_riscvJtag_hard_noTap_tunnel_io_bus_cmd_payload_data[25]~FF


INFO     : 	Synchronizer 10: 


INFO     :  u_micro_risc_v1/u_EfxSapphireSoc/system_riscvJtag_hard_noTap_tunnel_io_bus_cmd_payload_data[24]~FF


INFO     : 	Synchronizer 11: 


INFO     :  u_micro_risc_v1/u_EfxSapphireSoc/system_riscvJtag_hard_noTap_tunnel_io_bus_cmd_payload_data[23]~FF


INFO     : 	Synchronizer 12: 


INFO     :  u_micro_risc_v1/u_EfxSapphireSoc/system_riscvJtag_hard_noTap_tunnel_io_bus_cmd_payload_data[22]~FF


INFO     : 	Synchronizer 13: 


INFO     :  u_micro_risc_v1/u_EfxSapphireSoc/system_riscvJtag_hard_noTap_tunnel_io_bus_cmd_payload_data[21]~FF


INFO     : 	Synchronizer 14: 


INFO     :  u_micro_risc_v1/u_EfxSapphireSoc/system_riscvJtag_hard_noTap_tunnel_io_bus_cmd_payload_data[20]~FF


INFO     : 	Synchronizer 15: 


INFO     :  u_micro_risc_v1/u_EfxSapphireSoc/system_riscvJtag_hard_noTap_tunnel_io_bus_cmd_payload_data[19]~FF


INFO     : 	Synchronizer 16: 


INFO     :  u_micro_risc_v1/u_EfxSapphireSoc/system_riscvJtag_hard_noTap_tunnel_io_bus_cmd_payload_data[18]~FF


INFO     : 	Synchronizer 17: 


INFO     :  u_micro_risc_v1/u_EfxSapphireSoc/system_riscvJtag_hard_noTap_tunnel_io_bus_cmd_payload_data[17]~FF


INFO     : 	Synchronizer 18: 


INFO     :  u_micro_risc_v1/u_EfxSapphireSoc/system_riscvJtag_hard_noTap_tunnel_io_bus_cmd_payload_data[16]~FF


INFO     : 	Synchronizer 19: 


INFO     :  u_micro_risc_v1/u_EfxSapphireSoc/system_riscvJtag_hard_noTap_tunnel_io_bus_cmd_payload_data[15]~FF


INFO     : 	Synchronizer 20: 


INFO     :  u_micro_risc_v1/u_EfxSapphireSoc/system_riscvJtag_hard_noTap_tunnel_io_bus_cmd_payload_data[14]~FF


INFO     : 	Synchronizer 21: 


INFO     :  u_micro_risc_v1/u_EfxSapphireSoc/system_riscvJtag_hard_noTap_tunnel_io_bus_cmd_payload_data[13]~FF


INFO     : 	Synchronizer 22: 


INFO     :  u_micro_risc_v1/u_EfxSapphireSoc/system_riscvJtag_hard_noTap_tunnel_io_bus_cmd_payload_data[12]~FF


INFO     : 	Synchronizer 23: 


INFO     :  u_micro_risc_v1/u_EfxSapphireSoc/system_riscvJtag_hard_noTap_tunnel/logic_systemLogic_bus_rsp_ccToggle_io_output_payload_data[3]~FF


INFO     : 	Synchronizer 24: 


INFO     :  u_micro_risc_v1/u_EfxSapphireSoc/system_riscvJtag_hard_noTap_tunnel/logic_systemLogic_bus_rsp_ccToggle_io_output_payload_data[2]~FF


INFO     : 	Synchronizer 25: 


INFO     :  u_micro_risc_v1/u_EfxSapphireSoc/system_riscvJtag_hard_noTap_tunnel/logic_systemLogic_bus_rsp_ccToggle_io_output_payload_data[1]~FF


INFO     : 	Synchronizer 26: 


INFO     :  u_micro_risc_v1/u_EfxSapphireSoc/system_riscvJtag_hard_noTap_tunnel/logic_systemLogic_bus_rsp_ccToggle_io_output_payload_data[0]~FF


INFO     : 	Synchronizer 27: 


INFO     :  u_micro_risc_v1/u_EfxSapphireSoc/system_riscvJtag_hard_noTap_tunnel/logic_systemLogic_bus_rsp_ccToggle/system_riscvJtag_hard_noTap_tunnel_toplevel_debugCd_logic_outputReset_asyncAssertSyncDeassert_buffercc/buffers_0~FF


INFO     :  u_micro_risc_v1/u_EfxSapphireSoc/system_riscvJtag_hard_noTap_tunnel/logic_systemLogic_bus_rsp_ccToggle/system_riscvJtag_hard_noTap_tunnel_toplevel_debugCd_logic_outputReset_asyncAssertSyncDeassert_buffercc_io_dataOut~FF


INFO     : 	Synchronizer 28: 


INFO     :  u_micro_risc_v1/u_EfxSapphireSoc/system_riscvJtag_hard_noTap_tunnel/logic_systemLogic_bus_rsp_ccToggle/inputArea_target_buffercc/buffers_0~FF


INFO     :  u_micro_risc_v1/u_EfxSapphireSoc/system_riscvJtag_hard_noTap_tunnel/logic_systemLogic_bus_rsp_ccToggle/inputArea_target_buffercc_io_dataOut~FF


INFO     : 	Synchronizer 29: 


INFO     :  u_micro_risc_v1/u_EfxSapphireSoc/system_riscvJtag_hard_noTap_tunnel/logic_systemLogic_bus_rsp_ccToggle_io_output_payload_data[20]~FF


INFO     : 	Synchronizer 30: 


INFO     :  u_micro_risc_v1/u_EfxSapphireSoc/system_riscvJtag_hard_noTap_tunnel/logic_systemLogic_bus_rsp_ccToggle_io_output_payload_data[5]~FF


INFO     : 	Synchronizer 31: 


INFO     :  u_micro_risc_v1/u_EfxSapphireSoc/system_riscvJtag_hard_noTap_tunnel/logic_systemLogic_bus_rsp_ccToggle_io_output_payload_data[9]~FF


INFO     : 	Synchronizer 32: 


INFO     :  u_micro_risc_v1/u_EfxSapphireSoc/system_riscvJtag_hard_noTap_tunnel_io_bus_cmd_payload_data[29]~FF


INFO     : 	Synchronizer 33: 


INFO     :  u_micro_risc_v1/u_EfxSapphireSoc/system_riscvJtag_hard_noTap_tunnel_io_bus_cmd_payload_address[0]~FF


INFO     : 	Synchronizer 34: 


INFO     :  u_micro_risc_v1/u_EfxSapphireSoc/system_riscvJtag_hard_noTap_tunnel/logic_systemLogic_bus_rsp_ccToggle_io_output_payload_data[7]~FF


INFO     : 	Synchronizer 35: 


INFO     :  u_micro_risc_v1/u_EfxSapphireSoc/system_riscvJtag_hard_noTap_tunnel/logic_systemLogic_bus_rsp_ccToggle_io_output_payload_data[8]~FF


INFO     : 	Synchronizer 36: 


INFO     :  u_micro_risc_v1/u_EfxSapphireSoc/system_riscvJtag_hard_noTap_tunnel/logic_systemLogic_bus_rsp_ccToggle_io_output_payload_data[6]~FF


INFO     : 	Synchronizer 37: 


INFO     :  u_micro_risc_v1/u_EfxSapphireSoc/system_riscvJtag_hard_noTap_tunnel/logic_systemLogic_bus_rsp_ccToggle_io_output_payload_data[11]~FF


INFO     : 	Synchronizer 38: 


INFO     :  u_micro_risc_v1/u_EfxSapphireSoc/system_riscvJtag_hard_noTap_tunnel_io_bus_cmd_payload_data[28]~FF


INFO     : 	Synchronizer 39: 


INFO     :  u_micro_risc_v1/u_EfxSapphireSoc/system_riscvJtag_hard_noTap_tunnel_io_bus_cmd_payload_data[0]~FF


INFO     : 	Synchronizer 40: 


INFO     :  u_micro_risc_v1/u_EfxSapphireSoc/system_riscvJtag_hard_noTap_tunnel/logic_systemLogic_bus_rsp_ccToggle_io_output_payload_data[10]~FF


INFO     : 	Synchronizer 41: 


INFO     :  u_micro_risc_v1/u_EfxSapphireSoc/system_riscvJtag_hard_noTap_tunnel/logic_systemLogic_bus_rsp_ccToggle_io_output_payload_data[4]~FF


INFO     : 	Synchronizer 42: 


INFO     :  u_micro_risc_v1/u_EfxSapphireSoc/debugCd_logic_outputReset_asyncAssertSyncDeassert_buffercc/buffers_0~FF


INFO     :  u_micro_risc_v1/u_EfxSapphireSoc/debugCd_logic_outputReset_asyncAssertSyncDeassert_buffercc_io_dataOut~FF


INFO     : 	Synchronizer 43: 


INFO     :  u_micro_risc_v1/u_EfxSapphireSoc/system_riscvJtag_hard_noTap_tunnel/logic_systemLogic_bus_rsp_ccToggle_io_output_payload_data[16]~FF


INFO     : 	Synchronizer 44: 


INFO     :  u_micro_risc_v1/u_EfxSapphireSoc/system_riscvJtag_hard_noTap_tunnel/logic_systemLogic_bus_rsp_ccToggle_io_output_payload_data[17]~FF


INFO     : 	Synchronizer 45: 


INFO     :  u_micro_risc_v1/u_EfxSapphireSoc/system_riscvJtag_hard_noTap_tunnel_io_bus_cmd_payload_data[27]~FF


INFO     : 	Synchronizer 46: 


INFO     :  u_micro_risc_v1/u_EfxSapphireSoc/system_riscvJtag_hard_noTap_tunnel_io_bus_cmd_payload_write~FF


INFO     : 	Synchronizer 47: 


INFO     :  u_micro_risc_v1/u_EfxSapphireSoc/system_riscvJtag_hard_noTap_tunnel/logic_systemLogic_bus_rsp_ccToggle_io_output_payload_data[12]~FF


INFO     : 	Synchronizer 48: 


INFO     :  u_micro_risc_v1/u_EfxSapphireSoc/system_uart_0_io_logic/uartCtrl_1/rx/io_rxd_buffercc/buffers_0~FF


INFO     :  u_micro_risc_v1/u_EfxSapphireSoc/system_uart_0_io_logic/uartCtrl_1/rx/io_rxd_buffercc_io_dataOut~FF


INFO     : 	Synchronizer 49: 


INFO     :  u_micro_risc_v1/u_EfxSapphireSoc/system_riscvJtag_hard_noTap_tunnel/logic_systemLogic_bus_rsp_ccToggle_io_output_payload_data[13]~FF


INFO     : 	Synchronizer 50: 


INFO     :  u_micro_risc_v1/u_EfxSapphireSoc/system_riscvJtag_hard_noTap_tunnel/logic_systemLogic_bus_rsp_ccToggle_io_output_payload_data[14]~FF


INFO     : 	Synchronizer 51: 


INFO     :  u_micro_risc_v1/u_EfxSapphireSoc/io_asyncReset_asyncAssertSyncDeassert_buffercc/buffers_0~FF


INFO     :  u_micro_risc_v1/u_EfxSapphireSoc/io_asyncReset_asyncAssertSyncDeassert_buffercc_io_dataOut~FF


INFO     : 	Synchronizer 52: 


INFO     :  u_micro_risc_v1/u_EfxSapphireSoc/system_riscvJtag_hard_noTap_tunnel/logic_systemLogic_bus_rsp_ccToggle_io_output_payload_data[15]~FF


INFO     : 	Synchronizer 53: 


INFO     :  u_micro_risc_v1/u_EfxSapphireSoc/system_coreStopTime_buffercc/buffers_0~FF


INFO     :  u_micro_risc_v1/u_EfxSapphireSoc/system_coreStopTime_buffercc_io_dataOut~FF


INFO     : 	Synchronizer 54: 


INFO     :  u_micro_risc_v1/u_EfxSapphireSoc/system_riscvJtag_hard_noTap_tunnel/logic_systemLogic_bus_rsp_ccToggle_io_output_payload_data[18]~FF


INFO     : 	Synchronizer 55: 


INFO     :  u_micro_risc_v1/u_EfxSapphireSoc/system_cores_0_logic_cpu/systemCd_logic_outputReset_buffercc/buffers_0~FF


INFO     :  u_micro_risc_v1/u_EfxSapphireSoc/system_cores_0_logic_cpu_debugBus_unavailable~FF


INFO     : 	Synchronizer 56: 


INFO     :  u_micro_risc_v1/u_EfxSapphireSoc/system_riscvJtag_debug_systemReset_asyncAssertSyncDeassert_buffercc/buffers_0~FF


INFO     :  u_micro_risc_v1/u_EfxSapphireSoc/system_riscvJtag_debug_systemReset_asyncAssertSyncDeassert_buffercc_io_dataOut~FF


INFO     : 	Synchronizer 57: 


INFO     :  u_micro_risc_v1/u_EfxSapphireSoc/system_riscvJtag_hard_noTap_tunnel/logic_systemLogic_bus_rsp_ccToggle_io_output_payload_data[19]~FF


INFO     : 	Synchronizer 58: 


INFO     :  u_micro_risc_v1/u_EfxSapphireSoc/system_riscvJtag_hard_noTap_tunnel_io_bus_cmd_payload_data[9]~FF


INFO     : 	Synchronizer 59: 


INFO     :  u_micro_risc_v1/u_EfxSapphireSoc/system_riscvJtag_hard_noTap_tunnel/logic_systemLogic_bus_rsp_ccToggle_io_output_payload_data[29]~FF


INFO     : 	Synchronizer 60: 


INFO     :  u_micro_risc_v1/u_EfxSapphireSoc/system_riscvJtag_hard_noTap_tunnel_io_bus_cmd_payload_data[10]~FF


INFO     : 	Synchronizer 61: 


INFO     :  u_micro_risc_v1/u_EfxSapphireSoc/system_riscvJtag_hard_noTap_tunnel/logic_systemLogic_bus_rsp_ccToggle_io_output_payload_data[30]~FF


INFO     : 	Synchronizer 62: 


INFO     :  u_micro_risc_v1/u_EfxSapphireSoc/system_riscvJtag_hard_noTap_tunnel/logic_systemLogic_bus_rsp_ccToggle_io_output_payload_data[21]~FF


INFO     : 	Synchronizer 63: 


INFO     :  u_micro_risc_v1/u_EfxSapphireSoc/system_riscvJtag_hard_noTap_tunnel_io_bus_cmd_payload_data[1]~FF


INFO     : 	Synchronizer 64: 


INFO     :  u_micro_risc_v1/u_EfxSapphireSoc/system_riscvJtag_hard_noTap_tunnel_io_bus_cmd_payload_data[11]~FF


INFO     : 	Synchronizer 65: 


INFO     :  u_micro_risc_v1/u_EfxSapphireSoc/system_riscvJtag_hard_noTap_tunnel/logic_systemLogic_bus_rsp_ccToggle_io_output_payload_data[31]~FF


INFO     : 	Synchronizer 66: 


INFO     :  u_micro_risc_v1/u_EfxSapphireSoc/system_riscvJtag_hard_noTap_tunnel/logic_systemLogic_bus_rsp_ccToggle_io_output_payload_data[22]~FF


INFO     : 	Synchronizer 67: 


INFO     :  u_micro_risc_v1/u_EfxSapphireSoc/system_riscvJtag_hard_noTap_tunnel_io_bus_cmd_payload_data[2]~FF


INFO     : 	Synchronizer 68: 


INFO     :  u_micro_risc_v1/u_EfxSapphireSoc/system_riscvJtag_hard_noTap_tunnel/logic_systemLogic_bus_rsp_ccToggle_io_output_payload_data[23]~FF


INFO     : 	Synchronizer 69: 


INFO     :  u_micro_risc_v1/u_EfxSapphireSoc/system_riscvJtag_hard_noTap_tunnel_io_bus_cmd_payload_data[3]~FF


INFO     : 	Synchronizer 70: 


INFO     :  u_micro_risc_v1/u_EfxSapphireSoc/system_riscvJtag_hard_noTap_tunnel/logic_systemLogic_bus_rsp_ccToggle_io_output_payload_data[24]~FF


INFO     : 	Synchronizer 71: 


INFO     :  u_micro_risc_v1/u_EfxSapphireSoc/system_riscvJtag_hard_noTap_tunnel_io_bus_cmd_payload_data[4]~FF


INFO     : 	Synchronizer 72: 


INFO     :  u_micro_risc_v1/u_EfxSapphireSoc/system_riscvJtag_hard_noTap_tunnel/logic_systemLogic_bus_rsp_ccToggle_io_output_payload_data[25]~FF


INFO     : 	Synchronizer 73: 


INFO     :  u_micro_risc_v1/u_EfxSapphireSoc/system_riscvJtag_hard_noTap_tunnel_io_bus_cmd_payload_data[5]~FF


INFO     : 	Synchronizer 74: 


INFO     :  u_micro_risc_v1/u_EfxSapphireSoc/system_riscvJtag_hard_noTap_tunnel/logic_jtagLogic_dmiCmd_ccToggle/inputArea_target_buffercc/buffers_0~FF


INFO     :  u_micro_risc_v1/u_EfxSapphireSoc/system_riscvJtag_hard_noTap_tunnel/logic_jtagLogic_dmiCmd_ccToggle/inputArea_target_buffercc_io_dataOut~FF


INFO     : 	Synchronizer 75: 


INFO     :  u_micro_risc_v1/u_EfxSapphireSoc/system_riscvJtag_hard_noTap_tunnel/logic_systemLogic_bus_rsp_ccToggle_io_output_payload_data[26]~FF


INFO     : 	Synchronizer 76: 


INFO     :  u_micro_risc_v1/u_EfxSapphireSoc/system_riscvJtag_hard_noTap_tunnel_io_bus_cmd_payload_data[6]~FF


INFO     : 	Synchronizer 77: 


INFO     :  u_micro_risc_v1/u_EfxSapphireSoc/system_riscvJtag_hard_noTap_tunnel/logic_systemLogic_bus_rsp_ccToggle_io_output_payload_data[27]~FF


INFO     : 	Synchronizer 78: 


INFO     :  u_micro_risc_v1/u_EfxSapphireSoc/system_riscvJtag_hard_noTap_tunnel_io_bus_cmd_payload_data[7]~FF


INFO     : 	Synchronizer 79: 


INFO     :  u_micro_risc_v1/u_EfxSapphireSoc/system_riscvJtag_hard_noTap_tunnel/logic_systemLogic_bus_rsp_ccToggle_io_output_payload_data[28]~FF


INFO     : 	Synchronizer 80: 


INFO     :  u_micro_risc_v1/u_EfxSapphireSoc/system_riscvJtag_hard_noTap_tunnel_io_bus_cmd_payload_data[8]~FF


INFO     : Starting Global Placer with 4 threads ...


            ----------     -------  --------------     -------

             Iteration       WHPWL Worst Slack (ps) Convergence

            ----------     -------  --------------     -------

INFO     :           1    10542302           -1630         1.7%


INFO     :           2     9393925            -875         2.9%


INFO     :           3     8421438           -2968         3.4%


INFO     :           4     7809513           -3304         3.7%


INFO     :           5     4060021           -3261         4.5%


INFO     :           6     2313389           -2987         8.1%


INFO     :           7     1326515           -3159        14.2%


INFO     :           8      728955           -3390        25.4%


INFO     :           9      527960           -5900        40.0%


INFO     :          10      447879           -6584        51.3%


INFO     :          11      442289           -7250        57.7%


INFO     :          12      419157           -7256        57.7%


INFO     :          13      425128           -7059        60.9%


INFO     :          14      417336           -7134        61.7%


INFO     :          15      400953           -6801        61.7%


INFO     :          16      416133           -6362        65.9%


INFO     :          17      392759           -6266        65.9%


INFO     :          18      413455           -6229        68.4%


INFO     :          19      396756           -6219        68.4%


INFO     :          20      408635           -7344        71.5%


INFO     :          21      384802           -6769        71.5%


INFO     :          22      401974           -6512        73.0%


INFO     :          23      379004           -6724        73.0%


INFO     :          24      394209           -6823        75.3%


INFO     :          25      376911           -7045        75.3%


INFO     :          26      384507           -7310        76.9%


INFO     :          27      370477           -7277        76.9%


INFO     :          28      381477           -6708        79.1%


INFO     :          29      371762           -7393        79.1%


INFO     :          30      379910           -7466        80.4%


INFO     :          31      363273           -7689        80.4%


INFO     :          32      377233           -7029        82.2%


INFO     :          33      360119           -7437        82.2%


INFO     :          34      373701           -6684        83.1%


INFO     :          35      359453           -7159        83.1%


INFO     :          36      372124           -7997        84.3%


INFO     :          37      356707           -7592        84.3%


INFO     :          38      368592           -7034        85.2%


INFO     :          39      358265           -6741        85.2%


INFO     :          40      369293           -7171        85.5%


INFO     :          41      359852           -6924        85.5%


INFO     :          42      368007           -6918        86.1%


INFO     :          43      358188           -7081        86.1%


INFO     :          44      369654           -6828        86.4%


INFO     :          45      358431           -7627        86.4%


INFO     :          46      366101           -7163        87.4%


INFO     :          47      363594           -7428        87.4%


INFO     :          48      367901           -7848        87.4%


INFO     :          49      359093           -6930        87.4%


INFO     :          50      362445           -8002        88.5%


INFO     :          51      363341           -7930        88.5%


INFO     :          52      366580           -7505        88.5%


INFO     :          53      359355           -7477        88.5%


INFO     :          54      361856           -6925        89.9%


INFO     :          55      363426           -7169        89.9%


INFO     :          56      364541           -7552        89.9%


INFO     :          57      360704           -7299        89.9%


INFO     :          58      362422           -7299        91.3%


INFO     :          59      364749           -7524        91.3%


INFO     :          60      364650           -6925        91.5%


INFO     :          61      363592           -8320        91.8%


INFO     :          62      364554           -7655        93.0%


INFO     :          63      365972           -7539        93.7%


INFO     :          64      362716           -7770        94.0%


INFO     :          65      365494           -7808        95.4%


INFO     : Starting Annealer


            ----------     -------  --------------     -------

             Iteration       WHPWL  Delay Max (ps)     R Limit

            ----------     -------  --------------     -------

INFO     :           0      173058           18901        30.0


INFO     :           1      142810           15092        29.4


INFO     :           2      126247           14834        28.3


INFO     :           3      119538           12920        27.1


INFO     :           4      117512           12395        25.7


INFO     :           5      116836           11864        24.3


INFO     :           6      115169           14982        22.9


INFO     :           7      113638           14796        21.5


INFO     :           8      112514           14094        20.1


INFO     :           9      111790           10998        18.7


INFO     :          10      111157           14581        17.5


INFO     :          11      110627           14581        16.3


INFO     :          12      110294           14581        15.1


INFO     :          13      109805           14581        14.1


INFO     :          14      109596           14251        13.1


INFO     :          15      108033           10978        12.2


INFO     :          16      106890           10748        11.3


INFO     :          17      105427           14458        10.5


INFO     :          18      104024           14458         9.7


INFO     :          19      103650           14458         9.0


INFO     :          20      102959           14338         8.3


INFO     :          21      102186           14338         7.7


INFO     :          22      101181           14251         7.1


INFO     :          23      100436           14251         6.6


INFO     :          24       99493           14251         6.1


INFO     :          25       98881           14251         5.6


INFO     :          26       98078           14251         5.2


INFO     :          27       97662           14251         4.8


INFO     :          28       97040           14251         4.4


INFO     :          29       96331           14251         4.1


INFO     :          30       95768           14251         3.8


INFO     :          31       95404           14251         3.5


INFO     :          32       95086           14251         3.2


INFO     :          33       94647           14251         3.0


INFO     :          34       94113           14251         2.8


INFO     :          35       93805           10939         2.5


INFO     :          36       93502           14251         2.3


INFO     :          37       93193           14251         2.2


INFO     :          38       92791           14251         2.0


INFO     :          39       92406           14251         1.9


INFO     :          40       91929           14251         1.7


INFO     :          41       91710           14251         1.6


INFO     :          42       91400           10464         1.4


INFO     :          43       91246           10797         1.3


INFO     :          44       90884           11006         1.2


INFO     : Counted delay computer calls: 95437
Placement successful: 8235 cells are placed


INFO     : Peak congestion smeared over 1/4 of the chip is 0.34224 at 11,53


INFO     : Congestion-weighted HPWL per net: 25.7041


INFO     : Post-placement cluster-level checks is successful


INFO     : Checks is successful


INFO     : Reading placement constraints from '/home/olle/efinity_p2/BRAM/outflow/BRAM.qplace'.


INFO     : Finished Realigning Types (780 blocks needed type change)


INFO     : Completed placement consistency check successfully.




INFO     : Successfully created FPGA place file '/home/olle/efinity_p2/BRAM/outflow/BRAM.place'


INFO     : Placement took 14.9945 seconds.


INFO     : 	Placement took 39.04 seconds (approximately) in total CPU time.


INFO     : Placement virtual memory usage: begin = 274.376 MB, end = 401.632 MB, delta = 127.256 MB


INFO     : Placement resident set memory usage: begin = 155.904 MB, end = 275.644 MB, delta = 119.74 MB


INFO     : 	Placement peak resident set memory usage = 334.568 MB


           ***** Ending stage placement *****

           

           

           Efinix FPGA Placement and Routing.

           Version: 2025.1.110.2.15 

           Compiled: Jun 21 2025.

           

           Copyright (C) 2013 - 2025 Efinix, Inc. All rights reserved.


           

           The Tool Is Based on VPR of University of Toronto,

           a free open source code under MIT license.

           

           

INFO     : Running Placement and Routing for Family "Trion", Device "T20F169" ...


           

           ***** Beginning stage routing graph generation ... *****

INFO     : Read ipin pattern from /home/olle/efinix/efinity/2025.1/arch/./routing/ipin_oph.xml


INFO     : Finished parsing ipin pattern file '/home/olle/efinix/efinity/2025.1/arch/./routing/ipin_oph.xdb'.


INFO     : Finished parsing switch_block file '/home/olle/efinix/efinity/2025.1/arch/./routing/sb_connectivity_subset.xdb'.


INFO     : BuildGraph process took 2.81579 seconds.


INFO     : 	BuildGraph process took 2.72 seconds (approximately) in total CPU time.


INFO     : BuildGraph process virtual memory usage: begin = 401.632 MB, end = 574.384 MB, delta = 172.752 MB


INFO     : BuildGraph process resident set memory usage: begin = 276.156 MB, end = 480.964 MB, delta = 204.808 MB


INFO     : 	BuildGraph process peak resident set memory usage = 480.964 MB


INFO     : check rr_graph process took 0.11568 seconds.


INFO     : 	check rr_graph process took 0.11 seconds (approximately) in total CPU time.


INFO     : check rr_graph process virtual memory usage: begin = 601.984 MB, end = 611.184 MB, delta = 9.2 MB


INFO     : check rr_graph process resident set memory usage: begin = 508.484 MB, end = 517.7 MB, delta = 9.216 MB


INFO     : 	check rr_graph process peak resident set memory usage = 517.7 MB


INFO     : Generated 1177478 RR nodes and 4450458 RR edges


INFO     : This design has 0 global control net(s). See /home/olle/efinity_p2/BRAM/outflow/BRAM.route.rpt for details.


INFO     : Routing graph took 3.01076 seconds.


INFO     : 	Routing graph took 2.89 seconds (approximately) in total CPU time.


INFO     : Routing graph virtual memory usage: begin = 401.632 MB, end = 611.184 MB, delta = 209.552 MB


INFO     : Routing graph resident set memory usage: begin = 275.644 MB, end = 517.828 MB, delta = 242.184 MB


INFO     : 	Routing graph peak resident set memory usage = 517.828 MB


           ***** Ending stage routing graph generation *****

           

           ***** Beginning stage routing ... *****

INFO     : SDC file '/home/olle/efinity_p2/BRAM/const1.sdc' parsed successfully.


INFO     : 2 clocks (including virtual clocks), 0 inputs and 0 outputs were constrained.


INFO     :  ---------      -------     --------------      -------------


INFO     :  Iteration      Overuse     Crit Path (ns)      Calc Time (s)


INFO     :  ---------      -------     --------------      -------------


INFO     :          1        27546               10.3               4.06


INFO     :          2         5635               10.3               4.57


INFO     :          3         2560               10.3               4.43


INFO     :          4          910               10.3               3.85


INFO     :          5          370               10.3               2.64


INFO     :          6          191               10.3               3.52


INFO     :          7           70               10.3               1.65


INFO     :          8           48              10.34               1.96


INFO     :          9           11              10.77               2.08


INFO     :         10            5              10.52              0.353


INFO     :         11            1              10.46              0.407


INFO     :         12            1              10.43              0.348


INFO     :         13            0              10.52               0.34


           

INFO     : Successfully routed netlist after 13 routing iterations and 85198666 heapops


INFO     : Completed net delay value cross check successfully.


           ***** Beginning stage routing check ... *****

           ***** Ending stage routing check *****

           

INFO     : Serial number (magic cookie) for the routing is: 1930692984


INFO     : Netlist fully routed.


INFO     : Successfully created FPGA route file '/home/olle/efinity_p2/BRAM/outflow/BRAM.route'


INFO     : Routing took 31.376 seconds.


INFO     : 	Routing took 31.67 seconds (approximately) in total CPU time.


INFO     : Routing virtual memory usage: begin = 611.184 MB, end = 855.248 MB, delta = 244.064 MB


INFO     : Routing resident set memory usage: begin = 517.828 MB, end = 730.404 MB, delta = 212.576 MB


INFO     : 	Routing peak resident set memory usage = 730.404 MB


           ***** Ending stage routing *****

           

           ***** Beginning stage final timing analysis ... *****

INFO     : SDC file '/home/olle/efinity_p2/BRAM/const1.sdc' parsed successfully.


INFO     : 2 clocks (including virtual clocks), 0 inputs and 0 outputs were constrained.


Maximum possible analyzed clocks frequency
 Clock Name  Period (ns)  Frequency (MHz)     Edge
  clk           17.842        56.048         (R-R)
  pll_clk       10.680        93.633         (R-R)

Geomean max period: 13.804

Setup (Max) Clock Relationship
  Launch Clock    Capture Clock   Constraint (ns)     Slack (ns)          Edge
    clk              clk               30.000           12.158           (R-R)
    pll_clk          clk                1.000           -0.402           (R-R)
    pll_clk          pll_clk            7.000           -3.680           (R-R)

Hold (Min) Clock Relationship
  Launch Clock    Capture Clock   Constraint (ns)     Slack (ns)          Edge
    clk              clk               0.000            0.086            (R-R)
    pll_clk          clk               0.000            0.361            (R-R)
    pll_clk          pll_clk           0.000            0.119            (R-R)


WARNING  : Clock domain between pll_clk (rising) and clk (rising) may not meet (slack: -0.402 ns) the setup (max) timing requirement


WARNING  : Clock domain between pll_clk (rising) and pll_clk (rising) may not meet (slack: -3.680 ns) the setup (max) timing requirement


INFO     : Write Timing Report to "/home/olle/efinity_p2/BRAM/outflow/BRAM.timing.rpt" ...


INFO     : final timing analysis took 0.498819 seconds.


INFO     : 	final timing analysis took 0.52 seconds (approximately) in total CPU time.


INFO     : final timing analysis virtual memory usage: begin = 855.248 MB, end = 855.248 MB, delta = 0 MB


INFO     : final timing analysis resident set memory usage: begin = 730.532 MB, end = 730.788 MB, delta = 0.256 MB


INFO     : 	final timing analysis peak resident set memory usage = 730.788 MB


           ***** Ending stage final timing analysis *****

           

           ***** Beginning stage bitstream generation ... *****

INFO     : Reading core interface constraints file "/home/olle/efinity_p2/BRAM/outflow/BRAM.interface.csv"


INFO     : Successfully read core interface constraints file "/home/olle/efinity_p2/BRAM/outflow/BRAM.interface.csv"


INFO     : Finished writing bitstream file /home/olle/efinity_p2/BRAM/work_pnr/BRAM.lbf.


INFO     : Bitstream generation took 0.549985 seconds.


INFO     : 	Bitstream generation took 0.54 seconds (approximately) in total CPU time.


INFO     : Bitstream generation virtual memory usage: begin = 855.248 MB, end = 855.248 MB, delta = 0 MB


INFO     : Bitstream generation resident set memory usage: begin = 730.788 MB, end = 731.684 MB, delta = 0.896 MB


INFO     : 	Bitstream generation peak resident set memory usage = 731.684 MB


           ***** Ending stage bitstream generation *****

           

INFO     : The entire flow of EFX_PNR took 54.2472 seconds.


INFO     : 	The entire flow of EFX_PNR took 78.97 seconds (approximately) in total CPU time.


INFO     : The entire flow of EFX_PNR virtual memory usage: begin = 119.636 MB, end = 855.248 MB, delta = 735.612 MB


INFO     : The entire flow of EFX_PNR resident set memory usage: begin = 38.528 MB, end = 731.684 MB, delta = 693.156 MB


INFO     : 	The entire flow of EFX_PNR peak resident set memory usage = 731.684 MB


Sat August 16 25 10:42:42 - /home/olle/efinix/efinity/2025.1/bin/efx_pnr finished. Exit code = 0 Exit status : Normal





-------------------------------------------------------------------------

Generating bitstream

-------------------------------------------------------------------------

Sat August 16 25 10:42:42 - Bitstream generation flow working directory is /home/olle/efinity_p2/BRAM/work_pnr


INFO     : --max_threads set to 4 

Sat August 16 25 10:42:43 - /home/olle/efinix/efinity/2025.1/bin/efx_pgm --source "/home/olle/efinity_p2/BRAM/work_pnr/BRAM.lbf" --dest "/home/olle/efinity_p2/BRAM/outflow/BRAM.hex" --device "T20F169" --family "Trion" --periph "/home/olle/efinity_p2/BRAM/outflow/BRAM.lpf" --interface_designer_settings "/home/olle/efinity_p2/BRAM/outflow/BRAM_or.ini" --enable_external_master_clock "off" --oscillator_clock_divider "DIV8" --active_capture_clk_edge "posedge" --spi_low_power_mode "on" --io_weak_pullup "on" --enable_roms "smart" --mode "active" --width "1" --release_tri_then_reset "on"

Sat August 16 25 10:42:43 - Running /home/olle/efinix/efinity/2025.1/bin/efx_pgm...

INFO     : Efinix FPGA Bitstream Generator.


INFO     : Version: 2025.1.110.2.15 


INFO     : Copyright (C) 2013 - 2025 Efinix, Inc. All rights reserved.


INFO     : Compiled: May  7 2025.


INFO     : Using source file "/home/olle/efinity_p2/BRAM/work_pnr/BRAM.lbf"


INFO     : Generating HEX programming file for device "T20F169", family "Trion"


INFO     : Using periphery source file "/home/olle/efinity_p2/BRAM/outflow/BRAM.lpf"


INFO     : Generating bit file: "/home/olle/efinity_p2/BRAM/outflow/BRAM.bit"


INFO     : HEX Generation Options Summary:


INFO     : 	Listing options specified to bitstream generation:


INFO     : 	spi_low_power_mode                       = on


INFO     : 	oscillator_clock_divider                 = DIV8


INFO     : 	io_weak_pullup                           = on


INFO     : 	enable_remote_update                     = off


INFO     : 	release_tri_then_reset                   = on


INFO     : Finished generating "/home/olle/efinity_p2/BRAM/outflow/BRAM.hex"


INFO     : Efinix Bitstream Generator took 1.01299 seconds.


INFO     : 	Efinix Bitstream Generator took 0.97 seconds (approximately) in total CPU time.


INFO     : Efinix Bitstream Generator virtual memory usage: begin = 35.096 MB, end = 93.392 MB, delta = 58.296 MB


INFO     : Efinix Bitstream Generator resident set memory usage: begin = 15.104 MB, end = 75.776 MB, delta = 60.672 MB


INFO     : 	Efinix Bitstream Generator peak resident set memory usage = 334.568 MB


Sat August 16 25 10:42:44 - /home/olle/efinix/efinity/2025.1/bin/efx_pgm finished. Exit code = 0 Exit status : Normal

Running hex generation flow done.

Sat August 16 25 10:42:44 - Running automated flow starting from placement done. Total duration = 2m 27.375s

Sat August 16 25 10:50:36 - Running Efinity Debugger...

Sat August 16 25 11:04:23 - Running automated flow starting from synthesis...



Sat August 16 25 11:04:23 - Floorplan closed VM : 651.48 MB RSS : 276.644 MB



-------------------------------------------------------------------------

Synthesis

-------------------------------------------------------------------------

Sat August 16 25 11:04:23 - Synthesis flow working directory is /home/olle/efinity_p2/BRAM/work_syn


INFO     : --max_threads set to 4 

INFO     : Deleting any pre-existing troute trace files

INFO     : Deleting any pre-existing troute trace files

INFO     : Deleting any pre-existing troute trace files

Sat August 16 25 11:04:23 - /home/olle/efinix/efinity/2025.1/bin/efx_map --project "BRAM" --root "top_level" --write-efx-verilog "/home/olle/efinity_p2/BRAM/outflow/BRAM.map.v" --write-premap-module "/home/olle/efinity_p2/BRAM/outflow/BRAM.elab.vdb" --binary-db "/home/olle/efinity_p2/BRAM/outflow/BRAM.vdb" --device "T20F169" --family "Trion" --veri_option "verilog_mode=verilog_2k,vhdl_mode=vhdl_2008" --work-dir "/home/olle/efinity_p2/BRAM/work_syn" --output-dir "/home/olle/efinity_p2/BRAM/outflow" --project-xml "/home/olle/efinity_p2/BRAM/BRAM.xml" --I "/home/olle/efinity_p2/BRAM" --I "/home/olle/efinity_p2/BRAM/ip/BRAM_8192_bytes" --I "/home/olle/efinity_p2/BRAM/ip/micro_risc_v1"

Sat August 16 25 11:04:23 - Running /home/olle/efinix/efinity/2025.1/bin/efx_map...

INFO     : Efinix FPGA Synthesis.


INFO     : Version: 2025.1.110.2.15


INFO     : Compiled: Jun 21 2025.


INFO     : 


INFO     : Copyright (C) 2013 - 2025 Efinix, Inc. All rights reserved.



INFO     : Reading project database "/home/olle/efinity_p2/BRAM/BRAM.xml"


INFO     : Analyzing Verilog file '/home/olle/efinix/efinity/2025.1/sim_models/maplib/efinix_peri_lib.v' [VERI-1482]


INFO     : /home/olle/efinix/efinity/2025.1/sim_models/maplib/efinix_peri_lib.v(8): compiling module 'EFX_IBUF' [VERI-1018]


INFO     : /home/olle/efinix/efinity/2025.1/sim_models/maplib/efinix_peri_lib.v(16): compiling module 'EFX_OBUF' [VERI-1018]


INFO     : /home/olle/efinix/efinity/2025.1/sim_models/maplib/efinix_peri_lib.v(23): compiling module 'EFX_IO_BUF' [VERI-1018]


INFO     : /home/olle/efinix/efinity/2025.1/sim_models/maplib/efinix_peri_lib.v(33): compiling module 'EFX_CLKOUT' [VERI-1018]


INFO     : /home/olle/efinix/efinity/2025.1/sim_models/maplib/efinix_peri_lib.v(41): compiling module 'EFX_IREG' [VERI-1018]


INFO     : /home/olle/efinix/efinity/2025.1/sim_models/maplib/efinix_peri_lib.v(51): compiling module 'EFX_OREG' [VERI-1018]


INFO     : /home/olle/efinix/efinity/2025.1/sim_models/maplib/efinix_peri_lib.v(60): compiling module 'EFX_IOREG' [VERI-1018]


INFO     : /home/olle/efinix/efinity/2025.1/sim_models/maplib/efinix_peri_lib.v(75): compiling module 'EFX_IDDIO' [VERI-1018]


INFO     : /home/olle/efinix/efinity/2025.1/sim_models/maplib/efinix_peri_lib.v(87): compiling module 'EFX_ODDIO' [VERI-1018]


INFO     : /home/olle/efinix/efinity/2025.1/sim_models/maplib/efinix_peri_lib.v(99): compiling module 'EFX_GPIO_V1' [VERI-1018]


INFO     : /home/olle/efinix/efinity/2025.1/sim_models/maplib/efinix_peri_lib.v(124): compiling module 'EFX_GPIO_V2' [VERI-1018]


INFO     : /home/olle/efinix/efinity/2025.1/sim_models/maplib/efinix_peri_lib.v(149): compiling module 'EFX_GPIO_V3' [VERI-1018]


INFO     : /home/olle/efinix/efinity/2025.1/sim_models/maplib/efinix_peri_lib.v(186): compiling module 'EFX_PLL_V1' [VERI-1018]


INFO     : /home/olle/efinix/efinity/2025.1/sim_models/maplib/efinix_peri_lib.v(205): compiling module 'EFX_PLL_V2' [VERI-1018]


INFO     : /home/olle/efinix/efinity/2025.1/sim_models/maplib/efinix_peri_lib.v(231): compiling module 'EFX_PLL_V3' [VERI-1018]


INFO     : /home/olle/efinix/efinity/2025.1/sim_models/maplib/efinix_peri_lib.v(279): compiling module 'EFX_OSC_V1' [VERI-1018]


INFO     : /home/olle/efinix/efinity/2025.1/sim_models/maplib/efinix_peri_lib.v(285): compiling module 'EFX_OSC_V3' [VERI-1018]


INFO     : /home/olle/efinix/efinity/2025.1/sim_models/maplib/efinix_peri_lib.v(294): compiling module 'EFX_FPLL_V1' [VERI-1018]


INFO     : /home/olle/efinix/efinity/2025.1/sim_models/maplib/efinix_peri_lib.v(348): compiling module 'EFX_JTAG_V1' [VERI-1018]


INFO     : /home/olle/efinix/efinity/2025.1/sim_models/maplib/efinix_peri_lib.v(357): compiling module 'EFX_JTAG_CTRL' [VERI-1018]


INFO     : /home/olle/efinix/efinity/2025.1/sim_models/maplib/efinix_peri_lib.v(364): compiling module 'EFX_LVDS_RX_V1' [VERI-1018]


INFO     : /home/olle/efinix/efinity/2025.1/sim_models/maplib/efinix_peri_lib.v(381): compiling module 'EFX_LVDS_TX_V1' [VERI-1018]


INFO     : /home/olle/efinix/efinity/2025.1/sim_models/maplib/efinix_peri_lib.v(399): compiling module 'EFX_LVDS_RX_V2' [VERI-1018]


INFO     : /home/olle/efinix/efinity/2025.1/sim_models/maplib/efinix_peri_lib.v(426): compiling module 'EFX_LVDS_TX_V2' [VERI-1018]


INFO     : /home/olle/efinix/efinity/2025.1/sim_models/maplib/efinix_peri_lib.v(446): compiling module 'EFX_LVDS_BIDIR_V2' [VERI-1018]


INFO     : Reading project database "/home/olle/efinity_p2/BRAM/BRAM.xml"


INFO     : ***** Beginning Analysis ... *****


INFO     : default VHDL library search path is now "/home/olle/efinix/efinity/2025.1/sim_models/vhdl/packages/vhdl_2008" [VHDL-1504]


INFO     : Analyzing Verilog file '/home/olle/efinix/efinity/2025.1/sim_models/maplib/efinix_maplib.v' [VERI-1482]


INFO     : Analyzing Verilog file '/home/olle/efinix/efinity/2025.1/sim_models/maplib/efinix_peri_lib.v' [VERI-1482]


INFO     : Analyzing Verilog file '/home/olle/efinix/efinity/2025.1/sim_models/maplib/efinix_maplib.v' [VERI-1482]


INFO     : Analyzing Verilog file '/home/olle/efinix/efinity/2025.1/sim_models/maplib/efinix_peri_lib.v' [VERI-1482]


INFO     : Analyzing VHDL file '/home/olle/efinity_p2/BRAM/top_level.vhd' [VHDL-1481]


INFO     : Restoring VHDL unit 'ieee.std_logic_1164' from file '/home/olle/efinix/efinity/2025.1/sim_models/vhdl/packages/vhdl_2008/ieee/std_logic_1164.vdb' [VHDL-1493]


INFO     : Restoring VHDL unit 'std.standard' from file '/home/olle/efinix/efinity/2025.1/sim_models/vhdl/packages/vhdl_2008/std/standard.vdb' [VHDL-1493]


INFO     : Restoring VHDL unit 'std.textio' from file '/home/olle/efinix/efinity/2025.1/sim_models/vhdl/packages/vhdl_2008/std/textio.vdb' [VHDL-1493]


INFO     : Restoring VHDL unit 'ieee.numeric_std' from file '/home/olle/efinix/efinity/2025.1/sim_models/vhdl/packages/vhdl_2008/ieee/numeric_std.vdb' [VHDL-1493]


INFO     : /home/olle/efinity_p2/BRAM/top_level.vhd(6): analyzing entity 'top_level' [VHDL-1012]


INFO     : /home/olle/efinity_p2/BRAM/top_level.vhd(48): analyzing architecture 'behavior' [VHDL-1010]


INFO     : Analyzing VHDL file '/home/olle/efinity_p2/BRAM/eth_dp83825_udp.vhd' [VHDL-1481]


INFO     : /home/olle/efinity_p2/BRAM/eth_dp83825_udp.vhd(6): analyzing entity 'eth_dp83825_udp' [VHDL-1012]


INFO     : /home/olle/efinity_p2/BRAM/eth_dp83825_udp.vhd(29): analyzing architecture 'behavior' [VHDL-1010]


INFO     : Analyzing VHDL file '/home/olle/efinity_p2/BRAM/mdio_clause22.vhd' [VHDL-1481]


INFO     : /home/olle/efinity_p2/BRAM/mdio_clause22.vhd(9): analyzing entity 'mdio_clause22' [VHDL-1012]


INFO     : /home/olle/efinity_p2/BRAM/mdio_clause22.vhd(37): analyzing architecture 'rtl' [VHDL-1010]


INFO     : Analyzing Verilog file '/home/olle/efinity_p2/BRAM/ip/BRAM_8192_bytes/BRAM_8192_bytes.v' [VERI-1482]


INFO     : /home/olle/efinity_p2/BRAM/ip/BRAM_8192_bytes/BRAM_8192_bytes.v(758): analyzing included file '/home/olle/efinity_p2/BRAM/ip/BRAM_8192_bytes/bram_ini.vh' [VERI-1328]


INFO     : /home/olle/efinity_p2/BRAM/ip/BRAM_8192_bytes/BRAM_8192_bytes.v(758): back to file '/home/olle/efinity_p2/BRAM/ip/BRAM_8192_bytes/BRAM_8192_bytes.v' [VERI-2320]


INFO     : /home/olle/efinity_p2/BRAM/ip/BRAM_8192_bytes/BRAM_8192_bytes.v(985): analyzing included file '/home/olle/efinity_p2/BRAM/ip/BRAM_8192_bytes/bram_decompose.vh' [VERI-1328]


INFO     : /home/olle/efinity_p2/BRAM/ip/BRAM_8192_bytes/BRAM_8192_bytes.v(985): back to file '/home/olle/efinity_p2/BRAM/ip/BRAM_8192_bytes/BRAM_8192_bytes.v' [VERI-2320]


INFO     : Analyzing Verilog file '/home/olle/efinity_p2/BRAM/ip/micro_risc_v1/micro_risc_v1.v' [VERI-1482]


INFO     : Analysis took 0.15159 seconds.


INFO     : 	Analysis took 0.14 seconds (approximately) in total CPU time.


INFO     : Analysis virtual memory usage: begin = 124.56 MB, end = 132.752 MB, delta = 8.192 MB


INFO     : Analysis resident set memory usage: begin = 71.808 MB, end = 81.024 MB, delta = 9.216 MB


INFO     : 	Analysis peak resident set memory usage = 334.568 MB


INFO     : ***** Ending Analysis ... *****


INFO     : ***** Beginning Elaboration ... *****


INFO     : /home/olle/efinity_p2/BRAM/top_level.vhd(6): processing 'top_level(behavior)' [VHDL-1067]


WARNING  : /home/olle/efinity_p2/BRAM/top_level.vhd(102): using initial value '0' for 'system_uart_0_io_rxd' since it is never assigned [VHDL-1303]


WARNING  : /home/olle/efinity_p2/BRAM/top_level.vhd(105): using initial value for 'system_gpio_0_io_read' since it is never assigned [VHDL-1794]


INFO     : Restoring VHDL unit 'vl.vl_types' from file '/home/olle/efinix/efinity/2025.1/sim_models/vhdl/packages/vhdl_2008/vl/vl_types.vdb' [VHDL-1493]


INFO     : /home/olle/efinity_p2/BRAM/top_level.vhd(135): switching to Verilog mode to elaborate module 'micro_risc_v1' [VHDL-1399]


INFO     : /home/olle/efinity_p2/BRAM/ip/micro_risc_v1/micro_risc_v1.v(49): compiling module 'micro_risc_v1' [VERI-1018]


INFO     : /home/olle/efinity_p2/BRAM/ip/micro_risc_v1/micro_risc_v1.v(94): compiling module 'EfxSapphireSoc_2fa2c88f3c1f4868ba7cd09620d007ba' [VERI-1018]


INFO     : /home/olle/efinity_p2/BRAM/ip/micro_risc_v1/micro_risc_v1.v(5744): compiling module 'VexRiscv_2fa2c88f3c1f4868ba7cd09620d007ba' [VERI-1018]


INFO     : /home/olle/efinity_p2/BRAM/ip/micro_risc_v1/micro_risc_v1.v(6995): extracting RAM for identifier 'RegFilePlugin_regFile' [VERI-2571]


INFO     : /home/olle/efinity_p2/BRAM/ip/micro_risc_v1/micro_risc_v1.v(12219): compiling module 'InstructionCache_2fa2c88f3c1f4868ba7cd09620d007ba' [VERI-1018]


INFO     : /home/olle/efinity_p2/BRAM/ip/micro_risc_v1/micro_risc_v1.v(12325): extracting RAM for identifier 'banks_0' [VERI-2571]


INFO     : /home/olle/efinity_p2/BRAM/ip/micro_risc_v1/micro_risc_v1.v(12326): extracting RAM for identifier 'ways_0_tags' [VERI-2571]


INFO     : /home/olle/efinity_p2/BRAM/ip/micro_risc_v1/micro_risc_v1.v(11365): compiling module 'DataCache_2fa2c88f3c1f4868ba7cd09620d007ba' [VERI-1018]


INFO     : /home/olle/efinity_p2/BRAM/ip/micro_risc_v1/micro_risc_v1.v(11579): extracting RAM for identifier 'ways_0_tags' [VERI-2571]


INFO     : /home/olle/efinity_p2/BRAM/ip/micro_risc_v1/micro_risc_v1.v(11580): extracting RAM for identifier 'ways_0_data_symbol0' [VERI-2571]


INFO     : /home/olle/efinity_p2/BRAM/ip/micro_risc_v1/micro_risc_v1.v(11581): extracting RAM for identifier 'ways_0_data_symbol1' [VERI-2571]


INFO     : /home/olle/efinity_p2/BRAM/ip/micro_risc_v1/micro_risc_v1.v(11582): extracting RAM for identifier 'ways_0_data_symbol2' [VERI-2571]


INFO     : /home/olle/efinity_p2/BRAM/ip/micro_risc_v1/micro_risc_v1.v(11583): extracting RAM for identifier 'ways_0_data_symbol3' [VERI-2571]


WARNING  : /home/olle/efinity_p2/BRAM/ip/micro_risc_v1/micro_risc_v1.v(12191): system task 'display' is ignored for synthesis [VERI-1142]


INFO     : /home/olle/efinity_p2/BRAM/ip/micro_risc_v1/micro_risc_v1.v(11346): compiling module 'BufferCC_2fa2c88f3c1f4868ba7cd09620d007ba' [VERI-1018]


INFO     : /home/olle/efinity_p2/BRAM/ip/micro_risc_v1/micro_risc_v1.v(13149): compiling module 'EfxCPUSp1_2fa2c88f3c1f4868ba7cd09620d007ba' [VERI-1018]


WARNING  : /home/olle/efinity_p2/BRAM/ip/micro_risc_v1/micro_risc_v1.v(5832): net 'IBusCachedPlugin_cache_io_cpu_fetch_isRemoved' does not have a driver [VDB-1002]


WARNING  : /home/olle/efinity_p2/BRAM/ip/micro_risc_v1/micro_risc_v1.v(5845): net 'dataCache_1_io_cpu_writeBack_fence_SW' does not have a driver [VDB-1002]


WARNING  : /home/olle/efinity_p2/BRAM/ip/micro_risc_v1/micro_risc_v1.v(5846): net 'dataCache_1_io_cpu_writeBack_fence_SR' does not have a driver [VDB-1002]


WARNING  : /home/olle/efinity_p2/BRAM/ip/micro_risc_v1/micro_risc_v1.v(5847): net 'dataCache_1_io_cpu_writeBack_fence_SO' does not have a driver [VDB-1002]


WARNING  : /home/olle/efinity_p2/BRAM/ip/micro_risc_v1/micro_risc_v1.v(5848): net 'dataCache_1_io_cpu_writeBack_fence_SI' does not have a driver [VDB-1002]


WARNING  : /home/olle/efinity_p2/BRAM/ip/micro_risc_v1/micro_risc_v1.v(5849): net 'dataCache_1_io_cpu_writeBack_fence_PW' does not have a driver [VDB-1002]


WARNING  : /home/olle/efinity_p2/BRAM/ip/micro_risc_v1/micro_risc_v1.v(5850): net 'dataCache_1_io_cpu_writeBack_fence_PR' does not have a driver [VDB-1002]


WARNING  : /home/olle/efinity_p2/BRAM/ip/micro_risc_v1/micro_risc_v1.v(5851): net 'dataCache_1_io_cpu_writeBack_fence_PO' does not have a driver [VDB-1002]


WARNING  : /home/olle/efinity_p2/BRAM/ip/micro_risc_v1/micro_risc_v1.v(5852): net 'dataCache_1_io_cpu_writeBack_fence_PI' does not have a driver [VDB-1002]


WARNING  : /home/olle/efinity_p2/BRAM/ip/micro_risc_v1/micro_risc_v1.v(5853): net 'dataCache_1_io_cpu_writeBack_fence_FM[3]' does not have a driver [VDB-1002]


WARNING  : /home/olle/efinity_p2/BRAM/ip/micro_risc_v1/micro_risc_v1.v(6276): net 'IBusCachedPlugin_mmuBus_rsp_bypassTranslation' does not have a driver [VDB-1002]


WARNING  : /home/olle/efinity_p2/BRAM/ip/micro_risc_v1/micro_risc_v1.v(6302): net 'DBusCachedPlugin_mmuBus_rsp_bypassTranslation' does not have a driver [VDB-1002]


WARNING  : /home/olle/efinity_p2/BRAM/ip/micro_risc_v1/micro_risc_v1.v(6410): net 'IBusCachedPlugin_iBusRsp_output_payload_rsp_error' does not have a driver [VDB-1002]


WARNING  : /home/olle/efinity_p2/BRAM/ip/micro_risc_v1/micro_risc_v1.v(6412): net 'IBusCachedPlugin_iBusRsp_output_payload_isRvc' does not have a driver [VDB-1002]


WARNING  : /home/olle/efinity_p2/BRAM/ip/micro_risc_v1/micro_risc_v1.v(6656): net 'CsrPlugin_mtvec_mode[1]' does not have a driver [VDB-1002]


INFO     : /home/olle/efinity_p2/BRAM/ip/micro_risc_v1/micro_risc_v1.v(4743): compiling module 'DebugModule_2fa2c88f3c1f4868ba7cd09620d007ba' [VERI-1018]


INFO     : /home/olle/efinity_p2/BRAM/ip/micro_risc_v1/micro_risc_v1.v(4949): extracting RAM for identifier 'logic_progbufX_mem' [VERI-2571]


INFO     : /home/olle/efinity_p2/BRAM/ip/micro_risc_v1/micro_risc_v1.v(4719): compiling module 'BufferCC_5_2fa2c88f3c1f4868ba7cd09620d007ba' [VERI-1018]


INFO     : /home/olle/efinity_p2/BRAM/ip/micro_risc_v1/micro_risc_v1.v(4695): compiling module 'BufferCC_6_2fa2c88f3c1f4868ba7cd09620d007ba' [VERI-1018]


INFO     : /home/olle/efinity_p2/BRAM/ip/micro_risc_v1/micro_risc_v1.v(4669): compiling module 'BufferCC_8_2fa2c88f3c1f4868ba7cd09620d007ba' [VERI-1018]


INFO     : /home/olle/efinity_p2/BRAM/ip/micro_risc_v1/micro_risc_v1.v(4196): compiling module 'DebugTransportModuleTunneled_2fa2c88f3c1f4868ba7cd09620d007ba' [VERI-1018]


INFO     : /home/olle/efinity_p2/BRAM/ip/micro_risc_v1/micro_risc_v1.v(11282): compiling module 'FlowCCByToggle_2fa2c88f3c1f4868ba7cd09620d007ba' [VERI-1018]


WARNING  : /home/olle/efinity_p2/BRAM/ip/micro_risc_v1/micro_risc_v1.v(11316): system function call 'urandom' is not supported [VERI-1141]


WARNING  : /home/olle/efinity_p2/BRAM/ip/micro_risc_v1/micro_risc_v1.v(11317): system function call 'urandom' is not supported [VERI-1141]


INFO     : /home/olle/efinity_p2/BRAM/ip/micro_risc_v1/micro_risc_v1.v(13099): compiling module 'BufferCC_1_2fa2c88f3c1f4868ba7cd09620d007ba' [VERI-1018]


WARNING  : /home/olle/efinity_p2/BRAM/ip/micro_risc_v1/micro_risc_v1.v(13111): system function call 'urandom' is not supported [VERI-1141]


WARNING  : /home/olle/efinity_p2/BRAM/ip/micro_risc_v1/micro_risc_v1.v(13112): system function call 'urandom' is not supported [VERI-1141]


INFO     : /home/olle/efinity_p2/BRAM/ip/micro_risc_v1/micro_risc_v1.v(11196): compiling module 'FlowCCByToggle_1_2fa2c88f3c1f4868ba7cd09620d007ba' [VERI-1018]


INFO     : /home/olle/efinity_p2/BRAM/ip/micro_risc_v1/micro_risc_v1.v(13075): compiling module 'BufferCC_2_2fa2c88f3c1f4868ba7cd09620d007ba' [VERI-1018]


INFO     : /home/olle/efinity_p2/BRAM/ip/micro_risc_v1/micro_risc_v1.v(13051): compiling module 'BufferCC_3_2fa2c88f3c1f4868ba7cd09620d007ba' [VERI-1018]


INFO     : /home/olle/efinity_p2/BRAM/ip/micro_risc_v1/micro_risc_v1.v(4156): compiling module 'BmbDecoder_2fa2c88f3c1f4868ba7cd09620d007ba' [VERI-1018]


INFO     : /home/olle/efinity_p2/BRAM/ip/micro_risc_v1/micro_risc_v1.v(4020): compiling module 'BmbArbiter_2fa2c88f3c1f4868ba7cd09620d007ba' [VERI-1018]


INFO     : /home/olle/efinity_p2/BRAM/ip/micro_risc_v1/micro_risc_v1.v(11092): compiling module 'StreamArbiter_2fa2c88f3c1f4868ba7cd09620d007ba' [VERI-1018]


INFO     : /home/olle/efinity_p2/BRAM/ip/micro_risc_v1/micro_risc_v1.v(3748): compiling module 'BmbDecoder_1_2fa2c88f3c1f4868ba7cd09620d007ba' [VERI-1018]


INFO     : /home/olle/efinity_p2/BRAM/ip/micro_risc_v1/micro_risc_v1.v(3640): compiling module 'BmbOnChipRam_2fa2c88f3c1f4868ba7cd09620d007ba' [VERI-1018]


INFO     : /home/olle/efinity_p2/BRAM/ip/micro_risc_v1/micro_risc_v1.v(3672): extracting RAM for identifier 'ram_symbol0' [VERI-2571]


INFO     : /home/olle/efinity_p2/BRAM/ip/micro_risc_v1/micro_risc_v1.v(3673): extracting RAM for identifier 'ram_symbol1' [VERI-2571]


INFO     : /home/olle/efinity_p2/BRAM/ip/micro_risc_v1/micro_risc_v1.v(3674): extracting RAM for identifier 'ram_symbol2' [VERI-2571]


INFO     : /home/olle/efinity_p2/BRAM/ip/micro_risc_v1/micro_risc_v1.v(3675): extracting RAM for identifier 'ram_symbol3' [VERI-2571]


INFO     : /home/olle/efinity_p2/BRAM/ip/micro_risc_v1/micro_risc_v1.v(3414): compiling module 'BmbUnburstify_2fa2c88f3c1f4868ba7cd09620d007ba' [VERI-1018]


INFO     : /home/olle/efinity_p2/BRAM/ip/micro_risc_v1/micro_risc_v1.v(3053): compiling module 'BmbDecoder_2_2fa2c88f3c1f4868ba7cd09620d007ba' [VERI-1018]


INFO     : /home/olle/efinity_p2/BRAM/ip/micro_risc_v1/micro_risc_v1.v(2869): compiling module 'BmbClint_2fa2c88f3c1f4868ba7cd09620d007ba' [VERI-1018]


INFO     : /home/olle/efinity_p2/BRAM/ip/micro_risc_v1/micro_risc_v1.v(2377): compiling module 'BmbUartCtrl_2fa2c88f3c1f4868ba7cd09620d007ba' [VERI-1018]


INFO     : /home/olle/efinity_p2/BRAM/ip/micro_risc_v1/micro_risc_v1.v(10963): compiling module 'UartCtrl_2fa2c88f3c1f4868ba7cd09620d007ba' [VERI-1018]


INFO     : /home/olle/efinity_p2/BRAM/ip/micro_risc_v1/micro_risc_v1.v(12811): compiling module 'UartCtrlTx_2fa2c88f3c1f4868ba7cd09620d007ba' [VERI-1018]


INFO     : /home/olle/efinity_p2/BRAM/ip/micro_risc_v1/micro_risc_v1.v(12517): compiling module 'UartCtrlRx_2fa2c88f3c1f4868ba7cd09620d007ba' [VERI-1018]


INFO     : /home/olle/efinity_p2/BRAM/ip/micro_risc_v1/micro_risc_v1.v(13125): compiling module 'BufferCC_4_2fa2c88f3c1f4868ba7cd09620d007ba' [VERI-1018]


INFO     : /home/olle/efinity_p2/BRAM/ip/micro_risc_v1/micro_risc_v1.v(10809): compiling module 'StreamFifo_2fa2c88f3c1f4868ba7cd09620d007ba' [VERI-1018]


INFO     : /home/olle/efinity_p2/BRAM/ip/micro_risc_v1/micro_risc_v1.v(10857): extracting RAM for identifier 'logic_ram' [VERI-2571]


INFO     : /home/olle/efinity_p2/BRAM/ip/micro_risc_v1/micro_risc_v1.v(2165): compiling module 'BmbGpio2_2fa2c88f3c1f4868ba7cd09620d007ba' [VERI-1018]


INFO     : /home/olle/efinity_p2/BRAM/top_level.vhd(135): returning to VHDL mode to continue with elaboration [VHDL-1400]


INFO     : /home/olle/efinity_p2/BRAM/eth_dp83825_udp.vhd(6): processing 'eth_dp83825_udp(behavior)' [VHDL-1067]


WARNING  : /home/olle/efinity_p2/BRAM/eth_dp83825_udp.vhd(42): using initial value for 'mdio_wr_data' since it is never assigned [VHDL-1794]


INFO     : /home/olle/efinity_p2/BRAM/mdio_clause22.vhd(9): processing 'mdio_clause22(rtl)' [VHDL-1067]


INFO     : Elaboration took 0.343402 seconds.


INFO     : 	Elaboration took 0.33 seconds (approximately) in total CPU time.


INFO     : Elaboration virtual memory usage: begin = 132.752 MB, end = 167.568 MB, delta = 34.816 MB


INFO     : Elaboration resident set memory usage: begin = 81.024 MB, end = 117.12 MB, delta = 36.096 MB


INFO     : 	Elaboration peak resident set memory usage = 334.568 MB


INFO     : ***** Ending Elaboration ... *****


INFO     : ... Setting Synthesis Option: mode=speed


INFO     : ***** Beginning Reading Mapping Library ... *****


INFO     : Analyzing Verilog file '/home/olle/efinix/efinity/2025.1/sim_models/maplib/efinix_maplib.v' [VERI-1482]


INFO     : /home/olle/efinix/efinity/2025.1/sim_models/maplib/efinix_maplib.v(8): compiling module 'EFX_ADD' [VERI-1018]


INFO     : /home/olle/efinix/efinity/2025.1/sim_models/maplib/efinix_maplib.v(21): compiling module 'EFX_FF' [VERI-1018]


INFO     : /home/olle/efinix/efinity/2025.1/sim_models/maplib/efinix_maplib.v(38): compiling module 'EFX_COMB4' [VERI-1018]


INFO     : /home/olle/efinix/efinity/2025.1/sim_models/maplib/efinix_maplib.v(48): compiling module 'EFX_GBUFCE' [VERI-1018]


INFO     : /home/olle/efinix/efinity/2025.1/sim_models/maplib/efinix_maplib.v(57): compiling module 'EFX_LUT4' [VERI-1018]


INFO     : /home/olle/efinix/efinity/2025.1/sim_models/maplib/efinix_maplib.v(65): compiling module 'EFX_MULT' [VERI-1018]


INFO     : /home/olle/efinix/efinity/2025.1/sim_models/maplib/efinix_maplib.v(100): compiling module 'EFX_DSP48' [VERI-1018]


INFO     : /home/olle/efinix/efinity/2025.1/sim_models/maplib/efinix_maplib.v(156): compiling module 'EFX_DSP24' [VERI-1018]


INFO     : /home/olle/efinix/efinity/2025.1/sim_models/maplib/efinix_maplib.v(209): compiling module 'EFX_DSP12' [VERI-1018]


INFO     : /home/olle/efinix/efinity/2025.1/sim_models/maplib/efinix_maplib.v(262): compiling module 'EFX_RAM_4K' [VERI-1018]


INFO     : /home/olle/efinix/efinity/2025.1/sim_models/maplib/efinix_maplib.v(322): compiling module 'EFX_RAM_5K' [VERI-1018]


INFO     : /home/olle/efinix/efinity/2025.1/sim_models/maplib/efinix_maplib.v(394): compiling module 'EFX_DPRAM_5K' [VERI-1018]


INFO     : /home/olle/efinix/efinity/2025.1/sim_models/maplib/efinix_maplib.v(499): compiling module 'RAMB5' [VERI-1018]


INFO     : /home/olle/efinix/efinity/2025.1/sim_models/maplib/efinix_maplib.v(561): compiling module 'EFX_RAM_10K' [VERI-1018]


INFO     : /home/olle/efinix/efinity/2025.1/sim_models/maplib/efinix_maplib.v(653): compiling module 'EFX_RAM10' [VERI-1018]


INFO     : /home/olle/efinix/efinity/2025.1/sim_models/maplib/efinix_maplib.v(754): compiling module 'EFX_DPRAM10' [VERI-1018]


INFO     : /home/olle/efinix/efinity/2025.1/sim_models/maplib/efinix_maplib.v(884): compiling module 'EFX_SRL8' [VERI-1018]


INFO     : Reading Mapping Library took 0.0170126 seconds.


INFO     : 	Reading Mapping Library took 0.02 seconds (approximately) in total CPU time.


INFO     : Reading Mapping Library virtual memory usage: begin = 195.728 MB, end = 195.728 MB, delta = 0 MB


INFO     : Reading Mapping Library resident set memory usage: begin = 146.688 MB, end = 146.688 MB, delta = 0 MB


INFO     : 	Reading Mapping Library peak resident set memory usage = 334.568 MB


INFO     : ***** Ending Reading Mapping Library ... *****


INFO     : ... Pre-synthesis checks begin


WARNING  : The primary output port 'led2' wire 'led2' is not driven. [EFX-0256]


WARNING  : The primary output port 'CAM0_EN' wire 'CAM0_EN' is not driven. [EFX-0256]


WARNING  : The primary output port 'CAM1_EN' wire 'CAM1_EN' is not driven. [EFX-0256]


WARNING  : Removing redundant signal : io_cpu_prefetch_isValid. (/home/olle/efinity_p2/BRAM/ip/micro_risc_v1/micro_risc_v1.v:12221) [EFX-0200]


WARNING  : Removing redundant signal : io_cpu_prefetch_pc[31]. (/home/olle/efinity_p2/BRAM/ip/micro_risc_v1/micro_risc_v1.v:12223) [EFX-0200]


WARNING  : Removing redundant signal : io_cpu_prefetch_pc[30]. (/home/olle/efinity_p2/BRAM/ip/micro_risc_v1/micro_risc_v1.v:12223) [EFX-0200]


WARNING  : Removing redundant signal : io_cpu_prefetch_pc[29]. (/home/olle/efinity_p2/BRAM/ip/micro_risc_v1/micro_risc_v1.v:12223) [EFX-0200]


WARNING  : Removing redundant signal : io_cpu_prefetch_pc[28]. (/home/olle/efinity_p2/BRAM/ip/micro_risc_v1/micro_risc_v1.v:12223) [EFX-0200]


WARNING  : Removing redundant signal : io_cpu_prefetch_pc[27]. (/home/olle/efinity_p2/BRAM/ip/micro_risc_v1/micro_risc_v1.v:12223) [EFX-0200]


WARNING  : Removing redundant signal : io_cpu_prefetch_pc[26]. (/home/olle/efinity_p2/BRAM/ip/micro_risc_v1/micro_risc_v1.v:12223) [EFX-0200]


WARNING  : Removing redundant signal : io_cpu_prefetch_pc[25]. (/home/olle/efinity_p2/BRAM/ip/micro_risc_v1/micro_risc_v1.v:12223) [EFX-0200]


WARNING  : Removing redundant signal : io_cpu_prefetch_pc[24]. (/home/olle/efinity_p2/BRAM/ip/micro_risc_v1/micro_risc_v1.v:12223) [EFX-0200]


WARNING  : Removing redundant signal : io_cpu_prefetch_pc[23]. (/home/olle/efinity_p2/BRAM/ip/micro_risc_v1/micro_risc_v1.v:12223) [EFX-0200]


WARNING  : Removing redundant signal : io_cpu_prefetch_pc[22]. (/home/olle/efinity_p2/BRAM/ip/micro_risc_v1/micro_risc_v1.v:12223) [EFX-0200]


WARNING  : Removing redundant signal : io_cpu_prefetch_pc[21]. (/home/olle/efinity_p2/BRAM/ip/micro_risc_v1/micro_risc_v1.v:12223) [EFX-0200]


WARNING  : Removing redundant signal : io_cpu_prefetch_pc[20]. (/home/olle/efinity_p2/BRAM/ip/micro_risc_v1/micro_risc_v1.v:12223) [EFX-0200]


WARNING  : Removing redundant signal : io_cpu_prefetch_pc[19]. (/home/olle/efinity_p2/BRAM/ip/micro_risc_v1/micro_risc_v1.v:12223) [EFX-0200]


WARNING  : Removing redundant signal : io_cpu_prefetch_pc[18]. (/home/olle/efinity_p2/BRAM/ip/micro_risc_v1/micro_risc_v1.v:12223) [EFX-0200]


WARNING  : Removing redundant signal : io_cpu_prefetch_pc[17]. (/home/olle/efinity_p2/BRAM/ip/micro_risc_v1/micro_risc_v1.v:12223) [EFX-0200]


WARNING  : Removing redundant signal : io_cpu_prefetch_pc[16]. (/home/olle/efinity_p2/BRAM/ip/micro_risc_v1/micro_risc_v1.v:12223) [EFX-0200]


WARNING  : Removing redundant signal : io_cpu_prefetch_pc[15]. (/home/olle/efinity_p2/BRAM/ip/micro_risc_v1/micro_risc_v1.v:12223) [EFX-0200]


WARNING  : Removing redundant signal : io_cpu_prefetch_pc[14]. (/home/olle/efinity_p2/BRAM/ip/micro_risc_v1/micro_risc_v1.v:12223) [EFX-0200]


WARNING  : Removing redundant signal : io_cpu_prefetch_pc[13]. (/home/olle/efinity_p2/BRAM/ip/micro_risc_v1/micro_risc_v1.v:12223) [EFX-0200]


WARNING  : (The above message was generated too many times, subsequent similar messages will be muted.) [EFX-0200]


INFO     : ... Memory 'banks_0' is not initialized, assuming empty initial contents. (/home/olle/efinity_p2/BRAM/ip/micro_risc_v1/micro_risc_v1.v:12325) [EFX-0677]


INFO     : ... Memory 'ways_0_tags' is not initialized, assuming empty initial contents. (/home/olle/efinity_p2/BRAM/ip/micro_risc_v1/micro_risc_v1.v:12326) [EFX-0677]


INFO     : ... Memory 'ways_0_tags' is not initialized, assuming empty initial contents. (/home/olle/efinity_p2/BRAM/ip/micro_risc_v1/micro_risc_v1.v:11579) [EFX-0677]


INFO     : ... Memory 'ways_0_data_symbol0' is not initialized, assuming empty initial contents. (/home/olle/efinity_p2/BRAM/ip/micro_risc_v1/micro_risc_v1.v:11580) [EFX-0677]


INFO     : ... Memory 'ways_0_data_symbol1' is not initialized, assuming empty initial contents. (/home/olle/efinity_p2/BRAM/ip/micro_risc_v1/micro_risc_v1.v:11581) [EFX-0677]


INFO     : ... Memory 'ways_0_data_symbol2' is not initialized, assuming empty initial contents. (/home/olle/efinity_p2/BRAM/ip/micro_risc_v1/micro_risc_v1.v:11582) [EFX-0677]


INFO     : ... Memory 'ways_0_data_symbol3' is not initialized, assuming empty initial contents. (/home/olle/efinity_p2/BRAM/ip/micro_risc_v1/micro_risc_v1.v:11583) [EFX-0677]


WARNING  : Re-wiring to GND non-driven net 'IBusCachedPlugin_cache_io_cpu_fetch_isRemoved'. (/home/olle/efinity_p2/BRAM/ip/micro_risc_v1/micro_risc_v1.v:5832) [EFX-0201]


WARNING  : Re-wiring to GND non-driven net 'dataCache_1_io_cpu_writeBack_fence_SW'. (/home/olle/efinity_p2/BRAM/ip/micro_risc_v1/micro_risc_v1.v:5845) [EFX-0201]


WARNING  : Re-wiring to GND non-driven net 'dataCache_1_io_cpu_writeBack_fence_SR'. (/home/olle/efinity_p2/BRAM/ip/micro_risc_v1/micro_risc_v1.v:5846) [EFX-0201]


WARNING  : Re-wiring to GND non-driven net 'dataCache_1_io_cpu_writeBack_fence_SO'. (/home/olle/efinity_p2/BRAM/ip/micro_risc_v1/micro_risc_v1.v:5847) [EFX-0201]


WARNING  : Re-wiring to GND non-driven net 'dataCache_1_io_cpu_writeBack_fence_SI'. (/home/olle/efinity_p2/BRAM/ip/micro_risc_v1/micro_risc_v1.v:5848) [EFX-0201]


WARNING  : Re-wiring to GND non-driven net 'dataCache_1_io_cpu_writeBack_fence_PW'. (/home/olle/efinity_p2/BRAM/ip/micro_risc_v1/micro_risc_v1.v:5849) [EFX-0201]


WARNING  : Re-wiring to GND non-driven net 'dataCache_1_io_cpu_writeBack_fence_PR'. (/home/olle/efinity_p2/BRAM/ip/micro_risc_v1/micro_risc_v1.v:5850) [EFX-0201]


WARNING  : Re-wiring to GND non-driven net 'dataCache_1_io_cpu_writeBack_fence_PO'. (/home/olle/efinity_p2/BRAM/ip/micro_risc_v1/micro_risc_v1.v:5851) [EFX-0201]


WARNING  : Re-wiring to GND non-driven net 'dataCache_1_io_cpu_writeBack_fence_PI'. (/home/olle/efinity_p2/BRAM/ip/micro_risc_v1/micro_risc_v1.v:5852) [EFX-0201]


WARNING  : Re-wiring to GND non-driven net 'dataCache_1_io_cpu_writeBack_fence_FM[3]'. (/home/olle/efinity_p2/BRAM/ip/micro_risc_v1/micro_risc_v1.v:5853) [EFX-0201]


WARNING  : (The above message was generated too many times, subsequent similar messages will be muted.) [EFX-0201]


INFO     : ... Memory 'RegFilePlugin_regFile' is not initialized, assuming empty initial contents. (/home/olle/efinity_p2/BRAM/ip/micro_risc_v1/micro_risc_v1.v:6995) [EFX-0677]


INFO     : ... Memory 'logic_progbufX_mem' is not initialized, assuming empty initial contents. (/home/olle/efinity_p2/BRAM/ip/micro_risc_v1/micro_risc_v1.v:4949) [EFX-0677]


INFO     : Module Instance 'memory_arbiter' input pin 'io_inputs_0_payload_fragment_source[0]' is tied to constant (=0). [EFX-0266]


INFO     : Module Instance 'memory_arbiter' input pin 'io_inputs_1_payload_fragment_source[0]' is tied to constant (=0). [EFX-0266]


INFO     : Module Instance 'memory_arbiter' input pin 'io_inputs_1_payload_fragment_context[0]' is tied to constant (=0). [EFX-0266]


INFO     : Module Instance 'tx' input pin 'io_cts' is tied to constant (=0). [EFX-0266]


INFO     : ... Memory 'logic_ram' is not initialized, assuming empty initial contents. (/home/olle/efinity_p2/BRAM/ip/micro_risc_v1/micro_risc_v1.v:10857) [EFX-0677]


INFO     : Module Instance 'bridge_write_streamUnbuffered_queueWithOccupancy' input pin 'io_flush' is tied to constant (=0). [EFX-0266]


INFO     : Module Instance 'uartCtrl_1_io_read_queueWithOccupancy' input pin 'io_flush' is tied to constant (=0). [EFX-0266]


INFO     : Module Instance 'system_bridge_bmb_arbiter' input pin 'io_inputs_1_cmd_payload_fragment_data[0]' is tied to constant (=0). [EFX-0266]


INFO     : Module Instance 'system_bridge_bmb_arbiter' input pin 'io_inputs_1_cmd_payload_fragment_data[1]' is tied to constant (=0). [EFX-0266]


INFO     : Module Instance 'system_bridge_bmb_arbiter' input pin 'io_inputs_1_cmd_payload_fragment_data[2]' is tied to constant (=0). [EFX-0266]


INFO     : Module Instance 'system_bridge_bmb_arbiter' input pin 'io_inputs_1_cmd_payload_fragment_data[3]' is tied to constant (=0). [EFX-0266]


INFO     : Module Instance 'system_bridge_bmb_arbiter' input pin 'io_inputs_1_cmd_payload_fragment_data[4]' is tied to constant (=0). [EFX-0266]


INFO     : Module Instance 'system_bridge_bmb_arbiter' input pin 'io_inputs_1_cmd_payload_fragment_data[5]' is tied to constant (=0). [EFX-0266]


INFO     : Module Instance 'system_bridge_bmb_arbiter' input pin 'io_inputs_1_cmd_payload_fragment_data[6]' is tied to constant (=0). [EFX-0266]


INFO     : Module Instance 'system_bridge_bmb_arbiter' input pin 'io_inputs_1_cmd_payload_fragment_data[7]' is tied to constant (=0). [EFX-0266]


INFO     : Module Instance 'system_bridge_bmb_arbiter' input pin 'io_inputs_1_cmd_payload_fragment_data[8]' is tied to constant (=0). [EFX-0266]


INFO     : Module Instance 'system_bridge_bmb_arbiter' input pin 'io_inputs_1_cmd_payload_fragment_data[9]' is tied to constant (=0). [EFX-0266]


INFO     : Module Instance 'system_bridge_bmb_arbiter' input pin 'io_inputs_1_cmd_payload_fragment_data[10]' is tied to constant (=0). [EFX-0266]


INFO     : Module Instance 'system_bridge_bmb_arbiter' input pin 'io_inputs_1_cmd_payload_fragment_data[11]' is tied to constant (=0). [EFX-0266]


INFO     : Module Instance 'system_bridge_bmb_arbiter' input pin 'io_inputs_1_cmd_payload_fragment_data[12]' is tied to constant (=0). [EFX-0266]


INFO     : Module Instance 'system_bridge_bmb_arbiter' input pin 'io_inputs_1_cmd_payload_fragment_data[13]' is tied to constant (=0). [EFX-0266]


INFO     : Module Instance 'system_bridge_bmb_arbiter' input pin 'io_inputs_1_cmd_payload_fragment_data[14]' is tied to constant (=0). [EFX-0266]


INFO     : Module Instance 'system_bridge_bmb_arbiter' input pin 'io_inputs_1_cmd_payload_fragment_data[15]' is tied to constant (=0). [EFX-0266]


INFO     : Module Instance 'system_bridge_bmb_arbiter' input pin 'io_inputs_1_cmd_payload_fragment_data[16]' is tied to constant (=0). [EFX-0266]


INFO     : Module Instance 'system_bridge_bmb_arbiter' input pin 'io_inputs_1_cmd_payload_fragment_data[17]' is tied to constant (=0). [EFX-0266]


INFO     : Module Instance 'system_bridge_bmb_arbiter' input pin 'io_inputs_1_cmd_payload_fragment_data[18]' is tied to constant (=0). [EFX-0266]


INFO     : Module Instance 'system_bridge_bmb_arbiter' input pin 'io_inputs_1_cmd_payload_fragment_data[19]' is tied to constant (=0). [EFX-0266]


INFO     : Module Instance 'system_bridge_bmb_arbiter' input pin 'io_inputs_1_cmd_payload_fragment_data[20]' is tied to constant (=0). [EFX-0266]


INFO     : Module Instance 'system_bridge_bmb_arbiter' input pin 'io_inputs_1_cmd_payload_fragment_data[21]' is tied to constant (=0). [EFX-0266]


INFO     : Module Instance 'system_bridge_bmb_arbiter' input pin 'io_inputs_1_cmd_payload_fragment_data[22]' is tied to constant (=0). [EFX-0266]


INFO     : Module Instance 'system_bridge_bmb_arbiter' input pin 'io_inputs_1_cmd_payload_fragment_data[23]' is tied to constant (=0). [EFX-0266]


INFO     : Module Instance 'system_bridge_bmb_arbiter' input pin 'io_inputs_1_cmd_payload_fragment_data[24]' is tied to constant (=0). [EFX-0266]


INFO     : Module Instance 'system_bridge_bmb_arbiter' input pin 'io_inputs_1_cmd_payload_fragment_data[25]' is tied to constant (=0). [EFX-0266]


INFO     : Module Instance 'system_bridge_bmb_arbiter' input pin 'io_inputs_1_cmd_payload_fragment_data[26]' is tied to constant (=0). [EFX-0266]


INFO     : Module Instance 'system_bridge_bmb_arbiter' input pin 'io_inputs_1_cmd_payload_fragment_data[27]' is tied to constant (=0). [EFX-0266]


INFO     : Module Instance 'system_bridge_bmb_arbiter' input pin 'io_inputs_1_cmd_payload_fragment_data[28]' is tied to constant (=0). [EFX-0266]


INFO     : Module Instance 'system_bridge_bmb_arbiter' input pin 'io_inputs_1_cmd_payload_fragment_data[29]' is tied to constant (=0). [EFX-0266]


INFO     : Module Instance 'system_bridge_bmb_arbiter' input pin 'io_inputs_1_cmd_payload_fragment_data[30]' is tied to constant (=0). [EFX-0266]


INFO     : Module Instance 'system_bridge_bmb_arbiter' input pin 'io_inputs_1_cmd_payload_fragment_data[31]' is tied to constant (=0). [EFX-0266]


INFO     : Module Instance 'system_bridge_bmb_arbiter' input pin 'io_inputs_1_cmd_payload_fragment_mask[0]' is tied to constant (=0). [EFX-0266]


INFO     : Module Instance 'system_bridge_bmb_arbiter' input pin 'io_inputs_1_cmd_payload_fragment_mask[1]' is tied to constant (=0). [EFX-0266]


INFO     : Module Instance 'system_bridge_bmb_arbiter' input pin 'io_inputs_1_cmd_payload_fragment_mask[2]' is tied to constant (=0). [EFX-0266]


INFO     : Module Instance 'system_bridge_bmb_arbiter' input pin 'io_inputs_1_cmd_payload_fragment_mask[3]' is tied to constant (=0). [EFX-0266]


INFO     : Module Instance 'u_micro_risc_v1' input pin 'jtagCtrl_enable' is tied to constant (=1). [EFX-0266]


INFO     : ... Pre-synthesis checks end (Real time : 0s CPU user time : 1s CPU sys time : 0s MEM : 334568KB)


INFO     : ... NameSpace init begin


INFO     : ... NameSpace init end (Real time : 0s CPU user time : 1s CPU sys time : 0s MEM : 334568KB)


INFO     : ... Mapping design "top_level"


INFO     : ... Hierarchical pre-synthesis "InstructionCache_2fa2c88f3c1f4868ba7cd09620d007ba" begin


INFO     : ... Hierarchical pre-synthesis "InstructionCache_2fa2c88f3c1f4868ba7cd09620d007ba" end (Real time : 0s CPU user time : 1s CPU sys time : 0s MEM : 334568KB)


INFO     : ... Hierarchical pre-synthesis "DataCache_2fa2c88f3c1f4868ba7cd09620d007ba" begin


INFO     : ... Hierarchical pre-synthesis "DataCache_2fa2c88f3c1f4868ba7cd09620d007ba" end (Real time : 0s CPU user time : 1s CPU sys time : 0s MEM : 334568KB)


INFO     : ... Hierarchical pre-synthesis "BufferCC_2fa2c88f3c1f4868ba7cd09620d007ba" begin


INFO     : ... Hierarchical pre-synthesis "BufferCC_2fa2c88f3c1f4868ba7cd09620d007ba" end (Real time : 0s CPU user time : 1s CPU sys time : 0s MEM : 334568KB)


INFO     : ... Hierarchical pre-synthesis "EfxCPUSp1_2fa2c88f3c1f4868ba7cd09620d007ba" begin


INFO     : ... Hierarchical pre-synthesis "EfxCPUSp1_2fa2c88f3c1f4868ba7cd09620d007ba" end (Real time : 0s CPU user time : 1s CPU sys time : 0s MEM : 334568KB)


INFO     : ... Hierarchical pre-synthesis "VexRiscv_2fa2c88f3c1f4868ba7cd09620d007ba" begin


INFO     : ... Hierarchical pre-synthesis "VexRiscv_2fa2c88f3c1f4868ba7cd09620d007ba" end (Real time : 1s CPU user time : 2s CPU sys time : 0s MEM : 334568KB)


INFO     : ... Hierarchical pre-synthesis "DebugModule_2fa2c88f3c1f4868ba7cd09620d007ba" begin


INFO     : ... Hierarchical pre-synthesis "DebugModule_2fa2c88f3c1f4868ba7cd09620d007ba" end (Real time : 0s CPU user time : 2s CPU sys time : 0s MEM : 334568KB)


INFO     : ... Hierarchical pre-synthesis "BufferCC_5_2fa2c88f3c1f4868ba7cd09620d007ba" begin


INFO     : ... Hierarchical pre-synthesis "BufferCC_5_2fa2c88f3c1f4868ba7cd09620d007ba" end (Real time : 0s CPU user time : 2s CPU sys time : 0s MEM : 334568KB)


INFO     : ... Hierarchical pre-synthesis "BufferCC_6_2fa2c88f3c1f4868ba7cd09620d007ba" begin


INFO     : ... Hierarchical pre-synthesis "BufferCC_6_2fa2c88f3c1f4868ba7cd09620d007ba" end (Real time : 0s CPU user time : 2s CPU sys time : 0s MEM : 334568KB)


INFO     : ... Hierarchical pre-synthesis "BufferCC_8_2fa2c88f3c1f4868ba7cd09620d007ba" begin


INFO     : ... Hierarchical pre-synthesis "BufferCC_8_2fa2c88f3c1f4868ba7cd09620d007ba" end (Real time : 0s CPU user time : 2s CPU sys time : 0s MEM : 334568KB)


INFO     : ... Hierarchical pre-synthesis "BufferCC_1_2fa2c88f3c1f4868ba7cd09620d007ba" begin


INFO     : ... Hierarchical pre-synthesis "BufferCC_1_2fa2c88f3c1f4868ba7cd09620d007ba" end (Real time : 0s CPU user time : 2s CPU sys time : 0s MEM : 334568KB)


INFO     : ... Hierarchical pre-synthesis "FlowCCByToggle_2fa2c88f3c1f4868ba7cd09620d007ba" begin


INFO     : ... Hierarchical pre-synthesis "FlowCCByToggle_2fa2c88f3c1f4868ba7cd09620d007ba" end (Real time : 0s CPU user time : 2s CPU sys time : 0s MEM : 334568KB)


INFO     : ... Hierarchical pre-synthesis "BufferCC_2_2fa2c88f3c1f4868ba7cd09620d007ba" begin


INFO     : ... Hierarchical pre-synthesis "BufferCC_2_2fa2c88f3c1f4868ba7cd09620d007ba" end (Real time : 0s CPU user time : 2s CPU sys time : 0s MEM : 334568KB)


INFO     : ... Hierarchical pre-synthesis "BufferCC_3_2fa2c88f3c1f4868ba7cd09620d007ba" begin


INFO     : ... Hierarchical pre-synthesis "BufferCC_3_2fa2c88f3c1f4868ba7cd09620d007ba" end (Real time : 0s CPU user time : 2s CPU sys time : 0s MEM : 334568KB)


INFO     : ... Hierarchical pre-synthesis "FlowCCByToggle_1_2fa2c88f3c1f4868ba7cd09620d007ba" begin


INFO     : ... Hierarchical pre-synthesis "FlowCCByToggle_1_2fa2c88f3c1f4868ba7cd09620d007ba" end (Real time : 0s CPU user time : 2s CPU sys time : 0s MEM : 334568KB)


INFO     : ... Hierarchical pre-synthesis "DebugTransportModuleTunneled_2fa2c88f3c1f4868ba7cd09620d007ba" begin


INFO     : ... Hierarchical pre-synthesis "DebugTransportModuleTunneled_2fa2c88f3c1f4868ba7cd09620d007ba" end (Real time : 0s CPU user time : 2s CPU sys time : 0s MEM : 334568KB)


INFO     : ... Hierarchical pre-synthesis "BmbDecoder_2fa2c88f3c1f4868ba7cd09620d007ba" begin


INFO     : ... Hierarchical pre-synthesis "BmbDecoder_2fa2c88f3c1f4868ba7cd09620d007ba" end (Real time : 0s CPU user time : 2s CPU sys time : 0s MEM : 334568KB)


INFO     : ... Hierarchical pre-synthesis "StreamArbiter_2fa2c88f3c1f4868ba7cd09620d007ba" begin


INFO     : ... Hierarchical pre-synthesis "StreamArbiter_2fa2c88f3c1f4868ba7cd09620d007ba" end (Real time : 0s CPU user time : 2s CPU sys time : 0s MEM : 334568KB)


INFO     : ... Hierarchical pre-synthesis "BmbArbiter_2fa2c88f3c1f4868ba7cd09620d007ba" begin


INFO     : ... Hierarchical pre-synthesis "BmbArbiter_2fa2c88f3c1f4868ba7cd09620d007ba" end (Real time : 0s CPU user time : 2s CPU sys time : 0s MEM : 334568KB)


INFO     : ... Hierarchical pre-synthesis "BmbDecoder_1_2fa2c88f3c1f4868ba7cd09620d007ba" begin


INFO     : ... Hierarchical pre-synthesis "BmbDecoder_1_2fa2c88f3c1f4868ba7cd09620d007ba" end (Real time : 0s CPU user time : 2s CPU sys time : 0s MEM : 334568KB)


INFO     : ... Hierarchical pre-synthesis "BmbOnChipRam_2fa2c88f3c1f4868ba7cd09620d007ba" begin


INFO     : ... Hierarchical pre-synthesis "BmbOnChipRam_2fa2c88f3c1f4868ba7cd09620d007ba" end (Real time : 0s CPU user time : 2s CPU sys time : 0s MEM : 334568KB)


INFO     : ... Hierarchical pre-synthesis "BmbUnburstify_2fa2c88f3c1f4868ba7cd09620d007ba" begin


INFO     : ... Hierarchical pre-synthesis "BmbUnburstify_2fa2c88f3c1f4868ba7cd09620d007ba" end (Real time : 0s CPU user time : 2s CPU sys time : 0s MEM : 334568KB)


INFO     : ... Hierarchical pre-synthesis "BmbDecoder_2_2fa2c88f3c1f4868ba7cd09620d007ba" begin


INFO     : ... Hierarchical pre-synthesis "BmbDecoder_2_2fa2c88f3c1f4868ba7cd09620d007ba" end (Real time : 0s CPU user time : 2s CPU sys time : 0s MEM : 334568KB)


INFO     : ... Hierarchical pre-synthesis "BmbClint_2fa2c88f3c1f4868ba7cd09620d007ba" begin


INFO     : ... Hierarchical pre-synthesis "BmbClint_2fa2c88f3c1f4868ba7cd09620d007ba" end (Real time : 0s CPU user time : 2s CPU sys time : 0s MEM : 334568KB)


INFO     : ... Hierarchical pre-synthesis "UartCtrlTx_2fa2c88f3c1f4868ba7cd09620d007ba" begin


INFO     : ... Hierarchical pre-synthesis "UartCtrlTx_2fa2c88f3c1f4868ba7cd09620d007ba" end (Real time : 0s CPU user time : 2s CPU sys time : 0s MEM : 334568KB)


INFO     : ... Hierarchical pre-synthesis "BufferCC_4_2fa2c88f3c1f4868ba7cd09620d007ba" begin


INFO     : ... Hierarchical pre-synthesis "BufferCC_4_2fa2c88f3c1f4868ba7cd09620d007ba" end (Real time : 0s CPU user time : 2s CPU sys time : 0s MEM : 334568KB)


INFO     : ... Hierarchical pre-synthesis "UartCtrlRx_2fa2c88f3c1f4868ba7cd09620d007ba" begin


INFO     : ... Hierarchical pre-synthesis "UartCtrlRx_2fa2c88f3c1f4868ba7cd09620d007ba" end (Real time : 0s CPU user time : 2s CPU sys time : 0s MEM : 334568KB)


INFO     : ... Hierarchical pre-synthesis "UartCtrl_2fa2c88f3c1f4868ba7cd09620d007ba" begin


INFO     : ... Hierarchical pre-synthesis "UartCtrl_2fa2c88f3c1f4868ba7cd09620d007ba" end (Real time : 0s CPU user time : 2s CPU sys time : 0s MEM : 334568KB)


INFO     : ... Hierarchical pre-synthesis "StreamFifo_2fa2c88f3c1f4868ba7cd09620d007ba" begin


INFO     : ... Hierarchical pre-synthesis "StreamFifo_2fa2c88f3c1f4868ba7cd09620d007ba" end (Real time : 0s CPU user time : 2s CPU sys time : 0s MEM : 334568KB)


INFO     : ... Hierarchical pre-synthesis "BmbUartCtrl_2fa2c88f3c1f4868ba7cd09620d007ba" begin


INFO     : ... Hierarchical pre-synthesis "BmbUartCtrl_2fa2c88f3c1f4868ba7cd09620d007ba" end (Real time : 0s CPU user time : 2s CPU sys time : 0s MEM : 334568KB)


INFO     : ... Hierarchical pre-synthesis "BmbGpio2_2fa2c88f3c1f4868ba7cd09620d007ba" begin


INFO     : ... Hierarchical pre-synthesis "BmbGpio2_2fa2c88f3c1f4868ba7cd09620d007ba" end (Real time : 0s CPU user time : 2s CPU sys time : 0s MEM : 334568KB)


INFO     : ... Hierarchical pre-synthesis "EfxSapphireSoc_2fa2c88f3c1f4868ba7cd09620d007ba" begin


INFO     : ... Hierarchical pre-synthesis "EfxSapphireSoc_2fa2c88f3c1f4868ba7cd09620d007ba" end (Real time : 1s CPU user time : 3s CPU sys time : 0s MEM : 334568KB)


INFO     : ... Hierarchical pre-synthesis "micro_risc_v1" begin


INFO     : ... Hierarchical pre-synthesis "micro_risc_v1" end (Real time : 0s CPU user time : 3s CPU sys time : 0s MEM : 334568KB)


INFO     : ... Hierarchical pre-synthesis "mdio_clause22" begin


INFO     : ... Hierarchical pre-synthesis "mdio_clause22" end (Real time : 0s CPU user time : 3s CPU sys time : 0s MEM : 334568KB)


INFO     : ... Hierarchical pre-synthesis "eth_dp83825_udp" begin


INFO     : ... Hierarchical pre-synthesis "eth_dp83825_udp" end (Real time : 0s CPU user time : 4s CPU sys time : 0s MEM : 334568KB)


INFO     : ... Hierarchical pre-synthesis "top_level" begin


WARNING  : Mapping into logic memory block 'u_micro_risc_v1/u_EfxSapphireSoc/system_riscvJtag_debug_logic_dm/logic_progbufX_mem' (64 bits) (/home/olle/efinity_p2/BRAM/ip/micro_risc_v1/micro_risc_v1.v:4949) because size is too small (<=64) [EFX-0657]


INFO     : ... Clock Enable Synthesis Performed on 377 flops.


INFO     : ... Hierarchical pre-synthesis "top_level" end (Real time : 1s CPU user time : 5s CPU sys time : 0s MEM : 334568KB)


INFO     : ... Flat optimizations begin


INFO     : ... Flat optimizations end (Real time : 0s CPU user time : 5s CPU sys time : 0s MEM : 334568KB)


INFO     : ... Flat synthesis begin


INFO     : ... Flat synthesis end (Real time : 0s CPU user time : 5s CPU sys time : 0s MEM : 334568KB)


INFO     : ... Flat optimizations begin


INFO     : ... Flat optimizations end (Real time : 0s CPU user time : 5s CPU sys time : 0s MEM : 334568KB)


INFO     : ... Check and break combinational loops begin


INFO     : ... Check and break combinational loops end (Real time : 0s CPU user time : 5s CPU sys time : 0s MEM : 334568KB)


INFO     : ... Sequential Optimization begin


INFO     : ... Clock Network 'pll_clk' with 2309 loads will be considered for sequential optimization.


INFO     : ... Clock Network 'jtag_dummy_TCK' with 221 loads will be considered for sequential optimization.


INFO     : ... Clock Network 'clk' with 102 loads will be considered for sequential optimization.


INFO     : ... Sequential Optimization deduced 487 equivalent points.


INFO     : ... Sequential Optimization end (Real time : 16s CPU user time : 21s CPU sys time : 0s MEM : 334568KB)


INFO     : ... Setup for logic synthesis begin


INFO     : ... Setup for logic synthesis end (Real time : 0s CPU user time : 21s CPU sys time : 0s MEM : 334568KB)


INFO     : ... LUT mapping begin


INFO     : ... LS, strategy: 3, nd: 3191, ed: 10435, lv: 7, pw: 5961.52


INFO     : ... LUT mapping end (Real time : 12s CPU user time : 35s CPU sys time : 0s MEM : 334568KB)


INFO     : ... Post-synthesis Verific netlist creation begin


INFO     : ... Post-synthesis Verific netlist creation end (Real time : 0s CPU user time : 35s CPU sys time : 0s MEM : 334568KB)


INFO     : ... Postmap Retiming Optimization begin


INFO     : ... Clock Network 'pll_clk~pll_clk' with 2301 loads will be considered for retiming optimization.


INFO     : ... Clock Network 'jtag_dummy_TCK~jtag_dummy_TCK' with 220 loads will be considered for retiming optimization.


INFO     : ... Clock Network 'clk~clk' with 102 loads will be considered for retiming optimization.


INFO     : ... Performed 1 retime moves.


INFO     : ... Postmap Retiming Optimization end (Real time : 14s CPU user time : 49s CPU sys time : 0s MEM : 334568KB)


INFO     : ***** Beginning VDB Netlist Checker ... *****


WARNING  : /home/olle/efinity_p2/BRAM/top_level.vhd(11): Input/inout port phy_intr_n is unconnected and will be removed. [VDB-8003]


WARNING  : /home/olle/efinity_p2/BRAM/top_level.vhd(16): Input/inout port rmii_crs_dv is unconnected and will be removed. [VDB-8003]


WARNING  : /home/olle/efinity_p2/BRAM/top_level.vhd(17): Input/inout port rmii_rx_er is unconnected and will be removed. [VDB-8003]


WARNING  : /home/olle/efinity_p2/BRAM/top_level.vhd(18): Input/inout port rmii_rxd[1] is unconnected and will be removed. [VDB-8003]


WARNING  : /home/olle/efinity_p2/BRAM/top_level.vhd(21): Input/inout port mdio_i is unconnected and will be removed. [VDB-8003]


WARNING  : /home/olle/efinity_p2/BRAM/top_level.vhd(29): Input/inout port jtag_dummy_TMS is unconnected and will be removed. [VDB-8003]


WARNING  : /home/olle/efinity_p2/BRAM/top_level.vhd(30): Input/inout port jtag_dummy_SEL is unconnected and will be removed. [VDB-8003]


WARNING  : /home/olle/efinity_p2/BRAM/top_level.vhd(31): Input/inout port jtag_dummy_DRCK is unconnected and will be removed. [VDB-8003]


WARNING  : /home/olle/efinity_p2/BRAM/top_level.vhd(33): Input/inout port jtag_dummy_RUNTEST is unconnected and will be removed. [VDB-8003]


WARNING  : /home/olle/efinity_p2/BRAM/top_level.vhd(38): Input/inout port led4 is unconnected and will be removed. [VDB-8003]


WARNING  : Net u_micro_risc_v1/u_EfxSapphireSoc/system_cores_0_logic_cpu/IBusCachedPlugin_cache/lineLoader_address[0] is dangling. [VDB-8009]


WARNING  : Net u_micro_risc_v1/u_EfxSapphireSoc/system_cores_0_logic_cpu/IBusCachedPlugin_cache/lineLoader_address[1] is dangling. [VDB-8009]


WARNING  : Net u_micro_risc_v1/u_EfxSapphireSoc/system_cores_0_logic_cpu/IBusCachedPlugin_cache/lineLoader_address[2] is dangling. [VDB-8009]


WARNING  : Net u_micro_risc_v1/u_EfxSapphireSoc/system_cores_0_logic_cpu/IBusCachedPlugin_cache/lineLoader_address[3] is dangling. [VDB-8009]


WARNING  : Net u_micro_risc_v1/u_EfxSapphireSoc/system_cores_0_logic_cpu/IBusCachedPlugin_cache/lineLoader_address[4] is dangling. [VDB-8009]


WARNING  : Net u_micro_risc_v1/u_EfxSapphireSoc/system_cores_0_logic_cpu/IBusCachedPlugin_cache/lineLoader_address[5] is dangling. [VDB-8009]


WARNING  : Found 17 warnings in the post-synthesis netlist.


INFO     : VDB Netlist Checker took 0.0158193 seconds.


INFO     : 	VDB Netlist Checker took 0.02 seconds (approximately) in total CPU time.


INFO     : VDB Netlist Checker virtual memory usage: begin = 316.844 MB, end = 316.844 MB, delta = 0 MB


INFO     : VDB Netlist Checker resident set memory usage: begin = 220.268 MB, end = 220.268 MB, delta = 0 MB


INFO     : 	VDB Netlist Checker peak resident set memory usage = 334.568 MB


INFO     : ***** Ending VDB Netlist Checker ... *****


INFO     : Resource Summary 


INFO     : =============================== 


INFO     : EFX_ADD         : 	362


INFO     : EFX_LUT4        : 	3191


INFO     : EFX_FF          : 	2625


INFO     : EFX_RAM_5K      : 	40


INFO     : EFX_GBUFCE      : 	3


INFO     : =============================== 


INFO     : ... Post-Map Verilog Writer begin


INFO     : Writing netlist 'top_level' to Verilog file '/home/olle/efinity_p2/BRAM/outflow/BRAM.map.v' [VDB-1030]


INFO     : ... Post-Map Verilog Writer end (Real time : 0s CPU user time : 49s CPU sys time : 0s MEM : 334568KB)


INFO     : The entire flow of EFX_MAP took 46.9627 seconds.


INFO     : 	The entire flow of EFX_MAP took 49.98 seconds (approximately) in total CPU time.


INFO     : The entire flow of EFX_MAP virtual memory usage: begin = 88.4 MB, end = 316.844 MB, delta = 228.444 MB


INFO     : The entire flow of EFX_MAP resident set memory usage: begin = 27.136 MB, end = 220.268 MB, delta = 193.132 MB


INFO     : 	The entire flow of EFX_MAP peak resident set memory usage = 334.568 MB


Sat August 16 25 11:05:11 - /home/olle/efinix/efinity/2025.1/bin/efx_map finished. Exit code = 0 Exit status : Normal

Running synthesis flow done.

Sat August 16 25 11:05:11 - Start Debugger Flow



-------------------------------------------------------------------------

Debugger

-------------------------------------------------------------------------

Sat August 16 25 11:05:11 - Debugger flow working directory is /home/olle/efinity_p2/BRAM/work_syn


INFO     : --max_threads set to 4 

--------------------------------------------------------------

Start Debugger Step Generate Debugger Cores.

Sat August 16 25 11:05:11 - /home/olle/efinix/efinity/2025.1/bin/python3  -m "efx_dbg.DbgWizard" --device  "T20F169" --family  "Trion" --in_profile_name  "/home/olle/efinity_p2/BRAM/debug_profile.wizard.json" --out_dbg_vdb  "debug_top.post.vdb" --out_profile_name  "/home/olle/efinity_p2/BRAM/debug_profile.wizard.json" --out_dir  "work_dbg"

Sat August 16 25 11:05:11 - Running /home/olle/efinix/efinity/2025.1/bin/python3...

Sat August 16 25 11:05:12 - /home/olle/efinix/efinity/2025.1/bin/python3 finished. Exit code = 0 Exit status : Normal

Debugger Step Generate Debugger Cores. Done

--------------------------------------------------------------

--------------------------------------------------------------

Start Debugger Step Compile Debugger Cores.

Sat August 16 25 11:05:12 - /home/olle/efinix/efinity/2025.1/bin/efx_map  --allow-const-ram-index "0" --blackbox-error "1" --blast_const_operand_adders "1" --bram_output_regs_packing "1" --bram-push-tco-outreg "0" --create-onehot-fsms "0" --fanout-limit "0" --hdl-compile-unit "1" --hdl-loop-limit "20000" --infer-clk-enable "3" --infer-sync-set-reset "1" --enable-mark-debug "1" --max_ram "-1" --max_mult "-1" --max-bit-blast-mem-size "10240" --min-sr-fanout "0" --min-ce-fanout "0" --mode "speed" --mult-auto-pipeline "0" --mult-decomp-retime "0" --operator-sharing "0" --optimize-adder-tree "0" --optimize-zero-init-rom "1" --peri-syn-instantiation "0" --peri-syn-inference "0" --ram-decomp-mode "0" --retiming "1" --seq_opt "1" --seq-opt-sync-only "0" --use-logic-for-small-mem "64" --use-logic-for-small-rom "64" --max_threads "-1" --mult_input_regs_packing "1" --mult_output_regs_packing "1" --I "/home/olle/efinity_p2/BRAM" --I "/home/olle/efinity_p2/BRAM/ip/BRAM_8192_bytes" --I "/home/olle/efinity_p2/BRAM/ip/micro_risc_v1" --family "Trion" --device "T20F169" --root "edb_top" --v "/home/olle/efinity_p2/BRAM/work_dbg/debug_top.v" --write-postmap-module "/home/olle/efinity_p2/BRAM/work_dbg/debug_top.post.vdb" --gen-mark-debug-json "0" --work-dir "/home/olle/efinity_p2/BRAM/work_dbg" --output-dir "/home/olle/efinity_p2/BRAM/outflow"

Sat August 16 25 11:05:12 - Running /home/olle/efinix/efinity/2025.1/bin/efx_map...

INFO     : Efinix FPGA Synthesis.
INFO     : Version: 2025.1.110.2.15
INFO     : Compiled: Jun 21 2025.
INFO     : 
INFO     : Copyright (C) 2013 - 2025 Efinix, Inc. All rights reserved.


INFO     : Analyzing Verilog file '/home/olle/efinix/efinity/2025.1/sim_models/maplib/efinix_peri_lib.v' [VERI-1482]

INFO     : /home/olle/efinix/efinity/2025.1/sim_models/maplib/efinix_peri_lib.v(8): compiling module 'EFX_IBUF' [VERI-1018]
INFO     : /home/olle/efinix/efinity/2025.1/sim_models/maplib/efinix_peri_lib.v(16): compiling module 'EFX_OBUF' [VERI-1018]
INFO     : /home/olle/efinix/efinity/2025.1/sim_models/maplib/efinix_peri_lib.v(23): compiling module 'EFX_IO_BUF' [VERI-1018]
INFO     : /home/olle/efinix/efinity/2025.1/sim_models/maplib/efinix_peri_lib.v(33): compiling module 'EFX_CLKOUT' [VERI-1018]
INFO     : /home/olle/efinix/efinity/2025.1/sim_models/maplib/efinix_peri_lib.v(41): compiling module 'EFX_IREG' [VERI-1018]
INFO     : /home/olle/efinix/efinity/2025.1/sim_models/maplib/efinix_peri_lib.v(51): compiling module 'EFX_OREG' [VERI-1018]
INFO     : /home/olle/efinix/efinity/2025.1/sim_models/maplib/efinix_peri_lib.v(60): compiling module 'EFX_IOREG' [VERI-1018]
INFO     : /home/olle/efinix/efinity/2025.1/sim_models/maplib/efinix_peri_lib.v(75): compiling module 'EFX_IDDIO' [VERI-1018]
INFO     : /home/olle/efinix/efinity/2025.1/sim_models/maplib/efinix_peri_lib.v(87): compiling module 'EFX_ODDIO' [VERI-1018]
INFO     : /home/olle/efinix/efinity/2025.1/sim_models/maplib/efinix_peri_lib.v(99): compiling module 'EFX_GPIO_V1' [VERI-1018]
INFO     : /home/olle/efinix/efinity/2025.1/sim_models/maplib/efinix_peri_lib.v(124): compiling module 'EFX_GPIO_V2' [VERI-1018]
INFO     : /home/olle/efinix/efinity/2025.1/sim_models/maplib/efinix_peri_lib.v(149): compiling module 'EFX_GPIO_V3' [VERI-1018]
INFO     : /home/olle/efinix/efinity/2025.1/sim_models/maplib/efinix_peri_lib.v(186): compiling module 'EFX_PLL_V1' [VERI-1018]
INFO     : /home/olle/efinix/efinity/2025.1/sim_models/maplib/efinix_peri_lib.v(205): compiling module 'EFX_PLL_V2' [VERI-1018]
INFO     : /home/olle/efinix/efinity/2025.1/sim_models/maplib/efinix_peri_lib.v(231): compiling module 'EFX_PLL_V3' [VERI-1018]
INFO     : /home/olle/efinix/efinity/2025.1/sim_models/maplib/efinix_peri_lib.v(279): compiling module 'EFX_OSC_V1' [VERI-1018]
INFO     : /home/olle/efinix/efinity/2025.1/sim_models/maplib/efinix_peri_lib.v(285): compiling module 'EFX_OSC_V3' [VERI-1018]
INFO     : /home/olle/efinix/efinity/2025.1/sim_models/maplib/efinix_peri_lib.v(294): compiling module 'EFX_FPLL_V1' [VERI-1018]
INFO     : /home/olle/efinix/efinity/2025.1/sim_models/maplib/efinix_peri_lib.v(348): compiling module 'EFX_JTAG_V1' [VERI-1018]
INFO     : /home/olle/efinix/efinity/2025.1/sim_models/maplib/efinix_peri_lib.v(357): compiling module 'EFX_JTAG_CTRL' [VERI-1018]
INFO     : /home/olle/efinix/efinity/2025.1/sim_models/maplib/efinix_peri_lib.v(364): compiling module 'EFX_LVDS_RX_V1' [VERI-1018]
INFO     : /home/olle/efinix/efinity/2025.1/sim_models/maplib/efinix_peri_lib.v(381): compiling module 'EFX_LVDS_TX_V1' [VERI-1018]
INFO     : /home/olle/efinix/efinity/2025.1/sim_models/maplib/efinix_peri_lib.v(399): compiling module 'EFX_LVDS_RX_V2' [VERI-1018]
INFO     : /home/olle/efinix/efinity/2025.1/sim_models/maplib/efinix_peri_lib.v(426): compiling module 'EFX_LVDS_TX_V2' [VERI-1018]
INFO     : /home/olle/efinix/efinity/2025.1/sim_models/maplib/efinix_peri_lib.v(446): compiling module 'EFX_LVDS_BIDIR_V2' [VERI-1018]
INFO     : ***** Beginning Analysis ... *****
INFO     : default VHDL library search path is now "/home/olle/efinix/efinity/2025.1/sim_models/vhdl/packages/vhdl_2008" [VHDL-1504]
INFO     : Analyzing Verilog file '/home/olle/efinix/efinity/2025.1/sim_models/maplib/efinix_maplib.v' [VERI-1482]
INFO     : Analyzing Verilog file '/home/olle/efinix/efinity/2025.1/sim_models/maplib/efinix_peri_lib.v' [VERI-1482]
INFO     : Analyzing Verilog file '/home/olle/efinix/efinity/2025.1/sim_models/maplib/efinix_maplib.v' [VERI-1482]

INFO     : Analyzing Verilog file '/home/olle/efinix/efinity/2025.1/sim_models/maplib/efinix_peri_lib.v' [VERI-1482]
INFO     : Analyzing Verilog file '/home/olle/efinity_p2/BRAM/work_dbg/debug_top.v' [VERI-1482]

INFO     : /home/olle/efinity_p2/BRAM/work_dbg/debug_top.v(4544): undeclared symbol 'la_capture_mask', assumed default net type 'wire' [VERI-2561]

INFO     : /home/olle/efinity_p2/BRAM/work_dbg/debug_top.v(4914): undeclared symbol 'next_segment_pointer_eq', assumed default net type 'wire' [VERI-2561]
INFO     : /home/olle/efinity_p2/BRAM/work_dbg/debug_top.v(4915): undeclared symbol 'next_segment_msb_xor', assumed default net type 'wire' [VERI-2561]

INFO     : Analysis took 0.0620049 seconds.
INFO     : 	Analysis took 0.06 seconds (approximately) in total CPU time.
INFO     : Analysis virtual memory usage: begin = 124.56 MB, end = 127.632 MB, delta = 3.072 MB
INFO     : Analysis resident set memory usage: begin = 71.424 MB, end = 75.008 MB, delta = 3.584 MB
INFO     : 	Analysis peak resident set memory usage = 334.568 MB
INFO     : ***** Ending Analysis ... *****
INFO     : ***** Beginning Elaboration ... *****
WARNING  : /home/olle/efinity_p2/BRAM/work_dbg/debug_top.v(258): port 'probe39' remains unconnected for this instance [VERI-1927]
INFO     : /home/olle/efinity_p2/BRAM/work_dbg/debug_top.v(10): compiling module 'edb_top' [VERI-1018]
INFO     : /home/olle/efinity_p2/BRAM/work_dbg/debug_top.v(644): compiling module 'edb_la_top_renamed_due_excessive_length_1' [VERI-1018]

INFO     : /home/olle/efinity_p2/BRAM/work_dbg/debug_top.v(333): compiling module 'edb_adbg_crc32' [VERI-1018]

INFO     : /home/olle/efinity_p2/BRAM/work_dbg/debug_top.v(5645): compiling module 'compare_unit(WIDTH=11'b01,PIPE=1)' [VERI-1018]

INFO     : /home/olle/efinity_p2/BRAM/work_dbg/debug_top.v(5645): compiling module 'compare_unit(WIDTH=11'b010000,PIPE=1)' [VERI-1018]

INFO     : /home/olle/efinity_p2/BRAM/work_dbg/debug_top.v(5645): compiling module 'compare_unit(WIDTH=11'b0101,PIPE=1)' [VERI-1018]

INFO     : /home/olle/efinity_p2/BRAM/work_dbg/debug_top.v(5645): compiling module 'compare_unit(WIDTH=11'b010,PIPE=1)' [VERI-1018]

INFO     : /home/olle/efinity_p2/BRAM/work_dbg/debug_top.v(5645): compiling module 'compare_unit(WIDTH=11'b011,PIPE=1)' [VERI-1018]

INFO     : /home/olle/efinity_p2/BRAM/work_dbg/debug_top.v(5645): compiling module 'compare_unit(WIDTH=11'b010011,PIPE=1)' [VERI-1018]

INFO     : /home/olle/efinity_p2/BRAM/work_dbg/debug_top.v(5645): compiling module 'compare_unit(WIDTH=11'b0110,PIPE=1)' [VERI-1018]

INFO     : /home/olle/efinity_p2/BRAM/work_dbg/debug_top.v(5645): compiling module 'compare_unit(WIDTH=11'b0100,PIPE=1)' [VERI-1018]

INFO     : /home/olle/efinity_p2/BRAM/work_dbg/debug_top.v(5850): compiling module 'trigger_unit(WIDTH=32'b0100111,PIPE=1)' [VERI-1018]
INFO     : /home/olle/efinity_p2/BRAM/work_dbg/debug_top.v(5975): compiling module 'trigger_skipper' [VERI-1018]

INFO     : /home/olle/efinity_p2/BRAM/work_dbg/debug_top.v(4991): compiling module 'la_biu(CAPTURE_WIDTH=32'b010011000)' [VERI-1018]
INFO     : /home/olle/efinity_p2/BRAM/work_dbg/debug_top.v(4733): compiling module 'fifo_with_read(DATA_WIDTH=32'b010011001)' [VERI-1018]
INFO     : /home/olle/efinity_p2/BRAM/work_dbg/debug_top.v(4683): compiling module 'fifo_address_trancode_unit' [VERI-1018]
INFO     : /home/olle/efinity_p2/BRAM/work_dbg/debug_top.v(554): compiling module 'edb_simple_dual_port_ram(DATA_WIDTH=32'b010011001,ADDR_WIDTH=10,RAM_INIT_FILE="")' [VERI-1018]
INFO     : /home/olle/efinity_p2/BRAM/work_dbg/debug_top.v(569): extracting RAM for identifier 'ram' [VERI-2571]

INFO     : /home/olle/efinity_p2/BRAM/work_dbg/debug_top.v(411): compiling module 'debug_hub' [VERI-1018]

WARNING  : /home/olle/efinity_p2/BRAM/work_dbg/debug_top.v(198): input port 'probe39[0]' remains unconnected for this instance [VDB-1053]
INFO     : Elaboration took 1.26555 seconds.
INFO     : 	Elaboration took 1.23 seconds (approximately) in total CPU time.
INFO     : Elaboration virtual memory usage: begin = 127.632 MB, end = 187.536 MB, delta = 59.904 MB
INFO     : Elaboration resident set memory usage: begin = 75.008 MB, end = 135.68 MB, delta = 60.672 MB
INFO     : 	Elaboration peak resident set memory usage = 334.568 MB
INFO     : ***** Ending Elaboration ... *****
INFO     : ... Setting Synthesis Option: mode=speed
INFO     : ***** Beginning Reading Mapping Library ... *****
INFO     : Analyzing Verilog file '/home/olle/efinix/efinity/2025.1/sim_models/maplib/efinix_maplib.v' [VERI-1482]
INFO     : /home/olle/efinix/efinity/2025.1/sim_models/maplib/efinix_maplib.v(8): compiling module 'EFX_ADD' [VERI-1018]
INFO     : /home/olle/efinix/efinity/2025.1/sim_models/maplib/efinix_maplib.v(21): compiling module 'EFX_FF' [VERI-1018]
INFO     : /home/olle/efinix/efinity/2025.1/sim_models/maplib/efinix_maplib.v(38): compiling module 'EFX_COMB4' [VERI-1018]
INFO     : /home/olle/efinix/efinity/2025.1/sim_models/maplib/efinix_maplib.v(48): compiling module 'EFX_GBUFCE' [VERI-1018]
INFO     : /home/olle/efinix/efinity/2025.1/sim_models/maplib/efinix_maplib.v(57): compiling module 'EFX_LUT4' [VERI-1018]
INFO     : /home/olle/efinix/efinity/2025.1/sim_models/maplib/efinix_maplib.v(65): compiling module 'EFX_MULT' [VERI-1018]
INFO     : /home/olle/efinix/efinity/2025.1/sim_models/maplib/efinix_maplib.v(100): compiling module 'EFX_DSP48' [VERI-1018]
INFO     : /home/olle/efinix/efinity/2025.1/sim_models/maplib/efinix_maplib.v(156): compiling module 'EFX_DSP24' [VERI-1018]
INFO     : /home/olle/efinix/efinity/2025.1/sim_models/maplib/efinix_maplib.v(209): compiling module 'EFX_DSP12' [VERI-1018]
INFO     : /home/olle/efinix/efinity/2025.1/sim_models/maplib/efinix_maplib.v(262): compiling module 'EFX_RAM_4K' [VERI-1018]
INFO     : /home/olle/efinix/efinity/2025.1/sim_models/maplib/efinix_maplib.v(322): compiling module 'EFX_RAM_5K' [VERI-1018]
INFO     : /home/olle/efinix/efinity/2025.1/sim_models/maplib/efinix_maplib.v(394): compiling module 'EFX_DPRAM_5K' [VERI-1018]
INFO     : /home/olle/efinix/efinity/2025.1/sim_models/maplib/efinix_maplib.v(499): compiling module 'RAMB5' [VERI-1018]
INFO     : /home/olle/efinix/efinity/2025.1/sim_models/maplib/efinix_maplib.v(561): compiling module 'EFX_RAM_10K' [VERI-1018]
INFO     : /home/olle/efinix/efinity/2025.1/sim_models/maplib/efinix_maplib.v(653): compiling module 'EFX_RAM10' [VERI-1018]
INFO     : /home/olle/efinix/efinity/2025.1/sim_models/maplib/efinix_maplib.v(754): compiling module 'EFX_DPRAM10' [VERI-1018]
INFO     : /home/olle/efinix/efinity/2025.1/sim_models/maplib/efinix_maplib.v(884): compiling module 'EFX_SRL8' [VERI-1018]
INFO     : Reading Mapping Library took 0.0141914 seconds.
INFO     : 	Reading Mapping Library took 0.02 seconds (approximately) in total CPU time.
INFO     : Reading Mapping Library virtual memory usage: begin = 187.536 MB, end = 187.536 MB, delta = 0 MB
INFO     : Reading Mapping Library resident set memory usage: begin = 136.32 MB, end = 136.32 MB, delta = 0 MB
INFO     : 	Reading Mapping Library peak resident set memory usage = 334.568 MB
INFO     : ***** Ending Reading Mapping Library ... *****
INFO     : ... Pre-synthesis checks begin
WARNING  : Removing redundant signal : compared_in[0]. (/home/olle/efinity_p2/BRAM/work_dbg/debug_top.v:5651) [EFX-0200]
WARNING  : Removing redundant signal : mask_in[0]. (/home/olle/efinity_p2/BRAM/work_dbg/debug_top.v:5652) [EFX-0200]

WARNING  : Removing redundant signal : trigger_in. (/home/olle/efinity_p2/BRAM/work_dbg/debug_top.v:5862) [EFX-0200]
INFO     : ... Memory 'ram' is not initialized, assuming empty initial contents. (/home/olle/efinity_p2/BRAM/work_dbg/debug_top.v:569) [EFX-0677]
WARNING  : Removing redundant signal : din[152]. (/home/olle/efinity_p2/BRAM/work_dbg/debug_top.v:4746) [EFX-0200]
WARNING  : Removing redundant signal : shift_i. (/home/olle/efinity_p2/BRAM/work_dbg/debug_top.v:5011) [EFX-0200]
WARNING  : Removing redundant signal : trig_out. (/home/olle/efinity_p2/BRAM/work_dbg/debug_top.v:5028) [EFX-0200]
WARNING  : Removing redundant signal : trig_out_ack. (/home/olle/efinity_p2/BRAM/work_dbg/debug_top.v:5029) [EFX-0200]
WARNING  : Removing redundant signal : bscan_DRCK. (/home/olle/efinity_p2/BRAM/work_dbg/debug_top.v:1177) [EFX-0200]
WARNING  : Removing redundant signal : bscan_RESET. (/home/olle/efinity_p2/BRAM/work_dbg/debug_top.v:1178) [EFX-0200]
WARNING  : Removing redundant signal : bscan_RUNTEST. (/home/olle/efinity_p2/BRAM/work_dbg/debug_top.v:1179) [EFX-0200]
WARNING  : Removing redundant signal : bscan_SEL. (/home/olle/efinity_p2/BRAM/work_dbg/debug_top.v:1180) [EFX-0200]
WARNING  : Removing redundant signal : bscan_TMS. (/home/olle/efinity_p2/BRAM/work_dbg/debug_top.v:1184) [EFX-0200]
WARNING  : Removing redundant signal : trig_in_ack. (/home/olle/efinity_p2/BRAM/work_dbg/debug_top.v:1196) [EFX-0200]
WARNING  : Removing redundant signal : mux_capture_cmp[38]. (/home/olle/efinity_p2/BRAM/work_dbg/debug_top.v:3610) [EFX-0200]
WARNING  : Removing redundant signal : mux_capture_cmp[37]. (/home/olle/efinity_p2/BRAM/work_dbg/debug_top.v:3610) [EFX-0200]
WARNING  : Removing redundant signal : mux_capture_cmp[36]. (/home/olle/efinity_p2/BRAM/work_dbg/debug_top.v:3610) [EFX-0200]
WARNING  : Removing redundant signal : mux_capture_cmp[35]. (/home/olle/efinity_p2/BRAM/work_dbg/debug_top.v:3610) [EFX-0200]
WARNING  : Removing redundant signal : mux_capture_cmp[34]. (/home/olle/efinity_p2/BRAM/work_dbg/debug_top.v:3610) [EFX-0200]
WARNING  : Removing redundant signal : mux_capture_cmp[33]. (/home/olle/efinity_p2/BRAM/work_dbg/debug_top.v:3610) [EFX-0200]
WARNING  : Removing redundant signal : mux_capture_cmp[32]. (/home/olle/efinity_p2/BRAM/work_dbg/debug_top.v:3610) [EFX-0200]
WARNING  : (The above message was generated too many times, subsequent similar messages will be muted.) [EFX-0200]
INFO     : Module Instance 'la0' input pin 'trig_in' is tied to constant (=0). [EFX-0266]
INFO     : Module Instance 'la0' input pin 'trig_out_ack' is tied to constant (=0). [EFX-0266]
WARNING  : Re-wiring to GND non-driven net 'la0.probe39[0]'. (/home/olle/efinity_p2/BRAM/work_dbg/debug_top.v:198) [EFX-0201]
WARNING  : Re-wiring to GND non-driven net 'la0.probe40[0]'. (/home/olle/efinity_p2/BRAM/work_dbg/debug_top.v:198) [EFX-0201]
WARNING  : Re-wiring to GND non-driven net 'la0.probe41[0]'. (/home/olle/efinity_p2/BRAM/work_dbg/debug_top.v:198) [EFX-0201]
WARNING  : Re-wiring to GND non-driven net 'la0.probe42[0]'. (/home/olle/efinity_p2/BRAM/work_dbg/debug_top.v:198) [EFX-0201]
WARNING  : Re-wiring to GND non-driven net 'la0.probe43[0]'. (/home/olle/efinity_p2/BRAM/work_dbg/debug_top.v:198) [EFX-0201]
WARNING  : Re-wiring to GND non-driven net 'la0.probe44[0]'. (/home/olle/efinity_p2/BRAM/work_dbg/debug_top.v:198) [EFX-0201]
WARNING  : Re-wiring to GND non-driven net 'la0.probe45[0]'. (/home/olle/efinity_p2/BRAM/work_dbg/debug_top.v:198) [EFX-0201]
WARNING  : Re-wiring to GND non-driven net 'la0.probe46[0]'. (/home/olle/efinity_p2/BRAM/work_dbg/debug_top.v:198) [EFX-0201]
WARNING  : Re-wiring to GND non-driven net 'la0.probe47[0]'. (/home/olle/efinity_p2/BRAM/work_dbg/debug_top.v:198) [EFX-0201]
WARNING  : Re-wiring to GND non-driven net 'la0.probe48[0]'. (/home/olle/efinity_p2/BRAM/work_dbg/debug_top.v:198) [EFX-0201]
WARNING  : (The above message was generated too many times, subsequent similar messages will be muted.) [EFX-0201]
INFO     : ... Pre-synthesis checks end (Real time : 0s CPU user time : 2s CPU sys time : 0s MEM : 334568KB)
INFO     : ... NameSpace init begin
INFO     : ... NameSpace init end (Real time : 0s CPU user time : 2s CPU sys time : 0s MEM : 334568KB)
INFO     : ... Mapping design "edb_top"
INFO     : ... Hierarchical pre-synthesis "edb_adbg_crc32" begin
INFO     : ... Hierarchical pre-synthesis "edb_adbg_crc32" end (Real time : 0s CPU user time : 2s CPU sys time : 0s MEM : 334568KB)
INFO     : ... Hierarchical pre-synthesis "compare_unit(WIDTH=11'b01,PIPE=1)" begin
INFO     : ... Hierarchical pre-synthesis "compare_unit(WIDTH=11'b01,PIPE=1)" end (Real time : 0s CPU user time : 2s CPU sys time : 0s MEM : 334568KB)
INFO     : ... Hierarchical pre-synthesis "compare_unit(WIDTH=11'b010000,PIPE=1)" begin
INFO     : ... Hierarchical pre-synthesis "compare_unit(WIDTH=11'b010000,PIPE=1)" end (Real time : 0s CPU user time : 2s CPU sys time : 0s MEM : 334568KB)
INFO     : ... Hierarchical pre-synthesis "compare_unit(WIDTH=11'b0101,PIPE=1)" begin

INFO     : ... Hierarchical pre-synthesis "compare_unit(WIDTH=11'b0101,PIPE=1)" end (Real time : 0s CPU user time : 2s CPU sys time : 0s MEM : 334568KB)
INFO     : ... Hierarchical pre-synthesis "compare_unit(WIDTH=11'b010,PIPE=1)" begin
INFO     : ... Hierarchical pre-synthesis "compare_unit(WIDTH=11'b010,PIPE=1)" end (Real time : 0s CPU user time : 2s CPU sys time : 0s MEM : 334568KB)
INFO     : ... Hierarchical pre-synthesis "compare_unit(WIDTH=11'b011,PIPE=1)" begin
INFO     : ... Hierarchical pre-synthesis "compare_unit(WIDTH=11'b011,PIPE=1)" end (Real time : 0s CPU user time : 2s CPU sys time : 0s MEM : 334568KB)
INFO     : ... Hierarchical pre-synthesis "compare_unit(WIDTH=11'b010011,PIPE=1)" begin
INFO     : ... Hierarchical pre-synthesis "compare_unit(WIDTH=11'b010011,PIPE=1)" end (Real time : 0s CPU user time : 2s CPU sys time : 0s MEM : 334568KB)
INFO     : ... Hierarchical pre-synthesis "compare_unit(WIDTH=11'b0110,PIPE=1)" begin
INFO     : ... Hierarchical pre-synthesis "compare_unit(WIDTH=11'b0110,PIPE=1)" end (Real time : 0s CPU user time : 2s CPU sys time : 0s MEM : 334568KB)
INFO     : ... Hierarchical pre-synthesis "compare_unit(WIDTH=11'b0100,PIPE=1)" begin
INFO     : ... Hierarchical pre-synthesis "compare_unit(WIDTH=11'b0100,PIPE=1)" end (Real time : 0s CPU user time : 2s CPU sys time : 0s MEM : 334568KB)
INFO     : ... Hierarchical pre-synthesis "trigger_unit(WIDTH=32'b0100111,PIPE=1)" begin

INFO     : ... Hierarchical pre-synthesis "trigger_unit(WIDTH=32'b0100111,PIPE=1)" end (Real time : 0s CPU user time : 2s CPU sys time : 0s MEM : 334568KB)
INFO     : ... Hierarchical pre-synthesis "trigger_skipper" begin

INFO     : ... Hierarchical pre-synthesis "trigger_skipper" end (Real time : 0s CPU user time : 2s CPU sys time : 0s MEM : 334568KB)
INFO     : ... Hierarchical pre-synthesis "fifo_address_trancode_unit" begin
INFO     : ... Hierarchical pre-synthesis "fifo_address_trancode_unit" end (Real time : 0s CPU user time : 2s CPU sys time : 0s MEM : 334568KB)
INFO     : ... Hierarchical pre-synthesis "edb_simple_dual_port_ram(DATA_WIDTH=32'b010011001,ADDR_WIDTH=10,RAM_INIT_FILE="")" begin

INFO     : ... Hierarchical pre-synthesis "edb_simple_dual_port_ram(DATA_WIDTH=32'b010011001,ADDR_WIDTH=10,RAM_INIT_FILE="")" end (Real time : 0s CPU user time : 2s CPU sys time : 0s MEM : 334568KB)
INFO     : ... Hierarchical pre-synthesis "fifo_with_read(DATA_WIDTH=32'b010011001)" begin

INFO     : ... Hierarchical pre-synthesis "fifo_with_read(DATA_WIDTH=32'b010011001)" end (Real time : 0s CPU user time : 2s CPU sys time : 0s MEM : 334568KB)
INFO     : ... Hierarchical pre-synthesis "la_biu(CAPTURE_WIDTH=32'b010011000)" begin

INFO     : ... Hierarchical pre-synthesis "la_biu(CAPTURE_WIDTH=32'b010011000)" end (Real time : 0s CPU user time : 2s CPU sys time : 0s MEM : 334568KB)
INFO     : ... Hierarchical pre-synthesis "edb_la_top_renamed_due_excessive_length_1" begin

INFO     : ... Hierarchical pre-synthesis "edb_la_top_renamed_due_excessive_length_1" end (Real time : 1s CPU user time : 3s CPU sys time : 0s MEM : 334568KB)
INFO     : ... Hierarchical pre-synthesis "debug_hub" begin

INFO     : ... Hierarchical pre-synthesis "debug_hub" end (Real time : 0s CPU user time : 3s CPU sys time : 0s MEM : 334568KB)
INFO     : ... Hierarchical pre-synthesis "edb_top" begin

INFO     : ... Clock Enable Synthesis Performed on 129 flops.

INFO     : ... Hierarchical pre-synthesis "edb_top" end (Real time : 1s CPU user time : 4s CPU sys time : 0s MEM : 334568KB)

INFO     : ... Flat optimizations begin

INFO     : ... Flat optimizations end (Real time : 0s CPU user time : 4s CPU sys time : 0s MEM : 334568KB)

INFO     : ... Flat synthesis begin

INFO     : ... Flat synthesis end (Real time : 0s CPU user time : 4s CPU sys time : 0s MEM : 334568KB)

INFO     : ... Flat optimizations begin

INFO     : ... Flat optimizations end (Real time : 0s CPU user time : 4s CPU sys time : 0s MEM : 334568KB)
INFO     : ... Check and break combinational loops begin

INFO     : ... Check and break combinational loops end (Real time : 0s CPU user time : 4s CPU sys time : 0s MEM : 334568KB)

INFO     : ... Sequential Optimization begin

INFO     : ... Clock Network 'la0_clk' with 1428 loads will be considered for sequential optimization.

INFO     : ... Clock Network 'bscan_TCK' with 827 loads will be considered for sequential optimization.

INFO     : ... Sequential Optimization deduced 282 equivalent points.

INFO     : ... Sequential Optimization end (Real time : 8s CPU user time : 13s CPU sys time : 0s MEM : 334568KB)
INFO     : ... Setup for logic synthesis begin

INFO     : ... Setup for logic synthesis end (Real time : 0s CPU user time : 13s CPU sys time : 0s MEM : 334568KB)
INFO     : ... LUT mapping begin

INFO     : ... LS, strategy: 3, nd: 1987, ed: 6176, lv: 8, pw: 3674.45
INFO     : ... LUT mapping end (Real time : 8s CPU user time : 22s CPU sys time : 0s MEM : 334568KB)
INFO     : ... Post-synthesis Verific netlist creation begin

INFO     : ... Post-synthesis Verific netlist creation end (Real time : 0s CPU user time : 22s CPU sys time : 0s MEM : 334568KB)

INFO     : ... Postmap Retiming Optimization begin

INFO     : ... Clock Network 'la0_clk~la0_clk' with 1428 loads will be considered for retiming optimization.

INFO     : ... Clock Network 'bscan_TCK~bscan_TCK' with 827 loads will be considered for retiming optimization.

INFO     : ... Performed 0 retime moves.
INFO     : ... Postmap Retiming Optimization end (Real time : 8s CPU user time : 30s CPU sys time : 0s MEM : 334568KB)

INFO     : ***** Beginning VDB Netlist Checker ... *****
WARNING  : /home/olle/efinity_p2/BRAM/work_dbg/debug_top.v(13): Input/inout port bscan_DRCK is unconnected and will be removed. [VDB-8003]
WARNING  : /home/olle/efinity_p2/BRAM/work_dbg/debug_top.v(15): Input/inout port bscan_RUNTEST is unconnected and will be removed. [VDB-8003]
WARNING  : /home/olle/efinity_p2/BRAM/work_dbg/debug_top.v(20): Input/inout port bscan_TMS is unconnected and will be removed. [VDB-8003]

WARNING  : Found 3 warnings in the post-synthesis netlist.
INFO     : VDB Netlist Checker took 0.0140707 seconds.
INFO     : 	VDB Netlist Checker took 0.03 seconds (approximately) in total CPU time.
INFO     : VDB Netlist Checker virtual memory usage: begin = 309.744 MB, end = 309.744 MB, delta = 0 MB
INFO     : VDB Netlist Checker resident set memory usage: begin = 217.348 MB, end = 217.476 MB, delta = 0.128 MB
INFO     : 	VDB Netlist Checker peak resident set memory usage = 334.568 MB
INFO     : ***** Ending VDB Netlist Checker ... *****
INFO     : Resource Summary 
INFO     : =============================== 
INFO     : EFX_ADD         : 	155
INFO     : EFX_LUT4        : 	1972
INFO     : EFX_FF          : 	2246
INFO     : EFX_RAM_5K      : 	31
INFO     : EFX_GBUFCE      : 	2
INFO     : =============================== 

INFO     : The entire flow of EFX_MAP took 28.6458 seconds.
INFO     : 	The entire flow of EFX_MAP took 30.91 seconds (approximately) in total CPU time.
INFO     : The entire flow of EFX_MAP virtual memory usage: begin = 88.4 MB, end = 309.744 MB, delta = 221.344 MB
INFO     : The entire flow of EFX_MAP resident set memory usage: begin = 27.52 MB, end = 217.476 MB, delta = 189.956 MB
INFO     : 	The entire flow of EFX_MAP peak resident set memory usage = 334.568 MB

Sat August 16 25 11:05:40 - /home/olle/efinix/efinity/2025.1/bin/efx_map finished. Exit code = 0 Exit status : Normal

Debugger Step Compile Debugger Cores. Done

--------------------------------------------------------------

--------------------------------------------------------------

Start Debugger Step Merge User design with Debugger Cores.

Sat August 16 25 11:05:40 - /home/olle/efinix/efinity/2025.1/bin/efx_map  --family "Trion" --device "T20F169" --gen-mark-debug-json "0" --allow-const-ram-index "0" --blackbox-error "1" --blast_const_operand_adders "1" --bram_output_regs_packing "1" --bram-push-tco-outreg "0" --create-onehot-fsms "0" --fanout-limit "0" --hdl-compile-unit "1" --hdl-loop-limit "20000" --infer-clk-enable "3" --infer-sync-set-reset "1" --enable-mark-debug "1" --max_ram "-1" --max_mult "-1" --max-bit-blast-mem-size "10240" --min-sr-fanout "0" --min-ce-fanout "0" --mode "speed" --mult-auto-pipeline "0" --mult-decomp-retime "0" --operator-sharing "0" --optimize-adder-tree "0" --optimize-zero-init-rom "1" --peri-syn-instantiation "0" --peri-syn-inference "0" --ram-decomp-mode "0" --retiming "1" --seq_opt "1" --seq-opt-sync-only "0" --use-logic-for-small-mem "64" --use-logic-for-small-rom "64" --max_threads "-1" --mult_input_regs_packing "1" --mult_output_regs_packing "1" --I "/home/olle/efinity_p2/BRAM" --I "/home/olle/efinity_p2/BRAM/ip/BRAM_8192_bytes" --I "/home/olle/efinity_p2/BRAM/ip/micro_risc_v1" --root "top_level" --vdb "/home/olle/efinity_p2/BRAM/outflow/BRAM.elab.vdb" --vdb "/home/olle/efinity_p2/BRAM/work_dbg/debug_top.post.vdb" --write-efx-verilog "/home/olle/efinity_p2/BRAM/work_dbg/BRAM.dbg.map.v" --binary-db "/home/olle/efinity_p2/BRAM/work_dbg/BRAM.dbg.vdb" --merge_vdbs=1 --conn "/home/olle/efinity_p2/BRAM/debug_profile.wizard.json" --work-dir "/home/olle/efinity_p2/BRAM/work_dbg" --output-dir "/home/olle/efinity_p2/BRAM/outflow"

Sat August 16 25 11:05:40 - Running /home/olle/efinix/efinity/2025.1/bin/efx_map...

INFO     : Efinix FPGA Synthesis.
INFO     : Version: 2025.1.110.2.15
INFO     : Compiled: Jun 21 2025.
INFO     : 
INFO     : Copyright (C) 2013 - 2025 Efinix, Inc. All rights reserved.


INFO     : Analyzing Verilog file '/home/olle/efinix/efinity/2025.1/sim_models/maplib/efinix_peri_lib.v' [VERI-1482]
INFO     : /home/olle/efinix/efinity/2025.1/sim_models/maplib/efinix_peri_lib.v(8): compiling module 'EFX_IBUF' [VERI-1018]
INFO     : /home/olle/efinix/efinity/2025.1/sim_models/maplib/efinix_peri_lib.v(16): compiling module 'EFX_OBUF' [VERI-1018]
INFO     : /home/olle/efinix/efinity/2025.1/sim_models/maplib/efinix_peri_lib.v(23): compiling module 'EFX_IO_BUF' [VERI-1018]
INFO     : /home/olle/efinix/efinity/2025.1/sim_models/maplib/efinix_peri_lib.v(33): compiling module 'EFX_CLKOUT' [VERI-1018]
INFO     : /home/olle/efinix/efinity/2025.1/sim_models/maplib/efinix_peri_lib.v(41): compiling module 'EFX_IREG' [VERI-1018]
INFO     : /home/olle/efinix/efinity/2025.1/sim_models/maplib/efinix_peri_lib.v(51): compiling module 'EFX_OREG' [VERI-1018]
INFO     : /home/olle/efinix/efinity/2025.1/sim_models/maplib/efinix_peri_lib.v(60): compiling module 'EFX_IOREG' [VERI-1018]
INFO     : /home/olle/efinix/efinity/2025.1/sim_models/maplib/efinix_peri_lib.v(75): compiling module 'EFX_IDDIO' [VERI-1018]
INFO     : /home/olle/efinix/efinity/2025.1/sim_models/maplib/efinix_peri_lib.v(87): compiling module 'EFX_ODDIO' [VERI-1018]
INFO     : /home/olle/efinix/efinity/2025.1/sim_models/maplib/efinix_peri_lib.v(99): compiling module 'EFX_GPIO_V1' [VERI-1018]
INFO     : /home/olle/efinix/efinity/2025.1/sim_models/maplib/efinix_peri_lib.v(124): compiling module 'EFX_GPIO_V2' [VERI-1018]

INFO     : /home/olle/efinix/efinity/2025.1/sim_models/maplib/efinix_peri_lib.v(149): compiling module 'EFX_GPIO_V3' [VERI-1018]
INFO     : /home/olle/efinix/efinity/2025.1/sim_models/maplib/efinix_peri_lib.v(186): compiling module 'EFX_PLL_V1' [VERI-1018]
INFO     : /home/olle/efinix/efinity/2025.1/sim_models/maplib/efinix_peri_lib.v(205): compiling module 'EFX_PLL_V2' [VERI-1018]
INFO     : /home/olle/efinix/efinity/2025.1/sim_models/maplib/efinix_peri_lib.v(231): compiling module 'EFX_PLL_V3' [VERI-1018]
INFO     : /home/olle/efinix/efinity/2025.1/sim_models/maplib/efinix_peri_lib.v(279): compiling module 'EFX_OSC_V1' [VERI-1018]
INFO     : /home/olle/efinix/efinity/2025.1/sim_models/maplib/efinix_peri_lib.v(285): compiling module 'EFX_OSC_V3' [VERI-1018]
INFO     : /home/olle/efinix/efinity/2025.1/sim_models/maplib/efinix_peri_lib.v(294): compiling module 'EFX_FPLL_V1' [VERI-1018]
INFO     : /home/olle/efinix/efinity/2025.1/sim_models/maplib/efinix_peri_lib.v(348): compiling module 'EFX_JTAG_V1' [VERI-1018]
INFO     : /home/olle/efinix/efinity/2025.1/sim_models/maplib/efinix_peri_lib.v(357): compiling module 'EFX_JTAG_CTRL' [VERI-1018]
INFO     : /home/olle/efinix/efinity/2025.1/sim_models/maplib/efinix_peri_lib.v(364): compiling module 'EFX_LVDS_RX_V1' [VERI-1018]
INFO     : /home/olle/efinix/efinity/2025.1/sim_models/maplib/efinix_peri_lib.v(381): compiling module 'EFX_LVDS_TX_V1' [VERI-1018]
INFO     : /home/olle/efinix/efinity/2025.1/sim_models/maplib/efinix_peri_lib.v(399): compiling module 'EFX_LVDS_RX_V2' [VERI-1018]
INFO     : /home/olle/efinix/efinity/2025.1/sim_models/maplib/efinix_peri_lib.v(426): compiling module 'EFX_LVDS_TX_V2' [VERI-1018]
INFO     : /home/olle/efinix/efinity/2025.1/sim_models/maplib/efinix_peri_lib.v(446): compiling module 'EFX_LVDS_BIDIR_V2' [VERI-1018]

INFO     : ... Setting Synthesis Option: mode=speed
INFO     : ***** Beginning Reading Mapping Library ... *****
INFO     : Analyzing Verilog file '/home/olle/efinix/efinity/2025.1/sim_models/maplib/efinix_maplib.v' [VERI-1482]
INFO     : /home/olle/efinix/efinity/2025.1/sim_models/maplib/efinix_maplib.v(8): compiling module 'EFX_ADD' [VERI-1018]
INFO     : /home/olle/efinix/efinity/2025.1/sim_models/maplib/efinix_maplib.v(21): compiling module 'EFX_FF' [VERI-1018]
INFO     : /home/olle/efinix/efinity/2025.1/sim_models/maplib/efinix_maplib.v(38): compiling module 'EFX_COMB4' [VERI-1018]
INFO     : /home/olle/efinix/efinity/2025.1/sim_models/maplib/efinix_maplib.v(48): compiling module 'EFX_GBUFCE' [VERI-1018]
INFO     : /home/olle/efinix/efinity/2025.1/sim_models/maplib/efinix_maplib.v(57): compiling module 'EFX_LUT4' [VERI-1018]
INFO     : /home/olle/efinix/efinity/2025.1/sim_models/maplib/efinix_maplib.v(65): compiling module 'EFX_MULT' [VERI-1018]
INFO     : /home/olle/efinix/efinity/2025.1/sim_models/maplib/efinix_maplib.v(100): compiling module 'EFX_DSP48' [VERI-1018]
INFO     : /home/olle/efinix/efinity/2025.1/sim_models/maplib/efinix_maplib.v(156): compiling module 'EFX_DSP24' [VERI-1018]
INFO     : /home/olle/efinix/efinity/2025.1/sim_models/maplib/efinix_maplib.v(209): compiling module 'EFX_DSP12' [VERI-1018]
INFO     : /home/olle/efinix/efinity/2025.1/sim_models/maplib/efinix_maplib.v(262): compiling module 'EFX_RAM_4K' [VERI-1018]
INFO     : /home/olle/efinix/efinity/2025.1/sim_models/maplib/efinix_maplib.v(322): compiling module 'EFX_RAM_5K' [VERI-1018]
INFO     : /home/olle/efinix/efinity/2025.1/sim_models/maplib/efinix_maplib.v(394): compiling module 'EFX_DPRAM_5K' [VERI-1018]
INFO     : /home/olle/efinix/efinity/2025.1/sim_models/maplib/efinix_maplib.v(499): compiling module 'RAMB5' [VERI-1018]
INFO     : /home/olle/efinix/efinity/2025.1/sim_models/maplib/efinix_maplib.v(561): compiling module 'EFX_RAM_10K' [VERI-1018]
INFO     : /home/olle/efinix/efinity/2025.1/sim_models/maplib/efinix_maplib.v(653): compiling module 'EFX_RAM10' [VERI-1018]

INFO     : /home/olle/efinix/efinity/2025.1/sim_models/maplib/efinix_maplib.v(754): compiling module 'EFX_DPRAM10' [VERI-1018]
INFO     : /home/olle/efinix/efinity/2025.1/sim_models/maplib/efinix_maplib.v(884): compiling module 'EFX_SRL8' [VERI-1018]
INFO     : Reading Mapping Library took 0.0113565 seconds.
INFO     : 	Reading Mapping Library took 0.01 seconds (approximately) in total CPU time.
INFO     : Reading Mapping Library virtual memory usage: begin = 165.008 MB, end = 165.008 MB, delta = 0 MB
INFO     : Reading Mapping Library resident set memory usage: begin = 112.64 MB, end = 113.28 MB, delta = 0.64 MB
INFO     : 	Reading Mapping Library peak resident set memory usage = 334.568 MB
INFO     : ***** Ending Reading Mapping Library ... *****
INFO     : ... Pre-synthesis checks begin
WARNING  : The primary output port 'led2' wire 'led2' is not driven. [EFX-0256]
WARNING  : The primary output port 'CAM0_EN' wire 'CAM0_EN' is not driven. [EFX-0256]
WARNING  : The primary output port 'CAM1_EN' wire 'CAM1_EN' is not driven. [EFX-0256]
WARNING  : Removing redundant signal : io_cpu_prefetch_isValid. (/home/olle/efinity_p2/BRAM/ip/micro_risc_v1/micro_risc_v1.v:12221) [EFX-0200]
WARNING  : Removing redundant signal : io_cpu_prefetch_pc[31]. (/home/olle/efinity_p2/BRAM/ip/micro_risc_v1/micro_risc_v1.v:12223) [EFX-0200]
WARNING  : Removing redundant signal : io_cpu_prefetch_pc[30]. (/home/olle/efinity_p2/BRAM/ip/micro_risc_v1/micro_risc_v1.v:12223) [EFX-0200]
WARNING  : Removing redundant signal : io_cpu_prefetch_pc[29]. (/home/olle/efinity_p2/BRAM/ip/micro_risc_v1/micro_risc_v1.v:12223) [EFX-0200]
WARNING  : Removing redundant signal : io_cpu_prefetch_pc[28]. (/home/olle/efinity_p2/BRAM/ip/micro_risc_v1/micro_risc_v1.v:12223) [EFX-0200]
WARNING  : Removing redundant signal : io_cpu_prefetch_pc[27]. (/home/olle/efinity_p2/BRAM/ip/micro_risc_v1/micro_risc_v1.v:12223) [EFX-0200]
WARNING  : Removing redundant signal : io_cpu_prefetch_pc[26]. (/home/olle/efinity_p2/BRAM/ip/micro_risc_v1/micro_risc_v1.v:12223) [EFX-0200]
WARNING  : Removing redundant signal : io_cpu_prefetch_pc[25]. (/home/olle/efinity_p2/BRAM/ip/micro_risc_v1/micro_risc_v1.v:12223) [EFX-0200]
WARNING  : Removing redundant signal : io_cpu_prefetch_pc[24]. (/home/olle/efinity_p2/BRAM/ip/micro_risc_v1/micro_risc_v1.v:12223) [EFX-0200]
WARNING  : Removing redundant signal : io_cpu_prefetch_pc[23]. (/home/olle/efinity_p2/BRAM/ip/micro_risc_v1/micro_risc_v1.v:12223) [EFX-0200]
WARNING  : Removing redundant signal : io_cpu_prefetch_pc[22]. (/home/olle/efinity_p2/BRAM/ip/micro_risc_v1/micro_risc_v1.v:12223) [EFX-0200]
WARNING  : Removing redundant signal : io_cpu_prefetch_pc[21]. (/home/olle/efinity_p2/BRAM/ip/micro_risc_v1/micro_risc_v1.v:12223) [EFX-0200]
WARNING  : Removing redundant signal : io_cpu_prefetch_pc[20]. (/home/olle/efinity_p2/BRAM/ip/micro_risc_v1/micro_risc_v1.v:12223) [EFX-0200]
WARNING  : Removing redundant signal : io_cpu_prefetch_pc[19]. (/home/olle/efinity_p2/BRAM/ip/micro_risc_v1/micro_risc_v1.v:12223) [EFX-0200]
WARNING  : Removing redundant signal : io_cpu_prefetch_pc[18]. (/home/olle/efinity_p2/BRAM/ip/micro_risc_v1/micro_risc_v1.v:12223) [EFX-0200]
WARNING  : Removing redundant signal : io_cpu_prefetch_pc[17]. (/home/olle/efinity_p2/BRAM/ip/micro_risc_v1/micro_risc_v1.v:12223) [EFX-0200]
WARNING  : Removing redundant signal : io_cpu_prefetch_pc[16]. (/home/olle/efinity_p2/BRAM/ip/micro_risc_v1/micro_risc_v1.v:12223) [EFX-0200]
WARNING  : Removing redundant signal : io_cpu_prefetch_pc[15]. (/home/olle/efinity_p2/BRAM/ip/micro_risc_v1/micro_risc_v1.v:12223) [EFX-0200]
WARNING  : Removing redundant signal : io_cpu_prefetch_pc[14]. (/home/olle/efinity_p2/BRAM/ip/micro_risc_v1/micro_risc_v1.v:12223) [EFX-0200]
WARNING  : Removing redundant signal : io_cpu_prefetch_pc[13]. (/home/olle/efinity_p2/BRAM/ip/micro_risc_v1/micro_risc_v1.v:12223) [EFX-0200]
WARNING  : (The above message was generated too many times, subsequent similar messages will be muted.) [EFX-0200]
INFO     : ... Memory 'banks_0' is not initialized, assuming empty initial contents. (/home/olle/efinity_p2/BRAM/ip/micro_risc_v1/micro_risc_v1.v:12325) [EFX-0677]
INFO     : ... Memory 'ways_0_tags' is not initialized, assuming empty initial contents. (/home/olle/efinity_p2/BRAM/ip/micro_risc_v1/micro_risc_v1.v:12326) [EFX-0677]
INFO     : ... Memory 'ways_0_tags' is not initialized, assuming empty initial contents. (/home/olle/efinity_p2/BRAM/ip/micro_risc_v1/micro_risc_v1.v:11579) [EFX-0677]
INFO     : ... Memory 'ways_0_data_symbol0' is not initialized, assuming empty initial contents. (/home/olle/efinity_p2/BRAM/ip/micro_risc_v1/micro_risc_v1.v:11580) [EFX-0677]
INFO     : ... Memory 'ways_0_data_symbol1' is not initialized, assuming empty initial contents. (/home/olle/efinity_p2/BRAM/ip/micro_risc_v1/micro_risc_v1.v:11581) [EFX-0677]
INFO     : ... Memory 'ways_0_data_symbol2' is not initialized, assuming empty initial contents. (/home/olle/efinity_p2/BRAM/ip/micro_risc_v1/micro_risc_v1.v:11582) [EFX-0677]
INFO     : ... Memory 'ways_0_data_symbol3' is not initialized, assuming empty initial contents. (/home/olle/efinity_p2/BRAM/ip/micro_risc_v1/micro_risc_v1.v:11583) [EFX-0677]

WARNING  : Re-wiring to GND non-driven net 'IBusCachedPlugin_cache_io_cpu_fetch_isRemoved'. (/home/olle/efinity_p2/BRAM/ip/micro_risc_v1/micro_risc_v1.v:5832) [EFX-0201]
WARNING  : Re-wiring to GND non-driven net 'dataCache_1_io_cpu_writeBack_fence_SW'. (/home/olle/efinity_p2/BRAM/ip/micro_risc_v1/micro_risc_v1.v:5845) [EFX-0201]
WARNING  : Re-wiring to GND non-driven net 'dataCache_1_io_cpu_writeBack_fence_SR'. (/home/olle/efinity_p2/BRAM/ip/micro_risc_v1/micro_risc_v1.v:5846) [EFX-0201]
WARNING  : Re-wiring to GND non-driven net 'dataCache_1_io_cpu_writeBack_fence_SO'. (/home/olle/efinity_p2/BRAM/ip/micro_risc_v1/micro_risc_v1.v:5847) [EFX-0201]
WARNING  : Re-wiring to GND non-driven net 'dataCache_1_io_cpu_writeBack_fence_SI'. (/home/olle/efinity_p2/BRAM/ip/micro_risc_v1/micro_risc_v1.v:5848) [EFX-0201]
WARNING  : Re-wiring to GND non-driven net 'dataCache_1_io_cpu_writeBack_fence_PW'. (/home/olle/efinity_p2/BRAM/ip/micro_risc_v1/micro_risc_v1.v:5849) [EFX-0201]
WARNING  : Re-wiring to GND non-driven net 'dataCache_1_io_cpu_writeBack_fence_PR'. (/home/olle/efinity_p2/BRAM/ip/micro_risc_v1/micro_risc_v1.v:5850) [EFX-0201]
WARNING  : Re-wiring to GND non-driven net 'dataCache_1_io_cpu_writeBack_fence_PO'. (/home/olle/efinity_p2/BRAM/ip/micro_risc_v1/micro_risc_v1.v:5851) [EFX-0201]
WARNING  : Re-wiring to GND non-driven net 'dataCache_1_io_cpu_writeBack_fence_PI'. (/home/olle/efinity_p2/BRAM/ip/micro_risc_v1/micro_risc_v1.v:5852) [EFX-0201]
WARNING  : Re-wiring to GND non-driven net 'dataCache_1_io_cpu_writeBack_fence_FM[3]'. (/home/olle/efinity_p2/BRAM/ip/micro_risc_v1/micro_risc_v1.v:5853) [EFX-0201]
WARNING  : (The above message was generated too many times, subsequent similar messages will be muted.) [EFX-0201]
INFO     : ... Memory 'RegFilePlugin_regFile' is not initialized, assuming empty initial contents. (/home/olle/efinity_p2/BRAM/ip/micro_risc_v1/micro_risc_v1.v:6995) [EFX-0677]
INFO     : ... Memory 'logic_progbufX_mem' is not initialized, assuming empty initial contents. (/home/olle/efinity_p2/BRAM/ip/micro_risc_v1/micro_risc_v1.v:4949) [EFX-0677]
INFO     : Module Instance 'memory_arbiter' input pin 'io_inputs_0_payload_fragment_source[0]' is tied to constant (=0). [EFX-0266]
INFO     : Module Instance 'memory_arbiter' input pin 'io_inputs_1_payload_fragment_source[0]' is tied to constant (=0). [EFX-0266]
INFO     : Module Instance 'memory_arbiter' input pin 'io_inputs_1_payload_fragment_context[0]' is tied to constant (=0). [EFX-0266]

INFO     : Module Instance 'tx' input pin 'io_cts' is tied to constant (=0). [EFX-0266]
INFO     : ... Memory 'logic_ram' is not initialized, assuming empty initial contents. (/home/olle/efinity_p2/BRAM/ip/micro_risc_v1/micro_risc_v1.v:10857) [EFX-0677]
INFO     : Module Instance 'bridge_write_streamUnbuffered_queueWithOccupancy' input pin 'io_flush' is tied to constant (=0). [EFX-0266]
INFO     : Module Instance 'uartCtrl_1_io_read_queueWithOccupancy' input pin 'io_flush' is tied to constant (=0). [EFX-0266]
INFO     : Module Instance 'system_bridge_bmb_arbiter' input pin 'io_inputs_1_cmd_payload_fragment_data[0]' is tied to constant (=0). [EFX-0266]
INFO     : Module Instance 'system_bridge_bmb_arbiter' input pin 'io_inputs_1_cmd_payload_fragment_data[1]' is tied to constant (=0). [EFX-0266]
INFO     : Module Instance 'system_bridge_bmb_arbiter' input pin 'io_inputs_1_cmd_payload_fragment_data[2]' is tied to constant (=0). [EFX-0266]
INFO     : Module Instance 'system_bridge_bmb_arbiter' input pin 'io_inputs_1_cmd_payload_fragment_data[3]' is tied to constant (=0). [EFX-0266]
INFO     : Module Instance 'system_bridge_bmb_arbiter' input pin 'io_inputs_1_cmd_payload_fragment_data[4]' is tied to constant (=0). [EFX-0266]
INFO     : Module Instance 'system_bridge_bmb_arbiter' input pin 'io_inputs_1_cmd_payload_fragment_data[5]' is tied to constant (=0). [EFX-0266]
INFO     : Module Instance 'system_bridge_bmb_arbiter' input pin 'io_inputs_1_cmd_payload_fragment_data[6]' is tied to constant (=0). [EFX-0266]
INFO     : Module Instance 'system_bridge_bmb_arbiter' input pin 'io_inputs_1_cmd_payload_fragment_data[7]' is tied to constant (=0). [EFX-0266]
INFO     : Module Instance 'system_bridge_bmb_arbiter' input pin 'io_inputs_1_cmd_payload_fragment_data[8]' is tied to constant (=0). [EFX-0266]
INFO     : Module Instance 'system_bridge_bmb_arbiter' input pin 'io_inputs_1_cmd_payload_fragment_data[9]' is tied to constant (=0). [EFX-0266]
INFO     : Module Instance 'system_bridge_bmb_arbiter' input pin 'io_inputs_1_cmd_payload_fragment_data[10]' is tied to constant (=0). [EFX-0266]
INFO     : Module Instance 'system_bridge_bmb_arbiter' input pin 'io_inputs_1_cmd_payload_fragment_data[11]' is tied to constant (=0). [EFX-0266]
INFO     : Module Instance 'system_bridge_bmb_arbiter' input pin 'io_inputs_1_cmd_payload_fragment_data[12]' is tied to constant (=0). [EFX-0266]
INFO     : Module Instance 'system_bridge_bmb_arbiter' input pin 'io_inputs_1_cmd_payload_fragment_data[13]' is tied to constant (=0). [EFX-0266]
INFO     : Module Instance 'system_bridge_bmb_arbiter' input pin 'io_inputs_1_cmd_payload_fragment_data[14]' is tied to constant (=0). [EFX-0266]
INFO     : Module Instance 'system_bridge_bmb_arbiter' input pin 'io_inputs_1_cmd_payload_fragment_data[15]' is tied to constant (=0). [EFX-0266]
INFO     : Module Instance 'system_bridge_bmb_arbiter' input pin 'io_inputs_1_cmd_payload_fragment_data[16]' is tied to constant (=0). [EFX-0266]
INFO     : Module Instance 'system_bridge_bmb_arbiter' input pin 'io_inputs_1_cmd_payload_fragment_data[17]' is tied to constant (=0). [EFX-0266]
INFO     : Module Instance 'system_bridge_bmb_arbiter' input pin 'io_inputs_1_cmd_payload_fragment_data[18]' is tied to constant (=0). [EFX-0266]
INFO     : Module Instance 'system_bridge_bmb_arbiter' input pin 'io_inputs_1_cmd_payload_fragment_data[19]' is tied to constant (=0). [EFX-0266]
INFO     : Module Instance 'system_bridge_bmb_arbiter' input pin 'io_inputs_1_cmd_payload_fragment_data[20]' is tied to constant (=0). [EFX-0266]
INFO     : Module Instance 'system_bridge_bmb_arbiter' input pin 'io_inputs_1_cmd_payload_fragment_data[21]' is tied to constant (=0). [EFX-0266]
INFO     : Module Instance 'system_bridge_bmb_arbiter' input pin 'io_inputs_1_cmd_payload_fragment_data[22]' is tied to constant (=0). [EFX-0266]
INFO     : Module Instance 'system_bridge_bmb_arbiter' input pin 'io_inputs_1_cmd_payload_fragment_data[23]' is tied to constant (=0). [EFX-0266]
INFO     : Module Instance 'system_bridge_bmb_arbiter' input pin 'io_inputs_1_cmd_payload_fragment_data[24]' is tied to constant (=0). [EFX-0266]
INFO     : Module Instance 'system_bridge_bmb_arbiter' input pin 'io_inputs_1_cmd_payload_fragment_data[25]' is tied to constant (=0). [EFX-0266]
INFO     : Module Instance 'system_bridge_bmb_arbiter' input pin 'io_inputs_1_cmd_payload_fragment_data[26]' is tied to constant (=0). [EFX-0266]
INFO     : Module Instance 'system_bridge_bmb_arbiter' input pin 'io_inputs_1_cmd_payload_fragment_data[27]' is tied to constant (=0). [EFX-0266]
INFO     : Module Instance 'system_bridge_bmb_arbiter' input pin 'io_inputs_1_cmd_payload_fragment_data[28]' is tied to constant (=0). [EFX-0266]
INFO     : Module Instance 'system_bridge_bmb_arbiter' input pin 'io_inputs_1_cmd_payload_fragment_data[29]' is tied to constant (=0). [EFX-0266]
INFO     : Module Instance 'system_bridge_bmb_arbiter' input pin 'io_inputs_1_cmd_payload_fragment_data[30]' is tied to constant (=0). [EFX-0266]
INFO     : Module Instance 'system_bridge_bmb_arbiter' input pin 'io_inputs_1_cmd_payload_fragment_data[31]' is tied to constant (=0). [EFX-0266]
INFO     : Module Instance 'system_bridge_bmb_arbiter' input pin 'io_inputs_1_cmd_payload_fragment_mask[0]' is tied to constant (=0). [EFX-0266]
INFO     : Module Instance 'system_bridge_bmb_arbiter' input pin 'io_inputs_1_cmd_payload_fragment_mask[1]' is tied to constant (=0). [EFX-0266]
INFO     : Module Instance 'system_bridge_bmb_arbiter' input pin 'io_inputs_1_cmd_payload_fragment_mask[2]' is tied to constant (=0). [EFX-0266]
INFO     : Module Instance 'system_bridge_bmb_arbiter' input pin 'io_inputs_1_cmd_payload_fragment_mask[3]' is tied to constant (=0). [EFX-0266]

INFO     : Module Instance 'u_micro_risc_v1' input pin 'jtagCtrl_enable' is tied to constant (=1). [EFX-0266]
INFO     : ... Pre-synthesis checks end (Real time : 0s CPU user time : 0s CPU sys time : 0s MEM : 334568KB)
INFO     : ... NameSpace init begin
INFO     : ... NameSpace init end (Real time : 0s CPU user time : 0s CPU sys time : 0s MEM : 334568KB)
INFO     : ... Mapping design "top_level"
INFO     : ... Hierarchical pre-synthesis "InstructionCache_2fa2c88f3c1f4868ba7cd09620d007ba" begin

INFO     : ... Hierarchical pre-synthesis "InstructionCache_2fa2c88f3c1f4868ba7cd09620d007ba" end (Real time : 0s CPU user time : 0s CPU sys time : 0s MEM : 334568KB)
INFO     : ... Hierarchical pre-synthesis "DataCache_2fa2c88f3c1f4868ba7cd09620d007ba" begin

INFO     : ... Hierarchical pre-synthesis "DataCache_2fa2c88f3c1f4868ba7cd09620d007ba" end (Real time : 0s CPU user time : 0s CPU sys time : 0s MEM : 334568KB)
INFO     : ... Hierarchical pre-synthesis "BufferCC_2fa2c88f3c1f4868ba7cd09620d007ba" begin
INFO     : ... Hierarchical pre-synthesis "BufferCC_2fa2c88f3c1f4868ba7cd09620d007ba" end (Real time : 0s CPU user time : 0s CPU sys time : 0s MEM : 334568KB)
INFO     : ... Hierarchical pre-synthesis "EfxCPUSp1_2fa2c88f3c1f4868ba7cd09620d007ba" begin

INFO     : ... Hierarchical pre-synthesis "EfxCPUSp1_2fa2c88f3c1f4868ba7cd09620d007ba" end (Real time : 0s CPU user time : 0s CPU sys time : 0s MEM : 334568KB)
INFO     : ... Hierarchical pre-synthesis "VexRiscv_2fa2c88f3c1f4868ba7cd09620d007ba" begin

INFO     : ... Hierarchical pre-synthesis "VexRiscv_2fa2c88f3c1f4868ba7cd09620d007ba" end (Real time : 1s CPU user time : 1s CPU sys time : 0s MEM : 334568KB)
INFO     : ... Hierarchical pre-synthesis "DebugModule_2fa2c88f3c1f4868ba7cd09620d007ba" begin

INFO     : ... Hierarchical pre-synthesis "DebugModule_2fa2c88f3c1f4868ba7cd09620d007ba" end (Real time : 0s CPU user time : 1s CPU sys time : 0s MEM : 334568KB)
INFO     : ... Hierarchical pre-synthesis "BufferCC_5_2fa2c88f3c1f4868ba7cd09620d007ba" begin
INFO     : ... Hierarchical pre-synthesis "BufferCC_5_2fa2c88f3c1f4868ba7cd09620d007ba" end (Real time : 0s CPU user time : 1s CPU sys time : 0s MEM : 334568KB)
INFO     : ... Hierarchical pre-synthesis "BufferCC_6_2fa2c88f3c1f4868ba7cd09620d007ba" begin
INFO     : ... Hierarchical pre-synthesis "BufferCC_6_2fa2c88f3c1f4868ba7cd09620d007ba" end (Real time : 0s CPU user time : 1s CPU sys time : 0s MEM : 334568KB)
INFO     : ... Hierarchical pre-synthesis "BufferCC_8_2fa2c88f3c1f4868ba7cd09620d007ba" begin
INFO     : ... Hierarchical pre-synthesis "BufferCC_8_2fa2c88f3c1f4868ba7cd09620d007ba" end (Real time : 0s CPU user time : 1s CPU sys time : 0s MEM : 334568KB)
INFO     : ... Hierarchical pre-synthesis "BufferCC_1_2fa2c88f3c1f4868ba7cd09620d007ba" begin
INFO     : ... Hierarchical pre-synthesis "BufferCC_1_2fa2c88f3c1f4868ba7cd09620d007ba" end (Real time : 0s CPU user time : 1s CPU sys time : 0s MEM : 334568KB)
INFO     : ... Hierarchical pre-synthesis "FlowCCByToggle_2fa2c88f3c1f4868ba7cd09620d007ba" begin
INFO     : ... Hierarchical pre-synthesis "FlowCCByToggle_2fa2c88f3c1f4868ba7cd09620d007ba" end (Real time : 0s CPU user time : 1s CPU sys time : 0s MEM : 334568KB)
INFO     : ... Hierarchical pre-synthesis "BufferCC_2_2fa2c88f3c1f4868ba7cd09620d007ba" begin
INFO     : ... Hierarchical pre-synthesis "BufferCC_2_2fa2c88f3c1f4868ba7cd09620d007ba" end (Real time : 0s CPU user time : 1s CPU sys time : 0s MEM : 334568KB)
INFO     : ... Hierarchical pre-synthesis "BufferCC_3_2fa2c88f3c1f4868ba7cd09620d007ba" begin
INFO     : ... Hierarchical pre-synthesis "BufferCC_3_2fa2c88f3c1f4868ba7cd09620d007ba" end (Real time : 0s CPU user time : 1s CPU sys time : 0s MEM : 334568KB)
INFO     : ... Hierarchical pre-synthesis "FlowCCByToggle_1_2fa2c88f3c1f4868ba7cd09620d007ba" begin
INFO     : ... Hierarchical pre-synthesis "FlowCCByToggle_1_2fa2c88f3c1f4868ba7cd09620d007ba" end (Real time : 0s CPU user time : 1s CPU sys time : 0s MEM : 334568KB)
INFO     : ... Hierarchical pre-synthesis "DebugTransportModuleTunneled_2fa2c88f3c1f4868ba7cd09620d007ba" begin

INFO     : ... Hierarchical pre-synthesis "DebugTransportModuleTunneled_2fa2c88f3c1f4868ba7cd09620d007ba" end (Real time : 0s CPU user time : 1s CPU sys time : 0s MEM : 334568KB)
INFO     : ... Hierarchical pre-synthesis "BmbDecoder_2fa2c88f3c1f4868ba7cd09620d007ba" begin
INFO     : ... Hierarchical pre-synthesis "BmbDecoder_2fa2c88f3c1f4868ba7cd09620d007ba" end (Real time : 0s CPU user time : 1s CPU sys time : 0s MEM : 334568KB)
INFO     : ... Hierarchical pre-synthesis "StreamArbiter_2fa2c88f3c1f4868ba7cd09620d007ba" begin
INFO     : ... Hierarchical pre-synthesis "StreamArbiter_2fa2c88f3c1f4868ba7cd09620d007ba" end (Real time : 0s CPU user time : 1s CPU sys time : 0s MEM : 334568KB)
INFO     : ... Hierarchical pre-synthesis "BmbArbiter_2fa2c88f3c1f4868ba7cd09620d007ba" begin
INFO     : ... Hierarchical pre-synthesis "BmbArbiter_2fa2c88f3c1f4868ba7cd09620d007ba" end (Real time : 0s CPU user time : 1s CPU sys time : 0s MEM : 334568KB)
INFO     : ... Hierarchical pre-synthesis "BmbDecoder_1_2fa2c88f3c1f4868ba7cd09620d007ba" begin

INFO     : ... Hierarchical pre-synthesis "BmbDecoder_1_2fa2c88f3c1f4868ba7cd09620d007ba" end (Real time : 0s CPU user time : 1s CPU sys time : 0s MEM : 334568KB)
INFO     : ... Hierarchical pre-synthesis "BmbOnChipRam_2fa2c88f3c1f4868ba7cd09620d007ba" begin
INFO     : ... Hierarchical pre-synthesis "BmbOnChipRam_2fa2c88f3c1f4868ba7cd09620d007ba" end (Real time : 0s CPU user time : 1s CPU sys time : 0s MEM : 334568KB)
INFO     : ... Hierarchical pre-synthesis "BmbUnburstify_2fa2c88f3c1f4868ba7cd09620d007ba" begin
INFO     : ... Hierarchical pre-synthesis "BmbUnburstify_2fa2c88f3c1f4868ba7cd09620d007ba" end (Real time : 0s CPU user time : 1s CPU sys time : 0s MEM : 334568KB)
INFO     : ... Hierarchical pre-synthesis "BmbDecoder_2_2fa2c88f3c1f4868ba7cd09620d007ba" begin

INFO     : ... Hierarchical pre-synthesis "BmbDecoder_2_2fa2c88f3c1f4868ba7cd09620d007ba" end (Real time : 0s CPU user time : 1s CPU sys time : 0s MEM : 334568KB)
INFO     : ... Hierarchical pre-synthesis "BmbClint_2fa2c88f3c1f4868ba7cd09620d007ba" begin

INFO     : ... Hierarchical pre-synthesis "BmbClint_2fa2c88f3c1f4868ba7cd09620d007ba" end (Real time : 0s CPU user time : 1s CPU sys time : 0s MEM : 334568KB)
INFO     : ... Hierarchical pre-synthesis "UartCtrlTx_2fa2c88f3c1f4868ba7cd09620d007ba" begin

INFO     : ... Hierarchical pre-synthesis "UartCtrlTx_2fa2c88f3c1f4868ba7cd09620d007ba" end (Real time : 0s CPU user time : 1s CPU sys time : 0s MEM : 334568KB)
INFO     : ... Hierarchical pre-synthesis "BufferCC_4_2fa2c88f3c1f4868ba7cd09620d007ba" begin
INFO     : ... Hierarchical pre-synthesis "BufferCC_4_2fa2c88f3c1f4868ba7cd09620d007ba" end (Real time : 0s CPU user time : 1s CPU sys time : 0s MEM : 334568KB)
INFO     : ... Hierarchical pre-synthesis "UartCtrlRx_2fa2c88f3c1f4868ba7cd09620d007ba" begin

INFO     : ... Hierarchical pre-synthesis "UartCtrlRx_2fa2c88f3c1f4868ba7cd09620d007ba" end (Real time : 0s CPU user time : 1s CPU sys time : 0s MEM : 334568KB)
INFO     : ... Hierarchical pre-synthesis "UartCtrl_2fa2c88f3c1f4868ba7cd09620d007ba" begin

INFO     : ... Hierarchical pre-synthesis "UartCtrl_2fa2c88f3c1f4868ba7cd09620d007ba" end (Real time : 0s CPU user time : 1s CPU sys time : 0s MEM : 334568KB)
INFO     : ... Hierarchical pre-synthesis "StreamFifo_2fa2c88f3c1f4868ba7cd09620d007ba" begin

INFO     : ... Hierarchical pre-synthesis "StreamFifo_2fa2c88f3c1f4868ba7cd09620d007ba" end (Real time : 0s CPU user time : 1s CPU sys time : 0s MEM : 334568KB)
INFO     : ... Hierarchical pre-synthesis "BmbUartCtrl_2fa2c88f3c1f4868ba7cd09620d007ba" begin

INFO     : ... Hierarchical pre-synthesis "BmbUartCtrl_2fa2c88f3c1f4868ba7cd09620d007ba" end (Real time : 0s CPU user time : 1s CPU sys time : 0s MEM : 334568KB)
INFO     : ... Hierarchical pre-synthesis "BmbGpio2_2fa2c88f3c1f4868ba7cd09620d007ba" begin

INFO     : ... Hierarchical pre-synthesis "BmbGpio2_2fa2c88f3c1f4868ba7cd09620d007ba" end (Real time : 0s CPU user time : 1s CPU sys time : 0s MEM : 334568KB)
INFO     : ... Hierarchical pre-synthesis "EfxSapphireSoc_2fa2c88f3c1f4868ba7cd09620d007ba" begin

INFO     : ... Hierarchical pre-synthesis "EfxSapphireSoc_2fa2c88f3c1f4868ba7cd09620d007ba" end (Real time : 1s CPU user time : 2s CPU sys time : 0s MEM : 334568KB)
INFO     : ... Hierarchical pre-synthesis "micro_risc_v1" begin

INFO     : ... Hierarchical pre-synthesis "micro_risc_v1" end (Real time : 0s CPU user time : 2s CPU sys time : 0s MEM : 334568KB)
INFO     : ... Hierarchical pre-synthesis "mdio_clause22" begin

INFO     : ... Hierarchical pre-synthesis "mdio_clause22" end (Real time : 0s CPU user time : 2s CPU sys time : 0s MEM : 334568KB)
INFO     : ... Hierarchical pre-synthesis "eth_dp83825_udp" begin

INFO     : ... Hierarchical pre-synthesis "eth_dp83825_udp" end (Real time : 0s CPU user time : 3s CPU sys time : 0s MEM : 334568KB)
INFO     : ... Hierarchical pre-synthesis "edb_top" begin

INFO     : ... Hierarchical pre-synthesis "edb_top" end (Real time : 0s CPU user time : 3s CPU sys time : 0s MEM : 334568KB)
INFO     : ... Hierarchical pre-synthesis "top_level" begin

WARNING  : Mapping into logic memory block 'u_micro_risc_v1/u_EfxSapphireSoc/system_riscvJtag_debug_logic_dm/logic_progbufX_mem' (64 bits) (/home/olle/efinity_p2/BRAM/ip/micro_risc_v1/micro_risc_v1.v:4949) because size is too small (<=64) [EFX-0657]

INFO     : ... Clock Enable Synthesis Performed on 377 flops.

INFO     : ... Hierarchical pre-synthesis "top_level" end (Real time : 1s CPU user time : 4s CPU sys time : 0s MEM : 334568KB)

INFO     : ... Flat optimizations begin

INFO     : ... Flat optimizations end (Real time : 0s CPU user time : 4s CPU sys time : 0s MEM : 334568KB)

INFO     : ... Flat synthesis begin

INFO     : ... Flat synthesis end (Real time : 0s CPU user time : 4s CPU sys time : 0s MEM : 334568KB)

INFO     : ... Flat optimizations begin

INFO     : ... Flat optimizations end (Real time : 0s CPU user time : 5s CPU sys time : 0s MEM : 334568KB)

INFO     : ... Check and break combinational loops begin

INFO     : ... Check and break combinational loops end (Real time : 0s CPU user time : 5s CPU sys time : 0s MEM : 334568KB)

INFO     : ... Sequential Optimization begin

INFO     : ... Clock Network 'pll_clk' with 2309 loads will be considered for sequential optimization.

Sat August 16 25 11:05:53 - Efinity Debugger finished. Exit code = 0 Exit status : Normal

INFO     : ... Clock Network 'clk' with 1546 loads will be considered for sequential optimization.

INFO     : ... Clock Network 'jtag_inst1_TCK' with 820 loads will be considered for sequential optimization.

INFO     : ... Clock Network 'jtag_dummy_TCK' with 221 loads will be considered for sequential optimization.

INFO     : ... Sequential Optimization deduced 886 equivalent points.

INFO     : ... Sequential Optimization end (Real time : 20s CPU user time : 25s CPU sys time : 0s MEM : 334568KB)

INFO     : ... Setup for logic synthesis begin

INFO     : ... Setup for logic synthesis end (Real time : 0s CPU user time : 25s CPU sys time : 0s MEM : 334568KB)
INFO     : ... LUT mapping begin

INFO     : ... LS, strategy: 3, nd: 3225, ed: 10466, lv: 7, pw: 8107.53
INFO     : ... LUT mapping end (Real time : 11s CPU user time : 39s CPU sys time : 0s MEM : 334568KB)
INFO     : ... Post-synthesis Verific netlist creation begin

INFO     : ... Post-synthesis Verific netlist creation end (Real time : 0s CPU user time : 39s CPU sys time : 0s MEM : 334568KB)

INFO     : ... Postmap Retiming Optimization begin

INFO     : ... Clock Network 'pll_clk~pll_clk' with 2301 loads will be considered for retiming optimization.

INFO     : ... Clock Network 'clk~clk' with 1187 loads will be considered for retiming optimization.

INFO     : ... Clock Network 'jtag_inst1_TCK~jtag_inst1_TCK' with 820 loads will be considered for retiming optimization.

INFO     : ... Clock Network 'jtag_dummy_TCK~jtag_dummy_TCK' with 220 loads will be considered for retiming optimization.

INFO     : ... Performed 0 retime moves.

INFO     : ... Postmap Retiming Optimization end (Real time : 17s CPU user time : 57s CPU sys time : 0s MEM : 334568KB)

INFO     : ***** Beginning VDB Netlist Checker ... *****
WARNING  : /home/olle/efinity_p2/BRAM/top_level.vhd(29): Input/inout port jtag_dummy_TMS is unconnected and will be removed. [VDB-8003]
WARNING  : /home/olle/efinity_p2/BRAM/top_level.vhd(30): Input/inout port jtag_dummy_SEL is unconnected and will be removed. [VDB-8003]
WARNING  : /home/olle/efinity_p2/BRAM/top_level.vhd(31): Input/inout port jtag_dummy_DRCK is unconnected and will be removed. [VDB-8003]
WARNING  : /home/olle/efinity_p2/BRAM/top_level.vhd(33): Input/inout port jtag_dummy_RUNTEST is unconnected and will be removed. [VDB-8003]
WARNING  : /home/olle/efinity_p2/BRAM/top_level.vhd(38): Input/inout port led4 is unconnected and will be removed. [VDB-8003]
WARNING  : Input/inout port jtag_inst1_DRCK is unconnected and will be removed. [VDB-8003]
WARNING  : Input/inout port jtag_inst1_RUNTEST is unconnected and will be removed. [VDB-8003]
WARNING  : Input/inout port jtag_inst1_TMS is unconnected and will be removed. [VDB-8003]
WARNING  : Net u_micro_risc_v1/u_EfxSapphireSoc/system_cores_0_logic_cpu/IBusCachedPlugin_cache/lineLoader_address[0] is dangling. [VDB-8009]
WARNING  : Net u_micro_risc_v1/u_EfxSapphireSoc/system_cores_0_logic_cpu/IBusCachedPlugin_cache/lineLoader_address[1] is dangling. [VDB-8009]
WARNING  : Net u_micro_risc_v1/u_EfxSapphireSoc/system_cores_0_logic_cpu/IBusCachedPlugin_cache/lineLoader_address[2] is dangling. [VDB-8009]
WARNING  : Net u_micro_risc_v1/u_EfxSapphireSoc/system_cores_0_logic_cpu/IBusCachedPlugin_cache/lineLoader_address[3] is dangling. [VDB-8009]
WARNING  : Net u_micro_risc_v1/u_EfxSapphireSoc/system_cores_0_logic_cpu/IBusCachedPlugin_cache/lineLoader_address[4] is dangling. [VDB-8009]
WARNING  : Net u_micro_risc_v1/u_EfxSapphireSoc/system_cores_0_logic_cpu/IBusCachedPlugin_cache/lineLoader_address[5] is dangling. [VDB-8009]

WARNING  : Found 14 warnings in the post-synthesis netlist.
INFO     : VDB Netlist Checker took 0.0351862 seconds.
INFO     : 	VDB Netlist Checker took 0.06 seconds (approximately) in total CPU time.
INFO     : VDB Netlist Checker virtual memory usage: begin = 329.624 MB, end = 329.624 MB, delta = 0 MB
INFO     : VDB Netlist Checker resident set memory usage: begin = 235.488 MB, end = 235.488 MB, delta = 0 MB
INFO     : 	VDB Netlist Checker peak resident set memory usage = 334.568 MB
INFO     : ***** Ending VDB Netlist Checker ... *****

INFO     : Resource Summary 
INFO     : =============================== 
INFO     : EFX_ADD         : 	515
INFO     : EFX_LUT4        : 	5141
INFO     : EFX_FF          : 	4527
INFO     : EFX_RAM_5K      : 	71
INFO     : EFX_GBUFCE      : 	4
INFO     : =============================== 
INFO     : ... Post-Map Verilog Writer begin
INFO     : Writing netlist 'top_level' to Verilog file '/home/olle/efinity_p2/BRAM/work_dbg/BRAM.dbg.map.v' [VDB-1030]

INFO     : ... Post-Map Verilog Writer end (Real time : 0s CPU user time : 58s CPU sys time : 0s MEM : 334568KB)

INFO     : The entire flow of EFX_MAP took 54.7969 seconds.
INFO     : 	The entire flow of EFX_MAP took 58.32 seconds (approximately) in total CPU time.
INFO     : The entire flow of EFX_MAP virtual memory usage: begin = 88.4 MB, end = 329.624 MB, delta = 241.224 MB
INFO     : The entire flow of EFX_MAP resident set memory usage: begin = 27.264 MB, end = 235.616 MB, delta = 208.352 MB
INFO     : 	The entire flow of EFX_MAP peak resident set memory usage = 334.568 MB

Sat August 16 25 11:06:35 - /home/olle/efinix/efinity/2025.1/bin/efx_map finished. Exit code = 0 Exit status : Normal

Debugger Step Merge User design with Debugger Cores. Done

--------------------------------------------------------------

--------------------------------------------------------------

Start Debugger Step Instantiate Jtag.

Sat August 16 25 11:06:35 - /home/olle/efinix/efinity/2025.1/bin/python3  "/home/olle/efinix/efinity/2025.1/scripts/efx_pt_jtag_util.py" --device "T20F169" --project "BRAM" --design_file "/home/olle/efinity_p2/BRAM/BRAM.peri.xml" --action "add" --jtag_user "JTAG_USER1" --output "/home/olle/efinity_p2/BRAM/BRAM.dbg.peri.xml"

Sat August 16 25 11:06:35 - Running /home/olle/efinix/efinity/2025.1/bin/python3...

Save db version: 20251999


== Load a design from file /home/olle/efinity_p2/BRAM/BRAM.peri.xml
INFO: Load design...
INFO: Periphery design is in sync with Efinity project
INFO: Load design...done.

== Create JTAG with default setting and pin name

== Assign JTAG_USER1 resource to new jtag
INFO: Check design...
INFO: Check design...done.

== Save Design to file: /home/olle/efinity_p2/BRAM/BRAM.dbg.peri.xml
INFO: Save as design...
INFO: Save as design...done.

Sat August 16 25 11:06:37 - /home/olle/efinix/efinity/2025.1/bin/python3 finished. Exit code = 0 Exit status : Normal

Debugger Step Instantiate Jtag. Done

--------------------------------------------------------------

Debugger Step Instantiate Jtag. Done

Sat August 16 25 11:06:38 - End Debugger Flow



-------------------------------------------------------------------------

Placement and Routing

-------------------------------------------------------------------------

Sat August 16 25 11:06:38 - Placement and routing flow working directory is /home/olle/efinity_p2/BRAM/work_pnr


INFO     : --max_threads set to 4 

Sat August 16 25 11:06:38 - /home/olle/efinix/efinity/2025.1/bin/python3  "/home/olle/efinix/efinity/2025.1/scripts/efx_run_pt_unified.py"  "BRAM.dbg"  "Trion"  "T20F169"

Sat August 16 25 11:06:38 - Running /home/olle/efinix/efinity/2025.1/bin/python3...

Load design file BRAM.dbg.peri.xml
Writing out summary report file
Writing out pinout file
Writing out interface config file
Writing out timing related file
Writing out verilog template file
Writing out option register file
Writing out boundary scan description file
Writing out LPF

Sat August 16 25 11:06:42 - /home/olle/efinix/efinity/2025.1/bin/python3 finished. Exit code = 0 Exit status : Normal

Sat August 16 25 11:06:42 - /home/olle/efinix/efinity/2025.1/bin/efx_pnr --circuit "BRAM" --family "Trion" --device "T20F169" --operating_conditions "C3" --pack --place --route --vdb_file "/home/olle/efinity_p2/BRAM/outflow/BRAM.dbg.vdb" --use_vdb_file "on" --place_file "/home/olle/efinity_p2/BRAM/outflow/BRAM.place" --route_file "/home/olle/efinity_p2/BRAM/outflow/BRAM.route" --sdc_file "/home/olle/efinity_p2/BRAM/const1.sdc" --sync_file "/home/olle/efinity_p2/BRAM/outflow/BRAM.interface.csv" --seed "1" --placer_effort_level "2" --max_threads "-1" --print_critical_path "10" --work_dir "/home/olle/efinity_p2/BRAM/work_pnr" --output_dir "/home/olle/efinity_p2/BRAM/outflow" --timing_analysis "on" --load_delay_matrix

Sat August 16 25 11:06:42 - Running /home/olle/efinix/efinity/2025.1/bin/efx_pnr...

INFO     : --max_threads set to 4 


           

           Efinix FPGA Placement and Routing.

           Version: 2025.1.110.2.15 

           Compiled: Jun 21 2025.

           

           Copyright (C) 2013 - 2025 Efinix, Inc. All rights reserved.


           

           The Tool Is Based on VPR of University of Toronto,

           a free open source code under MIT license.

           

           

INFO     : Running Placement and Routing for Family "Trion", Device "T20F169" ...


           

           ***** Beginning stage netlist pre-processing ... *****

INFO     : Successfully Read in Verific binary Netlist dump file "/home/olle/efinity_p2/BRAM/outflow/BRAM.dbg.vdb".


INFO     : ***** Beginning VDB Netlist Checker ... *****


WARNING  : /home/olle/efinity_p2/BRAM/top_level.vhd(29): Input/inout port jtag_dummy_TMS is unconnected and will be removed. [VDB-8003]


WARNING  : /home/olle/efinity_p2/BRAM/top_level.vhd(30): Input/inout port jtag_dummy_SEL is unconnected and will be removed. [VDB-8003]


WARNING  : /home/olle/efinity_p2/BRAM/top_level.vhd(31): Input/inout port jtag_dummy_DRCK is unconnected and will be removed. [VDB-8003]


WARNING  : /home/olle/efinity_p2/BRAM/top_level.vhd(33): Input/inout port jtag_dummy_RUNTEST is unconnected and will be removed. [VDB-8003]


WARNING  : /home/olle/efinity_p2/BRAM/top_level.vhd(38): Input/inout port led4 is unconnected and will be removed. [VDB-8003]


WARNING  : Input/inout port jtag_inst1_DRCK is unconnected and will be removed. [VDB-8003]


WARNING  : Input/inout port jtag_inst1_RUNTEST is unconnected and will be removed. [VDB-8003]


WARNING  : Input/inout port jtag_inst1_TMS is unconnected and will be removed. [VDB-8003]


WARNING  : Net u_micro_risc_v1/u_EfxSapphireSoc/system_cores_0_logic_cpu/IBusCachedPlugin_cache/lineLoader_address[0] is dangling. [VDB-8009]


WARNING  : Net u_micro_risc_v1/u_EfxSapphireSoc/system_cores_0_logic_cpu/IBusCachedPlugin_cache/lineLoader_address[1] is dangling. [VDB-8009]


WARNING  : Net u_micro_risc_v1/u_EfxSapphireSoc/system_cores_0_logic_cpu/IBusCachedPlugin_cache/lineLoader_address[2] is dangling. [VDB-8009]


WARNING  : Net u_micro_risc_v1/u_EfxSapphireSoc/system_cores_0_logic_cpu/IBusCachedPlugin_cache/lineLoader_address[3] is dangling. [VDB-8009]


WARNING  : Net u_micro_risc_v1/u_EfxSapphireSoc/system_cores_0_logic_cpu/IBusCachedPlugin_cache/lineLoader_address[4] is dangling. [VDB-8009]


WARNING  : Net u_micro_risc_v1/u_EfxSapphireSoc/system_cores_0_logic_cpu/IBusCachedPlugin_cache/lineLoader_address[5] is dangling. [VDB-8009]


WARNING  : Found 14 warnings in the post-synthesis netlist.


INFO     : VDB Netlist Checker took 0.0279896 seconds.


INFO     : 	VDB Netlist Checker took 0.05 seconds (approximately) in total CPU time.


INFO     : VDB Netlist Checker virtual memory usage: begin = 228.656 MB, end = 245.068 MB, delta = 16.412 MB


INFO     : VDB Netlist Checker resident set memory usage: begin = 119.68 MB, end = 120.32 MB, delta = 0.64 MB


INFO     : 	VDB Netlist Checker peak resident set memory usage = 334.568 MB


INFO     : ***** Ending VDB Netlist Checker ... *****


INFO     : Reading core interface constraints file "/home/olle/efinity_p2/BRAM/outflow/BRAM.interface.csv"


INFO     : Successfully read core interface constraints file "/home/olle/efinity_p2/BRAM/outflow/BRAM.interface.csv"


INFO     : Found 0 constant generator nets.


INFO     : Pass 0: Swept away 6 nets with no fanout.


INFO     : logical_block #22(jtag_dummy_TMS) has no fanout.


INFO     : Removing input.


INFO     : logical_block #23(jtag_dummy_SEL) has no fanout.


INFO     : Removing input.


INFO     : logical_block #24(jtag_dummy_DRCK) has no fanout.


INFO     : Removing input.


INFO     : logical_block #26(jtag_dummy_RUNTEST) has no fanout.


INFO     : Removing input.


INFO     : logical_block #31(led4) has no fanout.


INFO     : Removing input.


INFO     : logical_block #35(jtag_inst1_DRCK) has no fanout.


INFO     : Removing input.


INFO     : logical_block #37(jtag_inst1_RUNTEST) has no fanout.


INFO     : Removing input.


INFO     : logical_block #42(jtag_inst1_TMS) has no fanout.


INFO     : Removing input.


WARNING  : logical_block u_micro_risc_v1/u_EfxSapphireSoc/system_cores_0_logic_cpu/IBusCachedPlugin_cache/lineLoader_address[0]~FF #255 has no fanout. Check synthesis flow


WARNING  : logical_block u_micro_risc_v1/u_EfxSapphireSoc/system_cores_0_logic_cpu/IBusCachedPlugin_cache/lineLoader_address[1]~FF #265 has no fanout. Check synthesis flow


WARNING  : logical_block u_micro_risc_v1/u_EfxSapphireSoc/system_cores_0_logic_cpu/IBusCachedPlugin_cache/lineLoader_address[2]~FF #266 has no fanout. Check synthesis flow


WARNING  : logical_block u_micro_risc_v1/u_EfxSapphireSoc/system_cores_0_logic_cpu/IBusCachedPlugin_cache/lineLoader_address[3]~FF #267 has no fanout. Check synthesis flow


WARNING  : logical_block u_micro_risc_v1/u_EfxSapphireSoc/system_cores_0_logic_cpu/IBusCachedPlugin_cache/lineLoader_address[4]~FF #268 has no fanout. Check synthesis flow


WARNING  : logical_block u_micro_risc_v1/u_EfxSapphireSoc/system_cores_0_logic_cpu/IBusCachedPlugin_cache/lineLoader_address[5]~FF #269 has no fanout. Check synthesis flow


INFO     : Pass 0: Swept away 8 blocks with no fanout.


INFO     : Pass 1: Swept away 0 nets with no fanout.


WARNING  : logical_block u_micro_risc_v1/u_EfxSapphireSoc/system_cores_0_logic_cpu/IBusCachedPlugin_cache/lineLoader_address[0]~FF #255 has no fanout. Check synthesis flow


WARNING  : logical_block u_micro_risc_v1/u_EfxSapphireSoc/system_cores_0_logic_cpu/IBusCachedPlugin_cache/lineLoader_address[1]~FF #265 has no fanout. Check synthesis flow


WARNING  : logical_block u_micro_risc_v1/u_EfxSapphireSoc/system_cores_0_logic_cpu/IBusCachedPlugin_cache/lineLoader_address[2]~FF #266 has no fanout. Check synthesis flow


WARNING  : logical_block u_micro_risc_v1/u_EfxSapphireSoc/system_cores_0_logic_cpu/IBusCachedPlugin_cache/lineLoader_address[3]~FF #267 has no fanout. Check synthesis flow


WARNING  : logical_block u_micro_risc_v1/u_EfxSapphireSoc/system_cores_0_logic_cpu/IBusCachedPlugin_cache/lineLoader_address[4]~FF #268 has no fanout. Check synthesis flow


WARNING  : logical_block u_micro_risc_v1/u_EfxSapphireSoc/system_cores_0_logic_cpu/IBusCachedPlugin_cache/lineLoader_address[5]~FF #269 has no fanout. Check synthesis flow


INFO     : Pass 1: Swept away 0 blocks with no fanout.


INFO     : Swept away 6 nets and 8 blocks in total.


INFO     : Removed 0 LUT buffers


INFO     : Sweept away 8 nodes


INFO     : Successfully created VPR logical netlist from Verific binary DataBase file "/home/olle/efinity_p2/BRAM/outflow/BRAM.dbg.vdb".


INFO     : Netlist pre-processing took 0.203593 seconds.


INFO     : 	Netlist pre-processing took 0.21 seconds (approximately) in total CPU time.


INFO     : Netlist pre-processing virtual memory usage: begin = 228.656 MB, end = 245.068 MB, delta = 16.412 MB


INFO     : Netlist pre-processing resident set memory usage: begin = 118.656 MB, end = 120.576 MB, delta = 1.92 MB


INFO     : 	Netlist pre-processing peak resident set memory usage = 334.568 MB


           ***** Ending stage netlist pre-processing *****

           

           ***** Beginning stage pre-packing ... *****

           ***** Ending stage pre-packing *****

           

           ***** Beginning stage packing ... *****

WARNING  : Packer found FF 'u_micro_risc_v1/u_EfxSapphireSoc/system_cores_0_logic_cpu/IBusCachedPlugin_cache/lineLoader_address[0]~FF' with no output net.


WARNING  : If possible, remove 'syn_preserve' attribute on FF output.


WARNING  : Packer found FF 'u_micro_risc_v1/u_EfxSapphireSoc/system_cores_0_logic_cpu/IBusCachedPlugin_cache/lineLoader_address[1]~FF' with no output net.


WARNING  : If possible, remove 'syn_preserve' attribute on FF output.


WARNING  : Packer found FF 'u_micro_risc_v1/u_EfxSapphireSoc/system_cores_0_logic_cpu/IBusCachedPlugin_cache/lineLoader_address[2]~FF' with no output net.


WARNING  : If possible, remove 'syn_preserve' attribute on FF output.


WARNING  : Packer found FF 'u_micro_risc_v1/u_EfxSapphireSoc/system_cores_0_logic_cpu/IBusCachedPlugin_cache/lineLoader_address[3]~FF' with no output net.


WARNING  : If possible, remove 'syn_preserve' attribute on FF output.


WARNING  : Packer found FF 'u_micro_risc_v1/u_EfxSapphireSoc/system_cores_0_logic_cpu/IBusCachedPlugin_cache/lineLoader_address[4]~FF' with no output net.


WARNING  : If possible, remove 'syn_preserve' attribute on FF output.


WARNING  : Packer found FF 'u_micro_risc_v1/u_EfxSapphireSoc/system_cores_0_logic_cpu/IBusCachedPlugin_cache/lineLoader_address[5]~FF' with no output net.


WARNING  : If possible, remove 'syn_preserve' attribute on FF output.


INFO     : Generate proto netlist for file "/home/olle/efinity_p2/BRAM/work_pnr/BRAM.net_proto" took 0.023292 seconds


INFO     : Creating IO constraints file '/home/olle/efinity_p2/BRAM/work_pnr/BRAM.io_place'


INFO     : Packing took 0.0681434 seconds.


INFO     : 	Packing took 0.07 seconds (approximately) in total CPU time.


INFO     : Packing virtual memory usage: begin = 245.068 MB, end = 245.068 MB, delta = 0 MB


INFO     : Packing resident set memory usage: begin = 121.344 MB, end = 121.856 MB, delta = 0.512 MB


INFO     : 	Packing peak resident set memory usage = 334.568 MB


           ***** Ending stage packing *****

           

INFO     : Read proto netlist file /home/olle/efinity_p2/BRAM/work_pnr/BRAM.net_proto


INFO     : Read proto netlist for file "/home/olle/efinity_p2/BRAM/work_pnr/BRAM.net_proto" took 0.018282 seconds


INFO     : Setup net and block data structure took 0.221949 seconds


WARNING  : Found 14 warnings in the post-synthesis netlist.


INFO     : Reading core interface constraints file "/home/olle/efinity_p2/BRAM/outflow/BRAM.interface.csv"


INFO     : Successfully read core interface constraints file "/home/olle/efinity_p2/BRAM/outflow/BRAM.interface.csv"


INFO     : logical_block u_micro_risc_v1/u_EfxSapphireSoc/system_cores_0_logic_cpu/IBusCachedPlugin_cache/lineLoader_address[0]~FF #255 has no fanout. Check synthesis flow


INFO     : logical_block u_micro_risc_v1/u_EfxSapphireSoc/system_cores_0_logic_cpu/IBusCachedPlugin_cache/lineLoader_address[1]~FF #265 has no fanout. Check synthesis flow


INFO     : logical_block u_micro_risc_v1/u_EfxSapphireSoc/system_cores_0_logic_cpu/IBusCachedPlugin_cache/lineLoader_address[2]~FF #266 has no fanout. Check synthesis flow


INFO     : logical_block u_micro_risc_v1/u_EfxSapphireSoc/system_cores_0_logic_cpu/IBusCachedPlugin_cache/lineLoader_address[3]~FF #267 has no fanout. Check synthesis flow


INFO     : logical_block u_micro_risc_v1/u_EfxSapphireSoc/system_cores_0_logic_cpu/IBusCachedPlugin_cache/lineLoader_address[4]~FF #268 has no fanout. Check synthesis flow


INFO     : logical_block u_micro_risc_v1/u_EfxSapphireSoc/system_cores_0_logic_cpu/IBusCachedPlugin_cache/lineLoader_address[5]~FF #269 has no fanout. Check synthesis flow


INFO     : logical_block u_micro_risc_v1/u_EfxSapphireSoc/system_cores_0_logic_cpu/IBusCachedPlugin_cache/lineLoader_address[0]~FF #255 has no fanout. Check synthesis flow


INFO     : logical_block u_micro_risc_v1/u_EfxSapphireSoc/system_cores_0_logic_cpu/IBusCachedPlugin_cache/lineLoader_address[1]~FF #265 has no fanout. Check synthesis flow


INFO     : logical_block u_micro_risc_v1/u_EfxSapphireSoc/system_cores_0_logic_cpu/IBusCachedPlugin_cache/lineLoader_address[2]~FF #266 has no fanout. Check synthesis flow


INFO     : logical_block u_micro_risc_v1/u_EfxSapphireSoc/system_cores_0_logic_cpu/IBusCachedPlugin_cache/lineLoader_address[3]~FF #267 has no fanout. Check synthesis flow


INFO     : logical_block u_micro_risc_v1/u_EfxSapphireSoc/system_cores_0_logic_cpu/IBusCachedPlugin_cache/lineLoader_address[4]~FF #268 has no fanout. Check synthesis flow


INFO     : logical_block u_micro_risc_v1/u_EfxSapphireSoc/system_cores_0_logic_cpu/IBusCachedPlugin_cache/lineLoader_address[5]~FF #269 has no fanout. Check synthesis flow


           ***** Beginning stage packed netlist loading ... *****

INFO     : Read proto netlist file /home/olle/efinity_p2/BRAM/work_pnr/BRAM.net_proto


INFO     : Read proto netlist for file "/home/olle/efinity_p2/BRAM/work_pnr/BRAM.net_proto" took 0.015192 seconds


INFO     : Setup net and block data structure took 0.236598 seconds


INFO     : Packed netlist loading took 0.256872 seconds.


INFO     : 	Packed netlist loading took 0.26 seconds (approximately) in total CPU time.


INFO     : Packed netlist loading virtual memory usage: begin = 274.372 MB, end = 274.372 MB, delta = 0 MB


INFO     : Packed netlist loading resident set memory usage: begin = 154.624 MB, end = 154.624 MB, delta = 0 MB


INFO     : 	Packed netlist loading peak resident set memory usage = 334.568 MB


           ***** Ending stage packed netlist loading *****

           

           ***** Beginning stage pre-placement ... *****

           

           ***** Ending stage pre-placement *****

           

INFO     : SDC file '/home/olle/efinity_p2/BRAM/const1.sdc' parsed successfully.


INFO     : 2 clocks (including virtual clocks), 0 inputs and 0 outputs were constrained.


           ***** Beginning stage initial placement ... *****

INFO     : Reading core interface constraints file "/home/olle/efinity_p2/BRAM/outflow/BRAM.interface.csv"


INFO     : Successfully read core interface constraints file "/home/olle/efinity_p2/BRAM/outflow/BRAM.interface.csv"


INFO     : Writing IO placement constraints to "/home/olle/efinity_p2/BRAM/outflow/BRAM.interface.io"


INFO     : Reading placement constraints from '/home/olle/efinity_p2/BRAM/outflow/BRAM.interface.io'.


INFO     : Reading placement constraints from '/home/olle/efinity_p2/BRAM/work_pnr/BRAM.io_place'.


WARNING  : phy_rst_n has no assigned placement; it will be placed randomly.


WARNING  : jtag_dummy_TDI has no assigned placement; it will be placed randomly.


WARNING  : jtag_dummy_TCK has no assigned placement; it will be placed randomly.


WARNING  : jtag_dummy_RESET has no assigned placement; it will be placed randomly.


WARNING  : jtag_dummy_CAPTURE has no assigned placement; it will be placed randomly.


WARNING  : jtag_dummy_SHIFT has no assigned placement; it will be placed randomly.


WARNING  : jtag_dummy_UPDATE has no assigned placement; it will be placed randomly.


WARNING  : jtag_dummy_TDO has no assigned placement; it will be placed randomly.


INFO     : 8 IOs will have random placement.


WARNING  : Clock source jtag_inst1_TCK does not use a dedicated clock pad, so extra clock insertion delay is added


WARNING  : Clock input pad, pll_clk, of net, pll_clk, drives both clock buffer and logic. Expect extra clock skew.


           ***** Ending stage initial placement *****

           

           ***** Beginning stage placement ... *****

INFO     : Found 81 synchronizers as follows: 


INFO     : 	Synchronizer 0: 


INFO     :  u_micro_risc_v1/u_EfxSapphireSoc/system_riscvJtag_hard_noTap_tunnel_io_bus_cmd_payload_address[6]~FF


INFO     : 	Synchronizer 1: 


INFO     :  u_micro_risc_v1/u_EfxSapphireSoc/system_riscvJtag_hard_noTap_tunnel_io_bus_cmd_payload_address[5]~FF


INFO     : 	Synchronizer 2: 


INFO     :  u_micro_risc_v1/u_EfxSapphireSoc/system_riscvJtag_hard_noTap_tunnel_io_bus_cmd_payload_address[4]~FF


INFO     : 	Synchronizer 3: 


INFO     :  u_micro_risc_v1/u_EfxSapphireSoc/system_riscvJtag_hard_noTap_tunnel_io_bus_cmd_payload_address[3]~FF


INFO     : 	Synchronizer 4: 


INFO     :  u_micro_risc_v1/u_EfxSapphireSoc/system_riscvJtag_hard_noTap_tunnel_io_bus_cmd_payload_address[2]~FF


INFO     : 	Synchronizer 5: 


INFO     :  u_micro_risc_v1/u_EfxSapphireSoc/system_riscvJtag_hard_noTap_tunnel_io_bus_cmd_payload_address[1]~FF


INFO     : 	Synchronizer 6: 


INFO     :  u_micro_risc_v1/u_EfxSapphireSoc/system_riscvJtag_hard_noTap_tunnel_io_bus_cmd_payload_data[31]~FF


INFO     : 	Synchronizer 7: 


INFO     :  u_micro_risc_v1/u_EfxSapphireSoc/system_riscvJtag_hard_noTap_tunnel_io_bus_cmd_payload_data[30]~FF


INFO     : 	Synchronizer 8: 


INFO     :  u_micro_risc_v1/u_EfxSapphireSoc/system_riscvJtag_hard_noTap_tunnel_io_bus_cmd_payload_data[26]~FF


INFO     : 	Synchronizer 9: 


INFO     :  u_micro_risc_v1/u_EfxSapphireSoc/system_riscvJtag_hard_noTap_tunnel_io_bus_cmd_payload_data[25]~FF


INFO     : 	Synchronizer 10: 


INFO     :  u_micro_risc_v1/u_EfxSapphireSoc/system_riscvJtag_hard_noTap_tunnel_io_bus_cmd_payload_data[24]~FF


INFO     : 	Synchronizer 11: 


INFO     :  u_micro_risc_v1/u_EfxSapphireSoc/system_riscvJtag_hard_noTap_tunnel_io_bus_cmd_payload_data[23]~FF


INFO     : 	Synchronizer 12: 


INFO     :  u_micro_risc_v1/u_EfxSapphireSoc/system_riscvJtag_hard_noTap_tunnel_io_bus_cmd_payload_data[22]~FF


INFO     : 	Synchronizer 13: 


INFO     :  u_micro_risc_v1/u_EfxSapphireSoc/system_riscvJtag_hard_noTap_tunnel_io_bus_cmd_payload_data[21]~FF


INFO     : 	Synchronizer 14: 


INFO     :  u_micro_risc_v1/u_EfxSapphireSoc/system_riscvJtag_hard_noTap_tunnel_io_bus_cmd_payload_data[20]~FF


INFO     : 	Synchronizer 15: 


INFO     :  u_micro_risc_v1/u_EfxSapphireSoc/system_riscvJtag_hard_noTap_tunnel_io_bus_cmd_payload_data[19]~FF


INFO     : 	Synchronizer 16: 


INFO     :  u_micro_risc_v1/u_EfxSapphireSoc/system_riscvJtag_hard_noTap_tunnel_io_bus_cmd_payload_data[18]~FF


INFO     : 	Synchronizer 17: 


INFO     :  u_micro_risc_v1/u_EfxSapphireSoc/system_riscvJtag_hard_noTap_tunnel_io_bus_cmd_payload_data[17]~FF


INFO     : 	Synchronizer 18: 


INFO     :  u_micro_risc_v1/u_EfxSapphireSoc/system_riscvJtag_hard_noTap_tunnel_io_bus_cmd_payload_data[16]~FF


INFO     : 	Synchronizer 19: 


INFO     :  u_micro_risc_v1/u_EfxSapphireSoc/system_riscvJtag_hard_noTap_tunnel_io_bus_cmd_payload_data[15]~FF


INFO     : 	Synchronizer 20: 


INFO     :  u_micro_risc_v1/u_EfxSapphireSoc/system_riscvJtag_hard_noTap_tunnel_io_bus_cmd_payload_data[14]~FF


INFO     : 	Synchronizer 21: 


INFO     :  u_micro_risc_v1/u_EfxSapphireSoc/system_riscvJtag_hard_noTap_tunnel_io_bus_cmd_payload_data[13]~FF


INFO     : 	Synchronizer 22: 


INFO     :  u_micro_risc_v1/u_EfxSapphireSoc/system_riscvJtag_hard_noTap_tunnel_io_bus_cmd_payload_data[12]~FF


INFO     : 	Synchronizer 23: 


INFO     :  u_micro_risc_v1/u_EfxSapphireSoc/system_riscvJtag_hard_noTap_tunnel/logic_systemLogic_bus_rsp_ccToggle_io_output_payload_data[3]~FF


INFO     : 	Synchronizer 24: 


INFO     :  u_micro_risc_v1/u_EfxSapphireSoc/system_riscvJtag_hard_noTap_tunnel/logic_systemLogic_bus_rsp_ccToggle_io_output_payload_data[2]~FF


INFO     : 	Synchronizer 25: 


INFO     :  u_micro_risc_v1/u_EfxSapphireSoc/system_riscvJtag_hard_noTap_tunnel/logic_systemLogic_bus_rsp_ccToggle_io_output_payload_data[1]~FF


INFO     : 	Synchronizer 26: 


INFO     :  u_micro_risc_v1/u_EfxSapphireSoc/system_riscvJtag_hard_noTap_tunnel/logic_systemLogic_bus_rsp_ccToggle_io_output_payload_data[0]~FF


INFO     : 	Synchronizer 27: 


INFO     :  u_micro_risc_v1/u_EfxSapphireSoc/system_riscvJtag_hard_noTap_tunnel/logic_systemLogic_bus_rsp_ccToggle/system_riscvJtag_hard_noTap_tunnel_toplevel_debugCd_logic_outputReset_asyncAssertSyncDeassert_buffercc/buffers_0~FF


INFO     :  u_micro_risc_v1/u_EfxSapphireSoc/system_riscvJtag_hard_noTap_tunnel/logic_systemLogic_bus_rsp_ccToggle/system_riscvJtag_hard_noTap_tunnel_toplevel_debugCd_logic_outputReset_asyncAssertSyncDeassert_buffercc_io_dataOut~FF


INFO     : 	Synchronizer 28: 


INFO     :  u_micro_risc_v1/u_EfxSapphireSoc/system_riscvJtag_hard_noTap_tunnel/logic_systemLogic_bus_rsp_ccToggle/inputArea_target_buffercc/buffers_0~FF


INFO     :  u_micro_risc_v1/u_EfxSapphireSoc/system_riscvJtag_hard_noTap_tunnel/logic_systemLogic_bus_rsp_ccToggle/inputArea_target_buffercc_io_dataOut~FF


INFO     : 	Synchronizer 29: 


INFO     :  u_micro_risc_v1/u_EfxSapphireSoc/system_riscvJtag_hard_noTap_tunnel/logic_systemLogic_bus_rsp_ccToggle_io_output_payload_data[20]~FF


INFO     : 	Synchronizer 30: 


INFO     :  u_micro_risc_v1/u_EfxSapphireSoc/system_riscvJtag_hard_noTap_tunnel/logic_systemLogic_bus_rsp_ccToggle_io_output_payload_data[5]~FF


INFO     : 	Synchronizer 31: 


INFO     :  u_micro_risc_v1/u_EfxSapphireSoc/system_riscvJtag_hard_noTap_tunnel/logic_systemLogic_bus_rsp_ccToggle_io_output_payload_data[9]~FF


INFO     : 	Synchronizer 32: 


INFO     :  u_micro_risc_v1/u_EfxSapphireSoc/system_riscvJtag_hard_noTap_tunnel_io_bus_cmd_payload_data[29]~FF


INFO     : 	Synchronizer 33: 


INFO     :  u_micro_risc_v1/u_EfxSapphireSoc/system_riscvJtag_hard_noTap_tunnel_io_bus_cmd_payload_address[0]~FF


INFO     : 	Synchronizer 34: 


INFO     :  u_micro_risc_v1/u_EfxSapphireSoc/system_riscvJtag_hard_noTap_tunnel/logic_systemLogic_bus_rsp_ccToggle_io_output_payload_data[7]~FF


INFO     : 	Synchronizer 35: 


INFO     :  u_micro_risc_v1/u_EfxSapphireSoc/system_riscvJtag_hard_noTap_tunnel/logic_systemLogic_bus_rsp_ccToggle_io_output_payload_data[8]~FF


INFO     : 	Synchronizer 36: 


INFO     :  u_micro_risc_v1/u_EfxSapphireSoc/system_riscvJtag_hard_noTap_tunnel/logic_systemLogic_bus_rsp_ccToggle_io_output_payload_data[6]~FF


INFO     : 	Synchronizer 37: 


INFO     :  u_micro_risc_v1/u_EfxSapphireSoc/system_riscvJtag_hard_noTap_tunnel/logic_systemLogic_bus_rsp_ccToggle_io_output_payload_data[11]~FF


INFO     : 	Synchronizer 38: 


INFO     :  u_micro_risc_v1/u_EfxSapphireSoc/system_riscvJtag_hard_noTap_tunnel_io_bus_cmd_payload_data[28]~FF


INFO     : 	Synchronizer 39: 


INFO     :  u_micro_risc_v1/u_EfxSapphireSoc/system_riscvJtag_hard_noTap_tunnel_io_bus_cmd_payload_data[0]~FF


INFO     : 	Synchronizer 40: 


INFO     :  u_micro_risc_v1/u_EfxSapphireSoc/system_riscvJtag_hard_noTap_tunnel/logic_systemLogic_bus_rsp_ccToggle_io_output_payload_data[10]~FF


INFO     : 	Synchronizer 41: 


INFO     :  u_micro_risc_v1/u_EfxSapphireSoc/system_riscvJtag_hard_noTap_tunnel/logic_systemLogic_bus_rsp_ccToggle_io_output_payload_data[4]~FF


INFO     : 	Synchronizer 42: 


INFO     :  u_micro_risc_v1/u_EfxSapphireSoc/debugCd_logic_outputReset_asyncAssertSyncDeassert_buffercc/buffers_0~FF


INFO     :  u_micro_risc_v1/u_EfxSapphireSoc/debugCd_logic_outputReset_asyncAssertSyncDeassert_buffercc_io_dataOut~FF


INFO     : 	Synchronizer 43: 


INFO     :  u_micro_risc_v1/u_EfxSapphireSoc/system_riscvJtag_hard_noTap_tunnel/logic_systemLogic_bus_rsp_ccToggle_io_output_payload_data[16]~FF


INFO     : 	Synchronizer 44: 


INFO     :  u_micro_risc_v1/u_EfxSapphireSoc/system_riscvJtag_hard_noTap_tunnel/logic_systemLogic_bus_rsp_ccToggle_io_output_payload_data[17]~FF


INFO     : 	Synchronizer 45: 


INFO     :  u_micro_risc_v1/u_EfxSapphireSoc/system_riscvJtag_hard_noTap_tunnel_io_bus_cmd_payload_data[27]~FF


INFO     : 	Synchronizer 46: 


INFO     :  u_micro_risc_v1/u_EfxSapphireSoc/system_riscvJtag_hard_noTap_tunnel_io_bus_cmd_payload_write~FF


INFO     : 	Synchronizer 47: 


INFO     :  u_micro_risc_v1/u_EfxSapphireSoc/system_riscvJtag_hard_noTap_tunnel/logic_systemLogic_bus_rsp_ccToggle_io_output_payload_data[12]~FF


INFO     : 	Synchronizer 48: 


INFO     :  u_micro_risc_v1/u_EfxSapphireSoc/system_uart_0_io_logic/uartCtrl_1/rx/io_rxd_buffercc/buffers_0~FF


INFO     :  u_micro_risc_v1/u_EfxSapphireSoc/system_uart_0_io_logic/uartCtrl_1/rx/io_rxd_buffercc_io_dataOut~FF


INFO     : 	Synchronizer 49: 


INFO     :  u_micro_risc_v1/u_EfxSapphireSoc/system_riscvJtag_hard_noTap_tunnel/logic_systemLogic_bus_rsp_ccToggle_io_output_payload_data[13]~FF


INFO     : 	Synchronizer 50: 


INFO     :  u_micro_risc_v1/u_EfxSapphireSoc/system_riscvJtag_hard_noTap_tunnel/logic_systemLogic_bus_rsp_ccToggle_io_output_payload_data[14]~FF


INFO     : 	Synchronizer 51: 


INFO     :  u_micro_risc_v1/u_EfxSapphireSoc/io_asyncReset_asyncAssertSyncDeassert_buffercc/buffers_0~FF


INFO     :  u_micro_risc_v1/u_EfxSapphireSoc/io_asyncReset_asyncAssertSyncDeassert_buffercc_io_dataOut~FF


INFO     : 	Synchronizer 52: 


INFO     :  u_micro_risc_v1/u_EfxSapphireSoc/system_riscvJtag_hard_noTap_tunnel/logic_systemLogic_bus_rsp_ccToggle_io_output_payload_data[15]~FF


INFO     : 	Synchronizer 53: 


INFO     :  u_micro_risc_v1/u_EfxSapphireSoc/system_coreStopTime_buffercc/buffers_0~FF


INFO     :  u_micro_risc_v1/u_EfxSapphireSoc/system_coreStopTime_buffercc_io_dataOut~FF


INFO     : 	Synchronizer 54: 


INFO     :  u_micro_risc_v1/u_EfxSapphireSoc/system_riscvJtag_hard_noTap_tunnel/logic_systemLogic_bus_rsp_ccToggle_io_output_payload_data[18]~FF


INFO     : 	Synchronizer 55: 


INFO     :  u_micro_risc_v1/u_EfxSapphireSoc/system_cores_0_logic_cpu/systemCd_logic_outputReset_buffercc/buffers_0~FF


INFO     :  u_micro_risc_v1/u_EfxSapphireSoc/system_cores_0_logic_cpu_debugBus_unavailable~FF


INFO     : 	Synchronizer 56: 


INFO     :  u_micro_risc_v1/u_EfxSapphireSoc/system_riscvJtag_debug_systemReset_asyncAssertSyncDeassert_buffercc/buffers_0~FF


INFO     :  u_micro_risc_v1/u_EfxSapphireSoc/system_riscvJtag_debug_systemReset_asyncAssertSyncDeassert_buffercc_io_dataOut~FF


INFO     : 	Synchronizer 57: 


INFO     :  u_micro_risc_v1/u_EfxSapphireSoc/system_riscvJtag_hard_noTap_tunnel/logic_systemLogic_bus_rsp_ccToggle_io_output_payload_data[19]~FF


INFO     : 	Synchronizer 58: 


INFO     :  u_micro_risc_v1/u_EfxSapphireSoc/system_riscvJtag_hard_noTap_tunnel_io_bus_cmd_payload_data[9]~FF


INFO     : 	Synchronizer 59: 


INFO     :  u_micro_risc_v1/u_EfxSapphireSoc/system_riscvJtag_hard_noTap_tunnel/logic_systemLogic_bus_rsp_ccToggle_io_output_payload_data[29]~FF


INFO     : 	Synchronizer 60: 


INFO     :  u_micro_risc_v1/u_EfxSapphireSoc/system_riscvJtag_hard_noTap_tunnel_io_bus_cmd_payload_data[10]~FF


INFO     : 	Synchronizer 61: 


INFO     :  u_micro_risc_v1/u_EfxSapphireSoc/system_riscvJtag_hard_noTap_tunnel/logic_systemLogic_bus_rsp_ccToggle_io_output_payload_data[30]~FF


INFO     : 	Synchronizer 62: 


INFO     :  u_micro_risc_v1/u_EfxSapphireSoc/system_riscvJtag_hard_noTap_tunnel/logic_systemLogic_bus_rsp_ccToggle_io_output_payload_data[21]~FF


INFO     : 	Synchronizer 63: 


INFO     :  u_micro_risc_v1/u_EfxSapphireSoc/system_riscvJtag_hard_noTap_tunnel_io_bus_cmd_payload_data[1]~FF


INFO     : 	Synchronizer 64: 


INFO     :  u_micro_risc_v1/u_EfxSapphireSoc/system_riscvJtag_hard_noTap_tunnel_io_bus_cmd_payload_data[11]~FF


INFO     : 	Synchronizer 65: 


INFO     :  u_micro_risc_v1/u_EfxSapphireSoc/system_riscvJtag_hard_noTap_tunnel/logic_systemLogic_bus_rsp_ccToggle_io_output_payload_data[31]~FF


INFO     : 	Synchronizer 66: 


INFO     :  u_micro_risc_v1/u_EfxSapphireSoc/system_riscvJtag_hard_noTap_tunnel/logic_systemLogic_bus_rsp_ccToggle_io_output_payload_data[22]~FF


INFO     : 	Synchronizer 67: 


INFO     :  u_micro_risc_v1/u_EfxSapphireSoc/system_riscvJtag_hard_noTap_tunnel_io_bus_cmd_payload_data[2]~FF


INFO     : 	Synchronizer 68: 


INFO     :  u_micro_risc_v1/u_EfxSapphireSoc/system_riscvJtag_hard_noTap_tunnel/logic_systemLogic_bus_rsp_ccToggle_io_output_payload_data[23]~FF


INFO     : 	Synchronizer 69: 


INFO     :  u_micro_risc_v1/u_EfxSapphireSoc/system_riscvJtag_hard_noTap_tunnel_io_bus_cmd_payload_data[3]~FF


INFO     : 	Synchronizer 70: 


INFO     :  u_micro_risc_v1/u_EfxSapphireSoc/system_riscvJtag_hard_noTap_tunnel/logic_systemLogic_bus_rsp_ccToggle_io_output_payload_data[24]~FF


INFO     : 	Synchronizer 71: 


INFO     :  u_micro_risc_v1/u_EfxSapphireSoc/system_riscvJtag_hard_noTap_tunnel_io_bus_cmd_payload_data[4]~FF


INFO     : 	Synchronizer 72: 


INFO     :  u_micro_risc_v1/u_EfxSapphireSoc/system_riscvJtag_hard_noTap_tunnel/logic_systemLogic_bus_rsp_ccToggle_io_output_payload_data[25]~FF


INFO     : 	Synchronizer 73: 


INFO     :  u_micro_risc_v1/u_EfxSapphireSoc/system_riscvJtag_hard_noTap_tunnel_io_bus_cmd_payload_data[5]~FF


INFO     : 	Synchronizer 74: 


INFO     :  u_micro_risc_v1/u_EfxSapphireSoc/system_riscvJtag_hard_noTap_tunnel/logic_jtagLogic_dmiCmd_ccToggle/inputArea_target_buffercc/buffers_0~FF


INFO     :  u_micro_risc_v1/u_EfxSapphireSoc/system_riscvJtag_hard_noTap_tunnel/logic_jtagLogic_dmiCmd_ccToggle/inputArea_target_buffercc_io_dataOut~FF


INFO     : 	Synchronizer 75: 


INFO     :  u_micro_risc_v1/u_EfxSapphireSoc/system_riscvJtag_hard_noTap_tunnel/logic_systemLogic_bus_rsp_ccToggle_io_output_payload_data[26]~FF


INFO     : 	Synchronizer 76: 


INFO     :  u_micro_risc_v1/u_EfxSapphireSoc/system_riscvJtag_hard_noTap_tunnel_io_bus_cmd_payload_data[6]~FF


INFO     : 	Synchronizer 77: 


INFO     :  u_micro_risc_v1/u_EfxSapphireSoc/system_riscvJtag_hard_noTap_tunnel/logic_systemLogic_bus_rsp_ccToggle_io_output_payload_data[27]~FF


INFO     : 	Synchronizer 78: 


INFO     :  u_micro_risc_v1/u_EfxSapphireSoc/system_riscvJtag_hard_noTap_tunnel_io_bus_cmd_payload_data[7]~FF


INFO     : 	Synchronizer 79: 


INFO     :  u_micro_risc_v1/u_EfxSapphireSoc/system_riscvJtag_hard_noTap_tunnel/logic_systemLogic_bus_rsp_ccToggle_io_output_payload_data[28]~FF


INFO     : 	Synchronizer 80: 


INFO     :  u_micro_risc_v1/u_EfxSapphireSoc/system_riscvJtag_hard_noTap_tunnel_io_bus_cmd_payload_data[8]~FF


INFO     : Starting Global Placer with 4 threads ...


            ----------     -------  --------------     -------

             Iteration       WHPWL Worst Slack (ps) Convergence

            ----------     -------  --------------     -------

INFO     :           1    10018616           -1354         1.7%


INFO     :           2     9679310            -727         2.7%


INFO     :           3     8798417           -3051         3.2%


INFO     :           4     7494004           -2777         3.6%


INFO     :           5     3822248           -3113         4.6%


INFO     :           6     2222873           -3156         8.1%


INFO     :           7     1248001           -3473        14.5%


INFO     :           8      647105           -4571        27.4%


INFO     :           9      484122           -5899        45.2%


INFO     :          10      443908           -7582        56.3%


INFO     :          11      404879           -7422        56.3%


INFO     :          12      412676           -6607        64.7%


INFO     :          13      400162           -6575        64.7%


INFO     :          14      412035           -6916        66.8%


INFO     :          15      390230           -6663        66.8%


INFO     :          16      407531           -6530        70.3%


INFO     :          17      387489           -6992        70.3%


INFO     :          18      411444           -6786        72.4%


INFO     :          19      382475           -6969        72.4%


INFO     :          20      404537           -6328        74.9%


INFO     :          21      366802           -6755        74.9%


INFO     :          22      391371           -7317        79.2%


INFO     :          23      381305           -7278        79.2%


INFO     :          24      384854           -6549        79.2%


INFO     :          25      370119           -7402        79.2%


INFO     :          26      382507           -7122        80.4%


INFO     :          27      369896           -7366        80.4%


INFO     :          28      379987           -6800        80.4%


INFO     :          29      366245           -7364        80.4%


INFO     :          30      375769           -7477        81.6%


INFO     :          31      364774           -7479        81.6%


INFO     :          32      374132           -7491        82.7%


INFO     :          33      360602           -6803        82.7%


INFO     :          34      374704           -7135        83.9%


INFO     :          35      361560           -7073        83.9%


INFO     :          36      371449           -6702        83.9%


INFO     :          37      366113           -7322        83.9%


INFO     :          38      369505           -7770        84.9%


INFO     :          39      363941           -7258        84.9%


INFO     :          40      366666           -7258        86.7%


INFO     :          41      362166           -7518        86.7%


INFO     :          42      363431           -7124        87.2%


INFO     :          43      360530           -7118        87.3%


INFO     :          44      362209           -6694        88.5%


INFO     :          45      357817           -7499        88.5%


INFO     :          46      363031           -7297        90.9%


INFO     :          47      356985           -7893        90.9%


INFO     :          48      363202           -7488        91.7%


INFO     :          49      357336           -7506        91.7%


INFO     :          50      362120           -7456        92.5%


INFO     :          51      362117           -7350        92.5%


INFO     :          52      358283           -7904        92.7%


INFO     :          53      359319           -7650        94.1%


INFO     :          54      362287           -7834        94.8%


INFO     :          55      362551           -7300        95.1%


INFO     :          56      360580           -7528        95.9%


INFO     :          57      361484           -8285        97.2%


INFO     :          58      363584           -8481        98.0%


INFO     :          59      363909           -8547        98.3%


INFO     :          60      364221           -8664        98.6%


INFO     :          61      365286           -8391        99.2%


INFO     :          62      366945           -8053        99.3%


INFO     : Starting Annealer


            ----------     -------  --------------     -------

             Iteration       WHPWL  Delay Max (ps)     R Limit

            ----------     -------  --------------     -------

INFO     :           0      172638           18718        30.0


INFO     :           1      140642           14371        29.3


INFO     :           2      128769           13271        28.4


INFO     :           3      119208           12552        27.4


INFO     :           4      114487           12079        26.1


INFO     :           5      112167           14345        24.9


INFO     :           6      109285           11482        23.5


INFO     :           7      108095           12024        22.1


INFO     :           8      107293           14764        20.7


INFO     :           9      106631           11229        19.5


INFO     :          10      106259           10896        18.2


INFO     :          11      104946           10643        17.0


INFO     :          12      103769           11575        15.9


INFO     :          13      103007           13896        14.9


INFO     :          14      101672           10528        13.8


INFO     :          15      100525           10487        12.9


INFO     :          16       99562           11560        12.0


INFO     :          17       98729           10972        11.2


INFO     :          18       97512           10147        10.4


INFO     :          19       96359           10573         9.7


INFO     :          20       95785           10134         8.9


INFO     :          21       95106           10423         8.3


INFO     :          22       94747           10229         7.7


INFO     :          23       93955           10454         7.2


INFO     :          24       93206           10508         6.7


INFO     :          25       92445           13862         6.2


INFO     :          26       91946           13862         5.7


INFO     :          27       91070           13946         5.3


INFO     :          28       90524           13853         4.9


INFO     :          29       89726           13853         4.6


INFO     :          30       89430           13853         4.2


INFO     :          31       89096           14644         3.9


INFO     :          32       88662           10232         3.6


INFO     :          33       88006           13584         3.3


INFO     :          34       87918           13452         3.1


INFO     :          35       87613           13452         2.9


INFO     :          36       87287           13506         2.7


INFO     :          37       87350           13452         2.5


INFO     :          38       87289           13452         2.3


INFO     :          39       87075            9686         2.1


INFO     :          40       86757           13506         2.0


INFO     :          41       86316            9861         1.8


INFO     :          42       86287           13452         1.7


INFO     :          43       86388           14007         1.5


INFO     :          44       86176           10351         1.4


INFO     :          45       85896           10500         1.3


INFO     :          46       85564           14176         1.2


INFO     : Counted delay computer calls: 107494
Placement successful: 8190 cells are placed


INFO     : Peak congestion smeared over 1/4 of the chip is 0.338033 at 63,72


INFO     : Congestion-weighted HPWL per net: 24.9874


INFO     : Post-placement cluster-level checks is successful


INFO     : Checks is successful


INFO     : Reading placement constraints from '/home/olle/efinity_p2/BRAM/outflow/BRAM.qplace'.


INFO     : Finished Realigning Types (844 blocks needed type change)


INFO     : Completed placement consistency check successfully.




INFO     : Successfully created FPGA place file '/home/olle/efinity_p2/BRAM/outflow/BRAM.place'


INFO     : Placement took 14.4883 seconds.


INFO     : 	Placement took 37.4 seconds (approximately) in total CPU time.


INFO     : Placement virtual memory usage: begin = 274.372 MB, end = 401.004 MB, delta = 126.632 MB


INFO     : Placement resident set memory usage: begin = 155.008 MB, end = 274.92 MB, delta = 119.912 MB


INFO     : 	Placement peak resident set memory usage = 334.568 MB


           ***** Ending stage placement *****

           

           

           Efinix FPGA Placement and Routing.

           Version: 2025.1.110.2.15 

           Compiled: Jun 21 2025.

           

           Copyright (C) 2013 - 2025 Efinix, Inc. All rights reserved.


           

           The Tool Is Based on VPR of University of Toronto,

           a free open source code under MIT license.

           

           

INFO     : Running Placement and Routing for Family "Trion", Device "T20F169" ...


           

           ***** Beginning stage routing graph generation ... *****

INFO     : Read ipin pattern from /home/olle/efinix/efinity/2025.1/arch/./routing/ipin_oph.xml


INFO     : Finished parsing ipin pattern file '/home/olle/efinix/efinity/2025.1/arch/./routing/ipin_oph.xdb'.


INFO     : Finished parsing switch_block file '/home/olle/efinix/efinity/2025.1/arch/./routing/sb_connectivity_subset.xdb'.


INFO     : BuildGraph process took 2.7948 seconds.


INFO     : 	BuildGraph process took 2.68 seconds (approximately) in total CPU time.


INFO     : BuildGraph process virtual memory usage: begin = 401.004 MB, end = 573.756 MB, delta = 172.752 MB


INFO     : BuildGraph process resident set memory usage: begin = 275.56 MB, end = 480.104 MB, delta = 204.544 MB


INFO     : 	BuildGraph process peak resident set memory usage = 480.104 MB


INFO     : check rr_graph process took 0.110909 seconds.


INFO     : 	check rr_graph process took 0.1 seconds (approximately) in total CPU time.


INFO     : check rr_graph process virtual memory usage: begin = 601.356 MB, end = 610.556 MB, delta = 9.2 MB


INFO     : check rr_graph process resident set memory usage: begin = 507.752 MB, end = 517.096 MB, delta = 9.344 MB


INFO     : 	check rr_graph process peak resident set memory usage = 517.096 MB


INFO     : Generated 1177478 RR nodes and 4450503 RR edges


INFO     : This design has 0 global control net(s). See /home/olle/efinity_p2/BRAM/outflow/BRAM.route.rpt for details.


INFO     : Routing graph took 2.98353 seconds.


INFO     : 	Routing graph took 2.85 seconds (approximately) in total CPU time.


INFO     : Routing graph virtual memory usage: begin = 401.004 MB, end = 610.556 MB, delta = 209.552 MB


INFO     : Routing graph resident set memory usage: begin = 275.048 MB, end = 517.224 MB, delta = 242.176 MB


INFO     : 	Routing graph peak resident set memory usage = 517.224 MB


           ***** Ending stage routing graph generation *****

           

           ***** Beginning stage routing ... *****

INFO     : SDC file '/home/olle/efinity_p2/BRAM/const1.sdc' parsed successfully.


INFO     : 2 clocks (including virtual clocks), 0 inputs and 0 outputs were constrained.


INFO     :  ---------      -------     --------------      -------------


INFO     :  Iteration      Overuse     Crit Path (ns)      Calc Time (s)


INFO     :  ---------      -------     --------------      -------------


INFO     :          1        27856              10.56               4.09


INFO     :          2         5073              10.47               4.45


INFO     :          3         2290              10.47               3.89


INFO     :          4          805              10.47               3.11


INFO     :          5          300               10.4               2.56


INFO     :          6          140               10.4               1.93


INFO     :          7           67              10.42                1.3


INFO     :          8           41              10.49                1.8


INFO     :          9           15              10.93               1.65


INFO     :         10            3              10.64              0.316


INFO     :         11            4              10.79               2.21


INFO     :         12            0              10.74              0.295


           

INFO     : Successfully routed netlist after 12 routing iterations and 75531528 heapops


INFO     : Completed net delay value cross check successfully.


           ***** Beginning stage routing check ... *****

           ***** Ending stage routing check *****

           

INFO     : Serial number (magic cookie) for the routing is: 566445459


INFO     : Netlist fully routed.


INFO     : Successfully created FPGA route file '/home/olle/efinity_p2/BRAM/outflow/BRAM.route'


INFO     : Routing took 28.7227 seconds.


INFO     : 	Routing took 29.02 seconds (approximately) in total CPU time.


INFO     : Routing virtual memory usage: begin = 610.556 MB, end = 847.292 MB, delta = 236.736 MB


INFO     : Routing resident set memory usage: begin = 517.224 MB, end = 715.752 MB, delta = 198.528 MB


INFO     : 	Routing peak resident set memory usage = 715.752 MB


           ***** Ending stage routing *****

           

           ***** Beginning stage final timing analysis ... *****

INFO     : SDC file '/home/olle/efinity_p2/BRAM/const1.sdc' parsed successfully.


INFO     : 2 clocks (including virtual clocks), 0 inputs and 0 outputs were constrained.


Maximum possible analyzed clocks frequency
 Clock Name  Period (ns)  Frequency (MHz)     Edge
  clk           13.549        73.806         (R-R)
  pll_clk       10.897        91.768         (R-R)

Geomean max period: 12.151

Setup (Max) Clock Relationship
  Launch Clock    Capture Clock   Constraint (ns)     Slack (ns)          Edge
    clk              clk               30.000           16.451           (R-R)
    pll_clk          clk                1.000           -0.321           (R-R)
    pll_clk          pll_clk            7.000           -3.897           (R-R)

Hold (Min) Clock Relationship
  Launch Clock    Capture Clock   Constraint (ns)     Slack (ns)          Edge
    clk              clk               0.000            0.119            (R-R)
    pll_clk          clk               0.000            0.329            (R-R)
    pll_clk          pll_clk           0.000            0.119            (R-R)


WARNING  : Clock domain between pll_clk (rising) and clk (rising) may not meet (slack: -0.321 ns) the setup (max) timing requirement


WARNING  : Clock domain between pll_clk (rising) and pll_clk (rising) may not meet (slack: -3.897 ns) the setup (max) timing requirement


INFO     : Write Timing Report to "/home/olle/efinity_p2/BRAM/outflow/BRAM.timing.rpt" ...


INFO     : final timing analysis took 0.502019 seconds.


INFO     : 	final timing analysis took 0.52 seconds (approximately) in total CPU time.


INFO     : final timing analysis virtual memory usage: begin = 847.292 MB, end = 847.292 MB, delta = 0 MB


INFO     : final timing analysis resident set memory usage: begin = 715.88 MB, end = 716.264 MB, delta = 0.384 MB


INFO     : 	final timing analysis peak resident set memory usage = 716.264 MB


           ***** Ending stage final timing analysis *****

           

           ***** Beginning stage bitstream generation ... *****

INFO     : Reading core interface constraints file "/home/olle/efinity_p2/BRAM/outflow/BRAM.interface.csv"


INFO     : Successfully read core interface constraints file "/home/olle/efinity_p2/BRAM/outflow/BRAM.interface.csv"


INFO     : Finished writing bitstream file /home/olle/efinity_p2/BRAM/work_pnr/BRAM.lbf.


INFO     : Bitstream generation took 0.555124 seconds.


INFO     : 	Bitstream generation took 0.55 seconds (approximately) in total CPU time.


INFO     : Bitstream generation virtual memory usage: begin = 847.292 MB, end = 847.292 MB, delta = 0 MB


INFO     : Bitstream generation resident set memory usage: begin = 716.264 MB, end = 717.032 MB, delta = 0.768 MB


INFO     : 	Bitstream generation peak resident set memory usage = 717.032 MB


           ***** Ending stage bitstream generation *****

           

INFO     : The entire flow of EFX_PNR took 51.2387 seconds.


INFO     : 	The entire flow of EFX_PNR took 74.81 seconds (approximately) in total CPU time.


INFO     : The entire flow of EFX_PNR virtual memory usage: begin = 119.632 MB, end = 847.292 MB, delta = 727.66 MB


INFO     : The entire flow of EFX_PNR resident set memory usage: begin = 38.656 MB, end = 716.712 MB, delta = 678.056 MB


INFO     : 	The entire flow of EFX_PNR peak resident set memory usage = 717.032 MB


Sat August 16 25 11:07:33 - /home/olle/efinix/efinity/2025.1/bin/efx_pnr finished. Exit code = 0 Exit status : Normal





-------------------------------------------------------------------------

Generating bitstream

-------------------------------------------------------------------------

Sat August 16 25 11:07:33 - Bitstream generation flow working directory is /home/olle/efinity_p2/BRAM/work_pnr


INFO     : --max_threads set to 4 

Sat August 16 25 11:07:34 - /home/olle/efinix/efinity/2025.1/bin/efx_pgm --source "/home/olle/efinity_p2/BRAM/work_pnr/BRAM.lbf" --dest "/home/olle/efinity_p2/BRAM/outflow/BRAM.hex" --device "T20F169" --family "Trion" --periph "/home/olle/efinity_p2/BRAM/outflow/BRAM.lpf" --interface_designer_settings "/home/olle/efinity_p2/BRAM/outflow/BRAM_or.ini" --enable_external_master_clock "off" --oscillator_clock_divider "DIV8" --active_capture_clk_edge "posedge" --spi_low_power_mode "on" --io_weak_pullup "on" --enable_roms "smart" --mode "active" --width "1" --release_tri_then_reset "on"

Sat August 16 25 11:07:34 - Running /home/olle/efinix/efinity/2025.1/bin/efx_pgm...

INFO     : Efinix FPGA Bitstream Generator.


INFO     : Version: 2025.1.110.2.15 


INFO     : Copyright (C) 2013 - 2025 Efinix, Inc. All rights reserved.


INFO     : Compiled: May  7 2025.


INFO     : Using source file "/home/olle/efinity_p2/BRAM/work_pnr/BRAM.lbf"


INFO     : Generating HEX programming file for device "T20F169", family "Trion"


INFO     : Using periphery source file "/home/olle/efinity_p2/BRAM/outflow/BRAM.lpf"


INFO     : Generating bit file: "/home/olle/efinity_p2/BRAM/outflow/BRAM.bit"


INFO     : HEX Generation Options Summary:


INFO     : 	Listing options specified to bitstream generation:


INFO     : 	spi_low_power_mode                       = on


INFO     : 	oscillator_clock_divider                 = DIV8


INFO     : 	io_weak_pullup                           = on


INFO     : 	enable_remote_update                     = off


INFO     : 	release_tri_then_reset                   = on


INFO     : Finished generating "/home/olle/efinity_p2/BRAM/outflow/BRAM.hex"


INFO     : Efinix Bitstream Generator took 1.02229 seconds.


INFO     : 	Efinix Bitstream Generator took 0.97 seconds (approximately) in total CPU time.


INFO     : Efinix Bitstream Generator virtual memory usage: begin = 35.096 MB, end = 93.392 MB, delta = 58.296 MB


INFO     : Efinix Bitstream Generator resident set memory usage: begin = 14.976 MB, end = 75.648 MB, delta = 60.672 MB


INFO     : 	Efinix Bitstream Generator peak resident set memory usage = 334.568 MB


Sat August 16 25 11:07:35 - /home/olle/efinix/efinity/2025.1/bin/efx_pgm finished. Exit code = 0 Exit status : Normal

Running hex generation flow done.

Sat August 16 25 11:07:35 - Running automated flow starting from synthesis done. Total duration = 3m 12.869s

Sat August 16 25 11:07:59 - Running Efinity Debugger...

