[2025-08-08 22:15:30] [INFO    ] [common.console] [id-1754684128] ----------------------------NEW SESSION STARTING------------------------------
[2025-08-08 22:15:30] [INFO    ] [common.console] [id-1754684128] [CONSOLE-START] Console message consumer thread starts...
[2025-08-08 22:15:30] [INFO    ] [common.console] [id-1754684128] [CONSOLE-START] Exec Start Process thread = <PyQt6.QtCore.QThread object at 0x7110867e3b50>
[2025-08-08 22:15:30] [INFO    ] [__main__] [id-1754684128] [MAIN-BEGIN] IP Manager has started running
[2025-08-08 22:15:30] [INFO    ] [gui.api_wrapper] [id-1754684128] [GET_SETTINGS_JSON-BEGIN] Getting parsed settings json...
[2025-08-08 22:15:30] [INFO    ] [gui.ip_config_window] [id-1754684128] [IP-CONFIG-START-BEGIN] Initializing IP Config Window...
[2025-08-08 22:15:30] [INFO    ] [efx_ipmgr.api_v2] [id-1754684128] [JSON_DECODER-DONE] Decoding done
[2025-08-08 22:15:30] [INFO    ] [common.efinity_grpc_watcher] [id-1754684128] [WATCHER-START-BEGIN] Efinity grpc start monitoring
[2025-08-08 22:15:30] [INFO    ] [gui.api_wrapper] [id-1754684128] [GET_SETTINGS_JSON] IP Gen dict = {
    "gen_name": "micro_risc_v1",
    "vlnv": {
        "vendor": "efinixinc.com",
        "library": "soc",
        "name": "efx_soc",
        "version": "3.2.2"
    },
    "sw_version": "2025.1.110.2.15",
    "base_path": "/home/olle/efinity_p2/BRAM/ip",
    "generated_date": "2025-08-08T19:55:48.152782+00:00",
    "params": {
        "HexFile_PathEnable": "1'b1",
        "HexFile_Path": "\"embedded_sw/micro_risc_v1/software/standalone/blink_led/build/blink_led.hex\"",
        "APBSlave0_Size": "65536",
        "DEVKIT_CUSTOM": "\"sapphireBoard_rev0\"",
        "LDSize": "124",
        "LDStackSize": "4",
        "DEVKIT": "0",
        "DEBUG": "1'b1",
        "IDE_SEL": "1'b0",
        "RISCV_DEBUG_PRIV": "1'b1",
        "HARD_BREAKPOINT": "1",
        "SOFT_TAP": "1'b1",
        "TAP_MODE": "1'b1",
        "TAP_COUNT": "2",
        "TAP_SEL": "8",
        "Frequency": "128",
        "PeriFrequencyEnable": "1'b0",
        "PeriFrequency": "50",
        "UART2_FIFODEPTH": "128",
        "UART2_INT_ID": "3",
        "TEST": "1'b0",
        "Base_M_AXIS": "32'd3774873600",
        "APBSlave0": "1'b0",
        "APBSlave2": "1'b0",
        "Base_M_IO": "32'd4160749568",
        "APBSlave1": "1'b0",
        "APBSlave3": "1'b0",
        "USER_1_INTR_ID": "17",
        "USER_1_INTR": "1'b0",
        "USER_0_INTR_ID": "16",
        "USER_0_INTR": "1'b0",
        "USER_2_INTR": "1'b0",
        "USER_2_INTR_ID": "22",
        "USER_3_INTR": "1'b0",
        "USER_3_INTR_ID": "23",
        "USER_4_INTR": "1'b0",
        "USER_4_INTR_ID": "24",
        "USER_5_INTR": "1'b0",
        "USER_5_INTR_ID": "25",
        "USER_6_INTR": "1'b0",
        "USER_6_INTR_ID": "26",
        "USER_7_INTR": "1'b0",
        "USER_7_INTR_ID": "27",
        "APBSlave4": "1'b0",
        "CustomInstruction": "1'b0",
        "ATMEXT": "1'b0",
        "CMREXT": "1'b0",
        "FPEXT": "1'b1",
        "FPU": "1'b0",
        "LINUX": "1'b0",
        "ICACHEWAY": "1",
        "DCACHEWAY": "1",
        "CpuCount": "1",
        "ICacheSize": "4096",
        "DCacheSize": "4096",
        "Cache": "1'b1",
        "ICache_EN": "1'b1",
        "DCache_EN": "1'b1",
        "DDR": "1'b0",
        "DDR_AXI4": "1'b0",
        "DDRWidth": "128",
        "DDR_IdWidth": "8",
        "DDRSize": "32'd3758096384",
        "OCRSize": "8192",
        "AXISlave": "1'b0",
        "AXISlaveSize": "16777216",
        "GPIO1_INT_ID1": "15",
        "GPIO1_INT_ID0": "14",
        "GPIO0_INT_ID1": "13",
        "GPIO0_INT_ID0": "1",
        "GPIO0": "1'b1",
        "GPIO0Width": "1",
        "GPIO1Width": "8",
        "GPIO1": "1'b0",
        "UART0_FIFODEPTH": "64",
        "UART0_INT_ID": "2",
        "UART0_M_Addr": "32'd4096",
        "UART1_M_Addr": "32'd8192",
        "UART2_M_Addr": "32'd12288",
        "SPI0_M_Addr": "32'd24576",
        "SPI1_M_Addr": "32'd16384",
        "SPI2_M_Addr": "32'd20480",
        "I2C0_M_Addr": "32'd40960",
        "I2C1_M_Addr": "32'd45056",
        "I2C2_M_Addr": "32'd49152",
        "GPIO0_M_Addr": "32'd53248",
        "GPIO1_M_Addr": "32'd57344",
        "APBSlave0_M_Addr": "32'd1048576",
        "APBSlave1_M_Addr": "32'd2097152",
        "APBSlave2_M_Addr": "32'd3145728",
        "APBSlave3_M_Addr": "32'd4194304",
        "APBSlave4_M_Addr": "32'd5242880",
        "UART0": "1'b1",
        "UART2": "1'b0",
        "UART1_FIFODEPTH": "128",
        "UART1_INT_ID": "2",
        "UART1": "1'b0",
        "SPI2": "1'b0",
        "SPI2DW": "8",
        "SPI2SS": "1",
        "SPI2_FIFODEPTH": "256",
        "SPI1_INT_ID": "5",
        "SPI1": "1'b0",
        "SPI1DW": "8",
        "SPI1SS": "1",
        "SPI1_FIFODEPTH": "256",
        "SPI0_INT_ID": "4",
        "SPI0": "1'b0",
        "SPI0DW": "8",
        "SPI0SS": "1",
        "SPI0_FIFODEPTH": "256",
        "I2C2_INT_ID": "10",
        "ADDR_Scheme": "1'b0",
        "I2C2": "1'b0",
        "I2C1": "1'b0",
        "SPI2_INT_ID": "6",
        "I2C1_INT_ID": "9",
        "I2C0_INT_ID": "8",
        "I2C0": "1'b0",
        "AXIMasterWidth_1": "32",
        "AXIMaster_1": "1'b0",
        "AXIMasterWidth": "32",
        "AXIMaster": "1'b1",
        "USER_TIMER0": "1'b0",
        "USER_TIMER0_CNT_WIDTH": "12",
        "USER_TIMER0_PS_WIDTH": "8",
        "USER_TIMER0_INT_ID": "19",
        "USER_TIMER0_M_Addr": "32'd61440",
        "USER_TIMER1": "1'b0",
        "USER_TIMER1_CNT_WIDTH": "12",
        "USER_TIMER1_PS_WIDTH": "8",
        "USER_TIMER1_INT_ID": "20",
        "USER_TIMER1_M_Addr": "32'd65536",
        "USER_TIMER2": "1'b0",
        "USER_TIMER2_CNT_WIDTH": "12",
        "USER_TIMER2_PS_WIDTH": "8",
        "USER_TIMER2_INT_ID": "21",
        "USER_TIMER2_M_Addr": "32'd69632",
        "WDT0": "1'b0",
        "WDT0_PS_WIDTH": "24",
        "WDT0_TIMER_WIDTH": "16",
        "WDT0_M_Addr": "32'd73728",
        "WDT0_INT_ID": "32",
        "RAM_OPT": "1'b0",
        "SOC_MODE": "1",
        "MULDIV_EXT": "1'b0",
        "BARREL_SHIFTER": "1'b0",
        "REDUCED_CSR": "1'b1",
        "DDRCLK_DOMAIN": "1",
        "DDR_OPT": "1",
        "SW_REMOVED": "1'b0"
    },
    "output_info": {
        "external_script_generator": [],
        "external_source_source": [
            "micro_risc_v1/micro_risc_v1_tmpl.vhd",
            "micro_risc_v1/micro_risc_v1.v",
            "micro_risc_v1/micro_risc_v1_define.vh",
            "micro_risc_v1/micro_risc_v1_tmpl.v"
        ],
        "external_script_script": [],
        "external_script_embedded_sw": [],
        "external_example_design": [
            "micro_risc_v1/T120F324_devkit/design_modules.v",
            "micro_risc_v1/T120F324_devkit/ddr_reset_sequencer.v",
            "micro_risc_v1/T120F324_devkit/soc.hex",
            "micro_risc_v1/T120F324_devkit/micro_risc_v1.v",
            "micro_risc_v1/T120F324_devkit/micro_risc_v1_define.vh",
            "micro_risc_v1/T120F324_devkit/soc.xml"
        ],
        "external_example_design_ti": [
            "micro_risc_v1/Ti60F225_devkit/design_modules.v",
            "micro_risc_v1/Ti60F225_devkit/hbram_top.v",
            "micro_risc_v1/Ti60F225_devkit/hbram_top_define.vh",
            "micro_risc_v1/Ti60F225_devkit/soc.hex",
            "micro_risc_v1/Ti60F225_devkit/micro_risc_v1.v",
            "micro_risc_v1/Ti60F225_devkit/micro_risc_v1_define.vh",
            "micro_risc_v1/Ti60F225_devkit/soc.xml"
        ],
        "external_example_design_ti180": [
            "micro_risc_v1/Ti180J484_devkit/design_modules.v",
            "micro_risc_v1/Ti180J484_devkit/micro_risc_v1.v",
            "micro_risc_v1/Ti180J484_devkit/micro_risc_v1_define.vh",
            "micro_risc_v1/Ti180J484_devkit/soc.xml"
        ],
        "external_example_design_tz170": [
            "micro_risc_v1/Tz170J484_devkit/design_modules.v",
            "micro_risc_v1/Tz170J484_devkit/micro_risc_v1.v",
            "micro_risc_v1/Tz170J484_devkit/micro_risc_v1_define.vh",
            "micro_risc_v1/Tz170J484_devkit/soc.xml"
        ],
        "external_testbench_testbench": [
            "micro_risc_v1/Testbench/MEM_IM.TXT",
            "micro_risc_v1/Testbench/SECSI.TXT",
            "micro_risc_v1/Testbench/SFDP.TXT",
            "micro_risc_v1/Testbench/SREG.TXT",
            "micro_risc_v1/Testbench/README",
            "micro_risc_v1/Testbench/tb_soc.do",
            "micro_risc_v1/Testbench/modelsim.do",
            "micro_risc_v1/Testbench/wave.do",
            "micro_risc_v1/Testbench/aldec.do",
            "micro_risc_v1/Testbench/design_modules.v",
            "micro_risc_v1/Testbench/sim_modules.v",
            "micro_risc_v1/Testbench/W25Q32JVxxIM.v",
            "micro_risc_v1/Testbench/micro_risc_v1.v",
            "micro_risc_v1/Testbench/micro_risc_v1_define.vh"
        ],
        "external_testbench_modelsim": [
            "micro_risc_v1/Testbench/modelsim/micro_risc_v1.v"
        ],
        "external_testbench_aldec": [
            "micro_risc_v1/Testbench/aldec/micro_risc_v1.v"
        ],
        "external_testbench_ncsim": [
            "micro_risc_v1/Testbench/ncsim/micro_risc_v1.v"
        ],
        "external_testbench_synopsys": [
            "micro_risc_v1/Testbench/synopsys/micro_risc_v1.v"
        ]
    },
    "ooc_synthesis": {}
}
[2025-08-08 22:15:30] [INFO    ] [gui.api_wrapper] [id-1754684128] [GET_SETTINGS_JSON-DONE] Successfully parsed settings_json
[2025-08-08 22:15:31] [INFO    ] [efx_ipmgr.api_v2] [id-1754684128] [LOAD_IP-BEGIN] Starting load IP
[2025-08-08 22:15:31] [INFO    ] [efx_ipmgr.api_v2] [id-1754684128] [PICKLE_LOAD-BEGIN] using pickle to load...
[2025-08-08 22:15:32] [INFO    ] [efx_ipmgr.api_v2] [id-1754684128] [PICKLE_LOAD-DONE] Loading with pickle done.
[2025-08-08 22:15:32] [INFO    ] [efx_ipmgr.api_v2] [id-1754684128] [LOAD_IP-DONE] Starting load IP
[2025-08-08 22:15:32] [INFO    ] [gui.api_wrapper] [id-1754684128] [GET_IP_DOCUMENTATION-BEGIN] Getting IP documentation...
[2025-08-08 22:15:32] [INFO    ] [efx_ipmgr.api_v2] [id-1754684128] [GET_IP_DOCUMENTATION] IP Documentation Link: file://${IP_LIBRARY_ROOT}/efx_soc/efx_soc/ipm/doc/topics/hlp-sapphire-soc.html
[2025-08-08 22:15:32] [INFO    ] [efx_ipmgr.api_v2] [id-1754684128] [GET_IP_DOCUMENTATION] Resolved ip documentation uri: /home/olle/efinix/efinity/2025.1/ipm/ip/efx_soc/efx_soc/ipm/doc/topics/hlp-sapphire-soc.html
[2025-08-08 22:15:32] [INFO    ] [gui.api_wrapper] [id-1754684128] [GET_IP_DOCUMENTATION-DONE] IP documentation location successfully loaded
[2025-08-08 22:15:32] [INFO    ] [gui.api_wrapper] [id-1754684128] [GET_PARAMS-BEGIN] Getting IP params...
[2025-08-08 22:15:32] [INFO    ] [gui.api_wrapper] [id-1754684128] [GET_PARAMS-DONE] Choices and params obtained
[2025-08-08 22:15:32] [INFO    ] [gui.ip_config_window] [id-1754684128] [IP-CONFIG-SETUP-PARAMS-BEGIN] Setting up params...
[2025-08-08 22:15:32] [INFO    ] [gui.ip_config_window] [id-1754684128] [IP-CONFIG-SETUP-PARAMS-DONE] Param setup done.
[2025-08-08 22:15:32] [INFO    ] [gui.api_wrapper] [id-1754684128] [GET_FILESETS-BEGIN] Getting ip filesets...
[2025-08-08 22:15:32] [INFO    ] [gui.api_wrapper] [id-1754684128] [GET_FILESETS] IP filesets successfully obtained
[2025-08-08 22:15:32] [INFO    ] [gui.api_wrapper] [id-1754684128] [GET_FILESETS] Cross checking with compulsory table.
[2025-08-08 22:15:32] [INFO    ] [gui.api_wrapper] [id-1754684128] [GET_FILESETS-DONE] GUI Filesets obtained.
[2025-08-08 22:15:32] [INFO    ] [gui.api_wrapper] [id-1754684128] [GET_CONFIG_TEMPLATE-BEGIN] Getting config_template.json file...
[2025-08-08 22:15:32] [INFO    ] [efx_ipmgr.api_v2] [id-1754684128] [GET_IP_GUI_TEMPLATE] GUI Template Link: file://${IP_LIBRARY_ROOT}/efx_soc/efx_soc/ipm/gui/config_template.json
[2025-08-08 22:15:32] [INFO    ] [efx_ipmgr.api_v2] [id-1754684128] [GET_IP_GUI_TEMPLATE] Resolved gui template uri: /home/olle/efinix/efinity/2025.1/ipm/ip/efx_soc/efx_soc/ipm/gui/config_template.json
[2025-08-08 22:15:32] [INFO    ] [gui.api_wrapper] [id-1754684128] [GET_CONFIG_TEMPLATE] UI Path obtained. Loading json file...
[2025-08-08 22:15:32] [INFO    ] [gui.api_wrapper] [id-1754684128] [GET_CONFIG_TEMPLATE-DONE] Config_template.json file successfully loaded.
[2025-08-08 22:15:32] [INFO    ] [gui.ip_config_window] [id-1754684128] [IP-CONFIG-SETUP-BLOCK-DIAGRAM-BEGIN] Setting up block diagram viewer...
[2025-08-08 22:15:32] [INFO    ] [gui.ip_config_window] [id-1754684128] [IP-CONFIG-SETUP-BLOCK-DIAGRAM-DONE] Block diagram viewer set up.
[2025-08-08 22:15:32] [INFO    ] [gui.ip_config_window] [id-1754684128] [IP-CONFIG-START-DONE] IP Config Window initialized
[2025-08-08 22:15:39] [INFO    ] [gui.api_wrapper] [id-1754684128] [VALIDATE_SINGLE_PARAM-BEGIN] Validating IP param...
[2025-08-08 22:15:39] [DEBUG   ] [efx_ipmgr.api_v2] [id-1754684128] [VALIDATE_SINGLE_PARAM-BEGIN] Param: TAP_MODE, updated_param_value: 1'b0
[2025-08-08 22:15:39] [DEBUG   ] [efx_ipmgr.api_v2] [id-1754684128] [VALIDATE_SINGLE_PARAM-DONE] Param validation finished.
[2025-08-08 22:15:39] [INFO    ] [gui.api_wrapper] [id-1754684128] [VALIDATE_SINGLE_PARAM-DONE] Validation result obtained
[2025-08-08 22:15:39] [INFO    ] [gui.api_wrapper] [id-1754684128] [GET_FILESETS-BEGIN] Getting ip filesets...
[2025-08-08 22:15:39] [INFO    ] [gui.api_wrapper] [id-1754684128] [GET_FILESETS] IP filesets successfully obtained
[2025-08-08 22:15:39] [INFO    ] [gui.api_wrapper] [id-1754684128] [GET_FILESETS] Cross checking with compulsory table.
[2025-08-08 22:15:39] [INFO    ] [gui.api_wrapper] [id-1754684128] [GET_FILESETS-DONE] GUI Filesets obtained.
[2025-08-08 22:15:44] [INFO    ] [gui.api_wrapper] [id-1754684128] [VALIDATE_SINGLE_PARAM-BEGIN] Validating IP param...
[2025-08-08 22:15:44] [DEBUG   ] [efx_ipmgr.api_v2] [id-1754684128] [VALIDATE_SINGLE_PARAM-BEGIN] Param: SOFT_TAP, updated_param_value: 0
[2025-08-08 22:15:45] [DEBUG   ] [efx_ipmgr.api_v2] [id-1754684128] [VALIDATE_SINGLE_PARAM-DONE] Param validation finished.
[2025-08-08 22:15:45] [INFO    ] [gui.api_wrapper] [id-1754684128] [VALIDATE_SINGLE_PARAM-DONE] Validation result obtained
[2025-08-08 22:15:45] [INFO    ] [gui.api_wrapper] [id-1754684128] [GET_FILESETS-BEGIN] Getting ip filesets...
[2025-08-08 22:15:45] [INFO    ] [gui.api_wrapper] [id-1754684128] [GET_FILESETS] IP filesets successfully obtained
[2025-08-08 22:15:45] [INFO    ] [gui.api_wrapper] [id-1754684128] [GET_FILESETS] Cross checking with compulsory table.
[2025-08-08 22:15:45] [INFO    ] [gui.api_wrapper] [id-1754684128] [GET_FILESETS-DONE] GUI Filesets obtained.
[2025-08-08 22:15:50] [INFO    ] [gui.api_wrapper] [id-1754684128] [VALIDATE_SINGLE_PARAM-BEGIN] Validating IP param...
[2025-08-08 22:15:50] [DEBUG   ] [efx_ipmgr.api_v2] [id-1754684128] [VALIDATE_SINGLE_PARAM-BEGIN] Param: TAP_SEL, updated_param_value: 9
[2025-08-08 22:15:50] [DEBUG   ] [efx_ipmgr.api_v2] [id-1754684128] [VALIDATE_SINGLE_PARAM-DONE] Param validation finished.
[2025-08-08 22:15:50] [INFO    ] [gui.api_wrapper] [id-1754684128] [VALIDATE_SINGLE_PARAM-DONE] Validation result obtained
[2025-08-08 22:15:50] [INFO    ] [gui.api_wrapper] [id-1754684128] [GET_FILESETS-BEGIN] Getting ip filesets...
[2025-08-08 22:15:50] [INFO    ] [gui.api_wrapper] [id-1754684128] [GET_FILESETS] IP filesets successfully obtained
[2025-08-08 22:15:50] [INFO    ] [gui.api_wrapper] [id-1754684128] [GET_FILESETS] Cross checking with compulsory table.
[2025-08-08 22:15:50] [INFO    ] [gui.api_wrapper] [id-1754684128] [GET_FILESETS-DONE] GUI Filesets obtained.
[2025-08-08 22:16:02] [INFO    ] [gui.api_wrapper] [id-1754684128] [VALIDATE_SINGLE_PARAM-BEGIN] Validating IP param...
[2025-08-08 22:16:02] [DEBUG   ] [efx_ipmgr.api_v2] [id-1754684128] [VALIDATE_SINGLE_PARAM-BEGIN] Param: HARD_BREAKPOINT, updated_param_value: 0
[2025-08-08 22:16:03] [DEBUG   ] [efx_ipmgr.api_v2] [id-1754684128] [VALIDATE_SINGLE_PARAM-DONE] Param validation finished.
[2025-08-08 22:16:03] [INFO    ] [gui.api_wrapper] [id-1754684128] [VALIDATE_SINGLE_PARAM-DONE] Validation result obtained
[2025-08-08 22:16:03] [INFO    ] [gui.api_wrapper] [id-1754684128] [GET_FILESETS-BEGIN] Getting ip filesets...
[2025-08-08 22:16:03] [INFO    ] [gui.api_wrapper] [id-1754684128] [GET_FILESETS] IP filesets successfully obtained
[2025-08-08 22:16:03] [INFO    ] [gui.api_wrapper] [id-1754684128] [GET_FILESETS] Cross checking with compulsory table.
[2025-08-08 22:16:03] [INFO    ] [gui.api_wrapper] [id-1754684128] [GET_FILESETS-DONE] GUI Filesets obtained.
[2025-08-08 22:16:09] [INFO    ] [gui.api_wrapper] [id-1754684128] [VALIDATE_SINGLE_PARAM-BEGIN] Validating IP param...
[2025-08-08 22:16:09] [DEBUG   ] [efx_ipmgr.api_v2] [id-1754684128] [VALIDATE_SINGLE_PARAM-BEGIN] Param: HARD_BREAKPOINT, updated_param_value: 1
[2025-08-08 22:16:09] [DEBUG   ] [efx_ipmgr.api_v2] [id-1754684128] [VALIDATE_SINGLE_PARAM-DONE] Param validation finished.
[2025-08-08 22:16:09] [INFO    ] [gui.api_wrapper] [id-1754684128] [VALIDATE_SINGLE_PARAM-DONE] Validation result obtained
[2025-08-08 22:16:09] [INFO    ] [gui.api_wrapper] [id-1754684128] [GET_FILESETS-BEGIN] Getting ip filesets...
[2025-08-08 22:16:09] [INFO    ] [gui.api_wrapper] [id-1754684128] [GET_FILESETS] IP filesets successfully obtained
[2025-08-08 22:16:09] [INFO    ] [gui.api_wrapper] [id-1754684128] [GET_FILESETS] Cross checking with compulsory table.
[2025-08-08 22:16:09] [INFO    ] [gui.api_wrapper] [id-1754684128] [GET_FILESETS-DONE] GUI Filesets obtained.
[2025-08-08 22:16:22] [INFO    ] [gui.api_wrapper] [id-1754684128] [VALIDATE_SINGLE_PARAM-BEGIN] Validating IP param...
[2025-08-08 22:16:22] [DEBUG   ] [efx_ipmgr.api_v2] [id-1754684128] [VALIDATE_SINGLE_PARAM-BEGIN] Param: TAP_SEL, updated_param_value: 8
[2025-08-08 22:16:22] [DEBUG   ] [efx_ipmgr.api_v2] [id-1754684128] [VALIDATE_SINGLE_PARAM-DONE] Param validation finished.
[2025-08-08 22:16:22] [INFO    ] [gui.api_wrapper] [id-1754684128] [VALIDATE_SINGLE_PARAM-DONE] Validation result obtained
[2025-08-08 22:16:22] [INFO    ] [gui.api_wrapper] [id-1754684128] [GET_FILESETS-BEGIN] Getting ip filesets...
[2025-08-08 22:16:22] [INFO    ] [gui.api_wrapper] [id-1754684128] [GET_FILESETS] IP filesets successfully obtained
[2025-08-08 22:16:22] [INFO    ] [gui.api_wrapper] [id-1754684128] [GET_FILESETS] Cross checking with compulsory table.
[2025-08-08 22:16:22] [INFO    ] [gui.api_wrapper] [id-1754684128] [GET_FILESETS-DONE] GUI Filesets obtained.
[2025-08-08 22:16:28] [INFO    ] [gui.ip_config_window] [id-1754684128] [IP-CONFIG-GENERATE-BEGIN] Setup IP generation
[2025-08-08 22:16:28] [INFO    ] [gui.ip_config_window] [id-1754684128] [IP-CONFIG-GENERATE] Project_path: /home/olle/efinity_p2/BRAM//ip
[2025-08-08 22:16:28] [INFO    ] [efx_ipmgr.api_v2] [id-1754684128] [JSON_DECODER-DONE] Decoding done
[2025-08-08 22:16:28] [INFO    ] [gui.ip_config_window] [id-1754684128] [IP-CONFIG-GENERATE] Chosen deliverables: 
generator
Source
script
embedded_sw
Example Design (T120F324_devkit)
Example Design (Ti60F225_devkit)
Example Design (Ti180J484_devkit)
Example Design (Tz170J484_devkit)
Testbench
Testbench/modelsim
Testbench/aldec
Testbench/ncsim
Testbench/synopsys

[2025-08-08 22:16:28] [INFO    ] [gui.ip_config_window] [id-1754684128] [IP-CONFIG-GENERATE] Have thread pool start GenerateIpRunnable...
[2025-08-08 22:16:29] [INFO    ] [gui.api_wrapper] [id-1754684128] [GENERATE-BEFORE] Clean up old settings.json
[2025-08-08 22:16:29] [INFO    ] [efx_ipmgr.api_v2] [id-1754684128] [CLEAN_IP-BEGIN] IN, setting_path = /home/olle/efinity_p2/BRAM/ip/micro_risc_v1/settings.json
[2025-08-08 22:16:29] [INFO    ] [efx_ipmgr.api_v2] [id-1754684128] [JSON_DECODER-DONE] Decoding done
[2025-08-08 22:16:29] [INFO    ] [efx_ipmgr.api_v2] [id-1754684128] [CLEAN_IP-DONE] OUT, result = True
[2025-08-08 22:16:29] [INFO    ] [efx_ipmgr.api_v2] [id-1754684128] [CONCAT_VALIDATE_PARAMS] Skipping put params. Validation not done ...
[2025-08-08 22:16:29] [INFO    ] [efx_ipmgr.api_v2] [id-1754684128] [GENERATE_IP] Prepare filesets for generation
[2025-08-08 22:16:29] [INFO    ] [efx_ipmgr.api_v2] [id-1754684128] [GENERATE_IP] Fileset preparation done.
[2025-08-08 22:16:29] [DEBUG   ] [efx_ipmgr.builder] [id-1754684128] [BUILDER_RUN] command_str = ${EFINITY_PYTHON} ${IP_LIBRARY_ROOT}/efx_soc/efx_soc/generator/soc_gen.py
[2025-08-08 22:16:29] [DEBUG   ] [efx_ipmgr.builder] [id-1754684128] [BUILDER_RUN] flags_str = --out_path ${IP_OUTPUT_PATH} --user_project_path ${USER_PROJECT_PATH} --gen_name ${IP_GEN_MODULE} --parameters ${IP_USER_PARAMETERS}
[2025-08-08 22:16:29] [DEBUG   ] [efx_ipmgr.builder] [id-1754684128] [BUILDER_RUN] file = {'path': '${IP_GEN_MODULE}', 'copiedPath': '', 'fileType': 'pythonScript', 'workdir': '', 'isInternal': '', 'isPresent': 'True', 'isPresentDefault': 'True', 'command': '${EFINITY_PYTHON} ${IP_LIBRARY_ROOT}/efx_soc/efx_soc/generator/soc_gen.py', 'flags': '--out_path ${IP_OUTPUT_PATH} --user_project_path ${USER_PROJECT_PATH} --gen_name ${IP_GEN_MODULE} --parameters ${IP_USER_PARAMETERS}', 'targetName': '', 'name': PosixPath('/home/olle/efinity_p2/BRAM/ip/micro_risc_v1/micro_risc_v1')}
[2025-08-08 22:16:29] [INFO    ] [efx_ipmgr.builder] [id-1754684128] [BUILDER_INVOKE_BUILD_COMMAND-BEGIN] Start build_command
[2025-08-08 22:16:29] [INFO    ] [efx_ipmgr.builder] [id-1754684128] [BUILDER_INVOKE_BUILD_COMMAND] CWD=/home/olle/efinity_p2/BRAM/
[2025-08-08 22:16:29] [INFO    ] [efx_ipmgr.builder] [id-1754684128] [BUILDER_INVOKE_BUILD_COMMAND] args: /home/olle/efinix/efinity/2025.1/bin/python3
/home/olle/efinix/efinity/2025.1/ipm/ip/efx_soc/efx_soc/generator/soc_gen.py
--out_path
/home/olle/efinity_p2/BRAM/ip
--user_project_path
/home/olle/efinity_p2/BRAM
--gen_name
micro_risc_v1
--parameters
HexFile_PathEnable="1"
HexFile_Path="embedded_sw/micro_risc_v1/software/standalone/blink_led/build/blink_led.hex"
APBSlave4_Size="65536"
APBSlave3_Size="65536"
APBSlave2_Size="65536"
APBSlave1_Size="65536"
APBSlave0_Size="65536"
DEVKIT_CUSTOM="sapphireBoard_rev0"
LDSize="124"
LDStackSize="4"
DEVKIT="0"
DEBUG="1"
IDE_SEL="0"
RISCV_DEBUG_PRIV="1"
HARD_BREAKPOINT="1"
SOFT_TAP="0"
TAP_MODE="0"
TAP_COUNT="2"
TAP_SEL="8"
Frequency="128"
PeriFrequencyEnable="0"
PeriFrequency="50"
APBSlave0_Addr="1048576"
APBSlave2_Addr="0"
APBSlave4_Addr="0"
UART2_FIFODEPTH="128"
UART2_INT_ID="3"
TEST="0"
APBSlave3_Addr="0"
I2C2_Addr="86016"
Base_AXIS="16777216"
Base_M_AXIS="3774873600"
APBSlave0="0"
Base_IM="4177526784"
APBSlave2="0"
Base_IO="4160749568"
Base_M_IO="4160749568"
Base_EM="4096"
APBSlave1_Addr="0"
APBSlave1="0"
APBSlave3="0"
USER_1_INTR_ID="17"
USER_1_INTR="0"
USER_0_INTR_ID="16"
USER_0_INTR="0"
USER_2_INTR="0"
USER_2_INTR_ID="22"
USER_3_INTR="0"
USER_3_INTR_ID="23"
USER_4_INTR="0"
USER_4_INTR_ID="24"
USER_5_INTR="0"
USER_5_INTR_ID="25"
USER_6_INTR="0"
USER_6_INTR_ID="26"
USER_7_INTR="0"
USER_7_INTR_ID="27"
APBSlave4="0"
CustomInstruction="0"
ATMEXT="0"
CMREXT="0"
FPEXT="1"
FPU="0"
LINUX="0"
ICACHEWAY="1"
DCACHEWAY="1"
CpuCount="1"
ICacheSize="4096"
DCacheSize="4096"
Cache="1"
ICache_EN="1"
DCache_EN="1"
DDR="0"
DDR_AXI4="0"
DDRWidth="128"
DDR_IdWidth="8"
DDRSize="3758096384"
OCRSize="8192"
AXISlave="0"
AXISlaveSize="16777216"
GPIO1_Addr="86016"
GPIO0_Addr="86016"
GPIO1_INT_ID1="15"
GPIO1_INT_ID0="14"
GPIO0_INT_ID1="13"
GPIO0_INT_ID0="1"
GPIO0="1"
GPIO0Width="1"
GPIO1Width="8"
GPIO1="0"
UART0_FIFODEPTH="64"
UART0_INT_ID="2"
UART0_Addr="65536"
IOSize="4096"
UART0_M_Addr="4096"
UART1_M_Addr="8192"
UART2_M_Addr="12288"
SPI0_M_Addr="24576"
SPI1_M_Addr="16384"
SPI2_M_Addr="20480"
I2C0_M_Addr="40960"
I2C1_M_Addr="45056"
I2C2_M_Addr="49152"
GPIO0_M_Addr="53248"
GPIO1_M_Addr="57344"
APBSlave0_M_Addr="1048576"
APBSlave1_M_Addr="2097152"
APBSlave2_M_Addr="3145728"
APBSlave3_M_Addr="4194304"
APBSlave4_M_Addr="5242880"
UART0="1"
UART2_Addr="86016"
UART2="0"
UART1_FIFODEPTH="128"
UART1_INT_ID="2"
UART1_Addr="86016"
UART1="0"
SPI2="0"
SPI2DW="8"
SPI2SS="1"
SPI2_FIFODEPTH="256"
SPI1_INT_ID="5"
SPI1="0"
SPI1DW="8"
SPI1SS="1"
SPI1_FIFODEPTH="256"
SPI0_INT_ID="4"
SPI0_Addr="81920"
SPI0="0"
SPI0DW="8"
SPI0SS="1"
SPI0_FIFODEPTH="256"
I2C2_INT_ID="10"
ADDR_Scheme="0"
I2C2="0"
I2C1_Addr="86016"
I2C1="0"
SPI2_INT_ID="6"
SPI2_Addr="81920"
SPI1_Addr="81920"
I2C0_Addr="86016"
I2C1_INT_ID="9"
I2C0_INT_ID="8"
I2C0="0"
AXIMasterWidth_1="32"
AXIMaster_1="0"
AXIMasterWidth="32"
AXIMaster="1"
USER_TIMER0="0"
USER_TIMER0_CNT_WIDTH="12"
USER_TIMER0_PS_WIDTH="8"
USER_TIMER0_INT_ID="19"
USER_TIMER0_Addr="86016"
USER_TIMER0_M_Addr="61440"
USER_TIMER1="0"
USER_TIMER1_CNT_WIDTH="12"
USER_TIMER1_PS_WIDTH="8"
USER_TIMER1_INT_ID="20"
USER_TIMER1_Addr="86016"
USER_TIMER1_M_Addr="65536"
USER_TIMER2="0"
USER_TIMER2_CNT_WIDTH="12"
USER_TIMER2_PS_WIDTH="8"
USER_TIMER2_INT_ID="21"
USER_TIMER2_Addr="86016"
USER_TIMER2_M_Addr="69632"
WDT0="0"
WDT0_PS_WIDTH="24"
WDT0_TIMER_WIDTH="16"
WDT0_Addr="86016"
WDT0_M_Addr="73728"
WDT0_INT_ID="32"
RAM_OPT="0"
SOC_MODE="1"
MULDIV_EXT="0"
BARREL_SHIFTER="0"
REDUCED_CSR="1"
DDRCLK_DOMAIN="1"
DDR_OPT="1"
SW_REMOVED="0"
[2025-08-08 22:16:34] [INFO    ] [efx_ipmgr.builder] [id-1754684128] [BUILDER_INVOKE_BUILD_COMMAND] stdout: [Runtime] SpinalHDL dev    git head : 81793df2c4f55a20f7eff1130c4bb74a4b11319f
[Runtime] JVM max memory : 3950.0MiB
[Runtime] Current date : 2025.08.08 22:16:29
[Progress] at 0.000 : Elaborate components
[Info] No CounterService was found. Generating legacy counters and timer
[Progress] at 2.791 : Checks and transforms
[Progress] at 3.612 : Generate Verilog to hardware/netlist
[Warning] toplevel/system_riscvJtag_debug_logic_dm/logic_progbufX_mem : Mem[2*32 bits].readAsync can only be write first into Verilog
[Warning] 301 signals were pruned. You can call printPruned on the backend report to get more informations.
[Done] at 4.152
current path: /home/olle/efinity_p2/BRAM/ip/micro_risc_v1_outflow
java -cp /home/olle/efinix/efinity/2025.1/ipm/ip/efx_soc/efx_soc/generator/EfxSapphireSoc.jar saxon.board.efinix.EfxSapphireSoc  --ramHex "/home/olle/efinity_p2/BRAM/embedded_sw/micro_risc_v1/software/standalone/blink_led/build/blink_led.hex" --iCacheWays 1 --cpuCount 1 --L1D true --softTap false --systemFrequency 128000000 --withRiscvDebugPriv --onChipRamAddress 0xf9000000 --noMulDiv --lowArea 5 --Atomic false --FpuDouble false --uart name=system_uart_0_io,address=0x010000,interruptId=2,fifoDepth=64 --Linux false --dCacheSize 4096 --apbBridgeAddress 0xf8000000 --ddrAEnable false --axiAEnable false --gpio name=system_gpio_0_io,address=0x015000,width=1,interrupts="0->1" --onChipRamSize 0x2000 --iCacheSize 4096 --noBarrelShifter --PeripheralClock false --hardwareBreakpoints 1 --dCacheWays 1 --Fpu false --L1I true
loc upper: /home/olle/efinix/efinity/2025.1/ipm/ip/efx_soc/efx_soc

[2025-08-08 22:16:34] [INFO    ] [efx_ipmgr.builder] [id-1754684128] [BUILDER_INVOKE_BUILD_COMMAND-DONE] Build Command Execution: Success
[2025-08-08 22:16:34] [DEBUG   ] [efx_ipmgr.builder] [id-1754684128] [BUILDER_RUN] file_name = /home/olle/efinity_p2/BRAM/ip/micro_risc_v1/micro_risc_v1
[2025-08-08 22:16:34] [DEBUG   ] [efx_ipmgr.builder] [id-1754684128] [BUILDER_RUN] resolved_name = /home/olle/efinity_p2/BRAM/ip/micro_risc_v1/micro_risc_v1
[2025-08-08 22:16:34] [DEBUG   ] [efx_ipmgr.builder] [id-1754684128] [BUILDER_RUN] command_str = ${EFINITY_PYTHON} ${IP_LIBRARY_ROOT}/efx_soc/efx_soc/generator/remove_hash_for_bin.py
[2025-08-08 22:16:34] [DEBUG   ] [efx_ipmgr.builder] [id-1754684128] [BUILDER_RUN] flags_str = --out_path ${IP_OUTPUT_PATH} --gen_name ${IP_GEN_MODULE} --parameters ${IP_USER_PARAMETERS}
[2025-08-08 22:16:34] [DEBUG   ] [efx_ipmgr.builder] [id-1754684128] [BUILDER_RUN] file = {'path': '${IP_GEN_MODULE', 'copiedPath': '', 'fileType': 'pythonScript', 'workdir': '', 'isInternal': '', 'isPresent': 'True', 'isPresentDefault': 'True', 'command': '${EFINITY_PYTHON} ${IP_LIBRARY_ROOT}/efx_soc/efx_soc/generator/remove_hash_for_bin.py', 'flags': '--out_path ${IP_OUTPUT_PATH} --gen_name ${IP_GEN_MODULE} --parameters ${IP_USER_PARAMETERS}', 'targetName': '', 'name': PosixPath('/home/olle/efinity_p2/BRAM/ip/micro_risc_v1/${IP_GEN_MODULE')}
[2025-08-08 22:16:34] [INFO    ] [efx_ipmgr.builder] [id-1754684128] [BUILDER_INVOKE_BUILD_COMMAND-BEGIN] Start build_command
[2025-08-08 22:16:34] [INFO    ] [efx_ipmgr.builder] [id-1754684128] [BUILDER_INVOKE_BUILD_COMMAND] CWD=/home/olle/efinity_p2/BRAM/
[2025-08-08 22:16:34] [INFO    ] [efx_ipmgr.builder] [id-1754684128] [BUILDER_INVOKE_BUILD_COMMAND] args: /home/olle/efinix/efinity/2025.1/bin/python3
/home/olle/efinix/efinity/2025.1/ipm/ip/efx_soc/efx_soc/generator/remove_hash_for_bin.py
--out_path
/home/olle/efinity_p2/BRAM/ip
--gen_name
micro_risc_v1
--parameters
HexFile_PathEnable="1"
HexFile_Path="embedded_sw/micro_risc_v1/software/standalone/blink_led/build/blink_led.hex"
APBSlave4_Size="65536"
APBSlave3_Size="65536"
APBSlave2_Size="65536"
APBSlave1_Size="65536"
APBSlave0_Size="65536"
DEVKIT_CUSTOM="sapphireBoard_rev0"
LDSize="124"
LDStackSize="4"
DEVKIT="0"
DEBUG="1"
IDE_SEL="0"
RISCV_DEBUG_PRIV="1"
HARD_BREAKPOINT="1"
SOFT_TAP="0"
TAP_MODE="0"
TAP_COUNT="2"
TAP_SEL="8"
Frequency="128"
PeriFrequencyEnable="0"
PeriFrequency="50"
APBSlave0_Addr="1048576"
APBSlave2_Addr="0"
APBSlave4_Addr="0"
UART2_FIFODEPTH="128"
UART2_INT_ID="3"
TEST="0"
APBSlave3_Addr="0"
I2C2_Addr="86016"
Base_AXIS="16777216"
Base_M_AXIS="3774873600"
APBSlave0="0"
Base_IM="4177526784"
APBSlave2="0"
Base_IO="4160749568"
Base_M_IO="4160749568"
Base_EM="4096"
APBSlave1_Addr="0"
APBSlave1="0"
APBSlave3="0"
USER_1_INTR_ID="17"
USER_1_INTR="0"
USER_0_INTR_ID="16"
USER_0_INTR="0"
USER_2_INTR="0"
USER_2_INTR_ID="22"
USER_3_INTR="0"
USER_3_INTR_ID="23"
USER_4_INTR="0"
USER_4_INTR_ID="24"
USER_5_INTR="0"
USER_5_INTR_ID="25"
USER_6_INTR="0"
USER_6_INTR_ID="26"
USER_7_INTR="0"
USER_7_INTR_ID="27"
APBSlave4="0"
CustomInstruction="0"
ATMEXT="0"
CMREXT="0"
FPEXT="1"
FPU="0"
LINUX="0"
ICACHEWAY="1"
DCACHEWAY="1"
CpuCount="1"
ICacheSize="4096"
DCacheSize="4096"
Cache="1"
ICache_EN="1"
DCache_EN="1"
DDR="0"
DDR_AXI4="0"
DDRWidth="128"
DDR_IdWidth="8"
DDRSize="3758096384"
OCRSize="8192"
AXISlave="0"
AXISlaveSize="16777216"
GPIO1_Addr="86016"
GPIO0_Addr="86016"
GPIO1_INT_ID1="15"
GPIO1_INT_ID0="14"
GPIO0_INT_ID1="13"
GPIO0_INT_ID0="1"
GPIO0="1"
GPIO0Width="1"
GPIO1Width="8"
GPIO1="0"
UART0_FIFODEPTH="64"
UART0_INT_ID="2"
UART0_Addr="65536"
IOSize="4096"
UART0_M_Addr="4096"
UART1_M_Addr="8192"
UART2_M_Addr="12288"
SPI0_M_Addr="24576"
SPI1_M_Addr="16384"
SPI2_M_Addr="20480"
I2C0_M_Addr="40960"
I2C1_M_Addr="45056"
I2C2_M_Addr="49152"
GPIO0_M_Addr="53248"
GPIO1_M_Addr="57344"
APBSlave0_M_Addr="1048576"
APBSlave1_M_Addr="2097152"
APBSlave2_M_Addr="3145728"
APBSlave3_M_Addr="4194304"
APBSlave4_M_Addr="5242880"
UART0="1"
UART2_Addr="86016"
UART2="0"
UART1_FIFODEPTH="128"
UART1_INT_ID="2"
UART1_Addr="86016"
UART1="0"
SPI2="0"
SPI2DW="8"
SPI2SS="1"
SPI2_FIFODEPTH="256"
SPI1_INT_ID="5"
SPI1="0"
SPI1DW="8"
SPI1SS="1"
SPI1_FIFODEPTH="256"
SPI0_INT_ID="4"
SPI0_Addr="81920"
SPI0="0"
SPI0DW="8"
SPI0SS="1"
SPI0_FIFODEPTH="256"
I2C2_INT_ID="10"
ADDR_Scheme="0"
I2C2="0"
I2C1_Addr="86016"
I2C1="0"
SPI2_INT_ID="6"
SPI2_Addr="81920"
SPI1_Addr="81920"
I2C0_Addr="86016"
I2C1_INT_ID="9"
I2C0_INT_ID="8"
I2C0="0"
AXIMasterWidth_1="32"
AXIMaster_1="0"
AXIMasterWidth="32"
AXIMaster="1"
USER_TIMER0="0"
USER_TIMER0_CNT_WIDTH="12"
USER_TIMER0_PS_WIDTH="8"
USER_TIMER0_INT_ID="19"
USER_TIMER0_Addr="86016"
USER_TIMER0_M_Addr="61440"
USER_TIMER1="0"
USER_TIMER1_CNT_WIDTH="12"
USER_TIMER1_PS_WIDTH="8"
USER_TIMER1_INT_ID="20"
USER_TIMER1_Addr="86016"
USER_TIMER1_M_Addr="65536"
USER_TIMER2="0"
USER_TIMER2_CNT_WIDTH="12"
USER_TIMER2_PS_WIDTH="8"
USER_TIMER2_INT_ID="21"
USER_TIMER2_Addr="86016"
USER_TIMER2_M_Addr="69632"
WDT0="0"
WDT0_PS_WIDTH="24"
WDT0_TIMER_WIDTH="16"
WDT0_Addr="86016"
WDT0_M_Addr="73728"
WDT0_INT_ID="32"
RAM_OPT="0"
SOC_MODE="1"
MULDIV_EXT="0"
BARREL_SHIFTER="0"
REDUCED_CSR="1"
DDRCLK_DOMAIN="1"
DDR_OPT="1"
SW_REMOVED="0"
[2025-08-08 22:16:35] [INFO    ] [efx_ipmgr.builder] [id-1754684128] [BUILDER_INVOKE_BUILD_COMMAND] stdout: 
[2025-08-08 22:16:35] [INFO    ] [efx_ipmgr.builder] [id-1754684128] [BUILDER_INVOKE_BUILD_COMMAND-DONE] Build Command Execution: Success
[2025-08-08 22:16:35] [DEBUG   ] [efx_ipmgr.builder] [id-1754684128] [BUILDER_RUN] file_name = /home/olle/efinity_p2/BRAM/ip/micro_risc_v1/${IP_GEN_MODULE
[2025-08-08 22:16:35] [DEBUG   ] [efx_ipmgr.builder] [id-1754684128] [BUILDER_RUN] resolved_name = /home/olle/efinity_p2/BRAM/ip/micro_risc_v1/${IP_GEN_MODULE
[2025-08-08 22:16:35] [DEBUG   ] [efx_ipmgr.builder] [id-1754684128] [BUILDER_RUN] command_str = ${EFINITY_PYTHON} ${IP_LIBRARY_ROOT}/efx_soc/efx_soc/embedded_sw/sw_script.py
[2025-08-08 22:16:35] [DEBUG   ] [efx_ipmgr.builder] [id-1754684128] [BUILDER_RUN] flags_str = --out_path ${PROJECT_PATH}/embedded_sw --ip_path ${PROJECT_PATH}/ip --gen_name ${IP_GEN_MODULE} --ipm_path ${IP_LIBRARY_ROOT} --parameters ${IP_USER_PARAMETERS}
[2025-08-08 22:16:35] [DEBUG   ] [efx_ipmgr.builder] [id-1754684128] [BUILDER_RUN] file = {'path': '../${IP_GEN_MODULE}/embedded_sw', 'copiedPath': '', 'fileType': 'pythonScript', 'workdir': '', 'isInternal': '', 'isPresent': 'True', 'isPresentDefault': 'True', 'command': '${EFINITY_PYTHON} ${IP_LIBRARY_ROOT}/efx_soc/efx_soc/embedded_sw/sw_script.py', 'flags': '--out_path ${PROJECT_PATH}/embedded_sw --ip_path ${PROJECT_PATH}/ip --gen_name ${IP_GEN_MODULE} --ipm_path ${IP_LIBRARY_ROOT} --parameters ${IP_USER_PARAMETERS}', 'targetName': '', 'name': PosixPath('/home/olle/efinity_p2/BRAM/ip/micro_risc_v1/../micro_risc_v1/embedded_sw')}
[2025-08-08 22:16:35] [INFO    ] [efx_ipmgr.builder] [id-1754684128] [BUILDER_INVOKE_BUILD_COMMAND-BEGIN] Start build_command
[2025-08-08 22:16:35] [INFO    ] [efx_ipmgr.builder] [id-1754684128] [BUILDER_INVOKE_BUILD_COMMAND] CWD=/home/olle/efinity_p2/BRAM/
[2025-08-08 22:16:35] [INFO    ] [efx_ipmgr.builder] [id-1754684128] [BUILDER_INVOKE_BUILD_COMMAND] args: /home/olle/efinix/efinity/2025.1/bin/python3
/home/olle/efinix/efinity/2025.1/ipm/ip/efx_soc/efx_soc/embedded_sw/sw_script.py
--out_path
/home/olle/efinity_p2/BRAM/embedded_sw
--ip_path
/home/olle/efinity_p2/BRAM/ip
--gen_name
micro_risc_v1
--ipm_path
/home/olle/efinix/efinity/2025.1/ipm/ip
--parameters
HexFile_PathEnable="1"
HexFile_Path="embedded_sw/micro_risc_v1/software/standalone/blink_led/build/blink_led.hex"
APBSlave4_Size="65536"
APBSlave3_Size="65536"
APBSlave2_Size="65536"
APBSlave1_Size="65536"
APBSlave0_Size="65536"
DEVKIT_CUSTOM="sapphireBoard_rev0"
LDSize="124"
LDStackSize="4"
DEVKIT="0"
DEBUG="1"
IDE_SEL="0"
RISCV_DEBUG_PRIV="1"
HARD_BREAKPOINT="1"
SOFT_TAP="0"
TAP_MODE="0"
TAP_COUNT="2"
TAP_SEL="8"
Frequency="128"
PeriFrequencyEnable="0"
PeriFrequency="50"
APBSlave0_Addr="1048576"
APBSlave2_Addr="0"
APBSlave4_Addr="0"
UART2_FIFODEPTH="128"
UART2_INT_ID="3"
TEST="0"
APBSlave3_Addr="0"
I2C2_Addr="86016"
Base_AXIS="16777216"
Base_M_AXIS="3774873600"
APBSlave0="0"
Base_IM="4177526784"
APBSlave2="0"
Base_IO="4160749568"
Base_M_IO="4160749568"
Base_EM="4096"
APBSlave1_Addr="0"
APBSlave1="0"
APBSlave3="0"
USER_1_INTR_ID="17"
USER_1_INTR="0"
USER_0_INTR_ID="16"
USER_0_INTR="0"
USER_2_INTR="0"
USER_2_INTR_ID="22"
USER_3_INTR="0"
USER_3_INTR_ID="23"
USER_4_INTR="0"
USER_4_INTR_ID="24"
USER_5_INTR="0"
USER_5_INTR_ID="25"
USER_6_INTR="0"
USER_6_INTR_ID="26"
USER_7_INTR="0"
USER_7_INTR_ID="27"
APBSlave4="0"
CustomInstruction="0"
ATMEXT="0"
CMREXT="0"
FPEXT="1"
FPU="0"
LINUX="0"
ICACHEWAY="1"
DCACHEWAY="1"
CpuCount="1"
ICacheSize="4096"
DCacheSize="4096"
Cache="1"
ICache_EN="1"
DCache_EN="1"
DDR="0"
DDR_AXI4="0"
DDRWidth="128"
DDR_IdWidth="8"
DDRSize="3758096384"
OCRSize="8192"
AXISlave="0"
AXISlaveSize="16777216"
GPIO1_Addr="86016"
GPIO0_Addr="86016"
GPIO1_INT_ID1="15"
GPIO1_INT_ID0="14"
GPIO0_INT_ID1="13"
GPIO0_INT_ID0="1"
GPIO0="1"
GPIO0Width="1"
GPIO1Width="8"
GPIO1="0"
UART0_FIFODEPTH="64"
UART0_INT_ID="2"
UART0_Addr="65536"
IOSize="4096"
UART0_M_Addr="4096"
UART1_M_Addr="8192"
UART2_M_Addr="12288"
SPI0_M_Addr="24576"
SPI1_M_Addr="16384"
SPI2_M_Addr="20480"
I2C0_M_Addr="40960"
I2C1_M_Addr="45056"
I2C2_M_Addr="49152"
GPIO0_M_Addr="53248"
GPIO1_M_Addr="57344"
APBSlave0_M_Addr="1048576"
APBSlave1_M_Addr="2097152"
APBSlave2_M_Addr="3145728"
APBSlave3_M_Addr="4194304"
APBSlave4_M_Addr="5242880"
UART0="1"
UART2_Addr="86016"
UART2="0"
UART1_FIFODEPTH="128"
UART1_INT_ID="2"
UART1_Addr="86016"
UART1="0"
SPI2="0"
SPI2DW="8"
SPI2SS="1"
SPI2_FIFODEPTH="256"
SPI1_INT_ID="5"
SPI1="0"
SPI1DW="8"
SPI1SS="1"
SPI1_FIFODEPTH="256"
SPI0_INT_ID="4"
SPI0_Addr="81920"
SPI0="0"
SPI0DW="8"
SPI0SS="1"
SPI0_FIFODEPTH="256"
I2C2_INT_ID="10"
ADDR_Scheme="0"
I2C2="0"
I2C1_Addr="86016"
I2C1="0"
SPI2_INT_ID="6"
SPI2_Addr="81920"
SPI1_Addr="81920"
I2C0_Addr="86016"
I2C1_INT_ID="9"
I2C0_INT_ID="8"
I2C0="0"
AXIMasterWidth_1="32"
AXIMaster_1="0"
AXIMasterWidth="32"
AXIMaster="1"
USER_TIMER0="0"
USER_TIMER0_CNT_WIDTH="12"
USER_TIMER0_PS_WIDTH="8"
USER_TIMER0_INT_ID="19"
USER_TIMER0_Addr="86016"
USER_TIMER0_M_Addr="61440"
USER_TIMER1="0"
USER_TIMER1_CNT_WIDTH="12"
USER_TIMER1_PS_WIDTH="8"
USER_TIMER1_INT_ID="20"
USER_TIMER1_Addr="86016"
USER_TIMER1_M_Addr="65536"
USER_TIMER2="0"
USER_TIMER2_CNT_WIDTH="12"
USER_TIMER2_PS_WIDTH="8"
USER_TIMER2_INT_ID="21"
USER_TIMER2_Addr="86016"
USER_TIMER2_M_Addr="69632"
WDT0="0"
WDT0_PS_WIDTH="24"
WDT0_TIMER_WIDTH="16"
WDT0_Addr="86016"
WDT0_M_Addr="73728"
WDT0_INT_ID="32"
RAM_OPT="0"
SOC_MODE="1"
MULDIV_EXT="0"
BARREL_SHIFTER="0"
REDUCED_CSR="1"
DDRCLK_DOMAIN="1"
DDR_OPT="1"
SW_REMOVED="0"
[2025-08-08 22:16:35] [INFO    ] [efx_ipmgr.builder] [id-1754684128] [BUILDER_INVOKE_BUILD_COMMAND] stdout: Removed file: /home/olle/efinity_p2/BRAM/embedded_sw/micro_risc_v1/bsp/efinix/EfxSapphireSoc/app/bootloaderConfig.h
Not found: /home/olle/efinity_p2/BRAM/embedded_sw/micro_risc_v1/bsp/efinix/EfxSapphireSoc/app/core_portme.h
Not found: /home/olle/efinity_p2/BRAM/embedded_sw/micro_risc_v1/bsp/efinix/EfxSapphireSoc/app/coremark.h
Not found: /home/olle/efinity_p2/BRAM/embedded_sw/micro_risc_v1/bsp/efinix/EfxSapphireSoc/app/DDRCali_i2c.h
Not found: /home/olle/efinity_p2/BRAM/embedded_sw/micro_risc_v1/bsp/efinix/EfxSapphireSoc/app/i2cDemo.h
Not found: /home/olle/efinity_p2/BRAM/embedded_sw/micro_risc_v1/bsp/efinix/EfxSapphireSoc/app/i2cMcp4725.h
Not found: /home/olle/efinity_p2/BRAM/embedded_sw/micro_risc_v1/bsp/efinix/EfxSapphireSoc/app/nestedInterruptDemo.h
Not found: /home/olle/efinity_p2/BRAM/embedded_sw/micro_risc_v1/bsp/efinix/EfxSapphireSoc/app/print.h
Not found: /home/olle/efinity_p2/BRAM/embedded_sw/micro_risc_v1/bsp/efinix/EfxSapphireSoc/app/print_full.h
Not found: /home/olle/efinity_p2/BRAM/embedded_sw/micro_risc_v1/bsp/efinix/EfxSapphireSoc/app/sdHostDemo.h
Not found: /home/olle/efinity_p2/BRAM/embedded_sw/micro_risc_v1/bsp/efinix/EfxSapphireSoc/app/semihosting.h
Not found: /home/olle/efinity_p2/BRAM/embedded_sw/micro_risc_v1/bsp/efinix/EfxSapphireSoc/app/smpDemo.h
Not found: /home/olle/efinity_p2/BRAM/embedded_sw/micro_risc_v1/bsp/efinix/EfxSapphireSoc/app/spiDemo.h
Not found: /home/olle/efinity_p2/BRAM/embedded_sw/micro_risc_v1/bsp/efinix/EfxSapphireSoc/app/tseDemo.h
Not found: /home/olle/efinity_p2/BRAM/embedded_sw/micro_risc_v1/bsp/efinix/EfxSapphireSoc/app/userTimerDemo.h
Not found: /home/olle/efinity_p2/BRAM/embedded_sw/micro_risc_v1/bsp/efinix/EfxSapphireSoc/app/freertosHalConfig.h
Not found: /home/olle/efinity_p2/BRAM/embedded_sw/micro_risc_v1/config
Not found: /home/olle/efinity_p2/BRAM/embedded_sw/micro_risc_v1/config_linux
Removed folder: /home/olle/efinity_p2/BRAM/embedded_sw/micro_risc_v1/tool
Not found: /home/olle/efinity_p2/BRAM/embedded_sw/micro_risc_v1/software/standalone/coremark
Not found: /home/olle/efinity_p2/BRAM/embedded_sw/micro_risc_v1/software/standalone/apb3Demo
Not found: /home/olle/efinity_p2/BRAM/embedded_sw/micro_risc_v1/software/standalone/axi4Demo
Not found: /home/olle/efinity_p2/BRAM/embedded_sw/micro_risc_v1/software/standalone/semihosting
Not found: /home/olle/efinity_p2/BRAM/embedded_sw/micro_risc_v1/software/standalone/spiReadFlashDemo
Not found: /home/olle/efinity_p2/BRAM/embedded_sw/micro_risc_v1/software/standalone/spiWriteFlashDemo
Not found: /home/olle/efinity_p2/BRAM/embedded_sw/micro_risc_v1/software/standalone/userInterruptDemo
Not found: /home/olle/efinity_p2/BRAM/embedded_sw/micro_risc_v1/software/standalone/coreTimerInterruptDemo
Not found: /home/olle/efinity_p2/BRAM/embedded_sw/micro_risc_v1/software/standalone/dCacheFlushDemo
Not found: /home/olle/efinity_p2/BRAM/embedded_sw/micro_risc_v1/software/standalone/iCacheFlashDemo
Not found: /home/olle/efinity_p2/BRAM/embedded_sw/micro_risc_v1/software/standalone/nestedInterruptDemo
Not found: /home/olle/efinity_p2/BRAM/embedded_sw/micro_risc_v1/software/standalone/compatibilityDemo
Not found: /home/olle/efinity_p2/BRAM/embedded_sw/micro_risc_v1/software/standalone/i2cDemo
Not found: /home/olle/efinity_p2/BRAM/embedded_sw/micro_risc_v1/software/standalone/i2cMasterDemo
Not found: /home/olle/efinity_p2/BRAM/embedded_sw/micro_risc_v1/software/standalone/inlineAsmDemo
Not found: /home/olle/efinity_p2/BRAM/embedded_sw/micro_risc_v1/software/standalone/openocdServer
Not found: /home/olle/efinity_p2/BRAM/embedded_sw/micro_risc_v1/software/standalone/smpDemo
Not found: /home/olle/efinity_p2/BRAM/embedded_sw/micro_risc_v1/software/standalone/fpuDemo
Not found: /home/olle/efinity_p2/BRAM/embedded_sw/micro_risc_v1/software/standalone/uartInterruptDemo
Not found: /home/olle/efinity_p2/BRAM/embedded_sw/micro_risc_v1/software/standalone/gpioDemo
Not found: /home/olle/efinity_p2/BRAM/embedded_sw/micro_risc_v1/software/standalone/axi4Demo
Not found: /home/olle/efinity_p2/BRAM/embedded_sw/micro_risc_v1/software/standalone/userTimerDemo
Not found: /home/olle/efinity_p2/BRAM/embedded_sw/micro_risc_v1/software/standalone/uartEchoDemo
Not found: /home/olle/efinity_p2/BRAM/embedded_sw/micro_risc_v1/software/standalone/spiDemo
Not found: /home/olle/efinity_p2/BRAM/embedded_sw/micro_risc_v1/software/standalone/customInstructionDemo
Not found: /home/olle/efinity_p2/BRAM/embedded_sw/micro_risc_v1/software/standalone/memTest
Not found: /home/olle/efinity_p2/BRAM/embedded_sw/micro_risc_v1/software/standalone/dhrystone
Not found: /home/olle/efinity_p2/BRAM/embedded_sw/micro_risc_v1/software/standalone/freertosDemo2
Not found: /home/olle/efinity_p2/BRAM/embedded_sw/micro_risc_v1/software/standalone/freertosUartInterruptDemo
Not found: /home/olle/efinity_p2/BRAM/embedded_sw/micro_risc_v1/software/standalone/i2cEepromDemo
Not found: /home/olle/efinity_p2/BRAM/embedded_sw/micro_risc_v1/software/standalone/i2cSlaveDemo
Not found: /home/olle/efinity_p2/BRAM/embedded_sw/micro_risc_v1/software/standalone/iCacheFlushDemo
Not found: /home/olle/efinity_p2/BRAM/embedded_sw/micro_risc_v1/software/standalone/semihostingDemo
Not found: /home/olle/efinity_p2/BRAM/embedded_sw/micro_risc_v1/software/standalone/watchdogDemo
Not found: /home/olle/efinity_p2/BRAM/embedded_sw/micro_risc_v1/software/freeRTOS/coremark
Not found: /home/olle/efinity_p2/BRAM/embedded_sw/micro_risc_v1/software/freeRTOS/apb3Demo
Not found: /home/olle/efinity_p2/BRAM/embedded_sw/micro_risc_v1/software/freeRTOS/axi4Demo
Not found: /home/olle/efinity_p2/BRAM/embedded_sw/micro_risc_v1/software/freeRTOS/semihosting
Not found: /home/olle/efinity_p2/BRAM/embedded_sw/micro_risc_v1/software/freeRTOS/spiReadFlashDemo
Not found: /home/olle/efinity_p2/BRAM/embedded_sw/micro_risc_v1/software/freeRTOS/spiWriteFlashDemo
Not found: /home/olle/efinity_p2/BRAM/embedded_sw/micro_risc_v1/software/freeRTOS/userInterruptDemo
Not found: /home/olle/efinity_p2/BRAM/embedded_sw/micro_risc_v1/software/freeRTOS/coreTimerInterruptDemo
Not found: /home/olle/efinity_p2/BRAM/embedded_sw/micro_risc_v1/software/freeRTOS/dCacheFlushDemo
Not found: /home/olle/efinity_p2/BRAM/embedded_sw/micro_risc_v1/software/freeRTOS/iCacheFlashDemo
Not found: /home/olle/efinity_p2/BRAM/embedded_sw/micro_risc_v1/software/freeRTOS/nestedInterruptDemo
Not found: /home/olle/efinity_p2/BRAM/embedded_sw/micro_risc_v1/software/freeRTOS/compatibilityDemo
Not found: /home/olle/efinity_p2/BRAM/embedded_sw/micro_risc_v1/software/freeRTOS/i2cDemo
Not found: /home/olle/efinity_p2/BRAM/embedded_sw/micro_risc_v1/software/freeRTOS/i2cMasterDemo
Not found: /home/olle/efinity_p2/BRAM/embedded_sw/micro_risc_v1/software/freeRTOS/inlineAsmDemo
Not found: /home/olle/efinity_p2/BRAM/embedded_sw/micro_risc_v1/software/freeRTOS/openocdServer
Not found: /home/olle/efinity_p2/BRAM/embedded_sw/micro_risc_v1/software/freeRTOS/smpDemo
Not found: /home/olle/efinity_p2/BRAM/embedded_sw/micro_risc_v1/software/freeRTOS/fpuDemo
Not found: /home/olle/efinity_p2/BRAM/embedded_sw/micro_risc_v1/software/freeRTOS/uartInterruptDemo
Not found: /home/olle/efinity_p2/BRAM/embedded_sw/micro_risc_v1/software/freeRTOS/gpioDemo
Not found: /home/olle/efinity_p2/BRAM/embedded_sw/micro_risc_v1/software/freeRTOS/axi4Demo
Not found: /home/olle/efinity_p2/BRAM/embedded_sw/micro_risc_v1/software/freeRTOS/userTimerDemo
Not found: /home/olle/efinity_p2/BRAM/embedded_sw/micro_risc_v1/software/freeRTOS/uartEchoDemo
Not found: /home/olle/efinity_p2/BRAM/embedded_sw/micro_risc_v1/software/freeRTOS/spiDemo
Not found: /home/olle/efinity_p2/BRAM/embedded_sw/micro_risc_v1/software/freeRTOS/customInstructionDemo
Not found: /home/olle/efinity_p2/BRAM/embedded_sw/micro_risc_v1/software/freeRTOS/memTest
Not found: /home/olle/efinity_p2/BRAM/embedded_sw/micro_risc_v1/software/freeRTOS/dhrystone
Not found: /home/olle/efinity_p2/BRAM/embedded_sw/micro_risc_v1/software/freeRTOS/freertosDemo2
Not found: /home/olle/efinity_p2/BRAM/embedded_sw/micro_risc_v1/software/freeRTOS/freertosUartInterruptDemo
Not found: /home/olle/efinity_p2/BRAM/embedded_sw/micro_risc_v1/software/freeRTOS/i2cEepromDemo
Not found: /home/olle/efinity_p2/BRAM/embedded_sw/micro_risc_v1/software/freeRTOS/i2cSlaveDemo
Not found: /home/olle/efinity_p2/BRAM/embedded_sw/micro_risc_v1/software/freeRTOS/iCacheFlushDemo
Not found: /home/olle/efinity_p2/BRAM/embedded_sw/micro_risc_v1/software/freeRTOS/semihostingDemo
Not found: /home/olle/efinity_p2/BRAM/embedded_sw/micro_risc_v1/software/freeRTOS/watchdogDemo
Not found: /home/olle/efinity_p2/BRAM/embedded_sw/micro_risc_v1/software/standalone/makefile
Not found: /home/olle/efinity_p2/BRAM/embedded_sw/micro_risc_v1/software/standalone/apb3_cl.h
Not found: /home/olle/efinity_p2/BRAM/embedded_sw/micro_risc_v1/software/standalone/clint.h
Not found: /home/olle/efinity_p2/BRAM/embedded_sw/micro_risc_v1/software/standalone/dmasg.h
Not found: /home/olle/efinity_p2/BRAM/embedded_sw/micro_risc_v1/software/standalone/efx_mmc_driver.h
Not found: /home/olle/efinity_p2/BRAM/embedded_sw/micro_risc_v1/software/standalone/efx_tse_mac.h
Not found: /home/olle/efinity_p2/BRAM/embedded_sw/micro_risc_v1/software/standalone/efx_tse_phy.h
Not found: /home/olle/efinity_p2/BRAM/embedded_sw/micro_risc_v1/software/standalone/gpio.h
Not found: /home/olle/efinity_p2/BRAM/embedded_sw/micro_risc_v1/software/standalone/i2c.h
Not found: /home/olle/efinity_p2/BRAM/embedded_sw/micro_risc_v1/software/standalone/io.h
Not found: /home/olle/efinity_p2/BRAM/embedded_sw/micro_risc_v1/software/standalone/mmc.h
Not found: /home/olle/efinity_p2/BRAM/embedded_sw/micro_risc_v1/software/standalone/plic.h
Not found: /home/olle/efinity_p2/BRAM/embedded_sw/micro_risc_v1/software/standalone/prescaler.h
Not found: /home/olle/efinity_p2/BRAM/embedded_sw/micro_risc_v1/software/standalone/riscv.h
Not found: /home/olle/efinity_p2/BRAM/embedded_sw/micro_risc_v1/software/standalone/spi.h
Not found: /home/olle/efinity_p2/BRAM/embedded_sw/micro_risc_v1/software/standalone/spiFlash.h
Not found: /home/olle/efinity_p2/BRAM/embedded_sw/micro_risc_v1/software/standalone/start.h
Not found: /home/olle/efinity_p2/BRAM/embedded_sw/micro_risc_v1/software/standalone/timer.h
Not found: /home/olle/efinity_p2/BRAM/embedded_sw/micro_risc_v1/software/standalone/type.h
Not found: /home/olle/efinity_p2/BRAM/embedded_sw/micro_risc_v1/software/standalone/uart.h
Not found: /home/olle/efinity_p2/BRAM/embedded_sw/micro_risc_v1/software/standalone/vexriscv.h
Not found: /home/olle/efinity_p2/BRAM/embedded_sw/micro_risc_v1/software/freeRTOS/driver/makefile
Not found: /home/olle/efinity_p2/BRAM/embedded_sw/micro_risc_v1/software/freeRTOS/driver/apb3_cl.h
Not found: /home/olle/efinity_p2/BRAM/embedded_sw/micro_risc_v1/software/freeRTOS/driver/clint.h
Not found: /home/olle/efinity_p2/BRAM/embedded_sw/micro_risc_v1/software/freeRTOS/driver/dmasg.h
Not found: /home/olle/efinity_p2/BRAM/embedded_sw/micro_risc_v1/software/freeRTOS/driver/efx_mmc_driver.h
Not found: /home/olle/efinity_p2/BRAM/embedded_sw/micro_risc_v1/software/freeRTOS/driver/efx_tse_mac.h
Not found: /home/olle/efinity_p2/BRAM/embedded_sw/micro_risc_v1/software/freeRTOS/driver/efx_tse_phy.h
Not found: /home/olle/efinity_p2/BRAM/embedded_sw/micro_risc_v1/software/freeRTOS/driver/gpio.h
Not found: /home/olle/efinity_p2/BRAM/embedded_sw/micro_risc_v1/software/freeRTOS/driver/i2c.h
Not found: /home/olle/efinity_p2/BRAM/embedded_sw/micro_risc_v1/software/freeRTOS/driver/io.h
Not found: /home/olle/efinity_p2/BRAM/embedded_sw/micro_risc_v1/software/freeRTOS/driver/mmc.h
Not found: /home/olle/efinity_p2/BRAM/embedded_sw/micro_risc_v1/software/freeRTOS/driver/plic.h
Not found: /home/olle/efinity_p2/BRAM/embedded_sw/micro_risc_v1/software/freeRTOS/driver/prescaler.h
Not found: /home/olle/efinity_p2/BRAM/embedded_sw/micro_risc_v1/software/freeRTOS/driver/riscv.h
Not found: /home/olle/efinity_p2/BRAM/embedded_sw/micro_risc_v1/software/freeRTOS/driver/spi.h
Not found: /home/olle/efinity_p2/BRAM/embedded_sw/micro_risc_v1/software/freeRTOS/driver/spiFlash.h
Not found: /home/olle/efinity_p2/BRAM/embedded_sw/micro_risc_v1/software/freeRTOS/driver/start.h
Not found: /home/olle/efinity_p2/BRAM/embedded_sw/micro_risc_v1/software/freeRTOS/driver/timer.h
Not found: /home/olle/efinity_p2/BRAM/embedded_sw/micro_risc_v1/software/freeRTOS/driver/type.h
Not found: /home/olle/efinity_p2/BRAM/embedded_sw/micro_risc_v1/software/freeRTOS/driver/uart.h
Not found: /home/olle/efinity_p2/BRAM/embedded_sw/micro_risc_v1/software/freeRTOS/driver/vexriscv.h

[2025-08-08 22:16:35] [INFO    ] [efx_ipmgr.builder] [id-1754684128] [BUILDER_INVOKE_BUILD_COMMAND-DONE] Build Command Execution: Success
[2025-08-08 22:16:35] [DEBUG   ] [efx_ipmgr.builder] [id-1754684128] [BUILDER_RUN] file_name = /home/olle/efinity_p2/BRAM/ip/micro_risc_v1/../micro_risc_v1/embedded_sw
[2025-08-08 22:16:35] [DEBUG   ] [efx_ipmgr.builder] [id-1754684128] [BUILDER_RUN] resolved_name = /home/olle/efinity_p2/BRAM/ip/micro_risc_v1/../micro_risc_v1/embedded_sw
[2025-08-08 22:16:35] [INFO    ] [efx_ipmgr.builder] [id-1754684128] [BUILDER-COPY] Copying file '/home/olle/efinix/efinity/2025.1/ipm/ip/efx_soc/efx_soc/fpga/soc.xml' to '/home/olle/efinity_p2/BRAM/ip/micro_risc_v1/T120F324_devkit'
[2025-08-08 22:16:35] [INFO    ] [efx_ipmgr.builder] [id-1754684128] [BUILDER-COPY] (('EfxSapphireSoc', 'micro_risc_v1'), ('EfxSapphireSoc_define.vh', 'micro_risc_v1_define.vh'), ('EfxSapphireSoc.v', 'micro_risc_v1.v'))
[2025-08-08 22:16:35] [DEBUG   ] [efx_ipmgr.builder] [id-1754684128] [BUILDER_RUN] command_str = ${EFINITY_PYTHON} ${IP_LIBRARY_ROOT}/efx_soc/efx_soc/fpga/soc_gen.py
[2025-08-08 22:16:35] [DEBUG   ] [efx_ipmgr.builder] [id-1754684128] [BUILDER_RUN] flags_str = --out_path ${IP_OUTPUT_PATH} --gen_name ${IP_GEN_MODULE} --parameters ${IP_USER_PARAMETERS}
[2025-08-08 22:16:35] [DEBUG   ] [efx_ipmgr.builder] [id-1754684128] [BUILDER_RUN] file = {'path': '${IP_GEN_MODULE}', 'copiedPath': '', 'fileType': 'pythonScript', 'workdir': '', 'isInternal': '', 'isPresent': 'True', 'isPresentDefault': 'True', 'command': '${EFINITY_PYTHON} ${IP_LIBRARY_ROOT}/efx_soc/efx_soc/fpga/soc_gen.py', 'flags': '--out_path ${IP_OUTPUT_PATH} --gen_name ${IP_GEN_MODULE} --parameters ${IP_USER_PARAMETERS}', 'targetName': '', 'name': PosixPath('/home/olle/efinity_p2/BRAM/ip/micro_risc_v1/T120F324_devkit/micro_risc_v1')}
[2025-08-08 22:16:35] [INFO    ] [efx_ipmgr.builder] [id-1754684128] [BUILDER_INVOKE_BUILD_COMMAND-BEGIN] Start build_command
[2025-08-08 22:16:35] [INFO    ] [efx_ipmgr.builder] [id-1754684128] [BUILDER_INVOKE_BUILD_COMMAND] CWD=/home/olle/efinity_p2/BRAM/
[2025-08-08 22:16:35] [INFO    ] [efx_ipmgr.builder] [id-1754684128] [BUILDER_INVOKE_BUILD_COMMAND] args: /home/olle/efinix/efinity/2025.1/bin/python3
/home/olle/efinix/efinity/2025.1/ipm/ip/efx_soc/efx_soc/fpga/soc_gen.py
--out_path
/home/olle/efinity_p2/BRAM/ip
--gen_name
micro_risc_v1
--parameters
HexFile_PathEnable="1"
HexFile_Path="embedded_sw/micro_risc_v1/software/standalone/blink_led/build/blink_led.hex"
APBSlave4_Size="65536"
APBSlave3_Size="65536"
APBSlave2_Size="65536"
APBSlave1_Size="65536"
APBSlave0_Size="65536"
DEVKIT_CUSTOM="sapphireBoard_rev0"
LDSize="124"
LDStackSize="4"
DEVKIT="0"
DEBUG="1"
IDE_SEL="0"
RISCV_DEBUG_PRIV="1"
HARD_BREAKPOINT="1"
SOFT_TAP="0"
TAP_MODE="0"
TAP_COUNT="2"
TAP_SEL="8"
Frequency="128"
PeriFrequencyEnable="0"
PeriFrequency="50"
APBSlave0_Addr="1048576"
APBSlave2_Addr="0"
APBSlave4_Addr="0"
UART2_FIFODEPTH="128"
UART2_INT_ID="3"
TEST="0"
APBSlave3_Addr="0"
I2C2_Addr="86016"
Base_AXIS="16777216"
Base_M_AXIS="3774873600"
APBSlave0="0"
Base_IM="4177526784"
APBSlave2="0"
Base_IO="4160749568"
Base_M_IO="4160749568"
Base_EM="4096"
APBSlave1_Addr="0"
APBSlave1="0"
APBSlave3="0"
USER_1_INTR_ID="17"
USER_1_INTR="0"
USER_0_INTR_ID="16"
USER_0_INTR="0"
USER_2_INTR="0"
USER_2_INTR_ID="22"
USER_3_INTR="0"
USER_3_INTR_ID="23"
USER_4_INTR="0"
USER_4_INTR_ID="24"
USER_5_INTR="0"
USER_5_INTR_ID="25"
USER_6_INTR="0"
USER_6_INTR_ID="26"
USER_7_INTR="0"
USER_7_INTR_ID="27"
APBSlave4="0"
CustomInstruction="0"
ATMEXT="0"
CMREXT="0"
FPEXT="1"
FPU="0"
LINUX="0"
ICACHEWAY="1"
DCACHEWAY="1"
CpuCount="1"
ICacheSize="4096"
DCacheSize="4096"
Cache="1"
ICache_EN="1"
DCache_EN="1"
DDR="0"
DDR_AXI4="0"
DDRWidth="128"
DDR_IdWidth="8"
DDRSize="3758096384"
OCRSize="8192"
AXISlave="0"
AXISlaveSize="16777216"
GPIO1_Addr="86016"
GPIO0_Addr="86016"
GPIO1_INT_ID1="15"
GPIO1_INT_ID0="14"
GPIO0_INT_ID1="13"
GPIO0_INT_ID0="1"
GPIO0="1"
GPIO0Width="1"
GPIO1Width="8"
GPIO1="0"
UART0_FIFODEPTH="64"
UART0_INT_ID="2"
UART0_Addr="65536"
IOSize="4096"
UART0_M_Addr="4096"
UART1_M_Addr="8192"
UART2_M_Addr="12288"
SPI0_M_Addr="24576"
SPI1_M_Addr="16384"
SPI2_M_Addr="20480"
I2C0_M_Addr="40960"
I2C1_M_Addr="45056"
I2C2_M_Addr="49152"
GPIO0_M_Addr="53248"
GPIO1_M_Addr="57344"
APBSlave0_M_Addr="1048576"
APBSlave1_M_Addr="2097152"
APBSlave2_M_Addr="3145728"
APBSlave3_M_Addr="4194304"
APBSlave4_M_Addr="5242880"
UART0="1"
UART2_Addr="86016"
UART2="0"
UART1_FIFODEPTH="128"
UART1_INT_ID="2"
UART1_Addr="86016"
UART1="0"
SPI2="0"
SPI2DW="8"
SPI2SS="1"
SPI2_FIFODEPTH="256"
SPI1_INT_ID="5"
SPI1="0"
SPI1DW="8"
SPI1SS="1"
SPI1_FIFODEPTH="256"
SPI0_INT_ID="4"
SPI0_Addr="81920"
SPI0="0"
SPI0DW="8"
SPI0SS="1"
SPI0_FIFODEPTH="256"
I2C2_INT_ID="10"
ADDR_Scheme="0"
I2C2="0"
I2C1_Addr="86016"
I2C1="0"
SPI2_INT_ID="6"
SPI2_Addr="81920"
SPI1_Addr="81920"
I2C0_Addr="86016"
I2C1_INT_ID="9"
I2C0_INT_ID="8"
I2C0="0"
AXIMasterWidth_1="32"
AXIMaster_1="0"
AXIMasterWidth="32"
AXIMaster="1"
USER_TIMER0="0"
USER_TIMER0_CNT_WIDTH="12"
USER_TIMER0_PS_WIDTH="8"
USER_TIMER0_INT_ID="19"
USER_TIMER0_Addr="86016"
USER_TIMER0_M_Addr="61440"
USER_TIMER1="0"
USER_TIMER1_CNT_WIDTH="12"
USER_TIMER1_PS_WIDTH="8"
USER_TIMER1_INT_ID="20"
USER_TIMER1_Addr="86016"
USER_TIMER1_M_Addr="65536"
USER_TIMER2="0"
USER_TIMER2_CNT_WIDTH="12"
USER_TIMER2_PS_WIDTH="8"
USER_TIMER2_INT_ID="21"
USER_TIMER2_Addr="86016"
USER_TIMER2_M_Addr="69632"
WDT0="0"
WDT0_PS_WIDTH="24"
WDT0_TIMER_WIDTH="16"
WDT0_Addr="86016"
WDT0_M_Addr="73728"
WDT0_INT_ID="32"
RAM_OPT="0"
SOC_MODE="1"
MULDIV_EXT="0"
BARREL_SHIFTER="0"
REDUCED_CSR="1"
DDRCLK_DOMAIN="1"
DDR_OPT="1"
SW_REMOVED="0"
[2025-08-08 22:16:35] [INFO    ] [efx_ipmgr.builder] [id-1754684128] [BUILDER_INVOKE_BUILD_COMMAND] stdout: 
[2025-08-08 22:16:35] [INFO    ] [efx_ipmgr.builder] [id-1754684128] [BUILDER_INVOKE_BUILD_COMMAND-DONE] Build Command Execution: Success
[2025-08-08 22:16:35] [DEBUG   ] [efx_ipmgr.builder] [id-1754684128] [BUILDER_RUN] file_name = /home/olle/efinity_p2/BRAM/ip/micro_risc_v1/T120F324_devkit/micro_risc_v1
[2025-08-08 22:16:35] [DEBUG   ] [efx_ipmgr.builder] [id-1754684128] [BUILDER_RUN] resolved_name = /home/olle/efinity_p2/BRAM/ip/micro_risc_v1/T120F324_devkit/micro_risc_v1
[2025-08-08 22:16:35] [INFO    ] [efx_ipmgr.builder] [id-1754684128] [BUILDER-COPY] Copying file '/home/olle/efinix/efinity/2025.1/ipm/ip/efx_soc/efx_soc/fpga/design_modules.v' to '/home/olle/efinity_p2/BRAM/ip/micro_risc_v1/T120F324_devkit'
[2025-08-08 22:16:35] [INFO    ] [efx_ipmgr.builder] [id-1754684128] [BUILDER-COPY] (('EfxSapphireSoc', 'micro_risc_v1'), ('EfxSapphireSoc_define.vh', 'micro_risc_v1_define.vh'), ('EfxSapphireSoc.v', 'micro_risc_v1.v'))
[2025-08-08 22:16:35] [INFO    ] [efx_ipmgr.builder] [id-1754684128] [BUILDER-COPY] Copying file '/home/olle/efinix/efinity/2025.1/ipm/ip/efx_soc/efx_soc/fpga/ddr_reset_sequencer.v' to '/home/olle/efinity_p2/BRAM/ip/micro_risc_v1/T120F324_devkit'
[2025-08-08 22:16:35] [INFO    ] [efx_ipmgr.builder] [id-1754684128] [BUILDER-COPY] (('EfxSapphireSoc', 'micro_risc_v1'), ('EfxSapphireSoc_define.vh', 'micro_risc_v1_define.vh'), ('EfxSapphireSoc.v', 'micro_risc_v1.v'))
[2025-08-08 22:16:35] [INFO    ] [efx_ipmgr.builder] [id-1754684128] [BUILDER-COPY] Copying file '/home/olle/efinix/efinity/2025.1/ipm/ip/efx_soc/efx_soc/fpga/soc.hex' to '/home/olle/efinity_p2/BRAM/ip/micro_risc_v1/T120F324_devkit'
[2025-08-08 22:16:35] [INFO    ] [efx_ipmgr.builder] [id-1754684128] [BUILDER-COPY] (('EfxSapphireSoc', 'micro_risc_v1'), ('EfxSapphireSoc_define.vh', 'micro_risc_v1_define.vh'), ('EfxSapphireSoc.v', 'micro_risc_v1.v'))
[2025-08-08 22:16:36] [INFO    ] [efx_ipmgr.builder] [id-1754684128] [BUILDER-COPY] Copying file '/home/olle/efinity_p2/BRAM/ip/micro_risc_v1/micro_risc_v1.v' to '/home/olle/efinity_p2/BRAM/ip/micro_risc_v1/T120F324_devkit'
[2025-08-08 22:16:36] [INFO    ] [efx_ipmgr.builder] [id-1754684128] [BUILDER-COPY] (('EfxSapphireSoc', 'micro_risc_v1'), ('EfxSapphireSoc_define.vh', 'micro_risc_v1_define.vh'), ('EfxSapphireSoc.v', 'micro_risc_v1.v'))
[2025-08-08 22:16:37] [INFO    ] [efx_ipmgr.builder] [id-1754684128] [BUILDER-COPY] Copying file '/home/olle/efinity_p2/BRAM/ip/micro_risc_v1/micro_risc_v1_define.vh' to '/home/olle/efinity_p2/BRAM/ip/micro_risc_v1/T120F324_devkit'
[2025-08-08 22:16:37] [INFO    ] [efx_ipmgr.builder] [id-1754684128] [BUILDER-COPY] (('EfxSapphireSoc', 'micro_risc_v1'), ('EfxSapphireSoc_define.vh', 'micro_risc_v1_define.vh'), ('EfxSapphireSoc.v', 'micro_risc_v1.v'))
[2025-08-08 22:16:37] [INFO    ] [efx_ipmgr.builder] [id-1754684128] [BUILDER-COPY] Copying file '/home/olle/efinix/efinity/2025.1/ipm/ip/efx_soc/efx_soc/fpga/fpga_ti/soc.xml' to '/home/olle/efinity_p2/BRAM/ip/micro_risc_v1/Ti60F225_devkit'
[2025-08-08 22:16:37] [INFO    ] [efx_ipmgr.builder] [id-1754684128] [BUILDER-COPY] (('EfxSapphireSoc', 'micro_risc_v1'), ('EfxSapphireSoc_define.vh', 'micro_risc_v1_define.vh'), ('EfxSapphireSoc.v', 'micro_risc_v1.v'))
[2025-08-08 22:16:37] [DEBUG   ] [efx_ipmgr.builder] [id-1754684128] [BUILDER_RUN] command_str = ${EFINITY_PYTHON} ${IP_LIBRARY_ROOT}/efx_soc/efx_soc/fpga/fpga_ti/soc_gen.py
[2025-08-08 22:16:37] [DEBUG   ] [efx_ipmgr.builder] [id-1754684128] [BUILDER_RUN] flags_str = --out_path ${IP_OUTPUT_PATH} --gen_name ${IP_GEN_MODULE} --parameters ${IP_USER_PARAMETERS}
[2025-08-08 22:16:37] [DEBUG   ] [efx_ipmgr.builder] [id-1754684128] [BUILDER_RUN] file = {'path': '${IP_GEN_MODULE}', 'copiedPath': '', 'fileType': 'pythonScript', 'workdir': '', 'isInternal': '', 'isPresent': 'True', 'isPresentDefault': 'True', 'command': '${EFINITY_PYTHON} ${IP_LIBRARY_ROOT}/efx_soc/efx_soc/fpga/fpga_ti/soc_gen.py', 'flags': '--out_path ${IP_OUTPUT_PATH} --gen_name ${IP_GEN_MODULE} --parameters ${IP_USER_PARAMETERS}', 'targetName': '', 'name': PosixPath('/home/olle/efinity_p2/BRAM/ip/micro_risc_v1/Ti60F225_devkit/micro_risc_v1')}
[2025-08-08 22:16:37] [INFO    ] [efx_ipmgr.builder] [id-1754684128] [BUILDER_INVOKE_BUILD_COMMAND-BEGIN] Start build_command
[2025-08-08 22:16:37] [INFO    ] [efx_ipmgr.builder] [id-1754684128] [BUILDER_INVOKE_BUILD_COMMAND] CWD=/home/olle/efinity_p2/BRAM/
[2025-08-08 22:16:37] [INFO    ] [efx_ipmgr.builder] [id-1754684128] [BUILDER_INVOKE_BUILD_COMMAND] args: /home/olle/efinix/efinity/2025.1/bin/python3
/home/olle/efinix/efinity/2025.1/ipm/ip/efx_soc/efx_soc/fpga/fpga_ti/soc_gen.py
--out_path
/home/olle/efinity_p2/BRAM/ip
--gen_name
micro_risc_v1
--parameters
HexFile_PathEnable="1"
HexFile_Path="embedded_sw/micro_risc_v1/software/standalone/blink_led/build/blink_led.hex"
APBSlave4_Size="65536"
APBSlave3_Size="65536"
APBSlave2_Size="65536"
APBSlave1_Size="65536"
APBSlave0_Size="65536"
DEVKIT_CUSTOM="sapphireBoard_rev0"
LDSize="124"
LDStackSize="4"
DEVKIT="0"
DEBUG="1"
IDE_SEL="0"
RISCV_DEBUG_PRIV="1"
HARD_BREAKPOINT="1"
SOFT_TAP="0"
TAP_MODE="0"
TAP_COUNT="2"
TAP_SEL="8"
Frequency="128"
PeriFrequencyEnable="0"
PeriFrequency="50"
APBSlave0_Addr="1048576"
APBSlave2_Addr="0"
APBSlave4_Addr="0"
UART2_FIFODEPTH="128"
UART2_INT_ID="3"
TEST="0"
APBSlave3_Addr="0"
I2C2_Addr="86016"
Base_AXIS="16777216"
Base_M_AXIS="3774873600"
APBSlave0="0"
Base_IM="4177526784"
APBSlave2="0"
Base_IO="4160749568"
Base_M_IO="4160749568"
Base_EM="4096"
APBSlave1_Addr="0"
APBSlave1="0"
APBSlave3="0"
USER_1_INTR_ID="17"
USER_1_INTR="0"
USER_0_INTR_ID="16"
USER_0_INTR="0"
USER_2_INTR="0"
USER_2_INTR_ID="22"
USER_3_INTR="0"
USER_3_INTR_ID="23"
USER_4_INTR="0"
USER_4_INTR_ID="24"
USER_5_INTR="0"
USER_5_INTR_ID="25"
USER_6_INTR="0"
USER_6_INTR_ID="26"
USER_7_INTR="0"
USER_7_INTR_ID="27"
APBSlave4="0"
CustomInstruction="0"
ATMEXT="0"
CMREXT="0"
FPEXT="1"
FPU="0"
LINUX="0"
ICACHEWAY="1"
DCACHEWAY="1"
CpuCount="1"
ICacheSize="4096"
DCacheSize="4096"
Cache="1"
ICache_EN="1"
DCache_EN="1"
DDR="0"
DDR_AXI4="0"
DDRWidth="128"
DDR_IdWidth="8"
DDRSize="3758096384"
OCRSize="8192"
AXISlave="0"
AXISlaveSize="16777216"
GPIO1_Addr="86016"
GPIO0_Addr="86016"
GPIO1_INT_ID1="15"
GPIO1_INT_ID0="14"
GPIO0_INT_ID1="13"
GPIO0_INT_ID0="1"
GPIO0="1"
GPIO0Width="1"
GPIO1Width="8"
GPIO1="0"
UART0_FIFODEPTH="64"
UART0_INT_ID="2"
UART0_Addr="65536"
IOSize="4096"
UART0_M_Addr="4096"
UART1_M_Addr="8192"
UART2_M_Addr="12288"
SPI0_M_Addr="24576"
SPI1_M_Addr="16384"
SPI2_M_Addr="20480"
I2C0_M_Addr="40960"
I2C1_M_Addr="45056"
I2C2_M_Addr="49152"
GPIO0_M_Addr="53248"
GPIO1_M_Addr="57344"
APBSlave0_M_Addr="1048576"
APBSlave1_M_Addr="2097152"
APBSlave2_M_Addr="3145728"
APBSlave3_M_Addr="4194304"
APBSlave4_M_Addr="5242880"
UART0="1"
UART2_Addr="86016"
UART2="0"
UART1_FIFODEPTH="128"
UART1_INT_ID="2"
UART1_Addr="86016"
UART1="0"
SPI2="0"
SPI2DW="8"
SPI2SS="1"
SPI2_FIFODEPTH="256"
SPI1_INT_ID="5"
SPI1="0"
SPI1DW="8"
SPI1SS="1"
SPI1_FIFODEPTH="256"
SPI0_INT_ID="4"
SPI0_Addr="81920"
SPI0="0"
SPI0DW="8"
SPI0SS="1"
SPI0_FIFODEPTH="256"
I2C2_INT_ID="10"
ADDR_Scheme="0"
I2C2="0"
I2C1_Addr="86016"
I2C1="0"
SPI2_INT_ID="6"
SPI2_Addr="81920"
SPI1_Addr="81920"
I2C0_Addr="86016"
I2C1_INT_ID="9"
I2C0_INT_ID="8"
I2C0="0"
AXIMasterWidth_1="32"
AXIMaster_1="0"
AXIMasterWidth="32"
AXIMaster="1"
USER_TIMER0="0"
USER_TIMER0_CNT_WIDTH="12"
USER_TIMER0_PS_WIDTH="8"
USER_TIMER0_INT_ID="19"
USER_TIMER0_Addr="86016"
USER_TIMER0_M_Addr="61440"
USER_TIMER1="0"
USER_TIMER1_CNT_WIDTH="12"
USER_TIMER1_PS_WIDTH="8"
USER_TIMER1_INT_ID="20"
USER_TIMER1_Addr="86016"
USER_TIMER1_M_Addr="65536"
USER_TIMER2="0"
USER_TIMER2_CNT_WIDTH="12"
USER_TIMER2_PS_WIDTH="8"
USER_TIMER2_INT_ID="21"
USER_TIMER2_Addr="86016"
USER_TIMER2_M_Addr="69632"
WDT0="0"
WDT0_PS_WIDTH="24"
WDT0_TIMER_WIDTH="16"
WDT0_Addr="86016"
WDT0_M_Addr="73728"
WDT0_INT_ID="32"
RAM_OPT="0"
SOC_MODE="1"
MULDIV_EXT="0"
BARREL_SHIFTER="0"
REDUCED_CSR="1"
DDRCLK_DOMAIN="1"
DDR_OPT="1"
SW_REMOVED="0"
[2025-08-08 22:16:37] [INFO    ] [efx_ipmgr.builder] [id-1754684128] [BUILDER_INVOKE_BUILD_COMMAND] stdout: 
[2025-08-08 22:16:37] [INFO    ] [efx_ipmgr.builder] [id-1754684128] [BUILDER_INVOKE_BUILD_COMMAND-DONE] Build Command Execution: Success
[2025-08-08 22:16:37] [DEBUG   ] [efx_ipmgr.builder] [id-1754684128] [BUILDER_RUN] file_name = /home/olle/efinity_p2/BRAM/ip/micro_risc_v1/Ti60F225_devkit/micro_risc_v1
[2025-08-08 22:16:37] [DEBUG   ] [efx_ipmgr.builder] [id-1754684128] [BUILDER_RUN] resolved_name = /home/olle/efinity_p2/BRAM/ip/micro_risc_v1/Ti60F225_devkit/micro_risc_v1
[2025-08-08 22:16:37] [INFO    ] [efx_ipmgr.builder] [id-1754684128] [BUILDER-COPY] Copying file '/home/olle/efinix/efinity/2025.1/ipm/ip/efx_soc/efx_soc/fpga/fpga_ti/design_modules.v' to '/home/olle/efinity_p2/BRAM/ip/micro_risc_v1/Ti60F225_devkit'
[2025-08-08 22:16:37] [INFO    ] [efx_ipmgr.builder] [id-1754684128] [BUILDER-COPY] (('EfxSapphireSoc', 'micro_risc_v1'), ('EfxSapphireSoc_define.vh', 'micro_risc_v1_define.vh'), ('EfxSapphireSoc.v', 'micro_risc_v1.v'))
[2025-08-08 22:16:37] [INFO    ] [efx_ipmgr.builder] [id-1754684128] [BUILDER-COPY] Copying file '/home/olle/efinix/efinity/2025.1/ipm/ip/efx_soc/efx_soc/fpga/fpga_ti/hbram_top.v' to '/home/olle/efinity_p2/BRAM/ip/micro_risc_v1/Ti60F225_devkit'
[2025-08-08 22:16:37] [INFO    ] [efx_ipmgr.builder] [id-1754684128] [BUILDER-COPY] (('EfxSapphireSoc', 'micro_risc_v1'), ('EfxSapphireSoc_define.vh', 'micro_risc_v1_define.vh'), ('EfxSapphireSoc.v', 'micro_risc_v1.v'))
[2025-08-08 22:16:37] [INFO    ] [efx_ipmgr.builder] [id-1754684128] [BUILDER-COPY] Copying file '/home/olle/efinix/efinity/2025.1/ipm/ip/efx_soc/efx_soc/fpga/fpga_ti/hbram_top_define.vh' to '/home/olle/efinity_p2/BRAM/ip/micro_risc_v1/Ti60F225_devkit'
[2025-08-08 22:16:37] [INFO    ] [efx_ipmgr.builder] [id-1754684128] [BUILDER-COPY] (('EfxSapphireSoc', 'micro_risc_v1'), ('EfxSapphireSoc_define.vh', 'micro_risc_v1_define.vh'), ('EfxSapphireSoc.v', 'micro_risc_v1.v'))
[2025-08-08 22:16:37] [INFO    ] [efx_ipmgr.builder] [id-1754684128] [BUILDER-COPY] Copying file '/home/olle/efinix/efinity/2025.1/ipm/ip/efx_soc/efx_soc/fpga/fpga_ti/soc.hex' to '/home/olle/efinity_p2/BRAM/ip/micro_risc_v1/Ti60F225_devkit'
[2025-08-08 22:16:37] [INFO    ] [efx_ipmgr.builder] [id-1754684128] [BUILDER-COPY] (('EfxSapphireSoc', 'micro_risc_v1'), ('EfxSapphireSoc_define.vh', 'micro_risc_v1_define.vh'), ('EfxSapphireSoc.v', 'micro_risc_v1.v'))
[2025-08-08 22:16:37] [INFO    ] [efx_ipmgr.builder] [id-1754684128] [BUILDER-COPY] Copying file '/home/olle/efinity_p2/BRAM/ip/micro_risc_v1/micro_risc_v1.v' to '/home/olle/efinity_p2/BRAM/ip/micro_risc_v1/Ti60F225_devkit'
[2025-08-08 22:16:37] [INFO    ] [efx_ipmgr.builder] [id-1754684128] [BUILDER-COPY] (('EfxSapphireSoc', 'micro_risc_v1'), ('EfxSapphireSoc_define.vh', 'micro_risc_v1_define.vh'), ('EfxSapphireSoc.v', 'micro_risc_v1.v'))
[2025-08-08 22:16:37] [INFO    ] [efx_ipmgr.builder] [id-1754684128] [BUILDER-COPY] Copying file '/home/olle/efinity_p2/BRAM/ip/micro_risc_v1/micro_risc_v1_define.vh' to '/home/olle/efinity_p2/BRAM/ip/micro_risc_v1/Ti60F225_devkit'
[2025-08-08 22:16:37] [INFO    ] [efx_ipmgr.builder] [id-1754684128] [BUILDER-COPY] (('EfxSapphireSoc', 'micro_risc_v1'), ('EfxSapphireSoc_define.vh', 'micro_risc_v1_define.vh'), ('EfxSapphireSoc.v', 'micro_risc_v1.v'))
[2025-08-08 22:16:37] [INFO    ] [efx_ipmgr.builder] [id-1754684128] [BUILDER-COPY] Copying file '/home/olle/efinix/efinity/2025.1/ipm/ip/efx_soc/efx_soc/fpga/fpga_ti180/soc.xml' to '/home/olle/efinity_p2/BRAM/ip/micro_risc_v1/Ti180J484_devkit'
[2025-08-08 22:16:37] [INFO    ] [efx_ipmgr.builder] [id-1754684128] [BUILDER-COPY] (('EfxSapphireSoc', 'micro_risc_v1'), ('EfxSapphireSoc_define.vh', 'micro_risc_v1_define.vh'), ('EfxSapphireSoc.v', 'micro_risc_v1.v'))
[2025-08-08 22:16:37] [DEBUG   ] [efx_ipmgr.builder] [id-1754684128] [BUILDER_RUN] command_str = ${EFINITY_PYTHON} ${IP_LIBRARY_ROOT}/efx_soc/efx_soc/fpga/fpga_ti180/soc_gen.py
[2025-08-08 22:16:37] [DEBUG   ] [efx_ipmgr.builder] [id-1754684128] [BUILDER_RUN] flags_str = --out_path ${IP_OUTPUT_PATH} --gen_name ${IP_GEN_MODULE} --parameters ${IP_USER_PARAMETERS}
[2025-08-08 22:16:37] [DEBUG   ] [efx_ipmgr.builder] [id-1754684128] [BUILDER_RUN] file = {'path': '${IP_GEN_MODULE}', 'copiedPath': '', 'fileType': 'pythonScript', 'workdir': '', 'isInternal': '', 'isPresent': 'True', 'isPresentDefault': 'True', 'command': '${EFINITY_PYTHON} ${IP_LIBRARY_ROOT}/efx_soc/efx_soc/fpga/fpga_ti180/soc_gen.py', 'flags': '--out_path ${IP_OUTPUT_PATH} --gen_name ${IP_GEN_MODULE} --parameters ${IP_USER_PARAMETERS}', 'targetName': '', 'name': PosixPath('/home/olle/efinity_p2/BRAM/ip/micro_risc_v1/Ti180J484_devkit/micro_risc_v1')}
[2025-08-08 22:16:37] [INFO    ] [efx_ipmgr.builder] [id-1754684128] [BUILDER_INVOKE_BUILD_COMMAND-BEGIN] Start build_command
[2025-08-08 22:16:37] [INFO    ] [efx_ipmgr.builder] [id-1754684128] [BUILDER_INVOKE_BUILD_COMMAND] CWD=/home/olle/efinity_p2/BRAM/
[2025-08-08 22:16:37] [INFO    ] [efx_ipmgr.builder] [id-1754684128] [BUILDER_INVOKE_BUILD_COMMAND] args: /home/olle/efinix/efinity/2025.1/bin/python3
/home/olle/efinix/efinity/2025.1/ipm/ip/efx_soc/efx_soc/fpga/fpga_ti180/soc_gen.py
--out_path
/home/olle/efinity_p2/BRAM/ip
--gen_name
micro_risc_v1
--parameters
HexFile_PathEnable="1"
HexFile_Path="embedded_sw/micro_risc_v1/software/standalone/blink_led/build/blink_led.hex"
APBSlave4_Size="65536"
APBSlave3_Size="65536"
APBSlave2_Size="65536"
APBSlave1_Size="65536"
APBSlave0_Size="65536"
DEVKIT_CUSTOM="sapphireBoard_rev0"
LDSize="124"
LDStackSize="4"
DEVKIT="0"
DEBUG="1"
IDE_SEL="0"
RISCV_DEBUG_PRIV="1"
HARD_BREAKPOINT="1"
SOFT_TAP="0"
TAP_MODE="0"
TAP_COUNT="2"
TAP_SEL="8"
Frequency="128"
PeriFrequencyEnable="0"
PeriFrequency="50"
APBSlave0_Addr="1048576"
APBSlave2_Addr="0"
APBSlave4_Addr="0"
UART2_FIFODEPTH="128"
UART2_INT_ID="3"
TEST="0"
APBSlave3_Addr="0"
I2C2_Addr="86016"
Base_AXIS="16777216"
Base_M_AXIS="3774873600"
APBSlave0="0"
Base_IM="4177526784"
APBSlave2="0"
Base_IO="4160749568"
Base_M_IO="4160749568"
Base_EM="4096"
APBSlave1_Addr="0"
APBSlave1="0"
APBSlave3="0"
USER_1_INTR_ID="17"
USER_1_INTR="0"
USER_0_INTR_ID="16"
USER_0_INTR="0"
USER_2_INTR="0"
USER_2_INTR_ID="22"
USER_3_INTR="0"
USER_3_INTR_ID="23"
USER_4_INTR="0"
USER_4_INTR_ID="24"
USER_5_INTR="0"
USER_5_INTR_ID="25"
USER_6_INTR="0"
USER_6_INTR_ID="26"
USER_7_INTR="0"
USER_7_INTR_ID="27"
APBSlave4="0"
CustomInstruction="0"
ATMEXT="0"
CMREXT="0"
FPEXT="1"
FPU="0"
LINUX="0"
ICACHEWAY="1"
DCACHEWAY="1"
CpuCount="1"
ICacheSize="4096"
DCacheSize="4096"
Cache="1"
ICache_EN="1"
DCache_EN="1"
DDR="0"
DDR_AXI4="0"
DDRWidth="128"
DDR_IdWidth="8"
DDRSize="3758096384"
OCRSize="8192"
AXISlave="0"
AXISlaveSize="16777216"
GPIO1_Addr="86016"
GPIO0_Addr="86016"
GPIO1_INT_ID1="15"
GPIO1_INT_ID0="14"
GPIO0_INT_ID1="13"
GPIO0_INT_ID0="1"
GPIO0="1"
GPIO0Width="1"
GPIO1Width="8"
GPIO1="0"
UART0_FIFODEPTH="64"
UART0_INT_ID="2"
UART0_Addr="65536"
IOSize="4096"
UART0_M_Addr="4096"
UART1_M_Addr="8192"
UART2_M_Addr="12288"
SPI0_M_Addr="24576"
SPI1_M_Addr="16384"
SPI2_M_Addr="20480"
I2C0_M_Addr="40960"
I2C1_M_Addr="45056"
I2C2_M_Addr="49152"
GPIO0_M_Addr="53248"
GPIO1_M_Addr="57344"
APBSlave0_M_Addr="1048576"
APBSlave1_M_Addr="2097152"
APBSlave2_M_Addr="3145728"
APBSlave3_M_Addr="4194304"
APBSlave4_M_Addr="5242880"
UART0="1"
UART2_Addr="86016"
UART2="0"
UART1_FIFODEPTH="128"
UART1_INT_ID="2"
UART1_Addr="86016"
UART1="0"
SPI2="0"
SPI2DW="8"
SPI2SS="1"
SPI2_FIFODEPTH="256"
SPI1_INT_ID="5"
SPI1="0"
SPI1DW="8"
SPI1SS="1"
SPI1_FIFODEPTH="256"
SPI0_INT_ID="4"
SPI0_Addr="81920"
SPI0="0"
SPI0DW="8"
SPI0SS="1"
SPI0_FIFODEPTH="256"
I2C2_INT_ID="10"
ADDR_Scheme="0"
I2C2="0"
I2C1_Addr="86016"
I2C1="0"
SPI2_INT_ID="6"
SPI2_Addr="81920"
SPI1_Addr="81920"
I2C0_Addr="86016"
I2C1_INT_ID="9"
I2C0_INT_ID="8"
I2C0="0"
AXIMasterWidth_1="32"
AXIMaster_1="0"
AXIMasterWidth="32"
AXIMaster="1"
USER_TIMER0="0"
USER_TIMER0_CNT_WIDTH="12"
USER_TIMER0_PS_WIDTH="8"
USER_TIMER0_INT_ID="19"
USER_TIMER0_Addr="86016"
USER_TIMER0_M_Addr="61440"
USER_TIMER1="0"
USER_TIMER1_CNT_WIDTH="12"
USER_TIMER1_PS_WIDTH="8"
USER_TIMER1_INT_ID="20"
USER_TIMER1_Addr="86016"
USER_TIMER1_M_Addr="65536"
USER_TIMER2="0"
USER_TIMER2_CNT_WIDTH="12"
USER_TIMER2_PS_WIDTH="8"
USER_TIMER2_INT_ID="21"
USER_TIMER2_Addr="86016"
USER_TIMER2_M_Addr="69632"
WDT0="0"
WDT0_PS_WIDTH="24"
WDT0_TIMER_WIDTH="16"
WDT0_Addr="86016"
WDT0_M_Addr="73728"
WDT0_INT_ID="32"
RAM_OPT="0"
SOC_MODE="1"
MULDIV_EXT="0"
BARREL_SHIFTER="0"
REDUCED_CSR="1"
DDRCLK_DOMAIN="1"
DDR_OPT="1"
SW_REMOVED="0"
[2025-08-08 22:16:38] [INFO    ] [efx_ipmgr.builder] [id-1754684128] [BUILDER_INVOKE_BUILD_COMMAND] stdout: 
[2025-08-08 22:16:38] [INFO    ] [efx_ipmgr.builder] [id-1754684128] [BUILDER_INVOKE_BUILD_COMMAND-DONE] Build Command Execution: Success
[2025-08-08 22:16:38] [DEBUG   ] [efx_ipmgr.builder] [id-1754684128] [BUILDER_RUN] file_name = /home/olle/efinity_p2/BRAM/ip/micro_risc_v1/Ti180J484_devkit/micro_risc_v1
[2025-08-08 22:16:38] [DEBUG   ] [efx_ipmgr.builder] [id-1754684128] [BUILDER_RUN] resolved_name = /home/olle/efinity_p2/BRAM/ip/micro_risc_v1/Ti180J484_devkit/micro_risc_v1
[2025-08-08 22:16:38] [INFO    ] [efx_ipmgr.builder] [id-1754684128] [BUILDER-COPY] Copying file '/home/olle/efinix/efinity/2025.1/ipm/ip/efx_soc/efx_soc/fpga/fpga_ti180/design_modules.v' to '/home/olle/efinity_p2/BRAM/ip/micro_risc_v1/Ti180J484_devkit'
[2025-08-08 22:16:38] [INFO    ] [efx_ipmgr.builder] [id-1754684128] [BUILDER-COPY] (('EfxSapphireSoc', 'micro_risc_v1'), ('EfxSapphireSoc_define.vh', 'micro_risc_v1_define.vh'), ('EfxSapphireSoc.v', 'micro_risc_v1.v'))
[2025-08-08 22:16:38] [INFO    ] [efx_ipmgr.builder] [id-1754684128] [BUILDER-COPY] Copying file '/home/olle/efinity_p2/BRAM/ip/micro_risc_v1/micro_risc_v1.v' to '/home/olle/efinity_p2/BRAM/ip/micro_risc_v1/Ti180J484_devkit'
[2025-08-08 22:16:38] [INFO    ] [efx_ipmgr.builder] [id-1754684128] [BUILDER-COPY] (('EfxSapphireSoc', 'micro_risc_v1'), ('EfxSapphireSoc_define.vh', 'micro_risc_v1_define.vh'), ('EfxSapphireSoc.v', 'micro_risc_v1.v'))
[2025-08-08 22:16:38] [INFO    ] [efx_ipmgr.builder] [id-1754684128] [BUILDER-COPY] Copying file '/home/olle/efinity_p2/BRAM/ip/micro_risc_v1/micro_risc_v1_define.vh' to '/home/olle/efinity_p2/BRAM/ip/micro_risc_v1/Ti180J484_devkit'
[2025-08-08 22:16:38] [INFO    ] [efx_ipmgr.builder] [id-1754684128] [BUILDER-COPY] (('EfxSapphireSoc', 'micro_risc_v1'), ('EfxSapphireSoc_define.vh', 'micro_risc_v1_define.vh'), ('EfxSapphireSoc.v', 'micro_risc_v1.v'))
[2025-08-08 22:16:38] [INFO    ] [efx_ipmgr.builder] [id-1754684128] [BUILDER-COPY] Copying file '/home/olle/efinix/efinity/2025.1/ipm/ip/efx_soc/efx_soc/fpga/fpga_tz170/soc.xml' to '/home/olle/efinity_p2/BRAM/ip/micro_risc_v1/Tz170J484_devkit'
[2025-08-08 22:16:38] [INFO    ] [efx_ipmgr.builder] [id-1754684128] [BUILDER-COPY] (('EfxSapphireSoc', 'micro_risc_v1'), ('EfxSapphireSoc_define.vh', 'micro_risc_v1_define.vh'), ('EfxSapphireSoc.v', 'micro_risc_v1.v'))
[2025-08-08 22:16:38] [DEBUG   ] [efx_ipmgr.builder] [id-1754684128] [BUILDER_RUN] command_str = ${EFINITY_PYTHON} ${IP_LIBRARY_ROOT}/efx_soc/efx_soc/fpga/fpga_tz170/soc_gen.py
[2025-08-08 22:16:38] [DEBUG   ] [efx_ipmgr.builder] [id-1754684128] [BUILDER_RUN] flags_str = --out_path ${IP_OUTPUT_PATH} --gen_name ${IP_GEN_MODULE} --parameters ${IP_USER_PARAMETERS}
[2025-08-08 22:16:38] [DEBUG   ] [efx_ipmgr.builder] [id-1754684128] [BUILDER_RUN] file = {'path': '${IP_GEN_MODULE}', 'copiedPath': '', 'fileType': 'pythonScript', 'workdir': '', 'isInternal': '', 'isPresent': 'True', 'isPresentDefault': 'True', 'command': '${EFINITY_PYTHON} ${IP_LIBRARY_ROOT}/efx_soc/efx_soc/fpga/fpga_tz170/soc_gen.py', 'flags': '--out_path ${IP_OUTPUT_PATH} --gen_name ${IP_GEN_MODULE} --parameters ${IP_USER_PARAMETERS}', 'targetName': '', 'name': PosixPath('/home/olle/efinity_p2/BRAM/ip/micro_risc_v1/Tz170J484_devkit/micro_risc_v1')}
[2025-08-08 22:16:38] [INFO    ] [efx_ipmgr.builder] [id-1754684128] [BUILDER_INVOKE_BUILD_COMMAND-BEGIN] Start build_command
[2025-08-08 22:16:38] [INFO    ] [efx_ipmgr.builder] [id-1754684128] [BUILDER_INVOKE_BUILD_COMMAND] CWD=/home/olle/efinity_p2/BRAM/
[2025-08-08 22:16:38] [INFO    ] [efx_ipmgr.builder] [id-1754684128] [BUILDER_INVOKE_BUILD_COMMAND] args: /home/olle/efinix/efinity/2025.1/bin/python3
/home/olle/efinix/efinity/2025.1/ipm/ip/efx_soc/efx_soc/fpga/fpga_tz170/soc_gen.py
--out_path
/home/olle/efinity_p2/BRAM/ip
--gen_name
micro_risc_v1
--parameters
HexFile_PathEnable="1"
HexFile_Path="embedded_sw/micro_risc_v1/software/standalone/blink_led/build/blink_led.hex"
APBSlave4_Size="65536"
APBSlave3_Size="65536"
APBSlave2_Size="65536"
APBSlave1_Size="65536"
APBSlave0_Size="65536"
DEVKIT_CUSTOM="sapphireBoard_rev0"
LDSize="124"
LDStackSize="4"
DEVKIT="0"
DEBUG="1"
IDE_SEL="0"
RISCV_DEBUG_PRIV="1"
HARD_BREAKPOINT="1"
SOFT_TAP="0"
TAP_MODE="0"
TAP_COUNT="2"
TAP_SEL="8"
Frequency="128"
PeriFrequencyEnable="0"
PeriFrequency="50"
APBSlave0_Addr="1048576"
APBSlave2_Addr="0"
APBSlave4_Addr="0"
UART2_FIFODEPTH="128"
UART2_INT_ID="3"
TEST="0"
APBSlave3_Addr="0"
I2C2_Addr="86016"
Base_AXIS="16777216"
Base_M_AXIS="3774873600"
APBSlave0="0"
Base_IM="4177526784"
APBSlave2="0"
Base_IO="4160749568"
Base_M_IO="4160749568"
Base_EM="4096"
APBSlave1_Addr="0"
APBSlave1="0"
APBSlave3="0"
USER_1_INTR_ID="17"
USER_1_INTR="0"
USER_0_INTR_ID="16"
USER_0_INTR="0"
USER_2_INTR="0"
USER_2_INTR_ID="22"
USER_3_INTR="0"
USER_3_INTR_ID="23"
USER_4_INTR="0"
USER_4_INTR_ID="24"
USER_5_INTR="0"
USER_5_INTR_ID="25"
USER_6_INTR="0"
USER_6_INTR_ID="26"
USER_7_INTR="0"
USER_7_INTR_ID="27"
APBSlave4="0"
CustomInstruction="0"
ATMEXT="0"
CMREXT="0"
FPEXT="1"
FPU="0"
LINUX="0"
ICACHEWAY="1"
DCACHEWAY="1"
CpuCount="1"
ICacheSize="4096"
DCacheSize="4096"
Cache="1"
ICache_EN="1"
DCache_EN="1"
DDR="0"
DDR_AXI4="0"
DDRWidth="128"
DDR_IdWidth="8"
DDRSize="3758096384"
OCRSize="8192"
AXISlave="0"
AXISlaveSize="16777216"
GPIO1_Addr="86016"
GPIO0_Addr="86016"
GPIO1_INT_ID1="15"
GPIO1_INT_ID0="14"
GPIO0_INT_ID1="13"
GPIO0_INT_ID0="1"
GPIO0="1"
GPIO0Width="1"
GPIO1Width="8"
GPIO1="0"
UART0_FIFODEPTH="64"
UART0_INT_ID="2"
UART0_Addr="65536"
IOSize="4096"
UART0_M_Addr="4096"
UART1_M_Addr="8192"
UART2_M_Addr="12288"
SPI0_M_Addr="24576"
SPI1_M_Addr="16384"
SPI2_M_Addr="20480"
I2C0_M_Addr="40960"
I2C1_M_Addr="45056"
I2C2_M_Addr="49152"
GPIO0_M_Addr="53248"
GPIO1_M_Addr="57344"
APBSlave0_M_Addr="1048576"
APBSlave1_M_Addr="2097152"
APBSlave2_M_Addr="3145728"
APBSlave3_M_Addr="4194304"
APBSlave4_M_Addr="5242880"
UART0="1"
UART2_Addr="86016"
UART2="0"
UART1_FIFODEPTH="128"
UART1_INT_ID="2"
UART1_Addr="86016"
UART1="0"
SPI2="0"
SPI2DW="8"
SPI2SS="1"
SPI2_FIFODEPTH="256"
SPI1_INT_ID="5"
SPI1="0"
SPI1DW="8"
SPI1SS="1"
SPI1_FIFODEPTH="256"
SPI0_INT_ID="4"
SPI0_Addr="81920"
SPI0="0"
SPI0DW="8"
SPI0SS="1"
SPI0_FIFODEPTH="256"
I2C2_INT_ID="10"
ADDR_Scheme="0"
I2C2="0"
I2C1_Addr="86016"
I2C1="0"
SPI2_INT_ID="6"
SPI2_Addr="81920"
SPI1_Addr="81920"
I2C0_Addr="86016"
I2C1_INT_ID="9"
I2C0_INT_ID="8"
I2C0="0"
AXIMasterWidth_1="32"
AXIMaster_1="0"
AXIMasterWidth="32"
AXIMaster="1"
USER_TIMER0="0"
USER_TIMER0_CNT_WIDTH="12"
USER_TIMER0_PS_WIDTH="8"
USER_TIMER0_INT_ID="19"
USER_TIMER0_Addr="86016"
USER_TIMER0_M_Addr="61440"
USER_TIMER1="0"
USER_TIMER1_CNT_WIDTH="12"
USER_TIMER1_PS_WIDTH="8"
USER_TIMER1_INT_ID="20"
USER_TIMER1_Addr="86016"
USER_TIMER1_M_Addr="65536"
USER_TIMER2="0"
USER_TIMER2_CNT_WIDTH="12"
USER_TIMER2_PS_WIDTH="8"
USER_TIMER2_INT_ID="21"
USER_TIMER2_Addr="86016"
USER_TIMER2_M_Addr="69632"
WDT0="0"
WDT0_PS_WIDTH="24"
WDT0_TIMER_WIDTH="16"
WDT0_Addr="86016"
WDT0_M_Addr="73728"
WDT0_INT_ID="32"
RAM_OPT="0"
SOC_MODE="1"
MULDIV_EXT="0"
BARREL_SHIFTER="0"
REDUCED_CSR="1"
DDRCLK_DOMAIN="1"
DDR_OPT="1"
SW_REMOVED="0"
[2025-08-08 22:16:38] [INFO    ] [efx_ipmgr.builder] [id-1754684128] [BUILDER_INVOKE_BUILD_COMMAND] stdout: 
[2025-08-08 22:16:38] [INFO    ] [efx_ipmgr.builder] [id-1754684128] [BUILDER_INVOKE_BUILD_COMMAND-DONE] Build Command Execution: Success
[2025-08-08 22:16:38] [DEBUG   ] [efx_ipmgr.builder] [id-1754684128] [BUILDER_RUN] file_name = /home/olle/efinity_p2/BRAM/ip/micro_risc_v1/Tz170J484_devkit/micro_risc_v1
[2025-08-08 22:16:38] [DEBUG   ] [efx_ipmgr.builder] [id-1754684128] [BUILDER_RUN] resolved_name = /home/olle/efinity_p2/BRAM/ip/micro_risc_v1/Tz170J484_devkit/micro_risc_v1
[2025-08-08 22:16:38] [INFO    ] [efx_ipmgr.builder] [id-1754684128] [BUILDER-COPY] Copying file '/home/olle/efinix/efinity/2025.1/ipm/ip/efx_soc/efx_soc/fpga/fpga_tz170/design_modules.v' to '/home/olle/efinity_p2/BRAM/ip/micro_risc_v1/Tz170J484_devkit'
[2025-08-08 22:16:38] [INFO    ] [efx_ipmgr.builder] [id-1754684128] [BUILDER-COPY] (('EfxSapphireSoc', 'micro_risc_v1'), ('EfxSapphireSoc_define.vh', 'micro_risc_v1_define.vh'), ('EfxSapphireSoc.v', 'micro_risc_v1.v'))
[2025-08-08 22:16:38] [INFO    ] [efx_ipmgr.builder] [id-1754684128] [BUILDER-COPY] Copying file '/home/olle/efinity_p2/BRAM/ip/micro_risc_v1/micro_risc_v1.v' to '/home/olle/efinity_p2/BRAM/ip/micro_risc_v1/Tz170J484_devkit'
[2025-08-08 22:16:38] [INFO    ] [efx_ipmgr.builder] [id-1754684128] [BUILDER-COPY] (('EfxSapphireSoc', 'micro_risc_v1'), ('EfxSapphireSoc_define.vh', 'micro_risc_v1_define.vh'), ('EfxSapphireSoc.v', 'micro_risc_v1.v'))
[2025-08-08 22:16:38] [INFO    ] [efx_ipmgr.builder] [id-1754684128] [BUILDER-COPY] Copying file '/home/olle/efinity_p2/BRAM/ip/micro_risc_v1/micro_risc_v1_define.vh' to '/home/olle/efinity_p2/BRAM/ip/micro_risc_v1/Tz170J484_devkit'
[2025-08-08 22:16:38] [INFO    ] [efx_ipmgr.builder] [id-1754684128] [BUILDER-COPY] (('EfxSapphireSoc', 'micro_risc_v1'), ('EfxSapphireSoc_define.vh', 'micro_risc_v1_define.vh'), ('EfxSapphireSoc.v', 'micro_risc_v1.v'))
[2025-08-08 22:16:38] [DEBUG   ] [efx_ipmgr.builder] [id-1754684128] [BUILDER_RUN] command_str = ${EFINITY_PYTHON} ${IP_LIBRARY_ROOT}/efx_soc/efx_soc/testbench/tb_gen.py
[2025-08-08 22:16:38] [DEBUG   ] [efx_ipmgr.builder] [id-1754684128] [BUILDER_RUN] flags_str = --out_path ${IP_OUTPUT_PATH} --gen_name ${IP_GEN_MODULE} --parameters ${IP_USER_PARAMETERS}
[2025-08-08 22:16:38] [DEBUG   ] [efx_ipmgr.builder] [id-1754684128] [BUILDER_RUN] file = {'path': '${IP_GEN_MODULE}1', 'copiedPath': '', 'fileType': 'pythonScript', 'workdir': '', 'isInternal': '', 'isPresent': 'True', 'isPresentDefault': 'True', 'command': '${EFINITY_PYTHON} ${IP_LIBRARY_ROOT}/efx_soc/efx_soc/testbench/tb_gen.py', 'flags': '--out_path ${IP_OUTPUT_PATH} --gen_name ${IP_GEN_MODULE} --parameters ${IP_USER_PARAMETERS}', 'targetName': '', 'name': PosixPath('/home/olle/efinity_p2/BRAM/ip/micro_risc_v1/Testbench/micro_risc_v11')}
[2025-08-08 22:16:38] [INFO    ] [efx_ipmgr.builder] [id-1754684128] [BUILDER_INVOKE_BUILD_COMMAND-BEGIN] Start build_command
[2025-08-08 22:16:38] [INFO    ] [efx_ipmgr.builder] [id-1754684128] [BUILDER_INVOKE_BUILD_COMMAND] CWD=/home/olle/efinity_p2/BRAM/
[2025-08-08 22:16:38] [INFO    ] [efx_ipmgr.builder] [id-1754684128] [BUILDER_INVOKE_BUILD_COMMAND] args: /home/olle/efinix/efinity/2025.1/bin/python3
/home/olle/efinix/efinity/2025.1/ipm/ip/efx_soc/efx_soc/testbench/tb_gen.py
--out_path
/home/olle/efinity_p2/BRAM/ip
--gen_name
micro_risc_v1
--parameters
HexFile_PathEnable="1"
HexFile_Path="embedded_sw/micro_risc_v1/software/standalone/blink_led/build/blink_led.hex"
APBSlave4_Size="65536"
APBSlave3_Size="65536"
APBSlave2_Size="65536"
APBSlave1_Size="65536"
APBSlave0_Size="65536"
DEVKIT_CUSTOM="sapphireBoard_rev0"
LDSize="124"
LDStackSize="4"
DEVKIT="0"
DEBUG="1"
IDE_SEL="0"
RISCV_DEBUG_PRIV="1"
HARD_BREAKPOINT="1"
SOFT_TAP="0"
TAP_MODE="0"
TAP_COUNT="2"
TAP_SEL="8"
Frequency="128"
PeriFrequencyEnable="0"
PeriFrequency="50"
APBSlave0_Addr="1048576"
APBSlave2_Addr="0"
APBSlave4_Addr="0"
UART2_FIFODEPTH="128"
UART2_INT_ID="3"
TEST="0"
APBSlave3_Addr="0"
I2C2_Addr="86016"
Base_AXIS="16777216"
Base_M_AXIS="3774873600"
APBSlave0="0"
Base_IM="4177526784"
APBSlave2="0"
Base_IO="4160749568"
Base_M_IO="4160749568"
Base_EM="4096"
APBSlave1_Addr="0"
APBSlave1="0"
APBSlave3="0"
USER_1_INTR_ID="17"
USER_1_INTR="0"
USER_0_INTR_ID="16"
USER_0_INTR="0"
USER_2_INTR="0"
USER_2_INTR_ID="22"
USER_3_INTR="0"
USER_3_INTR_ID="23"
USER_4_INTR="0"
USER_4_INTR_ID="24"
USER_5_INTR="0"
USER_5_INTR_ID="25"
USER_6_INTR="0"
USER_6_INTR_ID="26"
USER_7_INTR="0"
USER_7_INTR_ID="27"
APBSlave4="0"
CustomInstruction="0"
ATMEXT="0"
CMREXT="0"
FPEXT="1"
FPU="0"
LINUX="0"
ICACHEWAY="1"
DCACHEWAY="1"
CpuCount="1"
ICacheSize="4096"
DCacheSize="4096"
Cache="1"
ICache_EN="1"
DCache_EN="1"
DDR="0"
DDR_AXI4="0"
DDRWidth="128"
DDR_IdWidth="8"
DDRSize="3758096384"
OCRSize="8192"
AXISlave="0"
AXISlaveSize="16777216"
GPIO1_Addr="86016"
GPIO0_Addr="86016"
GPIO1_INT_ID1="15"
GPIO1_INT_ID0="14"
GPIO0_INT_ID1="13"
GPIO0_INT_ID0="1"
GPIO0="1"
GPIO0Width="1"
GPIO1Width="8"
GPIO1="0"
UART0_FIFODEPTH="64"
UART0_INT_ID="2"
UART0_Addr="65536"
IOSize="4096"
UART0_M_Addr="4096"
UART1_M_Addr="8192"
UART2_M_Addr="12288"
SPI0_M_Addr="24576"
SPI1_M_Addr="16384"
SPI2_M_Addr="20480"
I2C0_M_Addr="40960"
I2C1_M_Addr="45056"
I2C2_M_Addr="49152"
GPIO0_M_Addr="53248"
GPIO1_M_Addr="57344"
APBSlave0_M_Addr="1048576"
APBSlave1_M_Addr="2097152"
APBSlave2_M_Addr="3145728"
APBSlave3_M_Addr="4194304"
APBSlave4_M_Addr="5242880"
UART0="1"
UART2_Addr="86016"
UART2="0"
UART1_FIFODEPTH="128"
UART1_INT_ID="2"
UART1_Addr="86016"
UART1="0"
SPI2="0"
SPI2DW="8"
SPI2SS="1"
SPI2_FIFODEPTH="256"
SPI1_INT_ID="5"
SPI1="0"
SPI1DW="8"
SPI1SS="1"
SPI1_FIFODEPTH="256"
SPI0_INT_ID="4"
SPI0_Addr="81920"
SPI0="0"
SPI0DW="8"
SPI0SS="1"
SPI0_FIFODEPTH="256"
I2C2_INT_ID="10"
ADDR_Scheme="0"
I2C2="0"
I2C1_Addr="86016"
I2C1="0"
SPI2_INT_ID="6"
SPI2_Addr="81920"
SPI1_Addr="81920"
I2C0_Addr="86016"
I2C1_INT_ID="9"
I2C0_INT_ID="8"
I2C0="0"
AXIMasterWidth_1="32"
AXIMaster_1="0"
AXIMasterWidth="32"
AXIMaster="1"
USER_TIMER0="0"
USER_TIMER0_CNT_WIDTH="12"
USER_TIMER0_PS_WIDTH="8"
USER_TIMER0_INT_ID="19"
USER_TIMER0_Addr="86016"
USER_TIMER0_M_Addr="61440"
USER_TIMER1="0"
USER_TIMER1_CNT_WIDTH="12"
USER_TIMER1_PS_WIDTH="8"
USER_TIMER1_INT_ID="20"
USER_TIMER1_Addr="86016"
USER_TIMER1_M_Addr="65536"
USER_TIMER2="0"
USER_TIMER2_CNT_WIDTH="12"
USER_TIMER2_PS_WIDTH="8"
USER_TIMER2_INT_ID="21"
USER_TIMER2_Addr="86016"
USER_TIMER2_M_Addr="69632"
WDT0="0"
WDT0_PS_WIDTH="24"
WDT0_TIMER_WIDTH="16"
WDT0_Addr="86016"
WDT0_M_Addr="73728"
WDT0_INT_ID="32"
RAM_OPT="0"
SOC_MODE="1"
MULDIV_EXT="0"
BARREL_SHIFTER="0"
REDUCED_CSR="1"
DDRCLK_DOMAIN="1"
DDR_OPT="1"
SW_REMOVED="0"
[2025-08-08 22:16:38] [INFO    ] [efx_ipmgr.builder] [id-1754684128] [BUILDER_INVOKE_BUILD_COMMAND] stdout: 
[2025-08-08 22:16:38] [INFO    ] [efx_ipmgr.builder] [id-1754684128] [BUILDER_INVOKE_BUILD_COMMAND-DONE] Build Command Execution: Success
[2025-08-08 22:16:38] [DEBUG   ] [efx_ipmgr.builder] [id-1754684128] [BUILDER_RUN] file_name = /home/olle/efinity_p2/BRAM/ip/micro_risc_v1/Testbench/micro_risc_v11
[2025-08-08 22:16:38] [DEBUG   ] [efx_ipmgr.builder] [id-1754684128] [BUILDER_RUN] resolved_name = /home/olle/efinity_p2/BRAM/ip/micro_risc_v1/Testbench/micro_risc_v11
[2025-08-08 22:16:38] [DEBUG   ] [efx_ipmgr.builder] [id-1754684128] [BUILDER_RUN] command_str = ${EFINITY_PYTHON} ${IP_LIBRARY_ROOT}/efx_soc/efx_soc/testbench/soc_gen.py
[2025-08-08 22:16:38] [DEBUG   ] [efx_ipmgr.builder] [id-1754684128] [BUILDER_RUN] flags_str = --out_path ${IP_OUTPUT_PATH} --gen_name ${IP_GEN_MODULE} --parameters ${IP_USER_PARAMETERS}
[2025-08-08 22:16:38] [DEBUG   ] [efx_ipmgr.builder] [id-1754684128] [BUILDER_RUN] file = {'path': '${IP_GEN_MODULE}2', 'copiedPath': '', 'fileType': 'pythonScript', 'workdir': '', 'isInternal': '', 'isPresent': 'True', 'isPresentDefault': 'True', 'command': '${EFINITY_PYTHON} ${IP_LIBRARY_ROOT}/efx_soc/efx_soc/testbench/soc_gen.py', 'flags': '--out_path ${IP_OUTPUT_PATH} --gen_name ${IP_GEN_MODULE} --parameters ${IP_USER_PARAMETERS}', 'targetName': '', 'name': PosixPath('/home/olle/efinity_p2/BRAM/ip/micro_risc_v1/Testbench/micro_risc_v12')}
[2025-08-08 22:16:38] [INFO    ] [efx_ipmgr.builder] [id-1754684128] [BUILDER_INVOKE_BUILD_COMMAND-BEGIN] Start build_command
[2025-08-08 22:16:38] [INFO    ] [efx_ipmgr.builder] [id-1754684128] [BUILDER_INVOKE_BUILD_COMMAND] CWD=/home/olle/efinity_p2/BRAM/
[2025-08-08 22:16:38] [INFO    ] [efx_ipmgr.builder] [id-1754684128] [BUILDER_INVOKE_BUILD_COMMAND] args: /home/olle/efinix/efinity/2025.1/bin/python3
/home/olle/efinix/efinity/2025.1/ipm/ip/efx_soc/efx_soc/testbench/soc_gen.py
--out_path
/home/olle/efinity_p2/BRAM/ip
--gen_name
micro_risc_v1
--parameters
HexFile_PathEnable="1"
HexFile_Path="embedded_sw/micro_risc_v1/software/standalone/blink_led/build/blink_led.hex"
APBSlave4_Size="65536"
APBSlave3_Size="65536"
APBSlave2_Size="65536"
APBSlave1_Size="65536"
APBSlave0_Size="65536"
DEVKIT_CUSTOM="sapphireBoard_rev0"
LDSize="124"
LDStackSize="4"
DEVKIT="0"
DEBUG="1"
IDE_SEL="0"
RISCV_DEBUG_PRIV="1"
HARD_BREAKPOINT="1"
SOFT_TAP="0"
TAP_MODE="0"
TAP_COUNT="2"
TAP_SEL="8"
Frequency="128"
PeriFrequencyEnable="0"
PeriFrequency="50"
APBSlave0_Addr="1048576"
APBSlave2_Addr="0"
APBSlave4_Addr="0"
UART2_FIFODEPTH="128"
UART2_INT_ID="3"
TEST="0"
APBSlave3_Addr="0"
I2C2_Addr="86016"
Base_AXIS="16777216"
Base_M_AXIS="3774873600"
APBSlave0="0"
Base_IM="4177526784"
APBSlave2="0"
Base_IO="4160749568"
Base_M_IO="4160749568"
Base_EM="4096"
APBSlave1_Addr="0"
APBSlave1="0"
APBSlave3="0"
USER_1_INTR_ID="17"
USER_1_INTR="0"
USER_0_INTR_ID="16"
USER_0_INTR="0"
USER_2_INTR="0"
USER_2_INTR_ID="22"
USER_3_INTR="0"
USER_3_INTR_ID="23"
USER_4_INTR="0"
USER_4_INTR_ID="24"
USER_5_INTR="0"
USER_5_INTR_ID="25"
USER_6_INTR="0"
USER_6_INTR_ID="26"
USER_7_INTR="0"
USER_7_INTR_ID="27"
APBSlave4="0"
CustomInstruction="0"
ATMEXT="0"
CMREXT="0"
FPEXT="1"
FPU="0"
LINUX="0"
ICACHEWAY="1"
DCACHEWAY="1"
CpuCount="1"
ICacheSize="4096"
DCacheSize="4096"
Cache="1"
ICache_EN="1"
DCache_EN="1"
DDR="0"
DDR_AXI4="0"
DDRWidth="128"
DDR_IdWidth="8"
DDRSize="3758096384"
OCRSize="8192"
AXISlave="0"
AXISlaveSize="16777216"
GPIO1_Addr="86016"
GPIO0_Addr="86016"
GPIO1_INT_ID1="15"
GPIO1_INT_ID0="14"
GPIO0_INT_ID1="13"
GPIO0_INT_ID0="1"
GPIO0="1"
GPIO0Width="1"
GPIO1Width="8"
GPIO1="0"
UART0_FIFODEPTH="64"
UART0_INT_ID="2"
UART0_Addr="65536"
IOSize="4096"
UART0_M_Addr="4096"
UART1_M_Addr="8192"
UART2_M_Addr="12288"
SPI0_M_Addr="24576"
SPI1_M_Addr="16384"
SPI2_M_Addr="20480"
I2C0_M_Addr="40960"
I2C1_M_Addr="45056"
I2C2_M_Addr="49152"
GPIO0_M_Addr="53248"
GPIO1_M_Addr="57344"
APBSlave0_M_Addr="1048576"
APBSlave1_M_Addr="2097152"
APBSlave2_M_Addr="3145728"
APBSlave3_M_Addr="4194304"
APBSlave4_M_Addr="5242880"
UART0="1"
UART2_Addr="86016"
UART2="0"
UART1_FIFODEPTH="128"
UART1_INT_ID="2"
UART1_Addr="86016"
UART1="0"
SPI2="0"
SPI2DW="8"
SPI2SS="1"
SPI2_FIFODEPTH="256"
SPI1_INT_ID="5"
SPI1="0"
SPI1DW="8"
SPI1SS="1"
SPI1_FIFODEPTH="256"
SPI0_INT_ID="4"
SPI0_Addr="81920"
SPI0="0"
SPI0DW="8"
SPI0SS="1"
SPI0_FIFODEPTH="256"
I2C2_INT_ID="10"
ADDR_Scheme="0"
I2C2="0"
I2C1_Addr="86016"
I2C1="0"
SPI2_INT_ID="6"
SPI2_Addr="81920"
SPI1_Addr="81920"
I2C0_Addr="86016"
I2C1_INT_ID="9"
I2C0_INT_ID="8"
I2C0="0"
AXIMasterWidth_1="32"
AXIMaster_1="0"
AXIMasterWidth="32"
AXIMaster="1"
USER_TIMER0="0"
USER_TIMER0_CNT_WIDTH="12"
USER_TIMER0_PS_WIDTH="8"
USER_TIMER0_INT_ID="19"
USER_TIMER0_Addr="86016"
USER_TIMER0_M_Addr="61440"
USER_TIMER1="0"
USER_TIMER1_CNT_WIDTH="12"
USER_TIMER1_PS_WIDTH="8"
USER_TIMER1_INT_ID="20"
USER_TIMER1_Addr="86016"
USER_TIMER1_M_Addr="65536"
USER_TIMER2="0"
USER_TIMER2_CNT_WIDTH="12"
USER_TIMER2_PS_WIDTH="8"
USER_TIMER2_INT_ID="21"
USER_TIMER2_Addr="86016"
USER_TIMER2_M_Addr="69632"
WDT0="0"
WDT0_PS_WIDTH="24"
WDT0_TIMER_WIDTH="16"
WDT0_Addr="86016"
WDT0_M_Addr="73728"
WDT0_INT_ID="32"
RAM_OPT="0"
SOC_MODE="1"
MULDIV_EXT="0"
BARREL_SHIFTER="0"
REDUCED_CSR="1"
DDRCLK_DOMAIN="1"
DDR_OPT="1"
SW_REMOVED="0"
[2025-08-08 22:16:38] [INFO    ] [efx_ipmgr.builder] [id-1754684128] [BUILDER_INVOKE_BUILD_COMMAND] stdout: 
[2025-08-08 22:16:38] [INFO    ] [efx_ipmgr.builder] [id-1754684128] [BUILDER_INVOKE_BUILD_COMMAND-DONE] Build Command Execution: Success
[2025-08-08 22:16:38] [DEBUG   ] [efx_ipmgr.builder] [id-1754684128] [BUILDER_RUN] file_name = /home/olle/efinity_p2/BRAM/ip/micro_risc_v1/Testbench/micro_risc_v12
[2025-08-08 22:16:38] [DEBUG   ] [efx_ipmgr.builder] [id-1754684128] [BUILDER_RUN] resolved_name = /home/olle/efinity_p2/BRAM/ip/micro_risc_v1/Testbench/micro_risc_v12
[2025-08-08 22:16:38] [INFO    ] [efx_ipmgr.builder] [id-1754684128] [BUILDER-COPY] Copying file '/home/olle/efinix/efinity/2025.1/ipm/ip/efx_soc/efx_soc/testbench/MEM_IM.TXT' to '/home/olle/efinity_p2/BRAM/ip/micro_risc_v1/Testbench'
[2025-08-08 22:16:38] [INFO    ] [efx_ipmgr.builder] [id-1754684128] [BUILDER-COPY] (('EfxSapphireSoc', 'micro_risc_v1'), ('EfxSapphireSoc_define.vh', 'micro_risc_v1_define.vh'), ('EfxSapphireSoc.v', 'micro_risc_v1.v'))
[2025-08-08 22:16:38] [INFO    ] [efx_ipmgr.builder] [id-1754684128] [BUILDER-COPY] Copying file '/home/olle/efinix/efinity/2025.1/ipm/ip/efx_soc/efx_soc/testbench/SECSI.TXT' to '/home/olle/efinity_p2/BRAM/ip/micro_risc_v1/Testbench'
[2025-08-08 22:16:38] [INFO    ] [efx_ipmgr.builder] [id-1754684128] [BUILDER-COPY] (('EfxSapphireSoc', 'micro_risc_v1'), ('EfxSapphireSoc_define.vh', 'micro_risc_v1_define.vh'), ('EfxSapphireSoc.v', 'micro_risc_v1.v'))
[2025-08-08 22:16:38] [INFO    ] [efx_ipmgr.builder] [id-1754684128] [BUILDER-COPY] Copying file '/home/olle/efinix/efinity/2025.1/ipm/ip/efx_soc/efx_soc/testbench/SFDP.TXT' to '/home/olle/efinity_p2/BRAM/ip/micro_risc_v1/Testbench'
[2025-08-08 22:16:38] [INFO    ] [efx_ipmgr.builder] [id-1754684128] [BUILDER-COPY] (('EfxSapphireSoc', 'micro_risc_v1'), ('EfxSapphireSoc_define.vh', 'micro_risc_v1_define.vh'), ('EfxSapphireSoc.v', 'micro_risc_v1.v'))
[2025-08-08 22:16:38] [INFO    ] [efx_ipmgr.builder] [id-1754684128] [BUILDER-COPY] Copying file '/home/olle/efinix/efinity/2025.1/ipm/ip/efx_soc/efx_soc/testbench/SREG.TXT' to '/home/olle/efinity_p2/BRAM/ip/micro_risc_v1/Testbench'
[2025-08-08 22:16:38] [INFO    ] [efx_ipmgr.builder] [id-1754684128] [BUILDER-COPY] (('EfxSapphireSoc', 'micro_risc_v1'), ('EfxSapphireSoc_define.vh', 'micro_risc_v1_define.vh'), ('EfxSapphireSoc.v', 'micro_risc_v1.v'))
[2025-08-08 22:16:38] [INFO    ] [efx_ipmgr.builder] [id-1754684128] [BUILDER-COPY] Copying file '/home/olle/efinix/efinity/2025.1/ipm/ip/efx_soc/efx_soc/testbench/README' to '/home/olle/efinity_p2/BRAM/ip/micro_risc_v1/Testbench'
[2025-08-08 22:16:38] [INFO    ] [efx_ipmgr.builder] [id-1754684128] [BUILDER-COPY] (('EfxSapphireSoc', 'micro_risc_v1'), ('EfxSapphireSoc_define.vh', 'micro_risc_v1_define.vh'), ('EfxSapphireSoc.v', 'micro_risc_v1.v'))
[2025-08-08 22:16:38] [INFO    ] [efx_ipmgr.builder] [id-1754684128] [BUILDER-COPY] Copying file '/home/olle/efinix/efinity/2025.1/ipm/ip/efx_soc/efx_soc/testbench/tb_soc.do' to '/home/olle/efinity_p2/BRAM/ip/micro_risc_v1/Testbench'
[2025-08-08 22:16:38] [INFO    ] [efx_ipmgr.builder] [id-1754684128] [BUILDER-COPY] (('EfxSapphireSoc', 'micro_risc_v1'), ('EfxSapphireSoc_define.vh', 'micro_risc_v1_define.vh'), ('EfxSapphireSoc.v', 'micro_risc_v1.v'))
[2025-08-08 22:16:38] [INFO    ] [efx_ipmgr.builder] [id-1754684128] [BUILDER-COPY] Copying file '/home/olle/efinix/efinity/2025.1/ipm/ip/efx_soc/efx_soc/testbench/modelsim.do' to '/home/olle/efinity_p2/BRAM/ip/micro_risc_v1/Testbench'
[2025-08-08 22:16:38] [INFO    ] [efx_ipmgr.builder] [id-1754684128] [BUILDER-COPY] (('EfxSapphireSoc', 'micro_risc_v1'), ('EfxSapphireSoc_define.vh', 'micro_risc_v1_define.vh'), ('EfxSapphireSoc.v', 'micro_risc_v1.v'))
[2025-08-08 22:16:38] [INFO    ] [efx_ipmgr.builder] [id-1754684128] [BUILDER-COPY] Copying file '/home/olle/efinix/efinity/2025.1/ipm/ip/efx_soc/efx_soc/testbench/wave.do' to '/home/olle/efinity_p2/BRAM/ip/micro_risc_v1/Testbench'
[2025-08-08 22:16:38] [INFO    ] [efx_ipmgr.builder] [id-1754684128] [BUILDER-COPY] (('EfxSapphireSoc', 'micro_risc_v1'), ('EfxSapphireSoc_define.vh', 'micro_risc_v1_define.vh'), ('EfxSapphireSoc.v', 'micro_risc_v1.v'))
[2025-08-08 22:16:38] [INFO    ] [efx_ipmgr.builder] [id-1754684128] [BUILDER-COPY] Copying file '/home/olle/efinix/efinity/2025.1/ipm/ip/efx_soc/efx_soc/testbench/aldec.do' to '/home/olle/efinity_p2/BRAM/ip/micro_risc_v1/Testbench'
[2025-08-08 22:16:38] [INFO    ] [efx_ipmgr.builder] [id-1754684128] [BUILDER-COPY] (('EfxSapphireSoc', 'micro_risc_v1'), ('EfxSapphireSoc_define.vh', 'micro_risc_v1_define.vh'), ('EfxSapphireSoc.v', 'micro_risc_v1.v'))
[2025-08-08 22:16:38] [INFO    ] [efx_ipmgr.builder] [id-1754684128] [BUILDER-COPY] Copying file '/home/olle/efinix/efinity/2025.1/ipm/ip/efx_soc/efx_soc/testbench/design_modules.v' to '/home/olle/efinity_p2/BRAM/ip/micro_risc_v1/Testbench'
[2025-08-08 22:16:38] [INFO    ] [efx_ipmgr.builder] [id-1754684128] [BUILDER-COPY] (('EfxSapphireSoc', 'micro_risc_v1'), ('EfxSapphireSoc_define.vh', 'micro_risc_v1_define.vh'), ('EfxSapphireSoc.v', 'micro_risc_v1.v'))
[2025-08-08 22:16:38] [INFO    ] [efx_ipmgr.builder] [id-1754684128] [BUILDER-COPY] Copying file '/home/olle/efinix/efinity/2025.1/ipm/ip/efx_soc/efx_soc/testbench/sim_modules.v' to '/home/olle/efinity_p2/BRAM/ip/micro_risc_v1/Testbench'
[2025-08-08 22:16:38] [INFO    ] [efx_ipmgr.builder] [id-1754684128] [BUILDER-COPY] (('EfxSapphireSoc', 'micro_risc_v1'), ('EfxSapphireSoc_define.vh', 'micro_risc_v1_define.vh'), ('EfxSapphireSoc.v', 'micro_risc_v1.v'))
[2025-08-08 22:16:38] [INFO    ] [efx_ipmgr.builder] [id-1754684128] [BUILDER-COPY] Copying file '/home/olle/efinix/efinity/2025.1/ipm/ip/efx_soc/efx_soc/testbench/W25Q32JVxxIM.v' to '/home/olle/efinity_p2/BRAM/ip/micro_risc_v1/Testbench'
[2025-08-08 22:16:38] [INFO    ] [efx_ipmgr.builder] [id-1754684128] [BUILDER-COPY] (('EfxSapphireSoc', 'micro_risc_v1'), ('EfxSapphireSoc_define.vh', 'micro_risc_v1_define.vh'), ('EfxSapphireSoc.v', 'micro_risc_v1.v'))
[2025-08-08 22:16:38] [INFO    ] [efx_ipmgr.builder] [id-1754684128] [BUILDER-COPY] Copying file '/home/olle/efinity_p2/BRAM/ip/micro_risc_v1/micro_risc_v1.v' to '/home/olle/efinity_p2/BRAM/ip/micro_risc_v1/Testbench'
[2025-08-08 22:16:38] [INFO    ] [efx_ipmgr.builder] [id-1754684128] [BUILDER-COPY] (('EfxSapphireSoc', 'micro_risc_v1'), ('EfxSapphireSoc_define.vh', 'micro_risc_v1_define.vh'), ('EfxSapphireSoc.v', 'micro_risc_v1.v'))
[2025-08-08 22:16:38] [INFO    ] [efx_ipmgr.builder] [id-1754684128] [BUILDER-COPY] Copying file '/home/olle/efinity_p2/BRAM/ip/micro_risc_v1/micro_risc_v1_define.vh' to '/home/olle/efinity_p2/BRAM/ip/micro_risc_v1/Testbench'
[2025-08-08 22:16:38] [INFO    ] [efx_ipmgr.builder] [id-1754684128] [BUILDER-COPY] (('EfxSapphireSoc', 'micro_risc_v1'), ('EfxSapphireSoc_define.vh', 'micro_risc_v1_define.vh'), ('EfxSapphireSoc.v', 'micro_risc_v1.v'))
[2025-08-08 22:16:42] [INFO    ] [efx_ipmgr.api_v2] [id-1754684128] [GENERATE_PICKLE-BEGIN] Beginning pickle generation to /home/olle/efinity_p2/BRAM/ip/micro_risc_v1/ipm
[2025-08-08 22:16:42] [INFO    ] [efx_ipmgr.api_v2] [id-1754684128] [GENERATE_PICKLE-DONE] Pickle generation success!
[2025-08-08 22:16:42] [INFO    ] [efx_ipmgr.api_v2] [id-1754684128] [GENERATE_IP-DONE] Done Generate IP
[2025-08-08 22:16:42] [INFO    ] [efx_ipmgr.api_v2] [id-1754684128] [JSON_ENCODER] Saved settings.json encoded as = {
    "gen_name": "micro_risc_v1",
    "vlnv": {
        "vendor": "efinixinc.com",
        "library": "soc",
        "name": "efx_soc",
        "version": "3.2.2"
    },
    "sw_version": "2025.1.110.2.15",
    "base_path": "/home/olle/efinity_p2/BRAM/ip",
    "generated_date": "2025-08-08T20:16:42.748155+00:00",
    "params": {
        "HexFile_PathEnable": "1'b1",
        "HexFile_Path": "\"embedded_sw/micro_risc_v1/software/standalone/blink_led/build/blink_led.hex\"",
        "APBSlave0_Size": "65536",
        "DEVKIT_CUSTOM": "\"sapphireBoard_rev0\"",
        "LDSize": "124",
        "LDStackSize": "4",
        "DEVKIT": "0",
        "DEBUG": "1'b1",
        "IDE_SEL": "1'b0",
        "RISCV_DEBUG_PRIV": "1'b1",
        "HARD_BREAKPOINT": "1",
        "SOFT_TAP": "1'b0",
        "TAP_MODE": "1'b0",
        "TAP_COUNT": "2",
        "TAP_SEL": "8",
        "Frequency": "128",
        "PeriFrequencyEnable": "1'b0",
        "PeriFrequency": "50",
        "UART2_FIFODEPTH": "128",
        "UART2_INT_ID": "3",
        "TEST": "1'b0",
        "Base_M_AXIS": "32'd3774873600",
        "APBSlave0": "1'b0",
        "APBSlave2": "1'b0",
        "Base_M_IO": "32'd4160749568",
        "APBSlave1": "1'b0",
        "APBSlave3": "1'b0",
        "USER_1_INTR_ID": "17",
        "USER_1_INTR": "1'b0",
        "USER_0_INTR_ID": "16",
        "USER_0_INTR": "1'b0",
        "USER_2_INTR": "1'b0",
        "USER_2_INTR_ID": "22",
        "USER_3_INTR": "1'b0",
        "USER_3_INTR_ID": "23",
        "USER_4_INTR": "1'b0",
        "USER_4_INTR_ID": "24",
        "USER_5_INTR": "1'b0",
        "USER_5_INTR_ID": "25",
        "USER_6_INTR": "1'b0",
        "USER_6_INTR_ID": "26",
        "USER_7_INTR": "1'b0",
        "USER_7_INTR_ID": "27",
        "APBSlave4": "1'b0",
        "CustomInstruction": "1'b0",
        "ATMEXT": "1'b0",
        "CMREXT": "1'b0",
        "FPEXT": "1'b1",
        "FPU": "1'b0",
        "LINUX": "1'b0",
        "ICACHEWAY": "1",
        "DCACHEWAY": "1",
        "CpuCount": "1",
        "ICacheSize": "4096",
        "DCacheSize": "4096",
        "Cache": "1'b1",
        "ICache_EN": "1'b1",
        "DCache_EN": "1'b1",
        "DDR": "1'b0",
        "DDR_AXI4": "1'b0",
        "DDRWidth": "128",
        "DDR_IdWidth": "8",
        "DDRSize": "32'd3758096384",
        "OCRSize": "8192",
        "AXISlave": "1'b0",
        "AXISlaveSize": "16777216",
        "GPIO1_INT_ID1": "15",
        "GPIO1_INT_ID0": "14",
        "GPIO0_INT_ID1": "13",
        "GPIO0_INT_ID0": "1",
        "GPIO0": "1'b1",
        "GPIO0Width": "1",
        "GPIO1Width": "8",
        "GPIO1": "1'b0",
        "UART0_FIFODEPTH": "64",
        "UART0_INT_ID": "2",
        "UART0_M_Addr": "32'd4096",
        "UART1_M_Addr": "32'd8192",
        "UART2_M_Addr": "32'd12288",
        "SPI0_M_Addr": "32'd24576",
        "SPI1_M_Addr": "32'd16384",
        "SPI2_M_Addr": "32'd20480",
        "I2C0_M_Addr": "32'd40960",
        "I2C1_M_Addr": "32'd45056",
        "I2C2_M_Addr": "32'd49152",
        "GPIO0_M_Addr": "32'd53248",
        "GPIO1_M_Addr": "32'd57344",
        "APBSlave0_M_Addr": "32'd1048576",
        "APBSlave1_M_Addr": "32'd2097152",
        "APBSlave2_M_Addr": "32'd3145728",
        "APBSlave3_M_Addr": "32'd4194304",
        "APBSlave4_M_Addr": "32'd5242880",
        "UART0": "1'b1",
        "UART2": "1'b0",
        "UART1_FIFODEPTH": "128",
        "UART1_INT_ID": "2",
        "UART1": "1'b0",
        "SPI2": "1'b0",
        "SPI2DW": "8",
        "SPI2SS": "1",
        "SPI2_FIFODEPTH": "256",
        "SPI1_INT_ID": "5",
        "SPI1": "1'b0",
        "SPI1DW": "8",
        "SPI1SS": "1",
        "SPI1_FIFODEPTH": "256",
        "SPI0_INT_ID": "4",
        "SPI0": "1'b0",
        "SPI0DW": "8",
        "SPI0SS": "1",
        "SPI0_FIFODEPTH": "256",
        "I2C2_INT_ID": "10",
        "ADDR_Scheme": "1'b0",
        "I2C2": "1'b0",
        "I2C1": "1'b0",
        "SPI2_INT_ID": "6",
        "I2C1_INT_ID": "9",
        "I2C0_INT_ID": "8",
        "I2C0": "1'b0",
        "AXIMasterWidth_1": "32",
        "AXIMaster_1": "1'b0",
        "AXIMasterWidth": "32",
        "AXIMaster": "1'b1",
        "USER_TIMER0": "1'b0",
        "USER_TIMER0_CNT_WIDTH": "12",
        "USER_TIMER0_PS_WIDTH": "8",
        "USER_TIMER0_INT_ID": "19",
        "USER_TIMER0_M_Addr": "32'd61440",
        "USER_TIMER1": "1'b0",
        "USER_TIMER1_CNT_WIDTH": "12",
        "USER_TIMER1_PS_WIDTH": "8",
        "USER_TIMER1_INT_ID": "20",
        "USER_TIMER1_M_Addr": "32'd65536",
        "USER_TIMER2": "1'b0",
        "USER_TIMER2_CNT_WIDTH": "12",
        "USER_TIMER2_PS_WIDTH": "8",
        "USER_TIMER2_INT_ID": "21",
        "USER_TIMER2_M_Addr": "32'd69632",
        "WDT0": "1'b0",
        "WDT0_PS_WIDTH": "24",
        "WDT0_TIMER_WIDTH": "16",
        "WDT0_M_Addr": "32'd73728",
        "WDT0_INT_ID": "32",
        "RAM_OPT": "1'b0",
        "SOC_MODE": "1",
        "MULDIV_EXT": "1'b0",
        "BARREL_SHIFTER": "1'b0",
        "REDUCED_CSR": "1'b1",
        "DDRCLK_DOMAIN": "1",
        "DDR_OPT": "1",
        "SW_REMOVED": "1'b0"
    },
    "output_info": {
        "external_script_generator": [],
        "external_source_source": [
            "micro_risc_v1/micro_risc_v1.v",
            "micro_risc_v1/micro_risc_v1_tmpl.vhd",
            "micro_risc_v1/micro_risc_v1_tmpl.v",
            "micro_risc_v1/micro_risc_v1_define.vh"
        ],
        "external_script_script": [],
        "external_script_embedded_sw": [],
        "external_example_design": [
            "micro_risc_v1/T120F324_devkit/soc.xml",
            "micro_risc_v1/T120F324_devkit/design_modules.v",
            "micro_risc_v1/T120F324_devkit/ddr_reset_sequencer.v",
            "micro_risc_v1/T120F324_devkit/soc.hex",
            "micro_risc_v1/T120F324_devkit/micro_risc_v1.v",
            "micro_risc_v1/T120F324_devkit/micro_risc_v1_define.vh"
        ],
        "external_example_design_ti": [
            "micro_risc_v1/Ti60F225_devkit/soc.xml",
            "micro_risc_v1/Ti60F225_devkit/design_modules.v",
            "micro_risc_v1/Ti60F225_devkit/hbram_top.v",
            "micro_risc_v1/Ti60F225_devkit/hbram_top_define.vh",
            "micro_risc_v1/Ti60F225_devkit/soc.hex",
            "micro_risc_v1/Ti60F225_devkit/micro_risc_v1.v",
            "micro_risc_v1/Ti60F225_devkit/micro_risc_v1_define.vh"
        ],
        "external_example_design_ti180": [
            "micro_risc_v1/Ti180J484_devkit/soc.xml",
            "micro_risc_v1/Ti180J484_devkit/design_modules.v",
            "micro_risc_v1/Ti180J484_devkit/micro_risc_v1.v",
            "micro_risc_v1/Ti180J484_devkit/micro_risc_v1_define.vh"
        ],
        "external_example_design_tz170": [
            "micro_risc_v1/Tz170J484_devkit/soc.xml",
            "micro_risc_v1/Tz170J484_devkit/design_modules.v",
            "micro_risc_v1/Tz170J484_devkit/micro_risc_v1.v",
            "micro_risc_v1/Tz170J484_devkit/micro_risc_v1_define.vh"
        ],
        "external_testbench_testbench": [
            "micro_risc_v1/Testbench/MEM_IM.TXT",
            "micro_risc_v1/Testbench/SECSI.TXT",
            "micro_risc_v1/Testbench/SFDP.TXT",
            "micro_risc_v1/Testbench/SREG.TXT",
            "micro_risc_v1/Testbench/README",
            "micro_risc_v1/Testbench/tb_soc.do",
            "micro_risc_v1/Testbench/modelsim.do",
            "micro_risc_v1/Testbench/wave.do",
            "micro_risc_v1/Testbench/aldec.do",
            "micro_risc_v1/Testbench/design_modules.v",
            "micro_risc_v1/Testbench/sim_modules.v",
            "micro_risc_v1/Testbench/W25Q32JVxxIM.v",
            "micro_risc_v1/Testbench/micro_risc_v1.v",
            "micro_risc_v1/Testbench/micro_risc_v1_define.vh"
        ],
        "external_testbench_modelsim": [
            "micro_risc_v1/Testbench/modelsim/micro_risc_v1.v"
        ],
        "external_testbench_aldec": [
            "micro_risc_v1/Testbench/aldec/micro_risc_v1.v"
        ],
        "external_testbench_ncsim": [
            "micro_risc_v1/Testbench/ncsim/micro_risc_v1.v"
        ],
        "external_testbench_synopsys": [
            "micro_risc_v1/Testbench/synopsys/micro_risc_v1.v"
        ]
    },
    "ooc_synthesis": {}
}
[2025-08-08 22:16:42] [INFO    ] [gui.api_wrapper] [id-1754684128] [GENERATE-AFTER] Generated external script generator successfully
[2025-08-08 22:16:42] [INFO    ] [gui.api_wrapper] [id-1754684128] [GENERATE-AFTER] Generated external source source successfully
[2025-08-08 22:16:42] [INFO    ] [gui.api_wrapper] [id-1754684128] [GENERATE-AFTER] Generated external script script successfully
[2025-08-08 22:16:42] [INFO    ] [gui.api_wrapper] [id-1754684128] [GENERATE-AFTER] Generated external script embedded sw successfully
[2025-08-08 22:16:42] [INFO    ] [gui.api_wrapper] [id-1754684128] [GENERATE-AFTER] Generated external example design successfully
[2025-08-08 22:16:42] [INFO    ] [gui.api_wrapper] [id-1754684128] [GENERATE-AFTER] Generated external example design ti successfully
[2025-08-08 22:16:42] [INFO    ] [gui.api_wrapper] [id-1754684128] [GENERATE-AFTER] Generated external example design ti180 successfully
[2025-08-08 22:16:42] [INFO    ] [gui.api_wrapper] [id-1754684128] [GENERATE-AFTER] Generated external example design tz170 successfully
[2025-08-08 22:16:42] [INFO    ] [gui.api_wrapper] [id-1754684128] [GENERATE-AFTER] Generated external testbench testbench successfully
[2025-08-08 22:16:42] [INFO    ] [gui.api_wrapper] [id-1754684128] [GENERATE-AFTER] Generated external testbench modelsim successfully
[2025-08-08 22:16:42] [INFO    ] [gui.api_wrapper] [id-1754684128] [GENERATE-AFTER] Generated external testbench aldec successfully
[2025-08-08 22:16:42] [INFO    ] [gui.api_wrapper] [id-1754684128] [GENERATE-AFTER] Generated external testbench ncsim successfully
[2025-08-08 22:16:42] [INFO    ] [gui.api_wrapper] [id-1754684128] [GENERATE-AFTER] Generated external testbench synopsys successfully
[2025-08-08 22:16:43] [INFO    ] [gui.ip_config_window] [id-1754684128] [IP-CONFIG-GENERATE-DONE] Result returned from GenerateIpRunnable..
[2025-08-08 22:16:43] [INFO    ] [gui.ip_config_window] [id-1754684128] [IP-CONFIG-GENERATE-DONE] Generate status: Success
[2025-08-08 22:16:43] [INFO    ] [gui.ip_config_window] [id-1754684128] [IP-CONFIG-GENERATE-STOP] IP Generation thread finished run
[2025-08-08 22:16:47] [INFO    ] [gui.ip_config_window] [id-1754684128] [IP-CONFIG-STOP] IP Config Window has closed
[2025-08-08 22:16:48] [INFO    ] [common.efinity_grpc_watcher] [id-1754684128] [WATCHER-STOP-BEGIN] Stopping Efinity grpc watch...
[2025-08-08 22:16:48] [INFO    ] [common.efinity_grpc_watcher] [id-1754684128] [WATCHER-STOP-DONE] Efinity grpc watch stopped
[2025-08-08 22:16:48] [INFO    ] [common.efinity_grpc_watcher] [id-1754684128] [WATCHER-RUN] Cancelling ping stream as ipm is closing.
[2025-08-08 22:16:48] [INFO    ] [common.console] [id-1754684128] [CONSOLE-STOP] Exec Stop Process thread = <PyQt6.QtCore.QThread object at 0x7110867e3b50>
[2025-08-08 22:16:48] [INFO    ] [common.console] [id-1754684128] [CONSOLE-STOP] Console message consumer thread stops.
[2025-08-08 22:16:49] [INFO    ] [common.console] [id-1754684128] [CONSOLE-DISCONNECTED] Consumer_obj disconnected on finish
[2025-08-08 22:17:16] [INFO    ] [common.console] [id-1754684234] ----------------------------NEW SESSION STARTING------------------------------
[2025-08-08 22:17:16] [INFO    ] [common.console] [id-1754684234] [CONSOLE-START] Console message consumer thread starts...
[2025-08-08 22:17:16] [INFO    ] [common.console] [id-1754684234] [CONSOLE-START] Exec Start Process thread = <PyQt6.QtCore.QThread object at 0x7d8104fdfb50>
[2025-08-08 22:17:16] [INFO    ] [__main__] [id-1754684234] [MAIN-BEGIN] IP Manager has started running
[2025-08-08 22:17:16] [INFO    ] [gui.api_wrapper] [id-1754684234] [GET_SETTINGS_JSON-BEGIN] Getting parsed settings json...
[2025-08-08 22:17:16] [INFO    ] [efx_ipmgr.api_v2] [id-1754684234] [JSON_DECODER-DONE] Decoding done
[2025-08-08 22:17:16] [INFO    ] [gui.ip_config_window] [id-1754684234] [IP-CONFIG-START-BEGIN] Initializing IP Config Window...
[2025-08-08 22:17:16] [INFO    ] [common.efinity_grpc_watcher] [id-1754684234] [WATCHER-START-BEGIN] Efinity grpc start monitoring
[2025-08-08 22:17:16] [INFO    ] [gui.api_wrapper] [id-1754684234] [GET_SETTINGS_JSON] IP Gen dict = {
    "gen_name": "micro_risc_v1",
    "vlnv": {
        "vendor": "efinixinc.com",
        "library": "soc",
        "name": "efx_soc",
        "version": "3.2.2"
    },
    "sw_version": "2025.1.110.2.15",
    "base_path": "/home/olle/efinity_p2/BRAM/ip",
    "generated_date": "2025-08-08T20:16:42.748155+00:00",
    "params": {
        "HexFile_PathEnable": "1'b1",
        "HexFile_Path": "\"embedded_sw/micro_risc_v1/software/standalone/blink_led/build/blink_led.hex\"",
        "APBSlave0_Size": "65536",
        "DEVKIT_CUSTOM": "\"sapphireBoard_rev0\"",
        "LDSize": "124",
        "LDStackSize": "4",
        "DEVKIT": "0",
        "DEBUG": "1'b1",
        "IDE_SEL": "1'b0",
        "RISCV_DEBUG_PRIV": "1'b1",
        "HARD_BREAKPOINT": "1",
        "SOFT_TAP": "1'b0",
        "TAP_MODE": "1'b0",
        "TAP_COUNT": "2",
        "TAP_SEL": "8",
        "Frequency": "128",
        "PeriFrequencyEnable": "1'b0",
        "PeriFrequency": "50",
        "UART2_FIFODEPTH": "128",
        "UART2_INT_ID": "3",
        "TEST": "1'b0",
        "Base_M_AXIS": "32'd3774873600",
        "APBSlave0": "1'b0",
        "APBSlave2": "1'b0",
        "Base_M_IO": "32'd4160749568",
        "APBSlave1": "1'b0",
        "APBSlave3": "1'b0",
        "USER_1_INTR_ID": "17",
        "USER_1_INTR": "1'b0",
        "USER_0_INTR_ID": "16",
        "USER_0_INTR": "1'b0",
        "USER_2_INTR": "1'b0",
        "USER_2_INTR_ID": "22",
        "USER_3_INTR": "1'b0",
        "USER_3_INTR_ID": "23",
        "USER_4_INTR": "1'b0",
        "USER_4_INTR_ID": "24",
        "USER_5_INTR": "1'b0",
        "USER_5_INTR_ID": "25",
        "USER_6_INTR": "1'b0",
        "USER_6_INTR_ID": "26",
        "USER_7_INTR": "1'b0",
        "USER_7_INTR_ID": "27",
        "APBSlave4": "1'b0",
        "CustomInstruction": "1'b0",
        "ATMEXT": "1'b0",
        "CMREXT": "1'b0",
        "FPEXT": "1'b1",
        "FPU": "1'b0",
        "LINUX": "1'b0",
        "ICACHEWAY": "1",
        "DCACHEWAY": "1",
        "CpuCount": "1",
        "ICacheSize": "4096",
        "DCacheSize": "4096",
        "Cache": "1'b1",
        "ICache_EN": "1'b1",
        "DCache_EN": "1'b1",
        "DDR": "1'b0",
        "DDR_AXI4": "1'b0",
        "DDRWidth": "128",
        "DDR_IdWidth": "8",
        "DDRSize": "32'd3758096384",
        "OCRSize": "8192",
        "AXISlave": "1'b0",
        "AXISlaveSize": "16777216",
        "GPIO1_INT_ID1": "15",
        "GPIO1_INT_ID0": "14",
        "GPIO0_INT_ID1": "13",
        "GPIO0_INT_ID0": "1",
        "GPIO0": "1'b1",
        "GPIO0Width": "1",
        "GPIO1Width": "8",
        "GPIO1": "1'b0",
        "UART0_FIFODEPTH": "64",
        "UART0_INT_ID": "2",
        "UART0_M_Addr": "32'd4096",
        "UART1_M_Addr": "32'd8192",
        "UART2_M_Addr": "32'd12288",
        "SPI0_M_Addr": "32'd24576",
        "SPI1_M_Addr": "32'd16384",
        "SPI2_M_Addr": "32'd20480",
        "I2C0_M_Addr": "32'd40960",
        "I2C1_M_Addr": "32'd45056",
        "I2C2_M_Addr": "32'd49152",
        "GPIO0_M_Addr": "32'd53248",
        "GPIO1_M_Addr": "32'd57344",
        "APBSlave0_M_Addr": "32'd1048576",
        "APBSlave1_M_Addr": "32'd2097152",
        "APBSlave2_M_Addr": "32'd3145728",
        "APBSlave3_M_Addr": "32'd4194304",
        "APBSlave4_M_Addr": "32'd5242880",
        "UART0": "1'b1",
        "UART2": "1'b0",
        "UART1_FIFODEPTH": "128",
        "UART1_INT_ID": "2",
        "UART1": "1'b0",
        "SPI2": "1'b0",
        "SPI2DW": "8",
        "SPI2SS": "1",
        "SPI2_FIFODEPTH": "256",
        "SPI1_INT_ID": "5",
        "SPI1": "1'b0",
        "SPI1DW": "8",
        "SPI1SS": "1",
        "SPI1_FIFODEPTH": "256",
        "SPI0_INT_ID": "4",
        "SPI0": "1'b0",
        "SPI0DW": "8",
        "SPI0SS": "1",
        "SPI0_FIFODEPTH": "256",
        "I2C2_INT_ID": "10",
        "ADDR_Scheme": "1'b0",
        "I2C2": "1'b0",
        "I2C1": "1'b0",
        "SPI2_INT_ID": "6",
        "I2C1_INT_ID": "9",
        "I2C0_INT_ID": "8",
        "I2C0": "1'b0",
        "AXIMasterWidth_1": "32",
        "AXIMaster_1": "1'b0",
        "AXIMasterWidth": "32",
        "AXIMaster": "1'b1",
        "USER_TIMER0": "1'b0",
        "USER_TIMER0_CNT_WIDTH": "12",
        "USER_TIMER0_PS_WIDTH": "8",
        "USER_TIMER0_INT_ID": "19",
        "USER_TIMER0_M_Addr": "32'd61440",
        "USER_TIMER1": "1'b0",
        "USER_TIMER1_CNT_WIDTH": "12",
        "USER_TIMER1_PS_WIDTH": "8",
        "USER_TIMER1_INT_ID": "20",
        "USER_TIMER1_M_Addr": "32'd65536",
        "USER_TIMER2": "1'b0",
        "USER_TIMER2_CNT_WIDTH": "12",
        "USER_TIMER2_PS_WIDTH": "8",
        "USER_TIMER2_INT_ID": "21",
        "USER_TIMER2_M_Addr": "32'd69632",
        "WDT0": "1'b0",
        "WDT0_PS_WIDTH": "24",
        "WDT0_TIMER_WIDTH": "16",
        "WDT0_M_Addr": "32'd73728",
        "WDT0_INT_ID": "32",
        "RAM_OPT": "1'b0",
        "SOC_MODE": "1",
        "MULDIV_EXT": "1'b0",
        "BARREL_SHIFTER": "1'b0",
        "REDUCED_CSR": "1'b1",
        "DDRCLK_DOMAIN": "1",
        "DDR_OPT": "1",
        "SW_REMOVED": "1'b0"
    },
    "output_info": {
        "external_script_generator": [],
        "external_source_source": [
            "micro_risc_v1/micro_risc_v1.v",
            "micro_risc_v1/micro_risc_v1_tmpl.vhd",
            "micro_risc_v1/micro_risc_v1_tmpl.v",
            "micro_risc_v1/micro_risc_v1_define.vh"
        ],
        "external_script_script": [],
        "external_script_embedded_sw": [],
        "external_example_design": [
            "micro_risc_v1/T120F324_devkit/soc.xml",
            "micro_risc_v1/T120F324_devkit/design_modules.v",
            "micro_risc_v1/T120F324_devkit/ddr_reset_sequencer.v",
            "micro_risc_v1/T120F324_devkit/soc.hex",
            "micro_risc_v1/T120F324_devkit/micro_risc_v1.v",
            "micro_risc_v1/T120F324_devkit/micro_risc_v1_define.vh"
        ],
        "external_example_design_ti": [
            "micro_risc_v1/Ti60F225_devkit/soc.xml",
            "micro_risc_v1/Ti60F225_devkit/design_modules.v",
            "micro_risc_v1/Ti60F225_devkit/hbram_top.v",
            "micro_risc_v1/Ti60F225_devkit/hbram_top_define.vh",
            "micro_risc_v1/Ti60F225_devkit/soc.hex",
            "micro_risc_v1/Ti60F225_devkit/micro_risc_v1.v",
            "micro_risc_v1/Ti60F225_devkit/micro_risc_v1_define.vh"
        ],
        "external_example_design_ti180": [
            "micro_risc_v1/Ti180J484_devkit/soc.xml",
            "micro_risc_v1/Ti180J484_devkit/design_modules.v",
            "micro_risc_v1/Ti180J484_devkit/micro_risc_v1.v",
            "micro_risc_v1/Ti180J484_devkit/micro_risc_v1_define.vh"
        ],
        "external_example_design_tz170": [
            "micro_risc_v1/Tz170J484_devkit/soc.xml",
            "micro_risc_v1/Tz170J484_devkit/design_modules.v",
            "micro_risc_v1/Tz170J484_devkit/micro_risc_v1.v",
            "micro_risc_v1/Tz170J484_devkit/micro_risc_v1_define.vh"
        ],
        "external_testbench_testbench": [
            "micro_risc_v1/Testbench/MEM_IM.TXT",
            "micro_risc_v1/Testbench/SECSI.TXT",
            "micro_risc_v1/Testbench/SFDP.TXT",
            "micro_risc_v1/Testbench/SREG.TXT",
            "micro_risc_v1/Testbench/README",
            "micro_risc_v1/Testbench/tb_soc.do",
            "micro_risc_v1/Testbench/modelsim.do",
            "micro_risc_v1/Testbench/wave.do",
            "micro_risc_v1/Testbench/aldec.do",
            "micro_risc_v1/Testbench/design_modules.v",
            "micro_risc_v1/Testbench/sim_modules.v",
            "micro_risc_v1/Testbench/W25Q32JVxxIM.v",
            "micro_risc_v1/Testbench/micro_risc_v1.v",
            "micro_risc_v1/Testbench/micro_risc_v1_define.vh"
        ],
        "external_testbench_modelsim": [
            "micro_risc_v1/Testbench/modelsim/micro_risc_v1.v"
        ],
        "external_testbench_aldec": [
            "micro_risc_v1/Testbench/aldec/micro_risc_v1.v"
        ],
        "external_testbench_ncsim": [
            "micro_risc_v1/Testbench/ncsim/micro_risc_v1.v"
        ],
        "external_testbench_synopsys": [
            "micro_risc_v1/Testbench/synopsys/micro_risc_v1.v"
        ]
    },
    "ooc_synthesis": {}
}
[2025-08-08 22:17:16] [INFO    ] [gui.api_wrapper] [id-1754684234] [GET_SETTINGS_JSON-DONE] Successfully parsed settings_json
[2025-08-08 22:17:17] [INFO    ] [efx_ipmgr.api_v2] [id-1754684234] [LOAD_IP-BEGIN] Starting load IP
[2025-08-08 22:17:17] [INFO    ] [efx_ipmgr.api_v2] [id-1754684234] [PICKLE_LOAD-BEGIN] using pickle to load...
[2025-08-08 22:17:18] [INFO    ] [efx_ipmgr.api_v2] [id-1754684234] [PICKLE_LOAD-DONE] Loading with pickle done.
[2025-08-08 22:17:18] [INFO    ] [efx_ipmgr.api_v2] [id-1754684234] [LOAD_IP-DONE] Starting load IP
[2025-08-08 22:17:18] [INFO    ] [gui.api_wrapper] [id-1754684234] [GET_IP_DOCUMENTATION-BEGIN] Getting IP documentation...
[2025-08-08 22:17:18] [INFO    ] [efx_ipmgr.api_v2] [id-1754684234] [GET_IP_DOCUMENTATION] IP Documentation Link: file://${IP_LIBRARY_ROOT}/efx_soc/efx_soc/ipm/doc/topics/hlp-sapphire-soc.html
[2025-08-08 22:17:18] [INFO    ] [efx_ipmgr.api_v2] [id-1754684234] [GET_IP_DOCUMENTATION] Resolved ip documentation uri: /home/olle/efinix/efinity/2025.1/ipm/ip/efx_soc/efx_soc/ipm/doc/topics/hlp-sapphire-soc.html
[2025-08-08 22:17:18] [INFO    ] [gui.api_wrapper] [id-1754684234] [GET_IP_DOCUMENTATION-DONE] IP documentation location successfully loaded
[2025-08-08 22:17:18] [INFO    ] [gui.api_wrapper] [id-1754684234] [GET_PARAMS-BEGIN] Getting IP params...
[2025-08-08 22:17:18] [INFO    ] [gui.api_wrapper] [id-1754684234] [GET_PARAMS-DONE] Choices and params obtained
[2025-08-08 22:17:18] [INFO    ] [gui.ip_config_window] [id-1754684234] [IP-CONFIG-SETUP-PARAMS-BEGIN] Setting up params...
[2025-08-08 22:17:18] [INFO    ] [gui.ip_config_window] [id-1754684234] [IP-CONFIG-SETUP-PARAMS-DONE] Param setup done.
[2025-08-08 22:17:18] [INFO    ] [gui.api_wrapper] [id-1754684234] [GET_FILESETS-BEGIN] Getting ip filesets...
[2025-08-08 22:17:18] [INFO    ] [gui.api_wrapper] [id-1754684234] [GET_FILESETS] IP filesets successfully obtained
[2025-08-08 22:17:18] [INFO    ] [gui.api_wrapper] [id-1754684234] [GET_FILESETS] Cross checking with compulsory table.
[2025-08-08 22:17:18] [INFO    ] [gui.api_wrapper] [id-1754684234] [GET_FILESETS-DONE] GUI Filesets obtained.
[2025-08-08 22:17:18] [INFO    ] [gui.api_wrapper] [id-1754684234] [GET_CONFIG_TEMPLATE-BEGIN] Getting config_template.json file...
[2025-08-08 22:17:18] [INFO    ] [efx_ipmgr.api_v2] [id-1754684234] [GET_IP_GUI_TEMPLATE] GUI Template Link: file://${IP_LIBRARY_ROOT}/efx_soc/efx_soc/ipm/gui/config_template.json
[2025-08-08 22:17:18] [INFO    ] [efx_ipmgr.api_v2] [id-1754684234] [GET_IP_GUI_TEMPLATE] Resolved gui template uri: /home/olle/efinix/efinity/2025.1/ipm/ip/efx_soc/efx_soc/ipm/gui/config_template.json
[2025-08-08 22:17:18] [INFO    ] [gui.api_wrapper] [id-1754684234] [GET_CONFIG_TEMPLATE] UI Path obtained. Loading json file...
[2025-08-08 22:17:18] [INFO    ] [gui.api_wrapper] [id-1754684234] [GET_CONFIG_TEMPLATE-DONE] Config_template.json file successfully loaded.
[2025-08-08 22:17:18] [INFO    ] [gui.ip_config_window] [id-1754684234] [IP-CONFIG-SETUP-BLOCK-DIAGRAM-BEGIN] Setting up block diagram viewer...
[2025-08-08 22:17:18] [INFO    ] [gui.ip_config_window] [id-1754684234] [IP-CONFIG-SETUP-BLOCK-DIAGRAM-DONE] Block diagram viewer set up.
[2025-08-08 22:17:18] [INFO    ] [gui.ip_config_window] [id-1754684234] [IP-CONFIG-START-DONE] IP Config Window initialized
[2025-08-08 22:17:27] [INFO    ] [gui.api_wrapper] [id-1754684234] [VALIDATE_SINGLE_PARAM-BEGIN] Validating IP param...
[2025-08-08 22:17:27] [DEBUG   ] [efx_ipmgr.api_v2] [id-1754684234] [VALIDATE_SINGLE_PARAM-BEGIN] Param: SOFT_TAP, updated_param_value: 1
[2025-08-08 22:17:28] [DEBUG   ] [efx_ipmgr.api_v2] [id-1754684234] [VALIDATE_SINGLE_PARAM-DONE] Param validation finished.
[2025-08-08 22:17:28] [INFO    ] [gui.api_wrapper] [id-1754684234] [VALIDATE_SINGLE_PARAM-DONE] Validation result obtained
[2025-08-08 22:17:28] [INFO    ] [gui.api_wrapper] [id-1754684234] [GET_FILESETS-BEGIN] Getting ip filesets...
[2025-08-08 22:17:28] [INFO    ] [gui.api_wrapper] [id-1754684234] [GET_FILESETS] IP filesets successfully obtained
[2025-08-08 22:17:28] [INFO    ] [gui.api_wrapper] [id-1754684234] [GET_FILESETS] Cross checking with compulsory table.
[2025-08-08 22:17:28] [INFO    ] [gui.api_wrapper] [id-1754684234] [GET_FILESETS-DONE] GUI Filesets obtained.
[2025-08-08 22:17:38] [INFO    ] [gui.api_wrapper] [id-1754684234] [VALIDATE_SINGLE_PARAM-BEGIN] Validating IP param...
[2025-08-08 22:17:38] [DEBUG   ] [efx_ipmgr.api_v2] [id-1754684234] [VALIDATE_SINGLE_PARAM-BEGIN] Param: RISCV_DEBUG_PRIV, updated_param_value: 0
[2025-08-08 22:17:38] [DEBUG   ] [efx_ipmgr.api_v2] [id-1754684234] [VALIDATE_SINGLE_PARAM-DONE] Param validation finished.
[2025-08-08 22:17:38] [INFO    ] [gui.api_wrapper] [id-1754684234] [VALIDATE_SINGLE_PARAM-DONE] Validation result obtained
[2025-08-08 22:17:39] [INFO    ] [gui.api_wrapper] [id-1754684234] [GET_FILESETS-BEGIN] Getting ip filesets...
[2025-08-08 22:17:39] [INFO    ] [gui.api_wrapper] [id-1754684234] [GET_FILESETS] IP filesets successfully obtained
[2025-08-08 22:17:39] [INFO    ] [gui.api_wrapper] [id-1754684234] [GET_FILESETS] Cross checking with compulsory table.
[2025-08-08 22:17:39] [INFO    ] [gui.api_wrapper] [id-1754684234] [GET_FILESETS-DONE] GUI Filesets obtained.
[2025-08-08 22:17:49] [INFO    ] [gui.api_wrapper] [id-1754684234] [VALIDATE_SINGLE_PARAM-BEGIN] Validating IP param...
[2025-08-08 22:17:49] [DEBUG   ] [efx_ipmgr.api_v2] [id-1754684234] [VALIDATE_SINGLE_PARAM-BEGIN] Param: TAP_MODE, updated_param_value: 1'b1
[2025-08-08 22:17:49] [DEBUG   ] [efx_ipmgr.api_v2] [id-1754684234] [VALIDATE_SINGLE_PARAM-DONE] Param validation finished.
[2025-08-08 22:17:49] [INFO    ] [gui.api_wrapper] [id-1754684234] [VALIDATE_SINGLE_PARAM-DONE] Validation result obtained
[2025-08-08 22:17:49] [INFO    ] [gui.api_wrapper] [id-1754684234] [GET_FILESETS-BEGIN] Getting ip filesets...
[2025-08-08 22:17:49] [INFO    ] [gui.api_wrapper] [id-1754684234] [GET_FILESETS] IP filesets successfully obtained
[2025-08-08 22:17:49] [INFO    ] [gui.api_wrapper] [id-1754684234] [GET_FILESETS] Cross checking with compulsory table.
[2025-08-08 22:17:49] [INFO    ] [gui.api_wrapper] [id-1754684234] [GET_FILESETS-DONE] GUI Filesets obtained.
[2025-08-08 22:18:01] [INFO    ] [gui.api_wrapper] [id-1754684234] [VALIDATE_SINGLE_PARAM-BEGIN] Validating IP param...
[2025-08-08 22:18:01] [DEBUG   ] [efx_ipmgr.api_v2] [id-1754684234] [VALIDATE_SINGLE_PARAM-BEGIN] Param: TAP_MODE, updated_param_value: 1'b0
[2025-08-08 22:18:02] [DEBUG   ] [efx_ipmgr.api_v2] [id-1754684234] [VALIDATE_SINGLE_PARAM-DONE] Param validation finished.
[2025-08-08 22:18:02] [INFO    ] [gui.api_wrapper] [id-1754684234] [VALIDATE_SINGLE_PARAM-DONE] Validation result obtained
[2025-08-08 22:18:02] [INFO    ] [gui.api_wrapper] [id-1754684234] [GET_FILESETS-BEGIN] Getting ip filesets...
[2025-08-08 22:18:02] [INFO    ] [gui.api_wrapper] [id-1754684234] [GET_FILESETS] IP filesets successfully obtained
[2025-08-08 22:18:02] [INFO    ] [gui.api_wrapper] [id-1754684234] [GET_FILESETS] Cross checking with compulsory table.
[2025-08-08 22:18:02] [INFO    ] [gui.api_wrapper] [id-1754684234] [GET_FILESETS-DONE] GUI Filesets obtained.
[2025-08-08 22:18:36] [INFO    ] [gui.api_wrapper] [id-1754684234] [VALIDATE_SINGLE_PARAM-BEGIN] Validating IP param...
[2025-08-08 22:18:36] [DEBUG   ] [efx_ipmgr.api_v2] [id-1754684234] [VALIDATE_SINGLE_PARAM-BEGIN] Param: RISCV_DEBUG_PRIV, updated_param_value: 1
[2025-08-08 22:18:36] [DEBUG   ] [efx_ipmgr.api_v2] [id-1754684234] [VALIDATE_SINGLE_PARAM-DONE] Param validation finished.
[2025-08-08 22:18:36] [INFO    ] [gui.api_wrapper] [id-1754684234] [VALIDATE_SINGLE_PARAM-DONE] Validation result obtained
[2025-08-08 22:18:36] [INFO    ] [gui.api_wrapper] [id-1754684234] [GET_FILESETS-BEGIN] Getting ip filesets...
[2025-08-08 22:18:36] [INFO    ] [gui.api_wrapper] [id-1754684234] [GET_FILESETS] IP filesets successfully obtained
[2025-08-08 22:18:36] [INFO    ] [gui.api_wrapper] [id-1754684234] [GET_FILESETS] Cross checking with compulsory table.
[2025-08-08 22:18:36] [INFO    ] [gui.api_wrapper] [id-1754684234] [GET_FILESETS-DONE] GUI Filesets obtained.
[2025-08-08 22:18:46] [INFO    ] [gui.ip_config_window] [id-1754684234] [IP-CONFIG-GENERATE-BEGIN] Setup IP generation
[2025-08-08 22:18:46] [INFO    ] [gui.ip_config_window] [id-1754684234] [IP-CONFIG-GENERATE] Project_path: /home/olle/efinity_p2/BRAM//ip
[2025-08-08 22:18:46] [INFO    ] [efx_ipmgr.api_v2] [id-1754684234] [JSON_DECODER-DONE] Decoding done
[2025-08-08 22:18:46] [INFO    ] [gui.ip_config_window] [id-1754684234] [IP-CONFIG-GENERATE] Chosen deliverables: 
generator
Source
script
embedded_sw
Example Design (T120F324_devkit)
Example Design (Ti60F225_devkit)
Example Design (Ti180J484_devkit)
Example Design (Tz170J484_devkit)
Testbench
Testbench/modelsim
Testbench/aldec
Testbench/ncsim
Testbench/synopsys

[2025-08-08 22:18:47] [INFO    ] [gui.ip_config_window] [id-1754684234] [IP-CONFIG-GENERATE] Have thread pool start GenerateIpRunnable...
[2025-08-08 22:18:47] [INFO    ] [gui.api_wrapper] [id-1754684234] [GENERATE-BEFORE] Clean up old settings.json
[2025-08-08 22:18:47] [INFO    ] [efx_ipmgr.api_v2] [id-1754684234] [CLEAN_IP-BEGIN] IN, setting_path = /home/olle/efinity_p2/BRAM/ip/micro_risc_v1/settings.json
[2025-08-08 22:18:47] [INFO    ] [efx_ipmgr.api_v2] [id-1754684234] [JSON_DECODER-DONE] Decoding done
[2025-08-08 22:18:47] [INFO    ] [efx_ipmgr.api_v2] [id-1754684234] [CLEAN_IP-DONE] OUT, result = True
[2025-08-08 22:18:47] [INFO    ] [efx_ipmgr.api_v2] [id-1754684234] [CONCAT_VALIDATE_PARAMS] Skipping put params. Validation not done ...
[2025-08-08 22:18:47] [INFO    ] [efx_ipmgr.api_v2] [id-1754684234] [GENERATE_IP] Prepare filesets for generation
[2025-08-08 22:18:47] [INFO    ] [efx_ipmgr.api_v2] [id-1754684234] [GENERATE_IP] Fileset preparation done.
[2025-08-08 22:18:47] [DEBUG   ] [efx_ipmgr.builder] [id-1754684234] [BUILDER_RUN] command_str = ${EFINITY_PYTHON} ${IP_LIBRARY_ROOT}/efx_soc/efx_soc/generator/soc_gen.py
[2025-08-08 22:18:47] [DEBUG   ] [efx_ipmgr.builder] [id-1754684234] [BUILDER_RUN] flags_str = --out_path ${IP_OUTPUT_PATH} --user_project_path ${USER_PROJECT_PATH} --gen_name ${IP_GEN_MODULE} --parameters ${IP_USER_PARAMETERS}
[2025-08-08 22:18:47] [DEBUG   ] [efx_ipmgr.builder] [id-1754684234] [BUILDER_RUN] file = {'path': '${IP_GEN_MODULE}', 'copiedPath': '', 'fileType': 'pythonScript', 'workdir': '', 'isInternal': '', 'isPresent': 'True', 'isPresentDefault': 'True', 'command': '${EFINITY_PYTHON} ${IP_LIBRARY_ROOT}/efx_soc/efx_soc/generator/soc_gen.py', 'flags': '--out_path ${IP_OUTPUT_PATH} --user_project_path ${USER_PROJECT_PATH} --gen_name ${IP_GEN_MODULE} --parameters ${IP_USER_PARAMETERS}', 'targetName': '', 'name': PosixPath('/home/olle/efinity_p2/BRAM/ip/micro_risc_v1/micro_risc_v1')}
[2025-08-08 22:18:47] [INFO    ] [efx_ipmgr.builder] [id-1754684234] [BUILDER_INVOKE_BUILD_COMMAND-BEGIN] Start build_command
[2025-08-08 22:18:47] [INFO    ] [efx_ipmgr.builder] [id-1754684234] [BUILDER_INVOKE_BUILD_COMMAND] CWD=/home/olle/efinity_p2/BRAM/
[2025-08-08 22:18:47] [INFO    ] [efx_ipmgr.builder] [id-1754684234] [BUILDER_INVOKE_BUILD_COMMAND] args: /home/olle/efinix/efinity/2025.1/bin/python3
/home/olle/efinix/efinity/2025.1/ipm/ip/efx_soc/efx_soc/generator/soc_gen.py
--out_path
/home/olle/efinity_p2/BRAM/ip
--user_project_path
/home/olle/efinity_p2/BRAM
--gen_name
micro_risc_v1
--parameters
HexFile_PathEnable="1"
HexFile_Path="embedded_sw/micro_risc_v1/software/standalone/blink_led/build/blink_led.hex"
APBSlave4_Size="65536"
APBSlave3_Size="65536"
APBSlave2_Size="65536"
APBSlave1_Size="65536"
APBSlave0_Size="65536"
DEVKIT_CUSTOM="sapphireBoard_rev0"
LDSize="124"
LDStackSize="4"
DEVKIT="0"
DEBUG="1"
IDE_SEL="0"
RISCV_DEBUG_PRIV="1"
HARD_BREAKPOINT="1"
SOFT_TAP="1"
TAP_MODE="0"
TAP_COUNT="2"
TAP_SEL="8"
Frequency="128"
PeriFrequencyEnable="0"
PeriFrequency="50"
APBSlave0_Addr="1048576"
APBSlave2_Addr="0"
APBSlave4_Addr="0"
UART2_FIFODEPTH="128"
UART2_INT_ID="3"
TEST="0"
APBSlave3_Addr="0"
I2C2_Addr="86016"
Base_AXIS="16777216"
Base_M_AXIS="3774873600"
APBSlave0="0"
Base_IM="4177526784"
APBSlave2="0"
Base_IO="4160749568"
Base_M_IO="4160749568"
Base_EM="4096"
APBSlave1_Addr="0"
APBSlave1="0"
APBSlave3="0"
USER_1_INTR_ID="17"
USER_1_INTR="0"
USER_0_INTR_ID="16"
USER_0_INTR="0"
USER_2_INTR="0"
USER_2_INTR_ID="22"
USER_3_INTR="0"
USER_3_INTR_ID="23"
USER_4_INTR="0"
USER_4_INTR_ID="24"
USER_5_INTR="0"
USER_5_INTR_ID="25"
USER_6_INTR="0"
USER_6_INTR_ID="26"
USER_7_INTR="0"
USER_7_INTR_ID="27"
APBSlave4="0"
CustomInstruction="0"
ATMEXT="0"
CMREXT="0"
FPEXT="1"
FPU="0"
LINUX="0"
ICACHEWAY="1"
DCACHEWAY="1"
CpuCount="1"
ICacheSize="4096"
DCacheSize="4096"
Cache="1"
ICache_EN="1"
DCache_EN="1"
DDR="0"
DDR_AXI4="0"
DDRWidth="128"
DDR_IdWidth="8"
DDRSize="3758096384"
OCRSize="8192"
AXISlave="0"
AXISlaveSize="16777216"
GPIO1_Addr="86016"
GPIO0_Addr="86016"
GPIO1_INT_ID1="15"
GPIO1_INT_ID0="14"
GPIO0_INT_ID1="13"
GPIO0_INT_ID0="1"
GPIO0="1"
GPIO0Width="1"
GPIO1Width="8"
GPIO1="0"
UART0_FIFODEPTH="64"
UART0_INT_ID="2"
UART0_Addr="65536"
IOSize="4096"
UART0_M_Addr="4096"
UART1_M_Addr="8192"
UART2_M_Addr="12288"
SPI0_M_Addr="24576"
SPI1_M_Addr="16384"
SPI2_M_Addr="20480"
I2C0_M_Addr="40960"
I2C1_M_Addr="45056"
I2C2_M_Addr="49152"
GPIO0_M_Addr="53248"
GPIO1_M_Addr="57344"
APBSlave0_M_Addr="1048576"
APBSlave1_M_Addr="2097152"
APBSlave2_M_Addr="3145728"
APBSlave3_M_Addr="4194304"
APBSlave4_M_Addr="5242880"
UART0="1"
UART2_Addr="86016"
UART2="0"
UART1_FIFODEPTH="128"
UART1_INT_ID="2"
UART1_Addr="86016"
UART1="0"
SPI2="0"
SPI2DW="8"
SPI2SS="1"
SPI2_FIFODEPTH="256"
SPI1_INT_ID="5"
SPI1="0"
SPI1DW="8"
SPI1SS="1"
SPI1_FIFODEPTH="256"
SPI0_INT_ID="4"
SPI0_Addr="81920"
SPI0="0"
SPI0DW="8"
SPI0SS="1"
SPI0_FIFODEPTH="256"
I2C2_INT_ID="10"
ADDR_Scheme="0"
I2C2="0"
I2C1_Addr="86016"
I2C1="0"
SPI2_INT_ID="6"
SPI2_Addr="81920"
SPI1_Addr="81920"
I2C0_Addr="86016"
I2C1_INT_ID="9"
I2C0_INT_ID="8"
I2C0="0"
AXIMasterWidth_1="32"
AXIMaster_1="0"
AXIMasterWidth="32"
AXIMaster="1"
USER_TIMER0="0"
USER_TIMER0_CNT_WIDTH="12"
USER_TIMER0_PS_WIDTH="8"
USER_TIMER0_INT_ID="19"
USER_TIMER0_Addr="86016"
USER_TIMER0_M_Addr="61440"
USER_TIMER1="0"
USER_TIMER1_CNT_WIDTH="12"
USER_TIMER1_PS_WIDTH="8"
USER_TIMER1_INT_ID="20"
USER_TIMER1_Addr="86016"
USER_TIMER1_M_Addr="65536"
USER_TIMER2="0"
USER_TIMER2_CNT_WIDTH="12"
USER_TIMER2_PS_WIDTH="8"
USER_TIMER2_INT_ID="21"
USER_TIMER2_Addr="86016"
USER_TIMER2_M_Addr="69632"
WDT0="0"
WDT0_PS_WIDTH="24"
WDT0_TIMER_WIDTH="16"
WDT0_Addr="86016"
WDT0_M_Addr="73728"
WDT0_INT_ID="32"
RAM_OPT="0"
SOC_MODE="1"
MULDIV_EXT="0"
BARREL_SHIFTER="0"
REDUCED_CSR="1"
DDRCLK_DOMAIN="1"
DDR_OPT="1"
SW_REMOVED="0"
[2025-08-08 22:18:52] [INFO    ] [efx_ipmgr.builder] [id-1754684234] [BUILDER_INVOKE_BUILD_COMMAND] stdout: [Runtime] SpinalHDL dev    git head : 81793df2c4f55a20f7eff1130c4bb74a4b11319f
[Runtime] JVM max memory : 3950.0MiB
[Runtime] Current date : 2025.08.08 22:18:48
[Progress] at 0.000 : Elaborate components
[Info] No CounterService was found. Generating legacy counters and timer
[Progress] at 2.644 : Checks and transforms
[Progress] at 3.507 : Generate Verilog to hardware/netlist
[Warning] toplevel/system_riscvJtag_debug_logic_dm/logic_progbufX_mem : Mem[2*32 bits].readAsync can only be write first into Verilog
[Warning] 303 signals were pruned. You can call printPruned on the backend report to get more informations.
[Done] at 4.119
current path: /home/olle/efinity_p2/BRAM/ip/micro_risc_v1_outflow
java -cp /home/olle/efinix/efinity/2025.1/ipm/ip/efx_soc/efx_soc/generator/EfxSapphireSoc.jar saxon.board.efinix.EfxSapphireSoc  --ramHex "/home/olle/efinity_p2/BRAM/embedded_sw/micro_risc_v1/software/standalone/blink_led/build/blink_led.hex" --gpio name=system_gpio_0_io,address=0x015000,width=1,interrupts="0->1" --dCacheSize 4096 --iCacheWays 1 --onChipRamSize 0x2000 --noMulDiv --L1D true --Fpu false --ddrAEnable false --iCacheSize 4096 --systemFrequency 128000000 --cpuCount 1 --PeripheralClock false --lowArea 5 --Linux false --axiAEnable false --L1I true --withRiscvDebugPriv --dCacheWays 1 --softTap true --hardwareBreakpoints 1 --onChipRamAddress 0xf9000000 --noBarrelShifter --apbBridgeAddress 0xf8000000 --FpuDouble false --Atomic false --uart name=system_uart_0_io,address=0x010000,interruptId=2,fifoDepth=64
loc upper: /home/olle/efinix/efinity/2025.1/ipm/ip/efx_soc/efx_soc

[2025-08-08 22:18:52] [INFO    ] [efx_ipmgr.builder] [id-1754684234] [BUILDER_INVOKE_BUILD_COMMAND-DONE] Build Command Execution: Success
[2025-08-08 22:18:52] [DEBUG   ] [efx_ipmgr.builder] [id-1754684234] [BUILDER_RUN] file_name = /home/olle/efinity_p2/BRAM/ip/micro_risc_v1/micro_risc_v1
[2025-08-08 22:18:52] [DEBUG   ] [efx_ipmgr.builder] [id-1754684234] [BUILDER_RUN] resolved_name = /home/olle/efinity_p2/BRAM/ip/micro_risc_v1/micro_risc_v1
[2025-08-08 22:18:53] [DEBUG   ] [efx_ipmgr.builder] [id-1754684234] [BUILDER_RUN] command_str = ${EFINITY_PYTHON} ${IP_LIBRARY_ROOT}/efx_soc/efx_soc/generator/remove_hash_for_bin.py
[2025-08-08 22:18:53] [DEBUG   ] [efx_ipmgr.builder] [id-1754684234] [BUILDER_RUN] flags_str = --out_path ${IP_OUTPUT_PATH} --gen_name ${IP_GEN_MODULE} --parameters ${IP_USER_PARAMETERS}
[2025-08-08 22:18:53] [DEBUG   ] [efx_ipmgr.builder] [id-1754684234] [BUILDER_RUN] file = {'path': '${IP_GEN_MODULE', 'copiedPath': '', 'fileType': 'pythonScript', 'workdir': '', 'isInternal': '', 'isPresent': 'True', 'isPresentDefault': 'True', 'command': '${EFINITY_PYTHON} ${IP_LIBRARY_ROOT}/efx_soc/efx_soc/generator/remove_hash_for_bin.py', 'flags': '--out_path ${IP_OUTPUT_PATH} --gen_name ${IP_GEN_MODULE} --parameters ${IP_USER_PARAMETERS}', 'targetName': '', 'name': PosixPath('/home/olle/efinity_p2/BRAM/ip/micro_risc_v1/${IP_GEN_MODULE')}
[2025-08-08 22:18:53] [INFO    ] [efx_ipmgr.builder] [id-1754684234] [BUILDER_INVOKE_BUILD_COMMAND-BEGIN] Start build_command
[2025-08-08 22:18:53] [INFO    ] [efx_ipmgr.builder] [id-1754684234] [BUILDER_INVOKE_BUILD_COMMAND] CWD=/home/olle/efinity_p2/BRAM/
[2025-08-08 22:18:53] [INFO    ] [efx_ipmgr.builder] [id-1754684234] [BUILDER_INVOKE_BUILD_COMMAND] args: /home/olle/efinix/efinity/2025.1/bin/python3
/home/olle/efinix/efinity/2025.1/ipm/ip/efx_soc/efx_soc/generator/remove_hash_for_bin.py
--out_path
/home/olle/efinity_p2/BRAM/ip
--gen_name
micro_risc_v1
--parameters
HexFile_PathEnable="1"
HexFile_Path="embedded_sw/micro_risc_v1/software/standalone/blink_led/build/blink_led.hex"
APBSlave4_Size="65536"
APBSlave3_Size="65536"
APBSlave2_Size="65536"
APBSlave1_Size="65536"
APBSlave0_Size="65536"
DEVKIT_CUSTOM="sapphireBoard_rev0"
LDSize="124"
LDStackSize="4"
DEVKIT="0"
DEBUG="1"
IDE_SEL="0"
RISCV_DEBUG_PRIV="1"
HARD_BREAKPOINT="1"
SOFT_TAP="1"
TAP_MODE="0"
TAP_COUNT="2"
TAP_SEL="8"
Frequency="128"
PeriFrequencyEnable="0"
PeriFrequency="50"
APBSlave0_Addr="1048576"
APBSlave2_Addr="0"
APBSlave4_Addr="0"
UART2_FIFODEPTH="128"
UART2_INT_ID="3"
TEST="0"
APBSlave3_Addr="0"
I2C2_Addr="86016"
Base_AXIS="16777216"
Base_M_AXIS="3774873600"
APBSlave0="0"
Base_IM="4177526784"
APBSlave2="0"
Base_IO="4160749568"
Base_M_IO="4160749568"
Base_EM="4096"
APBSlave1_Addr="0"
APBSlave1="0"
APBSlave3="0"
USER_1_INTR_ID="17"
USER_1_INTR="0"
USER_0_INTR_ID="16"
USER_0_INTR="0"
USER_2_INTR="0"
USER_2_INTR_ID="22"
USER_3_INTR="0"
USER_3_INTR_ID="23"
USER_4_INTR="0"
USER_4_INTR_ID="24"
USER_5_INTR="0"
USER_5_INTR_ID="25"
USER_6_INTR="0"
USER_6_INTR_ID="26"
USER_7_INTR="0"
USER_7_INTR_ID="27"
APBSlave4="0"
CustomInstruction="0"
ATMEXT="0"
CMREXT="0"
FPEXT="1"
FPU="0"
LINUX="0"
ICACHEWAY="1"
DCACHEWAY="1"
CpuCount="1"
ICacheSize="4096"
DCacheSize="4096"
Cache="1"
ICache_EN="1"
DCache_EN="1"
DDR="0"
DDR_AXI4="0"
DDRWidth="128"
DDR_IdWidth="8"
DDRSize="3758096384"
OCRSize="8192"
AXISlave="0"
AXISlaveSize="16777216"
GPIO1_Addr="86016"
GPIO0_Addr="86016"
GPIO1_INT_ID1="15"
GPIO1_INT_ID0="14"
GPIO0_INT_ID1="13"
GPIO0_INT_ID0="1"
GPIO0="1"
GPIO0Width="1"
GPIO1Width="8"
GPIO1="0"
UART0_FIFODEPTH="64"
UART0_INT_ID="2"
UART0_Addr="65536"
IOSize="4096"
UART0_M_Addr="4096"
UART1_M_Addr="8192"
UART2_M_Addr="12288"
SPI0_M_Addr="24576"
SPI1_M_Addr="16384"
SPI2_M_Addr="20480"
I2C0_M_Addr="40960"
I2C1_M_Addr="45056"
I2C2_M_Addr="49152"
GPIO0_M_Addr="53248"
GPIO1_M_Addr="57344"
APBSlave0_M_Addr="1048576"
APBSlave1_M_Addr="2097152"
APBSlave2_M_Addr="3145728"
APBSlave3_M_Addr="4194304"
APBSlave4_M_Addr="5242880"
UART0="1"
UART2_Addr="86016"
UART2="0"
UART1_FIFODEPTH="128"
UART1_INT_ID="2"
UART1_Addr="86016"
UART1="0"
SPI2="0"
SPI2DW="8"
SPI2SS="1"
SPI2_FIFODEPTH="256"
SPI1_INT_ID="5"
SPI1="0"
SPI1DW="8"
SPI1SS="1"
SPI1_FIFODEPTH="256"
SPI0_INT_ID="4"
SPI0_Addr="81920"
SPI0="0"
SPI0DW="8"
SPI0SS="1"
SPI0_FIFODEPTH="256"
I2C2_INT_ID="10"
ADDR_Scheme="0"
I2C2="0"
I2C1_Addr="86016"
I2C1="0"
SPI2_INT_ID="6"
SPI2_Addr="81920"
SPI1_Addr="81920"
I2C0_Addr="86016"
I2C1_INT_ID="9"
I2C0_INT_ID="8"
I2C0="0"
AXIMasterWidth_1="32"
AXIMaster_1="0"
AXIMasterWidth="32"
AXIMaster="1"
USER_TIMER0="0"
USER_TIMER0_CNT_WIDTH="12"
USER_TIMER0_PS_WIDTH="8"
USER_TIMER0_INT_ID="19"
USER_TIMER0_Addr="86016"
USER_TIMER0_M_Addr="61440"
USER_TIMER1="0"
USER_TIMER1_CNT_WIDTH="12"
USER_TIMER1_PS_WIDTH="8"
USER_TIMER1_INT_ID="20"
USER_TIMER1_Addr="86016"
USER_TIMER1_M_Addr="65536"
USER_TIMER2="0"
USER_TIMER2_CNT_WIDTH="12"
USER_TIMER2_PS_WIDTH="8"
USER_TIMER2_INT_ID="21"
USER_TIMER2_Addr="86016"
USER_TIMER2_M_Addr="69632"
WDT0="0"
WDT0_PS_WIDTH="24"
WDT0_TIMER_WIDTH="16"
WDT0_Addr="86016"
WDT0_M_Addr="73728"
WDT0_INT_ID="32"
RAM_OPT="0"
SOC_MODE="1"
MULDIV_EXT="0"
BARREL_SHIFTER="0"
REDUCED_CSR="1"
DDRCLK_DOMAIN="1"
DDR_OPT="1"
SW_REMOVED="0"
[2025-08-08 22:18:53] [INFO    ] [efx_ipmgr.builder] [id-1754684234] [BUILDER_INVOKE_BUILD_COMMAND] stdout: 
[2025-08-08 22:18:53] [INFO    ] [efx_ipmgr.builder] [id-1754684234] [BUILDER_INVOKE_BUILD_COMMAND-DONE] Build Command Execution: Success
[2025-08-08 22:18:53] [DEBUG   ] [efx_ipmgr.builder] [id-1754684234] [BUILDER_RUN] file_name = /home/olle/efinity_p2/BRAM/ip/micro_risc_v1/${IP_GEN_MODULE
[2025-08-08 22:18:53] [DEBUG   ] [efx_ipmgr.builder] [id-1754684234] [BUILDER_RUN] resolved_name = /home/olle/efinity_p2/BRAM/ip/micro_risc_v1/${IP_GEN_MODULE
[2025-08-08 22:18:53] [DEBUG   ] [efx_ipmgr.builder] [id-1754684234] [BUILDER_RUN] command_str = ${EFINITY_PYTHON} ${IP_LIBRARY_ROOT}/efx_soc/efx_soc/embedded_sw/sw_script.py
[2025-08-08 22:18:53] [DEBUG   ] [efx_ipmgr.builder] [id-1754684234] [BUILDER_RUN] flags_str = --out_path ${PROJECT_PATH}/embedded_sw --ip_path ${PROJECT_PATH}/ip --gen_name ${IP_GEN_MODULE} --ipm_path ${IP_LIBRARY_ROOT} --parameters ${IP_USER_PARAMETERS}
[2025-08-08 22:18:53] [DEBUG   ] [efx_ipmgr.builder] [id-1754684234] [BUILDER_RUN] file = {'path': '../${IP_GEN_MODULE}/embedded_sw', 'copiedPath': '', 'fileType': 'pythonScript', 'workdir': '', 'isInternal': '', 'isPresent': 'True', 'isPresentDefault': 'True', 'command': '${EFINITY_PYTHON} ${IP_LIBRARY_ROOT}/efx_soc/efx_soc/embedded_sw/sw_script.py', 'flags': '--out_path ${PROJECT_PATH}/embedded_sw --ip_path ${PROJECT_PATH}/ip --gen_name ${IP_GEN_MODULE} --ipm_path ${IP_LIBRARY_ROOT} --parameters ${IP_USER_PARAMETERS}', 'targetName': '', 'name': PosixPath('/home/olle/efinity_p2/BRAM/ip/micro_risc_v1/../micro_risc_v1/embedded_sw')}
[2025-08-08 22:18:53] [INFO    ] [efx_ipmgr.builder] [id-1754684234] [BUILDER_INVOKE_BUILD_COMMAND-BEGIN] Start build_command
[2025-08-08 22:18:53] [INFO    ] [efx_ipmgr.builder] [id-1754684234] [BUILDER_INVOKE_BUILD_COMMAND] CWD=/home/olle/efinity_p2/BRAM/
[2025-08-08 22:18:53] [INFO    ] [efx_ipmgr.builder] [id-1754684234] [BUILDER_INVOKE_BUILD_COMMAND] args: /home/olle/efinix/efinity/2025.1/bin/python3
/home/olle/efinix/efinity/2025.1/ipm/ip/efx_soc/efx_soc/embedded_sw/sw_script.py
--out_path
/home/olle/efinity_p2/BRAM/embedded_sw
--ip_path
/home/olle/efinity_p2/BRAM/ip
--gen_name
micro_risc_v1
--ipm_path
/home/olle/efinix/efinity/2025.1/ipm/ip
--parameters
HexFile_PathEnable="1"
HexFile_Path="embedded_sw/micro_risc_v1/software/standalone/blink_led/build/blink_led.hex"
APBSlave4_Size="65536"
APBSlave3_Size="65536"
APBSlave2_Size="65536"
APBSlave1_Size="65536"
APBSlave0_Size="65536"
DEVKIT_CUSTOM="sapphireBoard_rev0"
LDSize="124"
LDStackSize="4"
DEVKIT="0"
DEBUG="1"
IDE_SEL="0"
RISCV_DEBUG_PRIV="1"
HARD_BREAKPOINT="1"
SOFT_TAP="1"
TAP_MODE="0"
TAP_COUNT="2"
TAP_SEL="8"
Frequency="128"
PeriFrequencyEnable="0"
PeriFrequency="50"
APBSlave0_Addr="1048576"
APBSlave2_Addr="0"
APBSlave4_Addr="0"
UART2_FIFODEPTH="128"
UART2_INT_ID="3"
TEST="0"
APBSlave3_Addr="0"
I2C2_Addr="86016"
Base_AXIS="16777216"
Base_M_AXIS="3774873600"
APBSlave0="0"
Base_IM="4177526784"
APBSlave2="0"
Base_IO="4160749568"
Base_M_IO="4160749568"
Base_EM="4096"
APBSlave1_Addr="0"
APBSlave1="0"
APBSlave3="0"
USER_1_INTR_ID="17"
USER_1_INTR="0"
USER_0_INTR_ID="16"
USER_0_INTR="0"
USER_2_INTR="0"
USER_2_INTR_ID="22"
USER_3_INTR="0"
USER_3_INTR_ID="23"
USER_4_INTR="0"
USER_4_INTR_ID="24"
USER_5_INTR="0"
USER_5_INTR_ID="25"
USER_6_INTR="0"
USER_6_INTR_ID="26"
USER_7_INTR="0"
USER_7_INTR_ID="27"
APBSlave4="0"
CustomInstruction="0"
ATMEXT="0"
CMREXT="0"
FPEXT="1"
FPU="0"
LINUX="0"
ICACHEWAY="1"
DCACHEWAY="1"
CpuCount="1"
ICacheSize="4096"
DCacheSize="4096"
Cache="1"
ICache_EN="1"
DCache_EN="1"
DDR="0"
DDR_AXI4="0"
DDRWidth="128"
DDR_IdWidth="8"
DDRSize="3758096384"
OCRSize="8192"
AXISlave="0"
AXISlaveSize="16777216"
GPIO1_Addr="86016"
GPIO0_Addr="86016"
GPIO1_INT_ID1="15"
GPIO1_INT_ID0="14"
GPIO0_INT_ID1="13"
GPIO0_INT_ID0="1"
GPIO0="1"
GPIO0Width="1"
GPIO1Width="8"
GPIO1="0"
UART0_FIFODEPTH="64"
UART0_INT_ID="2"
UART0_Addr="65536"
IOSize="4096"
UART0_M_Addr="4096"
UART1_M_Addr="8192"
UART2_M_Addr="12288"
SPI0_M_Addr="24576"
SPI1_M_Addr="16384"
SPI2_M_Addr="20480"
I2C0_M_Addr="40960"
I2C1_M_Addr="45056"
I2C2_M_Addr="49152"
GPIO0_M_Addr="53248"
GPIO1_M_Addr="57344"
APBSlave0_M_Addr="1048576"
APBSlave1_M_Addr="2097152"
APBSlave2_M_Addr="3145728"
APBSlave3_M_Addr="4194304"
APBSlave4_M_Addr="5242880"
UART0="1"
UART2_Addr="86016"
UART2="0"
UART1_FIFODEPTH="128"
UART1_INT_ID="2"
UART1_Addr="86016"
UART1="0"
SPI2="0"
SPI2DW="8"
SPI2SS="1"
SPI2_FIFODEPTH="256"
SPI1_INT_ID="5"
SPI1="0"
SPI1DW="8"
SPI1SS="1"
SPI1_FIFODEPTH="256"
SPI0_INT_ID="4"
SPI0_Addr="81920"
SPI0="0"
SPI0DW="8"
SPI0SS="1"
SPI0_FIFODEPTH="256"
I2C2_INT_ID="10"
ADDR_Scheme="0"
I2C2="0"
I2C1_Addr="86016"
I2C1="0"
SPI2_INT_ID="6"
SPI2_Addr="81920"
SPI1_Addr="81920"
I2C0_Addr="86016"
I2C1_INT_ID="9"
I2C0_INT_ID="8"
I2C0="0"
AXIMasterWidth_1="32"
AXIMaster_1="0"
AXIMasterWidth="32"
AXIMaster="1"
USER_TIMER0="0"
USER_TIMER0_CNT_WIDTH="12"
USER_TIMER0_PS_WIDTH="8"
USER_TIMER0_INT_ID="19"
USER_TIMER0_Addr="86016"
USER_TIMER0_M_Addr="61440"
USER_TIMER1="0"
USER_TIMER1_CNT_WIDTH="12"
USER_TIMER1_PS_WIDTH="8"
USER_TIMER1_INT_ID="20"
USER_TIMER1_Addr="86016"
USER_TIMER1_M_Addr="65536"
USER_TIMER2="0"
USER_TIMER2_CNT_WIDTH="12"
USER_TIMER2_PS_WIDTH="8"
USER_TIMER2_INT_ID="21"
USER_TIMER2_Addr="86016"
USER_TIMER2_M_Addr="69632"
WDT0="0"
WDT0_PS_WIDTH="24"
WDT0_TIMER_WIDTH="16"
WDT0_Addr="86016"
WDT0_M_Addr="73728"
WDT0_INT_ID="32"
RAM_OPT="0"
SOC_MODE="1"
MULDIV_EXT="0"
BARREL_SHIFTER="0"
REDUCED_CSR="1"
DDRCLK_DOMAIN="1"
DDR_OPT="1"
SW_REMOVED="0"
[2025-08-08 22:18:53] [INFO    ] [efx_ipmgr.builder] [id-1754684234] [BUILDER_INVOKE_BUILD_COMMAND] stdout: Removed file: /home/olle/efinity_p2/BRAM/embedded_sw/micro_risc_v1/bsp/efinix/EfxSapphireSoc/app/bootloaderConfig.h
Not found: /home/olle/efinity_p2/BRAM/embedded_sw/micro_risc_v1/bsp/efinix/EfxSapphireSoc/app/core_portme.h
Not found: /home/olle/efinity_p2/BRAM/embedded_sw/micro_risc_v1/bsp/efinix/EfxSapphireSoc/app/coremark.h
Not found: /home/olle/efinity_p2/BRAM/embedded_sw/micro_risc_v1/bsp/efinix/EfxSapphireSoc/app/DDRCali_i2c.h
Not found: /home/olle/efinity_p2/BRAM/embedded_sw/micro_risc_v1/bsp/efinix/EfxSapphireSoc/app/i2cDemo.h
Not found: /home/olle/efinity_p2/BRAM/embedded_sw/micro_risc_v1/bsp/efinix/EfxSapphireSoc/app/i2cMcp4725.h
Not found: /home/olle/efinity_p2/BRAM/embedded_sw/micro_risc_v1/bsp/efinix/EfxSapphireSoc/app/nestedInterruptDemo.h
Not found: /home/olle/efinity_p2/BRAM/embedded_sw/micro_risc_v1/bsp/efinix/EfxSapphireSoc/app/print.h
Not found: /home/olle/efinity_p2/BRAM/embedded_sw/micro_risc_v1/bsp/efinix/EfxSapphireSoc/app/print_full.h
Not found: /home/olle/efinity_p2/BRAM/embedded_sw/micro_risc_v1/bsp/efinix/EfxSapphireSoc/app/sdHostDemo.h
Not found: /home/olle/efinity_p2/BRAM/embedded_sw/micro_risc_v1/bsp/efinix/EfxSapphireSoc/app/semihosting.h
Not found: /home/olle/efinity_p2/BRAM/embedded_sw/micro_risc_v1/bsp/efinix/EfxSapphireSoc/app/smpDemo.h
Not found: /home/olle/efinity_p2/BRAM/embedded_sw/micro_risc_v1/bsp/efinix/EfxSapphireSoc/app/spiDemo.h
Not found: /home/olle/efinity_p2/BRAM/embedded_sw/micro_risc_v1/bsp/efinix/EfxSapphireSoc/app/tseDemo.h
Not found: /home/olle/efinity_p2/BRAM/embedded_sw/micro_risc_v1/bsp/efinix/EfxSapphireSoc/app/userTimerDemo.h
Not found: /home/olle/efinity_p2/BRAM/embedded_sw/micro_risc_v1/bsp/efinix/EfxSapphireSoc/app/freertosHalConfig.h
Not found: /home/olle/efinity_p2/BRAM/embedded_sw/micro_risc_v1/config
Not found: /home/olle/efinity_p2/BRAM/embedded_sw/micro_risc_v1/config_linux
Removed folder: /home/olle/efinity_p2/BRAM/embedded_sw/micro_risc_v1/tool
Not found: /home/olle/efinity_p2/BRAM/embedded_sw/micro_risc_v1/software/standalone/coremark
Not found: /home/olle/efinity_p2/BRAM/embedded_sw/micro_risc_v1/software/standalone/apb3Demo
Not found: /home/olle/efinity_p2/BRAM/embedded_sw/micro_risc_v1/software/standalone/axi4Demo
Not found: /home/olle/efinity_p2/BRAM/embedded_sw/micro_risc_v1/software/standalone/semihosting
Not found: /home/olle/efinity_p2/BRAM/embedded_sw/micro_risc_v1/software/standalone/spiReadFlashDemo
Not found: /home/olle/efinity_p2/BRAM/embedded_sw/micro_risc_v1/software/standalone/spiWriteFlashDemo
Not found: /home/olle/efinity_p2/BRAM/embedded_sw/micro_risc_v1/software/standalone/userInterruptDemo
Not found: /home/olle/efinity_p2/BRAM/embedded_sw/micro_risc_v1/software/standalone/coreTimerInterruptDemo
Not found: /home/olle/efinity_p2/BRAM/embedded_sw/micro_risc_v1/software/standalone/dCacheFlushDemo
Not found: /home/olle/efinity_p2/BRAM/embedded_sw/micro_risc_v1/software/standalone/iCacheFlashDemo
Not found: /home/olle/efinity_p2/BRAM/embedded_sw/micro_risc_v1/software/standalone/nestedInterruptDemo
Not found: /home/olle/efinity_p2/BRAM/embedded_sw/micro_risc_v1/software/standalone/compatibilityDemo
Not found: /home/olle/efinity_p2/BRAM/embedded_sw/micro_risc_v1/software/standalone/i2cDemo
Not found: /home/olle/efinity_p2/BRAM/embedded_sw/micro_risc_v1/software/standalone/i2cMasterDemo
Not found: /home/olle/efinity_p2/BRAM/embedded_sw/micro_risc_v1/software/standalone/inlineAsmDemo
Not found: /home/olle/efinity_p2/BRAM/embedded_sw/micro_risc_v1/software/standalone/openocdServer
Not found: /home/olle/efinity_p2/BRAM/embedded_sw/micro_risc_v1/software/standalone/smpDemo
Not found: /home/olle/efinity_p2/BRAM/embedded_sw/micro_risc_v1/software/standalone/fpuDemo
Not found: /home/olle/efinity_p2/BRAM/embedded_sw/micro_risc_v1/software/standalone/uartInterruptDemo
Not found: /home/olle/efinity_p2/BRAM/embedded_sw/micro_risc_v1/software/standalone/gpioDemo
Not found: /home/olle/efinity_p2/BRAM/embedded_sw/micro_risc_v1/software/standalone/axi4Demo
Not found: /home/olle/efinity_p2/BRAM/embedded_sw/micro_risc_v1/software/standalone/userTimerDemo
Not found: /home/olle/efinity_p2/BRAM/embedded_sw/micro_risc_v1/software/standalone/uartEchoDemo
Not found: /home/olle/efinity_p2/BRAM/embedded_sw/micro_risc_v1/software/standalone/spiDemo
Not found: /home/olle/efinity_p2/BRAM/embedded_sw/micro_risc_v1/software/standalone/customInstructionDemo
Not found: /home/olle/efinity_p2/BRAM/embedded_sw/micro_risc_v1/software/standalone/memTest
Not found: /home/olle/efinity_p2/BRAM/embedded_sw/micro_risc_v1/software/standalone/dhrystone
Not found: /home/olle/efinity_p2/BRAM/embedded_sw/micro_risc_v1/software/standalone/freertosDemo2
Not found: /home/olle/efinity_p2/BRAM/embedded_sw/micro_risc_v1/software/standalone/freertosUartInterruptDemo
Not found: /home/olle/efinity_p2/BRAM/embedded_sw/micro_risc_v1/software/standalone/i2cEepromDemo
Not found: /home/olle/efinity_p2/BRAM/embedded_sw/micro_risc_v1/software/standalone/i2cSlaveDemo
Not found: /home/olle/efinity_p2/BRAM/embedded_sw/micro_risc_v1/software/standalone/iCacheFlushDemo
Not found: /home/olle/efinity_p2/BRAM/embedded_sw/micro_risc_v1/software/standalone/semihostingDemo
Not found: /home/olle/efinity_p2/BRAM/embedded_sw/micro_risc_v1/software/standalone/watchdogDemo
Not found: /home/olle/efinity_p2/BRAM/embedded_sw/micro_risc_v1/software/freeRTOS/coremark
Not found: /home/olle/efinity_p2/BRAM/embedded_sw/micro_risc_v1/software/freeRTOS/apb3Demo
Not found: /home/olle/efinity_p2/BRAM/embedded_sw/micro_risc_v1/software/freeRTOS/axi4Demo
Not found: /home/olle/efinity_p2/BRAM/embedded_sw/micro_risc_v1/software/freeRTOS/semihosting
Not found: /home/olle/efinity_p2/BRAM/embedded_sw/micro_risc_v1/software/freeRTOS/spiReadFlashDemo
Not found: /home/olle/efinity_p2/BRAM/embedded_sw/micro_risc_v1/software/freeRTOS/spiWriteFlashDemo
Not found: /home/olle/efinity_p2/BRAM/embedded_sw/micro_risc_v1/software/freeRTOS/userInterruptDemo
Not found: /home/olle/efinity_p2/BRAM/embedded_sw/micro_risc_v1/software/freeRTOS/coreTimerInterruptDemo
Not found: /home/olle/efinity_p2/BRAM/embedded_sw/micro_risc_v1/software/freeRTOS/dCacheFlushDemo
Not found: /home/olle/efinity_p2/BRAM/embedded_sw/micro_risc_v1/software/freeRTOS/iCacheFlashDemo
Not found: /home/olle/efinity_p2/BRAM/embedded_sw/micro_risc_v1/software/freeRTOS/nestedInterruptDemo
Not found: /home/olle/efinity_p2/BRAM/embedded_sw/micro_risc_v1/software/freeRTOS/compatibilityDemo
Not found: /home/olle/efinity_p2/BRAM/embedded_sw/micro_risc_v1/software/freeRTOS/i2cDemo
Not found: /home/olle/efinity_p2/BRAM/embedded_sw/micro_risc_v1/software/freeRTOS/i2cMasterDemo
Not found: /home/olle/efinity_p2/BRAM/embedded_sw/micro_risc_v1/software/freeRTOS/inlineAsmDemo
Not found: /home/olle/efinity_p2/BRAM/embedded_sw/micro_risc_v1/software/freeRTOS/openocdServer
Not found: /home/olle/efinity_p2/BRAM/embedded_sw/micro_risc_v1/software/freeRTOS/smpDemo
Not found: /home/olle/efinity_p2/BRAM/embedded_sw/micro_risc_v1/software/freeRTOS/fpuDemo
Not found: /home/olle/efinity_p2/BRAM/embedded_sw/micro_risc_v1/software/freeRTOS/uartInterruptDemo
Not found: /home/olle/efinity_p2/BRAM/embedded_sw/micro_risc_v1/software/freeRTOS/gpioDemo
Not found: /home/olle/efinity_p2/BRAM/embedded_sw/micro_risc_v1/software/freeRTOS/axi4Demo
Not found: /home/olle/efinity_p2/BRAM/embedded_sw/micro_risc_v1/software/freeRTOS/userTimerDemo
Not found: /home/olle/efinity_p2/BRAM/embedded_sw/micro_risc_v1/software/freeRTOS/uartEchoDemo
Not found: /home/olle/efinity_p2/BRAM/embedded_sw/micro_risc_v1/software/freeRTOS/spiDemo
Not found: /home/olle/efinity_p2/BRAM/embedded_sw/micro_risc_v1/software/freeRTOS/customInstructionDemo
Not found: /home/olle/efinity_p2/BRAM/embedded_sw/micro_risc_v1/software/freeRTOS/memTest
Not found: /home/olle/efinity_p2/BRAM/embedded_sw/micro_risc_v1/software/freeRTOS/dhrystone
Not found: /home/olle/efinity_p2/BRAM/embedded_sw/micro_risc_v1/software/freeRTOS/freertosDemo2
Not found: /home/olle/efinity_p2/BRAM/embedded_sw/micro_risc_v1/software/freeRTOS/freertosUartInterruptDemo
Not found: /home/olle/efinity_p2/BRAM/embedded_sw/micro_risc_v1/software/freeRTOS/i2cEepromDemo
Not found: /home/olle/efinity_p2/BRAM/embedded_sw/micro_risc_v1/software/freeRTOS/i2cSlaveDemo
Not found: /home/olle/efinity_p2/BRAM/embedded_sw/micro_risc_v1/software/freeRTOS/iCacheFlushDemo
Not found: /home/olle/efinity_p2/BRAM/embedded_sw/micro_risc_v1/software/freeRTOS/semihostingDemo
Not found: /home/olle/efinity_p2/BRAM/embedded_sw/micro_risc_v1/software/freeRTOS/watchdogDemo
Not found: /home/olle/efinity_p2/BRAM/embedded_sw/micro_risc_v1/software/standalone/makefile
Not found: /home/olle/efinity_p2/BRAM/embedded_sw/micro_risc_v1/software/standalone/apb3_cl.h
Not found: /home/olle/efinity_p2/BRAM/embedded_sw/micro_risc_v1/software/standalone/clint.h
Not found: /home/olle/efinity_p2/BRAM/embedded_sw/micro_risc_v1/software/standalone/dmasg.h
Not found: /home/olle/efinity_p2/BRAM/embedded_sw/micro_risc_v1/software/standalone/efx_mmc_driver.h
Not found: /home/olle/efinity_p2/BRAM/embedded_sw/micro_risc_v1/software/standalone/efx_tse_mac.h
Not found: /home/olle/efinity_p2/BRAM/embedded_sw/micro_risc_v1/software/standalone/efx_tse_phy.h
Not found: /home/olle/efinity_p2/BRAM/embedded_sw/micro_risc_v1/software/standalone/gpio.h
Not found: /home/olle/efinity_p2/BRAM/embedded_sw/micro_risc_v1/software/standalone/i2c.h
Not found: /home/olle/efinity_p2/BRAM/embedded_sw/micro_risc_v1/software/standalone/io.h
Not found: /home/olle/efinity_p2/BRAM/embedded_sw/micro_risc_v1/software/standalone/mmc.h
Not found: /home/olle/efinity_p2/BRAM/embedded_sw/micro_risc_v1/software/standalone/plic.h
Not found: /home/olle/efinity_p2/BRAM/embedded_sw/micro_risc_v1/software/standalone/prescaler.h
Not found: /home/olle/efinity_p2/BRAM/embedded_sw/micro_risc_v1/software/standalone/riscv.h
Not found: /home/olle/efinity_p2/BRAM/embedded_sw/micro_risc_v1/software/standalone/spi.h
Not found: /home/olle/efinity_p2/BRAM/embedded_sw/micro_risc_v1/software/standalone/spiFlash.h
Not found: /home/olle/efinity_p2/BRAM/embedded_sw/micro_risc_v1/software/standalone/start.h
Not found: /home/olle/efinity_p2/BRAM/embedded_sw/micro_risc_v1/software/standalone/timer.h
Not found: /home/olle/efinity_p2/BRAM/embedded_sw/micro_risc_v1/software/standalone/type.h
Not found: /home/olle/efinity_p2/BRAM/embedded_sw/micro_risc_v1/software/standalone/uart.h
Not found: /home/olle/efinity_p2/BRAM/embedded_sw/micro_risc_v1/software/standalone/vexriscv.h
Not found: /home/olle/efinity_p2/BRAM/embedded_sw/micro_risc_v1/software/freeRTOS/driver/makefile
Not found: /home/olle/efinity_p2/BRAM/embedded_sw/micro_risc_v1/software/freeRTOS/driver/apb3_cl.h
Not found: /home/olle/efinity_p2/BRAM/embedded_sw/micro_risc_v1/software/freeRTOS/driver/clint.h
Not found: /home/olle/efinity_p2/BRAM/embedded_sw/micro_risc_v1/software/freeRTOS/driver/dmasg.h
Not found: /home/olle/efinity_p2/BRAM/embedded_sw/micro_risc_v1/software/freeRTOS/driver/efx_mmc_driver.h
Not found: /home/olle/efinity_p2/BRAM/embedded_sw/micro_risc_v1/software/freeRTOS/driver/efx_tse_mac.h
Not found: /home/olle/efinity_p2/BRAM/embedded_sw/micro_risc_v1/software/freeRTOS/driver/efx_tse_phy.h
Not found: /home/olle/efinity_p2/BRAM/embedded_sw/micro_risc_v1/software/freeRTOS/driver/gpio.h
Not found: /home/olle/efinity_p2/BRAM/embedded_sw/micro_risc_v1/software/freeRTOS/driver/i2c.h
Not found: /home/olle/efinity_p2/BRAM/embedded_sw/micro_risc_v1/software/freeRTOS/driver/io.h
Not found: /home/olle/efinity_p2/BRAM/embedded_sw/micro_risc_v1/software/freeRTOS/driver/mmc.h
Not found: /home/olle/efinity_p2/BRAM/embedded_sw/micro_risc_v1/software/freeRTOS/driver/plic.h
Not found: /home/olle/efinity_p2/BRAM/embedded_sw/micro_risc_v1/software/freeRTOS/driver/prescaler.h
Not found: /home/olle/efinity_p2/BRAM/embedded_sw/micro_risc_v1/software/freeRTOS/driver/riscv.h
Not found: /home/olle/efinity_p2/BRAM/embedded_sw/micro_risc_v1/software/freeRTOS/driver/spi.h
Not found: /home/olle/efinity_p2/BRAM/embedded_sw/micro_risc_v1/software/freeRTOS/driver/spiFlash.h
Not found: /home/olle/efinity_p2/BRAM/embedded_sw/micro_risc_v1/software/freeRTOS/driver/start.h
Not found: /home/olle/efinity_p2/BRAM/embedded_sw/micro_risc_v1/software/freeRTOS/driver/timer.h
Not found: /home/olle/efinity_p2/BRAM/embedded_sw/micro_risc_v1/software/freeRTOS/driver/type.h
Not found: /home/olle/efinity_p2/BRAM/embedded_sw/micro_risc_v1/software/freeRTOS/driver/uart.h
Not found: /home/olle/efinity_p2/BRAM/embedded_sw/micro_risc_v1/software/freeRTOS/driver/vexriscv.h

[2025-08-08 22:18:53] [INFO    ] [efx_ipmgr.builder] [id-1754684234] [BUILDER_INVOKE_BUILD_COMMAND-DONE] Build Command Execution: Success
[2025-08-08 22:18:53] [DEBUG   ] [efx_ipmgr.builder] [id-1754684234] [BUILDER_RUN] file_name = /home/olle/efinity_p2/BRAM/ip/micro_risc_v1/../micro_risc_v1/embedded_sw
[2025-08-08 22:18:53] [DEBUG   ] [efx_ipmgr.builder] [id-1754684234] [BUILDER_RUN] resolved_name = /home/olle/efinity_p2/BRAM/ip/micro_risc_v1/../micro_risc_v1/embedded_sw
[2025-08-08 22:18:53] [INFO    ] [efx_ipmgr.builder] [id-1754684234] [BUILDER-COPY] Copying file '/home/olle/efinix/efinity/2025.1/ipm/ip/efx_soc/efx_soc/fpga/soc.xml' to '/home/olle/efinity_p2/BRAM/ip/micro_risc_v1/T120F324_devkit'
[2025-08-08 22:18:53] [INFO    ] [efx_ipmgr.builder] [id-1754684234] [BUILDER-COPY] (('EfxSapphireSoc', 'micro_risc_v1'), ('EfxSapphireSoc_define.vh', 'micro_risc_v1_define.vh'), ('EfxSapphireSoc.v', 'micro_risc_v1.v'))
[2025-08-08 22:18:53] [DEBUG   ] [efx_ipmgr.builder] [id-1754684234] [BUILDER_RUN] command_str = ${EFINITY_PYTHON} ${IP_LIBRARY_ROOT}/efx_soc/efx_soc/fpga/soc_gen.py
[2025-08-08 22:18:53] [DEBUG   ] [efx_ipmgr.builder] [id-1754684234] [BUILDER_RUN] flags_str = --out_path ${IP_OUTPUT_PATH} --gen_name ${IP_GEN_MODULE} --parameters ${IP_USER_PARAMETERS}
[2025-08-08 22:18:53] [DEBUG   ] [efx_ipmgr.builder] [id-1754684234] [BUILDER_RUN] file = {'path': '${IP_GEN_MODULE}', 'copiedPath': '', 'fileType': 'pythonScript', 'workdir': '', 'isInternal': '', 'isPresent': 'True', 'isPresentDefault': 'True', 'command': '${EFINITY_PYTHON} ${IP_LIBRARY_ROOT}/efx_soc/efx_soc/fpga/soc_gen.py', 'flags': '--out_path ${IP_OUTPUT_PATH} --gen_name ${IP_GEN_MODULE} --parameters ${IP_USER_PARAMETERS}', 'targetName': '', 'name': PosixPath('/home/olle/efinity_p2/BRAM/ip/micro_risc_v1/T120F324_devkit/micro_risc_v1')}
[2025-08-08 22:18:53] [INFO    ] [efx_ipmgr.builder] [id-1754684234] [BUILDER_INVOKE_BUILD_COMMAND-BEGIN] Start build_command
[2025-08-08 22:18:53] [INFO    ] [efx_ipmgr.builder] [id-1754684234] [BUILDER_INVOKE_BUILD_COMMAND] CWD=/home/olle/efinity_p2/BRAM/
[2025-08-08 22:18:53] [INFO    ] [efx_ipmgr.builder] [id-1754684234] [BUILDER_INVOKE_BUILD_COMMAND] args: /home/olle/efinix/efinity/2025.1/bin/python3
/home/olle/efinix/efinity/2025.1/ipm/ip/efx_soc/efx_soc/fpga/soc_gen.py
--out_path
/home/olle/efinity_p2/BRAM/ip
--gen_name
micro_risc_v1
--parameters
HexFile_PathEnable="1"
HexFile_Path="embedded_sw/micro_risc_v1/software/standalone/blink_led/build/blink_led.hex"
APBSlave4_Size="65536"
APBSlave3_Size="65536"
APBSlave2_Size="65536"
APBSlave1_Size="65536"
APBSlave0_Size="65536"
DEVKIT_CUSTOM="sapphireBoard_rev0"
LDSize="124"
LDStackSize="4"
DEVKIT="0"
DEBUG="1"
IDE_SEL="0"
RISCV_DEBUG_PRIV="1"
HARD_BREAKPOINT="1"
SOFT_TAP="1"
TAP_MODE="0"
TAP_COUNT="2"
TAP_SEL="8"
Frequency="128"
PeriFrequencyEnable="0"
PeriFrequency="50"
APBSlave0_Addr="1048576"
APBSlave2_Addr="0"
APBSlave4_Addr="0"
UART2_FIFODEPTH="128"
UART2_INT_ID="3"
TEST="0"
APBSlave3_Addr="0"
I2C2_Addr="86016"
Base_AXIS="16777216"
Base_M_AXIS="3774873600"
APBSlave0="0"
Base_IM="4177526784"
APBSlave2="0"
Base_IO="4160749568"
Base_M_IO="4160749568"
Base_EM="4096"
APBSlave1_Addr="0"
APBSlave1="0"
APBSlave3="0"
USER_1_INTR_ID="17"
USER_1_INTR="0"
USER_0_INTR_ID="16"
USER_0_INTR="0"
USER_2_INTR="0"
USER_2_INTR_ID="22"
USER_3_INTR="0"
USER_3_INTR_ID="23"
USER_4_INTR="0"
USER_4_INTR_ID="24"
USER_5_INTR="0"
USER_5_INTR_ID="25"
USER_6_INTR="0"
USER_6_INTR_ID="26"
USER_7_INTR="0"
USER_7_INTR_ID="27"
APBSlave4="0"
CustomInstruction="0"
ATMEXT="0"
CMREXT="0"
FPEXT="1"
FPU="0"
LINUX="0"
ICACHEWAY="1"
DCACHEWAY="1"
CpuCount="1"
ICacheSize="4096"
DCacheSize="4096"
Cache="1"
ICache_EN="1"
DCache_EN="1"
DDR="0"
DDR_AXI4="0"
DDRWidth="128"
DDR_IdWidth="8"
DDRSize="3758096384"
OCRSize="8192"
AXISlave="0"
AXISlaveSize="16777216"
GPIO1_Addr="86016"
GPIO0_Addr="86016"
GPIO1_INT_ID1="15"
GPIO1_INT_ID0="14"
GPIO0_INT_ID1="13"
GPIO0_INT_ID0="1"
GPIO0="1"
GPIO0Width="1"
GPIO1Width="8"
GPIO1="0"
UART0_FIFODEPTH="64"
UART0_INT_ID="2"
UART0_Addr="65536"
IOSize="4096"
UART0_M_Addr="4096"
UART1_M_Addr="8192"
UART2_M_Addr="12288"
SPI0_M_Addr="24576"
SPI1_M_Addr="16384"
SPI2_M_Addr="20480"
I2C0_M_Addr="40960"
I2C1_M_Addr="45056"
I2C2_M_Addr="49152"
GPIO0_M_Addr="53248"
GPIO1_M_Addr="57344"
APBSlave0_M_Addr="1048576"
APBSlave1_M_Addr="2097152"
APBSlave2_M_Addr="3145728"
APBSlave3_M_Addr="4194304"
APBSlave4_M_Addr="5242880"
UART0="1"
UART2_Addr="86016"
UART2="0"
UART1_FIFODEPTH="128"
UART1_INT_ID="2"
UART1_Addr="86016"
UART1="0"
SPI2="0"
SPI2DW="8"
SPI2SS="1"
SPI2_FIFODEPTH="256"
SPI1_INT_ID="5"
SPI1="0"
SPI1DW="8"
SPI1SS="1"
SPI1_FIFODEPTH="256"
SPI0_INT_ID="4"
SPI0_Addr="81920"
SPI0="0"
SPI0DW="8"
SPI0SS="1"
SPI0_FIFODEPTH="256"
I2C2_INT_ID="10"
ADDR_Scheme="0"
I2C2="0"
I2C1_Addr="86016"
I2C1="0"
SPI2_INT_ID="6"
SPI2_Addr="81920"
SPI1_Addr="81920"
I2C0_Addr="86016"
I2C1_INT_ID="9"
I2C0_INT_ID="8"
I2C0="0"
AXIMasterWidth_1="32"
AXIMaster_1="0"
AXIMasterWidth="32"
AXIMaster="1"
USER_TIMER0="0"
USER_TIMER0_CNT_WIDTH="12"
USER_TIMER0_PS_WIDTH="8"
USER_TIMER0_INT_ID="19"
USER_TIMER0_Addr="86016"
USER_TIMER0_M_Addr="61440"
USER_TIMER1="0"
USER_TIMER1_CNT_WIDTH="12"
USER_TIMER1_PS_WIDTH="8"
USER_TIMER1_INT_ID="20"
USER_TIMER1_Addr="86016"
USER_TIMER1_M_Addr="65536"
USER_TIMER2="0"
USER_TIMER2_CNT_WIDTH="12"
USER_TIMER2_PS_WIDTH="8"
USER_TIMER2_INT_ID="21"
USER_TIMER2_Addr="86016"
USER_TIMER2_M_Addr="69632"
WDT0="0"
WDT0_PS_WIDTH="24"
WDT0_TIMER_WIDTH="16"
WDT0_Addr="86016"
WDT0_M_Addr="73728"
WDT0_INT_ID="32"
RAM_OPT="0"
SOC_MODE="1"
MULDIV_EXT="0"
BARREL_SHIFTER="0"
REDUCED_CSR="1"
DDRCLK_DOMAIN="1"
DDR_OPT="1"
SW_REMOVED="0"
[2025-08-08 22:18:54] [INFO    ] [efx_ipmgr.builder] [id-1754684234] [BUILDER_INVOKE_BUILD_COMMAND] stdout: 
[2025-08-08 22:18:54] [INFO    ] [efx_ipmgr.builder] [id-1754684234] [BUILDER_INVOKE_BUILD_COMMAND-DONE] Build Command Execution: Success
[2025-08-08 22:18:54] [DEBUG   ] [efx_ipmgr.builder] [id-1754684234] [BUILDER_RUN] file_name = /home/olle/efinity_p2/BRAM/ip/micro_risc_v1/T120F324_devkit/micro_risc_v1
[2025-08-08 22:18:54] [DEBUG   ] [efx_ipmgr.builder] [id-1754684234] [BUILDER_RUN] resolved_name = /home/olle/efinity_p2/BRAM/ip/micro_risc_v1/T120F324_devkit/micro_risc_v1
[2025-08-08 22:18:54] [INFO    ] [efx_ipmgr.builder] [id-1754684234] [BUILDER-COPY] Copying file '/home/olle/efinix/efinity/2025.1/ipm/ip/efx_soc/efx_soc/fpga/design_modules.v' to '/home/olle/efinity_p2/BRAM/ip/micro_risc_v1/T120F324_devkit'
[2025-08-08 22:18:54] [INFO    ] [efx_ipmgr.builder] [id-1754684234] [BUILDER-COPY] (('EfxSapphireSoc', 'micro_risc_v1'), ('EfxSapphireSoc_define.vh', 'micro_risc_v1_define.vh'), ('EfxSapphireSoc.v', 'micro_risc_v1.v'))
[2025-08-08 22:18:54] [INFO    ] [efx_ipmgr.builder] [id-1754684234] [BUILDER-COPY] Copying file '/home/olle/efinix/efinity/2025.1/ipm/ip/efx_soc/efx_soc/fpga/ddr_reset_sequencer.v' to '/home/olle/efinity_p2/BRAM/ip/micro_risc_v1/T120F324_devkit'
[2025-08-08 22:18:54] [INFO    ] [efx_ipmgr.builder] [id-1754684234] [BUILDER-COPY] (('EfxSapphireSoc', 'micro_risc_v1'), ('EfxSapphireSoc_define.vh', 'micro_risc_v1_define.vh'), ('EfxSapphireSoc.v', 'micro_risc_v1.v'))
[2025-08-08 22:18:54] [INFO    ] [efx_ipmgr.builder] [id-1754684234] [BUILDER-COPY] Copying file '/home/olle/efinix/efinity/2025.1/ipm/ip/efx_soc/efx_soc/fpga/soc.hex' to '/home/olle/efinity_p2/BRAM/ip/micro_risc_v1/T120F324_devkit'
[2025-08-08 22:18:54] [INFO    ] [efx_ipmgr.builder] [id-1754684234] [BUILDER-COPY] (('EfxSapphireSoc', 'micro_risc_v1'), ('EfxSapphireSoc_define.vh', 'micro_risc_v1_define.vh'), ('EfxSapphireSoc.v', 'micro_risc_v1.v'))
[2025-08-08 22:18:55] [INFO    ] [efx_ipmgr.builder] [id-1754684234] [BUILDER-COPY] Copying file '/home/olle/efinity_p2/BRAM/ip/micro_risc_v1/micro_risc_v1.v' to '/home/olle/efinity_p2/BRAM/ip/micro_risc_v1/T120F324_devkit'
[2025-08-08 22:18:55] [INFO    ] [efx_ipmgr.builder] [id-1754684234] [BUILDER-COPY] (('EfxSapphireSoc', 'micro_risc_v1'), ('EfxSapphireSoc_define.vh', 'micro_risc_v1_define.vh'), ('EfxSapphireSoc.v', 'micro_risc_v1.v'))
[2025-08-08 22:18:55] [INFO    ] [efx_ipmgr.builder] [id-1754684234] [BUILDER-COPY] Copying file '/home/olle/efinity_p2/BRAM/ip/micro_risc_v1/micro_risc_v1_define.vh' to '/home/olle/efinity_p2/BRAM/ip/micro_risc_v1/T120F324_devkit'
[2025-08-08 22:18:55] [INFO    ] [efx_ipmgr.builder] [id-1754684234] [BUILDER-COPY] (('EfxSapphireSoc', 'micro_risc_v1'), ('EfxSapphireSoc_define.vh', 'micro_risc_v1_define.vh'), ('EfxSapphireSoc.v', 'micro_risc_v1.v'))
[2025-08-08 22:18:55] [INFO    ] [efx_ipmgr.builder] [id-1754684234] [BUILDER-COPY] Copying file '/home/olle/efinix/efinity/2025.1/ipm/ip/efx_soc/efx_soc/fpga/fpga_ti/soc.xml' to '/home/olle/efinity_p2/BRAM/ip/micro_risc_v1/Ti60F225_devkit'
[2025-08-08 22:18:55] [INFO    ] [efx_ipmgr.builder] [id-1754684234] [BUILDER-COPY] (('EfxSapphireSoc', 'micro_risc_v1'), ('EfxSapphireSoc_define.vh', 'micro_risc_v1_define.vh'), ('EfxSapphireSoc.v', 'micro_risc_v1.v'))
[2025-08-08 22:18:55] [DEBUG   ] [efx_ipmgr.builder] [id-1754684234] [BUILDER_RUN] command_str = ${EFINITY_PYTHON} ${IP_LIBRARY_ROOT}/efx_soc/efx_soc/fpga/fpga_ti/soc_gen.py
[2025-08-08 22:18:55] [DEBUG   ] [efx_ipmgr.builder] [id-1754684234] [BUILDER_RUN] flags_str = --out_path ${IP_OUTPUT_PATH} --gen_name ${IP_GEN_MODULE} --parameters ${IP_USER_PARAMETERS}
[2025-08-08 22:18:55] [DEBUG   ] [efx_ipmgr.builder] [id-1754684234] [BUILDER_RUN] file = {'path': '${IP_GEN_MODULE}', 'copiedPath': '', 'fileType': 'pythonScript', 'workdir': '', 'isInternal': '', 'isPresent': 'True', 'isPresentDefault': 'True', 'command': '${EFINITY_PYTHON} ${IP_LIBRARY_ROOT}/efx_soc/efx_soc/fpga/fpga_ti/soc_gen.py', 'flags': '--out_path ${IP_OUTPUT_PATH} --gen_name ${IP_GEN_MODULE} --parameters ${IP_USER_PARAMETERS}', 'targetName': '', 'name': PosixPath('/home/olle/efinity_p2/BRAM/ip/micro_risc_v1/Ti60F225_devkit/micro_risc_v1')}
[2025-08-08 22:18:55] [INFO    ] [efx_ipmgr.builder] [id-1754684234] [BUILDER_INVOKE_BUILD_COMMAND-BEGIN] Start build_command
[2025-08-08 22:18:55] [INFO    ] [efx_ipmgr.builder] [id-1754684234] [BUILDER_INVOKE_BUILD_COMMAND] CWD=/home/olle/efinity_p2/BRAM/
[2025-08-08 22:18:55] [INFO    ] [efx_ipmgr.builder] [id-1754684234] [BUILDER_INVOKE_BUILD_COMMAND] args: /home/olle/efinix/efinity/2025.1/bin/python3
/home/olle/efinix/efinity/2025.1/ipm/ip/efx_soc/efx_soc/fpga/fpga_ti/soc_gen.py
--out_path
/home/olle/efinity_p2/BRAM/ip
--gen_name
micro_risc_v1
--parameters
HexFile_PathEnable="1"
HexFile_Path="embedded_sw/micro_risc_v1/software/standalone/blink_led/build/blink_led.hex"
APBSlave4_Size="65536"
APBSlave3_Size="65536"
APBSlave2_Size="65536"
APBSlave1_Size="65536"
APBSlave0_Size="65536"
DEVKIT_CUSTOM="sapphireBoard_rev0"
LDSize="124"
LDStackSize="4"
DEVKIT="0"
DEBUG="1"
IDE_SEL="0"
RISCV_DEBUG_PRIV="1"
HARD_BREAKPOINT="1"
SOFT_TAP="1"
TAP_MODE="0"
TAP_COUNT="2"
TAP_SEL="8"
Frequency="128"
PeriFrequencyEnable="0"
PeriFrequency="50"
APBSlave0_Addr="1048576"
APBSlave2_Addr="0"
APBSlave4_Addr="0"
UART2_FIFODEPTH="128"
UART2_INT_ID="3"
TEST="0"
APBSlave3_Addr="0"
I2C2_Addr="86016"
Base_AXIS="16777216"
Base_M_AXIS="3774873600"
APBSlave0="0"
Base_IM="4177526784"
APBSlave2="0"
Base_IO="4160749568"
Base_M_IO="4160749568"
Base_EM="4096"
APBSlave1_Addr="0"
APBSlave1="0"
APBSlave3="0"
USER_1_INTR_ID="17"
USER_1_INTR="0"
USER_0_INTR_ID="16"
USER_0_INTR="0"
USER_2_INTR="0"
USER_2_INTR_ID="22"
USER_3_INTR="0"
USER_3_INTR_ID="23"
USER_4_INTR="0"
USER_4_INTR_ID="24"
USER_5_INTR="0"
USER_5_INTR_ID="25"
USER_6_INTR="0"
USER_6_INTR_ID="26"
USER_7_INTR="0"
USER_7_INTR_ID="27"
APBSlave4="0"
CustomInstruction="0"
ATMEXT="0"
CMREXT="0"
FPEXT="1"
FPU="0"
LINUX="0"
ICACHEWAY="1"
DCACHEWAY="1"
CpuCount="1"
ICacheSize="4096"
DCacheSize="4096"
Cache="1"
ICache_EN="1"
DCache_EN="1"
DDR="0"
DDR_AXI4="0"
DDRWidth="128"
DDR_IdWidth="8"
DDRSize="3758096384"
OCRSize="8192"
AXISlave="0"
AXISlaveSize="16777216"
GPIO1_Addr="86016"
GPIO0_Addr="86016"
GPIO1_INT_ID1="15"
GPIO1_INT_ID0="14"
GPIO0_INT_ID1="13"
GPIO0_INT_ID0="1"
GPIO0="1"
GPIO0Width="1"
GPIO1Width="8"
GPIO1="0"
UART0_FIFODEPTH="64"
UART0_INT_ID="2"
UART0_Addr="65536"
IOSize="4096"
UART0_M_Addr="4096"
UART1_M_Addr="8192"
UART2_M_Addr="12288"
SPI0_M_Addr="24576"
SPI1_M_Addr="16384"
SPI2_M_Addr="20480"
I2C0_M_Addr="40960"
I2C1_M_Addr="45056"
I2C2_M_Addr="49152"
GPIO0_M_Addr="53248"
GPIO1_M_Addr="57344"
APBSlave0_M_Addr="1048576"
APBSlave1_M_Addr="2097152"
APBSlave2_M_Addr="3145728"
APBSlave3_M_Addr="4194304"
APBSlave4_M_Addr="5242880"
UART0="1"
UART2_Addr="86016"
UART2="0"
UART1_FIFODEPTH="128"
UART1_INT_ID="2"
UART1_Addr="86016"
UART1="0"
SPI2="0"
SPI2DW="8"
SPI2SS="1"
SPI2_FIFODEPTH="256"
SPI1_INT_ID="5"
SPI1="0"
SPI1DW="8"
SPI1SS="1"
SPI1_FIFODEPTH="256"
SPI0_INT_ID="4"
SPI0_Addr="81920"
SPI0="0"
SPI0DW="8"
SPI0SS="1"
SPI0_FIFODEPTH="256"
I2C2_INT_ID="10"
ADDR_Scheme="0"
I2C2="0"
I2C1_Addr="86016"
I2C1="0"
SPI2_INT_ID="6"
SPI2_Addr="81920"
SPI1_Addr="81920"
I2C0_Addr="86016"
I2C1_INT_ID="9"
I2C0_INT_ID="8"
I2C0="0"
AXIMasterWidth_1="32"
AXIMaster_1="0"
AXIMasterWidth="32"
AXIMaster="1"
USER_TIMER0="0"
USER_TIMER0_CNT_WIDTH="12"
USER_TIMER0_PS_WIDTH="8"
USER_TIMER0_INT_ID="19"
USER_TIMER0_Addr="86016"
USER_TIMER0_M_Addr="61440"
USER_TIMER1="0"
USER_TIMER1_CNT_WIDTH="12"
USER_TIMER1_PS_WIDTH="8"
USER_TIMER1_INT_ID="20"
USER_TIMER1_Addr="86016"
USER_TIMER1_M_Addr="65536"
USER_TIMER2="0"
USER_TIMER2_CNT_WIDTH="12"
USER_TIMER2_PS_WIDTH="8"
USER_TIMER2_INT_ID="21"
USER_TIMER2_Addr="86016"
USER_TIMER2_M_Addr="69632"
WDT0="0"
WDT0_PS_WIDTH="24"
WDT0_TIMER_WIDTH="16"
WDT0_Addr="86016"
WDT0_M_Addr="73728"
WDT0_INT_ID="32"
RAM_OPT="0"
SOC_MODE="1"
MULDIV_EXT="0"
BARREL_SHIFTER="0"
REDUCED_CSR="1"
DDRCLK_DOMAIN="1"
DDR_OPT="1"
SW_REMOVED="0"
[2025-08-08 22:18:56] [INFO    ] [efx_ipmgr.builder] [id-1754684234] [BUILDER_INVOKE_BUILD_COMMAND] stdout: 
[2025-08-08 22:18:56] [INFO    ] [efx_ipmgr.builder] [id-1754684234] [BUILDER_INVOKE_BUILD_COMMAND-DONE] Build Command Execution: Success
[2025-08-08 22:18:56] [DEBUG   ] [efx_ipmgr.builder] [id-1754684234] [BUILDER_RUN] file_name = /home/olle/efinity_p2/BRAM/ip/micro_risc_v1/Ti60F225_devkit/micro_risc_v1
[2025-08-08 22:18:56] [DEBUG   ] [efx_ipmgr.builder] [id-1754684234] [BUILDER_RUN] resolved_name = /home/olle/efinity_p2/BRAM/ip/micro_risc_v1/Ti60F225_devkit/micro_risc_v1
[2025-08-08 22:18:56] [INFO    ] [efx_ipmgr.builder] [id-1754684234] [BUILDER-COPY] Copying file '/home/olle/efinix/efinity/2025.1/ipm/ip/efx_soc/efx_soc/fpga/fpga_ti/design_modules.v' to '/home/olle/efinity_p2/BRAM/ip/micro_risc_v1/Ti60F225_devkit'
[2025-08-08 22:18:56] [INFO    ] [efx_ipmgr.builder] [id-1754684234] [BUILDER-COPY] (('EfxSapphireSoc', 'micro_risc_v1'), ('EfxSapphireSoc_define.vh', 'micro_risc_v1_define.vh'), ('EfxSapphireSoc.v', 'micro_risc_v1.v'))
[2025-08-08 22:18:56] [INFO    ] [efx_ipmgr.builder] [id-1754684234] [BUILDER-COPY] Copying file '/home/olle/efinix/efinity/2025.1/ipm/ip/efx_soc/efx_soc/fpga/fpga_ti/hbram_top.v' to '/home/olle/efinity_p2/BRAM/ip/micro_risc_v1/Ti60F225_devkit'
[2025-08-08 22:18:56] [INFO    ] [efx_ipmgr.builder] [id-1754684234] [BUILDER-COPY] (('EfxSapphireSoc', 'micro_risc_v1'), ('EfxSapphireSoc_define.vh', 'micro_risc_v1_define.vh'), ('EfxSapphireSoc.v', 'micro_risc_v1.v'))
[2025-08-08 22:18:56] [INFO    ] [efx_ipmgr.builder] [id-1754684234] [BUILDER-COPY] Copying file '/home/olle/efinix/efinity/2025.1/ipm/ip/efx_soc/efx_soc/fpga/fpga_ti/hbram_top_define.vh' to '/home/olle/efinity_p2/BRAM/ip/micro_risc_v1/Ti60F225_devkit'
[2025-08-08 22:18:56] [INFO    ] [efx_ipmgr.builder] [id-1754684234] [BUILDER-COPY] (('EfxSapphireSoc', 'micro_risc_v1'), ('EfxSapphireSoc_define.vh', 'micro_risc_v1_define.vh'), ('EfxSapphireSoc.v', 'micro_risc_v1.v'))
[2025-08-08 22:18:56] [INFO    ] [efx_ipmgr.builder] [id-1754684234] [BUILDER-COPY] Copying file '/home/olle/efinix/efinity/2025.1/ipm/ip/efx_soc/efx_soc/fpga/fpga_ti/soc.hex' to '/home/olle/efinity_p2/BRAM/ip/micro_risc_v1/Ti60F225_devkit'
[2025-08-08 22:18:56] [INFO    ] [efx_ipmgr.builder] [id-1754684234] [BUILDER-COPY] (('EfxSapphireSoc', 'micro_risc_v1'), ('EfxSapphireSoc_define.vh', 'micro_risc_v1_define.vh'), ('EfxSapphireSoc.v', 'micro_risc_v1.v'))
[2025-08-08 22:18:56] [INFO    ] [efx_ipmgr.builder] [id-1754684234] [BUILDER-COPY] Copying file '/home/olle/efinity_p2/BRAM/ip/micro_risc_v1/micro_risc_v1.v' to '/home/olle/efinity_p2/BRAM/ip/micro_risc_v1/Ti60F225_devkit'
[2025-08-08 22:18:56] [INFO    ] [efx_ipmgr.builder] [id-1754684234] [BUILDER-COPY] (('EfxSapphireSoc', 'micro_risc_v1'), ('EfxSapphireSoc_define.vh', 'micro_risc_v1_define.vh'), ('EfxSapphireSoc.v', 'micro_risc_v1.v'))
[2025-08-08 22:18:56] [INFO    ] [efx_ipmgr.builder] [id-1754684234] [BUILDER-COPY] Copying file '/home/olle/efinity_p2/BRAM/ip/micro_risc_v1/micro_risc_v1_define.vh' to '/home/olle/efinity_p2/BRAM/ip/micro_risc_v1/Ti60F225_devkit'
[2025-08-08 22:18:56] [INFO    ] [efx_ipmgr.builder] [id-1754684234] [BUILDER-COPY] (('EfxSapphireSoc', 'micro_risc_v1'), ('EfxSapphireSoc_define.vh', 'micro_risc_v1_define.vh'), ('EfxSapphireSoc.v', 'micro_risc_v1.v'))
[2025-08-08 22:18:56] [INFO    ] [efx_ipmgr.builder] [id-1754684234] [BUILDER-COPY] Copying file '/home/olle/efinix/efinity/2025.1/ipm/ip/efx_soc/efx_soc/fpga/fpga_ti180/soc.xml' to '/home/olle/efinity_p2/BRAM/ip/micro_risc_v1/Ti180J484_devkit'
[2025-08-08 22:18:56] [INFO    ] [efx_ipmgr.builder] [id-1754684234] [BUILDER-COPY] (('EfxSapphireSoc', 'micro_risc_v1'), ('EfxSapphireSoc_define.vh', 'micro_risc_v1_define.vh'), ('EfxSapphireSoc.v', 'micro_risc_v1.v'))
[2025-08-08 22:18:56] [DEBUG   ] [efx_ipmgr.builder] [id-1754684234] [BUILDER_RUN] command_str = ${EFINITY_PYTHON} ${IP_LIBRARY_ROOT}/efx_soc/efx_soc/fpga/fpga_ti180/soc_gen.py
[2025-08-08 22:18:56] [DEBUG   ] [efx_ipmgr.builder] [id-1754684234] [BUILDER_RUN] flags_str = --out_path ${IP_OUTPUT_PATH} --gen_name ${IP_GEN_MODULE} --parameters ${IP_USER_PARAMETERS}
[2025-08-08 22:18:56] [DEBUG   ] [efx_ipmgr.builder] [id-1754684234] [BUILDER_RUN] file = {'path': '${IP_GEN_MODULE}', 'copiedPath': '', 'fileType': 'pythonScript', 'workdir': '', 'isInternal': '', 'isPresent': 'True', 'isPresentDefault': 'True', 'command': '${EFINITY_PYTHON} ${IP_LIBRARY_ROOT}/efx_soc/efx_soc/fpga/fpga_ti180/soc_gen.py', 'flags': '--out_path ${IP_OUTPUT_PATH} --gen_name ${IP_GEN_MODULE} --parameters ${IP_USER_PARAMETERS}', 'targetName': '', 'name': PosixPath('/home/olle/efinity_p2/BRAM/ip/micro_risc_v1/Ti180J484_devkit/micro_risc_v1')}
[2025-08-08 22:18:56] [INFO    ] [efx_ipmgr.builder] [id-1754684234] [BUILDER_INVOKE_BUILD_COMMAND-BEGIN] Start build_command
[2025-08-08 22:18:56] [INFO    ] [efx_ipmgr.builder] [id-1754684234] [BUILDER_INVOKE_BUILD_COMMAND] CWD=/home/olle/efinity_p2/BRAM/
[2025-08-08 22:18:56] [INFO    ] [efx_ipmgr.builder] [id-1754684234] [BUILDER_INVOKE_BUILD_COMMAND] args: /home/olle/efinix/efinity/2025.1/bin/python3
/home/olle/efinix/efinity/2025.1/ipm/ip/efx_soc/efx_soc/fpga/fpga_ti180/soc_gen.py
--out_path
/home/olle/efinity_p2/BRAM/ip
--gen_name
micro_risc_v1
--parameters
HexFile_PathEnable="1"
HexFile_Path="embedded_sw/micro_risc_v1/software/standalone/blink_led/build/blink_led.hex"
APBSlave4_Size="65536"
APBSlave3_Size="65536"
APBSlave2_Size="65536"
APBSlave1_Size="65536"
APBSlave0_Size="65536"
DEVKIT_CUSTOM="sapphireBoard_rev0"
LDSize="124"
LDStackSize="4"
DEVKIT="0"
DEBUG="1"
IDE_SEL="0"
RISCV_DEBUG_PRIV="1"
HARD_BREAKPOINT="1"
SOFT_TAP="1"
TAP_MODE="0"
TAP_COUNT="2"
TAP_SEL="8"
Frequency="128"
PeriFrequencyEnable="0"
PeriFrequency="50"
APBSlave0_Addr="1048576"
APBSlave2_Addr="0"
APBSlave4_Addr="0"
UART2_FIFODEPTH="128"
UART2_INT_ID="3"
TEST="0"
APBSlave3_Addr="0"
I2C2_Addr="86016"
Base_AXIS="16777216"
Base_M_AXIS="3774873600"
APBSlave0="0"
Base_IM="4177526784"
APBSlave2="0"
Base_IO="4160749568"
Base_M_IO="4160749568"
Base_EM="4096"
APBSlave1_Addr="0"
APBSlave1="0"
APBSlave3="0"
USER_1_INTR_ID="17"
USER_1_INTR="0"
USER_0_INTR_ID="16"
USER_0_INTR="0"
USER_2_INTR="0"
USER_2_INTR_ID="22"
USER_3_INTR="0"
USER_3_INTR_ID="23"
USER_4_INTR="0"
USER_4_INTR_ID="24"
USER_5_INTR="0"
USER_5_INTR_ID="25"
USER_6_INTR="0"
USER_6_INTR_ID="26"
USER_7_INTR="0"
USER_7_INTR_ID="27"
APBSlave4="0"
CustomInstruction="0"
ATMEXT="0"
CMREXT="0"
FPEXT="1"
FPU="0"
LINUX="0"
ICACHEWAY="1"
DCACHEWAY="1"
CpuCount="1"
ICacheSize="4096"
DCacheSize="4096"
Cache="1"
ICache_EN="1"
DCache_EN="1"
DDR="0"
DDR_AXI4="0"
DDRWidth="128"
DDR_IdWidth="8"
DDRSize="3758096384"
OCRSize="8192"
AXISlave="0"
AXISlaveSize="16777216"
GPIO1_Addr="86016"
GPIO0_Addr="86016"
GPIO1_INT_ID1="15"
GPIO1_INT_ID0="14"
GPIO0_INT_ID1="13"
GPIO0_INT_ID0="1"
GPIO0="1"
GPIO0Width="1"
GPIO1Width="8"
GPIO1="0"
UART0_FIFODEPTH="64"
UART0_INT_ID="2"
UART0_Addr="65536"
IOSize="4096"
UART0_M_Addr="4096"
UART1_M_Addr="8192"
UART2_M_Addr="12288"
SPI0_M_Addr="24576"
SPI1_M_Addr="16384"
SPI2_M_Addr="20480"
I2C0_M_Addr="40960"
I2C1_M_Addr="45056"
I2C2_M_Addr="49152"
GPIO0_M_Addr="53248"
GPIO1_M_Addr="57344"
APBSlave0_M_Addr="1048576"
APBSlave1_M_Addr="2097152"
APBSlave2_M_Addr="3145728"
APBSlave3_M_Addr="4194304"
APBSlave4_M_Addr="5242880"
UART0="1"
UART2_Addr="86016"
UART2="0"
UART1_FIFODEPTH="128"
UART1_INT_ID="2"
UART1_Addr="86016"
UART1="0"
SPI2="0"
SPI2DW="8"
SPI2SS="1"
SPI2_FIFODEPTH="256"
SPI1_INT_ID="5"
SPI1="0"
SPI1DW="8"
SPI1SS="1"
SPI1_FIFODEPTH="256"
SPI0_INT_ID="4"
SPI0_Addr="81920"
SPI0="0"
SPI0DW="8"
SPI0SS="1"
SPI0_FIFODEPTH="256"
I2C2_INT_ID="10"
ADDR_Scheme="0"
I2C2="0"
I2C1_Addr="86016"
I2C1="0"
SPI2_INT_ID="6"
SPI2_Addr="81920"
SPI1_Addr="81920"
I2C0_Addr="86016"
I2C1_INT_ID="9"
I2C0_INT_ID="8"
I2C0="0"
AXIMasterWidth_1="32"
AXIMaster_1="0"
AXIMasterWidth="32"
AXIMaster="1"
USER_TIMER0="0"
USER_TIMER0_CNT_WIDTH="12"
USER_TIMER0_PS_WIDTH="8"
USER_TIMER0_INT_ID="19"
USER_TIMER0_Addr="86016"
USER_TIMER0_M_Addr="61440"
USER_TIMER1="0"
USER_TIMER1_CNT_WIDTH="12"
USER_TIMER1_PS_WIDTH="8"
USER_TIMER1_INT_ID="20"
USER_TIMER1_Addr="86016"
USER_TIMER1_M_Addr="65536"
USER_TIMER2="0"
USER_TIMER2_CNT_WIDTH="12"
USER_TIMER2_PS_WIDTH="8"
USER_TIMER2_INT_ID="21"
USER_TIMER2_Addr="86016"
USER_TIMER2_M_Addr="69632"
WDT0="0"
WDT0_PS_WIDTH="24"
WDT0_TIMER_WIDTH="16"
WDT0_Addr="86016"
WDT0_M_Addr="73728"
WDT0_INT_ID="32"
RAM_OPT="0"
SOC_MODE="1"
MULDIV_EXT="0"
BARREL_SHIFTER="0"
REDUCED_CSR="1"
DDRCLK_DOMAIN="1"
DDR_OPT="1"
SW_REMOVED="0"
[2025-08-08 22:18:56] [INFO    ] [efx_ipmgr.builder] [id-1754684234] [BUILDER_INVOKE_BUILD_COMMAND] stdout: 
[2025-08-08 22:18:56] [INFO    ] [efx_ipmgr.builder] [id-1754684234] [BUILDER_INVOKE_BUILD_COMMAND-DONE] Build Command Execution: Success
[2025-08-08 22:18:56] [DEBUG   ] [efx_ipmgr.builder] [id-1754684234] [BUILDER_RUN] file_name = /home/olle/efinity_p2/BRAM/ip/micro_risc_v1/Ti180J484_devkit/micro_risc_v1
[2025-08-08 22:18:56] [DEBUG   ] [efx_ipmgr.builder] [id-1754684234] [BUILDER_RUN] resolved_name = /home/olle/efinity_p2/BRAM/ip/micro_risc_v1/Ti180J484_devkit/micro_risc_v1
[2025-08-08 22:18:56] [INFO    ] [efx_ipmgr.builder] [id-1754684234] [BUILDER-COPY] Copying file '/home/olle/efinix/efinity/2025.1/ipm/ip/efx_soc/efx_soc/fpga/fpga_ti180/design_modules.v' to '/home/olle/efinity_p2/BRAM/ip/micro_risc_v1/Ti180J484_devkit'
[2025-08-08 22:18:56] [INFO    ] [efx_ipmgr.builder] [id-1754684234] [BUILDER-COPY] (('EfxSapphireSoc', 'micro_risc_v1'), ('EfxSapphireSoc_define.vh', 'micro_risc_v1_define.vh'), ('EfxSapphireSoc.v', 'micro_risc_v1.v'))
[2025-08-08 22:18:56] [INFO    ] [efx_ipmgr.builder] [id-1754684234] [BUILDER-COPY] Copying file '/home/olle/efinity_p2/BRAM/ip/micro_risc_v1/micro_risc_v1.v' to '/home/olle/efinity_p2/BRAM/ip/micro_risc_v1/Ti180J484_devkit'
[2025-08-08 22:18:56] [INFO    ] [efx_ipmgr.builder] [id-1754684234] [BUILDER-COPY] (('EfxSapphireSoc', 'micro_risc_v1'), ('EfxSapphireSoc_define.vh', 'micro_risc_v1_define.vh'), ('EfxSapphireSoc.v', 'micro_risc_v1.v'))
[2025-08-08 22:18:56] [INFO    ] [efx_ipmgr.builder] [id-1754684234] [BUILDER-COPY] Copying file '/home/olle/efinity_p2/BRAM/ip/micro_risc_v1/micro_risc_v1_define.vh' to '/home/olle/efinity_p2/BRAM/ip/micro_risc_v1/Ti180J484_devkit'
[2025-08-08 22:18:56] [INFO    ] [efx_ipmgr.builder] [id-1754684234] [BUILDER-COPY] (('EfxSapphireSoc', 'micro_risc_v1'), ('EfxSapphireSoc_define.vh', 'micro_risc_v1_define.vh'), ('EfxSapphireSoc.v', 'micro_risc_v1.v'))
[2025-08-08 22:18:56] [INFO    ] [efx_ipmgr.builder] [id-1754684234] [BUILDER-COPY] Copying file '/home/olle/efinix/efinity/2025.1/ipm/ip/efx_soc/efx_soc/fpga/fpga_tz170/soc.xml' to '/home/olle/efinity_p2/BRAM/ip/micro_risc_v1/Tz170J484_devkit'
[2025-08-08 22:18:56] [INFO    ] [efx_ipmgr.builder] [id-1754684234] [BUILDER-COPY] (('EfxSapphireSoc', 'micro_risc_v1'), ('EfxSapphireSoc_define.vh', 'micro_risc_v1_define.vh'), ('EfxSapphireSoc.v', 'micro_risc_v1.v'))
[2025-08-08 22:18:56] [DEBUG   ] [efx_ipmgr.builder] [id-1754684234] [BUILDER_RUN] command_str = ${EFINITY_PYTHON} ${IP_LIBRARY_ROOT}/efx_soc/efx_soc/fpga/fpga_tz170/soc_gen.py
[2025-08-08 22:18:56] [DEBUG   ] [efx_ipmgr.builder] [id-1754684234] [BUILDER_RUN] flags_str = --out_path ${IP_OUTPUT_PATH} --gen_name ${IP_GEN_MODULE} --parameters ${IP_USER_PARAMETERS}
[2025-08-08 22:18:56] [DEBUG   ] [efx_ipmgr.builder] [id-1754684234] [BUILDER_RUN] file = {'path': '${IP_GEN_MODULE}', 'copiedPath': '', 'fileType': 'pythonScript', 'workdir': '', 'isInternal': '', 'isPresent': 'True', 'isPresentDefault': 'True', 'command': '${EFINITY_PYTHON} ${IP_LIBRARY_ROOT}/efx_soc/efx_soc/fpga/fpga_tz170/soc_gen.py', 'flags': '--out_path ${IP_OUTPUT_PATH} --gen_name ${IP_GEN_MODULE} --parameters ${IP_USER_PARAMETERS}', 'targetName': '', 'name': PosixPath('/home/olle/efinity_p2/BRAM/ip/micro_risc_v1/Tz170J484_devkit/micro_risc_v1')}
[2025-08-08 22:18:56] [INFO    ] [efx_ipmgr.builder] [id-1754684234] [BUILDER_INVOKE_BUILD_COMMAND-BEGIN] Start build_command
[2025-08-08 22:18:56] [INFO    ] [efx_ipmgr.builder] [id-1754684234] [BUILDER_INVOKE_BUILD_COMMAND] CWD=/home/olle/efinity_p2/BRAM/
[2025-08-08 22:18:56] [INFO    ] [efx_ipmgr.builder] [id-1754684234] [BUILDER_INVOKE_BUILD_COMMAND] args: /home/olle/efinix/efinity/2025.1/bin/python3
/home/olle/efinix/efinity/2025.1/ipm/ip/efx_soc/efx_soc/fpga/fpga_tz170/soc_gen.py
--out_path
/home/olle/efinity_p2/BRAM/ip
--gen_name
micro_risc_v1
--parameters
HexFile_PathEnable="1"
HexFile_Path="embedded_sw/micro_risc_v1/software/standalone/blink_led/build/blink_led.hex"
APBSlave4_Size="65536"
APBSlave3_Size="65536"
APBSlave2_Size="65536"
APBSlave1_Size="65536"
APBSlave0_Size="65536"
DEVKIT_CUSTOM="sapphireBoard_rev0"
LDSize="124"
LDStackSize="4"
DEVKIT="0"
DEBUG="1"
IDE_SEL="0"
RISCV_DEBUG_PRIV="1"
HARD_BREAKPOINT="1"
SOFT_TAP="1"
TAP_MODE="0"
TAP_COUNT="2"
TAP_SEL="8"
Frequency="128"
PeriFrequencyEnable="0"
PeriFrequency="50"
APBSlave0_Addr="1048576"
APBSlave2_Addr="0"
APBSlave4_Addr="0"
UART2_FIFODEPTH="128"
UART2_INT_ID="3"
TEST="0"
APBSlave3_Addr="0"
I2C2_Addr="86016"
Base_AXIS="16777216"
Base_M_AXIS="3774873600"
APBSlave0="0"
Base_IM="4177526784"
APBSlave2="0"
Base_IO="4160749568"
Base_M_IO="4160749568"
Base_EM="4096"
APBSlave1_Addr="0"
APBSlave1="0"
APBSlave3="0"
USER_1_INTR_ID="17"
USER_1_INTR="0"
USER_0_INTR_ID="16"
USER_0_INTR="0"
USER_2_INTR="0"
USER_2_INTR_ID="22"
USER_3_INTR="0"
USER_3_INTR_ID="23"
USER_4_INTR="0"
USER_4_INTR_ID="24"
USER_5_INTR="0"
USER_5_INTR_ID="25"
USER_6_INTR="0"
USER_6_INTR_ID="26"
USER_7_INTR="0"
USER_7_INTR_ID="27"
APBSlave4="0"
CustomInstruction="0"
ATMEXT="0"
CMREXT="0"
FPEXT="1"
FPU="0"
LINUX="0"
ICACHEWAY="1"
DCACHEWAY="1"
CpuCount="1"
ICacheSize="4096"
DCacheSize="4096"
Cache="1"
ICache_EN="1"
DCache_EN="1"
DDR="0"
DDR_AXI4="0"
DDRWidth="128"
DDR_IdWidth="8"
DDRSize="3758096384"
OCRSize="8192"
AXISlave="0"
AXISlaveSize="16777216"
GPIO1_Addr="86016"
GPIO0_Addr="86016"
GPIO1_INT_ID1="15"
GPIO1_INT_ID0="14"
GPIO0_INT_ID1="13"
GPIO0_INT_ID0="1"
GPIO0="1"
GPIO0Width="1"
GPIO1Width="8"
GPIO1="0"
UART0_FIFODEPTH="64"
UART0_INT_ID="2"
UART0_Addr="65536"
IOSize="4096"
UART0_M_Addr="4096"
UART1_M_Addr="8192"
UART2_M_Addr="12288"
SPI0_M_Addr="24576"
SPI1_M_Addr="16384"
SPI2_M_Addr="20480"
I2C0_M_Addr="40960"
I2C1_M_Addr="45056"
I2C2_M_Addr="49152"
GPIO0_M_Addr="53248"
GPIO1_M_Addr="57344"
APBSlave0_M_Addr="1048576"
APBSlave1_M_Addr="2097152"
APBSlave2_M_Addr="3145728"
APBSlave3_M_Addr="4194304"
APBSlave4_M_Addr="5242880"
UART0="1"
UART2_Addr="86016"
UART2="0"
UART1_FIFODEPTH="128"
UART1_INT_ID="2"
UART1_Addr="86016"
UART1="0"
SPI2="0"
SPI2DW="8"
SPI2SS="1"
SPI2_FIFODEPTH="256"
SPI1_INT_ID="5"
SPI1="0"
SPI1DW="8"
SPI1SS="1"
SPI1_FIFODEPTH="256"
SPI0_INT_ID="4"
SPI0_Addr="81920"
SPI0="0"
SPI0DW="8"
SPI0SS="1"
SPI0_FIFODEPTH="256"
I2C2_INT_ID="10"
ADDR_Scheme="0"
I2C2="0"
I2C1_Addr="86016"
I2C1="0"
SPI2_INT_ID="6"
SPI2_Addr="81920"
SPI1_Addr="81920"
I2C0_Addr="86016"
I2C1_INT_ID="9"
I2C0_INT_ID="8"
I2C0="0"
AXIMasterWidth_1="32"
AXIMaster_1="0"
AXIMasterWidth="32"
AXIMaster="1"
USER_TIMER0="0"
USER_TIMER0_CNT_WIDTH="12"
USER_TIMER0_PS_WIDTH="8"
USER_TIMER0_INT_ID="19"
USER_TIMER0_Addr="86016"
USER_TIMER0_M_Addr="61440"
USER_TIMER1="0"
USER_TIMER1_CNT_WIDTH="12"
USER_TIMER1_PS_WIDTH="8"
USER_TIMER1_INT_ID="20"
USER_TIMER1_Addr="86016"
USER_TIMER1_M_Addr="65536"
USER_TIMER2="0"
USER_TIMER2_CNT_WIDTH="12"
USER_TIMER2_PS_WIDTH="8"
USER_TIMER2_INT_ID="21"
USER_TIMER2_Addr="86016"
USER_TIMER2_M_Addr="69632"
WDT0="0"
WDT0_PS_WIDTH="24"
WDT0_TIMER_WIDTH="16"
WDT0_Addr="86016"
WDT0_M_Addr="73728"
WDT0_INT_ID="32"
RAM_OPT="0"
SOC_MODE="1"
MULDIV_EXT="0"
BARREL_SHIFTER="0"
REDUCED_CSR="1"
DDRCLK_DOMAIN="1"
DDR_OPT="1"
SW_REMOVED="0"
[2025-08-08 22:18:57] [INFO    ] [efx_ipmgr.builder] [id-1754684234] [BUILDER_INVOKE_BUILD_COMMAND] stdout: 
[2025-08-08 22:18:57] [INFO    ] [efx_ipmgr.builder] [id-1754684234] [BUILDER_INVOKE_BUILD_COMMAND-DONE] Build Command Execution: Success
[2025-08-08 22:18:57] [DEBUG   ] [efx_ipmgr.builder] [id-1754684234] [BUILDER_RUN] file_name = /home/olle/efinity_p2/BRAM/ip/micro_risc_v1/Tz170J484_devkit/micro_risc_v1
[2025-08-08 22:18:57] [DEBUG   ] [efx_ipmgr.builder] [id-1754684234] [BUILDER_RUN] resolved_name = /home/olle/efinity_p2/BRAM/ip/micro_risc_v1/Tz170J484_devkit/micro_risc_v1
[2025-08-08 22:18:57] [INFO    ] [efx_ipmgr.builder] [id-1754684234] [BUILDER-COPY] Copying file '/home/olle/efinix/efinity/2025.1/ipm/ip/efx_soc/efx_soc/fpga/fpga_tz170/design_modules.v' to '/home/olle/efinity_p2/BRAM/ip/micro_risc_v1/Tz170J484_devkit'
[2025-08-08 22:18:57] [INFO    ] [efx_ipmgr.builder] [id-1754684234] [BUILDER-COPY] (('EfxSapphireSoc', 'micro_risc_v1'), ('EfxSapphireSoc_define.vh', 'micro_risc_v1_define.vh'), ('EfxSapphireSoc.v', 'micro_risc_v1.v'))
[2025-08-08 22:18:57] [INFO    ] [efx_ipmgr.builder] [id-1754684234] [BUILDER-COPY] Copying file '/home/olle/efinity_p2/BRAM/ip/micro_risc_v1/micro_risc_v1.v' to '/home/olle/efinity_p2/BRAM/ip/micro_risc_v1/Tz170J484_devkit'
[2025-08-08 22:18:57] [INFO    ] [efx_ipmgr.builder] [id-1754684234] [BUILDER-COPY] (('EfxSapphireSoc', 'micro_risc_v1'), ('EfxSapphireSoc_define.vh', 'micro_risc_v1_define.vh'), ('EfxSapphireSoc.v', 'micro_risc_v1.v'))
[2025-08-08 22:18:57] [INFO    ] [efx_ipmgr.builder] [id-1754684234] [BUILDER-COPY] Copying file '/home/olle/efinity_p2/BRAM/ip/micro_risc_v1/micro_risc_v1_define.vh' to '/home/olle/efinity_p2/BRAM/ip/micro_risc_v1/Tz170J484_devkit'
[2025-08-08 22:18:57] [INFO    ] [efx_ipmgr.builder] [id-1754684234] [BUILDER-COPY] (('EfxSapphireSoc', 'micro_risc_v1'), ('EfxSapphireSoc_define.vh', 'micro_risc_v1_define.vh'), ('EfxSapphireSoc.v', 'micro_risc_v1.v'))
[2025-08-08 22:18:57] [DEBUG   ] [efx_ipmgr.builder] [id-1754684234] [BUILDER_RUN] command_str = ${EFINITY_PYTHON} ${IP_LIBRARY_ROOT}/efx_soc/efx_soc/testbench/tb_gen.py
[2025-08-08 22:18:57] [DEBUG   ] [efx_ipmgr.builder] [id-1754684234] [BUILDER_RUN] flags_str = --out_path ${IP_OUTPUT_PATH} --gen_name ${IP_GEN_MODULE} --parameters ${IP_USER_PARAMETERS}
[2025-08-08 22:18:57] [DEBUG   ] [efx_ipmgr.builder] [id-1754684234] [BUILDER_RUN] file = {'path': '${IP_GEN_MODULE}1', 'copiedPath': '', 'fileType': 'pythonScript', 'workdir': '', 'isInternal': '', 'isPresent': 'True', 'isPresentDefault': 'True', 'command': '${EFINITY_PYTHON} ${IP_LIBRARY_ROOT}/efx_soc/efx_soc/testbench/tb_gen.py', 'flags': '--out_path ${IP_OUTPUT_PATH} --gen_name ${IP_GEN_MODULE} --parameters ${IP_USER_PARAMETERS}', 'targetName': '', 'name': PosixPath('/home/olle/efinity_p2/BRAM/ip/micro_risc_v1/Testbench/micro_risc_v11')}
[2025-08-08 22:18:57] [INFO    ] [efx_ipmgr.builder] [id-1754684234] [BUILDER_INVOKE_BUILD_COMMAND-BEGIN] Start build_command
[2025-08-08 22:18:57] [INFO    ] [efx_ipmgr.builder] [id-1754684234] [BUILDER_INVOKE_BUILD_COMMAND] CWD=/home/olle/efinity_p2/BRAM/
[2025-08-08 22:18:57] [INFO    ] [efx_ipmgr.builder] [id-1754684234] [BUILDER_INVOKE_BUILD_COMMAND] args: /home/olle/efinix/efinity/2025.1/bin/python3
/home/olle/efinix/efinity/2025.1/ipm/ip/efx_soc/efx_soc/testbench/tb_gen.py
--out_path
/home/olle/efinity_p2/BRAM/ip
--gen_name
micro_risc_v1
--parameters
HexFile_PathEnable="1"
HexFile_Path="embedded_sw/micro_risc_v1/software/standalone/blink_led/build/blink_led.hex"
APBSlave4_Size="65536"
APBSlave3_Size="65536"
APBSlave2_Size="65536"
APBSlave1_Size="65536"
APBSlave0_Size="65536"
DEVKIT_CUSTOM="sapphireBoard_rev0"
LDSize="124"
LDStackSize="4"
DEVKIT="0"
DEBUG="1"
IDE_SEL="0"
RISCV_DEBUG_PRIV="1"
HARD_BREAKPOINT="1"
SOFT_TAP="1"
TAP_MODE="0"
TAP_COUNT="2"
TAP_SEL="8"
Frequency="128"
PeriFrequencyEnable="0"
PeriFrequency="50"
APBSlave0_Addr="1048576"
APBSlave2_Addr="0"
APBSlave4_Addr="0"
UART2_FIFODEPTH="128"
UART2_INT_ID="3"
TEST="0"
APBSlave3_Addr="0"
I2C2_Addr="86016"
Base_AXIS="16777216"
Base_M_AXIS="3774873600"
APBSlave0="0"
Base_IM="4177526784"
APBSlave2="0"
Base_IO="4160749568"
Base_M_IO="4160749568"
Base_EM="4096"
APBSlave1_Addr="0"
APBSlave1="0"
APBSlave3="0"
USER_1_INTR_ID="17"
USER_1_INTR="0"
USER_0_INTR_ID="16"
USER_0_INTR="0"
USER_2_INTR="0"
USER_2_INTR_ID="22"
USER_3_INTR="0"
USER_3_INTR_ID="23"
USER_4_INTR="0"
USER_4_INTR_ID="24"
USER_5_INTR="0"
USER_5_INTR_ID="25"
USER_6_INTR="0"
USER_6_INTR_ID="26"
USER_7_INTR="0"
USER_7_INTR_ID="27"
APBSlave4="0"
CustomInstruction="0"
ATMEXT="0"
CMREXT="0"
FPEXT="1"
FPU="0"
LINUX="0"
ICACHEWAY="1"
DCACHEWAY="1"
CpuCount="1"
ICacheSize="4096"
DCacheSize="4096"
Cache="1"
ICache_EN="1"
DCache_EN="1"
DDR="0"
DDR_AXI4="0"
DDRWidth="128"
DDR_IdWidth="8"
DDRSize="3758096384"
OCRSize="8192"
AXISlave="0"
AXISlaveSize="16777216"
GPIO1_Addr="86016"
GPIO0_Addr="86016"
GPIO1_INT_ID1="15"
GPIO1_INT_ID0="14"
GPIO0_INT_ID1="13"
GPIO0_INT_ID0="1"
GPIO0="1"
GPIO0Width="1"
GPIO1Width="8"
GPIO1="0"
UART0_FIFODEPTH="64"
UART0_INT_ID="2"
UART0_Addr="65536"
IOSize="4096"
UART0_M_Addr="4096"
UART1_M_Addr="8192"
UART2_M_Addr="12288"
SPI0_M_Addr="24576"
SPI1_M_Addr="16384"
SPI2_M_Addr="20480"
I2C0_M_Addr="40960"
I2C1_M_Addr="45056"
I2C2_M_Addr="49152"
GPIO0_M_Addr="53248"
GPIO1_M_Addr="57344"
APBSlave0_M_Addr="1048576"
APBSlave1_M_Addr="2097152"
APBSlave2_M_Addr="3145728"
APBSlave3_M_Addr="4194304"
APBSlave4_M_Addr="5242880"
UART0="1"
UART2_Addr="86016"
UART2="0"
UART1_FIFODEPTH="128"
UART1_INT_ID="2"
UART1_Addr="86016"
UART1="0"
SPI2="0"
SPI2DW="8"
SPI2SS="1"
SPI2_FIFODEPTH="256"
SPI1_INT_ID="5"
SPI1="0"
SPI1DW="8"
SPI1SS="1"
SPI1_FIFODEPTH="256"
SPI0_INT_ID="4"
SPI0_Addr="81920"
SPI0="0"
SPI0DW="8"
SPI0SS="1"
SPI0_FIFODEPTH="256"
I2C2_INT_ID="10"
ADDR_Scheme="0"
I2C2="0"
I2C1_Addr="86016"
I2C1="0"
SPI2_INT_ID="6"
SPI2_Addr="81920"
SPI1_Addr="81920"
I2C0_Addr="86016"
I2C1_INT_ID="9"
I2C0_INT_ID="8"
I2C0="0"
AXIMasterWidth_1="32"
AXIMaster_1="0"
AXIMasterWidth="32"
AXIMaster="1"
USER_TIMER0="0"
USER_TIMER0_CNT_WIDTH="12"
USER_TIMER0_PS_WIDTH="8"
USER_TIMER0_INT_ID="19"
USER_TIMER0_Addr="86016"
USER_TIMER0_M_Addr="61440"
USER_TIMER1="0"
USER_TIMER1_CNT_WIDTH="12"
USER_TIMER1_PS_WIDTH="8"
USER_TIMER1_INT_ID="20"
USER_TIMER1_Addr="86016"
USER_TIMER1_M_Addr="65536"
USER_TIMER2="0"
USER_TIMER2_CNT_WIDTH="12"
USER_TIMER2_PS_WIDTH="8"
USER_TIMER2_INT_ID="21"
USER_TIMER2_Addr="86016"
USER_TIMER2_M_Addr="69632"
WDT0="0"
WDT0_PS_WIDTH="24"
WDT0_TIMER_WIDTH="16"
WDT0_Addr="86016"
WDT0_M_Addr="73728"
WDT0_INT_ID="32"
RAM_OPT="0"
SOC_MODE="1"
MULDIV_EXT="0"
BARREL_SHIFTER="0"
REDUCED_CSR="1"
DDRCLK_DOMAIN="1"
DDR_OPT="1"
SW_REMOVED="0"
[2025-08-08 22:18:57] [INFO    ] [efx_ipmgr.builder] [id-1754684234] [BUILDER_INVOKE_BUILD_COMMAND] stdout: 
[2025-08-08 22:18:57] [INFO    ] [efx_ipmgr.builder] [id-1754684234] [BUILDER_INVOKE_BUILD_COMMAND-DONE] Build Command Execution: Success
[2025-08-08 22:18:57] [DEBUG   ] [efx_ipmgr.builder] [id-1754684234] [BUILDER_RUN] file_name = /home/olle/efinity_p2/BRAM/ip/micro_risc_v1/Testbench/micro_risc_v11
[2025-08-08 22:18:57] [DEBUG   ] [efx_ipmgr.builder] [id-1754684234] [BUILDER_RUN] resolved_name = /home/olle/efinity_p2/BRAM/ip/micro_risc_v1/Testbench/micro_risc_v11
[2025-08-08 22:18:57] [DEBUG   ] [efx_ipmgr.builder] [id-1754684234] [BUILDER_RUN] command_str = ${EFINITY_PYTHON} ${IP_LIBRARY_ROOT}/efx_soc/efx_soc/testbench/soc_gen.py
[2025-08-08 22:18:57] [DEBUG   ] [efx_ipmgr.builder] [id-1754684234] [BUILDER_RUN] flags_str = --out_path ${IP_OUTPUT_PATH} --gen_name ${IP_GEN_MODULE} --parameters ${IP_USER_PARAMETERS}
[2025-08-08 22:18:57] [DEBUG   ] [efx_ipmgr.builder] [id-1754684234] [BUILDER_RUN] file = {'path': '${IP_GEN_MODULE}2', 'copiedPath': '', 'fileType': 'pythonScript', 'workdir': '', 'isInternal': '', 'isPresent': 'True', 'isPresentDefault': 'True', 'command': '${EFINITY_PYTHON} ${IP_LIBRARY_ROOT}/efx_soc/efx_soc/testbench/soc_gen.py', 'flags': '--out_path ${IP_OUTPUT_PATH} --gen_name ${IP_GEN_MODULE} --parameters ${IP_USER_PARAMETERS}', 'targetName': '', 'name': PosixPath('/home/olle/efinity_p2/BRAM/ip/micro_risc_v1/Testbench/micro_risc_v12')}
[2025-08-08 22:18:57] [INFO    ] [efx_ipmgr.builder] [id-1754684234] [BUILDER_INVOKE_BUILD_COMMAND-BEGIN] Start build_command
[2025-08-08 22:18:57] [INFO    ] [efx_ipmgr.builder] [id-1754684234] [BUILDER_INVOKE_BUILD_COMMAND] CWD=/home/olle/efinity_p2/BRAM/
[2025-08-08 22:18:57] [INFO    ] [efx_ipmgr.builder] [id-1754684234] [BUILDER_INVOKE_BUILD_COMMAND] args: /home/olle/efinix/efinity/2025.1/bin/python3
/home/olle/efinix/efinity/2025.1/ipm/ip/efx_soc/efx_soc/testbench/soc_gen.py
--out_path
/home/olle/efinity_p2/BRAM/ip
--gen_name
micro_risc_v1
--parameters
HexFile_PathEnable="1"
HexFile_Path="embedded_sw/micro_risc_v1/software/standalone/blink_led/build/blink_led.hex"
APBSlave4_Size="65536"
APBSlave3_Size="65536"
APBSlave2_Size="65536"
APBSlave1_Size="65536"
APBSlave0_Size="65536"
DEVKIT_CUSTOM="sapphireBoard_rev0"
LDSize="124"
LDStackSize="4"
DEVKIT="0"
DEBUG="1"
IDE_SEL="0"
RISCV_DEBUG_PRIV="1"
HARD_BREAKPOINT="1"
SOFT_TAP="1"
TAP_MODE="0"
TAP_COUNT="2"
TAP_SEL="8"
Frequency="128"
PeriFrequencyEnable="0"
PeriFrequency="50"
APBSlave0_Addr="1048576"
APBSlave2_Addr="0"
APBSlave4_Addr="0"
UART2_FIFODEPTH="128"
UART2_INT_ID="3"
TEST="0"
APBSlave3_Addr="0"
I2C2_Addr="86016"
Base_AXIS="16777216"
Base_M_AXIS="3774873600"
APBSlave0="0"
Base_IM="4177526784"
APBSlave2="0"
Base_IO="4160749568"
Base_M_IO="4160749568"
Base_EM="4096"
APBSlave1_Addr="0"
APBSlave1="0"
APBSlave3="0"
USER_1_INTR_ID="17"
USER_1_INTR="0"
USER_0_INTR_ID="16"
USER_0_INTR="0"
USER_2_INTR="0"
USER_2_INTR_ID="22"
USER_3_INTR="0"
USER_3_INTR_ID="23"
USER_4_INTR="0"
USER_4_INTR_ID="24"
USER_5_INTR="0"
USER_5_INTR_ID="25"
USER_6_INTR="0"
USER_6_INTR_ID="26"
USER_7_INTR="0"
USER_7_INTR_ID="27"
APBSlave4="0"
CustomInstruction="0"
ATMEXT="0"
CMREXT="0"
FPEXT="1"
FPU="0"
LINUX="0"
ICACHEWAY="1"
DCACHEWAY="1"
CpuCount="1"
ICacheSize="4096"
DCacheSize="4096"
Cache="1"
ICache_EN="1"
DCache_EN="1"
DDR="0"
DDR_AXI4="0"
DDRWidth="128"
DDR_IdWidth="8"
DDRSize="3758096384"
OCRSize="8192"
AXISlave="0"
AXISlaveSize="16777216"
GPIO1_Addr="86016"
GPIO0_Addr="86016"
GPIO1_INT_ID1="15"
GPIO1_INT_ID0="14"
GPIO0_INT_ID1="13"
GPIO0_INT_ID0="1"
GPIO0="1"
GPIO0Width="1"
GPIO1Width="8"
GPIO1="0"
UART0_FIFODEPTH="64"
UART0_INT_ID="2"
UART0_Addr="65536"
IOSize="4096"
UART0_M_Addr="4096"
UART1_M_Addr="8192"
UART2_M_Addr="12288"
SPI0_M_Addr="24576"
SPI1_M_Addr="16384"
SPI2_M_Addr="20480"
I2C0_M_Addr="40960"
I2C1_M_Addr="45056"
I2C2_M_Addr="49152"
GPIO0_M_Addr="53248"
GPIO1_M_Addr="57344"
APBSlave0_M_Addr="1048576"
APBSlave1_M_Addr="2097152"
APBSlave2_M_Addr="3145728"
APBSlave3_M_Addr="4194304"
APBSlave4_M_Addr="5242880"
UART0="1"
UART2_Addr="86016"
UART2="0"
UART1_FIFODEPTH="128"
UART1_INT_ID="2"
UART1_Addr="86016"
UART1="0"
SPI2="0"
SPI2DW="8"
SPI2SS="1"
SPI2_FIFODEPTH="256"
SPI1_INT_ID="5"
SPI1="0"
SPI1DW="8"
SPI1SS="1"
SPI1_FIFODEPTH="256"
SPI0_INT_ID="4"
SPI0_Addr="81920"
SPI0="0"
SPI0DW="8"
SPI0SS="1"
SPI0_FIFODEPTH="256"
I2C2_INT_ID="10"
ADDR_Scheme="0"
I2C2="0"
I2C1_Addr="86016"
I2C1="0"
SPI2_INT_ID="6"
SPI2_Addr="81920"
SPI1_Addr="81920"
I2C0_Addr="86016"
I2C1_INT_ID="9"
I2C0_INT_ID="8"
I2C0="0"
AXIMasterWidth_1="32"
AXIMaster_1="0"
AXIMasterWidth="32"
AXIMaster="1"
USER_TIMER0="0"
USER_TIMER0_CNT_WIDTH="12"
USER_TIMER0_PS_WIDTH="8"
USER_TIMER0_INT_ID="19"
USER_TIMER0_Addr="86016"
USER_TIMER0_M_Addr="61440"
USER_TIMER1="0"
USER_TIMER1_CNT_WIDTH="12"
USER_TIMER1_PS_WIDTH="8"
USER_TIMER1_INT_ID="20"
USER_TIMER1_Addr="86016"
USER_TIMER1_M_Addr="65536"
USER_TIMER2="0"
USER_TIMER2_CNT_WIDTH="12"
USER_TIMER2_PS_WIDTH="8"
USER_TIMER2_INT_ID="21"
USER_TIMER2_Addr="86016"
USER_TIMER2_M_Addr="69632"
WDT0="0"
WDT0_PS_WIDTH="24"
WDT0_TIMER_WIDTH="16"
WDT0_Addr="86016"
WDT0_M_Addr="73728"
WDT0_INT_ID="32"
RAM_OPT="0"
SOC_MODE="1"
MULDIV_EXT="0"
BARREL_SHIFTER="0"
REDUCED_CSR="1"
DDRCLK_DOMAIN="1"
DDR_OPT="1"
SW_REMOVED="0"
[2025-08-08 22:18:57] [INFO    ] [efx_ipmgr.builder] [id-1754684234] [BUILDER_INVOKE_BUILD_COMMAND] stdout: 
[2025-08-08 22:18:57] [INFO    ] [efx_ipmgr.builder] [id-1754684234] [BUILDER_INVOKE_BUILD_COMMAND-DONE] Build Command Execution: Success
[2025-08-08 22:18:57] [DEBUG   ] [efx_ipmgr.builder] [id-1754684234] [BUILDER_RUN] file_name = /home/olle/efinity_p2/BRAM/ip/micro_risc_v1/Testbench/micro_risc_v12
[2025-08-08 22:18:57] [DEBUG   ] [efx_ipmgr.builder] [id-1754684234] [BUILDER_RUN] resolved_name = /home/olle/efinity_p2/BRAM/ip/micro_risc_v1/Testbench/micro_risc_v12
[2025-08-08 22:18:57] [INFO    ] [efx_ipmgr.builder] [id-1754684234] [BUILDER-COPY] Copying file '/home/olle/efinix/efinity/2025.1/ipm/ip/efx_soc/efx_soc/testbench/MEM_IM.TXT' to '/home/olle/efinity_p2/BRAM/ip/micro_risc_v1/Testbench'
[2025-08-08 22:18:57] [INFO    ] [efx_ipmgr.builder] [id-1754684234] [BUILDER-COPY] (('EfxSapphireSoc', 'micro_risc_v1'), ('EfxSapphireSoc_define.vh', 'micro_risc_v1_define.vh'), ('EfxSapphireSoc.v', 'micro_risc_v1.v'))
[2025-08-08 22:18:57] [INFO    ] [efx_ipmgr.builder] [id-1754684234] [BUILDER-COPY] Copying file '/home/olle/efinix/efinity/2025.1/ipm/ip/efx_soc/efx_soc/testbench/SECSI.TXT' to '/home/olle/efinity_p2/BRAM/ip/micro_risc_v1/Testbench'
[2025-08-08 22:18:57] [INFO    ] [efx_ipmgr.builder] [id-1754684234] [BUILDER-COPY] (('EfxSapphireSoc', 'micro_risc_v1'), ('EfxSapphireSoc_define.vh', 'micro_risc_v1_define.vh'), ('EfxSapphireSoc.v', 'micro_risc_v1.v'))
[2025-08-08 22:18:57] [INFO    ] [efx_ipmgr.builder] [id-1754684234] [BUILDER-COPY] Copying file '/home/olle/efinix/efinity/2025.1/ipm/ip/efx_soc/efx_soc/testbench/SFDP.TXT' to '/home/olle/efinity_p2/BRAM/ip/micro_risc_v1/Testbench'
[2025-08-08 22:18:57] [INFO    ] [efx_ipmgr.builder] [id-1754684234] [BUILDER-COPY] (('EfxSapphireSoc', 'micro_risc_v1'), ('EfxSapphireSoc_define.vh', 'micro_risc_v1_define.vh'), ('EfxSapphireSoc.v', 'micro_risc_v1.v'))
[2025-08-08 22:18:57] [INFO    ] [efx_ipmgr.builder] [id-1754684234] [BUILDER-COPY] Copying file '/home/olle/efinix/efinity/2025.1/ipm/ip/efx_soc/efx_soc/testbench/SREG.TXT' to '/home/olle/efinity_p2/BRAM/ip/micro_risc_v1/Testbench'
[2025-08-08 22:18:57] [INFO    ] [efx_ipmgr.builder] [id-1754684234] [BUILDER-COPY] (('EfxSapphireSoc', 'micro_risc_v1'), ('EfxSapphireSoc_define.vh', 'micro_risc_v1_define.vh'), ('EfxSapphireSoc.v', 'micro_risc_v1.v'))
[2025-08-08 22:18:57] [INFO    ] [efx_ipmgr.builder] [id-1754684234] [BUILDER-COPY] Copying file '/home/olle/efinix/efinity/2025.1/ipm/ip/efx_soc/efx_soc/testbench/README' to '/home/olle/efinity_p2/BRAM/ip/micro_risc_v1/Testbench'
[2025-08-08 22:18:57] [INFO    ] [efx_ipmgr.builder] [id-1754684234] [BUILDER-COPY] (('EfxSapphireSoc', 'micro_risc_v1'), ('EfxSapphireSoc_define.vh', 'micro_risc_v1_define.vh'), ('EfxSapphireSoc.v', 'micro_risc_v1.v'))
[2025-08-08 22:18:57] [INFO    ] [efx_ipmgr.builder] [id-1754684234] [BUILDER-COPY] Copying file '/home/olle/efinix/efinity/2025.1/ipm/ip/efx_soc/efx_soc/testbench/tb_soc.do' to '/home/olle/efinity_p2/BRAM/ip/micro_risc_v1/Testbench'
[2025-08-08 22:18:57] [INFO    ] [efx_ipmgr.builder] [id-1754684234] [BUILDER-COPY] (('EfxSapphireSoc', 'micro_risc_v1'), ('EfxSapphireSoc_define.vh', 'micro_risc_v1_define.vh'), ('EfxSapphireSoc.v', 'micro_risc_v1.v'))
[2025-08-08 22:18:57] [INFO    ] [efx_ipmgr.builder] [id-1754684234] [BUILDER-COPY] Copying file '/home/olle/efinix/efinity/2025.1/ipm/ip/efx_soc/efx_soc/testbench/modelsim.do' to '/home/olle/efinity_p2/BRAM/ip/micro_risc_v1/Testbench'
[2025-08-08 22:18:57] [INFO    ] [efx_ipmgr.builder] [id-1754684234] [BUILDER-COPY] (('EfxSapphireSoc', 'micro_risc_v1'), ('EfxSapphireSoc_define.vh', 'micro_risc_v1_define.vh'), ('EfxSapphireSoc.v', 'micro_risc_v1.v'))
[2025-08-08 22:18:57] [INFO    ] [efx_ipmgr.builder] [id-1754684234] [BUILDER-COPY] Copying file '/home/olle/efinix/efinity/2025.1/ipm/ip/efx_soc/efx_soc/testbench/wave.do' to '/home/olle/efinity_p2/BRAM/ip/micro_risc_v1/Testbench'
[2025-08-08 22:18:57] [INFO    ] [efx_ipmgr.builder] [id-1754684234] [BUILDER-COPY] (('EfxSapphireSoc', 'micro_risc_v1'), ('EfxSapphireSoc_define.vh', 'micro_risc_v1_define.vh'), ('EfxSapphireSoc.v', 'micro_risc_v1.v'))
[2025-08-08 22:18:57] [INFO    ] [efx_ipmgr.builder] [id-1754684234] [BUILDER-COPY] Copying file '/home/olle/efinix/efinity/2025.1/ipm/ip/efx_soc/efx_soc/testbench/aldec.do' to '/home/olle/efinity_p2/BRAM/ip/micro_risc_v1/Testbench'
[2025-08-08 22:18:57] [INFO    ] [efx_ipmgr.builder] [id-1754684234] [BUILDER-COPY] (('EfxSapphireSoc', 'micro_risc_v1'), ('EfxSapphireSoc_define.vh', 'micro_risc_v1_define.vh'), ('EfxSapphireSoc.v', 'micro_risc_v1.v'))
[2025-08-08 22:18:57] [INFO    ] [efx_ipmgr.builder] [id-1754684234] [BUILDER-COPY] Copying file '/home/olle/efinix/efinity/2025.1/ipm/ip/efx_soc/efx_soc/testbench/design_modules.v' to '/home/olle/efinity_p2/BRAM/ip/micro_risc_v1/Testbench'
[2025-08-08 22:18:57] [INFO    ] [efx_ipmgr.builder] [id-1754684234] [BUILDER-COPY] (('EfxSapphireSoc', 'micro_risc_v1'), ('EfxSapphireSoc_define.vh', 'micro_risc_v1_define.vh'), ('EfxSapphireSoc.v', 'micro_risc_v1.v'))
[2025-08-08 22:18:57] [INFO    ] [efx_ipmgr.builder] [id-1754684234] [BUILDER-COPY] Copying file '/home/olle/efinix/efinity/2025.1/ipm/ip/efx_soc/efx_soc/testbench/sim_modules.v' to '/home/olle/efinity_p2/BRAM/ip/micro_risc_v1/Testbench'
[2025-08-08 22:18:57] [INFO    ] [efx_ipmgr.builder] [id-1754684234] [BUILDER-COPY] (('EfxSapphireSoc', 'micro_risc_v1'), ('EfxSapphireSoc_define.vh', 'micro_risc_v1_define.vh'), ('EfxSapphireSoc.v', 'micro_risc_v1.v'))
[2025-08-08 22:18:57] [INFO    ] [efx_ipmgr.builder] [id-1754684234] [BUILDER-COPY] Copying file '/home/olle/efinix/efinity/2025.1/ipm/ip/efx_soc/efx_soc/testbench/W25Q32JVxxIM.v' to '/home/olle/efinity_p2/BRAM/ip/micro_risc_v1/Testbench'
[2025-08-08 22:18:57] [INFO    ] [efx_ipmgr.builder] [id-1754684234] [BUILDER-COPY] (('EfxSapphireSoc', 'micro_risc_v1'), ('EfxSapphireSoc_define.vh', 'micro_risc_v1_define.vh'), ('EfxSapphireSoc.v', 'micro_risc_v1.v'))
[2025-08-08 22:18:57] [INFO    ] [efx_ipmgr.builder] [id-1754684234] [BUILDER-COPY] Copying file '/home/olle/efinity_p2/BRAM/ip/micro_risc_v1/micro_risc_v1.v' to '/home/olle/efinity_p2/BRAM/ip/micro_risc_v1/Testbench'
[2025-08-08 22:18:57] [INFO    ] [efx_ipmgr.builder] [id-1754684234] [BUILDER-COPY] (('EfxSapphireSoc', 'micro_risc_v1'), ('EfxSapphireSoc_define.vh', 'micro_risc_v1_define.vh'), ('EfxSapphireSoc.v', 'micro_risc_v1.v'))
[2025-08-08 22:18:57] [INFO    ] [efx_ipmgr.builder] [id-1754684234] [BUILDER-COPY] Copying file '/home/olle/efinity_p2/BRAM/ip/micro_risc_v1/micro_risc_v1_define.vh' to '/home/olle/efinity_p2/BRAM/ip/micro_risc_v1/Testbench'
[2025-08-08 22:18:57] [INFO    ] [efx_ipmgr.builder] [id-1754684234] [BUILDER-COPY] (('EfxSapphireSoc', 'micro_risc_v1'), ('EfxSapphireSoc_define.vh', 'micro_risc_v1_define.vh'), ('EfxSapphireSoc.v', 'micro_risc_v1.v'))
[2025-08-08 22:19:00] [INFO    ] [efx_ipmgr.api_v2] [id-1754684234] [GENERATE_PICKLE-BEGIN] Beginning pickle generation to /home/olle/efinity_p2/BRAM/ip/micro_risc_v1/ipm
[2025-08-08 22:19:01] [INFO    ] [efx_ipmgr.api_v2] [id-1754684234] [GENERATE_PICKLE-DONE] Pickle generation success!
[2025-08-08 22:19:01] [INFO    ] [efx_ipmgr.api_v2] [id-1754684234] [GENERATE_IP-DONE] Done Generate IP
[2025-08-08 22:19:01] [INFO    ] [efx_ipmgr.api_v2] [id-1754684234] [JSON_ENCODER] Saved settings.json encoded as = {
    "gen_name": "micro_risc_v1",
    "vlnv": {
        "vendor": "efinixinc.com",
        "library": "soc",
        "name": "efx_soc",
        "version": "3.2.2"
    },
    "sw_version": "2025.1.110.2.15",
    "base_path": "/home/olle/efinity_p2/BRAM/ip",
    "generated_date": "2025-08-08T20:19:01.636954+00:00",
    "params": {
        "HexFile_PathEnable": "1'b1",
        "HexFile_Path": "\"embedded_sw/micro_risc_v1/software/standalone/blink_led/build/blink_led.hex\"",
        "APBSlave0_Size": "65536",
        "DEVKIT_CUSTOM": "\"sapphireBoard_rev0\"",
        "LDSize": "124",
        "LDStackSize": "4",
        "DEVKIT": "0",
        "DEBUG": "1'b1",
        "IDE_SEL": "1'b0",
        "RISCV_DEBUG_PRIV": "1'b1",
        "HARD_BREAKPOINT": "1",
        "SOFT_TAP": "1'b1",
        "TAP_MODE": "1'b0",
        "TAP_COUNT": "2",
        "TAP_SEL": "8",
        "Frequency": "128",
        "PeriFrequencyEnable": "1'b0",
        "PeriFrequency": "50",
        "UART2_FIFODEPTH": "128",
        "UART2_INT_ID": "3",
        "TEST": "1'b0",
        "Base_M_AXIS": "32'd3774873600",
        "APBSlave0": "1'b0",
        "APBSlave2": "1'b0",
        "Base_M_IO": "32'd4160749568",
        "APBSlave1": "1'b0",
        "APBSlave3": "1'b0",
        "USER_1_INTR_ID": "17",
        "USER_1_INTR": "1'b0",
        "USER_0_INTR_ID": "16",
        "USER_0_INTR": "1'b0",
        "USER_2_INTR": "1'b0",
        "USER_2_INTR_ID": "22",
        "USER_3_INTR": "1'b0",
        "USER_3_INTR_ID": "23",
        "USER_4_INTR": "1'b0",
        "USER_4_INTR_ID": "24",
        "USER_5_INTR": "1'b0",
        "USER_5_INTR_ID": "25",
        "USER_6_INTR": "1'b0",
        "USER_6_INTR_ID": "26",
        "USER_7_INTR": "1'b0",
        "USER_7_INTR_ID": "27",
        "APBSlave4": "1'b0",
        "CustomInstruction": "1'b0",
        "ATMEXT": "1'b0",
        "CMREXT": "1'b0",
        "FPEXT": "1'b1",
        "FPU": "1'b0",
        "LINUX": "1'b0",
        "ICACHEWAY": "1",
        "DCACHEWAY": "1",
        "CpuCount": "1",
        "ICacheSize": "4096",
        "DCacheSize": "4096",
        "Cache": "1'b1",
        "ICache_EN": "1'b1",
        "DCache_EN": "1'b1",
        "DDR": "1'b0",
        "DDR_AXI4": "1'b0",
        "DDRWidth": "128",
        "DDR_IdWidth": "8",
        "DDRSize": "32'd3758096384",
        "OCRSize": "8192",
        "AXISlave": "1'b0",
        "AXISlaveSize": "16777216",
        "GPIO1_INT_ID1": "15",
        "GPIO1_INT_ID0": "14",
        "GPIO0_INT_ID1": "13",
        "GPIO0_INT_ID0": "1",
        "GPIO0": "1'b1",
        "GPIO0Width": "1",
        "GPIO1Width": "8",
        "GPIO1": "1'b0",
        "UART0_FIFODEPTH": "64",
        "UART0_INT_ID": "2",
        "UART0_M_Addr": "32'd4096",
        "UART1_M_Addr": "32'd8192",
        "UART2_M_Addr": "32'd12288",
        "SPI0_M_Addr": "32'd24576",
        "SPI1_M_Addr": "32'd16384",
        "SPI2_M_Addr": "32'd20480",
        "I2C0_M_Addr": "32'd40960",
        "I2C1_M_Addr": "32'd45056",
        "I2C2_M_Addr": "32'd49152",
        "GPIO0_M_Addr": "32'd53248",
        "GPIO1_M_Addr": "32'd57344",
        "APBSlave0_M_Addr": "32'd1048576",
        "APBSlave1_M_Addr": "32'd2097152",
        "APBSlave2_M_Addr": "32'd3145728",
        "APBSlave3_M_Addr": "32'd4194304",
        "APBSlave4_M_Addr": "32'd5242880",
        "UART0": "1'b1",
        "UART2": "1'b0",
        "UART1_FIFODEPTH": "128",
        "UART1_INT_ID": "2",
        "UART1": "1'b0",
        "SPI2": "1'b0",
        "SPI2DW": "8",
        "SPI2SS": "1",
        "SPI2_FIFODEPTH": "256",
        "SPI1_INT_ID": "5",
        "SPI1": "1'b0",
        "SPI1DW": "8",
        "SPI1SS": "1",
        "SPI1_FIFODEPTH": "256",
        "SPI0_INT_ID": "4",
        "SPI0": "1'b0",
        "SPI0DW": "8",
        "SPI0SS": "1",
        "SPI0_FIFODEPTH": "256",
        "I2C2_INT_ID": "10",
        "ADDR_Scheme": "1'b0",
        "I2C2": "1'b0",
        "I2C1": "1'b0",
        "SPI2_INT_ID": "6",
        "I2C1_INT_ID": "9",
        "I2C0_INT_ID": "8",
        "I2C0": "1'b0",
        "AXIMasterWidth_1": "32",
        "AXIMaster_1": "1'b0",
        "AXIMasterWidth": "32",
        "AXIMaster": "1'b1",
        "USER_TIMER0": "1'b0",
        "USER_TIMER0_CNT_WIDTH": "12",
        "USER_TIMER0_PS_WIDTH": "8",
        "USER_TIMER0_INT_ID": "19",
        "USER_TIMER0_M_Addr": "32'd61440",
        "USER_TIMER1": "1'b0",
        "USER_TIMER1_CNT_WIDTH": "12",
        "USER_TIMER1_PS_WIDTH": "8",
        "USER_TIMER1_INT_ID": "20",
        "USER_TIMER1_M_Addr": "32'd65536",
        "USER_TIMER2": "1'b0",
        "USER_TIMER2_CNT_WIDTH": "12",
        "USER_TIMER2_PS_WIDTH": "8",
        "USER_TIMER2_INT_ID": "21",
        "USER_TIMER2_M_Addr": "32'd69632",
        "WDT0": "1'b0",
        "WDT0_PS_WIDTH": "24",
        "WDT0_TIMER_WIDTH": "16",
        "WDT0_M_Addr": "32'd73728",
        "WDT0_INT_ID": "32",
        "RAM_OPT": "1'b0",
        "SOC_MODE": "1",
        "MULDIV_EXT": "1'b0",
        "BARREL_SHIFTER": "1'b0",
        "REDUCED_CSR": "1'b1",
        "DDRCLK_DOMAIN": "1",
        "DDR_OPT": "1",
        "SW_REMOVED": "1'b0"
    },
    "output_info": {
        "external_script_generator": [],
        "external_source_source": [
            "micro_risc_v1/micro_risc_v1.v",
            "micro_risc_v1/micro_risc_v1_tmpl.vhd",
            "micro_risc_v1/micro_risc_v1_tmpl.v",
            "micro_risc_v1/micro_risc_v1_define.vh"
        ],
        "external_script_script": [],
        "external_script_embedded_sw": [],
        "external_example_design": [
            "micro_risc_v1/T120F324_devkit/soc.xml",
            "micro_risc_v1/T120F324_devkit/design_modules.v",
            "micro_risc_v1/T120F324_devkit/ddr_reset_sequencer.v",
            "micro_risc_v1/T120F324_devkit/soc.hex",
            "micro_risc_v1/T120F324_devkit/micro_risc_v1.v",
            "micro_risc_v1/T120F324_devkit/micro_risc_v1_define.vh"
        ],
        "external_example_design_ti": [
            "micro_risc_v1/Ti60F225_devkit/soc.xml",
            "micro_risc_v1/Ti60F225_devkit/design_modules.v",
            "micro_risc_v1/Ti60F225_devkit/hbram_top.v",
            "micro_risc_v1/Ti60F225_devkit/hbram_top_define.vh",
            "micro_risc_v1/Ti60F225_devkit/soc.hex",
            "micro_risc_v1/Ti60F225_devkit/micro_risc_v1.v",
            "micro_risc_v1/Ti60F225_devkit/micro_risc_v1_define.vh"
        ],
        "external_example_design_ti180": [
            "micro_risc_v1/Ti180J484_devkit/soc.xml",
            "micro_risc_v1/Ti180J484_devkit/design_modules.v",
            "micro_risc_v1/Ti180J484_devkit/micro_risc_v1.v",
            "micro_risc_v1/Ti180J484_devkit/micro_risc_v1_define.vh"
        ],
        "external_example_design_tz170": [
            "micro_risc_v1/Tz170J484_devkit/soc.xml",
            "micro_risc_v1/Tz170J484_devkit/design_modules.v",
            "micro_risc_v1/Tz170J484_devkit/micro_risc_v1.v",
            "micro_risc_v1/Tz170J484_devkit/micro_risc_v1_define.vh"
        ],
        "external_testbench_testbench": [
            "micro_risc_v1/Testbench/MEM_IM.TXT",
            "micro_risc_v1/Testbench/SECSI.TXT",
            "micro_risc_v1/Testbench/SFDP.TXT",
            "micro_risc_v1/Testbench/SREG.TXT",
            "micro_risc_v1/Testbench/README",
            "micro_risc_v1/Testbench/tb_soc.do",
            "micro_risc_v1/Testbench/modelsim.do",
            "micro_risc_v1/Testbench/wave.do",
            "micro_risc_v1/Testbench/aldec.do",
            "micro_risc_v1/Testbench/design_modules.v",
            "micro_risc_v1/Testbench/sim_modules.v",
            "micro_risc_v1/Testbench/W25Q32JVxxIM.v",
            "micro_risc_v1/Testbench/micro_risc_v1.v",
            "micro_risc_v1/Testbench/micro_risc_v1_define.vh"
        ],
        "external_testbench_modelsim": [
            "micro_risc_v1/Testbench/modelsim/micro_risc_v1.v"
        ],
        "external_testbench_aldec": [
            "micro_risc_v1/Testbench/aldec/micro_risc_v1.v"
        ],
        "external_testbench_ncsim": [
            "micro_risc_v1/Testbench/ncsim/micro_risc_v1.v"
        ],
        "external_testbench_synopsys": [
            "micro_risc_v1/Testbench/synopsys/micro_risc_v1.v"
        ]
    },
    "ooc_synthesis": {}
}
[2025-08-08 22:19:01] [INFO    ] [gui.api_wrapper] [id-1754684234] [GENERATE-AFTER] Generated external script generator successfully
[2025-08-08 22:19:01] [INFO    ] [gui.api_wrapper] [id-1754684234] [GENERATE-AFTER] Generated external source source successfully
[2025-08-08 22:19:01] [INFO    ] [gui.api_wrapper] [id-1754684234] [GENERATE-AFTER] Generated external script script successfully
[2025-08-08 22:19:01] [INFO    ] [gui.api_wrapper] [id-1754684234] [GENERATE-AFTER] Generated external script embedded sw successfully
[2025-08-08 22:19:01] [INFO    ] [gui.api_wrapper] [id-1754684234] [GENERATE-AFTER] Generated external example design successfully
[2025-08-08 22:19:01] [INFO    ] [gui.api_wrapper] [id-1754684234] [GENERATE-AFTER] Generated external example design ti successfully
[2025-08-08 22:19:01] [INFO    ] [gui.api_wrapper] [id-1754684234] [GENERATE-AFTER] Generated external example design ti180 successfully
[2025-08-08 22:19:01] [INFO    ] [gui.api_wrapper] [id-1754684234] [GENERATE-AFTER] Generated external example design tz170 successfully
[2025-08-08 22:19:01] [INFO    ] [gui.api_wrapper] [id-1754684234] [GENERATE-AFTER] Generated external testbench testbench successfully
[2025-08-08 22:19:01] [INFO    ] [gui.api_wrapper] [id-1754684234] [GENERATE-AFTER] Generated external testbench modelsim successfully
[2025-08-08 22:19:01] [INFO    ] [gui.api_wrapper] [id-1754684234] [GENERATE-AFTER] Generated external testbench aldec successfully
[2025-08-08 22:19:01] [INFO    ] [gui.api_wrapper] [id-1754684234] [GENERATE-AFTER] Generated external testbench ncsim successfully
[2025-08-08 22:19:01] [INFO    ] [gui.api_wrapper] [id-1754684234] [GENERATE-AFTER] Generated external testbench synopsys successfully
[2025-08-08 22:19:01] [INFO    ] [gui.ip_config_window] [id-1754684234] [IP-CONFIG-GENERATE-DONE] Result returned from GenerateIpRunnable..
[2025-08-08 22:19:01] [INFO    ] [gui.ip_config_window] [id-1754684234] [IP-CONFIG-GENERATE-DONE] Generate status: Success
[2025-08-08 22:19:01] [INFO    ] [gui.ip_config_window] [id-1754684234] [IP-CONFIG-GENERATE-STOP] IP Generation thread finished run
[2025-08-08 22:19:03] [INFO    ] [gui.ip_config_window] [id-1754684234] [IP-CONFIG-STOP] IP Config Window has closed
[2025-08-08 22:19:03] [INFO    ] [common.efinity_grpc_watcher] [id-1754684234] [WATCHER-STOP-BEGIN] Stopping Efinity grpc watch...
[2025-08-08 22:19:03] [INFO    ] [common.efinity_grpc_watcher] [id-1754684234] [WATCHER-STOP-DONE] Efinity grpc watch stopped
[2025-08-08 22:19:03] [INFO    ] [common.efinity_grpc_watcher] [id-1754684234] [WATCHER-RUN] Cancelling ping stream as ipm is closing.
[2025-08-08 22:19:04] [INFO    ] [common.console] [id-1754684234] [CONSOLE-STOP] Exec Stop Process thread = <PyQt6.QtCore.QThread object at 0x7d8104fdfb50>
[2025-08-08 22:19:04] [INFO    ] [common.console] [id-1754684234] [CONSOLE-STOP] Console message consumer thread stops.
[2025-08-08 22:19:04] [INFO    ] [common.console] [id-1754684234] [CONSOLE-DISCONNECTED] Consumer_obj disconnected on finish
[2025-08-08 22:38:07] [INFO    ] [common.console] [id-1754685485] ----------------------------NEW SESSION STARTING------------------------------
[2025-08-08 22:38:07] [INFO    ] [common.console] [id-1754685485] [CONSOLE-START] Console message consumer thread starts...
[2025-08-08 22:38:07] [INFO    ] [common.console] [id-1754685485] [CONSOLE-START] Exec Start Process thread = <PyQt6.QtCore.QThread object at 0x74490ffebb50>
[2025-08-08 22:38:07] [INFO    ] [__main__] [id-1754685485] [MAIN-BEGIN] IP Manager has started running
[2025-08-08 22:38:07] [INFO    ] [gui.api_wrapper] [id-1754685485] [GET_SETTINGS_JSON-BEGIN] Getting parsed settings json...
[2025-08-08 22:38:07] [INFO    ] [efx_ipmgr.api_v2] [id-1754685485] [JSON_DECODER-DONE] Decoding done
[2025-08-08 22:38:07] [INFO    ] [gui.ip_config_window] [id-1754685485] [IP-CONFIG-START-BEGIN] Initializing IP Config Window...
[2025-08-08 22:38:07] [INFO    ] [common.efinity_grpc_watcher] [id-1754685485] [WATCHER-START-BEGIN] Efinity grpc start monitoring
[2025-08-08 22:38:07] [INFO    ] [gui.api_wrapper] [id-1754685485] [GET_SETTINGS_JSON] IP Gen dict = {
    "gen_name": "micro_risc_v1",
    "vlnv": {
        "vendor": "efinixinc.com",
        "library": "soc",
        "name": "efx_soc",
        "version": "3.2.2"
    },
    "sw_version": "2025.1.110.2.15",
    "base_path": "/home/olle/efinity_p2/BRAM/ip",
    "generated_date": "2025-08-08T20:19:01.636954+00:00",
    "params": {
        "HexFile_PathEnable": "1'b1",
        "HexFile_Path": "\"embedded_sw/micro_risc_v1/software/standalone/blink_led/build/blink_led.hex\"",
        "APBSlave0_Size": "65536",
        "DEVKIT_CUSTOM": "\"sapphireBoard_rev0\"",
        "LDSize": "124",
        "LDStackSize": "4",
        "DEVKIT": "0",
        "DEBUG": "1'b1",
        "IDE_SEL": "1'b0",
        "RISCV_DEBUG_PRIV": "1'b1",
        "HARD_BREAKPOINT": "1",
        "SOFT_TAP": "1'b1",
        "TAP_MODE": "1'b0",
        "TAP_COUNT": "2",
        "TAP_SEL": "8",
        "Frequency": "128",
        "PeriFrequencyEnable": "1'b0",
        "PeriFrequency": "50",
        "UART2_FIFODEPTH": "128",
        "UART2_INT_ID": "3",
        "TEST": "1'b0",
        "Base_M_AXIS": "32'd3774873600",
        "APBSlave0": "1'b0",
        "APBSlave2": "1'b0",
        "Base_M_IO": "32'd4160749568",
        "APBSlave1": "1'b0",
        "APBSlave3": "1'b0",
        "USER_1_INTR_ID": "17",
        "USER_1_INTR": "1'b0",
        "USER_0_INTR_ID": "16",
        "USER_0_INTR": "1'b0",
        "USER_2_INTR": "1'b0",
        "USER_2_INTR_ID": "22",
        "USER_3_INTR": "1'b0",
        "USER_3_INTR_ID": "23",
        "USER_4_INTR": "1'b0",
        "USER_4_INTR_ID": "24",
        "USER_5_INTR": "1'b0",
        "USER_5_INTR_ID": "25",
        "USER_6_INTR": "1'b0",
        "USER_6_INTR_ID": "26",
        "USER_7_INTR": "1'b0",
        "USER_7_INTR_ID": "27",
        "APBSlave4": "1'b0",
        "CustomInstruction": "1'b0",
        "ATMEXT": "1'b0",
        "CMREXT": "1'b0",
        "FPEXT": "1'b1",
        "FPU": "1'b0",
        "LINUX": "1'b0",
        "ICACHEWAY": "1",
        "DCACHEWAY": "1",
        "CpuCount": "1",
        "ICacheSize": "4096",
        "DCacheSize": "4096",
        "Cache": "1'b1",
        "ICache_EN": "1'b1",
        "DCache_EN": "1'b1",
        "DDR": "1'b0",
        "DDR_AXI4": "1'b0",
        "DDRWidth": "128",
        "DDR_IdWidth": "8",
        "DDRSize": "32'd3758096384",
        "OCRSize": "8192",
        "AXISlave": "1'b0",
        "AXISlaveSize": "16777216",
        "GPIO1_INT_ID1": "15",
        "GPIO1_INT_ID0": "14",
        "GPIO0_INT_ID1": "13",
        "GPIO0_INT_ID0": "1",
        "GPIO0": "1'b1",
        "GPIO0Width": "1",
        "GPIO1Width": "8",
        "GPIO1": "1'b0",
        "UART0_FIFODEPTH": "64",
        "UART0_INT_ID": "2",
        "UART0_M_Addr": "32'd4096",
        "UART1_M_Addr": "32'd8192",
        "UART2_M_Addr": "32'd12288",
        "SPI0_M_Addr": "32'd24576",
        "SPI1_M_Addr": "32'd16384",
        "SPI2_M_Addr": "32'd20480",
        "I2C0_M_Addr": "32'd40960",
        "I2C1_M_Addr": "32'd45056",
        "I2C2_M_Addr": "32'd49152",
        "GPIO0_M_Addr": "32'd53248",
        "GPIO1_M_Addr": "32'd57344",
        "APBSlave0_M_Addr": "32'd1048576",
        "APBSlave1_M_Addr": "32'd2097152",
        "APBSlave2_M_Addr": "32'd3145728",
        "APBSlave3_M_Addr": "32'd4194304",
        "APBSlave4_M_Addr": "32'd5242880",
        "UART0": "1'b1",
        "UART2": "1'b0",
        "UART1_FIFODEPTH": "128",
        "UART1_INT_ID": "2",
        "UART1": "1'b0",
        "SPI2": "1'b0",
        "SPI2DW": "8",
        "SPI2SS": "1",
        "SPI2_FIFODEPTH": "256",
        "SPI1_INT_ID": "5",
        "SPI1": "1'b0",
        "SPI1DW": "8",
        "SPI1SS": "1",
        "SPI1_FIFODEPTH": "256",
        "SPI0_INT_ID": "4",
        "SPI0": "1'b0",
        "SPI0DW": "8",
        "SPI0SS": "1",
        "SPI0_FIFODEPTH": "256",
        "I2C2_INT_ID": "10",
        "ADDR_Scheme": "1'b0",
        "I2C2": "1'b0",
        "I2C1": "1'b0",
        "SPI2_INT_ID": "6",
        "I2C1_INT_ID": "9",
        "I2C0_INT_ID": "8",
        "I2C0": "1'b0",
        "AXIMasterWidth_1": "32",
        "AXIMaster_1": "1'b0",
        "AXIMasterWidth": "32",
        "AXIMaster": "1'b1",
        "USER_TIMER0": "1'b0",
        "USER_TIMER0_CNT_WIDTH": "12",
        "USER_TIMER0_PS_WIDTH": "8",
        "USER_TIMER0_INT_ID": "19",
        "USER_TIMER0_M_Addr": "32'd61440",
        "USER_TIMER1": "1'b0",
        "USER_TIMER1_CNT_WIDTH": "12",
        "USER_TIMER1_PS_WIDTH": "8",
        "USER_TIMER1_INT_ID": "20",
        "USER_TIMER1_M_Addr": "32'd65536",
        "USER_TIMER2": "1'b0",
        "USER_TIMER2_CNT_WIDTH": "12",
        "USER_TIMER2_PS_WIDTH": "8",
        "USER_TIMER2_INT_ID": "21",
        "USER_TIMER2_M_Addr": "32'd69632",
        "WDT0": "1'b0",
        "WDT0_PS_WIDTH": "24",
        "WDT0_TIMER_WIDTH": "16",
        "WDT0_M_Addr": "32'd73728",
        "WDT0_INT_ID": "32",
        "RAM_OPT": "1'b0",
        "SOC_MODE": "1",
        "MULDIV_EXT": "1'b0",
        "BARREL_SHIFTER": "1'b0",
        "REDUCED_CSR": "1'b1",
        "DDRCLK_DOMAIN": "1",
        "DDR_OPT": "1",
        "SW_REMOVED": "1'b0"
    },
    "output_info": {
        "external_script_generator": [],
        "external_source_source": [
            "micro_risc_v1/micro_risc_v1.v",
            "micro_risc_v1/micro_risc_v1_tmpl.vhd",
            "micro_risc_v1/micro_risc_v1_tmpl.v",
            "micro_risc_v1/micro_risc_v1_define.vh"
        ],
        "external_script_script": [],
        "external_script_embedded_sw": [],
        "external_example_design": [
            "micro_risc_v1/T120F324_devkit/soc.xml",
            "micro_risc_v1/T120F324_devkit/design_modules.v",
            "micro_risc_v1/T120F324_devkit/ddr_reset_sequencer.v",
            "micro_risc_v1/T120F324_devkit/soc.hex",
            "micro_risc_v1/T120F324_devkit/micro_risc_v1.v",
            "micro_risc_v1/T120F324_devkit/micro_risc_v1_define.vh"
        ],
        "external_example_design_ti": [
            "micro_risc_v1/Ti60F225_devkit/soc.xml",
            "micro_risc_v1/Ti60F225_devkit/design_modules.v",
            "micro_risc_v1/Ti60F225_devkit/hbram_top.v",
            "micro_risc_v1/Ti60F225_devkit/hbram_top_define.vh",
            "micro_risc_v1/Ti60F225_devkit/soc.hex",
            "micro_risc_v1/Ti60F225_devkit/micro_risc_v1.v",
            "micro_risc_v1/Ti60F225_devkit/micro_risc_v1_define.vh"
        ],
        "external_example_design_ti180": [
            "micro_risc_v1/Ti180J484_devkit/soc.xml",
            "micro_risc_v1/Ti180J484_devkit/design_modules.v",
            "micro_risc_v1/Ti180J484_devkit/micro_risc_v1.v",
            "micro_risc_v1/Ti180J484_devkit/micro_risc_v1_define.vh"
        ],
        "external_example_design_tz170": [
            "micro_risc_v1/Tz170J484_devkit/soc.xml",
            "micro_risc_v1/Tz170J484_devkit/design_modules.v",
            "micro_risc_v1/Tz170J484_devkit/micro_risc_v1.v",
            "micro_risc_v1/Tz170J484_devkit/micro_risc_v1_define.vh"
        ],
        "external_testbench_testbench": [
            "micro_risc_v1/Testbench/MEM_IM.TXT",
            "micro_risc_v1/Testbench/SECSI.TXT",
            "micro_risc_v1/Testbench/SFDP.TXT",
            "micro_risc_v1/Testbench/SREG.TXT",
            "micro_risc_v1/Testbench/README",
            "micro_risc_v1/Testbench/tb_soc.do",
            "micro_risc_v1/Testbench/modelsim.do",
            "micro_risc_v1/Testbench/wave.do",
            "micro_risc_v1/Testbench/aldec.do",
            "micro_risc_v1/Testbench/design_modules.v",
            "micro_risc_v1/Testbench/sim_modules.v",
            "micro_risc_v1/Testbench/W25Q32JVxxIM.v",
            "micro_risc_v1/Testbench/micro_risc_v1.v",
            "micro_risc_v1/Testbench/micro_risc_v1_define.vh"
        ],
        "external_testbench_modelsim": [
            "micro_risc_v1/Testbench/modelsim/micro_risc_v1.v"
        ],
        "external_testbench_aldec": [
            "micro_risc_v1/Testbench/aldec/micro_risc_v1.v"
        ],
        "external_testbench_ncsim": [
            "micro_risc_v1/Testbench/ncsim/micro_risc_v1.v"
        ],
        "external_testbench_synopsys": [
            "micro_risc_v1/Testbench/synopsys/micro_risc_v1.v"
        ]
    },
    "ooc_synthesis": {}
}
[2025-08-08 22:38:07] [INFO    ] [gui.api_wrapper] [id-1754685485] [GET_SETTINGS_JSON-DONE] Successfully parsed settings_json
[2025-08-08 22:38:07] [INFO    ] [efx_ipmgr.api_v2] [id-1754685485] [LOAD_IP-BEGIN] Starting load IP
[2025-08-08 22:38:07] [INFO    ] [efx_ipmgr.api_v2] [id-1754685485] [PICKLE_LOAD-BEGIN] using pickle to load...
[2025-08-08 22:38:08] [INFO    ] [efx_ipmgr.api_v2] [id-1754685485] [PICKLE_LOAD-DONE] Loading with pickle done.
[2025-08-08 22:38:08] [INFO    ] [efx_ipmgr.api_v2] [id-1754685485] [LOAD_IP-DONE] Starting load IP
[2025-08-08 22:38:08] [INFO    ] [gui.api_wrapper] [id-1754685485] [GET_IP_DOCUMENTATION-BEGIN] Getting IP documentation...
[2025-08-08 22:38:08] [INFO    ] [efx_ipmgr.api_v2] [id-1754685485] [GET_IP_DOCUMENTATION] IP Documentation Link: file://${IP_LIBRARY_ROOT}/efx_soc/efx_soc/ipm/doc/topics/hlp-sapphire-soc.html
[2025-08-08 22:38:08] [INFO    ] [efx_ipmgr.api_v2] [id-1754685485] [GET_IP_DOCUMENTATION] Resolved ip documentation uri: /home/olle/efinix/efinity/2025.1/ipm/ip/efx_soc/efx_soc/ipm/doc/topics/hlp-sapphire-soc.html
[2025-08-08 22:38:08] [INFO    ] [gui.api_wrapper] [id-1754685485] [GET_IP_DOCUMENTATION-DONE] IP documentation location successfully loaded
[2025-08-08 22:38:08] [INFO    ] [gui.api_wrapper] [id-1754685485] [GET_PARAMS-BEGIN] Getting IP params...
[2025-08-08 22:38:08] [INFO    ] [gui.api_wrapper] [id-1754685485] [GET_PARAMS-DONE] Choices and params obtained
[2025-08-08 22:38:08] [INFO    ] [gui.ip_config_window] [id-1754685485] [IP-CONFIG-SETUP-PARAMS-BEGIN] Setting up params...
[2025-08-08 22:38:08] [INFO    ] [gui.ip_config_window] [id-1754685485] [IP-CONFIG-SETUP-PARAMS-DONE] Param setup done.
[2025-08-08 22:38:08] [INFO    ] [gui.api_wrapper] [id-1754685485] [GET_FILESETS-BEGIN] Getting ip filesets...
[2025-08-08 22:38:08] [INFO    ] [gui.api_wrapper] [id-1754685485] [GET_FILESETS] IP filesets successfully obtained
[2025-08-08 22:38:08] [INFO    ] [gui.api_wrapper] [id-1754685485] [GET_FILESETS] Cross checking with compulsory table.
[2025-08-08 22:38:08] [INFO    ] [gui.api_wrapper] [id-1754685485] [GET_FILESETS-DONE] GUI Filesets obtained.
[2025-08-08 22:38:08] [INFO    ] [gui.api_wrapper] [id-1754685485] [GET_CONFIG_TEMPLATE-BEGIN] Getting config_template.json file...
[2025-08-08 22:38:08] [INFO    ] [efx_ipmgr.api_v2] [id-1754685485] [GET_IP_GUI_TEMPLATE] GUI Template Link: file://${IP_LIBRARY_ROOT}/efx_soc/efx_soc/ipm/gui/config_template.json
[2025-08-08 22:38:08] [INFO    ] [efx_ipmgr.api_v2] [id-1754685485] [GET_IP_GUI_TEMPLATE] Resolved gui template uri: /home/olle/efinix/efinity/2025.1/ipm/ip/efx_soc/efx_soc/ipm/gui/config_template.json
[2025-08-08 22:38:08] [INFO    ] [gui.api_wrapper] [id-1754685485] [GET_CONFIG_TEMPLATE] UI Path obtained. Loading json file...
[2025-08-08 22:38:08] [INFO    ] [gui.api_wrapper] [id-1754685485] [GET_CONFIG_TEMPLATE-DONE] Config_template.json file successfully loaded.
[2025-08-08 22:38:09] [INFO    ] [gui.ip_config_window] [id-1754685485] [IP-CONFIG-SETUP-BLOCK-DIAGRAM-BEGIN] Setting up block diagram viewer...
[2025-08-08 22:38:09] [INFO    ] [gui.ip_config_window] [id-1754685485] [IP-CONFIG-SETUP-BLOCK-DIAGRAM-DONE] Block diagram viewer set up.
[2025-08-08 22:38:09] [INFO    ] [gui.ip_config_window] [id-1754685485] [IP-CONFIG-START-DONE] IP Config Window initialized
[2025-08-08 22:38:29] [INFO    ] [gui.api_wrapper] [id-1754685485] [VALIDATE_SINGLE_PARAM-BEGIN] Validating IP param...
[2025-08-08 22:38:29] [DEBUG   ] [efx_ipmgr.api_v2] [id-1754685485] [VALIDATE_SINGLE_PARAM-BEGIN] Param: HARD_BREAKPOINT, updated_param_value: 2
[2025-08-08 22:38:30] [DEBUG   ] [efx_ipmgr.api_v2] [id-1754685485] [VALIDATE_SINGLE_PARAM-DONE] Param validation finished.
[2025-08-08 22:38:30] [INFO    ] [gui.api_wrapper] [id-1754685485] [VALIDATE_SINGLE_PARAM-DONE] Validation result obtained
[2025-08-08 22:38:30] [INFO    ] [gui.api_wrapper] [id-1754685485] [GET_FILESETS-BEGIN] Getting ip filesets...
[2025-08-08 22:38:30] [INFO    ] [gui.api_wrapper] [id-1754685485] [GET_FILESETS] IP filesets successfully obtained
[2025-08-08 22:38:30] [INFO    ] [gui.api_wrapper] [id-1754685485] [GET_FILESETS] Cross checking with compulsory table.
[2025-08-08 22:38:30] [INFO    ] [gui.api_wrapper] [id-1754685485] [GET_FILESETS-DONE] GUI Filesets obtained.
[2025-08-08 22:38:31] [INFO    ] [gui.api_wrapper] [id-1754685485] [VALIDATE_SINGLE_PARAM-BEGIN] Validating IP param...
[2025-08-08 22:38:31] [DEBUG   ] [efx_ipmgr.api_v2] [id-1754685485] [VALIDATE_SINGLE_PARAM-BEGIN] Param: HARD_BREAKPOINT, updated_param_value: 1
[2025-08-08 22:38:31] [DEBUG   ] [efx_ipmgr.api_v2] [id-1754685485] [VALIDATE_SINGLE_PARAM-DONE] Param validation finished.
[2025-08-08 22:38:31] [INFO    ] [gui.api_wrapper] [id-1754685485] [VALIDATE_SINGLE_PARAM-DONE] Validation result obtained
[2025-08-08 22:38:31] [INFO    ] [gui.api_wrapper] [id-1754685485] [GET_FILESETS-BEGIN] Getting ip filesets...
[2025-08-08 22:38:31] [INFO    ] [gui.api_wrapper] [id-1754685485] [GET_FILESETS] IP filesets successfully obtained
[2025-08-08 22:38:31] [INFO    ] [gui.api_wrapper] [id-1754685485] [GET_FILESETS] Cross checking with compulsory table.
[2025-08-08 22:38:31] [INFO    ] [gui.api_wrapper] [id-1754685485] [GET_FILESETS-DONE] GUI Filesets obtained.
[2025-08-08 22:38:32] [INFO    ] [gui.api_wrapper] [id-1754685485] [VALIDATE_SINGLE_PARAM-BEGIN] Validating IP param...
[2025-08-08 22:38:32] [DEBUG   ] [efx_ipmgr.api_v2] [id-1754685485] [VALIDATE_SINGLE_PARAM-BEGIN] Param: HARD_BREAKPOINT, updated_param_value: 0
[2025-08-08 22:38:32] [DEBUG   ] [efx_ipmgr.api_v2] [id-1754685485] [VALIDATE_SINGLE_PARAM-DONE] Param validation finished.
[2025-08-08 22:38:32] [INFO    ] [gui.api_wrapper] [id-1754685485] [VALIDATE_SINGLE_PARAM-DONE] Validation result obtained
[2025-08-08 22:38:33] [INFO    ] [gui.api_wrapper] [id-1754685485] [GET_FILESETS-BEGIN] Getting ip filesets...
[2025-08-08 22:38:33] [INFO    ] [gui.api_wrapper] [id-1754685485] [GET_FILESETS] IP filesets successfully obtained
[2025-08-08 22:38:33] [INFO    ] [gui.api_wrapper] [id-1754685485] [GET_FILESETS] Cross checking with compulsory table.
[2025-08-08 22:38:33] [INFO    ] [gui.api_wrapper] [id-1754685485] [GET_FILESETS-DONE] GUI Filesets obtained.
[2025-08-08 22:38:35] [INFO    ] [gui.api_wrapper] [id-1754685485] [VALIDATE_SINGLE_PARAM-BEGIN] Validating IP param...
[2025-08-08 22:38:35] [DEBUG   ] [efx_ipmgr.api_v2] [id-1754685485] [VALIDATE_SINGLE_PARAM-BEGIN] Param: RISCV_DEBUG_PRIV, updated_param_value: 0
[2025-08-08 22:38:35] [DEBUG   ] [efx_ipmgr.api_v2] [id-1754685485] [VALIDATE_SINGLE_PARAM-DONE] Param validation finished.
[2025-08-08 22:38:35] [INFO    ] [gui.api_wrapper] [id-1754685485] [VALIDATE_SINGLE_PARAM-DONE] Validation result obtained
[2025-08-08 22:38:35] [INFO    ] [gui.api_wrapper] [id-1754685485] [GET_FILESETS-BEGIN] Getting ip filesets...
[2025-08-08 22:38:35] [INFO    ] [gui.api_wrapper] [id-1754685485] [GET_FILESETS] IP filesets successfully obtained
[2025-08-08 22:38:35] [INFO    ] [gui.api_wrapper] [id-1754685485] [GET_FILESETS] Cross checking with compulsory table.
[2025-08-08 22:38:35] [INFO    ] [gui.api_wrapper] [id-1754685485] [GET_FILESETS-DONE] GUI Filesets obtained.
[2025-08-08 22:38:47] [INFO    ] [gui.api_wrapper] [id-1754685485] [VALIDATE_SINGLE_PARAM-BEGIN] Validating IP param...
[2025-08-08 22:38:47] [DEBUG   ] [efx_ipmgr.api_v2] [id-1754685485] [VALIDATE_SINGLE_PARAM-BEGIN] Param: RISCV_DEBUG_PRIV, updated_param_value: 1
[2025-08-08 22:38:47] [DEBUG   ] [efx_ipmgr.api_v2] [id-1754685485] [VALIDATE_SINGLE_PARAM-DONE] Param validation finished.
[2025-08-08 22:38:47] [INFO    ] [gui.api_wrapper] [id-1754685485] [VALIDATE_SINGLE_PARAM-DONE] Validation result obtained
[2025-08-08 22:38:47] [INFO    ] [gui.api_wrapper] [id-1754685485] [GET_FILESETS-BEGIN] Getting ip filesets...
[2025-08-08 22:38:47] [INFO    ] [gui.api_wrapper] [id-1754685485] [GET_FILESETS] IP filesets successfully obtained
[2025-08-08 22:38:47] [INFO    ] [gui.api_wrapper] [id-1754685485] [GET_FILESETS] Cross checking with compulsory table.
[2025-08-08 22:38:47] [INFO    ] [gui.api_wrapper] [id-1754685485] [GET_FILESETS-DONE] GUI Filesets obtained.
[2025-08-08 22:38:50] [INFO    ] [gui.api_wrapper] [id-1754685485] [VALIDATE_SINGLE_PARAM-BEGIN] Validating IP param...
[2025-08-08 22:38:50] [DEBUG   ] [efx_ipmgr.api_v2] [id-1754685485] [VALIDATE_SINGLE_PARAM-BEGIN] Param: RISCV_DEBUG_PRIV, updated_param_value: 0
[2025-08-08 22:38:51] [DEBUG   ] [efx_ipmgr.api_v2] [id-1754685485] [VALIDATE_SINGLE_PARAM-DONE] Param validation finished.
[2025-08-08 22:38:51] [INFO    ] [gui.api_wrapper] [id-1754685485] [VALIDATE_SINGLE_PARAM-DONE] Validation result obtained
[2025-08-08 22:38:51] [INFO    ] [gui.api_wrapper] [id-1754685485] [GET_FILESETS-BEGIN] Getting ip filesets...
[2025-08-08 22:38:51] [INFO    ] [gui.api_wrapper] [id-1754685485] [GET_FILESETS] IP filesets successfully obtained
[2025-08-08 22:38:51] [INFO    ] [gui.api_wrapper] [id-1754685485] [GET_FILESETS] Cross checking with compulsory table.
[2025-08-08 22:38:51] [INFO    ] [gui.api_wrapper] [id-1754685485] [GET_FILESETS-DONE] GUI Filesets obtained.
[2025-08-08 22:38:55] [INFO    ] [gui.api_wrapper] [id-1754685485] [VALIDATE_SINGLE_PARAM-BEGIN] Validating IP param...
[2025-08-08 22:38:55] [DEBUG   ] [efx_ipmgr.api_v2] [id-1754685485] [VALIDATE_SINGLE_PARAM-BEGIN] Param: SOFT_TAP, updated_param_value: 0
[2025-08-08 22:38:56] [DEBUG   ] [efx_ipmgr.api_v2] [id-1754685485] [VALIDATE_SINGLE_PARAM-DONE] Param validation finished.
[2025-08-08 22:38:56] [INFO    ] [gui.api_wrapper] [id-1754685485] [VALIDATE_SINGLE_PARAM-DONE] Validation result obtained
[2025-08-08 22:38:56] [INFO    ] [gui.api_wrapper] [id-1754685485] [GET_FILESETS-BEGIN] Getting ip filesets...
[2025-08-08 22:38:56] [INFO    ] [gui.api_wrapper] [id-1754685485] [GET_FILESETS] IP filesets successfully obtained
[2025-08-08 22:38:56] [INFO    ] [gui.api_wrapper] [id-1754685485] [GET_FILESETS] Cross checking with compulsory table.
[2025-08-08 22:38:56] [INFO    ] [gui.api_wrapper] [id-1754685485] [GET_FILESETS-DONE] GUI Filesets obtained.
[2025-08-08 22:39:03] [INFO    ] [gui.api_wrapper] [id-1754685485] [VALIDATE_SINGLE_PARAM-BEGIN] Validating IP param...
[2025-08-08 22:39:03] [DEBUG   ] [efx_ipmgr.api_v2] [id-1754685485] [VALIDATE_SINGLE_PARAM-BEGIN] Param: RISCV_DEBUG_PRIV, updated_param_value: 1
[2025-08-08 22:39:03] [DEBUG   ] [efx_ipmgr.api_v2] [id-1754685485] [VALIDATE_SINGLE_PARAM-DONE] Param validation finished.
[2025-08-08 22:39:03] [INFO    ] [gui.api_wrapper] [id-1754685485] [VALIDATE_SINGLE_PARAM-DONE] Validation result obtained
[2025-08-08 22:39:03] [INFO    ] [gui.api_wrapper] [id-1754685485] [GET_FILESETS-BEGIN] Getting ip filesets...
[2025-08-08 22:39:03] [INFO    ] [gui.api_wrapper] [id-1754685485] [GET_FILESETS] IP filesets successfully obtained
[2025-08-08 22:39:03] [INFO    ] [gui.api_wrapper] [id-1754685485] [GET_FILESETS] Cross checking with compulsory table.
[2025-08-08 22:39:03] [INFO    ] [gui.api_wrapper] [id-1754685485] [GET_FILESETS-DONE] GUI Filesets obtained.
[2025-08-08 22:39:17] [INFO    ] [gui.ip_config_window] [id-1754685485] [IP-CONFIG-GENERATE-BEGIN] Setup IP generation
[2025-08-08 22:39:17] [INFO    ] [gui.ip_config_window] [id-1754685485] [IP-CONFIG-GENERATE] Project_path: /home/olle/efinity_p2/BRAM//ip
[2025-08-08 22:39:17] [INFO    ] [efx_ipmgr.api_v2] [id-1754685485] [JSON_DECODER-DONE] Decoding done
[2025-08-08 22:39:17] [INFO    ] [gui.ip_config_window] [id-1754685485] [IP-CONFIG-GENERATE] Chosen deliverables: 
generator
Source
script
embedded_sw
Example Design (T120F324_devkit)
Example Design (Ti60F225_devkit)
Example Design (Ti180J484_devkit)
Example Design (Tz170J484_devkit)
Testbench
Testbench/modelsim
Testbench/aldec
Testbench/ncsim
Testbench/synopsys

[2025-08-08 22:39:17] [INFO    ] [gui.ip_config_window] [id-1754685485] [IP-CONFIG-GENERATE] Have thread pool start GenerateIpRunnable...
[2025-08-08 22:39:18] [INFO    ] [gui.api_wrapper] [id-1754685485] [GENERATE-BEFORE] Clean up old settings.json
[2025-08-08 22:39:18] [INFO    ] [efx_ipmgr.api_v2] [id-1754685485] [CLEAN_IP-BEGIN] IN, setting_path = /home/olle/efinity_p2/BRAM/ip/micro_risc_v1/settings.json
[2025-08-08 22:39:18] [INFO    ] [efx_ipmgr.api_v2] [id-1754685485] [JSON_DECODER-DONE] Decoding done
[2025-08-08 22:39:18] [INFO    ] [efx_ipmgr.api_v2] [id-1754685485] [CLEAN_IP-DONE] OUT, result = True
[2025-08-08 22:39:18] [INFO    ] [efx_ipmgr.api_v2] [id-1754685485] [CONCAT_VALIDATE_PARAMS] Skipping put params. Validation not done ...
[2025-08-08 22:39:18] [INFO    ] [efx_ipmgr.api_v2] [id-1754685485] [GENERATE_IP] Prepare filesets for generation
[2025-08-08 22:39:18] [INFO    ] [efx_ipmgr.api_v2] [id-1754685485] [GENERATE_IP] Fileset preparation done.
[2025-08-08 22:39:18] [DEBUG   ] [efx_ipmgr.builder] [id-1754685485] [BUILDER_RUN] command_str = ${EFINITY_PYTHON} ${IP_LIBRARY_ROOT}/efx_soc/efx_soc/generator/soc_gen.py
[2025-08-08 22:39:18] [DEBUG   ] [efx_ipmgr.builder] [id-1754685485] [BUILDER_RUN] flags_str = --out_path ${IP_OUTPUT_PATH} --user_project_path ${USER_PROJECT_PATH} --gen_name ${IP_GEN_MODULE} --parameters ${IP_USER_PARAMETERS}
[2025-08-08 22:39:18] [DEBUG   ] [efx_ipmgr.builder] [id-1754685485] [BUILDER_RUN] file = {'path': '${IP_GEN_MODULE}', 'copiedPath': '', 'fileType': 'pythonScript', 'workdir': '', 'isInternal': '', 'isPresent': 'True', 'isPresentDefault': 'True', 'command': '${EFINITY_PYTHON} ${IP_LIBRARY_ROOT}/efx_soc/efx_soc/generator/soc_gen.py', 'flags': '--out_path ${IP_OUTPUT_PATH} --user_project_path ${USER_PROJECT_PATH} --gen_name ${IP_GEN_MODULE} --parameters ${IP_USER_PARAMETERS}', 'targetName': '', 'name': PosixPath('/home/olle/efinity_p2/BRAM/ip/micro_risc_v1/micro_risc_v1')}
[2025-08-08 22:39:18] [INFO    ] [efx_ipmgr.builder] [id-1754685485] [BUILDER_INVOKE_BUILD_COMMAND-BEGIN] Start build_command
[2025-08-08 22:39:18] [INFO    ] [efx_ipmgr.builder] [id-1754685485] [BUILDER_INVOKE_BUILD_COMMAND] CWD=/home/olle/efinity_p2/BRAM/
[2025-08-08 22:39:18] [INFO    ] [efx_ipmgr.builder] [id-1754685485] [BUILDER_INVOKE_BUILD_COMMAND] args: /home/olle/efinix/efinity/2025.1/bin/python3
/home/olle/efinix/efinity/2025.1/ipm/ip/efx_soc/efx_soc/generator/soc_gen.py
--out_path
/home/olle/efinity_p2/BRAM/ip
--user_project_path
/home/olle/efinity_p2/BRAM
--gen_name
micro_risc_v1
--parameters
HexFile_PathEnable="1"
HexFile_Path="embedded_sw/micro_risc_v1/software/standalone/blink_led/build/blink_led.hex"
APBSlave4_Size="65536"
APBSlave3_Size="65536"
APBSlave2_Size="65536"
APBSlave1_Size="65536"
APBSlave0_Size="65536"
DEVKIT_CUSTOM="sapphireBoard_rev0"
LDSize="124"
LDStackSize="4"
DEVKIT="0"
DEBUG="1"
IDE_SEL="0"
RISCV_DEBUG_PRIV="1"
HARD_BREAKPOINT="0"
SOFT_TAP="0"
TAP_MODE="0"
TAP_COUNT="2"
TAP_SEL="8"
Frequency="128"
PeriFrequencyEnable="0"
PeriFrequency="50"
APBSlave0_Addr="1048576"
APBSlave2_Addr="0"
APBSlave4_Addr="0"
UART2_FIFODEPTH="128"
UART2_INT_ID="3"
TEST="0"
APBSlave3_Addr="0"
I2C2_Addr="86016"
Base_AXIS="16777216"
Base_M_AXIS="3774873600"
APBSlave0="0"
Base_IM="4177526784"
APBSlave2="0"
Base_IO="4160749568"
Base_M_IO="4160749568"
Base_EM="4096"
APBSlave1_Addr="0"
APBSlave1="0"
APBSlave3="0"
USER_1_INTR_ID="17"
USER_1_INTR="0"
USER_0_INTR_ID="16"
USER_0_INTR="0"
USER_2_INTR="0"
USER_2_INTR_ID="22"
USER_3_INTR="0"
USER_3_INTR_ID="23"
USER_4_INTR="0"
USER_4_INTR_ID="24"
USER_5_INTR="0"
USER_5_INTR_ID="25"
USER_6_INTR="0"
USER_6_INTR_ID="26"
USER_7_INTR="0"
USER_7_INTR_ID="27"
APBSlave4="0"
CustomInstruction="0"
ATMEXT="0"
CMREXT="0"
FPEXT="1"
FPU="0"
LINUX="0"
ICACHEWAY="1"
DCACHEWAY="1"
CpuCount="1"
ICacheSize="4096"
DCacheSize="4096"
Cache="1"
ICache_EN="1"
DCache_EN="1"
DDR="0"
DDR_AXI4="0"
DDRWidth="128"
DDR_IdWidth="8"
DDRSize="3758096384"
OCRSize="8192"
AXISlave="0"
AXISlaveSize="16777216"
GPIO1_Addr="86016"
GPIO0_Addr="86016"
GPIO1_INT_ID1="15"
GPIO1_INT_ID0="14"
GPIO0_INT_ID1="13"
GPIO0_INT_ID0="1"
GPIO0="1"
GPIO0Width="1"
GPIO1Width="8"
GPIO1="0"
UART0_FIFODEPTH="64"
UART0_INT_ID="2"
UART0_Addr="65536"
IOSize="4096"
UART0_M_Addr="4096"
UART1_M_Addr="8192"
UART2_M_Addr="12288"
SPI0_M_Addr="24576"
SPI1_M_Addr="16384"
SPI2_M_Addr="20480"
I2C0_M_Addr="40960"
I2C1_M_Addr="45056"
I2C2_M_Addr="49152"
GPIO0_M_Addr="53248"
GPIO1_M_Addr="57344"
APBSlave0_M_Addr="1048576"
APBSlave1_M_Addr="2097152"
APBSlave2_M_Addr="3145728"
APBSlave3_M_Addr="4194304"
APBSlave4_M_Addr="5242880"
UART0="1"
UART2_Addr="86016"
UART2="0"
UART1_FIFODEPTH="128"
UART1_INT_ID="2"
UART1_Addr="86016"
UART1="0"
SPI2="0"
SPI2DW="8"
SPI2SS="1"
SPI2_FIFODEPTH="256"
SPI1_INT_ID="5"
SPI1="0"
SPI1DW="8"
SPI1SS="1"
SPI1_FIFODEPTH="256"
SPI0_INT_ID="4"
SPI0_Addr="81920"
SPI0="0"
SPI0DW="8"
SPI0SS="1"
SPI0_FIFODEPTH="256"
I2C2_INT_ID="10"
ADDR_Scheme="0"
I2C2="0"
I2C1_Addr="86016"
I2C1="0"
SPI2_INT_ID="6"
SPI2_Addr="81920"
SPI1_Addr="81920"
I2C0_Addr="86016"
I2C1_INT_ID="9"
I2C0_INT_ID="8"
I2C0="0"
AXIMasterWidth_1="32"
AXIMaster_1="0"
AXIMasterWidth="32"
AXIMaster="1"
USER_TIMER0="0"
USER_TIMER0_CNT_WIDTH="12"
USER_TIMER0_PS_WIDTH="8"
USER_TIMER0_INT_ID="19"
USER_TIMER0_Addr="86016"
USER_TIMER0_M_Addr="61440"
USER_TIMER1="0"
USER_TIMER1_CNT_WIDTH="12"
USER_TIMER1_PS_WIDTH="8"
USER_TIMER1_INT_ID="20"
USER_TIMER1_Addr="86016"
USER_TIMER1_M_Addr="65536"
USER_TIMER2="0"
USER_TIMER2_CNT_WIDTH="12"
USER_TIMER2_PS_WIDTH="8"
USER_TIMER2_INT_ID="21"
USER_TIMER2_Addr="86016"
USER_TIMER2_M_Addr="69632"
WDT0="0"
WDT0_PS_WIDTH="24"
WDT0_TIMER_WIDTH="16"
WDT0_Addr="86016"
WDT0_M_Addr="73728"
WDT0_INT_ID="32"
RAM_OPT="0"
SOC_MODE="1"
MULDIV_EXT="0"
BARREL_SHIFTER="0"
REDUCED_CSR="1"
DDRCLK_DOMAIN="1"
DDR_OPT="1"
SW_REMOVED="0"
[2025-08-08 22:39:23] [INFO    ] [efx_ipmgr.builder] [id-1754685485] [BUILDER_INVOKE_BUILD_COMMAND] stdout: [Runtime] SpinalHDL dev    git head : 81793df2c4f55a20f7eff1130c4bb74a4b11319f
[Runtime] JVM max memory : 3950.0MiB
[Runtime] Current date : 2025.08.08 22:39:19
[Progress] at 0.000 : Elaborate components
[Info] No CounterService was found. Generating legacy counters and timer
[Progress] at 2.711 : Checks and transforms
[Progress] at 3.436 : Generate Verilog to hardware/netlist
[Warning] toplevel/system_riscvJtag_debug_logic_dm/logic_progbufX_mem : Mem[2*32 bits].readAsync can only be write first into Verilog
[Warning] 294 signals were pruned. You can call printPruned on the backend report to get more informations.
[Done] at 4.000
current path: /home/olle/efinity_p2/BRAM/ip/micro_risc_v1_outflow
java -cp /home/olle/efinix/efinity/2025.1/ipm/ip/efx_soc/efx_soc/generator/EfxSapphireSoc.jar saxon.board.efinix.EfxSapphireSoc  --ramHex "/home/olle/efinity_p2/BRAM/embedded_sw/micro_risc_v1/software/standalone/blink_led/build/blink_led.hex" --L1D true --FpuDouble false --lowArea 5 --noBarrelShifter --onChipRamAddress 0xf9000000 --axiAEnable false --PeripheralClock false --L1I true --iCacheWays 1 --Linux false --cpuCount 1 --iCacheSize 4096 --softTap false --noMulDiv --dCacheWays 1 --withRiscvDebugPriv --dCacheSize 4096 --onChipRamSize 0x2000 --ddrAEnable false --apbBridgeAddress 0xf8000000 --hardwareBreakpoints 0 --Fpu false --uart name=system_uart_0_io,address=0x010000,interruptId=2,fifoDepth=64 --systemFrequency 128000000 --gpio name=system_gpio_0_io,address=0x015000,width=1,interrupts="0->1" --Atomic false
loc upper: /home/olle/efinix/efinity/2025.1/ipm/ip/efx_soc/efx_soc

[2025-08-08 22:39:23] [INFO    ] [efx_ipmgr.builder] [id-1754685485] [BUILDER_INVOKE_BUILD_COMMAND-DONE] Build Command Execution: Success
[2025-08-08 22:39:23] [DEBUG   ] [efx_ipmgr.builder] [id-1754685485] [BUILDER_RUN] file_name = /home/olle/efinity_p2/BRAM/ip/micro_risc_v1/micro_risc_v1
[2025-08-08 22:39:23] [DEBUG   ] [efx_ipmgr.builder] [id-1754685485] [BUILDER_RUN] resolved_name = /home/olle/efinity_p2/BRAM/ip/micro_risc_v1/micro_risc_v1
[2025-08-08 22:39:24] [DEBUG   ] [efx_ipmgr.builder] [id-1754685485] [BUILDER_RUN] command_str = ${EFINITY_PYTHON} ${IP_LIBRARY_ROOT}/efx_soc/efx_soc/generator/remove_hash_for_bin.py
[2025-08-08 22:39:24] [DEBUG   ] [efx_ipmgr.builder] [id-1754685485] [BUILDER_RUN] flags_str = --out_path ${IP_OUTPUT_PATH} --gen_name ${IP_GEN_MODULE} --parameters ${IP_USER_PARAMETERS}
[2025-08-08 22:39:24] [DEBUG   ] [efx_ipmgr.builder] [id-1754685485] [BUILDER_RUN] file = {'path': '${IP_GEN_MODULE', 'copiedPath': '', 'fileType': 'pythonScript', 'workdir': '', 'isInternal': '', 'isPresent': 'True', 'isPresentDefault': 'True', 'command': '${EFINITY_PYTHON} ${IP_LIBRARY_ROOT}/efx_soc/efx_soc/generator/remove_hash_for_bin.py', 'flags': '--out_path ${IP_OUTPUT_PATH} --gen_name ${IP_GEN_MODULE} --parameters ${IP_USER_PARAMETERS}', 'targetName': '', 'name': PosixPath('/home/olle/efinity_p2/BRAM/ip/micro_risc_v1/${IP_GEN_MODULE')}
[2025-08-08 22:39:24] [INFO    ] [efx_ipmgr.builder] [id-1754685485] [BUILDER_INVOKE_BUILD_COMMAND-BEGIN] Start build_command
[2025-08-08 22:39:24] [INFO    ] [efx_ipmgr.builder] [id-1754685485] [BUILDER_INVOKE_BUILD_COMMAND] CWD=/home/olle/efinity_p2/BRAM/
[2025-08-08 22:39:24] [INFO    ] [efx_ipmgr.builder] [id-1754685485] [BUILDER_INVOKE_BUILD_COMMAND] args: /home/olle/efinix/efinity/2025.1/bin/python3
/home/olle/efinix/efinity/2025.1/ipm/ip/efx_soc/efx_soc/generator/remove_hash_for_bin.py
--out_path
/home/olle/efinity_p2/BRAM/ip
--gen_name
micro_risc_v1
--parameters
HexFile_PathEnable="1"
HexFile_Path="embedded_sw/micro_risc_v1/software/standalone/blink_led/build/blink_led.hex"
APBSlave4_Size="65536"
APBSlave3_Size="65536"
APBSlave2_Size="65536"
APBSlave1_Size="65536"
APBSlave0_Size="65536"
DEVKIT_CUSTOM="sapphireBoard_rev0"
LDSize="124"
LDStackSize="4"
DEVKIT="0"
DEBUG="1"
IDE_SEL="0"
RISCV_DEBUG_PRIV="1"
HARD_BREAKPOINT="0"
SOFT_TAP="0"
TAP_MODE="0"
TAP_COUNT="2"
TAP_SEL="8"
Frequency="128"
PeriFrequencyEnable="0"
PeriFrequency="50"
APBSlave0_Addr="1048576"
APBSlave2_Addr="0"
APBSlave4_Addr="0"
UART2_FIFODEPTH="128"
UART2_INT_ID="3"
TEST="0"
APBSlave3_Addr="0"
I2C2_Addr="86016"
Base_AXIS="16777216"
Base_M_AXIS="3774873600"
APBSlave0="0"
Base_IM="4177526784"
APBSlave2="0"
Base_IO="4160749568"
Base_M_IO="4160749568"
Base_EM="4096"
APBSlave1_Addr="0"
APBSlave1="0"
APBSlave3="0"
USER_1_INTR_ID="17"
USER_1_INTR="0"
USER_0_INTR_ID="16"
USER_0_INTR="0"
USER_2_INTR="0"
USER_2_INTR_ID="22"
USER_3_INTR="0"
USER_3_INTR_ID="23"
USER_4_INTR="0"
USER_4_INTR_ID="24"
USER_5_INTR="0"
USER_5_INTR_ID="25"
USER_6_INTR="0"
USER_6_INTR_ID="26"
USER_7_INTR="0"
USER_7_INTR_ID="27"
APBSlave4="0"
CustomInstruction="0"
ATMEXT="0"
CMREXT="0"
FPEXT="1"
FPU="0"
LINUX="0"
ICACHEWAY="1"
DCACHEWAY="1"
CpuCount="1"
ICacheSize="4096"
DCacheSize="4096"
Cache="1"
ICache_EN="1"
DCache_EN="1"
DDR="0"
DDR_AXI4="0"
DDRWidth="128"
DDR_IdWidth="8"
DDRSize="3758096384"
OCRSize="8192"
AXISlave="0"
AXISlaveSize="16777216"
GPIO1_Addr="86016"
GPIO0_Addr="86016"
GPIO1_INT_ID1="15"
GPIO1_INT_ID0="14"
GPIO0_INT_ID1="13"
GPIO0_INT_ID0="1"
GPIO0="1"
GPIO0Width="1"
GPIO1Width="8"
GPIO1="0"
UART0_FIFODEPTH="64"
UART0_INT_ID="2"
UART0_Addr="65536"
IOSize="4096"
UART0_M_Addr="4096"
UART1_M_Addr="8192"
UART2_M_Addr="12288"
SPI0_M_Addr="24576"
SPI1_M_Addr="16384"
SPI2_M_Addr="20480"
I2C0_M_Addr="40960"
I2C1_M_Addr="45056"
I2C2_M_Addr="49152"
GPIO0_M_Addr="53248"
GPIO1_M_Addr="57344"
APBSlave0_M_Addr="1048576"
APBSlave1_M_Addr="2097152"
APBSlave2_M_Addr="3145728"
APBSlave3_M_Addr="4194304"
APBSlave4_M_Addr="5242880"
UART0="1"
UART2_Addr="86016"
UART2="0"
UART1_FIFODEPTH="128"
UART1_INT_ID="2"
UART1_Addr="86016"
UART1="0"
SPI2="0"
SPI2DW="8"
SPI2SS="1"
SPI2_FIFODEPTH="256"
SPI1_INT_ID="5"
SPI1="0"
SPI1DW="8"
SPI1SS="1"
SPI1_FIFODEPTH="256"
SPI0_INT_ID="4"
SPI0_Addr="81920"
SPI0="0"
SPI0DW="8"
SPI0SS="1"
SPI0_FIFODEPTH="256"
I2C2_INT_ID="10"
ADDR_Scheme="0"
I2C2="0"
I2C1_Addr="86016"
I2C1="0"
SPI2_INT_ID="6"
SPI2_Addr="81920"
SPI1_Addr="81920"
I2C0_Addr="86016"
I2C1_INT_ID="9"
I2C0_INT_ID="8"
I2C0="0"
AXIMasterWidth_1="32"
AXIMaster_1="0"
AXIMasterWidth="32"
AXIMaster="1"
USER_TIMER0="0"
USER_TIMER0_CNT_WIDTH="12"
USER_TIMER0_PS_WIDTH="8"
USER_TIMER0_INT_ID="19"
USER_TIMER0_Addr="86016"
USER_TIMER0_M_Addr="61440"
USER_TIMER1="0"
USER_TIMER1_CNT_WIDTH="12"
USER_TIMER1_PS_WIDTH="8"
USER_TIMER1_INT_ID="20"
USER_TIMER1_Addr="86016"
USER_TIMER1_M_Addr="65536"
USER_TIMER2="0"
USER_TIMER2_CNT_WIDTH="12"
USER_TIMER2_PS_WIDTH="8"
USER_TIMER2_INT_ID="21"
USER_TIMER2_Addr="86016"
USER_TIMER2_M_Addr="69632"
WDT0="0"
WDT0_PS_WIDTH="24"
WDT0_TIMER_WIDTH="16"
WDT0_Addr="86016"
WDT0_M_Addr="73728"
WDT0_INT_ID="32"
RAM_OPT="0"
SOC_MODE="1"
MULDIV_EXT="0"
BARREL_SHIFTER="0"
REDUCED_CSR="1"
DDRCLK_DOMAIN="1"
DDR_OPT="1"
SW_REMOVED="0"
[2025-08-08 22:39:24] [INFO    ] [efx_ipmgr.builder] [id-1754685485] [BUILDER_INVOKE_BUILD_COMMAND] stdout: 
[2025-08-08 22:39:24] [INFO    ] [efx_ipmgr.builder] [id-1754685485] [BUILDER_INVOKE_BUILD_COMMAND-DONE] Build Command Execution: Success
[2025-08-08 22:39:24] [DEBUG   ] [efx_ipmgr.builder] [id-1754685485] [BUILDER_RUN] file_name = /home/olle/efinity_p2/BRAM/ip/micro_risc_v1/${IP_GEN_MODULE
[2025-08-08 22:39:24] [DEBUG   ] [efx_ipmgr.builder] [id-1754685485] [BUILDER_RUN] resolved_name = /home/olle/efinity_p2/BRAM/ip/micro_risc_v1/${IP_GEN_MODULE
[2025-08-08 22:39:24] [DEBUG   ] [efx_ipmgr.builder] [id-1754685485] [BUILDER_RUN] command_str = ${EFINITY_PYTHON} ${IP_LIBRARY_ROOT}/efx_soc/efx_soc/embedded_sw/sw_script.py
[2025-08-08 22:39:24] [DEBUG   ] [efx_ipmgr.builder] [id-1754685485] [BUILDER_RUN] flags_str = --out_path ${PROJECT_PATH}/embedded_sw --ip_path ${PROJECT_PATH}/ip --gen_name ${IP_GEN_MODULE} --ipm_path ${IP_LIBRARY_ROOT} --parameters ${IP_USER_PARAMETERS}
[2025-08-08 22:39:24] [DEBUG   ] [efx_ipmgr.builder] [id-1754685485] [BUILDER_RUN] file = {'path': '../${IP_GEN_MODULE}/embedded_sw', 'copiedPath': '', 'fileType': 'pythonScript', 'workdir': '', 'isInternal': '', 'isPresent': 'True', 'isPresentDefault': 'True', 'command': '${EFINITY_PYTHON} ${IP_LIBRARY_ROOT}/efx_soc/efx_soc/embedded_sw/sw_script.py', 'flags': '--out_path ${PROJECT_PATH}/embedded_sw --ip_path ${PROJECT_PATH}/ip --gen_name ${IP_GEN_MODULE} --ipm_path ${IP_LIBRARY_ROOT} --parameters ${IP_USER_PARAMETERS}', 'targetName': '', 'name': PosixPath('/home/olle/efinity_p2/BRAM/ip/micro_risc_v1/../micro_risc_v1/embedded_sw')}
[2025-08-08 22:39:24] [INFO    ] [efx_ipmgr.builder] [id-1754685485] [BUILDER_INVOKE_BUILD_COMMAND-BEGIN] Start build_command
[2025-08-08 22:39:24] [INFO    ] [efx_ipmgr.builder] [id-1754685485] [BUILDER_INVOKE_BUILD_COMMAND] CWD=/home/olle/efinity_p2/BRAM/
[2025-08-08 22:39:24] [INFO    ] [efx_ipmgr.builder] [id-1754685485] [BUILDER_INVOKE_BUILD_COMMAND] args: /home/olle/efinix/efinity/2025.1/bin/python3
/home/olle/efinix/efinity/2025.1/ipm/ip/efx_soc/efx_soc/embedded_sw/sw_script.py
--out_path
/home/olle/efinity_p2/BRAM/embedded_sw
--ip_path
/home/olle/efinity_p2/BRAM/ip
--gen_name
micro_risc_v1
--ipm_path
/home/olle/efinix/efinity/2025.1/ipm/ip
--parameters
HexFile_PathEnable="1"
HexFile_Path="embedded_sw/micro_risc_v1/software/standalone/blink_led/build/blink_led.hex"
APBSlave4_Size="65536"
APBSlave3_Size="65536"
APBSlave2_Size="65536"
APBSlave1_Size="65536"
APBSlave0_Size="65536"
DEVKIT_CUSTOM="sapphireBoard_rev0"
LDSize="124"
LDStackSize="4"
DEVKIT="0"
DEBUG="1"
IDE_SEL="0"
RISCV_DEBUG_PRIV="1"
HARD_BREAKPOINT="0"
SOFT_TAP="0"
TAP_MODE="0"
TAP_COUNT="2"
TAP_SEL="8"
Frequency="128"
PeriFrequencyEnable="0"
PeriFrequency="50"
APBSlave0_Addr="1048576"
APBSlave2_Addr="0"
APBSlave4_Addr="0"
UART2_FIFODEPTH="128"
UART2_INT_ID="3"
TEST="0"
APBSlave3_Addr="0"
I2C2_Addr="86016"
Base_AXIS="16777216"
Base_M_AXIS="3774873600"
APBSlave0="0"
Base_IM="4177526784"
APBSlave2="0"
Base_IO="4160749568"
Base_M_IO="4160749568"
Base_EM="4096"
APBSlave1_Addr="0"
APBSlave1="0"
APBSlave3="0"
USER_1_INTR_ID="17"
USER_1_INTR="0"
USER_0_INTR_ID="16"
USER_0_INTR="0"
USER_2_INTR="0"
USER_2_INTR_ID="22"
USER_3_INTR="0"
USER_3_INTR_ID="23"
USER_4_INTR="0"
USER_4_INTR_ID="24"
USER_5_INTR="0"
USER_5_INTR_ID="25"
USER_6_INTR="0"
USER_6_INTR_ID="26"
USER_7_INTR="0"
USER_7_INTR_ID="27"
APBSlave4="0"
CustomInstruction="0"
ATMEXT="0"
CMREXT="0"
FPEXT="1"
FPU="0"
LINUX="0"
ICACHEWAY="1"
DCACHEWAY="1"
CpuCount="1"
ICacheSize="4096"
DCacheSize="4096"
Cache="1"
ICache_EN="1"
DCache_EN="1"
DDR="0"
DDR_AXI4="0"
DDRWidth="128"
DDR_IdWidth="8"
DDRSize="3758096384"
OCRSize="8192"
AXISlave="0"
AXISlaveSize="16777216"
GPIO1_Addr="86016"
GPIO0_Addr="86016"
GPIO1_INT_ID1="15"
GPIO1_INT_ID0="14"
GPIO0_INT_ID1="13"
GPIO0_INT_ID0="1"
GPIO0="1"
GPIO0Width="1"
GPIO1Width="8"
GPIO1="0"
UART0_FIFODEPTH="64"
UART0_INT_ID="2"
UART0_Addr="65536"
IOSize="4096"
UART0_M_Addr="4096"
UART1_M_Addr="8192"
UART2_M_Addr="12288"
SPI0_M_Addr="24576"
SPI1_M_Addr="16384"
SPI2_M_Addr="20480"
I2C0_M_Addr="40960"
I2C1_M_Addr="45056"
I2C2_M_Addr="49152"
GPIO0_M_Addr="53248"
GPIO1_M_Addr="57344"
APBSlave0_M_Addr="1048576"
APBSlave1_M_Addr="2097152"
APBSlave2_M_Addr="3145728"
APBSlave3_M_Addr="4194304"
APBSlave4_M_Addr="5242880"
UART0="1"
UART2_Addr="86016"
UART2="0"
UART1_FIFODEPTH="128"
UART1_INT_ID="2"
UART1_Addr="86016"
UART1="0"
SPI2="0"
SPI2DW="8"
SPI2SS="1"
SPI2_FIFODEPTH="256"
SPI1_INT_ID="5"
SPI1="0"
SPI1DW="8"
SPI1SS="1"
SPI1_FIFODEPTH="256"
SPI0_INT_ID="4"
SPI0_Addr="81920"
SPI0="0"
SPI0DW="8"
SPI0SS="1"
SPI0_FIFODEPTH="256"
I2C2_INT_ID="10"
ADDR_Scheme="0"
I2C2="0"
I2C1_Addr="86016"
I2C1="0"
SPI2_INT_ID="6"
SPI2_Addr="81920"
SPI1_Addr="81920"
I2C0_Addr="86016"
I2C1_INT_ID="9"
I2C0_INT_ID="8"
I2C0="0"
AXIMasterWidth_1="32"
AXIMaster_1="0"
AXIMasterWidth="32"
AXIMaster="1"
USER_TIMER0="0"
USER_TIMER0_CNT_WIDTH="12"
USER_TIMER0_PS_WIDTH="8"
USER_TIMER0_INT_ID="19"
USER_TIMER0_Addr="86016"
USER_TIMER0_M_Addr="61440"
USER_TIMER1="0"
USER_TIMER1_CNT_WIDTH="12"
USER_TIMER1_PS_WIDTH="8"
USER_TIMER1_INT_ID="20"
USER_TIMER1_Addr="86016"
USER_TIMER1_M_Addr="65536"
USER_TIMER2="0"
USER_TIMER2_CNT_WIDTH="12"
USER_TIMER2_PS_WIDTH="8"
USER_TIMER2_INT_ID="21"
USER_TIMER2_Addr="86016"
USER_TIMER2_M_Addr="69632"
WDT0="0"
WDT0_PS_WIDTH="24"
WDT0_TIMER_WIDTH="16"
WDT0_Addr="86016"
WDT0_M_Addr="73728"
WDT0_INT_ID="32"
RAM_OPT="0"
SOC_MODE="1"
MULDIV_EXT="0"
BARREL_SHIFTER="0"
REDUCED_CSR="1"
DDRCLK_DOMAIN="1"
DDR_OPT="1"
SW_REMOVED="0"
[2025-08-08 22:39:24] [INFO    ] [efx_ipmgr.builder] [id-1754685485] [BUILDER_INVOKE_BUILD_COMMAND] stdout: Removed file: /home/olle/efinity_p2/BRAM/embedded_sw/micro_risc_v1/bsp/efinix/EfxSapphireSoc/app/bootloaderConfig.h
Not found: /home/olle/efinity_p2/BRAM/embedded_sw/micro_risc_v1/bsp/efinix/EfxSapphireSoc/app/core_portme.h
Not found: /home/olle/efinity_p2/BRAM/embedded_sw/micro_risc_v1/bsp/efinix/EfxSapphireSoc/app/coremark.h
Not found: /home/olle/efinity_p2/BRAM/embedded_sw/micro_risc_v1/bsp/efinix/EfxSapphireSoc/app/DDRCali_i2c.h
Not found: /home/olle/efinity_p2/BRAM/embedded_sw/micro_risc_v1/bsp/efinix/EfxSapphireSoc/app/i2cDemo.h
Not found: /home/olle/efinity_p2/BRAM/embedded_sw/micro_risc_v1/bsp/efinix/EfxSapphireSoc/app/i2cMcp4725.h
Not found: /home/olle/efinity_p2/BRAM/embedded_sw/micro_risc_v1/bsp/efinix/EfxSapphireSoc/app/nestedInterruptDemo.h
Not found: /home/olle/efinity_p2/BRAM/embedded_sw/micro_risc_v1/bsp/efinix/EfxSapphireSoc/app/print.h
Not found: /home/olle/efinity_p2/BRAM/embedded_sw/micro_risc_v1/bsp/efinix/EfxSapphireSoc/app/print_full.h
Not found: /home/olle/efinity_p2/BRAM/embedded_sw/micro_risc_v1/bsp/efinix/EfxSapphireSoc/app/sdHostDemo.h
Not found: /home/olle/efinity_p2/BRAM/embedded_sw/micro_risc_v1/bsp/efinix/EfxSapphireSoc/app/semihosting.h
Not found: /home/olle/efinity_p2/BRAM/embedded_sw/micro_risc_v1/bsp/efinix/EfxSapphireSoc/app/smpDemo.h
Not found: /home/olle/efinity_p2/BRAM/embedded_sw/micro_risc_v1/bsp/efinix/EfxSapphireSoc/app/spiDemo.h
Not found: /home/olle/efinity_p2/BRAM/embedded_sw/micro_risc_v1/bsp/efinix/EfxSapphireSoc/app/tseDemo.h
Not found: /home/olle/efinity_p2/BRAM/embedded_sw/micro_risc_v1/bsp/efinix/EfxSapphireSoc/app/userTimerDemo.h
Not found: /home/olle/efinity_p2/BRAM/embedded_sw/micro_risc_v1/bsp/efinix/EfxSapphireSoc/app/freertosHalConfig.h
Not found: /home/olle/efinity_p2/BRAM/embedded_sw/micro_risc_v1/config
Not found: /home/olle/efinity_p2/BRAM/embedded_sw/micro_risc_v1/config_linux
Removed folder: /home/olle/efinity_p2/BRAM/embedded_sw/micro_risc_v1/tool
Not found: /home/olle/efinity_p2/BRAM/embedded_sw/micro_risc_v1/software/standalone/coremark
Not found: /home/olle/efinity_p2/BRAM/embedded_sw/micro_risc_v1/software/standalone/apb3Demo
Not found: /home/olle/efinity_p2/BRAM/embedded_sw/micro_risc_v1/software/standalone/axi4Demo
Not found: /home/olle/efinity_p2/BRAM/embedded_sw/micro_risc_v1/software/standalone/semihosting
Not found: /home/olle/efinity_p2/BRAM/embedded_sw/micro_risc_v1/software/standalone/spiReadFlashDemo
Not found: /home/olle/efinity_p2/BRAM/embedded_sw/micro_risc_v1/software/standalone/spiWriteFlashDemo
Not found: /home/olle/efinity_p2/BRAM/embedded_sw/micro_risc_v1/software/standalone/userInterruptDemo
Not found: /home/olle/efinity_p2/BRAM/embedded_sw/micro_risc_v1/software/standalone/coreTimerInterruptDemo
Not found: /home/olle/efinity_p2/BRAM/embedded_sw/micro_risc_v1/software/standalone/dCacheFlushDemo
Not found: /home/olle/efinity_p2/BRAM/embedded_sw/micro_risc_v1/software/standalone/iCacheFlashDemo
Not found: /home/olle/efinity_p2/BRAM/embedded_sw/micro_risc_v1/software/standalone/nestedInterruptDemo
Not found: /home/olle/efinity_p2/BRAM/embedded_sw/micro_risc_v1/software/standalone/compatibilityDemo
Not found: /home/olle/efinity_p2/BRAM/embedded_sw/micro_risc_v1/software/standalone/i2cDemo
Not found: /home/olle/efinity_p2/BRAM/embedded_sw/micro_risc_v1/software/standalone/i2cMasterDemo
Not found: /home/olle/efinity_p2/BRAM/embedded_sw/micro_risc_v1/software/standalone/inlineAsmDemo
Not found: /home/olle/efinity_p2/BRAM/embedded_sw/micro_risc_v1/software/standalone/openocdServer
Not found: /home/olle/efinity_p2/BRAM/embedded_sw/micro_risc_v1/software/standalone/smpDemo
Not found: /home/olle/efinity_p2/BRAM/embedded_sw/micro_risc_v1/software/standalone/fpuDemo
Not found: /home/olle/efinity_p2/BRAM/embedded_sw/micro_risc_v1/software/standalone/uartInterruptDemo
Not found: /home/olle/efinity_p2/BRAM/embedded_sw/micro_risc_v1/software/standalone/gpioDemo
Not found: /home/olle/efinity_p2/BRAM/embedded_sw/micro_risc_v1/software/standalone/axi4Demo
Not found: /home/olle/efinity_p2/BRAM/embedded_sw/micro_risc_v1/software/standalone/userTimerDemo
Not found: /home/olle/efinity_p2/BRAM/embedded_sw/micro_risc_v1/software/standalone/uartEchoDemo
Not found: /home/olle/efinity_p2/BRAM/embedded_sw/micro_risc_v1/software/standalone/spiDemo
Not found: /home/olle/efinity_p2/BRAM/embedded_sw/micro_risc_v1/software/standalone/customInstructionDemo
Not found: /home/olle/efinity_p2/BRAM/embedded_sw/micro_risc_v1/software/standalone/memTest
Not found: /home/olle/efinity_p2/BRAM/embedded_sw/micro_risc_v1/software/standalone/dhrystone
Not found: /home/olle/efinity_p2/BRAM/embedded_sw/micro_risc_v1/software/standalone/freertosDemo2
Not found: /home/olle/efinity_p2/BRAM/embedded_sw/micro_risc_v1/software/standalone/freertosUartInterruptDemo
Not found: /home/olle/efinity_p2/BRAM/embedded_sw/micro_risc_v1/software/standalone/i2cEepromDemo
Not found: /home/olle/efinity_p2/BRAM/embedded_sw/micro_risc_v1/software/standalone/i2cSlaveDemo
Not found: /home/olle/efinity_p2/BRAM/embedded_sw/micro_risc_v1/software/standalone/iCacheFlushDemo
Not found: /home/olle/efinity_p2/BRAM/embedded_sw/micro_risc_v1/software/standalone/semihostingDemo
Not found: /home/olle/efinity_p2/BRAM/embedded_sw/micro_risc_v1/software/standalone/watchdogDemo
Not found: /home/olle/efinity_p2/BRAM/embedded_sw/micro_risc_v1/software/freeRTOS/coremark
Not found: /home/olle/efinity_p2/BRAM/embedded_sw/micro_risc_v1/software/freeRTOS/apb3Demo
Not found: /home/olle/efinity_p2/BRAM/embedded_sw/micro_risc_v1/software/freeRTOS/axi4Demo
Not found: /home/olle/efinity_p2/BRAM/embedded_sw/micro_risc_v1/software/freeRTOS/semihosting
Not found: /home/olle/efinity_p2/BRAM/embedded_sw/micro_risc_v1/software/freeRTOS/spiReadFlashDemo
Not found: /home/olle/efinity_p2/BRAM/embedded_sw/micro_risc_v1/software/freeRTOS/spiWriteFlashDemo
Not found: /home/olle/efinity_p2/BRAM/embedded_sw/micro_risc_v1/software/freeRTOS/userInterruptDemo
Not found: /home/olle/efinity_p2/BRAM/embedded_sw/micro_risc_v1/software/freeRTOS/coreTimerInterruptDemo
Not found: /home/olle/efinity_p2/BRAM/embedded_sw/micro_risc_v1/software/freeRTOS/dCacheFlushDemo
Not found: /home/olle/efinity_p2/BRAM/embedded_sw/micro_risc_v1/software/freeRTOS/iCacheFlashDemo
Not found: /home/olle/efinity_p2/BRAM/embedded_sw/micro_risc_v1/software/freeRTOS/nestedInterruptDemo
Not found: /home/olle/efinity_p2/BRAM/embedded_sw/micro_risc_v1/software/freeRTOS/compatibilityDemo
Not found: /home/olle/efinity_p2/BRAM/embedded_sw/micro_risc_v1/software/freeRTOS/i2cDemo
Not found: /home/olle/efinity_p2/BRAM/embedded_sw/micro_risc_v1/software/freeRTOS/i2cMasterDemo
Not found: /home/olle/efinity_p2/BRAM/embedded_sw/micro_risc_v1/software/freeRTOS/inlineAsmDemo
Not found: /home/olle/efinity_p2/BRAM/embedded_sw/micro_risc_v1/software/freeRTOS/openocdServer
Not found: /home/olle/efinity_p2/BRAM/embedded_sw/micro_risc_v1/software/freeRTOS/smpDemo
Not found: /home/olle/efinity_p2/BRAM/embedded_sw/micro_risc_v1/software/freeRTOS/fpuDemo
Not found: /home/olle/efinity_p2/BRAM/embedded_sw/micro_risc_v1/software/freeRTOS/uartInterruptDemo
Not found: /home/olle/efinity_p2/BRAM/embedded_sw/micro_risc_v1/software/freeRTOS/gpioDemo
Not found: /home/olle/efinity_p2/BRAM/embedded_sw/micro_risc_v1/software/freeRTOS/axi4Demo
Not found: /home/olle/efinity_p2/BRAM/embedded_sw/micro_risc_v1/software/freeRTOS/userTimerDemo
Not found: /home/olle/efinity_p2/BRAM/embedded_sw/micro_risc_v1/software/freeRTOS/uartEchoDemo
Not found: /home/olle/efinity_p2/BRAM/embedded_sw/micro_risc_v1/software/freeRTOS/spiDemo
Not found: /home/olle/efinity_p2/BRAM/embedded_sw/micro_risc_v1/software/freeRTOS/customInstructionDemo
Not found: /home/olle/efinity_p2/BRAM/embedded_sw/micro_risc_v1/software/freeRTOS/memTest
Not found: /home/olle/efinity_p2/BRAM/embedded_sw/micro_risc_v1/software/freeRTOS/dhrystone
Not found: /home/olle/efinity_p2/BRAM/embedded_sw/micro_risc_v1/software/freeRTOS/freertosDemo2
Not found: /home/olle/efinity_p2/BRAM/embedded_sw/micro_risc_v1/software/freeRTOS/freertosUartInterruptDemo
Not found: /home/olle/efinity_p2/BRAM/embedded_sw/micro_risc_v1/software/freeRTOS/i2cEepromDemo
Not found: /home/olle/efinity_p2/BRAM/embedded_sw/micro_risc_v1/software/freeRTOS/i2cSlaveDemo
Not found: /home/olle/efinity_p2/BRAM/embedded_sw/micro_risc_v1/software/freeRTOS/iCacheFlushDemo
Not found: /home/olle/efinity_p2/BRAM/embedded_sw/micro_risc_v1/software/freeRTOS/semihostingDemo
Not found: /home/olle/efinity_p2/BRAM/embedded_sw/micro_risc_v1/software/freeRTOS/watchdogDemo
Not found: /home/olle/efinity_p2/BRAM/embedded_sw/micro_risc_v1/software/standalone/makefile
Not found: /home/olle/efinity_p2/BRAM/embedded_sw/micro_risc_v1/software/standalone/apb3_cl.h
Not found: /home/olle/efinity_p2/BRAM/embedded_sw/micro_risc_v1/software/standalone/clint.h
Not found: /home/olle/efinity_p2/BRAM/embedded_sw/micro_risc_v1/software/standalone/dmasg.h
Not found: /home/olle/efinity_p2/BRAM/embedded_sw/micro_risc_v1/software/standalone/efx_mmc_driver.h
Not found: /home/olle/efinity_p2/BRAM/embedded_sw/micro_risc_v1/software/standalone/efx_tse_mac.h
Not found: /home/olle/efinity_p2/BRAM/embedded_sw/micro_risc_v1/software/standalone/efx_tse_phy.h
Not found: /home/olle/efinity_p2/BRAM/embedded_sw/micro_risc_v1/software/standalone/gpio.h
Not found: /home/olle/efinity_p2/BRAM/embedded_sw/micro_risc_v1/software/standalone/i2c.h
Not found: /home/olle/efinity_p2/BRAM/embedded_sw/micro_risc_v1/software/standalone/io.h
Not found: /home/olle/efinity_p2/BRAM/embedded_sw/micro_risc_v1/software/standalone/mmc.h
Not found: /home/olle/efinity_p2/BRAM/embedded_sw/micro_risc_v1/software/standalone/plic.h
Not found: /home/olle/efinity_p2/BRAM/embedded_sw/micro_risc_v1/software/standalone/prescaler.h
Not found: /home/olle/efinity_p2/BRAM/embedded_sw/micro_risc_v1/software/standalone/riscv.h
Not found: /home/olle/efinity_p2/BRAM/embedded_sw/micro_risc_v1/software/standalone/spi.h
Not found: /home/olle/efinity_p2/BRAM/embedded_sw/micro_risc_v1/software/standalone/spiFlash.h
Not found: /home/olle/efinity_p2/BRAM/embedded_sw/micro_risc_v1/software/standalone/start.h
Not found: /home/olle/efinity_p2/BRAM/embedded_sw/micro_risc_v1/software/standalone/timer.h
Not found: /home/olle/efinity_p2/BRAM/embedded_sw/micro_risc_v1/software/standalone/type.h
Not found: /home/olle/efinity_p2/BRAM/embedded_sw/micro_risc_v1/software/standalone/uart.h
Not found: /home/olle/efinity_p2/BRAM/embedded_sw/micro_risc_v1/software/standalone/vexriscv.h
Not found: /home/olle/efinity_p2/BRAM/embedded_sw/micro_risc_v1/software/freeRTOS/driver/makefile
Not found: /home/olle/efinity_p2/BRAM/embedded_sw/micro_risc_v1/software/freeRTOS/driver/apb3_cl.h
Not found: /home/olle/efinity_p2/BRAM/embedded_sw/micro_risc_v1/software/freeRTOS/driver/clint.h
Not found: /home/olle/efinity_p2/BRAM/embedded_sw/micro_risc_v1/software/freeRTOS/driver/dmasg.h
Not found: /home/olle/efinity_p2/BRAM/embedded_sw/micro_risc_v1/software/freeRTOS/driver/efx_mmc_driver.h
Not found: /home/olle/efinity_p2/BRAM/embedded_sw/micro_risc_v1/software/freeRTOS/driver/efx_tse_mac.h
Not found: /home/olle/efinity_p2/BRAM/embedded_sw/micro_risc_v1/software/freeRTOS/driver/efx_tse_phy.h
Not found: /home/olle/efinity_p2/BRAM/embedded_sw/micro_risc_v1/software/freeRTOS/driver/gpio.h
Not found: /home/olle/efinity_p2/BRAM/embedded_sw/micro_risc_v1/software/freeRTOS/driver/i2c.h
Not found: /home/olle/efinity_p2/BRAM/embedded_sw/micro_risc_v1/software/freeRTOS/driver/io.h
Not found: /home/olle/efinity_p2/BRAM/embedded_sw/micro_risc_v1/software/freeRTOS/driver/mmc.h
Not found: /home/olle/efinity_p2/BRAM/embedded_sw/micro_risc_v1/software/freeRTOS/driver/plic.h
Not found: /home/olle/efinity_p2/BRAM/embedded_sw/micro_risc_v1/software/freeRTOS/driver/prescaler.h
Not found: /home/olle/efinity_p2/BRAM/embedded_sw/micro_risc_v1/software/freeRTOS/driver/riscv.h
Not found: /home/olle/efinity_p2/BRAM/embedded_sw/micro_risc_v1/software/freeRTOS/driver/spi.h
Not found: /home/olle/efinity_p2/BRAM/embedded_sw/micro_risc_v1/software/freeRTOS/driver/spiFlash.h
Not found: /home/olle/efinity_p2/BRAM/embedded_sw/micro_risc_v1/software/freeRTOS/driver/start.h
Not found: /home/olle/efinity_p2/BRAM/embedded_sw/micro_risc_v1/software/freeRTOS/driver/timer.h
Not found: /home/olle/efinity_p2/BRAM/embedded_sw/micro_risc_v1/software/freeRTOS/driver/type.h
Not found: /home/olle/efinity_p2/BRAM/embedded_sw/micro_risc_v1/software/freeRTOS/driver/uart.h
Not found: /home/olle/efinity_p2/BRAM/embedded_sw/micro_risc_v1/software/freeRTOS/driver/vexriscv.h

[2025-08-08 22:39:24] [INFO    ] [efx_ipmgr.builder] [id-1754685485] [BUILDER_INVOKE_BUILD_COMMAND-DONE] Build Command Execution: Success
[2025-08-08 22:39:24] [DEBUG   ] [efx_ipmgr.builder] [id-1754685485] [BUILDER_RUN] file_name = /home/olle/efinity_p2/BRAM/ip/micro_risc_v1/../micro_risc_v1/embedded_sw
[2025-08-08 22:39:24] [DEBUG   ] [efx_ipmgr.builder] [id-1754685485] [BUILDER_RUN] resolved_name = /home/olle/efinity_p2/BRAM/ip/micro_risc_v1/../micro_risc_v1/embedded_sw
[2025-08-08 22:39:24] [INFO    ] [efx_ipmgr.builder] [id-1754685485] [BUILDER-COPY] Copying file '/home/olle/efinix/efinity/2025.1/ipm/ip/efx_soc/efx_soc/fpga/design_modules.v' to '/home/olle/efinity_p2/BRAM/ip/micro_risc_v1/T120F324_devkit'
[2025-08-08 22:39:24] [INFO    ] [efx_ipmgr.builder] [id-1754685485] [BUILDER-COPY] (('EfxSapphireSoc', 'micro_risc_v1'), ('EfxSapphireSoc_define.vh', 'micro_risc_v1_define.vh'), ('EfxSapphireSoc.v', 'micro_risc_v1.v'))
[2025-08-08 22:39:24] [INFO    ] [efx_ipmgr.builder] [id-1754685485] [BUILDER-COPY] Copying file '/home/olle/efinix/efinity/2025.1/ipm/ip/efx_soc/efx_soc/fpga/ddr_reset_sequencer.v' to '/home/olle/efinity_p2/BRAM/ip/micro_risc_v1/T120F324_devkit'
[2025-08-08 22:39:24] [INFO    ] [efx_ipmgr.builder] [id-1754685485] [BUILDER-COPY] (('EfxSapphireSoc', 'micro_risc_v1'), ('EfxSapphireSoc_define.vh', 'micro_risc_v1_define.vh'), ('EfxSapphireSoc.v', 'micro_risc_v1.v'))
[2025-08-08 22:39:24] [INFO    ] [efx_ipmgr.builder] [id-1754685485] [BUILDER-COPY] Copying file '/home/olle/efinix/efinity/2025.1/ipm/ip/efx_soc/efx_soc/fpga/soc.hex' to '/home/olle/efinity_p2/BRAM/ip/micro_risc_v1/T120F324_devkit'
[2025-08-08 22:39:24] [INFO    ] [efx_ipmgr.builder] [id-1754685485] [BUILDER-COPY] (('EfxSapphireSoc', 'micro_risc_v1'), ('EfxSapphireSoc_define.vh', 'micro_risc_v1_define.vh'), ('EfxSapphireSoc.v', 'micro_risc_v1.v'))
[2025-08-08 22:39:25] [INFO    ] [efx_ipmgr.builder] [id-1754685485] [BUILDER-COPY] Copying file '/home/olle/efinity_p2/BRAM/ip/micro_risc_v1/micro_risc_v1.v' to '/home/olle/efinity_p2/BRAM/ip/micro_risc_v1/T120F324_devkit'
[2025-08-08 22:39:25] [INFO    ] [efx_ipmgr.builder] [id-1754685485] [BUILDER-COPY] (('EfxSapphireSoc', 'micro_risc_v1'), ('EfxSapphireSoc_define.vh', 'micro_risc_v1_define.vh'), ('EfxSapphireSoc.v', 'micro_risc_v1.v'))
[2025-08-08 22:39:25] [INFO    ] [efx_ipmgr.builder] [id-1754685485] [BUILDER-COPY] Copying file '/home/olle/efinity_p2/BRAM/ip/micro_risc_v1/micro_risc_v1_define.vh' to '/home/olle/efinity_p2/BRAM/ip/micro_risc_v1/T120F324_devkit'
[2025-08-08 22:39:25] [INFO    ] [efx_ipmgr.builder] [id-1754685485] [BUILDER-COPY] (('EfxSapphireSoc', 'micro_risc_v1'), ('EfxSapphireSoc_define.vh', 'micro_risc_v1_define.vh'), ('EfxSapphireSoc.v', 'micro_risc_v1.v'))
[2025-08-08 22:39:25] [DEBUG   ] [efx_ipmgr.builder] [id-1754685485] [BUILDER_RUN] command_str = ${EFINITY_PYTHON} ${IP_LIBRARY_ROOT}/efx_soc/efx_soc/fpga/soc_gen.py
[2025-08-08 22:39:25] [DEBUG   ] [efx_ipmgr.builder] [id-1754685485] [BUILDER_RUN] flags_str = --out_path ${IP_OUTPUT_PATH} --gen_name ${IP_GEN_MODULE} --parameters ${IP_USER_PARAMETERS}
[2025-08-08 22:39:25] [DEBUG   ] [efx_ipmgr.builder] [id-1754685485] [BUILDER_RUN] file = {'path': '${IP_GEN_MODULE}', 'copiedPath': '', 'fileType': 'pythonScript', 'workdir': '', 'isInternal': '', 'isPresent': 'True', 'isPresentDefault': 'True', 'command': '${EFINITY_PYTHON} ${IP_LIBRARY_ROOT}/efx_soc/efx_soc/fpga/soc_gen.py', 'flags': '--out_path ${IP_OUTPUT_PATH} --gen_name ${IP_GEN_MODULE} --parameters ${IP_USER_PARAMETERS}', 'targetName': '', 'name': PosixPath('/home/olle/efinity_p2/BRAM/ip/micro_risc_v1/T120F324_devkit/micro_risc_v1')}
[2025-08-08 22:39:25] [INFO    ] [efx_ipmgr.builder] [id-1754685485] [BUILDER_INVOKE_BUILD_COMMAND-BEGIN] Start build_command
[2025-08-08 22:39:25] [INFO    ] [efx_ipmgr.builder] [id-1754685485] [BUILDER_INVOKE_BUILD_COMMAND] CWD=/home/olle/efinity_p2/BRAM/
[2025-08-08 22:39:25] [INFO    ] [efx_ipmgr.builder] [id-1754685485] [BUILDER_INVOKE_BUILD_COMMAND] args: /home/olle/efinix/efinity/2025.1/bin/python3
/home/olle/efinix/efinity/2025.1/ipm/ip/efx_soc/efx_soc/fpga/soc_gen.py
--out_path
/home/olle/efinity_p2/BRAM/ip
--gen_name
micro_risc_v1
--parameters
HexFile_PathEnable="1"
HexFile_Path="embedded_sw/micro_risc_v1/software/standalone/blink_led/build/blink_led.hex"
APBSlave4_Size="65536"
APBSlave3_Size="65536"
APBSlave2_Size="65536"
APBSlave1_Size="65536"
APBSlave0_Size="65536"
DEVKIT_CUSTOM="sapphireBoard_rev0"
LDSize="124"
LDStackSize="4"
DEVKIT="0"
DEBUG="1"
IDE_SEL="0"
RISCV_DEBUG_PRIV="1"
HARD_BREAKPOINT="0"
SOFT_TAP="0"
TAP_MODE="0"
TAP_COUNT="2"
TAP_SEL="8"
Frequency="128"
PeriFrequencyEnable="0"
PeriFrequency="50"
APBSlave0_Addr="1048576"
APBSlave2_Addr="0"
APBSlave4_Addr="0"
UART2_FIFODEPTH="128"
UART2_INT_ID="3"
TEST="0"
APBSlave3_Addr="0"
I2C2_Addr="86016"
Base_AXIS="16777216"
Base_M_AXIS="3774873600"
APBSlave0="0"
Base_IM="4177526784"
APBSlave2="0"
Base_IO="4160749568"
Base_M_IO="4160749568"
Base_EM="4096"
APBSlave1_Addr="0"
APBSlave1="0"
APBSlave3="0"
USER_1_INTR_ID="17"
USER_1_INTR="0"
USER_0_INTR_ID="16"
USER_0_INTR="0"
USER_2_INTR="0"
USER_2_INTR_ID="22"
USER_3_INTR="0"
USER_3_INTR_ID="23"
USER_4_INTR="0"
USER_4_INTR_ID="24"
USER_5_INTR="0"
USER_5_INTR_ID="25"
USER_6_INTR="0"
USER_6_INTR_ID="26"
USER_7_INTR="0"
USER_7_INTR_ID="27"
APBSlave4="0"
CustomInstruction="0"
ATMEXT="0"
CMREXT="0"
FPEXT="1"
FPU="0"
LINUX="0"
ICACHEWAY="1"
DCACHEWAY="1"
CpuCount="1"
ICacheSize="4096"
DCacheSize="4096"
Cache="1"
ICache_EN="1"
DCache_EN="1"
DDR="0"
DDR_AXI4="0"
DDRWidth="128"
DDR_IdWidth="8"
DDRSize="3758096384"
OCRSize="8192"
AXISlave="0"
AXISlaveSize="16777216"
GPIO1_Addr="86016"
GPIO0_Addr="86016"
GPIO1_INT_ID1="15"
GPIO1_INT_ID0="14"
GPIO0_INT_ID1="13"
GPIO0_INT_ID0="1"
GPIO0="1"
GPIO0Width="1"
GPIO1Width="8"
GPIO1="0"
UART0_FIFODEPTH="64"
UART0_INT_ID="2"
UART0_Addr="65536"
IOSize="4096"
UART0_M_Addr="4096"
UART1_M_Addr="8192"
UART2_M_Addr="12288"
SPI0_M_Addr="24576"
SPI1_M_Addr="16384"
SPI2_M_Addr="20480"
I2C0_M_Addr="40960"
I2C1_M_Addr="45056"
I2C2_M_Addr="49152"
GPIO0_M_Addr="53248"
GPIO1_M_Addr="57344"
APBSlave0_M_Addr="1048576"
APBSlave1_M_Addr="2097152"
APBSlave2_M_Addr="3145728"
APBSlave3_M_Addr="4194304"
APBSlave4_M_Addr="5242880"
UART0="1"
UART2_Addr="86016"
UART2="0"
UART1_FIFODEPTH="128"
UART1_INT_ID="2"
UART1_Addr="86016"
UART1="0"
SPI2="0"
SPI2DW="8"
SPI2SS="1"
SPI2_FIFODEPTH="256"
SPI1_INT_ID="5"
SPI1="0"
SPI1DW="8"
SPI1SS="1"
SPI1_FIFODEPTH="256"
SPI0_INT_ID="4"
SPI0_Addr="81920"
SPI0="0"
SPI0DW="8"
SPI0SS="1"
SPI0_FIFODEPTH="256"
I2C2_INT_ID="10"
ADDR_Scheme="0"
I2C2="0"
I2C1_Addr="86016"
I2C1="0"
SPI2_INT_ID="6"
SPI2_Addr="81920"
SPI1_Addr="81920"
I2C0_Addr="86016"
I2C1_INT_ID="9"
I2C0_INT_ID="8"
I2C0="0"
AXIMasterWidth_1="32"
AXIMaster_1="0"
AXIMasterWidth="32"
AXIMaster="1"
USER_TIMER0="0"
USER_TIMER0_CNT_WIDTH="12"
USER_TIMER0_PS_WIDTH="8"
USER_TIMER0_INT_ID="19"
USER_TIMER0_Addr="86016"
USER_TIMER0_M_Addr="61440"
USER_TIMER1="0"
USER_TIMER1_CNT_WIDTH="12"
USER_TIMER1_PS_WIDTH="8"
USER_TIMER1_INT_ID="20"
USER_TIMER1_Addr="86016"
USER_TIMER1_M_Addr="65536"
USER_TIMER2="0"
USER_TIMER2_CNT_WIDTH="12"
USER_TIMER2_PS_WIDTH="8"
USER_TIMER2_INT_ID="21"
USER_TIMER2_Addr="86016"
USER_TIMER2_M_Addr="69632"
WDT0="0"
WDT0_PS_WIDTH="24"
WDT0_TIMER_WIDTH="16"
WDT0_Addr="86016"
WDT0_M_Addr="73728"
WDT0_INT_ID="32"
RAM_OPT="0"
SOC_MODE="1"
MULDIV_EXT="0"
BARREL_SHIFTER="0"
REDUCED_CSR="1"
DDRCLK_DOMAIN="1"
DDR_OPT="1"
SW_REMOVED="0"
[2025-08-08 22:39:26] [INFO    ] [efx_ipmgr.builder] [id-1754685485] [BUILDER_INVOKE_BUILD_COMMAND] stdout: 
[2025-08-08 22:39:26] [INFO    ] [efx_ipmgr.builder] [id-1754685485] [BUILDER_INVOKE_BUILD_COMMAND-DONE] Build Command Execution: Success
[2025-08-08 22:39:26] [DEBUG   ] [efx_ipmgr.builder] [id-1754685485] [BUILDER_RUN] file_name = /home/olle/efinity_p2/BRAM/ip/micro_risc_v1/T120F324_devkit/micro_risc_v1
[2025-08-08 22:39:26] [DEBUG   ] [efx_ipmgr.builder] [id-1754685485] [BUILDER_RUN] resolved_name = /home/olle/efinity_p2/BRAM/ip/micro_risc_v1/T120F324_devkit/micro_risc_v1
[2025-08-08 22:39:26] [INFO    ] [efx_ipmgr.builder] [id-1754685485] [BUILDER-COPY] Copying file '/home/olle/efinix/efinity/2025.1/ipm/ip/efx_soc/efx_soc/fpga/soc.xml' to '/home/olle/efinity_p2/BRAM/ip/micro_risc_v1/T120F324_devkit'
[2025-08-08 22:39:26] [INFO    ] [efx_ipmgr.builder] [id-1754685485] [BUILDER-COPY] (('EfxSapphireSoc', 'micro_risc_v1'), ('EfxSapphireSoc_define.vh', 'micro_risc_v1_define.vh'), ('EfxSapphireSoc.v', 'micro_risc_v1.v'))
[2025-08-08 22:39:26] [INFO    ] [efx_ipmgr.builder] [id-1754685485] [BUILDER-COPY] Copying file '/home/olle/efinix/efinity/2025.1/ipm/ip/efx_soc/efx_soc/fpga/fpga_ti/design_modules.v' to '/home/olle/efinity_p2/BRAM/ip/micro_risc_v1/Ti60F225_devkit'
[2025-08-08 22:39:26] [INFO    ] [efx_ipmgr.builder] [id-1754685485] [BUILDER-COPY] (('EfxSapphireSoc', 'micro_risc_v1'), ('EfxSapphireSoc_define.vh', 'micro_risc_v1_define.vh'), ('EfxSapphireSoc.v', 'micro_risc_v1.v'))
[2025-08-08 22:39:26] [INFO    ] [efx_ipmgr.builder] [id-1754685485] [BUILDER-COPY] Copying file '/home/olle/efinix/efinity/2025.1/ipm/ip/efx_soc/efx_soc/fpga/fpga_ti/hbram_top.v' to '/home/olle/efinity_p2/BRAM/ip/micro_risc_v1/Ti60F225_devkit'
[2025-08-08 22:39:26] [INFO    ] [efx_ipmgr.builder] [id-1754685485] [BUILDER-COPY] (('EfxSapphireSoc', 'micro_risc_v1'), ('EfxSapphireSoc_define.vh', 'micro_risc_v1_define.vh'), ('EfxSapphireSoc.v', 'micro_risc_v1.v'))
[2025-08-08 22:39:26] [INFO    ] [efx_ipmgr.builder] [id-1754685485] [BUILDER-COPY] Copying file '/home/olle/efinix/efinity/2025.1/ipm/ip/efx_soc/efx_soc/fpga/fpga_ti/hbram_top_define.vh' to '/home/olle/efinity_p2/BRAM/ip/micro_risc_v1/Ti60F225_devkit'
[2025-08-08 22:39:26] [INFO    ] [efx_ipmgr.builder] [id-1754685485] [BUILDER-COPY] (('EfxSapphireSoc', 'micro_risc_v1'), ('EfxSapphireSoc_define.vh', 'micro_risc_v1_define.vh'), ('EfxSapphireSoc.v', 'micro_risc_v1.v'))
[2025-08-08 22:39:26] [INFO    ] [efx_ipmgr.builder] [id-1754685485] [BUILDER-COPY] Copying file '/home/olle/efinix/efinity/2025.1/ipm/ip/efx_soc/efx_soc/fpga/fpga_ti/soc.hex' to '/home/olle/efinity_p2/BRAM/ip/micro_risc_v1/Ti60F225_devkit'
[2025-08-08 22:39:26] [INFO    ] [efx_ipmgr.builder] [id-1754685485] [BUILDER-COPY] (('EfxSapphireSoc', 'micro_risc_v1'), ('EfxSapphireSoc_define.vh', 'micro_risc_v1_define.vh'), ('EfxSapphireSoc.v', 'micro_risc_v1.v'))
[2025-08-08 22:39:26] [INFO    ] [efx_ipmgr.builder] [id-1754685485] [BUILDER-COPY] Copying file '/home/olle/efinity_p2/BRAM/ip/micro_risc_v1/micro_risc_v1.v' to '/home/olle/efinity_p2/BRAM/ip/micro_risc_v1/Ti60F225_devkit'
[2025-08-08 22:39:26] [INFO    ] [efx_ipmgr.builder] [id-1754685485] [BUILDER-COPY] (('EfxSapphireSoc', 'micro_risc_v1'), ('EfxSapphireSoc_define.vh', 'micro_risc_v1_define.vh'), ('EfxSapphireSoc.v', 'micro_risc_v1.v'))
[2025-08-08 22:39:26] [INFO    ] [efx_ipmgr.builder] [id-1754685485] [BUILDER-COPY] Copying file '/home/olle/efinity_p2/BRAM/ip/micro_risc_v1/micro_risc_v1_define.vh' to '/home/olle/efinity_p2/BRAM/ip/micro_risc_v1/Ti60F225_devkit'
[2025-08-08 22:39:26] [INFO    ] [efx_ipmgr.builder] [id-1754685485] [BUILDER-COPY] (('EfxSapphireSoc', 'micro_risc_v1'), ('EfxSapphireSoc_define.vh', 'micro_risc_v1_define.vh'), ('EfxSapphireSoc.v', 'micro_risc_v1.v'))
[2025-08-08 22:39:26] [DEBUG   ] [efx_ipmgr.builder] [id-1754685485] [BUILDER_RUN] command_str = ${EFINITY_PYTHON} ${IP_LIBRARY_ROOT}/efx_soc/efx_soc/fpga/fpga_ti/soc_gen.py
[2025-08-08 22:39:26] [DEBUG   ] [efx_ipmgr.builder] [id-1754685485] [BUILDER_RUN] flags_str = --out_path ${IP_OUTPUT_PATH} --gen_name ${IP_GEN_MODULE} --parameters ${IP_USER_PARAMETERS}
[2025-08-08 22:39:26] [DEBUG   ] [efx_ipmgr.builder] [id-1754685485] [BUILDER_RUN] file = {'path': '${IP_GEN_MODULE}', 'copiedPath': '', 'fileType': 'pythonScript', 'workdir': '', 'isInternal': '', 'isPresent': 'True', 'isPresentDefault': 'True', 'command': '${EFINITY_PYTHON} ${IP_LIBRARY_ROOT}/efx_soc/efx_soc/fpga/fpga_ti/soc_gen.py', 'flags': '--out_path ${IP_OUTPUT_PATH} --gen_name ${IP_GEN_MODULE} --parameters ${IP_USER_PARAMETERS}', 'targetName': '', 'name': PosixPath('/home/olle/efinity_p2/BRAM/ip/micro_risc_v1/Ti60F225_devkit/micro_risc_v1')}
[2025-08-08 22:39:26] [INFO    ] [efx_ipmgr.builder] [id-1754685485] [BUILDER_INVOKE_BUILD_COMMAND-BEGIN] Start build_command
[2025-08-08 22:39:26] [INFO    ] [efx_ipmgr.builder] [id-1754685485] [BUILDER_INVOKE_BUILD_COMMAND] CWD=/home/olle/efinity_p2/BRAM/
[2025-08-08 22:39:26] [INFO    ] [efx_ipmgr.builder] [id-1754685485] [BUILDER_INVOKE_BUILD_COMMAND] args: /home/olle/efinix/efinity/2025.1/bin/python3
/home/olle/efinix/efinity/2025.1/ipm/ip/efx_soc/efx_soc/fpga/fpga_ti/soc_gen.py
--out_path
/home/olle/efinity_p2/BRAM/ip
--gen_name
micro_risc_v1
--parameters
HexFile_PathEnable="1"
HexFile_Path="embedded_sw/micro_risc_v1/software/standalone/blink_led/build/blink_led.hex"
APBSlave4_Size="65536"
APBSlave3_Size="65536"
APBSlave2_Size="65536"
APBSlave1_Size="65536"
APBSlave0_Size="65536"
DEVKIT_CUSTOM="sapphireBoard_rev0"
LDSize="124"
LDStackSize="4"
DEVKIT="0"
DEBUG="1"
IDE_SEL="0"
RISCV_DEBUG_PRIV="1"
HARD_BREAKPOINT="0"
SOFT_TAP="0"
TAP_MODE="0"
TAP_COUNT="2"
TAP_SEL="8"
Frequency="128"
PeriFrequencyEnable="0"
PeriFrequency="50"
APBSlave0_Addr="1048576"
APBSlave2_Addr="0"
APBSlave4_Addr="0"
UART2_FIFODEPTH="128"
UART2_INT_ID="3"
TEST="0"
APBSlave3_Addr="0"
I2C2_Addr="86016"
Base_AXIS="16777216"
Base_M_AXIS="3774873600"
APBSlave0="0"
Base_IM="4177526784"
APBSlave2="0"
Base_IO="4160749568"
Base_M_IO="4160749568"
Base_EM="4096"
APBSlave1_Addr="0"
APBSlave1="0"
APBSlave3="0"
USER_1_INTR_ID="17"
USER_1_INTR="0"
USER_0_INTR_ID="16"
USER_0_INTR="0"
USER_2_INTR="0"
USER_2_INTR_ID="22"
USER_3_INTR="0"
USER_3_INTR_ID="23"
USER_4_INTR="0"
USER_4_INTR_ID="24"
USER_5_INTR="0"
USER_5_INTR_ID="25"
USER_6_INTR="0"
USER_6_INTR_ID="26"
USER_7_INTR="0"
USER_7_INTR_ID="27"
APBSlave4="0"
CustomInstruction="0"
ATMEXT="0"
CMREXT="0"
FPEXT="1"
FPU="0"
LINUX="0"
ICACHEWAY="1"
DCACHEWAY="1"
CpuCount="1"
ICacheSize="4096"
DCacheSize="4096"
Cache="1"
ICache_EN="1"
DCache_EN="1"
DDR="0"
DDR_AXI4="0"
DDRWidth="128"
DDR_IdWidth="8"
DDRSize="3758096384"
OCRSize="8192"
AXISlave="0"
AXISlaveSize="16777216"
GPIO1_Addr="86016"
GPIO0_Addr="86016"
GPIO1_INT_ID1="15"
GPIO1_INT_ID0="14"
GPIO0_INT_ID1="13"
GPIO0_INT_ID0="1"
GPIO0="1"
GPIO0Width="1"
GPIO1Width="8"
GPIO1="0"
UART0_FIFODEPTH="64"
UART0_INT_ID="2"
UART0_Addr="65536"
IOSize="4096"
UART0_M_Addr="4096"
UART1_M_Addr="8192"
UART2_M_Addr="12288"
SPI0_M_Addr="24576"
SPI1_M_Addr="16384"
SPI2_M_Addr="20480"
I2C0_M_Addr="40960"
I2C1_M_Addr="45056"
I2C2_M_Addr="49152"
GPIO0_M_Addr="53248"
GPIO1_M_Addr="57344"
APBSlave0_M_Addr="1048576"
APBSlave1_M_Addr="2097152"
APBSlave2_M_Addr="3145728"
APBSlave3_M_Addr="4194304"
APBSlave4_M_Addr="5242880"
UART0="1"
UART2_Addr="86016"
UART2="0"
UART1_FIFODEPTH="128"
UART1_INT_ID="2"
UART1_Addr="86016"
UART1="0"
SPI2="0"
SPI2DW="8"
SPI2SS="1"
SPI2_FIFODEPTH="256"
SPI1_INT_ID="5"
SPI1="0"
SPI1DW="8"
SPI1SS="1"
SPI1_FIFODEPTH="256"
SPI0_INT_ID="4"
SPI0_Addr="81920"
SPI0="0"
SPI0DW="8"
SPI0SS="1"
SPI0_FIFODEPTH="256"
I2C2_INT_ID="10"
ADDR_Scheme="0"
I2C2="0"
I2C1_Addr="86016"
I2C1="0"
SPI2_INT_ID="6"
SPI2_Addr="81920"
SPI1_Addr="81920"
I2C0_Addr="86016"
I2C1_INT_ID="9"
I2C0_INT_ID="8"
I2C0="0"
AXIMasterWidth_1="32"
AXIMaster_1="0"
AXIMasterWidth="32"
AXIMaster="1"
USER_TIMER0="0"
USER_TIMER0_CNT_WIDTH="12"
USER_TIMER0_PS_WIDTH="8"
USER_TIMER0_INT_ID="19"
USER_TIMER0_Addr="86016"
USER_TIMER0_M_Addr="61440"
USER_TIMER1="0"
USER_TIMER1_CNT_WIDTH="12"
USER_TIMER1_PS_WIDTH="8"
USER_TIMER1_INT_ID="20"
USER_TIMER1_Addr="86016"
USER_TIMER1_M_Addr="65536"
USER_TIMER2="0"
USER_TIMER2_CNT_WIDTH="12"
USER_TIMER2_PS_WIDTH="8"
USER_TIMER2_INT_ID="21"
USER_TIMER2_Addr="86016"
USER_TIMER2_M_Addr="69632"
WDT0="0"
WDT0_PS_WIDTH="24"
WDT0_TIMER_WIDTH="16"
WDT0_Addr="86016"
WDT0_M_Addr="73728"
WDT0_INT_ID="32"
RAM_OPT="0"
SOC_MODE="1"
MULDIV_EXT="0"
BARREL_SHIFTER="0"
REDUCED_CSR="1"
DDRCLK_DOMAIN="1"
DDR_OPT="1"
SW_REMOVED="0"
[2025-08-08 22:39:26] [INFO    ] [efx_ipmgr.builder] [id-1754685485] [BUILDER_INVOKE_BUILD_COMMAND] stdout: 
[2025-08-08 22:39:26] [INFO    ] [efx_ipmgr.builder] [id-1754685485] [BUILDER_INVOKE_BUILD_COMMAND-DONE] Build Command Execution: Success
[2025-08-08 22:39:26] [DEBUG   ] [efx_ipmgr.builder] [id-1754685485] [BUILDER_RUN] file_name = /home/olle/efinity_p2/BRAM/ip/micro_risc_v1/Ti60F225_devkit/micro_risc_v1
[2025-08-08 22:39:26] [DEBUG   ] [efx_ipmgr.builder] [id-1754685485] [BUILDER_RUN] resolved_name = /home/olle/efinity_p2/BRAM/ip/micro_risc_v1/Ti60F225_devkit/micro_risc_v1
[2025-08-08 22:39:26] [INFO    ] [efx_ipmgr.builder] [id-1754685485] [BUILDER-COPY] Copying file '/home/olle/efinix/efinity/2025.1/ipm/ip/efx_soc/efx_soc/fpga/fpga_ti/soc.xml' to '/home/olle/efinity_p2/BRAM/ip/micro_risc_v1/Ti60F225_devkit'
[2025-08-08 22:39:26] [INFO    ] [efx_ipmgr.builder] [id-1754685485] [BUILDER-COPY] (('EfxSapphireSoc', 'micro_risc_v1'), ('EfxSapphireSoc_define.vh', 'micro_risc_v1_define.vh'), ('EfxSapphireSoc.v', 'micro_risc_v1.v'))
[2025-08-08 22:39:26] [INFO    ] [efx_ipmgr.builder] [id-1754685485] [BUILDER-COPY] Copying file '/home/olle/efinix/efinity/2025.1/ipm/ip/efx_soc/efx_soc/fpga/fpga_ti180/design_modules.v' to '/home/olle/efinity_p2/BRAM/ip/micro_risc_v1/Ti180J484_devkit'
[2025-08-08 22:39:26] [INFO    ] [efx_ipmgr.builder] [id-1754685485] [BUILDER-COPY] (('EfxSapphireSoc', 'micro_risc_v1'), ('EfxSapphireSoc_define.vh', 'micro_risc_v1_define.vh'), ('EfxSapphireSoc.v', 'micro_risc_v1.v'))
[2025-08-08 22:39:26] [INFO    ] [efx_ipmgr.builder] [id-1754685485] [BUILDER-COPY] Copying file '/home/olle/efinity_p2/BRAM/ip/micro_risc_v1/micro_risc_v1.v' to '/home/olle/efinity_p2/BRAM/ip/micro_risc_v1/Ti180J484_devkit'
[2025-08-08 22:39:26] [INFO    ] [efx_ipmgr.builder] [id-1754685485] [BUILDER-COPY] (('EfxSapphireSoc', 'micro_risc_v1'), ('EfxSapphireSoc_define.vh', 'micro_risc_v1_define.vh'), ('EfxSapphireSoc.v', 'micro_risc_v1.v'))
[2025-08-08 22:39:27] [INFO    ] [efx_ipmgr.builder] [id-1754685485] [BUILDER-COPY] Copying file '/home/olle/efinity_p2/BRAM/ip/micro_risc_v1/micro_risc_v1_define.vh' to '/home/olle/efinity_p2/BRAM/ip/micro_risc_v1/Ti180J484_devkit'
[2025-08-08 22:39:27] [INFO    ] [efx_ipmgr.builder] [id-1754685485] [BUILDER-COPY] (('EfxSapphireSoc', 'micro_risc_v1'), ('EfxSapphireSoc_define.vh', 'micro_risc_v1_define.vh'), ('EfxSapphireSoc.v', 'micro_risc_v1.v'))
[2025-08-08 22:39:27] [DEBUG   ] [efx_ipmgr.builder] [id-1754685485] [BUILDER_RUN] command_str = ${EFINITY_PYTHON} ${IP_LIBRARY_ROOT}/efx_soc/efx_soc/fpga/fpga_ti180/soc_gen.py
[2025-08-08 22:39:27] [DEBUG   ] [efx_ipmgr.builder] [id-1754685485] [BUILDER_RUN] flags_str = --out_path ${IP_OUTPUT_PATH} --gen_name ${IP_GEN_MODULE} --parameters ${IP_USER_PARAMETERS}
[2025-08-08 22:39:27] [DEBUG   ] [efx_ipmgr.builder] [id-1754685485] [BUILDER_RUN] file = {'path': '${IP_GEN_MODULE}', 'copiedPath': '', 'fileType': 'pythonScript', 'workdir': '', 'isInternal': '', 'isPresent': 'True', 'isPresentDefault': 'True', 'command': '${EFINITY_PYTHON} ${IP_LIBRARY_ROOT}/efx_soc/efx_soc/fpga/fpga_ti180/soc_gen.py', 'flags': '--out_path ${IP_OUTPUT_PATH} --gen_name ${IP_GEN_MODULE} --parameters ${IP_USER_PARAMETERS}', 'targetName': '', 'name': PosixPath('/home/olle/efinity_p2/BRAM/ip/micro_risc_v1/Ti180J484_devkit/micro_risc_v1')}
[2025-08-08 22:39:27] [INFO    ] [efx_ipmgr.builder] [id-1754685485] [BUILDER_INVOKE_BUILD_COMMAND-BEGIN] Start build_command
[2025-08-08 22:39:27] [INFO    ] [efx_ipmgr.builder] [id-1754685485] [BUILDER_INVOKE_BUILD_COMMAND] CWD=/home/olle/efinity_p2/BRAM/
[2025-08-08 22:39:27] [INFO    ] [efx_ipmgr.builder] [id-1754685485] [BUILDER_INVOKE_BUILD_COMMAND] args: /home/olle/efinix/efinity/2025.1/bin/python3
/home/olle/efinix/efinity/2025.1/ipm/ip/efx_soc/efx_soc/fpga/fpga_ti180/soc_gen.py
--out_path
/home/olle/efinity_p2/BRAM/ip
--gen_name
micro_risc_v1
--parameters
HexFile_PathEnable="1"
HexFile_Path="embedded_sw/micro_risc_v1/software/standalone/blink_led/build/blink_led.hex"
APBSlave4_Size="65536"
APBSlave3_Size="65536"
APBSlave2_Size="65536"
APBSlave1_Size="65536"
APBSlave0_Size="65536"
DEVKIT_CUSTOM="sapphireBoard_rev0"
LDSize="124"
LDStackSize="4"
DEVKIT="0"
DEBUG="1"
IDE_SEL="0"
RISCV_DEBUG_PRIV="1"
HARD_BREAKPOINT="0"
SOFT_TAP="0"
TAP_MODE="0"
TAP_COUNT="2"
TAP_SEL="8"
Frequency="128"
PeriFrequencyEnable="0"
PeriFrequency="50"
APBSlave0_Addr="1048576"
APBSlave2_Addr="0"
APBSlave4_Addr="0"
UART2_FIFODEPTH="128"
UART2_INT_ID="3"
TEST="0"
APBSlave3_Addr="0"
I2C2_Addr="86016"
Base_AXIS="16777216"
Base_M_AXIS="3774873600"
APBSlave0="0"
Base_IM="4177526784"
APBSlave2="0"
Base_IO="4160749568"
Base_M_IO="4160749568"
Base_EM="4096"
APBSlave1_Addr="0"
APBSlave1="0"
APBSlave3="0"
USER_1_INTR_ID="17"
USER_1_INTR="0"
USER_0_INTR_ID="16"
USER_0_INTR="0"
USER_2_INTR="0"
USER_2_INTR_ID="22"
USER_3_INTR="0"
USER_3_INTR_ID="23"
USER_4_INTR="0"
USER_4_INTR_ID="24"
USER_5_INTR="0"
USER_5_INTR_ID="25"
USER_6_INTR="0"
USER_6_INTR_ID="26"
USER_7_INTR="0"
USER_7_INTR_ID="27"
APBSlave4="0"
CustomInstruction="0"
ATMEXT="0"
CMREXT="0"
FPEXT="1"
FPU="0"
LINUX="0"
ICACHEWAY="1"
DCACHEWAY="1"
CpuCount="1"
ICacheSize="4096"
DCacheSize="4096"
Cache="1"
ICache_EN="1"
DCache_EN="1"
DDR="0"
DDR_AXI4="0"
DDRWidth="128"
DDR_IdWidth="8"
DDRSize="3758096384"
OCRSize="8192"
AXISlave="0"
AXISlaveSize="16777216"
GPIO1_Addr="86016"
GPIO0_Addr="86016"
GPIO1_INT_ID1="15"
GPIO1_INT_ID0="14"
GPIO0_INT_ID1="13"
GPIO0_INT_ID0="1"
GPIO0="1"
GPIO0Width="1"
GPIO1Width="8"
GPIO1="0"
UART0_FIFODEPTH="64"
UART0_INT_ID="2"
UART0_Addr="65536"
IOSize="4096"
UART0_M_Addr="4096"
UART1_M_Addr="8192"
UART2_M_Addr="12288"
SPI0_M_Addr="24576"
SPI1_M_Addr="16384"
SPI2_M_Addr="20480"
I2C0_M_Addr="40960"
I2C1_M_Addr="45056"
I2C2_M_Addr="49152"
GPIO0_M_Addr="53248"
GPIO1_M_Addr="57344"
APBSlave0_M_Addr="1048576"
APBSlave1_M_Addr="2097152"
APBSlave2_M_Addr="3145728"
APBSlave3_M_Addr="4194304"
APBSlave4_M_Addr="5242880"
UART0="1"
UART2_Addr="86016"
UART2="0"
UART1_FIFODEPTH="128"
UART1_INT_ID="2"
UART1_Addr="86016"
UART1="0"
SPI2="0"
SPI2DW="8"
SPI2SS="1"
SPI2_FIFODEPTH="256"
SPI1_INT_ID="5"
SPI1="0"
SPI1DW="8"
SPI1SS="1"
SPI1_FIFODEPTH="256"
SPI0_INT_ID="4"
SPI0_Addr="81920"
SPI0="0"
SPI0DW="8"
SPI0SS="1"
SPI0_FIFODEPTH="256"
I2C2_INT_ID="10"
ADDR_Scheme="0"
I2C2="0"
I2C1_Addr="86016"
I2C1="0"
SPI2_INT_ID="6"
SPI2_Addr="81920"
SPI1_Addr="81920"
I2C0_Addr="86016"
I2C1_INT_ID="9"
I2C0_INT_ID="8"
I2C0="0"
AXIMasterWidth_1="32"
AXIMaster_1="0"
AXIMasterWidth="32"
AXIMaster="1"
USER_TIMER0="0"
USER_TIMER0_CNT_WIDTH="12"
USER_TIMER0_PS_WIDTH="8"
USER_TIMER0_INT_ID="19"
USER_TIMER0_Addr="86016"
USER_TIMER0_M_Addr="61440"
USER_TIMER1="0"
USER_TIMER1_CNT_WIDTH="12"
USER_TIMER1_PS_WIDTH="8"
USER_TIMER1_INT_ID="20"
USER_TIMER1_Addr="86016"
USER_TIMER1_M_Addr="65536"
USER_TIMER2="0"
USER_TIMER2_CNT_WIDTH="12"
USER_TIMER2_PS_WIDTH="8"
USER_TIMER2_INT_ID="21"
USER_TIMER2_Addr="86016"
USER_TIMER2_M_Addr="69632"
WDT0="0"
WDT0_PS_WIDTH="24"
WDT0_TIMER_WIDTH="16"
WDT0_Addr="86016"
WDT0_M_Addr="73728"
WDT0_INT_ID="32"
RAM_OPT="0"
SOC_MODE="1"
MULDIV_EXT="0"
BARREL_SHIFTER="0"
REDUCED_CSR="1"
DDRCLK_DOMAIN="1"
DDR_OPT="1"
SW_REMOVED="0"
[2025-08-08 22:39:27] [INFO    ] [efx_ipmgr.builder] [id-1754685485] [BUILDER_INVOKE_BUILD_COMMAND] stdout: 
[2025-08-08 22:39:27] [INFO    ] [efx_ipmgr.builder] [id-1754685485] [BUILDER_INVOKE_BUILD_COMMAND-DONE] Build Command Execution: Success
[2025-08-08 22:39:27] [DEBUG   ] [efx_ipmgr.builder] [id-1754685485] [BUILDER_RUN] file_name = /home/olle/efinity_p2/BRAM/ip/micro_risc_v1/Ti180J484_devkit/micro_risc_v1
[2025-08-08 22:39:27] [DEBUG   ] [efx_ipmgr.builder] [id-1754685485] [BUILDER_RUN] resolved_name = /home/olle/efinity_p2/BRAM/ip/micro_risc_v1/Ti180J484_devkit/micro_risc_v1
[2025-08-08 22:39:27] [INFO    ] [efx_ipmgr.builder] [id-1754685485] [BUILDER-COPY] Copying file '/home/olle/efinix/efinity/2025.1/ipm/ip/efx_soc/efx_soc/fpga/fpga_ti180/soc.xml' to '/home/olle/efinity_p2/BRAM/ip/micro_risc_v1/Ti180J484_devkit'
[2025-08-08 22:39:27] [INFO    ] [efx_ipmgr.builder] [id-1754685485] [BUILDER-COPY] (('EfxSapphireSoc', 'micro_risc_v1'), ('EfxSapphireSoc_define.vh', 'micro_risc_v1_define.vh'), ('EfxSapphireSoc.v', 'micro_risc_v1.v'))
[2025-08-08 22:39:27] [INFO    ] [efx_ipmgr.builder] [id-1754685485] [BUILDER-COPY] Copying file '/home/olle/efinix/efinity/2025.1/ipm/ip/efx_soc/efx_soc/fpga/fpga_tz170/design_modules.v' to '/home/olle/efinity_p2/BRAM/ip/micro_risc_v1/Tz170J484_devkit'
[2025-08-08 22:39:27] [INFO    ] [efx_ipmgr.builder] [id-1754685485] [BUILDER-COPY] (('EfxSapphireSoc', 'micro_risc_v1'), ('EfxSapphireSoc_define.vh', 'micro_risc_v1_define.vh'), ('EfxSapphireSoc.v', 'micro_risc_v1.v'))
[2025-08-08 22:39:27] [INFO    ] [efx_ipmgr.builder] [id-1754685485] [BUILDER-COPY] Copying file '/home/olle/efinity_p2/BRAM/ip/micro_risc_v1/micro_risc_v1.v' to '/home/olle/efinity_p2/BRAM/ip/micro_risc_v1/Tz170J484_devkit'
[2025-08-08 22:39:27] [INFO    ] [efx_ipmgr.builder] [id-1754685485] [BUILDER-COPY] (('EfxSapphireSoc', 'micro_risc_v1'), ('EfxSapphireSoc_define.vh', 'micro_risc_v1_define.vh'), ('EfxSapphireSoc.v', 'micro_risc_v1.v'))
[2025-08-08 22:39:27] [INFO    ] [efx_ipmgr.builder] [id-1754685485] [BUILDER-COPY] Copying file '/home/olle/efinity_p2/BRAM/ip/micro_risc_v1/micro_risc_v1_define.vh' to '/home/olle/efinity_p2/BRAM/ip/micro_risc_v1/Tz170J484_devkit'
[2025-08-08 22:39:27] [INFO    ] [efx_ipmgr.builder] [id-1754685485] [BUILDER-COPY] (('EfxSapphireSoc', 'micro_risc_v1'), ('EfxSapphireSoc_define.vh', 'micro_risc_v1_define.vh'), ('EfxSapphireSoc.v', 'micro_risc_v1.v'))
[2025-08-08 22:39:27] [DEBUG   ] [efx_ipmgr.builder] [id-1754685485] [BUILDER_RUN] command_str = ${EFINITY_PYTHON} ${IP_LIBRARY_ROOT}/efx_soc/efx_soc/fpga/fpga_tz170/soc_gen.py
[2025-08-08 22:39:27] [DEBUG   ] [efx_ipmgr.builder] [id-1754685485] [BUILDER_RUN] flags_str = --out_path ${IP_OUTPUT_PATH} --gen_name ${IP_GEN_MODULE} --parameters ${IP_USER_PARAMETERS}
[2025-08-08 22:39:27] [DEBUG   ] [efx_ipmgr.builder] [id-1754685485] [BUILDER_RUN] file = {'path': '${IP_GEN_MODULE}', 'copiedPath': '', 'fileType': 'pythonScript', 'workdir': '', 'isInternal': '', 'isPresent': 'True', 'isPresentDefault': 'True', 'command': '${EFINITY_PYTHON} ${IP_LIBRARY_ROOT}/efx_soc/efx_soc/fpga/fpga_tz170/soc_gen.py', 'flags': '--out_path ${IP_OUTPUT_PATH} --gen_name ${IP_GEN_MODULE} --parameters ${IP_USER_PARAMETERS}', 'targetName': '', 'name': PosixPath('/home/olle/efinity_p2/BRAM/ip/micro_risc_v1/Tz170J484_devkit/micro_risc_v1')}
[2025-08-08 22:39:27] [INFO    ] [efx_ipmgr.builder] [id-1754685485] [BUILDER_INVOKE_BUILD_COMMAND-BEGIN] Start build_command
[2025-08-08 22:39:27] [INFO    ] [efx_ipmgr.builder] [id-1754685485] [BUILDER_INVOKE_BUILD_COMMAND] CWD=/home/olle/efinity_p2/BRAM/
[2025-08-08 22:39:27] [INFO    ] [efx_ipmgr.builder] [id-1754685485] [BUILDER_INVOKE_BUILD_COMMAND] args: /home/olle/efinix/efinity/2025.1/bin/python3
/home/olle/efinix/efinity/2025.1/ipm/ip/efx_soc/efx_soc/fpga/fpga_tz170/soc_gen.py
--out_path
/home/olle/efinity_p2/BRAM/ip
--gen_name
micro_risc_v1
--parameters
HexFile_PathEnable="1"
HexFile_Path="embedded_sw/micro_risc_v1/software/standalone/blink_led/build/blink_led.hex"
APBSlave4_Size="65536"
APBSlave3_Size="65536"
APBSlave2_Size="65536"
APBSlave1_Size="65536"
APBSlave0_Size="65536"
DEVKIT_CUSTOM="sapphireBoard_rev0"
LDSize="124"
LDStackSize="4"
DEVKIT="0"
DEBUG="1"
IDE_SEL="0"
RISCV_DEBUG_PRIV="1"
HARD_BREAKPOINT="0"
SOFT_TAP="0"
TAP_MODE="0"
TAP_COUNT="2"
TAP_SEL="8"
Frequency="128"
PeriFrequencyEnable="0"
PeriFrequency="50"
APBSlave0_Addr="1048576"
APBSlave2_Addr="0"
APBSlave4_Addr="0"
UART2_FIFODEPTH="128"
UART2_INT_ID="3"
TEST="0"
APBSlave3_Addr="0"
I2C2_Addr="86016"
Base_AXIS="16777216"
Base_M_AXIS="3774873600"
APBSlave0="0"
Base_IM="4177526784"
APBSlave2="0"
Base_IO="4160749568"
Base_M_IO="4160749568"
Base_EM="4096"
APBSlave1_Addr="0"
APBSlave1="0"
APBSlave3="0"
USER_1_INTR_ID="17"
USER_1_INTR="0"
USER_0_INTR_ID="16"
USER_0_INTR="0"
USER_2_INTR="0"
USER_2_INTR_ID="22"
USER_3_INTR="0"
USER_3_INTR_ID="23"
USER_4_INTR="0"
USER_4_INTR_ID="24"
USER_5_INTR="0"
USER_5_INTR_ID="25"
USER_6_INTR="0"
USER_6_INTR_ID="26"
USER_7_INTR="0"
USER_7_INTR_ID="27"
APBSlave4="0"
CustomInstruction="0"
ATMEXT="0"
CMREXT="0"
FPEXT="1"
FPU="0"
LINUX="0"
ICACHEWAY="1"
DCACHEWAY="1"
CpuCount="1"
ICacheSize="4096"
DCacheSize="4096"
Cache="1"
ICache_EN="1"
DCache_EN="1"
DDR="0"
DDR_AXI4="0"
DDRWidth="128"
DDR_IdWidth="8"
DDRSize="3758096384"
OCRSize="8192"
AXISlave="0"
AXISlaveSize="16777216"
GPIO1_Addr="86016"
GPIO0_Addr="86016"
GPIO1_INT_ID1="15"
GPIO1_INT_ID0="14"
GPIO0_INT_ID1="13"
GPIO0_INT_ID0="1"
GPIO0="1"
GPIO0Width="1"
GPIO1Width="8"
GPIO1="0"
UART0_FIFODEPTH="64"
UART0_INT_ID="2"
UART0_Addr="65536"
IOSize="4096"
UART0_M_Addr="4096"
UART1_M_Addr="8192"
UART2_M_Addr="12288"
SPI0_M_Addr="24576"
SPI1_M_Addr="16384"
SPI2_M_Addr="20480"
I2C0_M_Addr="40960"
I2C1_M_Addr="45056"
I2C2_M_Addr="49152"
GPIO0_M_Addr="53248"
GPIO1_M_Addr="57344"
APBSlave0_M_Addr="1048576"
APBSlave1_M_Addr="2097152"
APBSlave2_M_Addr="3145728"
APBSlave3_M_Addr="4194304"
APBSlave4_M_Addr="5242880"
UART0="1"
UART2_Addr="86016"
UART2="0"
UART1_FIFODEPTH="128"
UART1_INT_ID="2"
UART1_Addr="86016"
UART1="0"
SPI2="0"
SPI2DW="8"
SPI2SS="1"
SPI2_FIFODEPTH="256"
SPI1_INT_ID="5"
SPI1="0"
SPI1DW="8"
SPI1SS="1"
SPI1_FIFODEPTH="256"
SPI0_INT_ID="4"
SPI0_Addr="81920"
SPI0="0"
SPI0DW="8"
SPI0SS="1"
SPI0_FIFODEPTH="256"
I2C2_INT_ID="10"
ADDR_Scheme="0"
I2C2="0"
I2C1_Addr="86016"
I2C1="0"
SPI2_INT_ID="6"
SPI2_Addr="81920"
SPI1_Addr="81920"
I2C0_Addr="86016"
I2C1_INT_ID="9"
I2C0_INT_ID="8"
I2C0="0"
AXIMasterWidth_1="32"
AXIMaster_1="0"
AXIMasterWidth="32"
AXIMaster="1"
USER_TIMER0="0"
USER_TIMER0_CNT_WIDTH="12"
USER_TIMER0_PS_WIDTH="8"
USER_TIMER0_INT_ID="19"
USER_TIMER0_Addr="86016"
USER_TIMER0_M_Addr="61440"
USER_TIMER1="0"
USER_TIMER1_CNT_WIDTH="12"
USER_TIMER1_PS_WIDTH="8"
USER_TIMER1_INT_ID="20"
USER_TIMER1_Addr="86016"
USER_TIMER1_M_Addr="65536"
USER_TIMER2="0"
USER_TIMER2_CNT_WIDTH="12"
USER_TIMER2_PS_WIDTH="8"
USER_TIMER2_INT_ID="21"
USER_TIMER2_Addr="86016"
USER_TIMER2_M_Addr="69632"
WDT0="0"
WDT0_PS_WIDTH="24"
WDT0_TIMER_WIDTH="16"
WDT0_Addr="86016"
WDT0_M_Addr="73728"
WDT0_INT_ID="32"
RAM_OPT="0"
SOC_MODE="1"
MULDIV_EXT="0"
BARREL_SHIFTER="0"
REDUCED_CSR="1"
DDRCLK_DOMAIN="1"
DDR_OPT="1"
SW_REMOVED="0"
[2025-08-08 22:39:27] [INFO    ] [efx_ipmgr.builder] [id-1754685485] [BUILDER_INVOKE_BUILD_COMMAND] stdout: 
[2025-08-08 22:39:27] [INFO    ] [efx_ipmgr.builder] [id-1754685485] [BUILDER_INVOKE_BUILD_COMMAND-DONE] Build Command Execution: Success
[2025-08-08 22:39:27] [DEBUG   ] [efx_ipmgr.builder] [id-1754685485] [BUILDER_RUN] file_name = /home/olle/efinity_p2/BRAM/ip/micro_risc_v1/Tz170J484_devkit/micro_risc_v1
[2025-08-08 22:39:27] [DEBUG   ] [efx_ipmgr.builder] [id-1754685485] [BUILDER_RUN] resolved_name = /home/olle/efinity_p2/BRAM/ip/micro_risc_v1/Tz170J484_devkit/micro_risc_v1
[2025-08-08 22:39:27] [INFO    ] [efx_ipmgr.builder] [id-1754685485] [BUILDER-COPY] Copying file '/home/olle/efinix/efinity/2025.1/ipm/ip/efx_soc/efx_soc/fpga/fpga_tz170/soc.xml' to '/home/olle/efinity_p2/BRAM/ip/micro_risc_v1/Tz170J484_devkit'
[2025-08-08 22:39:27] [INFO    ] [efx_ipmgr.builder] [id-1754685485] [BUILDER-COPY] (('EfxSapphireSoc', 'micro_risc_v1'), ('EfxSapphireSoc_define.vh', 'micro_risc_v1_define.vh'), ('EfxSapphireSoc.v', 'micro_risc_v1.v'))
[2025-08-08 22:39:27] [INFO    ] [efx_ipmgr.builder] [id-1754685485] [BUILDER-COPY] Copying file '/home/olle/efinix/efinity/2025.1/ipm/ip/efx_soc/efx_soc/testbench/MEM_IM.TXT' to '/home/olle/efinity_p2/BRAM/ip/micro_risc_v1/Testbench'
[2025-08-08 22:39:27] [INFO    ] [efx_ipmgr.builder] [id-1754685485] [BUILDER-COPY] (('EfxSapphireSoc', 'micro_risc_v1'), ('EfxSapphireSoc_define.vh', 'micro_risc_v1_define.vh'), ('EfxSapphireSoc.v', 'micro_risc_v1.v'))
[2025-08-08 22:39:27] [INFO    ] [efx_ipmgr.builder] [id-1754685485] [BUILDER-COPY] Copying file '/home/olle/efinix/efinity/2025.1/ipm/ip/efx_soc/efx_soc/testbench/SECSI.TXT' to '/home/olle/efinity_p2/BRAM/ip/micro_risc_v1/Testbench'
[2025-08-08 22:39:27] [INFO    ] [efx_ipmgr.builder] [id-1754685485] [BUILDER-COPY] (('EfxSapphireSoc', 'micro_risc_v1'), ('EfxSapphireSoc_define.vh', 'micro_risc_v1_define.vh'), ('EfxSapphireSoc.v', 'micro_risc_v1.v'))
[2025-08-08 22:39:27] [INFO    ] [efx_ipmgr.builder] [id-1754685485] [BUILDER-COPY] Copying file '/home/olle/efinix/efinity/2025.1/ipm/ip/efx_soc/efx_soc/testbench/SFDP.TXT' to '/home/olle/efinity_p2/BRAM/ip/micro_risc_v1/Testbench'
[2025-08-08 22:39:27] [INFO    ] [efx_ipmgr.builder] [id-1754685485] [BUILDER-COPY] (('EfxSapphireSoc', 'micro_risc_v1'), ('EfxSapphireSoc_define.vh', 'micro_risc_v1_define.vh'), ('EfxSapphireSoc.v', 'micro_risc_v1.v'))
[2025-08-08 22:39:27] [INFO    ] [efx_ipmgr.builder] [id-1754685485] [BUILDER-COPY] Copying file '/home/olle/efinix/efinity/2025.1/ipm/ip/efx_soc/efx_soc/testbench/SREG.TXT' to '/home/olle/efinity_p2/BRAM/ip/micro_risc_v1/Testbench'
[2025-08-08 22:39:27] [INFO    ] [efx_ipmgr.builder] [id-1754685485] [BUILDER-COPY] (('EfxSapphireSoc', 'micro_risc_v1'), ('EfxSapphireSoc_define.vh', 'micro_risc_v1_define.vh'), ('EfxSapphireSoc.v', 'micro_risc_v1.v'))
[2025-08-08 22:39:27] [INFO    ] [efx_ipmgr.builder] [id-1754685485] [BUILDER-COPY] Copying file '/home/olle/efinix/efinity/2025.1/ipm/ip/efx_soc/efx_soc/testbench/README' to '/home/olle/efinity_p2/BRAM/ip/micro_risc_v1/Testbench'
[2025-08-08 22:39:27] [INFO    ] [efx_ipmgr.builder] [id-1754685485] [BUILDER-COPY] (('EfxSapphireSoc', 'micro_risc_v1'), ('EfxSapphireSoc_define.vh', 'micro_risc_v1_define.vh'), ('EfxSapphireSoc.v', 'micro_risc_v1.v'))
[2025-08-08 22:39:27] [INFO    ] [efx_ipmgr.builder] [id-1754685485] [BUILDER-COPY] Copying file '/home/olle/efinix/efinity/2025.1/ipm/ip/efx_soc/efx_soc/testbench/tb_soc.do' to '/home/olle/efinity_p2/BRAM/ip/micro_risc_v1/Testbench'
[2025-08-08 22:39:27] [INFO    ] [efx_ipmgr.builder] [id-1754685485] [BUILDER-COPY] (('EfxSapphireSoc', 'micro_risc_v1'), ('EfxSapphireSoc_define.vh', 'micro_risc_v1_define.vh'), ('EfxSapphireSoc.v', 'micro_risc_v1.v'))
[2025-08-08 22:39:27] [INFO    ] [efx_ipmgr.builder] [id-1754685485] [BUILDER-COPY] Copying file '/home/olle/efinix/efinity/2025.1/ipm/ip/efx_soc/efx_soc/testbench/modelsim.do' to '/home/olle/efinity_p2/BRAM/ip/micro_risc_v1/Testbench'
[2025-08-08 22:39:27] [INFO    ] [efx_ipmgr.builder] [id-1754685485] [BUILDER-COPY] (('EfxSapphireSoc', 'micro_risc_v1'), ('EfxSapphireSoc_define.vh', 'micro_risc_v1_define.vh'), ('EfxSapphireSoc.v', 'micro_risc_v1.v'))
[2025-08-08 22:39:27] [INFO    ] [efx_ipmgr.builder] [id-1754685485] [BUILDER-COPY] Copying file '/home/olle/efinix/efinity/2025.1/ipm/ip/efx_soc/efx_soc/testbench/wave.do' to '/home/olle/efinity_p2/BRAM/ip/micro_risc_v1/Testbench'
[2025-08-08 22:39:27] [INFO    ] [efx_ipmgr.builder] [id-1754685485] [BUILDER-COPY] (('EfxSapphireSoc', 'micro_risc_v1'), ('EfxSapphireSoc_define.vh', 'micro_risc_v1_define.vh'), ('EfxSapphireSoc.v', 'micro_risc_v1.v'))
[2025-08-08 22:39:27] [INFO    ] [efx_ipmgr.builder] [id-1754685485] [BUILDER-COPY] Copying file '/home/olle/efinix/efinity/2025.1/ipm/ip/efx_soc/efx_soc/testbench/aldec.do' to '/home/olle/efinity_p2/BRAM/ip/micro_risc_v1/Testbench'
[2025-08-08 22:39:27] [INFO    ] [efx_ipmgr.builder] [id-1754685485] [BUILDER-COPY] (('EfxSapphireSoc', 'micro_risc_v1'), ('EfxSapphireSoc_define.vh', 'micro_risc_v1_define.vh'), ('EfxSapphireSoc.v', 'micro_risc_v1.v'))
[2025-08-08 22:39:27] [INFO    ] [efx_ipmgr.builder] [id-1754685485] [BUILDER-COPY] Copying file '/home/olle/efinix/efinity/2025.1/ipm/ip/efx_soc/efx_soc/testbench/design_modules.v' to '/home/olle/efinity_p2/BRAM/ip/micro_risc_v1/Testbench'
[2025-08-08 22:39:27] [INFO    ] [efx_ipmgr.builder] [id-1754685485] [BUILDER-COPY] (('EfxSapphireSoc', 'micro_risc_v1'), ('EfxSapphireSoc_define.vh', 'micro_risc_v1_define.vh'), ('EfxSapphireSoc.v', 'micro_risc_v1.v'))
[2025-08-08 22:39:27] [INFO    ] [efx_ipmgr.builder] [id-1754685485] [BUILDER-COPY] Copying file '/home/olle/efinix/efinity/2025.1/ipm/ip/efx_soc/efx_soc/testbench/sim_modules.v' to '/home/olle/efinity_p2/BRAM/ip/micro_risc_v1/Testbench'
[2025-08-08 22:39:27] [INFO    ] [efx_ipmgr.builder] [id-1754685485] [BUILDER-COPY] (('EfxSapphireSoc', 'micro_risc_v1'), ('EfxSapphireSoc_define.vh', 'micro_risc_v1_define.vh'), ('EfxSapphireSoc.v', 'micro_risc_v1.v'))
[2025-08-08 22:39:27] [INFO    ] [efx_ipmgr.builder] [id-1754685485] [BUILDER-COPY] Copying file '/home/olle/efinix/efinity/2025.1/ipm/ip/efx_soc/efx_soc/testbench/W25Q32JVxxIM.v' to '/home/olle/efinity_p2/BRAM/ip/micro_risc_v1/Testbench'
[2025-08-08 22:39:27] [INFO    ] [efx_ipmgr.builder] [id-1754685485] [BUILDER-COPY] (('EfxSapphireSoc', 'micro_risc_v1'), ('EfxSapphireSoc_define.vh', 'micro_risc_v1_define.vh'), ('EfxSapphireSoc.v', 'micro_risc_v1.v'))
[2025-08-08 22:39:27] [INFO    ] [efx_ipmgr.builder] [id-1754685485] [BUILDER-COPY] Copying file '/home/olle/efinity_p2/BRAM/ip/micro_risc_v1/micro_risc_v1.v' to '/home/olle/efinity_p2/BRAM/ip/micro_risc_v1/Testbench'
[2025-08-08 22:39:27] [INFO    ] [efx_ipmgr.builder] [id-1754685485] [BUILDER-COPY] (('EfxSapphireSoc', 'micro_risc_v1'), ('EfxSapphireSoc_define.vh', 'micro_risc_v1_define.vh'), ('EfxSapphireSoc.v', 'micro_risc_v1.v'))
[2025-08-08 22:39:27] [INFO    ] [efx_ipmgr.builder] [id-1754685485] [BUILDER-COPY] Copying file '/home/olle/efinity_p2/BRAM/ip/micro_risc_v1/micro_risc_v1_define.vh' to '/home/olle/efinity_p2/BRAM/ip/micro_risc_v1/Testbench'
[2025-08-08 22:39:27] [INFO    ] [efx_ipmgr.builder] [id-1754685485] [BUILDER-COPY] (('EfxSapphireSoc', 'micro_risc_v1'), ('EfxSapphireSoc_define.vh', 'micro_risc_v1_define.vh'), ('EfxSapphireSoc.v', 'micro_risc_v1.v'))
[2025-08-08 22:39:27] [DEBUG   ] [efx_ipmgr.builder] [id-1754685485] [BUILDER_RUN] command_str = ${EFINITY_PYTHON} ${IP_LIBRARY_ROOT}/efx_soc/efx_soc/testbench/tb_gen.py
[2025-08-08 22:39:27] [DEBUG   ] [efx_ipmgr.builder] [id-1754685485] [BUILDER_RUN] flags_str = --out_path ${IP_OUTPUT_PATH} --gen_name ${IP_GEN_MODULE} --parameters ${IP_USER_PARAMETERS}
[2025-08-08 22:39:27] [DEBUG   ] [efx_ipmgr.builder] [id-1754685485] [BUILDER_RUN] file = {'path': '${IP_GEN_MODULE}1', 'copiedPath': '', 'fileType': 'pythonScript', 'workdir': '', 'isInternal': '', 'isPresent': 'True', 'isPresentDefault': 'True', 'command': '${EFINITY_PYTHON} ${IP_LIBRARY_ROOT}/efx_soc/efx_soc/testbench/tb_gen.py', 'flags': '--out_path ${IP_OUTPUT_PATH} --gen_name ${IP_GEN_MODULE} --parameters ${IP_USER_PARAMETERS}', 'targetName': '', 'name': PosixPath('/home/olle/efinity_p2/BRAM/ip/micro_risc_v1/Testbench/micro_risc_v11')}
[2025-08-08 22:39:27] [INFO    ] [efx_ipmgr.builder] [id-1754685485] [BUILDER_INVOKE_BUILD_COMMAND-BEGIN] Start build_command
[2025-08-08 22:39:27] [INFO    ] [efx_ipmgr.builder] [id-1754685485] [BUILDER_INVOKE_BUILD_COMMAND] CWD=/home/olle/efinity_p2/BRAM/
[2025-08-08 22:39:27] [INFO    ] [efx_ipmgr.builder] [id-1754685485] [BUILDER_INVOKE_BUILD_COMMAND] args: /home/olle/efinix/efinity/2025.1/bin/python3
/home/olle/efinix/efinity/2025.1/ipm/ip/efx_soc/efx_soc/testbench/tb_gen.py
--out_path
/home/olle/efinity_p2/BRAM/ip
--gen_name
micro_risc_v1
--parameters
HexFile_PathEnable="1"
HexFile_Path="embedded_sw/micro_risc_v1/software/standalone/blink_led/build/blink_led.hex"
APBSlave4_Size="65536"
APBSlave3_Size="65536"
APBSlave2_Size="65536"
APBSlave1_Size="65536"
APBSlave0_Size="65536"
DEVKIT_CUSTOM="sapphireBoard_rev0"
LDSize="124"
LDStackSize="4"
DEVKIT="0"
DEBUG="1"
IDE_SEL="0"
RISCV_DEBUG_PRIV="1"
HARD_BREAKPOINT="0"
SOFT_TAP="0"
TAP_MODE="0"
TAP_COUNT="2"
TAP_SEL="8"
Frequency="128"
PeriFrequencyEnable="0"
PeriFrequency="50"
APBSlave0_Addr="1048576"
APBSlave2_Addr="0"
APBSlave4_Addr="0"
UART2_FIFODEPTH="128"
UART2_INT_ID="3"
TEST="0"
APBSlave3_Addr="0"
I2C2_Addr="86016"
Base_AXIS="16777216"
Base_M_AXIS="3774873600"
APBSlave0="0"
Base_IM="4177526784"
APBSlave2="0"
Base_IO="4160749568"
Base_M_IO="4160749568"
Base_EM="4096"
APBSlave1_Addr="0"
APBSlave1="0"
APBSlave3="0"
USER_1_INTR_ID="17"
USER_1_INTR="0"
USER_0_INTR_ID="16"
USER_0_INTR="0"
USER_2_INTR="0"
USER_2_INTR_ID="22"
USER_3_INTR="0"
USER_3_INTR_ID="23"
USER_4_INTR="0"
USER_4_INTR_ID="24"
USER_5_INTR="0"
USER_5_INTR_ID="25"
USER_6_INTR="0"
USER_6_INTR_ID="26"
USER_7_INTR="0"
USER_7_INTR_ID="27"
APBSlave4="0"
CustomInstruction="0"
ATMEXT="0"
CMREXT="0"
FPEXT="1"
FPU="0"
LINUX="0"
ICACHEWAY="1"
DCACHEWAY="1"
CpuCount="1"
ICacheSize="4096"
DCacheSize="4096"
Cache="1"
ICache_EN="1"
DCache_EN="1"
DDR="0"
DDR_AXI4="0"
DDRWidth="128"
DDR_IdWidth="8"
DDRSize="3758096384"
OCRSize="8192"
AXISlave="0"
AXISlaveSize="16777216"
GPIO1_Addr="86016"
GPIO0_Addr="86016"
GPIO1_INT_ID1="15"
GPIO1_INT_ID0="14"
GPIO0_INT_ID1="13"
GPIO0_INT_ID0="1"
GPIO0="1"
GPIO0Width="1"
GPIO1Width="8"
GPIO1="0"
UART0_FIFODEPTH="64"
UART0_INT_ID="2"
UART0_Addr="65536"
IOSize="4096"
UART0_M_Addr="4096"
UART1_M_Addr="8192"
UART2_M_Addr="12288"
SPI0_M_Addr="24576"
SPI1_M_Addr="16384"
SPI2_M_Addr="20480"
I2C0_M_Addr="40960"
I2C1_M_Addr="45056"
I2C2_M_Addr="49152"
GPIO0_M_Addr="53248"
GPIO1_M_Addr="57344"
APBSlave0_M_Addr="1048576"
APBSlave1_M_Addr="2097152"
APBSlave2_M_Addr="3145728"
APBSlave3_M_Addr="4194304"
APBSlave4_M_Addr="5242880"
UART0="1"
UART2_Addr="86016"
UART2="0"
UART1_FIFODEPTH="128"
UART1_INT_ID="2"
UART1_Addr="86016"
UART1="0"
SPI2="0"
SPI2DW="8"
SPI2SS="1"
SPI2_FIFODEPTH="256"
SPI1_INT_ID="5"
SPI1="0"
SPI1DW="8"
SPI1SS="1"
SPI1_FIFODEPTH="256"
SPI0_INT_ID="4"
SPI0_Addr="81920"
SPI0="0"
SPI0DW="8"
SPI0SS="1"
SPI0_FIFODEPTH="256"
I2C2_INT_ID="10"
ADDR_Scheme="0"
I2C2="0"
I2C1_Addr="86016"
I2C1="0"
SPI2_INT_ID="6"
SPI2_Addr="81920"
SPI1_Addr="81920"
I2C0_Addr="86016"
I2C1_INT_ID="9"
I2C0_INT_ID="8"
I2C0="0"
AXIMasterWidth_1="32"
AXIMaster_1="0"
AXIMasterWidth="32"
AXIMaster="1"
USER_TIMER0="0"
USER_TIMER0_CNT_WIDTH="12"
USER_TIMER0_PS_WIDTH="8"
USER_TIMER0_INT_ID="19"
USER_TIMER0_Addr="86016"
USER_TIMER0_M_Addr="61440"
USER_TIMER1="0"
USER_TIMER1_CNT_WIDTH="12"
USER_TIMER1_PS_WIDTH="8"
USER_TIMER1_INT_ID="20"
USER_TIMER1_Addr="86016"
USER_TIMER1_M_Addr="65536"
USER_TIMER2="0"
USER_TIMER2_CNT_WIDTH="12"
USER_TIMER2_PS_WIDTH="8"
USER_TIMER2_INT_ID="21"
USER_TIMER2_Addr="86016"
USER_TIMER2_M_Addr="69632"
WDT0="0"
WDT0_PS_WIDTH="24"
WDT0_TIMER_WIDTH="16"
WDT0_Addr="86016"
WDT0_M_Addr="73728"
WDT0_INT_ID="32"
RAM_OPT="0"
SOC_MODE="1"
MULDIV_EXT="0"
BARREL_SHIFTER="0"
REDUCED_CSR="1"
DDRCLK_DOMAIN="1"
DDR_OPT="1"
SW_REMOVED="0"
[2025-08-08 22:39:27] [INFO    ] [efx_ipmgr.builder] [id-1754685485] [BUILDER_INVOKE_BUILD_COMMAND] stdout: 
[2025-08-08 22:39:27] [INFO    ] [efx_ipmgr.builder] [id-1754685485] [BUILDER_INVOKE_BUILD_COMMAND-DONE] Build Command Execution: Success
[2025-08-08 22:39:27] [DEBUG   ] [efx_ipmgr.builder] [id-1754685485] [BUILDER_RUN] file_name = /home/olle/efinity_p2/BRAM/ip/micro_risc_v1/Testbench/micro_risc_v11
[2025-08-08 22:39:27] [DEBUG   ] [efx_ipmgr.builder] [id-1754685485] [BUILDER_RUN] resolved_name = /home/olle/efinity_p2/BRAM/ip/micro_risc_v1/Testbench/micro_risc_v11
[2025-08-08 22:39:27] [DEBUG   ] [efx_ipmgr.builder] [id-1754685485] [BUILDER_RUN] command_str = ${EFINITY_PYTHON} ${IP_LIBRARY_ROOT}/efx_soc/efx_soc/testbench/soc_gen.py
[2025-08-08 22:39:27] [DEBUG   ] [efx_ipmgr.builder] [id-1754685485] [BUILDER_RUN] flags_str = --out_path ${IP_OUTPUT_PATH} --gen_name ${IP_GEN_MODULE} --parameters ${IP_USER_PARAMETERS}
[2025-08-08 22:39:27] [DEBUG   ] [efx_ipmgr.builder] [id-1754685485] [BUILDER_RUN] file = {'path': '${IP_GEN_MODULE}2', 'copiedPath': '', 'fileType': 'pythonScript', 'workdir': '', 'isInternal': '', 'isPresent': 'True', 'isPresentDefault': 'True', 'command': '${EFINITY_PYTHON} ${IP_LIBRARY_ROOT}/efx_soc/efx_soc/testbench/soc_gen.py', 'flags': '--out_path ${IP_OUTPUT_PATH} --gen_name ${IP_GEN_MODULE} --parameters ${IP_USER_PARAMETERS}', 'targetName': '', 'name': PosixPath('/home/olle/efinity_p2/BRAM/ip/micro_risc_v1/Testbench/micro_risc_v12')}
[2025-08-08 22:39:27] [INFO    ] [efx_ipmgr.builder] [id-1754685485] [BUILDER_INVOKE_BUILD_COMMAND-BEGIN] Start build_command
[2025-08-08 22:39:27] [INFO    ] [efx_ipmgr.builder] [id-1754685485] [BUILDER_INVOKE_BUILD_COMMAND] CWD=/home/olle/efinity_p2/BRAM/
[2025-08-08 22:39:27] [INFO    ] [efx_ipmgr.builder] [id-1754685485] [BUILDER_INVOKE_BUILD_COMMAND] args: /home/olle/efinix/efinity/2025.1/bin/python3
/home/olle/efinix/efinity/2025.1/ipm/ip/efx_soc/efx_soc/testbench/soc_gen.py
--out_path
/home/olle/efinity_p2/BRAM/ip
--gen_name
micro_risc_v1
--parameters
HexFile_PathEnable="1"
HexFile_Path="embedded_sw/micro_risc_v1/software/standalone/blink_led/build/blink_led.hex"
APBSlave4_Size="65536"
APBSlave3_Size="65536"
APBSlave2_Size="65536"
APBSlave1_Size="65536"
APBSlave0_Size="65536"
DEVKIT_CUSTOM="sapphireBoard_rev0"
LDSize="124"
LDStackSize="4"
DEVKIT="0"
DEBUG="1"
IDE_SEL="0"
RISCV_DEBUG_PRIV="1"
HARD_BREAKPOINT="0"
SOFT_TAP="0"
TAP_MODE="0"
TAP_COUNT="2"
TAP_SEL="8"
Frequency="128"
PeriFrequencyEnable="0"
PeriFrequency="50"
APBSlave0_Addr="1048576"
APBSlave2_Addr="0"
APBSlave4_Addr="0"
UART2_FIFODEPTH="128"
UART2_INT_ID="3"
TEST="0"
APBSlave3_Addr="0"
I2C2_Addr="86016"
Base_AXIS="16777216"
Base_M_AXIS="3774873600"
APBSlave0="0"
Base_IM="4177526784"
APBSlave2="0"
Base_IO="4160749568"
Base_M_IO="4160749568"
Base_EM="4096"
APBSlave1_Addr="0"
APBSlave1="0"
APBSlave3="0"
USER_1_INTR_ID="17"
USER_1_INTR="0"
USER_0_INTR_ID="16"
USER_0_INTR="0"
USER_2_INTR="0"
USER_2_INTR_ID="22"
USER_3_INTR="0"
USER_3_INTR_ID="23"
USER_4_INTR="0"
USER_4_INTR_ID="24"
USER_5_INTR="0"
USER_5_INTR_ID="25"
USER_6_INTR="0"
USER_6_INTR_ID="26"
USER_7_INTR="0"
USER_7_INTR_ID="27"
APBSlave4="0"
CustomInstruction="0"
ATMEXT="0"
CMREXT="0"
FPEXT="1"
FPU="0"
LINUX="0"
ICACHEWAY="1"
DCACHEWAY="1"
CpuCount="1"
ICacheSize="4096"
DCacheSize="4096"
Cache="1"
ICache_EN="1"
DCache_EN="1"
DDR="0"
DDR_AXI4="0"
DDRWidth="128"
DDR_IdWidth="8"
DDRSize="3758096384"
OCRSize="8192"
AXISlave="0"
AXISlaveSize="16777216"
GPIO1_Addr="86016"
GPIO0_Addr="86016"
GPIO1_INT_ID1="15"
GPIO1_INT_ID0="14"
GPIO0_INT_ID1="13"
GPIO0_INT_ID0="1"
GPIO0="1"
GPIO0Width="1"
GPIO1Width="8"
GPIO1="0"
UART0_FIFODEPTH="64"
UART0_INT_ID="2"
UART0_Addr="65536"
IOSize="4096"
UART0_M_Addr="4096"
UART1_M_Addr="8192"
UART2_M_Addr="12288"
SPI0_M_Addr="24576"
SPI1_M_Addr="16384"
SPI2_M_Addr="20480"
I2C0_M_Addr="40960"
I2C1_M_Addr="45056"
I2C2_M_Addr="49152"
GPIO0_M_Addr="53248"
GPIO1_M_Addr="57344"
APBSlave0_M_Addr="1048576"
APBSlave1_M_Addr="2097152"
APBSlave2_M_Addr="3145728"
APBSlave3_M_Addr="4194304"
APBSlave4_M_Addr="5242880"
UART0="1"
UART2_Addr="86016"
UART2="0"
UART1_FIFODEPTH="128"
UART1_INT_ID="2"
UART1_Addr="86016"
UART1="0"
SPI2="0"
SPI2DW="8"
SPI2SS="1"
SPI2_FIFODEPTH="256"
SPI1_INT_ID="5"
SPI1="0"
SPI1DW="8"
SPI1SS="1"
SPI1_FIFODEPTH="256"
SPI0_INT_ID="4"
SPI0_Addr="81920"
SPI0="0"
SPI0DW="8"
SPI0SS="1"
SPI0_FIFODEPTH="256"
I2C2_INT_ID="10"
ADDR_Scheme="0"
I2C2="0"
I2C1_Addr="86016"
I2C1="0"
SPI2_INT_ID="6"
SPI2_Addr="81920"
SPI1_Addr="81920"
I2C0_Addr="86016"
I2C1_INT_ID="9"
I2C0_INT_ID="8"
I2C0="0"
AXIMasterWidth_1="32"
AXIMaster_1="0"
AXIMasterWidth="32"
AXIMaster="1"
USER_TIMER0="0"
USER_TIMER0_CNT_WIDTH="12"
USER_TIMER0_PS_WIDTH="8"
USER_TIMER0_INT_ID="19"
USER_TIMER0_Addr="86016"
USER_TIMER0_M_Addr="61440"
USER_TIMER1="0"
USER_TIMER1_CNT_WIDTH="12"
USER_TIMER1_PS_WIDTH="8"
USER_TIMER1_INT_ID="20"
USER_TIMER1_Addr="86016"
USER_TIMER1_M_Addr="65536"
USER_TIMER2="0"
USER_TIMER2_CNT_WIDTH="12"
USER_TIMER2_PS_WIDTH="8"
USER_TIMER2_INT_ID="21"
USER_TIMER2_Addr="86016"
USER_TIMER2_M_Addr="69632"
WDT0="0"
WDT0_PS_WIDTH="24"
WDT0_TIMER_WIDTH="16"
WDT0_Addr="86016"
WDT0_M_Addr="73728"
WDT0_INT_ID="32"
RAM_OPT="0"
SOC_MODE="1"
MULDIV_EXT="0"
BARREL_SHIFTER="0"
REDUCED_CSR="1"
DDRCLK_DOMAIN="1"
DDR_OPT="1"
SW_REMOVED="0"
[2025-08-08 22:39:28] [INFO    ] [efx_ipmgr.builder] [id-1754685485] [BUILDER_INVOKE_BUILD_COMMAND] stdout: 
[2025-08-08 22:39:28] [INFO    ] [efx_ipmgr.builder] [id-1754685485] [BUILDER_INVOKE_BUILD_COMMAND-DONE] Build Command Execution: Success
[2025-08-08 22:39:28] [DEBUG   ] [efx_ipmgr.builder] [id-1754685485] [BUILDER_RUN] file_name = /home/olle/efinity_p2/BRAM/ip/micro_risc_v1/Testbench/micro_risc_v12
[2025-08-08 22:39:28] [DEBUG   ] [efx_ipmgr.builder] [id-1754685485] [BUILDER_RUN] resolved_name = /home/olle/efinity_p2/BRAM/ip/micro_risc_v1/Testbench/micro_risc_v12
[2025-08-08 22:39:31] [INFO    ] [efx_ipmgr.api_v2] [id-1754685485] [GENERATE_PICKLE-BEGIN] Beginning pickle generation to /home/olle/efinity_p2/BRAM/ip/micro_risc_v1/ipm
[2025-08-08 22:39:32] [INFO    ] [efx_ipmgr.api_v2] [id-1754685485] [GENERATE_PICKLE-DONE] Pickle generation success!
[2025-08-08 22:39:32] [INFO    ] [efx_ipmgr.api_v2] [id-1754685485] [GENERATE_IP-DONE] Done Generate IP
[2025-08-08 22:39:32] [INFO    ] [efx_ipmgr.api_v2] [id-1754685485] [JSON_ENCODER] Saved settings.json encoded as = {
    "gen_name": "micro_risc_v1",
    "vlnv": {
        "vendor": "efinixinc.com",
        "library": "soc",
        "name": "efx_soc",
        "version": "3.2.2"
    },
    "sw_version": "2025.1.110.2.15",
    "base_path": "/home/olle/efinity_p2/BRAM/ip",
    "generated_date": "2025-08-08T20:39:32.073521+00:00",
    "params": {
        "HexFile_PathEnable": "1'b1",
        "HexFile_Path": "\"embedded_sw/micro_risc_v1/software/standalone/blink_led/build/blink_led.hex\"",
        "APBSlave0_Size": "65536",
        "DEVKIT_CUSTOM": "\"sapphireBoard_rev0\"",
        "LDSize": "124",
        "LDStackSize": "4",
        "DEVKIT": "0",
        "DEBUG": "1'b1",
        "IDE_SEL": "1'b0",
        "RISCV_DEBUG_PRIV": "1'b1",
        "HARD_BREAKPOINT": "0",
        "SOFT_TAP": "1'b0",
        "TAP_MODE": "1'b0",
        "TAP_COUNT": "2",
        "TAP_SEL": "8",
        "Frequency": "128",
        "PeriFrequencyEnable": "1'b0",
        "PeriFrequency": "50",
        "UART2_FIFODEPTH": "128",
        "UART2_INT_ID": "3",
        "TEST": "1'b0",
        "Base_M_AXIS": "32'd3774873600",
        "APBSlave0": "1'b0",
        "APBSlave2": "1'b0",
        "Base_M_IO": "32'd4160749568",
        "APBSlave1": "1'b0",
        "APBSlave3": "1'b0",
        "USER_1_INTR_ID": "17",
        "USER_1_INTR": "1'b0",
        "USER_0_INTR_ID": "16",
        "USER_0_INTR": "1'b0",
        "USER_2_INTR": "1'b0",
        "USER_2_INTR_ID": "22",
        "USER_3_INTR": "1'b0",
        "USER_3_INTR_ID": "23",
        "USER_4_INTR": "1'b0",
        "USER_4_INTR_ID": "24",
        "USER_5_INTR": "1'b0",
        "USER_5_INTR_ID": "25",
        "USER_6_INTR": "1'b0",
        "USER_6_INTR_ID": "26",
        "USER_7_INTR": "1'b0",
        "USER_7_INTR_ID": "27",
        "APBSlave4": "1'b0",
        "CustomInstruction": "1'b0",
        "ATMEXT": "1'b0",
        "CMREXT": "1'b0",
        "FPEXT": "1'b1",
        "FPU": "1'b0",
        "LINUX": "1'b0",
        "ICACHEWAY": "1",
        "DCACHEWAY": "1",
        "CpuCount": "1",
        "ICacheSize": "4096",
        "DCacheSize": "4096",
        "Cache": "1'b1",
        "ICache_EN": "1'b1",
        "DCache_EN": "1'b1",
        "DDR": "1'b0",
        "DDR_AXI4": "1'b0",
        "DDRWidth": "128",
        "DDR_IdWidth": "8",
        "DDRSize": "32'd3758096384",
        "OCRSize": "8192",
        "AXISlave": "1'b0",
        "AXISlaveSize": "16777216",
        "GPIO1_INT_ID1": "15",
        "GPIO1_INT_ID0": "14",
        "GPIO0_INT_ID1": "13",
        "GPIO0_INT_ID0": "1",
        "GPIO0": "1'b1",
        "GPIO0Width": "1",
        "GPIO1Width": "8",
        "GPIO1": "1'b0",
        "UART0_FIFODEPTH": "64",
        "UART0_INT_ID": "2",
        "UART0_M_Addr": "32'd4096",
        "UART1_M_Addr": "32'd8192",
        "UART2_M_Addr": "32'd12288",
        "SPI0_M_Addr": "32'd24576",
        "SPI1_M_Addr": "32'd16384",
        "SPI2_M_Addr": "32'd20480",
        "I2C0_M_Addr": "32'd40960",
        "I2C1_M_Addr": "32'd45056",
        "I2C2_M_Addr": "32'd49152",
        "GPIO0_M_Addr": "32'd53248",
        "GPIO1_M_Addr": "32'd57344",
        "APBSlave0_M_Addr": "32'd1048576",
        "APBSlave1_M_Addr": "32'd2097152",
        "APBSlave2_M_Addr": "32'd3145728",
        "APBSlave3_M_Addr": "32'd4194304",
        "APBSlave4_M_Addr": "32'd5242880",
        "UART0": "1'b1",
        "UART2": "1'b0",
        "UART1_FIFODEPTH": "128",
        "UART1_INT_ID": "2",
        "UART1": "1'b0",
        "SPI2": "1'b0",
        "SPI2DW": "8",
        "SPI2SS": "1",
        "SPI2_FIFODEPTH": "256",
        "SPI1_INT_ID": "5",
        "SPI1": "1'b0",
        "SPI1DW": "8",
        "SPI1SS": "1",
        "SPI1_FIFODEPTH": "256",
        "SPI0_INT_ID": "4",
        "SPI0": "1'b0",
        "SPI0DW": "8",
        "SPI0SS": "1",
        "SPI0_FIFODEPTH": "256",
        "I2C2_INT_ID": "10",
        "ADDR_Scheme": "1'b0",
        "I2C2": "1'b0",
        "I2C1": "1'b0",
        "SPI2_INT_ID": "6",
        "I2C1_INT_ID": "9",
        "I2C0_INT_ID": "8",
        "I2C0": "1'b0",
        "AXIMasterWidth_1": "32",
        "AXIMaster_1": "1'b0",
        "AXIMasterWidth": "32",
        "AXIMaster": "1'b1",
        "USER_TIMER0": "1'b0",
        "USER_TIMER0_CNT_WIDTH": "12",
        "USER_TIMER0_PS_WIDTH": "8",
        "USER_TIMER0_INT_ID": "19",
        "USER_TIMER0_M_Addr": "32'd61440",
        "USER_TIMER1": "1'b0",
        "USER_TIMER1_CNT_WIDTH": "12",
        "USER_TIMER1_PS_WIDTH": "8",
        "USER_TIMER1_INT_ID": "20",
        "USER_TIMER1_M_Addr": "32'd65536",
        "USER_TIMER2": "1'b0",
        "USER_TIMER2_CNT_WIDTH": "12",
        "USER_TIMER2_PS_WIDTH": "8",
        "USER_TIMER2_INT_ID": "21",
        "USER_TIMER2_M_Addr": "32'd69632",
        "WDT0": "1'b0",
        "WDT0_PS_WIDTH": "24",
        "WDT0_TIMER_WIDTH": "16",
        "WDT0_M_Addr": "32'd73728",
        "WDT0_INT_ID": "32",
        "RAM_OPT": "1'b0",
        "SOC_MODE": "1",
        "MULDIV_EXT": "1'b0",
        "BARREL_SHIFTER": "1'b0",
        "REDUCED_CSR": "1'b1",
        "DDRCLK_DOMAIN": "1",
        "DDR_OPT": "1",
        "SW_REMOVED": "1'b0"
    },
    "output_info": {
        "external_script_generator": [],
        "external_source_source": [
            "micro_risc_v1/micro_risc_v1.v",
            "micro_risc_v1/micro_risc_v1_define.vh",
            "micro_risc_v1/micro_risc_v1_tmpl.vhd",
            "micro_risc_v1/micro_risc_v1_tmpl.v"
        ],
        "external_script_script": [],
        "external_script_embedded_sw": [],
        "external_example_design": [
            "micro_risc_v1/T120F324_devkit/design_modules.v",
            "micro_risc_v1/T120F324_devkit/ddr_reset_sequencer.v",
            "micro_risc_v1/T120F324_devkit/soc.hex",
            "micro_risc_v1/T120F324_devkit/micro_risc_v1.v",
            "micro_risc_v1/T120F324_devkit/micro_risc_v1_define.vh",
            "micro_risc_v1/T120F324_devkit/soc.xml"
        ],
        "external_example_design_ti": [
            "micro_risc_v1/Ti60F225_devkit/design_modules.v",
            "micro_risc_v1/Ti60F225_devkit/hbram_top.v",
            "micro_risc_v1/Ti60F225_devkit/hbram_top_define.vh",
            "micro_risc_v1/Ti60F225_devkit/soc.hex",
            "micro_risc_v1/Ti60F225_devkit/micro_risc_v1.v",
            "micro_risc_v1/Ti60F225_devkit/micro_risc_v1_define.vh",
            "micro_risc_v1/Ti60F225_devkit/soc.xml"
        ],
        "external_example_design_ti180": [
            "micro_risc_v1/Ti180J484_devkit/design_modules.v",
            "micro_risc_v1/Ti180J484_devkit/micro_risc_v1.v",
            "micro_risc_v1/Ti180J484_devkit/micro_risc_v1_define.vh",
            "micro_risc_v1/Ti180J484_devkit/soc.xml"
        ],
        "external_example_design_tz170": [
            "micro_risc_v1/Tz170J484_devkit/design_modules.v",
            "micro_risc_v1/Tz170J484_devkit/micro_risc_v1.v",
            "micro_risc_v1/Tz170J484_devkit/micro_risc_v1_define.vh",
            "micro_risc_v1/Tz170J484_devkit/soc.xml"
        ],
        "external_testbench_testbench": [
            "micro_risc_v1/Testbench/MEM_IM.TXT",
            "micro_risc_v1/Testbench/SECSI.TXT",
            "micro_risc_v1/Testbench/SFDP.TXT",
            "micro_risc_v1/Testbench/SREG.TXT",
            "micro_risc_v1/Testbench/README",
            "micro_risc_v1/Testbench/tb_soc.do",
            "micro_risc_v1/Testbench/modelsim.do",
            "micro_risc_v1/Testbench/wave.do",
            "micro_risc_v1/Testbench/aldec.do",
            "micro_risc_v1/Testbench/design_modules.v",
            "micro_risc_v1/Testbench/sim_modules.v",
            "micro_risc_v1/Testbench/W25Q32JVxxIM.v",
            "micro_risc_v1/Testbench/micro_risc_v1.v",
            "micro_risc_v1/Testbench/micro_risc_v1_define.vh"
        ],
        "external_testbench_modelsim": [
            "micro_risc_v1/Testbench/modelsim/micro_risc_v1.v"
        ],
        "external_testbench_aldec": [
            "micro_risc_v1/Testbench/aldec/micro_risc_v1.v"
        ],
        "external_testbench_ncsim": [
            "micro_risc_v1/Testbench/ncsim/micro_risc_v1.v"
        ],
        "external_testbench_synopsys": [
            "micro_risc_v1/Testbench/synopsys/micro_risc_v1.v"
        ]
    },
    "ooc_synthesis": {}
}
[2025-08-08 22:39:32] [INFO    ] [gui.api_wrapper] [id-1754685485] [GENERATE-AFTER] Generated external script generator successfully
[2025-08-08 22:39:32] [INFO    ] [gui.api_wrapper] [id-1754685485] [GENERATE-AFTER] Generated external source source successfully
[2025-08-08 22:39:32] [INFO    ] [gui.api_wrapper] [id-1754685485] [GENERATE-AFTER] Generated external script script successfully
[2025-08-08 22:39:32] [INFO    ] [gui.api_wrapper] [id-1754685485] [GENERATE-AFTER] Generated external script embedded sw successfully
[2025-08-08 22:39:32] [INFO    ] [gui.api_wrapper] [id-1754685485] [GENERATE-AFTER] Generated external example design successfully
[2025-08-08 22:39:32] [INFO    ] [gui.api_wrapper] [id-1754685485] [GENERATE-AFTER] Generated external example design ti successfully
[2025-08-08 22:39:32] [INFO    ] [gui.api_wrapper] [id-1754685485] [GENERATE-AFTER] Generated external example design ti180 successfully
[2025-08-08 22:39:32] [INFO    ] [gui.api_wrapper] [id-1754685485] [GENERATE-AFTER] Generated external example design tz170 successfully
[2025-08-08 22:39:32] [INFO    ] [gui.api_wrapper] [id-1754685485] [GENERATE-AFTER] Generated external testbench testbench successfully
[2025-08-08 22:39:32] [INFO    ] [gui.api_wrapper] [id-1754685485] [GENERATE-AFTER] Generated external testbench modelsim successfully
[2025-08-08 22:39:32] [INFO    ] [gui.api_wrapper] [id-1754685485] [GENERATE-AFTER] Generated external testbench aldec successfully
[2025-08-08 22:39:32] [INFO    ] [gui.api_wrapper] [id-1754685485] [GENERATE-AFTER] Generated external testbench ncsim successfully
[2025-08-08 22:39:32] [INFO    ] [gui.api_wrapper] [id-1754685485] [GENERATE-AFTER] Generated external testbench synopsys successfully
[2025-08-08 22:39:32] [INFO    ] [gui.ip_config_window] [id-1754685485] [IP-CONFIG-GENERATE-DONE] Result returned from GenerateIpRunnable..
[2025-08-08 22:39:32] [INFO    ] [gui.ip_config_window] [id-1754685485] [IP-CONFIG-GENERATE-DONE] Generate status: Success
[2025-08-08 22:39:32] [INFO    ] [gui.ip_config_window] [id-1754685485] [IP-CONFIG-GENERATE-STOP] IP Generation thread finished run
[2025-08-08 22:39:35] [INFO    ] [gui.ip_config_window] [id-1754685485] [IP-CONFIG-STOP] IP Config Window has closed
[2025-08-08 22:39:35] [INFO    ] [common.efinity_grpc_watcher] [id-1754685485] [WATCHER-STOP-BEGIN] Stopping Efinity grpc watch...
[2025-08-08 22:39:35] [INFO    ] [common.efinity_grpc_watcher] [id-1754685485] [WATCHER-STOP-DONE] Efinity grpc watch stopped
[2025-08-08 22:39:35] [INFO    ] [common.efinity_grpc_watcher] [id-1754685485] [WATCHER-RUN] Cancelling ping stream as ipm is closing.
[2025-08-08 22:39:35] [INFO    ] [common.console] [id-1754685485] [CONSOLE-STOP] Exec Stop Process thread = <PyQt6.QtCore.QThread object at 0x74490ffebb50>
[2025-08-08 22:39:35] [INFO    ] [common.console] [id-1754685485] [CONSOLE-STOP] Console message consumer thread stops.
[2025-08-08 22:39:36] [INFO    ] [common.console] [id-1754685485] [CONSOLE-DISCONNECTED] Consumer_obj disconnected on finish
[2025-08-08 23:04:40] [INFO    ] [common.console] [id-1754687078] ----------------------------NEW SESSION STARTING------------------------------
[2025-08-08 23:04:40] [INFO    ] [common.console] [id-1754687078] [CONSOLE-START] Console message consumer thread starts...
[2025-08-08 23:04:40] [INFO    ] [common.console] [id-1754687078] [CONSOLE-START] Exec Start Process thread = <PyQt6.QtCore.QThread object at 0x7c75923cbb50>
[2025-08-08 23:04:40] [INFO    ] [__main__] [id-1754687078] [MAIN-BEGIN] IP Manager has started running
[2025-08-08 23:04:40] [INFO    ] [gui.ip_config_window] [id-1754687078] [IP-CONFIG-START-BEGIN] Initializing IP Config Window...
[2025-08-08 23:04:40] [INFO    ] [gui.api_wrapper] [id-1754687078] [GET_SETTINGS_JSON-BEGIN] Getting parsed settings json...
[2025-08-08 23:04:40] [INFO    ] [efx_ipmgr.api_v2] [id-1754687078] [JSON_DECODER-DONE] Decoding done
[2025-08-08 23:04:40] [INFO    ] [common.efinity_grpc_watcher] [id-1754687078] [WATCHER-START-BEGIN] Efinity grpc start monitoring
[2025-08-08 23:04:40] [INFO    ] [gui.api_wrapper] [id-1754687078] [GET_SETTINGS_JSON] IP Gen dict = {
    "gen_name": "micro_risc_v1",
    "vlnv": {
        "vendor": "efinixinc.com",
        "library": "soc",
        "name": "efx_soc",
        "version": "3.2.2"
    },
    "sw_version": "2025.1.110.2.15",
    "base_path": "/home/olle/efinity_p2/BRAM/ip",
    "generated_date": "2025-08-08T20:39:32.073521+00:00",
    "params": {
        "HexFile_PathEnable": "1'b1",
        "HexFile_Path": "\"embedded_sw/micro_risc_v1/software/standalone/blink_led/build/blink_led.hex\"",
        "APBSlave0_Size": "65536",
        "DEVKIT_CUSTOM": "\"sapphireBoard_rev0\"",
        "LDSize": "124",
        "LDStackSize": "4",
        "DEVKIT": "0",
        "DEBUG": "1'b1",
        "IDE_SEL": "1'b0",
        "RISCV_DEBUG_PRIV": "1'b1",
        "HARD_BREAKPOINT": "0",
        "SOFT_TAP": "1'b0",
        "TAP_MODE": "1'b0",
        "TAP_COUNT": "2",
        "TAP_SEL": "8",
        "Frequency": "128",
        "PeriFrequencyEnable": "1'b0",
        "PeriFrequency": "50",
        "UART2_FIFODEPTH": "128",
        "UART2_INT_ID": "3",
        "TEST": "1'b0",
        "Base_M_AXIS": "32'd3774873600",
        "APBSlave0": "1'b0",
        "APBSlave2": "1'b0",
        "Base_M_IO": "32'd4160749568",
        "APBSlave1": "1'b0",
        "APBSlave3": "1'b0",
        "USER_1_INTR_ID": "17",
        "USER_1_INTR": "1'b0",
        "USER_0_INTR_ID": "16",
        "USER_0_INTR": "1'b0",
        "USER_2_INTR": "1'b0",
        "USER_2_INTR_ID": "22",
        "USER_3_INTR": "1'b0",
        "USER_3_INTR_ID": "23",
        "USER_4_INTR": "1'b0",
        "USER_4_INTR_ID": "24",
        "USER_5_INTR": "1'b0",
        "USER_5_INTR_ID": "25",
        "USER_6_INTR": "1'b0",
        "USER_6_INTR_ID": "26",
        "USER_7_INTR": "1'b0",
        "USER_7_INTR_ID": "27",
        "APBSlave4": "1'b0",
        "CustomInstruction": "1'b0",
        "ATMEXT": "1'b0",
        "CMREXT": "1'b0",
        "FPEXT": "1'b1",
        "FPU": "1'b0",
        "LINUX": "1'b0",
        "ICACHEWAY": "1",
        "DCACHEWAY": "1",
        "CpuCount": "1",
        "ICacheSize": "4096",
        "DCacheSize": "4096",
        "Cache": "1'b1",
        "ICache_EN": "1'b1",
        "DCache_EN": "1'b1",
        "DDR": "1'b0",
        "DDR_AXI4": "1'b0",
        "DDRWidth": "128",
        "DDR_IdWidth": "8",
        "DDRSize": "32'd3758096384",
        "OCRSize": "8192",
        "AXISlave": "1'b0",
        "AXISlaveSize": "16777216",
        "GPIO1_INT_ID1": "15",
        "GPIO1_INT_ID0": "14",
        "GPIO0_INT_ID1": "13",
        "GPIO0_INT_ID0": "1",
        "GPIO0": "1'b1",
        "GPIO0Width": "1",
        "GPIO1Width": "8",
        "GPIO1": "1'b0",
        "UART0_FIFODEPTH": "64",
        "UART0_INT_ID": "2",
        "UART0_M_Addr": "32'd4096",
        "UART1_M_Addr": "32'd8192",
        "UART2_M_Addr": "32'd12288",
        "SPI0_M_Addr": "32'd24576",
        "SPI1_M_Addr": "32'd16384",
        "SPI2_M_Addr": "32'd20480",
        "I2C0_M_Addr": "32'd40960",
        "I2C1_M_Addr": "32'd45056",
        "I2C2_M_Addr": "32'd49152",
        "GPIO0_M_Addr": "32'd53248",
        "GPIO1_M_Addr": "32'd57344",
        "APBSlave0_M_Addr": "32'd1048576",
        "APBSlave1_M_Addr": "32'd2097152",
        "APBSlave2_M_Addr": "32'd3145728",
        "APBSlave3_M_Addr": "32'd4194304",
        "APBSlave4_M_Addr": "32'd5242880",
        "UART0": "1'b1",
        "UART2": "1'b0",
        "UART1_FIFODEPTH": "128",
        "UART1_INT_ID": "2",
        "UART1": "1'b0",
        "SPI2": "1'b0",
        "SPI2DW": "8",
        "SPI2SS": "1",
        "SPI2_FIFODEPTH": "256",
        "SPI1_INT_ID": "5",
        "SPI1": "1'b0",
        "SPI1DW": "8",
        "SPI1SS": "1",
        "SPI1_FIFODEPTH": "256",
        "SPI0_INT_ID": "4",
        "SPI0": "1'b0",
        "SPI0DW": "8",
        "SPI0SS": "1",
        "SPI0_FIFODEPTH": "256",
        "I2C2_INT_ID": "10",
        "ADDR_Scheme": "1'b0",
        "I2C2": "1'b0",
        "I2C1": "1'b0",
        "SPI2_INT_ID": "6",
        "I2C1_INT_ID": "9",
        "I2C0_INT_ID": "8",
        "I2C0": "1'b0",
        "AXIMasterWidth_1": "32",
        "AXIMaster_1": "1'b0",
        "AXIMasterWidth": "32",
        "AXIMaster": "1'b1",
        "USER_TIMER0": "1'b0",
        "USER_TIMER0_CNT_WIDTH": "12",
        "USER_TIMER0_PS_WIDTH": "8",
        "USER_TIMER0_INT_ID": "19",
        "USER_TIMER0_M_Addr": "32'd61440",
        "USER_TIMER1": "1'b0",
        "USER_TIMER1_CNT_WIDTH": "12",
        "USER_TIMER1_PS_WIDTH": "8",
        "USER_TIMER1_INT_ID": "20",
        "USER_TIMER1_M_Addr": "32'd65536",
        "USER_TIMER2": "1'b0",
        "USER_TIMER2_CNT_WIDTH": "12",
        "USER_TIMER2_PS_WIDTH": "8",
        "USER_TIMER2_INT_ID": "21",
        "USER_TIMER2_M_Addr": "32'd69632",
        "WDT0": "1'b0",
        "WDT0_PS_WIDTH": "24",
        "WDT0_TIMER_WIDTH": "16",
        "WDT0_M_Addr": "32'd73728",
        "WDT0_INT_ID": "32",
        "RAM_OPT": "1'b0",
        "SOC_MODE": "1",
        "MULDIV_EXT": "1'b0",
        "BARREL_SHIFTER": "1'b0",
        "REDUCED_CSR": "1'b1",
        "DDRCLK_DOMAIN": "1",
        "DDR_OPT": "1",
        "SW_REMOVED": "1'b0"
    },
    "output_info": {
        "external_script_generator": [],
        "external_source_source": [
            "micro_risc_v1/micro_risc_v1.v",
            "micro_risc_v1/micro_risc_v1_define.vh",
            "micro_risc_v1/micro_risc_v1_tmpl.vhd",
            "micro_risc_v1/micro_risc_v1_tmpl.v"
        ],
        "external_script_script": [],
        "external_script_embedded_sw": [],
        "external_example_design": [
            "micro_risc_v1/T120F324_devkit/design_modules.v",
            "micro_risc_v1/T120F324_devkit/ddr_reset_sequencer.v",
            "micro_risc_v1/T120F324_devkit/soc.hex",
            "micro_risc_v1/T120F324_devkit/micro_risc_v1.v",
            "micro_risc_v1/T120F324_devkit/micro_risc_v1_define.vh",
            "micro_risc_v1/T120F324_devkit/soc.xml"
        ],
        "external_example_design_ti": [
            "micro_risc_v1/Ti60F225_devkit/design_modules.v",
            "micro_risc_v1/Ti60F225_devkit/hbram_top.v",
            "micro_risc_v1/Ti60F225_devkit/hbram_top_define.vh",
            "micro_risc_v1/Ti60F225_devkit/soc.hex",
            "micro_risc_v1/Ti60F225_devkit/micro_risc_v1.v",
            "micro_risc_v1/Ti60F225_devkit/micro_risc_v1_define.vh",
            "micro_risc_v1/Ti60F225_devkit/soc.xml"
        ],
        "external_example_design_ti180": [
            "micro_risc_v1/Ti180J484_devkit/design_modules.v",
            "micro_risc_v1/Ti180J484_devkit/micro_risc_v1.v",
            "micro_risc_v1/Ti180J484_devkit/micro_risc_v1_define.vh",
            "micro_risc_v1/Ti180J484_devkit/soc.xml"
        ],
        "external_example_design_tz170": [
            "micro_risc_v1/Tz170J484_devkit/design_modules.v",
            "micro_risc_v1/Tz170J484_devkit/micro_risc_v1.v",
            "micro_risc_v1/Tz170J484_devkit/micro_risc_v1_define.vh",
            "micro_risc_v1/Tz170J484_devkit/soc.xml"
        ],
        "external_testbench_testbench": [
            "micro_risc_v1/Testbench/MEM_IM.TXT",
            "micro_risc_v1/Testbench/SECSI.TXT",
            "micro_risc_v1/Testbench/SFDP.TXT",
            "micro_risc_v1/Testbench/SREG.TXT",
            "micro_risc_v1/Testbench/README",
            "micro_risc_v1/Testbench/tb_soc.do",
            "micro_risc_v1/Testbench/modelsim.do",
            "micro_risc_v1/Testbench/wave.do",
            "micro_risc_v1/Testbench/aldec.do",
            "micro_risc_v1/Testbench/design_modules.v",
            "micro_risc_v1/Testbench/sim_modules.v",
            "micro_risc_v1/Testbench/W25Q32JVxxIM.v",
            "micro_risc_v1/Testbench/micro_risc_v1.v",
            "micro_risc_v1/Testbench/micro_risc_v1_define.vh"
        ],
        "external_testbench_modelsim": [
            "micro_risc_v1/Testbench/modelsim/micro_risc_v1.v"
        ],
        "external_testbench_aldec": [
            "micro_risc_v1/Testbench/aldec/micro_risc_v1.v"
        ],
        "external_testbench_ncsim": [
            "micro_risc_v1/Testbench/ncsim/micro_risc_v1.v"
        ],
        "external_testbench_synopsys": [
            "micro_risc_v1/Testbench/synopsys/micro_risc_v1.v"
        ]
    },
    "ooc_synthesis": {}
}
[2025-08-08 23:04:40] [INFO    ] [gui.api_wrapper] [id-1754687078] [GET_SETTINGS_JSON-DONE] Successfully parsed settings_json
[2025-08-08 23:04:41] [INFO    ] [efx_ipmgr.api_v2] [id-1754687078] [LOAD_IP-BEGIN] Starting load IP
[2025-08-08 23:04:41] [INFO    ] [efx_ipmgr.api_v2] [id-1754687078] [PICKLE_LOAD-BEGIN] using pickle to load...
[2025-08-08 23:04:41] [INFO    ] [efx_ipmgr.api_v2] [id-1754687078] [PICKLE_LOAD-DONE] Loading with pickle done.
[2025-08-08 23:04:42] [INFO    ] [efx_ipmgr.api_v2] [id-1754687078] [LOAD_IP-DONE] Starting load IP
[2025-08-08 23:04:42] [INFO    ] [gui.api_wrapper] [id-1754687078] [GET_IP_DOCUMENTATION-BEGIN] Getting IP documentation...
[2025-08-08 23:04:42] [INFO    ] [efx_ipmgr.api_v2] [id-1754687078] [GET_IP_DOCUMENTATION] IP Documentation Link: file://${IP_LIBRARY_ROOT}/efx_soc/efx_soc/ipm/doc/topics/hlp-sapphire-soc.html
[2025-08-08 23:04:42] [INFO    ] [efx_ipmgr.api_v2] [id-1754687078] [GET_IP_DOCUMENTATION] Resolved ip documentation uri: /home/olle/efinix/efinity/2025.1/ipm/ip/efx_soc/efx_soc/ipm/doc/topics/hlp-sapphire-soc.html
[2025-08-08 23:04:42] [INFO    ] [gui.api_wrapper] [id-1754687078] [GET_IP_DOCUMENTATION-DONE] IP documentation location successfully loaded
[2025-08-08 23:04:42] [INFO    ] [gui.api_wrapper] [id-1754687078] [GET_PARAMS-BEGIN] Getting IP params...
[2025-08-08 23:04:42] [INFO    ] [gui.api_wrapper] [id-1754687078] [GET_PARAMS-DONE] Choices and params obtained
[2025-08-08 23:04:42] [INFO    ] [gui.ip_config_window] [id-1754687078] [IP-CONFIG-SETUP-PARAMS-BEGIN] Setting up params...
[2025-08-08 23:04:42] [INFO    ] [gui.ip_config_window] [id-1754687078] [IP-CONFIG-SETUP-PARAMS-DONE] Param setup done.
[2025-08-08 23:04:42] [INFO    ] [gui.api_wrapper] [id-1754687078] [GET_FILESETS-BEGIN] Getting ip filesets...
[2025-08-08 23:04:42] [INFO    ] [gui.api_wrapper] [id-1754687078] [GET_FILESETS] IP filesets successfully obtained
[2025-08-08 23:04:42] [INFO    ] [gui.api_wrapper] [id-1754687078] [GET_FILESETS] Cross checking with compulsory table.
[2025-08-08 23:04:42] [INFO    ] [gui.api_wrapper] [id-1754687078] [GET_FILESETS-DONE] GUI Filesets obtained.
[2025-08-08 23:04:42] [INFO    ] [gui.api_wrapper] [id-1754687078] [GET_CONFIG_TEMPLATE-BEGIN] Getting config_template.json file...
[2025-08-08 23:04:42] [INFO    ] [efx_ipmgr.api_v2] [id-1754687078] [GET_IP_GUI_TEMPLATE] GUI Template Link: file://${IP_LIBRARY_ROOT}/efx_soc/efx_soc/ipm/gui/config_template.json
[2025-08-08 23:04:42] [INFO    ] [efx_ipmgr.api_v2] [id-1754687078] [GET_IP_GUI_TEMPLATE] Resolved gui template uri: /home/olle/efinix/efinity/2025.1/ipm/ip/efx_soc/efx_soc/ipm/gui/config_template.json
[2025-08-08 23:04:42] [INFO    ] [gui.api_wrapper] [id-1754687078] [GET_CONFIG_TEMPLATE] UI Path obtained. Loading json file...
[2025-08-08 23:04:42] [INFO    ] [gui.api_wrapper] [id-1754687078] [GET_CONFIG_TEMPLATE-DONE] Config_template.json file successfully loaded.
[2025-08-08 23:04:42] [INFO    ] [gui.ip_config_window] [id-1754687078] [IP-CONFIG-SETUP-BLOCK-DIAGRAM-BEGIN] Setting up block diagram viewer...
[2025-08-08 23:04:42] [INFO    ] [gui.ip_config_window] [id-1754687078] [IP-CONFIG-SETUP-BLOCK-DIAGRAM-DONE] Block diagram viewer set up.
[2025-08-08 23:04:42] [INFO    ] [gui.ip_config_window] [id-1754687078] [IP-CONFIG-START-DONE] IP Config Window initialized
[2025-08-08 23:05:14] [INFO    ] [gui.ip_config_window] [id-1754687078] [IP-CONFIG-GENERATE-BEGIN] Setup IP generation
[2025-08-08 23:05:14] [INFO    ] [gui.ip_config_window] [id-1754687078] [IP-CONFIG-GENERATE] Project_path: /home/olle/efinity_p2/BRAM//ip
[2025-08-08 23:05:14] [INFO    ] [efx_ipmgr.api_v2] [id-1754687078] [JSON_DECODER-DONE] Decoding done
[2025-08-08 23:05:14] [INFO    ] [gui.ip_config_window] [id-1754687078] [IP-CONFIG-GENERATE] Chosen deliverables: 
generator
Source
script
embedded_sw
Example Design (T120F324_devkit)
Example Design (Ti60F225_devkit)
Example Design (Ti180J484_devkit)
Example Design (Tz170J484_devkit)
Testbench
Testbench/modelsim
Testbench/aldec
Testbench/ncsim
Testbench/synopsys

[2025-08-08 23:05:14] [INFO    ] [gui.ip_config_window] [id-1754687078] [IP-CONFIG-GENERATE] Have thread pool start GenerateIpRunnable...
[2025-08-08 23:05:15] [INFO    ] [gui.api_wrapper] [id-1754687078] [GENERATE-BEFORE] Clean up old settings.json
[2025-08-08 23:05:15] [INFO    ] [efx_ipmgr.api_v2] [id-1754687078] [CLEAN_IP-BEGIN] IN, setting_path = /home/olle/efinity_p2/BRAM/ip/micro_risc_v1/settings.json
[2025-08-08 23:05:15] [INFO    ] [efx_ipmgr.api_v2] [id-1754687078] [JSON_DECODER-DONE] Decoding done
[2025-08-08 23:05:15] [INFO    ] [efx_ipmgr.api_v2] [id-1754687078] [CLEAN_IP-DONE] OUT, result = True
[2025-08-08 23:05:15] [INFO    ] [efx_ipmgr.api_v2] [id-1754687078] [CONCAT_VALIDATE_PARAMS] Skipping put params. Validation not done ...
[2025-08-08 23:05:15] [INFO    ] [efx_ipmgr.api_v2] [id-1754687078] [GENERATE_IP] Prepare filesets for generation
[2025-08-08 23:05:15] [INFO    ] [efx_ipmgr.api_v2] [id-1754687078] [GENERATE_IP] Fileset preparation done.
[2025-08-08 23:05:15] [DEBUG   ] [efx_ipmgr.builder] [id-1754687078] [BUILDER_RUN] command_str = ${EFINITY_PYTHON} ${IP_LIBRARY_ROOT}/efx_soc/efx_soc/generator/soc_gen.py
[2025-08-08 23:05:15] [DEBUG   ] [efx_ipmgr.builder] [id-1754687078] [BUILDER_RUN] flags_str = --out_path ${IP_OUTPUT_PATH} --user_project_path ${USER_PROJECT_PATH} --gen_name ${IP_GEN_MODULE} --parameters ${IP_USER_PARAMETERS}
[2025-08-08 23:05:15] [DEBUG   ] [efx_ipmgr.builder] [id-1754687078] [BUILDER_RUN] file = {'path': '${IP_GEN_MODULE}', 'copiedPath': '', 'fileType': 'pythonScript', 'workdir': '', 'isInternal': '', 'isPresent': 'True', 'isPresentDefault': 'True', 'command': '${EFINITY_PYTHON} ${IP_LIBRARY_ROOT}/efx_soc/efx_soc/generator/soc_gen.py', 'flags': '--out_path ${IP_OUTPUT_PATH} --user_project_path ${USER_PROJECT_PATH} --gen_name ${IP_GEN_MODULE} --parameters ${IP_USER_PARAMETERS}', 'targetName': '', 'name': PosixPath('/home/olle/efinity_p2/BRAM/ip/micro_risc_v1/micro_risc_v1')}
[2025-08-08 23:05:15] [INFO    ] [efx_ipmgr.builder] [id-1754687078] [BUILDER_INVOKE_BUILD_COMMAND-BEGIN] Start build_command
[2025-08-08 23:05:15] [INFO    ] [efx_ipmgr.builder] [id-1754687078] [BUILDER_INVOKE_BUILD_COMMAND] CWD=/home/olle/efinity_p2/BRAM/
[2025-08-08 23:05:15] [INFO    ] [efx_ipmgr.builder] [id-1754687078] [BUILDER_INVOKE_BUILD_COMMAND] args: /home/olle/efinix/efinity/2025.1/bin/python3
/home/olle/efinix/efinity/2025.1/ipm/ip/efx_soc/efx_soc/generator/soc_gen.py
--out_path
/home/olle/efinity_p2/BRAM/ip
--user_project_path
/home/olle/efinity_p2/BRAM
--gen_name
micro_risc_v1
--parameters
HexFile_PathEnable="1"
HexFile_Path="embedded_sw/micro_risc_v1/software/standalone/blink_led/build/blink_led.hex"
APBSlave4_Size="65536"
APBSlave3_Size="65536"
APBSlave2_Size="65536"
APBSlave1_Size="65536"
APBSlave0_Size="65536"
DEVKIT_CUSTOM="sapphireBoard_rev0"
LDSize="124"
LDStackSize="4"
DEVKIT="0"
DEBUG="1"
IDE_SEL="0"
RISCV_DEBUG_PRIV="1"
HARD_BREAKPOINT="0"
SOFT_TAP="0"
TAP_MODE="0"
TAP_COUNT="2"
TAP_SEL="8"
Frequency="128"
PeriFrequencyEnable="0"
PeriFrequency="50"
APBSlave0_Addr="1048576"
APBSlave2_Addr="0"
APBSlave4_Addr="0"
UART2_FIFODEPTH="128"
UART2_INT_ID="3"
TEST="0"
APBSlave3_Addr="0"
I2C2_Addr="86016"
Base_AXIS="16777216"
Base_M_AXIS="3774873600"
APBSlave0="0"
Base_IM="4177526784"
APBSlave2="0"
Base_IO="4160749568"
Base_M_IO="4160749568"
Base_EM="4096"
APBSlave1_Addr="0"
APBSlave1="0"
APBSlave3="0"
USER_1_INTR_ID="17"
USER_1_INTR="0"
USER_0_INTR_ID="16"
USER_0_INTR="0"
USER_2_INTR="0"
USER_2_INTR_ID="22"
USER_3_INTR="0"
USER_3_INTR_ID="23"
USER_4_INTR="0"
USER_4_INTR_ID="24"
USER_5_INTR="0"
USER_5_INTR_ID="25"
USER_6_INTR="0"
USER_6_INTR_ID="26"
USER_7_INTR="0"
USER_7_INTR_ID="27"
APBSlave4="0"
CustomInstruction="0"
ATMEXT="0"
CMREXT="0"
FPEXT="1"
FPU="0"
LINUX="0"
ICACHEWAY="1"
DCACHEWAY="1"
CpuCount="1"
ICacheSize="4096"
DCacheSize="4096"
Cache="1"
ICache_EN="1"
DCache_EN="1"
DDR="0"
DDR_AXI4="0"
DDRWidth="128"
DDR_IdWidth="8"
DDRSize="3758096384"
OCRSize="8192"
AXISlave="0"
AXISlaveSize="16777216"
GPIO1_Addr="86016"
GPIO0_Addr="86016"
GPIO1_INT_ID1="15"
GPIO1_INT_ID0="14"
GPIO0_INT_ID1="13"
GPIO0_INT_ID0="1"
GPIO0="1"
GPIO0Width="1"
GPIO1Width="8"
GPIO1="0"
UART0_FIFODEPTH="64"
UART0_INT_ID="2"
UART0_Addr="65536"
IOSize="4096"
UART0_M_Addr="4096"
UART1_M_Addr="8192"
UART2_M_Addr="12288"
SPI0_M_Addr="24576"
SPI1_M_Addr="16384"
SPI2_M_Addr="20480"
I2C0_M_Addr="40960"
I2C1_M_Addr="45056"
I2C2_M_Addr="49152"
GPIO0_M_Addr="53248"
GPIO1_M_Addr="57344"
APBSlave0_M_Addr="1048576"
APBSlave1_M_Addr="2097152"
APBSlave2_M_Addr="3145728"
APBSlave3_M_Addr="4194304"
APBSlave4_M_Addr="5242880"
UART0="1"
UART2_Addr="86016"
UART2="0"
UART1_FIFODEPTH="128"
UART1_INT_ID="2"
UART1_Addr="86016"
UART1="0"
SPI2="0"
SPI2DW="8"
SPI2SS="1"
SPI2_FIFODEPTH="256"
SPI1_INT_ID="5"
SPI1="0"
SPI1DW="8"
SPI1SS="1"
SPI1_FIFODEPTH="256"
SPI0_INT_ID="4"
SPI0_Addr="81920"
SPI0="0"
SPI0DW="8"
SPI0SS="1"
SPI0_FIFODEPTH="256"
I2C2_INT_ID="10"
ADDR_Scheme="0"
I2C2="0"
I2C1_Addr="86016"
I2C1="0"
SPI2_INT_ID="6"
SPI2_Addr="81920"
SPI1_Addr="81920"
I2C0_Addr="86016"
I2C1_INT_ID="9"
I2C0_INT_ID="8"
I2C0="0"
AXIMasterWidth_1="32"
AXIMaster_1="0"
AXIMasterWidth="32"
AXIMaster="1"
USER_TIMER0="0"
USER_TIMER0_CNT_WIDTH="12"
USER_TIMER0_PS_WIDTH="8"
USER_TIMER0_INT_ID="19"
USER_TIMER0_Addr="86016"
USER_TIMER0_M_Addr="61440"
USER_TIMER1="0"
USER_TIMER1_CNT_WIDTH="12"
USER_TIMER1_PS_WIDTH="8"
USER_TIMER1_INT_ID="20"
USER_TIMER1_Addr="86016"
USER_TIMER1_M_Addr="65536"
USER_TIMER2="0"
USER_TIMER2_CNT_WIDTH="12"
USER_TIMER2_PS_WIDTH="8"
USER_TIMER2_INT_ID="21"
USER_TIMER2_Addr="86016"
USER_TIMER2_M_Addr="69632"
WDT0="0"
WDT0_PS_WIDTH="24"
WDT0_TIMER_WIDTH="16"
WDT0_Addr="86016"
WDT0_M_Addr="73728"
WDT0_INT_ID="32"
RAM_OPT="0"
SOC_MODE="1"
MULDIV_EXT="0"
BARREL_SHIFTER="0"
REDUCED_CSR="1"
DDRCLK_DOMAIN="1"
DDR_OPT="1"
SW_REMOVED="0"
[2025-08-08 23:05:20] [INFO    ] [efx_ipmgr.builder] [id-1754687078] [BUILDER_INVOKE_BUILD_COMMAND] stdout: [Runtime] SpinalHDL dev    git head : 81793df2c4f55a20f7eff1130c4bb74a4b11319f
[Runtime] JVM max memory : 3950.0MiB
[Runtime] Current date : 2025.08.08 23:05:16
[Progress] at 0.000 : Elaborate components
[Info] No CounterService was found. Generating legacy counters and timer
[Progress] at 2.704 : Checks and transforms
[Progress] at 3.456 : Generate Verilog to hardware/netlist
[Warning] toplevel/system_riscvJtag_debug_logic_dm/logic_progbufX_mem : Mem[2*32 bits].readAsync can only be write first into Verilog
[Warning] 294 signals were pruned. You can call printPruned on the backend report to get more informations.
[Done] at 3.982
current path: /home/olle/efinity_p2/BRAM/ip/micro_risc_v1_outflow
java -cp /home/olle/efinix/efinity/2025.1/ipm/ip/efx_soc/efx_soc/generator/EfxSapphireSoc.jar saxon.board.efinix.EfxSapphireSoc  --ramHex "/home/olle/efinity_p2/BRAM/embedded_sw/micro_risc_v1/software/standalone/blink_led/build/blink_led.hex" --cpuCount 1 --lowArea 5 --hardwareBreakpoints 0 --Fpu false --PeripheralClock false --noBarrelShifter --FpuDouble false --L1D true --onChipRamSize 0x2000 --gpio name=system_gpio_0_io,address=0x015000,width=1,interrupts="0->1" --systemFrequency 128000000 --dCacheSize 4096 --L1I true --Atomic false --apbBridgeAddress 0xf8000000 --noMulDiv --axiAEnable false --Linux false --uart name=system_uart_0_io,address=0x010000,interruptId=2,fifoDepth=64 --ddrAEnable false --softTap false --onChipRamAddress 0xf9000000 --withRiscvDebugPriv --dCacheWays 1 --iCacheWays 1 --iCacheSize 4096
loc upper: /home/olle/efinix/efinity/2025.1/ipm/ip/efx_soc/efx_soc

[2025-08-08 23:05:20] [INFO    ] [efx_ipmgr.builder] [id-1754687078] [BUILDER_INVOKE_BUILD_COMMAND-DONE] Build Command Execution: Success
[2025-08-08 23:05:20] [DEBUG   ] [efx_ipmgr.builder] [id-1754687078] [BUILDER_RUN] file_name = /home/olle/efinity_p2/BRAM/ip/micro_risc_v1/micro_risc_v1
[2025-08-08 23:05:20] [DEBUG   ] [efx_ipmgr.builder] [id-1754687078] [BUILDER_RUN] resolved_name = /home/olle/efinity_p2/BRAM/ip/micro_risc_v1/micro_risc_v1
[2025-08-08 23:05:21] [DEBUG   ] [efx_ipmgr.builder] [id-1754687078] [BUILDER_RUN] command_str = ${EFINITY_PYTHON} ${IP_LIBRARY_ROOT}/efx_soc/efx_soc/generator/remove_hash_for_bin.py
[2025-08-08 23:05:21] [DEBUG   ] [efx_ipmgr.builder] [id-1754687078] [BUILDER_RUN] flags_str = --out_path ${IP_OUTPUT_PATH} --gen_name ${IP_GEN_MODULE} --parameters ${IP_USER_PARAMETERS}
[2025-08-08 23:05:21] [DEBUG   ] [efx_ipmgr.builder] [id-1754687078] [BUILDER_RUN] file = {'path': '${IP_GEN_MODULE', 'copiedPath': '', 'fileType': 'pythonScript', 'workdir': '', 'isInternal': '', 'isPresent': 'True', 'isPresentDefault': 'True', 'command': '${EFINITY_PYTHON} ${IP_LIBRARY_ROOT}/efx_soc/efx_soc/generator/remove_hash_for_bin.py', 'flags': '--out_path ${IP_OUTPUT_PATH} --gen_name ${IP_GEN_MODULE} --parameters ${IP_USER_PARAMETERS}', 'targetName': '', 'name': PosixPath('/home/olle/efinity_p2/BRAM/ip/micro_risc_v1/${IP_GEN_MODULE')}
[2025-08-08 23:05:21] [INFO    ] [efx_ipmgr.builder] [id-1754687078] [BUILDER_INVOKE_BUILD_COMMAND-BEGIN] Start build_command
[2025-08-08 23:05:21] [INFO    ] [efx_ipmgr.builder] [id-1754687078] [BUILDER_INVOKE_BUILD_COMMAND] CWD=/home/olle/efinity_p2/BRAM/
[2025-08-08 23:05:21] [INFO    ] [efx_ipmgr.builder] [id-1754687078] [BUILDER_INVOKE_BUILD_COMMAND] args: /home/olle/efinix/efinity/2025.1/bin/python3
/home/olle/efinix/efinity/2025.1/ipm/ip/efx_soc/efx_soc/generator/remove_hash_for_bin.py
--out_path
/home/olle/efinity_p2/BRAM/ip
--gen_name
micro_risc_v1
--parameters
HexFile_PathEnable="1"
HexFile_Path="embedded_sw/micro_risc_v1/software/standalone/blink_led/build/blink_led.hex"
APBSlave4_Size="65536"
APBSlave3_Size="65536"
APBSlave2_Size="65536"
APBSlave1_Size="65536"
APBSlave0_Size="65536"
DEVKIT_CUSTOM="sapphireBoard_rev0"
LDSize="124"
LDStackSize="4"
DEVKIT="0"
DEBUG="1"
IDE_SEL="0"
RISCV_DEBUG_PRIV="1"
HARD_BREAKPOINT="0"
SOFT_TAP="0"
TAP_MODE="0"
TAP_COUNT="2"
TAP_SEL="8"
Frequency="128"
PeriFrequencyEnable="0"
PeriFrequency="50"
APBSlave0_Addr="1048576"
APBSlave2_Addr="0"
APBSlave4_Addr="0"
UART2_FIFODEPTH="128"
UART2_INT_ID="3"
TEST="0"
APBSlave3_Addr="0"
I2C2_Addr="86016"
Base_AXIS="16777216"
Base_M_AXIS="3774873600"
APBSlave0="0"
Base_IM="4177526784"
APBSlave2="0"
Base_IO="4160749568"
Base_M_IO="4160749568"
Base_EM="4096"
APBSlave1_Addr="0"
APBSlave1="0"
APBSlave3="0"
USER_1_INTR_ID="17"
USER_1_INTR="0"
USER_0_INTR_ID="16"
USER_0_INTR="0"
USER_2_INTR="0"
USER_2_INTR_ID="22"
USER_3_INTR="0"
USER_3_INTR_ID="23"
USER_4_INTR="0"
USER_4_INTR_ID="24"
USER_5_INTR="0"
USER_5_INTR_ID="25"
USER_6_INTR="0"
USER_6_INTR_ID="26"
USER_7_INTR="0"
USER_7_INTR_ID="27"
APBSlave4="0"
CustomInstruction="0"
ATMEXT="0"
CMREXT="0"
FPEXT="1"
FPU="0"
LINUX="0"
ICACHEWAY="1"
DCACHEWAY="1"
CpuCount="1"
ICacheSize="4096"
DCacheSize="4096"
Cache="1"
ICache_EN="1"
DCache_EN="1"
DDR="0"
DDR_AXI4="0"
DDRWidth="128"
DDR_IdWidth="8"
DDRSize="3758096384"
OCRSize="8192"
AXISlave="0"
AXISlaveSize="16777216"
GPIO1_Addr="86016"
GPIO0_Addr="86016"
GPIO1_INT_ID1="15"
GPIO1_INT_ID0="14"
GPIO0_INT_ID1="13"
GPIO0_INT_ID0="1"
GPIO0="1"
GPIO0Width="1"
GPIO1Width="8"
GPIO1="0"
UART0_FIFODEPTH="64"
UART0_INT_ID="2"
UART0_Addr="65536"
IOSize="4096"
UART0_M_Addr="4096"
UART1_M_Addr="8192"
UART2_M_Addr="12288"
SPI0_M_Addr="24576"
SPI1_M_Addr="16384"
SPI2_M_Addr="20480"
I2C0_M_Addr="40960"
I2C1_M_Addr="45056"
I2C2_M_Addr="49152"
GPIO0_M_Addr="53248"
GPIO1_M_Addr="57344"
APBSlave0_M_Addr="1048576"
APBSlave1_M_Addr="2097152"
APBSlave2_M_Addr="3145728"
APBSlave3_M_Addr="4194304"
APBSlave4_M_Addr="5242880"
UART0="1"
UART2_Addr="86016"
UART2="0"
UART1_FIFODEPTH="128"
UART1_INT_ID="2"
UART1_Addr="86016"
UART1="0"
SPI2="0"
SPI2DW="8"
SPI2SS="1"
SPI2_FIFODEPTH="256"
SPI1_INT_ID="5"
SPI1="0"
SPI1DW="8"
SPI1SS="1"
SPI1_FIFODEPTH="256"
SPI0_INT_ID="4"
SPI0_Addr="81920"
SPI0="0"
SPI0DW="8"
SPI0SS="1"
SPI0_FIFODEPTH="256"
I2C2_INT_ID="10"
ADDR_Scheme="0"
I2C2="0"
I2C1_Addr="86016"
I2C1="0"
SPI2_INT_ID="6"
SPI2_Addr="81920"
SPI1_Addr="81920"
I2C0_Addr="86016"
I2C1_INT_ID="9"
I2C0_INT_ID="8"
I2C0="0"
AXIMasterWidth_1="32"
AXIMaster_1="0"
AXIMasterWidth="32"
AXIMaster="1"
USER_TIMER0="0"
USER_TIMER0_CNT_WIDTH="12"
USER_TIMER0_PS_WIDTH="8"
USER_TIMER0_INT_ID="19"
USER_TIMER0_Addr="86016"
USER_TIMER0_M_Addr="61440"
USER_TIMER1="0"
USER_TIMER1_CNT_WIDTH="12"
USER_TIMER1_PS_WIDTH="8"
USER_TIMER1_INT_ID="20"
USER_TIMER1_Addr="86016"
USER_TIMER1_M_Addr="65536"
USER_TIMER2="0"
USER_TIMER2_CNT_WIDTH="12"
USER_TIMER2_PS_WIDTH="8"
USER_TIMER2_INT_ID="21"
USER_TIMER2_Addr="86016"
USER_TIMER2_M_Addr="69632"
WDT0="0"
WDT0_PS_WIDTH="24"
WDT0_TIMER_WIDTH="16"
WDT0_Addr="86016"
WDT0_M_Addr="73728"
WDT0_INT_ID="32"
RAM_OPT="0"
SOC_MODE="1"
MULDIV_EXT="0"
BARREL_SHIFTER="0"
REDUCED_CSR="1"
DDRCLK_DOMAIN="1"
DDR_OPT="1"
SW_REMOVED="0"
[2025-08-08 23:05:21] [INFO    ] [efx_ipmgr.builder] [id-1754687078] [BUILDER_INVOKE_BUILD_COMMAND] stdout: 
[2025-08-08 23:05:21] [INFO    ] [efx_ipmgr.builder] [id-1754687078] [BUILDER_INVOKE_BUILD_COMMAND-DONE] Build Command Execution: Success
[2025-08-08 23:05:21] [DEBUG   ] [efx_ipmgr.builder] [id-1754687078] [BUILDER_RUN] file_name = /home/olle/efinity_p2/BRAM/ip/micro_risc_v1/${IP_GEN_MODULE
[2025-08-08 23:05:21] [DEBUG   ] [efx_ipmgr.builder] [id-1754687078] [BUILDER_RUN] resolved_name = /home/olle/efinity_p2/BRAM/ip/micro_risc_v1/${IP_GEN_MODULE
[2025-08-08 23:05:21] [DEBUG   ] [efx_ipmgr.builder] [id-1754687078] [BUILDER_RUN] command_str = ${EFINITY_PYTHON} ${IP_LIBRARY_ROOT}/efx_soc/efx_soc/embedded_sw/sw_script.py
[2025-08-08 23:05:21] [DEBUG   ] [efx_ipmgr.builder] [id-1754687078] [BUILDER_RUN] flags_str = --out_path ${PROJECT_PATH}/embedded_sw --ip_path ${PROJECT_PATH}/ip --gen_name ${IP_GEN_MODULE} --ipm_path ${IP_LIBRARY_ROOT} --parameters ${IP_USER_PARAMETERS}
[2025-08-08 23:05:21] [DEBUG   ] [efx_ipmgr.builder] [id-1754687078] [BUILDER_RUN] file = {'path': '../${IP_GEN_MODULE}/embedded_sw', 'copiedPath': '', 'fileType': 'pythonScript', 'workdir': '', 'isInternal': '', 'isPresent': 'True', 'isPresentDefault': 'True', 'command': '${EFINITY_PYTHON} ${IP_LIBRARY_ROOT}/efx_soc/efx_soc/embedded_sw/sw_script.py', 'flags': '--out_path ${PROJECT_PATH}/embedded_sw --ip_path ${PROJECT_PATH}/ip --gen_name ${IP_GEN_MODULE} --ipm_path ${IP_LIBRARY_ROOT} --parameters ${IP_USER_PARAMETERS}', 'targetName': '', 'name': PosixPath('/home/olle/efinity_p2/BRAM/ip/micro_risc_v1/../micro_risc_v1/embedded_sw')}
[2025-08-08 23:05:21] [INFO    ] [efx_ipmgr.builder] [id-1754687078] [BUILDER_INVOKE_BUILD_COMMAND-BEGIN] Start build_command
[2025-08-08 23:05:21] [INFO    ] [efx_ipmgr.builder] [id-1754687078] [BUILDER_INVOKE_BUILD_COMMAND] CWD=/home/olle/efinity_p2/BRAM/
[2025-08-08 23:05:21] [INFO    ] [efx_ipmgr.builder] [id-1754687078] [BUILDER_INVOKE_BUILD_COMMAND] args: /home/olle/efinix/efinity/2025.1/bin/python3
/home/olle/efinix/efinity/2025.1/ipm/ip/efx_soc/efx_soc/embedded_sw/sw_script.py
--out_path
/home/olle/efinity_p2/BRAM/embedded_sw
--ip_path
/home/olle/efinity_p2/BRAM/ip
--gen_name
micro_risc_v1
--ipm_path
/home/olle/efinix/efinity/2025.1/ipm/ip
--parameters
HexFile_PathEnable="1"
HexFile_Path="embedded_sw/micro_risc_v1/software/standalone/blink_led/build/blink_led.hex"
APBSlave4_Size="65536"
APBSlave3_Size="65536"
APBSlave2_Size="65536"
APBSlave1_Size="65536"
APBSlave0_Size="65536"
DEVKIT_CUSTOM="sapphireBoard_rev0"
LDSize="124"
LDStackSize="4"
DEVKIT="0"
DEBUG="1"
IDE_SEL="0"
RISCV_DEBUG_PRIV="1"
HARD_BREAKPOINT="0"
SOFT_TAP="0"
TAP_MODE="0"
TAP_COUNT="2"
TAP_SEL="8"
Frequency="128"
PeriFrequencyEnable="0"
PeriFrequency="50"
APBSlave0_Addr="1048576"
APBSlave2_Addr="0"
APBSlave4_Addr="0"
UART2_FIFODEPTH="128"
UART2_INT_ID="3"
TEST="0"
APBSlave3_Addr="0"
I2C2_Addr="86016"
Base_AXIS="16777216"
Base_M_AXIS="3774873600"
APBSlave0="0"
Base_IM="4177526784"
APBSlave2="0"
Base_IO="4160749568"
Base_M_IO="4160749568"
Base_EM="4096"
APBSlave1_Addr="0"
APBSlave1="0"
APBSlave3="0"
USER_1_INTR_ID="17"
USER_1_INTR="0"
USER_0_INTR_ID="16"
USER_0_INTR="0"
USER_2_INTR="0"
USER_2_INTR_ID="22"
USER_3_INTR="0"
USER_3_INTR_ID="23"
USER_4_INTR="0"
USER_4_INTR_ID="24"
USER_5_INTR="0"
USER_5_INTR_ID="25"
USER_6_INTR="0"
USER_6_INTR_ID="26"
USER_7_INTR="0"
USER_7_INTR_ID="27"
APBSlave4="0"
CustomInstruction="0"
ATMEXT="0"
CMREXT="0"
FPEXT="1"
FPU="0"
LINUX="0"
ICACHEWAY="1"
DCACHEWAY="1"
CpuCount="1"
ICacheSize="4096"
DCacheSize="4096"
Cache="1"
ICache_EN="1"
DCache_EN="1"
DDR="0"
DDR_AXI4="0"
DDRWidth="128"
DDR_IdWidth="8"
DDRSize="3758096384"
OCRSize="8192"
AXISlave="0"
AXISlaveSize="16777216"
GPIO1_Addr="86016"
GPIO0_Addr="86016"
GPIO1_INT_ID1="15"
GPIO1_INT_ID0="14"
GPIO0_INT_ID1="13"
GPIO0_INT_ID0="1"
GPIO0="1"
GPIO0Width="1"
GPIO1Width="8"
GPIO1="0"
UART0_FIFODEPTH="64"
UART0_INT_ID="2"
UART0_Addr="65536"
IOSize="4096"
UART0_M_Addr="4096"
UART1_M_Addr="8192"
UART2_M_Addr="12288"
SPI0_M_Addr="24576"
SPI1_M_Addr="16384"
SPI2_M_Addr="20480"
I2C0_M_Addr="40960"
I2C1_M_Addr="45056"
I2C2_M_Addr="49152"
GPIO0_M_Addr="53248"
GPIO1_M_Addr="57344"
APBSlave0_M_Addr="1048576"
APBSlave1_M_Addr="2097152"
APBSlave2_M_Addr="3145728"
APBSlave3_M_Addr="4194304"
APBSlave4_M_Addr="5242880"
UART0="1"
UART2_Addr="86016"
UART2="0"
UART1_FIFODEPTH="128"
UART1_INT_ID="2"
UART1_Addr="86016"
UART1="0"
SPI2="0"
SPI2DW="8"
SPI2SS="1"
SPI2_FIFODEPTH="256"
SPI1_INT_ID="5"
SPI1="0"
SPI1DW="8"
SPI1SS="1"
SPI1_FIFODEPTH="256"
SPI0_INT_ID="4"
SPI0_Addr="81920"
SPI0="0"
SPI0DW="8"
SPI0SS="1"
SPI0_FIFODEPTH="256"
I2C2_INT_ID="10"
ADDR_Scheme="0"
I2C2="0"
I2C1_Addr="86016"
I2C1="0"
SPI2_INT_ID="6"
SPI2_Addr="81920"
SPI1_Addr="81920"
I2C0_Addr="86016"
I2C1_INT_ID="9"
I2C0_INT_ID="8"
I2C0="0"
AXIMasterWidth_1="32"
AXIMaster_1="0"
AXIMasterWidth="32"
AXIMaster="1"
USER_TIMER0="0"
USER_TIMER0_CNT_WIDTH="12"
USER_TIMER0_PS_WIDTH="8"
USER_TIMER0_INT_ID="19"
USER_TIMER0_Addr="86016"
USER_TIMER0_M_Addr="61440"
USER_TIMER1="0"
USER_TIMER1_CNT_WIDTH="12"
USER_TIMER1_PS_WIDTH="8"
USER_TIMER1_INT_ID="20"
USER_TIMER1_Addr="86016"
USER_TIMER1_M_Addr="65536"
USER_TIMER2="0"
USER_TIMER2_CNT_WIDTH="12"
USER_TIMER2_PS_WIDTH="8"
USER_TIMER2_INT_ID="21"
USER_TIMER2_Addr="86016"
USER_TIMER2_M_Addr="69632"
WDT0="0"
WDT0_PS_WIDTH="24"
WDT0_TIMER_WIDTH="16"
WDT0_Addr="86016"
WDT0_M_Addr="73728"
WDT0_INT_ID="32"
RAM_OPT="0"
SOC_MODE="1"
MULDIV_EXT="0"
BARREL_SHIFTER="0"
REDUCED_CSR="1"
DDRCLK_DOMAIN="1"
DDR_OPT="1"
SW_REMOVED="0"
[2025-08-08 23:05:21] [INFO    ] [efx_ipmgr.builder] [id-1754687078] [BUILDER_INVOKE_BUILD_COMMAND] stdout: Removed file: /home/olle/efinity_p2/BRAM/embedded_sw/micro_risc_v1/bsp/efinix/EfxSapphireSoc/app/bootloaderConfig.h
Not found: /home/olle/efinity_p2/BRAM/embedded_sw/micro_risc_v1/bsp/efinix/EfxSapphireSoc/app/core_portme.h
Not found: /home/olle/efinity_p2/BRAM/embedded_sw/micro_risc_v1/bsp/efinix/EfxSapphireSoc/app/coremark.h
Not found: /home/olle/efinity_p2/BRAM/embedded_sw/micro_risc_v1/bsp/efinix/EfxSapphireSoc/app/DDRCali_i2c.h
Not found: /home/olle/efinity_p2/BRAM/embedded_sw/micro_risc_v1/bsp/efinix/EfxSapphireSoc/app/i2cDemo.h
Not found: /home/olle/efinity_p2/BRAM/embedded_sw/micro_risc_v1/bsp/efinix/EfxSapphireSoc/app/i2cMcp4725.h
Not found: /home/olle/efinity_p2/BRAM/embedded_sw/micro_risc_v1/bsp/efinix/EfxSapphireSoc/app/nestedInterruptDemo.h
Not found: /home/olle/efinity_p2/BRAM/embedded_sw/micro_risc_v1/bsp/efinix/EfxSapphireSoc/app/print.h
Not found: /home/olle/efinity_p2/BRAM/embedded_sw/micro_risc_v1/bsp/efinix/EfxSapphireSoc/app/print_full.h
Not found: /home/olle/efinity_p2/BRAM/embedded_sw/micro_risc_v1/bsp/efinix/EfxSapphireSoc/app/sdHostDemo.h
Not found: /home/olle/efinity_p2/BRAM/embedded_sw/micro_risc_v1/bsp/efinix/EfxSapphireSoc/app/semihosting.h
Not found: /home/olle/efinity_p2/BRAM/embedded_sw/micro_risc_v1/bsp/efinix/EfxSapphireSoc/app/smpDemo.h
Not found: /home/olle/efinity_p2/BRAM/embedded_sw/micro_risc_v1/bsp/efinix/EfxSapphireSoc/app/spiDemo.h
Not found: /home/olle/efinity_p2/BRAM/embedded_sw/micro_risc_v1/bsp/efinix/EfxSapphireSoc/app/tseDemo.h
Not found: /home/olle/efinity_p2/BRAM/embedded_sw/micro_risc_v1/bsp/efinix/EfxSapphireSoc/app/userTimerDemo.h
Not found: /home/olle/efinity_p2/BRAM/embedded_sw/micro_risc_v1/bsp/efinix/EfxSapphireSoc/app/freertosHalConfig.h
Not found: /home/olle/efinity_p2/BRAM/embedded_sw/micro_risc_v1/config
Not found: /home/olle/efinity_p2/BRAM/embedded_sw/micro_risc_v1/config_linux
Removed folder: /home/olle/efinity_p2/BRAM/embedded_sw/micro_risc_v1/tool
Not found: /home/olle/efinity_p2/BRAM/embedded_sw/micro_risc_v1/software/standalone/coremark
Not found: /home/olle/efinity_p2/BRAM/embedded_sw/micro_risc_v1/software/standalone/apb3Demo
Not found: /home/olle/efinity_p2/BRAM/embedded_sw/micro_risc_v1/software/standalone/axi4Demo
Not found: /home/olle/efinity_p2/BRAM/embedded_sw/micro_risc_v1/software/standalone/semihosting
Not found: /home/olle/efinity_p2/BRAM/embedded_sw/micro_risc_v1/software/standalone/spiReadFlashDemo
Not found: /home/olle/efinity_p2/BRAM/embedded_sw/micro_risc_v1/software/standalone/spiWriteFlashDemo
Not found: /home/olle/efinity_p2/BRAM/embedded_sw/micro_risc_v1/software/standalone/userInterruptDemo
Not found: /home/olle/efinity_p2/BRAM/embedded_sw/micro_risc_v1/software/standalone/coreTimerInterruptDemo
Not found: /home/olle/efinity_p2/BRAM/embedded_sw/micro_risc_v1/software/standalone/dCacheFlushDemo
Not found: /home/olle/efinity_p2/BRAM/embedded_sw/micro_risc_v1/software/standalone/iCacheFlashDemo
Not found: /home/olle/efinity_p2/BRAM/embedded_sw/micro_risc_v1/software/standalone/nestedInterruptDemo
Not found: /home/olle/efinity_p2/BRAM/embedded_sw/micro_risc_v1/software/standalone/compatibilityDemo
Not found: /home/olle/efinity_p2/BRAM/embedded_sw/micro_risc_v1/software/standalone/i2cDemo
Not found: /home/olle/efinity_p2/BRAM/embedded_sw/micro_risc_v1/software/standalone/i2cMasterDemo
Not found: /home/olle/efinity_p2/BRAM/embedded_sw/micro_risc_v1/software/standalone/inlineAsmDemo
Not found: /home/olle/efinity_p2/BRAM/embedded_sw/micro_risc_v1/software/standalone/openocdServer
Not found: /home/olle/efinity_p2/BRAM/embedded_sw/micro_risc_v1/software/standalone/smpDemo
Not found: /home/olle/efinity_p2/BRAM/embedded_sw/micro_risc_v1/software/standalone/fpuDemo
Not found: /home/olle/efinity_p2/BRAM/embedded_sw/micro_risc_v1/software/standalone/uartInterruptDemo
Not found: /home/olle/efinity_p2/BRAM/embedded_sw/micro_risc_v1/software/standalone/gpioDemo
Not found: /home/olle/efinity_p2/BRAM/embedded_sw/micro_risc_v1/software/standalone/axi4Demo
Not found: /home/olle/efinity_p2/BRAM/embedded_sw/micro_risc_v1/software/standalone/userTimerDemo
Not found: /home/olle/efinity_p2/BRAM/embedded_sw/micro_risc_v1/software/standalone/uartEchoDemo
Not found: /home/olle/efinity_p2/BRAM/embedded_sw/micro_risc_v1/software/standalone/spiDemo
Not found: /home/olle/efinity_p2/BRAM/embedded_sw/micro_risc_v1/software/standalone/customInstructionDemo
Not found: /home/olle/efinity_p2/BRAM/embedded_sw/micro_risc_v1/software/standalone/memTest
Not found: /home/olle/efinity_p2/BRAM/embedded_sw/micro_risc_v1/software/standalone/dhrystone
Not found: /home/olle/efinity_p2/BRAM/embedded_sw/micro_risc_v1/software/standalone/freertosDemo2
Not found: /home/olle/efinity_p2/BRAM/embedded_sw/micro_risc_v1/software/standalone/freertosUartInterruptDemo
Not found: /home/olle/efinity_p2/BRAM/embedded_sw/micro_risc_v1/software/standalone/i2cEepromDemo
Not found: /home/olle/efinity_p2/BRAM/embedded_sw/micro_risc_v1/software/standalone/i2cSlaveDemo
Not found: /home/olle/efinity_p2/BRAM/embedded_sw/micro_risc_v1/software/standalone/iCacheFlushDemo
Not found: /home/olle/efinity_p2/BRAM/embedded_sw/micro_risc_v1/software/standalone/semihostingDemo
Not found: /home/olle/efinity_p2/BRAM/embedded_sw/micro_risc_v1/software/standalone/watchdogDemo
Not found: /home/olle/efinity_p2/BRAM/embedded_sw/micro_risc_v1/software/freeRTOS/coremark
Not found: /home/olle/efinity_p2/BRAM/embedded_sw/micro_risc_v1/software/freeRTOS/apb3Demo
Not found: /home/olle/efinity_p2/BRAM/embedded_sw/micro_risc_v1/software/freeRTOS/axi4Demo
Not found: /home/olle/efinity_p2/BRAM/embedded_sw/micro_risc_v1/software/freeRTOS/semihosting
Not found: /home/olle/efinity_p2/BRAM/embedded_sw/micro_risc_v1/software/freeRTOS/spiReadFlashDemo
Not found: /home/olle/efinity_p2/BRAM/embedded_sw/micro_risc_v1/software/freeRTOS/spiWriteFlashDemo
Not found: /home/olle/efinity_p2/BRAM/embedded_sw/micro_risc_v1/software/freeRTOS/userInterruptDemo
Not found: /home/olle/efinity_p2/BRAM/embedded_sw/micro_risc_v1/software/freeRTOS/coreTimerInterruptDemo
Not found: /home/olle/efinity_p2/BRAM/embedded_sw/micro_risc_v1/software/freeRTOS/dCacheFlushDemo
Not found: /home/olle/efinity_p2/BRAM/embedded_sw/micro_risc_v1/software/freeRTOS/iCacheFlashDemo
Not found: /home/olle/efinity_p2/BRAM/embedded_sw/micro_risc_v1/software/freeRTOS/nestedInterruptDemo
Not found: /home/olle/efinity_p2/BRAM/embedded_sw/micro_risc_v1/software/freeRTOS/compatibilityDemo
Not found: /home/olle/efinity_p2/BRAM/embedded_sw/micro_risc_v1/software/freeRTOS/i2cDemo
Not found: /home/olle/efinity_p2/BRAM/embedded_sw/micro_risc_v1/software/freeRTOS/i2cMasterDemo
Not found: /home/olle/efinity_p2/BRAM/embedded_sw/micro_risc_v1/software/freeRTOS/inlineAsmDemo
Not found: /home/olle/efinity_p2/BRAM/embedded_sw/micro_risc_v1/software/freeRTOS/openocdServer
Not found: /home/olle/efinity_p2/BRAM/embedded_sw/micro_risc_v1/software/freeRTOS/smpDemo
Not found: /home/olle/efinity_p2/BRAM/embedded_sw/micro_risc_v1/software/freeRTOS/fpuDemo
Not found: /home/olle/efinity_p2/BRAM/embedded_sw/micro_risc_v1/software/freeRTOS/uartInterruptDemo
Not found: /home/olle/efinity_p2/BRAM/embedded_sw/micro_risc_v1/software/freeRTOS/gpioDemo
Not found: /home/olle/efinity_p2/BRAM/embedded_sw/micro_risc_v1/software/freeRTOS/axi4Demo
Not found: /home/olle/efinity_p2/BRAM/embedded_sw/micro_risc_v1/software/freeRTOS/userTimerDemo
Not found: /home/olle/efinity_p2/BRAM/embedded_sw/micro_risc_v1/software/freeRTOS/uartEchoDemo
Not found: /home/olle/efinity_p2/BRAM/embedded_sw/micro_risc_v1/software/freeRTOS/spiDemo
Not found: /home/olle/efinity_p2/BRAM/embedded_sw/micro_risc_v1/software/freeRTOS/customInstructionDemo
Not found: /home/olle/efinity_p2/BRAM/embedded_sw/micro_risc_v1/software/freeRTOS/memTest
Not found: /home/olle/efinity_p2/BRAM/embedded_sw/micro_risc_v1/software/freeRTOS/dhrystone
Not found: /home/olle/efinity_p2/BRAM/embedded_sw/micro_risc_v1/software/freeRTOS/freertosDemo2
Not found: /home/olle/efinity_p2/BRAM/embedded_sw/micro_risc_v1/software/freeRTOS/freertosUartInterruptDemo
Not found: /home/olle/efinity_p2/BRAM/embedded_sw/micro_risc_v1/software/freeRTOS/i2cEepromDemo
Not found: /home/olle/efinity_p2/BRAM/embedded_sw/micro_risc_v1/software/freeRTOS/i2cSlaveDemo
Not found: /home/olle/efinity_p2/BRAM/embedded_sw/micro_risc_v1/software/freeRTOS/iCacheFlushDemo
Not found: /home/olle/efinity_p2/BRAM/embedded_sw/micro_risc_v1/software/freeRTOS/semihostingDemo
Not found: /home/olle/efinity_p2/BRAM/embedded_sw/micro_risc_v1/software/freeRTOS/watchdogDemo
Not found: /home/olle/efinity_p2/BRAM/embedded_sw/micro_risc_v1/software/standalone/makefile
Not found: /home/olle/efinity_p2/BRAM/embedded_sw/micro_risc_v1/software/standalone/apb3_cl.h
Not found: /home/olle/efinity_p2/BRAM/embedded_sw/micro_risc_v1/software/standalone/clint.h
Not found: /home/olle/efinity_p2/BRAM/embedded_sw/micro_risc_v1/software/standalone/dmasg.h
Not found: /home/olle/efinity_p2/BRAM/embedded_sw/micro_risc_v1/software/standalone/efx_mmc_driver.h
Not found: /home/olle/efinity_p2/BRAM/embedded_sw/micro_risc_v1/software/standalone/efx_tse_mac.h
Not found: /home/olle/efinity_p2/BRAM/embedded_sw/micro_risc_v1/software/standalone/efx_tse_phy.h
Not found: /home/olle/efinity_p2/BRAM/embedded_sw/micro_risc_v1/software/standalone/gpio.h
Not found: /home/olle/efinity_p2/BRAM/embedded_sw/micro_risc_v1/software/standalone/i2c.h
Not found: /home/olle/efinity_p2/BRAM/embedded_sw/micro_risc_v1/software/standalone/io.h
Not found: /home/olle/efinity_p2/BRAM/embedded_sw/micro_risc_v1/software/standalone/mmc.h
Not found: /home/olle/efinity_p2/BRAM/embedded_sw/micro_risc_v1/software/standalone/plic.h
Not found: /home/olle/efinity_p2/BRAM/embedded_sw/micro_risc_v1/software/standalone/prescaler.h
Not found: /home/olle/efinity_p2/BRAM/embedded_sw/micro_risc_v1/software/standalone/riscv.h
Not found: /home/olle/efinity_p2/BRAM/embedded_sw/micro_risc_v1/software/standalone/spi.h
Not found: /home/olle/efinity_p2/BRAM/embedded_sw/micro_risc_v1/software/standalone/spiFlash.h
Not found: /home/olle/efinity_p2/BRAM/embedded_sw/micro_risc_v1/software/standalone/start.h
Not found: /home/olle/efinity_p2/BRAM/embedded_sw/micro_risc_v1/software/standalone/timer.h
Not found: /home/olle/efinity_p2/BRAM/embedded_sw/micro_risc_v1/software/standalone/type.h
Not found: /home/olle/efinity_p2/BRAM/embedded_sw/micro_risc_v1/software/standalone/uart.h
Not found: /home/olle/efinity_p2/BRAM/embedded_sw/micro_risc_v1/software/standalone/vexriscv.h
Not found: /home/olle/efinity_p2/BRAM/embedded_sw/micro_risc_v1/software/freeRTOS/driver/makefile
Not found: /home/olle/efinity_p2/BRAM/embedded_sw/micro_risc_v1/software/freeRTOS/driver/apb3_cl.h
Not found: /home/olle/efinity_p2/BRAM/embedded_sw/micro_risc_v1/software/freeRTOS/driver/clint.h
Not found: /home/olle/efinity_p2/BRAM/embedded_sw/micro_risc_v1/software/freeRTOS/driver/dmasg.h
Not found: /home/olle/efinity_p2/BRAM/embedded_sw/micro_risc_v1/software/freeRTOS/driver/efx_mmc_driver.h
Not found: /home/olle/efinity_p2/BRAM/embedded_sw/micro_risc_v1/software/freeRTOS/driver/efx_tse_mac.h
Not found: /home/olle/efinity_p2/BRAM/embedded_sw/micro_risc_v1/software/freeRTOS/driver/efx_tse_phy.h
Not found: /home/olle/efinity_p2/BRAM/embedded_sw/micro_risc_v1/software/freeRTOS/driver/gpio.h
Not found: /home/olle/efinity_p2/BRAM/embedded_sw/micro_risc_v1/software/freeRTOS/driver/i2c.h
Not found: /home/olle/efinity_p2/BRAM/embedded_sw/micro_risc_v1/software/freeRTOS/driver/io.h
Not found: /home/olle/efinity_p2/BRAM/embedded_sw/micro_risc_v1/software/freeRTOS/driver/mmc.h
Not found: /home/olle/efinity_p2/BRAM/embedded_sw/micro_risc_v1/software/freeRTOS/driver/plic.h
Not found: /home/olle/efinity_p2/BRAM/embedded_sw/micro_risc_v1/software/freeRTOS/driver/prescaler.h
Not found: /home/olle/efinity_p2/BRAM/embedded_sw/micro_risc_v1/software/freeRTOS/driver/riscv.h
Not found: /home/olle/efinity_p2/BRAM/embedded_sw/micro_risc_v1/software/freeRTOS/driver/spi.h
Not found: /home/olle/efinity_p2/BRAM/embedded_sw/micro_risc_v1/software/freeRTOS/driver/spiFlash.h
Not found: /home/olle/efinity_p2/BRAM/embedded_sw/micro_risc_v1/software/freeRTOS/driver/start.h
Not found: /home/olle/efinity_p2/BRAM/embedded_sw/micro_risc_v1/software/freeRTOS/driver/timer.h
Not found: /home/olle/efinity_p2/BRAM/embedded_sw/micro_risc_v1/software/freeRTOS/driver/type.h
Not found: /home/olle/efinity_p2/BRAM/embedded_sw/micro_risc_v1/software/freeRTOS/driver/uart.h
Not found: /home/olle/efinity_p2/BRAM/embedded_sw/micro_risc_v1/software/freeRTOS/driver/vexriscv.h

[2025-08-08 23:05:21] [INFO    ] [efx_ipmgr.builder] [id-1754687078] [BUILDER_INVOKE_BUILD_COMMAND-DONE] Build Command Execution: Success
[2025-08-08 23:05:21] [DEBUG   ] [efx_ipmgr.builder] [id-1754687078] [BUILDER_RUN] file_name = /home/olle/efinity_p2/BRAM/ip/micro_risc_v1/../micro_risc_v1/embedded_sw
[2025-08-08 23:05:21] [DEBUG   ] [efx_ipmgr.builder] [id-1754687078] [BUILDER_RUN] resolved_name = /home/olle/efinity_p2/BRAM/ip/micro_risc_v1/../micro_risc_v1/embedded_sw
[2025-08-08 23:05:21] [INFO    ] [efx_ipmgr.builder] [id-1754687078] [BUILDER-COPY] Copying file '/home/olle/efinix/efinity/2025.1/ipm/ip/efx_soc/efx_soc/fpga/design_modules.v' to '/home/olle/efinity_p2/BRAM/ip/micro_risc_v1/T120F324_devkit'
[2025-08-08 23:05:21] [INFO    ] [efx_ipmgr.builder] [id-1754687078] [BUILDER-COPY] (('EfxSapphireSoc', 'micro_risc_v1'), ('EfxSapphireSoc_define.vh', 'micro_risc_v1_define.vh'), ('EfxSapphireSoc.v', 'micro_risc_v1.v'))
[2025-08-08 23:05:21] [INFO    ] [efx_ipmgr.builder] [id-1754687078] [BUILDER-COPY] Copying file '/home/olle/efinix/efinity/2025.1/ipm/ip/efx_soc/efx_soc/fpga/ddr_reset_sequencer.v' to '/home/olle/efinity_p2/BRAM/ip/micro_risc_v1/T120F324_devkit'
[2025-08-08 23:05:21] [INFO    ] [efx_ipmgr.builder] [id-1754687078] [BUILDER-COPY] (('EfxSapphireSoc', 'micro_risc_v1'), ('EfxSapphireSoc_define.vh', 'micro_risc_v1_define.vh'), ('EfxSapphireSoc.v', 'micro_risc_v1.v'))
[2025-08-08 23:05:21] [INFO    ] [efx_ipmgr.builder] [id-1754687078] [BUILDER-COPY] Copying file '/home/olle/efinix/efinity/2025.1/ipm/ip/efx_soc/efx_soc/fpga/soc.hex' to '/home/olle/efinity_p2/BRAM/ip/micro_risc_v1/T120F324_devkit'
[2025-08-08 23:05:21] [INFO    ] [efx_ipmgr.builder] [id-1754687078] [BUILDER-COPY] (('EfxSapphireSoc', 'micro_risc_v1'), ('EfxSapphireSoc_define.vh', 'micro_risc_v1_define.vh'), ('EfxSapphireSoc.v', 'micro_risc_v1.v'))
[2025-08-08 23:05:22] [INFO    ] [efx_ipmgr.builder] [id-1754687078] [BUILDER-COPY] Copying file '/home/olle/efinity_p2/BRAM/ip/micro_risc_v1/micro_risc_v1.v' to '/home/olle/efinity_p2/BRAM/ip/micro_risc_v1/T120F324_devkit'
[2025-08-08 23:05:22] [INFO    ] [efx_ipmgr.builder] [id-1754687078] [BUILDER-COPY] (('EfxSapphireSoc', 'micro_risc_v1'), ('EfxSapphireSoc_define.vh', 'micro_risc_v1_define.vh'), ('EfxSapphireSoc.v', 'micro_risc_v1.v'))
[2025-08-08 23:05:22] [INFO    ] [efx_ipmgr.builder] [id-1754687078] [BUILDER-COPY] Copying file '/home/olle/efinity_p2/BRAM/ip/micro_risc_v1/micro_risc_v1_define.vh' to '/home/olle/efinity_p2/BRAM/ip/micro_risc_v1/T120F324_devkit'
[2025-08-08 23:05:22] [INFO    ] [efx_ipmgr.builder] [id-1754687078] [BUILDER-COPY] (('EfxSapphireSoc', 'micro_risc_v1'), ('EfxSapphireSoc_define.vh', 'micro_risc_v1_define.vh'), ('EfxSapphireSoc.v', 'micro_risc_v1.v'))
[2025-08-08 23:05:22] [DEBUG   ] [efx_ipmgr.builder] [id-1754687078] [BUILDER_RUN] command_str = ${EFINITY_PYTHON} ${IP_LIBRARY_ROOT}/efx_soc/efx_soc/fpga/soc_gen.py
[2025-08-08 23:05:22] [DEBUG   ] [efx_ipmgr.builder] [id-1754687078] [BUILDER_RUN] flags_str = --out_path ${IP_OUTPUT_PATH} --gen_name ${IP_GEN_MODULE} --parameters ${IP_USER_PARAMETERS}
[2025-08-08 23:05:22] [DEBUG   ] [efx_ipmgr.builder] [id-1754687078] [BUILDER_RUN] file = {'path': '${IP_GEN_MODULE}', 'copiedPath': '', 'fileType': 'pythonScript', 'workdir': '', 'isInternal': '', 'isPresent': 'True', 'isPresentDefault': 'True', 'command': '${EFINITY_PYTHON} ${IP_LIBRARY_ROOT}/efx_soc/efx_soc/fpga/soc_gen.py', 'flags': '--out_path ${IP_OUTPUT_PATH} --gen_name ${IP_GEN_MODULE} --parameters ${IP_USER_PARAMETERS}', 'targetName': '', 'name': PosixPath('/home/olle/efinity_p2/BRAM/ip/micro_risc_v1/T120F324_devkit/micro_risc_v1')}
[2025-08-08 23:05:22] [INFO    ] [efx_ipmgr.builder] [id-1754687078] [BUILDER_INVOKE_BUILD_COMMAND-BEGIN] Start build_command
[2025-08-08 23:05:22] [INFO    ] [efx_ipmgr.builder] [id-1754687078] [BUILDER_INVOKE_BUILD_COMMAND] CWD=/home/olle/efinity_p2/BRAM/
[2025-08-08 23:05:22] [INFO    ] [efx_ipmgr.builder] [id-1754687078] [BUILDER_INVOKE_BUILD_COMMAND] args: /home/olle/efinix/efinity/2025.1/bin/python3
/home/olle/efinix/efinity/2025.1/ipm/ip/efx_soc/efx_soc/fpga/soc_gen.py
--out_path
/home/olle/efinity_p2/BRAM/ip
--gen_name
micro_risc_v1
--parameters
HexFile_PathEnable="1"
HexFile_Path="embedded_sw/micro_risc_v1/software/standalone/blink_led/build/blink_led.hex"
APBSlave4_Size="65536"
APBSlave3_Size="65536"
APBSlave2_Size="65536"
APBSlave1_Size="65536"
APBSlave0_Size="65536"
DEVKIT_CUSTOM="sapphireBoard_rev0"
LDSize="124"
LDStackSize="4"
DEVKIT="0"
DEBUG="1"
IDE_SEL="0"
RISCV_DEBUG_PRIV="1"
HARD_BREAKPOINT="0"
SOFT_TAP="0"
TAP_MODE="0"
TAP_COUNT="2"
TAP_SEL="8"
Frequency="128"
PeriFrequencyEnable="0"
PeriFrequency="50"
APBSlave0_Addr="1048576"
APBSlave2_Addr="0"
APBSlave4_Addr="0"
UART2_FIFODEPTH="128"
UART2_INT_ID="3"
TEST="0"
APBSlave3_Addr="0"
I2C2_Addr="86016"
Base_AXIS="16777216"
Base_M_AXIS="3774873600"
APBSlave0="0"
Base_IM="4177526784"
APBSlave2="0"
Base_IO="4160749568"
Base_M_IO="4160749568"
Base_EM="4096"
APBSlave1_Addr="0"
APBSlave1="0"
APBSlave3="0"
USER_1_INTR_ID="17"
USER_1_INTR="0"
USER_0_INTR_ID="16"
USER_0_INTR="0"
USER_2_INTR="0"
USER_2_INTR_ID="22"
USER_3_INTR="0"
USER_3_INTR_ID="23"
USER_4_INTR="0"
USER_4_INTR_ID="24"
USER_5_INTR="0"
USER_5_INTR_ID="25"
USER_6_INTR="0"
USER_6_INTR_ID="26"
USER_7_INTR="0"
USER_7_INTR_ID="27"
APBSlave4="0"
CustomInstruction="0"
ATMEXT="0"
CMREXT="0"
FPEXT="1"
FPU="0"
LINUX="0"
ICACHEWAY="1"
DCACHEWAY="1"
CpuCount="1"
ICacheSize="4096"
DCacheSize="4096"
Cache="1"
ICache_EN="1"
DCache_EN="1"
DDR="0"
DDR_AXI4="0"
DDRWidth="128"
DDR_IdWidth="8"
DDRSize="3758096384"
OCRSize="8192"
AXISlave="0"
AXISlaveSize="16777216"
GPIO1_Addr="86016"
GPIO0_Addr="86016"
GPIO1_INT_ID1="15"
GPIO1_INT_ID0="14"
GPIO0_INT_ID1="13"
GPIO0_INT_ID0="1"
GPIO0="1"
GPIO0Width="1"
GPIO1Width="8"
GPIO1="0"
UART0_FIFODEPTH="64"
UART0_INT_ID="2"
UART0_Addr="65536"
IOSize="4096"
UART0_M_Addr="4096"
UART1_M_Addr="8192"
UART2_M_Addr="12288"
SPI0_M_Addr="24576"
SPI1_M_Addr="16384"
SPI2_M_Addr="20480"
I2C0_M_Addr="40960"
I2C1_M_Addr="45056"
I2C2_M_Addr="49152"
GPIO0_M_Addr="53248"
GPIO1_M_Addr="57344"
APBSlave0_M_Addr="1048576"
APBSlave1_M_Addr="2097152"
APBSlave2_M_Addr="3145728"
APBSlave3_M_Addr="4194304"
APBSlave4_M_Addr="5242880"
UART0="1"
UART2_Addr="86016"
UART2="0"
UART1_FIFODEPTH="128"
UART1_INT_ID="2"
UART1_Addr="86016"
UART1="0"
SPI2="0"
SPI2DW="8"
SPI2SS="1"
SPI2_FIFODEPTH="256"
SPI1_INT_ID="5"
SPI1="0"
SPI1DW="8"
SPI1SS="1"
SPI1_FIFODEPTH="256"
SPI0_INT_ID="4"
SPI0_Addr="81920"
SPI0="0"
SPI0DW="8"
SPI0SS="1"
SPI0_FIFODEPTH="256"
I2C2_INT_ID="10"
ADDR_Scheme="0"
I2C2="0"
I2C1_Addr="86016"
I2C1="0"
SPI2_INT_ID="6"
SPI2_Addr="81920"
SPI1_Addr="81920"
I2C0_Addr="86016"
I2C1_INT_ID="9"
I2C0_INT_ID="8"
I2C0="0"
AXIMasterWidth_1="32"
AXIMaster_1="0"
AXIMasterWidth="32"
AXIMaster="1"
USER_TIMER0="0"
USER_TIMER0_CNT_WIDTH="12"
USER_TIMER0_PS_WIDTH="8"
USER_TIMER0_INT_ID="19"
USER_TIMER0_Addr="86016"
USER_TIMER0_M_Addr="61440"
USER_TIMER1="0"
USER_TIMER1_CNT_WIDTH="12"
USER_TIMER1_PS_WIDTH="8"
USER_TIMER1_INT_ID="20"
USER_TIMER1_Addr="86016"
USER_TIMER1_M_Addr="65536"
USER_TIMER2="0"
USER_TIMER2_CNT_WIDTH="12"
USER_TIMER2_PS_WIDTH="8"
USER_TIMER2_INT_ID="21"
USER_TIMER2_Addr="86016"
USER_TIMER2_M_Addr="69632"
WDT0="0"
WDT0_PS_WIDTH="24"
WDT0_TIMER_WIDTH="16"
WDT0_Addr="86016"
WDT0_M_Addr="73728"
WDT0_INT_ID="32"
RAM_OPT="0"
SOC_MODE="1"
MULDIV_EXT="0"
BARREL_SHIFTER="0"
REDUCED_CSR="1"
DDRCLK_DOMAIN="1"
DDR_OPT="1"
SW_REMOVED="0"
[2025-08-08 23:05:23] [INFO    ] [efx_ipmgr.builder] [id-1754687078] [BUILDER_INVOKE_BUILD_COMMAND] stdout: 
[2025-08-08 23:05:23] [INFO    ] [efx_ipmgr.builder] [id-1754687078] [BUILDER_INVOKE_BUILD_COMMAND-DONE] Build Command Execution: Success
[2025-08-08 23:05:23] [DEBUG   ] [efx_ipmgr.builder] [id-1754687078] [BUILDER_RUN] file_name = /home/olle/efinity_p2/BRAM/ip/micro_risc_v1/T120F324_devkit/micro_risc_v1
[2025-08-08 23:05:23] [DEBUG   ] [efx_ipmgr.builder] [id-1754687078] [BUILDER_RUN] resolved_name = /home/olle/efinity_p2/BRAM/ip/micro_risc_v1/T120F324_devkit/micro_risc_v1
[2025-08-08 23:05:23] [INFO    ] [efx_ipmgr.builder] [id-1754687078] [BUILDER-COPY] Copying file '/home/olle/efinix/efinity/2025.1/ipm/ip/efx_soc/efx_soc/fpga/soc.xml' to '/home/olle/efinity_p2/BRAM/ip/micro_risc_v1/T120F324_devkit'
[2025-08-08 23:05:23] [INFO    ] [efx_ipmgr.builder] [id-1754687078] [BUILDER-COPY] (('EfxSapphireSoc', 'micro_risc_v1'), ('EfxSapphireSoc_define.vh', 'micro_risc_v1_define.vh'), ('EfxSapphireSoc.v', 'micro_risc_v1.v'))
[2025-08-08 23:05:23] [INFO    ] [efx_ipmgr.builder] [id-1754687078] [BUILDER-COPY] Copying file '/home/olle/efinix/efinity/2025.1/ipm/ip/efx_soc/efx_soc/fpga/fpga_ti/design_modules.v' to '/home/olle/efinity_p2/BRAM/ip/micro_risc_v1/Ti60F225_devkit'
[2025-08-08 23:05:23] [INFO    ] [efx_ipmgr.builder] [id-1754687078] [BUILDER-COPY] (('EfxSapphireSoc', 'micro_risc_v1'), ('EfxSapphireSoc_define.vh', 'micro_risc_v1_define.vh'), ('EfxSapphireSoc.v', 'micro_risc_v1.v'))
[2025-08-08 23:05:23] [INFO    ] [efx_ipmgr.builder] [id-1754687078] [BUILDER-COPY] Copying file '/home/olle/efinix/efinity/2025.1/ipm/ip/efx_soc/efx_soc/fpga/fpga_ti/hbram_top.v' to '/home/olle/efinity_p2/BRAM/ip/micro_risc_v1/Ti60F225_devkit'
[2025-08-08 23:05:23] [INFO    ] [efx_ipmgr.builder] [id-1754687078] [BUILDER-COPY] (('EfxSapphireSoc', 'micro_risc_v1'), ('EfxSapphireSoc_define.vh', 'micro_risc_v1_define.vh'), ('EfxSapphireSoc.v', 'micro_risc_v1.v'))
[2025-08-08 23:05:23] [INFO    ] [efx_ipmgr.builder] [id-1754687078] [BUILDER-COPY] Copying file '/home/olle/efinix/efinity/2025.1/ipm/ip/efx_soc/efx_soc/fpga/fpga_ti/hbram_top_define.vh' to '/home/olle/efinity_p2/BRAM/ip/micro_risc_v1/Ti60F225_devkit'
[2025-08-08 23:05:23] [INFO    ] [efx_ipmgr.builder] [id-1754687078] [BUILDER-COPY] (('EfxSapphireSoc', 'micro_risc_v1'), ('EfxSapphireSoc_define.vh', 'micro_risc_v1_define.vh'), ('EfxSapphireSoc.v', 'micro_risc_v1.v'))
[2025-08-08 23:05:23] [INFO    ] [efx_ipmgr.builder] [id-1754687078] [BUILDER-COPY] Copying file '/home/olle/efinix/efinity/2025.1/ipm/ip/efx_soc/efx_soc/fpga/fpga_ti/soc.hex' to '/home/olle/efinity_p2/BRAM/ip/micro_risc_v1/Ti60F225_devkit'
[2025-08-08 23:05:23] [INFO    ] [efx_ipmgr.builder] [id-1754687078] [BUILDER-COPY] (('EfxSapphireSoc', 'micro_risc_v1'), ('EfxSapphireSoc_define.vh', 'micro_risc_v1_define.vh'), ('EfxSapphireSoc.v', 'micro_risc_v1.v'))
[2025-08-08 23:05:23] [INFO    ] [efx_ipmgr.builder] [id-1754687078] [BUILDER-COPY] Copying file '/home/olle/efinity_p2/BRAM/ip/micro_risc_v1/micro_risc_v1.v' to '/home/olle/efinity_p2/BRAM/ip/micro_risc_v1/Ti60F225_devkit'
[2025-08-08 23:05:23] [INFO    ] [efx_ipmgr.builder] [id-1754687078] [BUILDER-COPY] (('EfxSapphireSoc', 'micro_risc_v1'), ('EfxSapphireSoc_define.vh', 'micro_risc_v1_define.vh'), ('EfxSapphireSoc.v', 'micro_risc_v1.v'))
[2025-08-08 23:05:23] [INFO    ] [efx_ipmgr.builder] [id-1754687078] [BUILDER-COPY] Copying file '/home/olle/efinity_p2/BRAM/ip/micro_risc_v1/micro_risc_v1_define.vh' to '/home/olle/efinity_p2/BRAM/ip/micro_risc_v1/Ti60F225_devkit'
[2025-08-08 23:05:23] [INFO    ] [efx_ipmgr.builder] [id-1754687078] [BUILDER-COPY] (('EfxSapphireSoc', 'micro_risc_v1'), ('EfxSapphireSoc_define.vh', 'micro_risc_v1_define.vh'), ('EfxSapphireSoc.v', 'micro_risc_v1.v'))
[2025-08-08 23:05:23] [DEBUG   ] [efx_ipmgr.builder] [id-1754687078] [BUILDER_RUN] command_str = ${EFINITY_PYTHON} ${IP_LIBRARY_ROOT}/efx_soc/efx_soc/fpga/fpga_ti/soc_gen.py
[2025-08-08 23:05:23] [DEBUG   ] [efx_ipmgr.builder] [id-1754687078] [BUILDER_RUN] flags_str = --out_path ${IP_OUTPUT_PATH} --gen_name ${IP_GEN_MODULE} --parameters ${IP_USER_PARAMETERS}
[2025-08-08 23:05:23] [DEBUG   ] [efx_ipmgr.builder] [id-1754687078] [BUILDER_RUN] file = {'path': '${IP_GEN_MODULE}', 'copiedPath': '', 'fileType': 'pythonScript', 'workdir': '', 'isInternal': '', 'isPresent': 'True', 'isPresentDefault': 'True', 'command': '${EFINITY_PYTHON} ${IP_LIBRARY_ROOT}/efx_soc/efx_soc/fpga/fpga_ti/soc_gen.py', 'flags': '--out_path ${IP_OUTPUT_PATH} --gen_name ${IP_GEN_MODULE} --parameters ${IP_USER_PARAMETERS}', 'targetName': '', 'name': PosixPath('/home/olle/efinity_p2/BRAM/ip/micro_risc_v1/Ti60F225_devkit/micro_risc_v1')}
[2025-08-08 23:05:23] [INFO    ] [efx_ipmgr.builder] [id-1754687078] [BUILDER_INVOKE_BUILD_COMMAND-BEGIN] Start build_command
[2025-08-08 23:05:23] [INFO    ] [efx_ipmgr.builder] [id-1754687078] [BUILDER_INVOKE_BUILD_COMMAND] CWD=/home/olle/efinity_p2/BRAM/
[2025-08-08 23:05:23] [INFO    ] [efx_ipmgr.builder] [id-1754687078] [BUILDER_INVOKE_BUILD_COMMAND] args: /home/olle/efinix/efinity/2025.1/bin/python3
/home/olle/efinix/efinity/2025.1/ipm/ip/efx_soc/efx_soc/fpga/fpga_ti/soc_gen.py
--out_path
/home/olle/efinity_p2/BRAM/ip
--gen_name
micro_risc_v1
--parameters
HexFile_PathEnable="1"
HexFile_Path="embedded_sw/micro_risc_v1/software/standalone/blink_led/build/blink_led.hex"
APBSlave4_Size="65536"
APBSlave3_Size="65536"
APBSlave2_Size="65536"
APBSlave1_Size="65536"
APBSlave0_Size="65536"
DEVKIT_CUSTOM="sapphireBoard_rev0"
LDSize="124"
LDStackSize="4"
DEVKIT="0"
DEBUG="1"
IDE_SEL="0"
RISCV_DEBUG_PRIV="1"
HARD_BREAKPOINT="0"
SOFT_TAP="0"
TAP_MODE="0"
TAP_COUNT="2"
TAP_SEL="8"
Frequency="128"
PeriFrequencyEnable="0"
PeriFrequency="50"
APBSlave0_Addr="1048576"
APBSlave2_Addr="0"
APBSlave4_Addr="0"
UART2_FIFODEPTH="128"
UART2_INT_ID="3"
TEST="0"
APBSlave3_Addr="0"
I2C2_Addr="86016"
Base_AXIS="16777216"
Base_M_AXIS="3774873600"
APBSlave0="0"
Base_IM="4177526784"
APBSlave2="0"
Base_IO="4160749568"
Base_M_IO="4160749568"
Base_EM="4096"
APBSlave1_Addr="0"
APBSlave1="0"
APBSlave3="0"
USER_1_INTR_ID="17"
USER_1_INTR="0"
USER_0_INTR_ID="16"
USER_0_INTR="0"
USER_2_INTR="0"
USER_2_INTR_ID="22"
USER_3_INTR="0"
USER_3_INTR_ID="23"
USER_4_INTR="0"
USER_4_INTR_ID="24"
USER_5_INTR="0"
USER_5_INTR_ID="25"
USER_6_INTR="0"
USER_6_INTR_ID="26"
USER_7_INTR="0"
USER_7_INTR_ID="27"
APBSlave4="0"
CustomInstruction="0"
ATMEXT="0"
CMREXT="0"
FPEXT="1"
FPU="0"
LINUX="0"
ICACHEWAY="1"
DCACHEWAY="1"
CpuCount="1"
ICacheSize="4096"
DCacheSize="4096"
Cache="1"
ICache_EN="1"
DCache_EN="1"
DDR="0"
DDR_AXI4="0"
DDRWidth="128"
DDR_IdWidth="8"
DDRSize="3758096384"
OCRSize="8192"
AXISlave="0"
AXISlaveSize="16777216"
GPIO1_Addr="86016"
GPIO0_Addr="86016"
GPIO1_INT_ID1="15"
GPIO1_INT_ID0="14"
GPIO0_INT_ID1="13"
GPIO0_INT_ID0="1"
GPIO0="1"
GPIO0Width="1"
GPIO1Width="8"
GPIO1="0"
UART0_FIFODEPTH="64"
UART0_INT_ID="2"
UART0_Addr="65536"
IOSize="4096"
UART0_M_Addr="4096"
UART1_M_Addr="8192"
UART2_M_Addr="12288"
SPI0_M_Addr="24576"
SPI1_M_Addr="16384"
SPI2_M_Addr="20480"
I2C0_M_Addr="40960"
I2C1_M_Addr="45056"
I2C2_M_Addr="49152"
GPIO0_M_Addr="53248"
GPIO1_M_Addr="57344"
APBSlave0_M_Addr="1048576"
APBSlave1_M_Addr="2097152"
APBSlave2_M_Addr="3145728"
APBSlave3_M_Addr="4194304"
APBSlave4_M_Addr="5242880"
UART0="1"
UART2_Addr="86016"
UART2="0"
UART1_FIFODEPTH="128"
UART1_INT_ID="2"
UART1_Addr="86016"
UART1="0"
SPI2="0"
SPI2DW="8"
SPI2SS="1"
SPI2_FIFODEPTH="256"
SPI1_INT_ID="5"
SPI1="0"
SPI1DW="8"
SPI1SS="1"
SPI1_FIFODEPTH="256"
SPI0_INT_ID="4"
SPI0_Addr="81920"
SPI0="0"
SPI0DW="8"
SPI0SS="1"
SPI0_FIFODEPTH="256"
I2C2_INT_ID="10"
ADDR_Scheme="0"
I2C2="0"
I2C1_Addr="86016"
I2C1="0"
SPI2_INT_ID="6"
SPI2_Addr="81920"
SPI1_Addr="81920"
I2C0_Addr="86016"
I2C1_INT_ID="9"
I2C0_INT_ID="8"
I2C0="0"
AXIMasterWidth_1="32"
AXIMaster_1="0"
AXIMasterWidth="32"
AXIMaster="1"
USER_TIMER0="0"
USER_TIMER0_CNT_WIDTH="12"
USER_TIMER0_PS_WIDTH="8"
USER_TIMER0_INT_ID="19"
USER_TIMER0_Addr="86016"
USER_TIMER0_M_Addr="61440"
USER_TIMER1="0"
USER_TIMER1_CNT_WIDTH="12"
USER_TIMER1_PS_WIDTH="8"
USER_TIMER1_INT_ID="20"
USER_TIMER1_Addr="86016"
USER_TIMER1_M_Addr="65536"
USER_TIMER2="0"
USER_TIMER2_CNT_WIDTH="12"
USER_TIMER2_PS_WIDTH="8"
USER_TIMER2_INT_ID="21"
USER_TIMER2_Addr="86016"
USER_TIMER2_M_Addr="69632"
WDT0="0"
WDT0_PS_WIDTH="24"
WDT0_TIMER_WIDTH="16"
WDT0_Addr="86016"
WDT0_M_Addr="73728"
WDT0_INT_ID="32"
RAM_OPT="0"
SOC_MODE="1"
MULDIV_EXT="0"
BARREL_SHIFTER="0"
REDUCED_CSR="1"
DDRCLK_DOMAIN="1"
DDR_OPT="1"
SW_REMOVED="0"
[2025-08-08 23:05:23] [INFO    ] [efx_ipmgr.builder] [id-1754687078] [BUILDER_INVOKE_BUILD_COMMAND] stdout: 
[2025-08-08 23:05:23] [INFO    ] [efx_ipmgr.builder] [id-1754687078] [BUILDER_INVOKE_BUILD_COMMAND-DONE] Build Command Execution: Success
[2025-08-08 23:05:23] [DEBUG   ] [efx_ipmgr.builder] [id-1754687078] [BUILDER_RUN] file_name = /home/olle/efinity_p2/BRAM/ip/micro_risc_v1/Ti60F225_devkit/micro_risc_v1
[2025-08-08 23:05:23] [DEBUG   ] [efx_ipmgr.builder] [id-1754687078] [BUILDER_RUN] resolved_name = /home/olle/efinity_p2/BRAM/ip/micro_risc_v1/Ti60F225_devkit/micro_risc_v1
[2025-08-08 23:05:23] [INFO    ] [efx_ipmgr.builder] [id-1754687078] [BUILDER-COPY] Copying file '/home/olle/efinix/efinity/2025.1/ipm/ip/efx_soc/efx_soc/fpga/fpga_ti/soc.xml' to '/home/olle/efinity_p2/BRAM/ip/micro_risc_v1/Ti60F225_devkit'
[2025-08-08 23:05:23] [INFO    ] [efx_ipmgr.builder] [id-1754687078] [BUILDER-COPY] (('EfxSapphireSoc', 'micro_risc_v1'), ('EfxSapphireSoc_define.vh', 'micro_risc_v1_define.vh'), ('EfxSapphireSoc.v', 'micro_risc_v1.v'))
[2025-08-08 23:05:23] [INFO    ] [efx_ipmgr.builder] [id-1754687078] [BUILDER-COPY] Copying file '/home/olle/efinix/efinity/2025.1/ipm/ip/efx_soc/efx_soc/fpga/fpga_ti180/design_modules.v' to '/home/olle/efinity_p2/BRAM/ip/micro_risc_v1/Ti180J484_devkit'
[2025-08-08 23:05:23] [INFO    ] [efx_ipmgr.builder] [id-1754687078] [BUILDER-COPY] (('EfxSapphireSoc', 'micro_risc_v1'), ('EfxSapphireSoc_define.vh', 'micro_risc_v1_define.vh'), ('EfxSapphireSoc.v', 'micro_risc_v1.v'))
[2025-08-08 23:05:23] [INFO    ] [efx_ipmgr.builder] [id-1754687078] [BUILDER-COPY] Copying file '/home/olle/efinity_p2/BRAM/ip/micro_risc_v1/micro_risc_v1.v' to '/home/olle/efinity_p2/BRAM/ip/micro_risc_v1/Ti180J484_devkit'
[2025-08-08 23:05:23] [INFO    ] [efx_ipmgr.builder] [id-1754687078] [BUILDER-COPY] (('EfxSapphireSoc', 'micro_risc_v1'), ('EfxSapphireSoc_define.vh', 'micro_risc_v1_define.vh'), ('EfxSapphireSoc.v', 'micro_risc_v1.v'))
[2025-08-08 23:05:23] [INFO    ] [efx_ipmgr.builder] [id-1754687078] [BUILDER-COPY] Copying file '/home/olle/efinity_p2/BRAM/ip/micro_risc_v1/micro_risc_v1_define.vh' to '/home/olle/efinity_p2/BRAM/ip/micro_risc_v1/Ti180J484_devkit'
[2025-08-08 23:05:23] [INFO    ] [efx_ipmgr.builder] [id-1754687078] [BUILDER-COPY] (('EfxSapphireSoc', 'micro_risc_v1'), ('EfxSapphireSoc_define.vh', 'micro_risc_v1_define.vh'), ('EfxSapphireSoc.v', 'micro_risc_v1.v'))
[2025-08-08 23:05:23] [DEBUG   ] [efx_ipmgr.builder] [id-1754687078] [BUILDER_RUN] command_str = ${EFINITY_PYTHON} ${IP_LIBRARY_ROOT}/efx_soc/efx_soc/fpga/fpga_ti180/soc_gen.py
[2025-08-08 23:05:23] [DEBUG   ] [efx_ipmgr.builder] [id-1754687078] [BUILDER_RUN] flags_str = --out_path ${IP_OUTPUT_PATH} --gen_name ${IP_GEN_MODULE} --parameters ${IP_USER_PARAMETERS}
[2025-08-08 23:05:23] [DEBUG   ] [efx_ipmgr.builder] [id-1754687078] [BUILDER_RUN] file = {'path': '${IP_GEN_MODULE}', 'copiedPath': '', 'fileType': 'pythonScript', 'workdir': '', 'isInternal': '', 'isPresent': 'True', 'isPresentDefault': 'True', 'command': '${EFINITY_PYTHON} ${IP_LIBRARY_ROOT}/efx_soc/efx_soc/fpga/fpga_ti180/soc_gen.py', 'flags': '--out_path ${IP_OUTPUT_PATH} --gen_name ${IP_GEN_MODULE} --parameters ${IP_USER_PARAMETERS}', 'targetName': '', 'name': PosixPath('/home/olle/efinity_p2/BRAM/ip/micro_risc_v1/Ti180J484_devkit/micro_risc_v1')}
[2025-08-08 23:05:23] [INFO    ] [efx_ipmgr.builder] [id-1754687078] [BUILDER_INVOKE_BUILD_COMMAND-BEGIN] Start build_command
[2025-08-08 23:05:23] [INFO    ] [efx_ipmgr.builder] [id-1754687078] [BUILDER_INVOKE_BUILD_COMMAND] CWD=/home/olle/efinity_p2/BRAM/
[2025-08-08 23:05:23] [INFO    ] [efx_ipmgr.builder] [id-1754687078] [BUILDER_INVOKE_BUILD_COMMAND] args: /home/olle/efinix/efinity/2025.1/bin/python3
/home/olle/efinix/efinity/2025.1/ipm/ip/efx_soc/efx_soc/fpga/fpga_ti180/soc_gen.py
--out_path
/home/olle/efinity_p2/BRAM/ip
--gen_name
micro_risc_v1
--parameters
HexFile_PathEnable="1"
HexFile_Path="embedded_sw/micro_risc_v1/software/standalone/blink_led/build/blink_led.hex"
APBSlave4_Size="65536"
APBSlave3_Size="65536"
APBSlave2_Size="65536"
APBSlave1_Size="65536"
APBSlave0_Size="65536"
DEVKIT_CUSTOM="sapphireBoard_rev0"
LDSize="124"
LDStackSize="4"
DEVKIT="0"
DEBUG="1"
IDE_SEL="0"
RISCV_DEBUG_PRIV="1"
HARD_BREAKPOINT="0"
SOFT_TAP="0"
TAP_MODE="0"
TAP_COUNT="2"
TAP_SEL="8"
Frequency="128"
PeriFrequencyEnable="0"
PeriFrequency="50"
APBSlave0_Addr="1048576"
APBSlave2_Addr="0"
APBSlave4_Addr="0"
UART2_FIFODEPTH="128"
UART2_INT_ID="3"
TEST="0"
APBSlave3_Addr="0"
I2C2_Addr="86016"
Base_AXIS="16777216"
Base_M_AXIS="3774873600"
APBSlave0="0"
Base_IM="4177526784"
APBSlave2="0"
Base_IO="4160749568"
Base_M_IO="4160749568"
Base_EM="4096"
APBSlave1_Addr="0"
APBSlave1="0"
APBSlave3="0"
USER_1_INTR_ID="17"
USER_1_INTR="0"
USER_0_INTR_ID="16"
USER_0_INTR="0"
USER_2_INTR="0"
USER_2_INTR_ID="22"
USER_3_INTR="0"
USER_3_INTR_ID="23"
USER_4_INTR="0"
USER_4_INTR_ID="24"
USER_5_INTR="0"
USER_5_INTR_ID="25"
USER_6_INTR="0"
USER_6_INTR_ID="26"
USER_7_INTR="0"
USER_7_INTR_ID="27"
APBSlave4="0"
CustomInstruction="0"
ATMEXT="0"
CMREXT="0"
FPEXT="1"
FPU="0"
LINUX="0"
ICACHEWAY="1"
DCACHEWAY="1"
CpuCount="1"
ICacheSize="4096"
DCacheSize="4096"
Cache="1"
ICache_EN="1"
DCache_EN="1"
DDR="0"
DDR_AXI4="0"
DDRWidth="128"
DDR_IdWidth="8"
DDRSize="3758096384"
OCRSize="8192"
AXISlave="0"
AXISlaveSize="16777216"
GPIO1_Addr="86016"
GPIO0_Addr="86016"
GPIO1_INT_ID1="15"
GPIO1_INT_ID0="14"
GPIO0_INT_ID1="13"
GPIO0_INT_ID0="1"
GPIO0="1"
GPIO0Width="1"
GPIO1Width="8"
GPIO1="0"
UART0_FIFODEPTH="64"
UART0_INT_ID="2"
UART0_Addr="65536"
IOSize="4096"
UART0_M_Addr="4096"
UART1_M_Addr="8192"
UART2_M_Addr="12288"
SPI0_M_Addr="24576"
SPI1_M_Addr="16384"
SPI2_M_Addr="20480"
I2C0_M_Addr="40960"
I2C1_M_Addr="45056"
I2C2_M_Addr="49152"
GPIO0_M_Addr="53248"
GPIO1_M_Addr="57344"
APBSlave0_M_Addr="1048576"
APBSlave1_M_Addr="2097152"
APBSlave2_M_Addr="3145728"
APBSlave3_M_Addr="4194304"
APBSlave4_M_Addr="5242880"
UART0="1"
UART2_Addr="86016"
UART2="0"
UART1_FIFODEPTH="128"
UART1_INT_ID="2"
UART1_Addr="86016"
UART1="0"
SPI2="0"
SPI2DW="8"
SPI2SS="1"
SPI2_FIFODEPTH="256"
SPI1_INT_ID="5"
SPI1="0"
SPI1DW="8"
SPI1SS="1"
SPI1_FIFODEPTH="256"
SPI0_INT_ID="4"
SPI0_Addr="81920"
SPI0="0"
SPI0DW="8"
SPI0SS="1"
SPI0_FIFODEPTH="256"
I2C2_INT_ID="10"
ADDR_Scheme="0"
I2C2="0"
I2C1_Addr="86016"
I2C1="0"
SPI2_INT_ID="6"
SPI2_Addr="81920"
SPI1_Addr="81920"
I2C0_Addr="86016"
I2C1_INT_ID="9"
I2C0_INT_ID="8"
I2C0="0"
AXIMasterWidth_1="32"
AXIMaster_1="0"
AXIMasterWidth="32"
AXIMaster="1"
USER_TIMER0="0"
USER_TIMER0_CNT_WIDTH="12"
USER_TIMER0_PS_WIDTH="8"
USER_TIMER0_INT_ID="19"
USER_TIMER0_Addr="86016"
USER_TIMER0_M_Addr="61440"
USER_TIMER1="0"
USER_TIMER1_CNT_WIDTH="12"
USER_TIMER1_PS_WIDTH="8"
USER_TIMER1_INT_ID="20"
USER_TIMER1_Addr="86016"
USER_TIMER1_M_Addr="65536"
USER_TIMER2="0"
USER_TIMER2_CNT_WIDTH="12"
USER_TIMER2_PS_WIDTH="8"
USER_TIMER2_INT_ID="21"
USER_TIMER2_Addr="86016"
USER_TIMER2_M_Addr="69632"
WDT0="0"
WDT0_PS_WIDTH="24"
WDT0_TIMER_WIDTH="16"
WDT0_Addr="86016"
WDT0_M_Addr="73728"
WDT0_INT_ID="32"
RAM_OPT="0"
SOC_MODE="1"
MULDIV_EXT="0"
BARREL_SHIFTER="0"
REDUCED_CSR="1"
DDRCLK_DOMAIN="1"
DDR_OPT="1"
SW_REMOVED="0"
[2025-08-08 23:05:24] [INFO    ] [efx_ipmgr.builder] [id-1754687078] [BUILDER_INVOKE_BUILD_COMMAND] stdout: 
[2025-08-08 23:05:24] [INFO    ] [efx_ipmgr.builder] [id-1754687078] [BUILDER_INVOKE_BUILD_COMMAND-DONE] Build Command Execution: Success
[2025-08-08 23:05:24] [DEBUG   ] [efx_ipmgr.builder] [id-1754687078] [BUILDER_RUN] file_name = /home/olle/efinity_p2/BRAM/ip/micro_risc_v1/Ti180J484_devkit/micro_risc_v1
[2025-08-08 23:05:24] [DEBUG   ] [efx_ipmgr.builder] [id-1754687078] [BUILDER_RUN] resolved_name = /home/olle/efinity_p2/BRAM/ip/micro_risc_v1/Ti180J484_devkit/micro_risc_v1
[2025-08-08 23:05:24] [INFO    ] [efx_ipmgr.builder] [id-1754687078] [BUILDER-COPY] Copying file '/home/olle/efinix/efinity/2025.1/ipm/ip/efx_soc/efx_soc/fpga/fpga_ti180/soc.xml' to '/home/olle/efinity_p2/BRAM/ip/micro_risc_v1/Ti180J484_devkit'
[2025-08-08 23:05:24] [INFO    ] [efx_ipmgr.builder] [id-1754687078] [BUILDER-COPY] (('EfxSapphireSoc', 'micro_risc_v1'), ('EfxSapphireSoc_define.vh', 'micro_risc_v1_define.vh'), ('EfxSapphireSoc.v', 'micro_risc_v1.v'))
[2025-08-08 23:05:24] [INFO    ] [efx_ipmgr.builder] [id-1754687078] [BUILDER-COPY] Copying file '/home/olle/efinix/efinity/2025.1/ipm/ip/efx_soc/efx_soc/fpga/fpga_tz170/design_modules.v' to '/home/olle/efinity_p2/BRAM/ip/micro_risc_v1/Tz170J484_devkit'
[2025-08-08 23:05:24] [INFO    ] [efx_ipmgr.builder] [id-1754687078] [BUILDER-COPY] (('EfxSapphireSoc', 'micro_risc_v1'), ('EfxSapphireSoc_define.vh', 'micro_risc_v1_define.vh'), ('EfxSapphireSoc.v', 'micro_risc_v1.v'))
[2025-08-08 23:05:24] [INFO    ] [efx_ipmgr.builder] [id-1754687078] [BUILDER-COPY] Copying file '/home/olle/efinity_p2/BRAM/ip/micro_risc_v1/micro_risc_v1.v' to '/home/olle/efinity_p2/BRAM/ip/micro_risc_v1/Tz170J484_devkit'
[2025-08-08 23:05:24] [INFO    ] [efx_ipmgr.builder] [id-1754687078] [BUILDER-COPY] (('EfxSapphireSoc', 'micro_risc_v1'), ('EfxSapphireSoc_define.vh', 'micro_risc_v1_define.vh'), ('EfxSapphireSoc.v', 'micro_risc_v1.v'))
[2025-08-08 23:05:24] [INFO    ] [efx_ipmgr.builder] [id-1754687078] [BUILDER-COPY] Copying file '/home/olle/efinity_p2/BRAM/ip/micro_risc_v1/micro_risc_v1_define.vh' to '/home/olle/efinity_p2/BRAM/ip/micro_risc_v1/Tz170J484_devkit'
[2025-08-08 23:05:24] [INFO    ] [efx_ipmgr.builder] [id-1754687078] [BUILDER-COPY] (('EfxSapphireSoc', 'micro_risc_v1'), ('EfxSapphireSoc_define.vh', 'micro_risc_v1_define.vh'), ('EfxSapphireSoc.v', 'micro_risc_v1.v'))
[2025-08-08 23:05:24] [DEBUG   ] [efx_ipmgr.builder] [id-1754687078] [BUILDER_RUN] command_str = ${EFINITY_PYTHON} ${IP_LIBRARY_ROOT}/efx_soc/efx_soc/fpga/fpga_tz170/soc_gen.py
[2025-08-08 23:05:24] [DEBUG   ] [efx_ipmgr.builder] [id-1754687078] [BUILDER_RUN] flags_str = --out_path ${IP_OUTPUT_PATH} --gen_name ${IP_GEN_MODULE} --parameters ${IP_USER_PARAMETERS}
[2025-08-08 23:05:24] [DEBUG   ] [efx_ipmgr.builder] [id-1754687078] [BUILDER_RUN] file = {'path': '${IP_GEN_MODULE}', 'copiedPath': '', 'fileType': 'pythonScript', 'workdir': '', 'isInternal': '', 'isPresent': 'True', 'isPresentDefault': 'True', 'command': '${EFINITY_PYTHON} ${IP_LIBRARY_ROOT}/efx_soc/efx_soc/fpga/fpga_tz170/soc_gen.py', 'flags': '--out_path ${IP_OUTPUT_PATH} --gen_name ${IP_GEN_MODULE} --parameters ${IP_USER_PARAMETERS}', 'targetName': '', 'name': PosixPath('/home/olle/efinity_p2/BRAM/ip/micro_risc_v1/Tz170J484_devkit/micro_risc_v1')}
[2025-08-08 23:05:24] [INFO    ] [efx_ipmgr.builder] [id-1754687078] [BUILDER_INVOKE_BUILD_COMMAND-BEGIN] Start build_command
[2025-08-08 23:05:24] [INFO    ] [efx_ipmgr.builder] [id-1754687078] [BUILDER_INVOKE_BUILD_COMMAND] CWD=/home/olle/efinity_p2/BRAM/
[2025-08-08 23:05:24] [INFO    ] [efx_ipmgr.builder] [id-1754687078] [BUILDER_INVOKE_BUILD_COMMAND] args: /home/olle/efinix/efinity/2025.1/bin/python3
/home/olle/efinix/efinity/2025.1/ipm/ip/efx_soc/efx_soc/fpga/fpga_tz170/soc_gen.py
--out_path
/home/olle/efinity_p2/BRAM/ip
--gen_name
micro_risc_v1
--parameters
HexFile_PathEnable="1"
HexFile_Path="embedded_sw/micro_risc_v1/software/standalone/blink_led/build/blink_led.hex"
APBSlave4_Size="65536"
APBSlave3_Size="65536"
APBSlave2_Size="65536"
APBSlave1_Size="65536"
APBSlave0_Size="65536"
DEVKIT_CUSTOM="sapphireBoard_rev0"
LDSize="124"
LDStackSize="4"
DEVKIT="0"
DEBUG="1"
IDE_SEL="0"
RISCV_DEBUG_PRIV="1"
HARD_BREAKPOINT="0"
SOFT_TAP="0"
TAP_MODE="0"
TAP_COUNT="2"
TAP_SEL="8"
Frequency="128"
PeriFrequencyEnable="0"
PeriFrequency="50"
APBSlave0_Addr="1048576"
APBSlave2_Addr="0"
APBSlave4_Addr="0"
UART2_FIFODEPTH="128"
UART2_INT_ID="3"
TEST="0"
APBSlave3_Addr="0"
I2C2_Addr="86016"
Base_AXIS="16777216"
Base_M_AXIS="3774873600"
APBSlave0="0"
Base_IM="4177526784"
APBSlave2="0"
Base_IO="4160749568"
Base_M_IO="4160749568"
Base_EM="4096"
APBSlave1_Addr="0"
APBSlave1="0"
APBSlave3="0"
USER_1_INTR_ID="17"
USER_1_INTR="0"
USER_0_INTR_ID="16"
USER_0_INTR="0"
USER_2_INTR="0"
USER_2_INTR_ID="22"
USER_3_INTR="0"
USER_3_INTR_ID="23"
USER_4_INTR="0"
USER_4_INTR_ID="24"
USER_5_INTR="0"
USER_5_INTR_ID="25"
USER_6_INTR="0"
USER_6_INTR_ID="26"
USER_7_INTR="0"
USER_7_INTR_ID="27"
APBSlave4="0"
CustomInstruction="0"
ATMEXT="0"
CMREXT="0"
FPEXT="1"
FPU="0"
LINUX="0"
ICACHEWAY="1"
DCACHEWAY="1"
CpuCount="1"
ICacheSize="4096"
DCacheSize="4096"
Cache="1"
ICache_EN="1"
DCache_EN="1"
DDR="0"
DDR_AXI4="0"
DDRWidth="128"
DDR_IdWidth="8"
DDRSize="3758096384"
OCRSize="8192"
AXISlave="0"
AXISlaveSize="16777216"
GPIO1_Addr="86016"
GPIO0_Addr="86016"
GPIO1_INT_ID1="15"
GPIO1_INT_ID0="14"
GPIO0_INT_ID1="13"
GPIO0_INT_ID0="1"
GPIO0="1"
GPIO0Width="1"
GPIO1Width="8"
GPIO1="0"
UART0_FIFODEPTH="64"
UART0_INT_ID="2"
UART0_Addr="65536"
IOSize="4096"
UART0_M_Addr="4096"
UART1_M_Addr="8192"
UART2_M_Addr="12288"
SPI0_M_Addr="24576"
SPI1_M_Addr="16384"
SPI2_M_Addr="20480"
I2C0_M_Addr="40960"
I2C1_M_Addr="45056"
I2C2_M_Addr="49152"
GPIO0_M_Addr="53248"
GPIO1_M_Addr="57344"
APBSlave0_M_Addr="1048576"
APBSlave1_M_Addr="2097152"
APBSlave2_M_Addr="3145728"
APBSlave3_M_Addr="4194304"
APBSlave4_M_Addr="5242880"
UART0="1"
UART2_Addr="86016"
UART2="0"
UART1_FIFODEPTH="128"
UART1_INT_ID="2"
UART1_Addr="86016"
UART1="0"
SPI2="0"
SPI2DW="8"
SPI2SS="1"
SPI2_FIFODEPTH="256"
SPI1_INT_ID="5"
SPI1="0"
SPI1DW="8"
SPI1SS="1"
SPI1_FIFODEPTH="256"
SPI0_INT_ID="4"
SPI0_Addr="81920"
SPI0="0"
SPI0DW="8"
SPI0SS="1"
SPI0_FIFODEPTH="256"
I2C2_INT_ID="10"
ADDR_Scheme="0"
I2C2="0"
I2C1_Addr="86016"
I2C1="0"
SPI2_INT_ID="6"
SPI2_Addr="81920"
SPI1_Addr="81920"
I2C0_Addr="86016"
I2C1_INT_ID="9"
I2C0_INT_ID="8"
I2C0="0"
AXIMasterWidth_1="32"
AXIMaster_1="0"
AXIMasterWidth="32"
AXIMaster="1"
USER_TIMER0="0"
USER_TIMER0_CNT_WIDTH="12"
USER_TIMER0_PS_WIDTH="8"
USER_TIMER0_INT_ID="19"
USER_TIMER0_Addr="86016"
USER_TIMER0_M_Addr="61440"
USER_TIMER1="0"
USER_TIMER1_CNT_WIDTH="12"
USER_TIMER1_PS_WIDTH="8"
USER_TIMER1_INT_ID="20"
USER_TIMER1_Addr="86016"
USER_TIMER1_M_Addr="65536"
USER_TIMER2="0"
USER_TIMER2_CNT_WIDTH="12"
USER_TIMER2_PS_WIDTH="8"
USER_TIMER2_INT_ID="21"
USER_TIMER2_Addr="86016"
USER_TIMER2_M_Addr="69632"
WDT0="0"
WDT0_PS_WIDTH="24"
WDT0_TIMER_WIDTH="16"
WDT0_Addr="86016"
WDT0_M_Addr="73728"
WDT0_INT_ID="32"
RAM_OPT="0"
SOC_MODE="1"
MULDIV_EXT="0"
BARREL_SHIFTER="0"
REDUCED_CSR="1"
DDRCLK_DOMAIN="1"
DDR_OPT="1"
SW_REMOVED="0"
[2025-08-08 23:05:24] [INFO    ] [efx_ipmgr.builder] [id-1754687078] [BUILDER_INVOKE_BUILD_COMMAND] stdout: 
[2025-08-08 23:05:24] [INFO    ] [efx_ipmgr.builder] [id-1754687078] [BUILDER_INVOKE_BUILD_COMMAND-DONE] Build Command Execution: Success
[2025-08-08 23:05:24] [DEBUG   ] [efx_ipmgr.builder] [id-1754687078] [BUILDER_RUN] file_name = /home/olle/efinity_p2/BRAM/ip/micro_risc_v1/Tz170J484_devkit/micro_risc_v1
[2025-08-08 23:05:24] [DEBUG   ] [efx_ipmgr.builder] [id-1754687078] [BUILDER_RUN] resolved_name = /home/olle/efinity_p2/BRAM/ip/micro_risc_v1/Tz170J484_devkit/micro_risc_v1
[2025-08-08 23:05:24] [INFO    ] [efx_ipmgr.builder] [id-1754687078] [BUILDER-COPY] Copying file '/home/olle/efinix/efinity/2025.1/ipm/ip/efx_soc/efx_soc/fpga/fpga_tz170/soc.xml' to '/home/olle/efinity_p2/BRAM/ip/micro_risc_v1/Tz170J484_devkit'
[2025-08-08 23:05:24] [INFO    ] [efx_ipmgr.builder] [id-1754687078] [BUILDER-COPY] (('EfxSapphireSoc', 'micro_risc_v1'), ('EfxSapphireSoc_define.vh', 'micro_risc_v1_define.vh'), ('EfxSapphireSoc.v', 'micro_risc_v1.v'))
[2025-08-08 23:05:24] [INFO    ] [efx_ipmgr.builder] [id-1754687078] [BUILDER-COPY] Copying file '/home/olle/efinix/efinity/2025.1/ipm/ip/efx_soc/efx_soc/testbench/MEM_IM.TXT' to '/home/olle/efinity_p2/BRAM/ip/micro_risc_v1/Testbench'
[2025-08-08 23:05:24] [INFO    ] [efx_ipmgr.builder] [id-1754687078] [BUILDER-COPY] (('EfxSapphireSoc', 'micro_risc_v1'), ('EfxSapphireSoc_define.vh', 'micro_risc_v1_define.vh'), ('EfxSapphireSoc.v', 'micro_risc_v1.v'))
[2025-08-08 23:05:24] [INFO    ] [efx_ipmgr.builder] [id-1754687078] [BUILDER-COPY] Copying file '/home/olle/efinix/efinity/2025.1/ipm/ip/efx_soc/efx_soc/testbench/SECSI.TXT' to '/home/olle/efinity_p2/BRAM/ip/micro_risc_v1/Testbench'
[2025-08-08 23:05:24] [INFO    ] [efx_ipmgr.builder] [id-1754687078] [BUILDER-COPY] (('EfxSapphireSoc', 'micro_risc_v1'), ('EfxSapphireSoc_define.vh', 'micro_risc_v1_define.vh'), ('EfxSapphireSoc.v', 'micro_risc_v1.v'))
[2025-08-08 23:05:24] [INFO    ] [efx_ipmgr.builder] [id-1754687078] [BUILDER-COPY] Copying file '/home/olle/efinix/efinity/2025.1/ipm/ip/efx_soc/efx_soc/testbench/SFDP.TXT' to '/home/olle/efinity_p2/BRAM/ip/micro_risc_v1/Testbench'
[2025-08-08 23:05:24] [INFO    ] [efx_ipmgr.builder] [id-1754687078] [BUILDER-COPY] (('EfxSapphireSoc', 'micro_risc_v1'), ('EfxSapphireSoc_define.vh', 'micro_risc_v1_define.vh'), ('EfxSapphireSoc.v', 'micro_risc_v1.v'))
[2025-08-08 23:05:24] [INFO    ] [efx_ipmgr.builder] [id-1754687078] [BUILDER-COPY] Copying file '/home/olle/efinix/efinity/2025.1/ipm/ip/efx_soc/efx_soc/testbench/SREG.TXT' to '/home/olle/efinity_p2/BRAM/ip/micro_risc_v1/Testbench'
[2025-08-08 23:05:24] [INFO    ] [efx_ipmgr.builder] [id-1754687078] [BUILDER-COPY] (('EfxSapphireSoc', 'micro_risc_v1'), ('EfxSapphireSoc_define.vh', 'micro_risc_v1_define.vh'), ('EfxSapphireSoc.v', 'micro_risc_v1.v'))
[2025-08-08 23:05:24] [INFO    ] [efx_ipmgr.builder] [id-1754687078] [BUILDER-COPY] Copying file '/home/olle/efinix/efinity/2025.1/ipm/ip/efx_soc/efx_soc/testbench/README' to '/home/olle/efinity_p2/BRAM/ip/micro_risc_v1/Testbench'
[2025-08-08 23:05:24] [INFO    ] [efx_ipmgr.builder] [id-1754687078] [BUILDER-COPY] (('EfxSapphireSoc', 'micro_risc_v1'), ('EfxSapphireSoc_define.vh', 'micro_risc_v1_define.vh'), ('EfxSapphireSoc.v', 'micro_risc_v1.v'))
[2025-08-08 23:05:24] [INFO    ] [efx_ipmgr.builder] [id-1754687078] [BUILDER-COPY] Copying file '/home/olle/efinix/efinity/2025.1/ipm/ip/efx_soc/efx_soc/testbench/tb_soc.do' to '/home/olle/efinity_p2/BRAM/ip/micro_risc_v1/Testbench'
[2025-08-08 23:05:24] [INFO    ] [efx_ipmgr.builder] [id-1754687078] [BUILDER-COPY] (('EfxSapphireSoc', 'micro_risc_v1'), ('EfxSapphireSoc_define.vh', 'micro_risc_v1_define.vh'), ('EfxSapphireSoc.v', 'micro_risc_v1.v'))
[2025-08-08 23:05:24] [INFO    ] [efx_ipmgr.builder] [id-1754687078] [BUILDER-COPY] Copying file '/home/olle/efinix/efinity/2025.1/ipm/ip/efx_soc/efx_soc/testbench/modelsim.do' to '/home/olle/efinity_p2/BRAM/ip/micro_risc_v1/Testbench'
[2025-08-08 23:05:24] [INFO    ] [efx_ipmgr.builder] [id-1754687078] [BUILDER-COPY] (('EfxSapphireSoc', 'micro_risc_v1'), ('EfxSapphireSoc_define.vh', 'micro_risc_v1_define.vh'), ('EfxSapphireSoc.v', 'micro_risc_v1.v'))
[2025-08-08 23:05:24] [INFO    ] [efx_ipmgr.builder] [id-1754687078] [BUILDER-COPY] Copying file '/home/olle/efinix/efinity/2025.1/ipm/ip/efx_soc/efx_soc/testbench/wave.do' to '/home/olle/efinity_p2/BRAM/ip/micro_risc_v1/Testbench'
[2025-08-08 23:05:24] [INFO    ] [efx_ipmgr.builder] [id-1754687078] [BUILDER-COPY] (('EfxSapphireSoc', 'micro_risc_v1'), ('EfxSapphireSoc_define.vh', 'micro_risc_v1_define.vh'), ('EfxSapphireSoc.v', 'micro_risc_v1.v'))
[2025-08-08 23:05:24] [INFO    ] [efx_ipmgr.builder] [id-1754687078] [BUILDER-COPY] Copying file '/home/olle/efinix/efinity/2025.1/ipm/ip/efx_soc/efx_soc/testbench/aldec.do' to '/home/olle/efinity_p2/BRAM/ip/micro_risc_v1/Testbench'
[2025-08-08 23:05:24] [INFO    ] [efx_ipmgr.builder] [id-1754687078] [BUILDER-COPY] (('EfxSapphireSoc', 'micro_risc_v1'), ('EfxSapphireSoc_define.vh', 'micro_risc_v1_define.vh'), ('EfxSapphireSoc.v', 'micro_risc_v1.v'))
[2025-08-08 23:05:24] [INFO    ] [efx_ipmgr.builder] [id-1754687078] [BUILDER-COPY] Copying file '/home/olle/efinix/efinity/2025.1/ipm/ip/efx_soc/efx_soc/testbench/design_modules.v' to '/home/olle/efinity_p2/BRAM/ip/micro_risc_v1/Testbench'
[2025-08-08 23:05:24] [INFO    ] [efx_ipmgr.builder] [id-1754687078] [BUILDER-COPY] (('EfxSapphireSoc', 'micro_risc_v1'), ('EfxSapphireSoc_define.vh', 'micro_risc_v1_define.vh'), ('EfxSapphireSoc.v', 'micro_risc_v1.v'))
[2025-08-08 23:05:24] [INFO    ] [efx_ipmgr.builder] [id-1754687078] [BUILDER-COPY] Copying file '/home/olle/efinix/efinity/2025.1/ipm/ip/efx_soc/efx_soc/testbench/sim_modules.v' to '/home/olle/efinity_p2/BRAM/ip/micro_risc_v1/Testbench'
[2025-08-08 23:05:24] [INFO    ] [efx_ipmgr.builder] [id-1754687078] [BUILDER-COPY] (('EfxSapphireSoc', 'micro_risc_v1'), ('EfxSapphireSoc_define.vh', 'micro_risc_v1_define.vh'), ('EfxSapphireSoc.v', 'micro_risc_v1.v'))
[2025-08-08 23:05:24] [INFO    ] [efx_ipmgr.builder] [id-1754687078] [BUILDER-COPY] Copying file '/home/olle/efinix/efinity/2025.1/ipm/ip/efx_soc/efx_soc/testbench/W25Q32JVxxIM.v' to '/home/olle/efinity_p2/BRAM/ip/micro_risc_v1/Testbench'
[2025-08-08 23:05:24] [INFO    ] [efx_ipmgr.builder] [id-1754687078] [BUILDER-COPY] (('EfxSapphireSoc', 'micro_risc_v1'), ('EfxSapphireSoc_define.vh', 'micro_risc_v1_define.vh'), ('EfxSapphireSoc.v', 'micro_risc_v1.v'))
[2025-08-08 23:05:24] [INFO    ] [efx_ipmgr.builder] [id-1754687078] [BUILDER-COPY] Copying file '/home/olle/efinity_p2/BRAM/ip/micro_risc_v1/micro_risc_v1.v' to '/home/olle/efinity_p2/BRAM/ip/micro_risc_v1/Testbench'
[2025-08-08 23:05:24] [INFO    ] [efx_ipmgr.builder] [id-1754687078] [BUILDER-COPY] (('EfxSapphireSoc', 'micro_risc_v1'), ('EfxSapphireSoc_define.vh', 'micro_risc_v1_define.vh'), ('EfxSapphireSoc.v', 'micro_risc_v1.v'))
[2025-08-08 23:05:24] [INFO    ] [efx_ipmgr.builder] [id-1754687078] [BUILDER-COPY] Copying file '/home/olle/efinity_p2/BRAM/ip/micro_risc_v1/micro_risc_v1_define.vh' to '/home/olle/efinity_p2/BRAM/ip/micro_risc_v1/Testbench'
[2025-08-08 23:05:24] [INFO    ] [efx_ipmgr.builder] [id-1754687078] [BUILDER-COPY] (('EfxSapphireSoc', 'micro_risc_v1'), ('EfxSapphireSoc_define.vh', 'micro_risc_v1_define.vh'), ('EfxSapphireSoc.v', 'micro_risc_v1.v'))
[2025-08-08 23:05:24] [DEBUG   ] [efx_ipmgr.builder] [id-1754687078] [BUILDER_RUN] command_str = ${EFINITY_PYTHON} ${IP_LIBRARY_ROOT}/efx_soc/efx_soc/testbench/tb_gen.py
[2025-08-08 23:05:24] [DEBUG   ] [efx_ipmgr.builder] [id-1754687078] [BUILDER_RUN] flags_str = --out_path ${IP_OUTPUT_PATH} --gen_name ${IP_GEN_MODULE} --parameters ${IP_USER_PARAMETERS}
[2025-08-08 23:05:24] [DEBUG   ] [efx_ipmgr.builder] [id-1754687078] [BUILDER_RUN] file = {'path': '${IP_GEN_MODULE}1', 'copiedPath': '', 'fileType': 'pythonScript', 'workdir': '', 'isInternal': '', 'isPresent': 'True', 'isPresentDefault': 'True', 'command': '${EFINITY_PYTHON} ${IP_LIBRARY_ROOT}/efx_soc/efx_soc/testbench/tb_gen.py', 'flags': '--out_path ${IP_OUTPUT_PATH} --gen_name ${IP_GEN_MODULE} --parameters ${IP_USER_PARAMETERS}', 'targetName': '', 'name': PosixPath('/home/olle/efinity_p2/BRAM/ip/micro_risc_v1/Testbench/micro_risc_v11')}
[2025-08-08 23:05:24] [INFO    ] [efx_ipmgr.builder] [id-1754687078] [BUILDER_INVOKE_BUILD_COMMAND-BEGIN] Start build_command
[2025-08-08 23:05:24] [INFO    ] [efx_ipmgr.builder] [id-1754687078] [BUILDER_INVOKE_BUILD_COMMAND] CWD=/home/olle/efinity_p2/BRAM/
[2025-08-08 23:05:24] [INFO    ] [efx_ipmgr.builder] [id-1754687078] [BUILDER_INVOKE_BUILD_COMMAND] args: /home/olle/efinix/efinity/2025.1/bin/python3
/home/olle/efinix/efinity/2025.1/ipm/ip/efx_soc/efx_soc/testbench/tb_gen.py
--out_path
/home/olle/efinity_p2/BRAM/ip
--gen_name
micro_risc_v1
--parameters
HexFile_PathEnable="1"
HexFile_Path="embedded_sw/micro_risc_v1/software/standalone/blink_led/build/blink_led.hex"
APBSlave4_Size="65536"
APBSlave3_Size="65536"
APBSlave2_Size="65536"
APBSlave1_Size="65536"
APBSlave0_Size="65536"
DEVKIT_CUSTOM="sapphireBoard_rev0"
LDSize="124"
LDStackSize="4"
DEVKIT="0"
DEBUG="1"
IDE_SEL="0"
RISCV_DEBUG_PRIV="1"
HARD_BREAKPOINT="0"
SOFT_TAP="0"
TAP_MODE="0"
TAP_COUNT="2"
TAP_SEL="8"
Frequency="128"
PeriFrequencyEnable="0"
PeriFrequency="50"
APBSlave0_Addr="1048576"
APBSlave2_Addr="0"
APBSlave4_Addr="0"
UART2_FIFODEPTH="128"
UART2_INT_ID="3"
TEST="0"
APBSlave3_Addr="0"
I2C2_Addr="86016"
Base_AXIS="16777216"
Base_M_AXIS="3774873600"
APBSlave0="0"
Base_IM="4177526784"
APBSlave2="0"
Base_IO="4160749568"
Base_M_IO="4160749568"
Base_EM="4096"
APBSlave1_Addr="0"
APBSlave1="0"
APBSlave3="0"
USER_1_INTR_ID="17"
USER_1_INTR="0"
USER_0_INTR_ID="16"
USER_0_INTR="0"
USER_2_INTR="0"
USER_2_INTR_ID="22"
USER_3_INTR="0"
USER_3_INTR_ID="23"
USER_4_INTR="0"
USER_4_INTR_ID="24"
USER_5_INTR="0"
USER_5_INTR_ID="25"
USER_6_INTR="0"
USER_6_INTR_ID="26"
USER_7_INTR="0"
USER_7_INTR_ID="27"
APBSlave4="0"
CustomInstruction="0"
ATMEXT="0"
CMREXT="0"
FPEXT="1"
FPU="0"
LINUX="0"
ICACHEWAY="1"
DCACHEWAY="1"
CpuCount="1"
ICacheSize="4096"
DCacheSize="4096"
Cache="1"
ICache_EN="1"
DCache_EN="1"
DDR="0"
DDR_AXI4="0"
DDRWidth="128"
DDR_IdWidth="8"
DDRSize="3758096384"
OCRSize="8192"
AXISlave="0"
AXISlaveSize="16777216"
GPIO1_Addr="86016"
GPIO0_Addr="86016"
GPIO1_INT_ID1="15"
GPIO1_INT_ID0="14"
GPIO0_INT_ID1="13"
GPIO0_INT_ID0="1"
GPIO0="1"
GPIO0Width="1"
GPIO1Width="8"
GPIO1="0"
UART0_FIFODEPTH="64"
UART0_INT_ID="2"
UART0_Addr="65536"
IOSize="4096"
UART0_M_Addr="4096"
UART1_M_Addr="8192"
UART2_M_Addr="12288"
SPI0_M_Addr="24576"
SPI1_M_Addr="16384"
SPI2_M_Addr="20480"
I2C0_M_Addr="40960"
I2C1_M_Addr="45056"
I2C2_M_Addr="49152"
GPIO0_M_Addr="53248"
GPIO1_M_Addr="57344"
APBSlave0_M_Addr="1048576"
APBSlave1_M_Addr="2097152"
APBSlave2_M_Addr="3145728"
APBSlave3_M_Addr="4194304"
APBSlave4_M_Addr="5242880"
UART0="1"
UART2_Addr="86016"
UART2="0"
UART1_FIFODEPTH="128"
UART1_INT_ID="2"
UART1_Addr="86016"
UART1="0"
SPI2="0"
SPI2DW="8"
SPI2SS="1"
SPI2_FIFODEPTH="256"
SPI1_INT_ID="5"
SPI1="0"
SPI1DW="8"
SPI1SS="1"
SPI1_FIFODEPTH="256"
SPI0_INT_ID="4"
SPI0_Addr="81920"
SPI0="0"
SPI0DW="8"
SPI0SS="1"
SPI0_FIFODEPTH="256"
I2C2_INT_ID="10"
ADDR_Scheme="0"
I2C2="0"
I2C1_Addr="86016"
I2C1="0"
SPI2_INT_ID="6"
SPI2_Addr="81920"
SPI1_Addr="81920"
I2C0_Addr="86016"
I2C1_INT_ID="9"
I2C0_INT_ID="8"
I2C0="0"
AXIMasterWidth_1="32"
AXIMaster_1="0"
AXIMasterWidth="32"
AXIMaster="1"
USER_TIMER0="0"
USER_TIMER0_CNT_WIDTH="12"
USER_TIMER0_PS_WIDTH="8"
USER_TIMER0_INT_ID="19"
USER_TIMER0_Addr="86016"
USER_TIMER0_M_Addr="61440"
USER_TIMER1="0"
USER_TIMER1_CNT_WIDTH="12"
USER_TIMER1_PS_WIDTH="8"
USER_TIMER1_INT_ID="20"
USER_TIMER1_Addr="86016"
USER_TIMER1_M_Addr="65536"
USER_TIMER2="0"
USER_TIMER2_CNT_WIDTH="12"
USER_TIMER2_PS_WIDTH="8"
USER_TIMER2_INT_ID="21"
USER_TIMER2_Addr="86016"
USER_TIMER2_M_Addr="69632"
WDT0="0"
WDT0_PS_WIDTH="24"
WDT0_TIMER_WIDTH="16"
WDT0_Addr="86016"
WDT0_M_Addr="73728"
WDT0_INT_ID="32"
RAM_OPT="0"
SOC_MODE="1"
MULDIV_EXT="0"
BARREL_SHIFTER="0"
REDUCED_CSR="1"
DDRCLK_DOMAIN="1"
DDR_OPT="1"
SW_REMOVED="0"
[2025-08-08 23:05:24] [INFO    ] [efx_ipmgr.builder] [id-1754687078] [BUILDER_INVOKE_BUILD_COMMAND] stdout: 
[2025-08-08 23:05:24] [INFO    ] [efx_ipmgr.builder] [id-1754687078] [BUILDER_INVOKE_BUILD_COMMAND-DONE] Build Command Execution: Success
[2025-08-08 23:05:24] [DEBUG   ] [efx_ipmgr.builder] [id-1754687078] [BUILDER_RUN] file_name = /home/olle/efinity_p2/BRAM/ip/micro_risc_v1/Testbench/micro_risc_v11
[2025-08-08 23:05:24] [DEBUG   ] [efx_ipmgr.builder] [id-1754687078] [BUILDER_RUN] resolved_name = /home/olle/efinity_p2/BRAM/ip/micro_risc_v1/Testbench/micro_risc_v11
[2025-08-08 23:05:24] [DEBUG   ] [efx_ipmgr.builder] [id-1754687078] [BUILDER_RUN] command_str = ${EFINITY_PYTHON} ${IP_LIBRARY_ROOT}/efx_soc/efx_soc/testbench/soc_gen.py
[2025-08-08 23:05:24] [DEBUG   ] [efx_ipmgr.builder] [id-1754687078] [BUILDER_RUN] flags_str = --out_path ${IP_OUTPUT_PATH} --gen_name ${IP_GEN_MODULE} --parameters ${IP_USER_PARAMETERS}
[2025-08-08 23:05:24] [DEBUG   ] [efx_ipmgr.builder] [id-1754687078] [BUILDER_RUN] file = {'path': '${IP_GEN_MODULE}2', 'copiedPath': '', 'fileType': 'pythonScript', 'workdir': '', 'isInternal': '', 'isPresent': 'True', 'isPresentDefault': 'True', 'command': '${EFINITY_PYTHON} ${IP_LIBRARY_ROOT}/efx_soc/efx_soc/testbench/soc_gen.py', 'flags': '--out_path ${IP_OUTPUT_PATH} --gen_name ${IP_GEN_MODULE} --parameters ${IP_USER_PARAMETERS}', 'targetName': '', 'name': PosixPath('/home/olle/efinity_p2/BRAM/ip/micro_risc_v1/Testbench/micro_risc_v12')}
[2025-08-08 23:05:24] [INFO    ] [efx_ipmgr.builder] [id-1754687078] [BUILDER_INVOKE_BUILD_COMMAND-BEGIN] Start build_command
[2025-08-08 23:05:24] [INFO    ] [efx_ipmgr.builder] [id-1754687078] [BUILDER_INVOKE_BUILD_COMMAND] CWD=/home/olle/efinity_p2/BRAM/
[2025-08-08 23:05:24] [INFO    ] [efx_ipmgr.builder] [id-1754687078] [BUILDER_INVOKE_BUILD_COMMAND] args: /home/olle/efinix/efinity/2025.1/bin/python3
/home/olle/efinix/efinity/2025.1/ipm/ip/efx_soc/efx_soc/testbench/soc_gen.py
--out_path
/home/olle/efinity_p2/BRAM/ip
--gen_name
micro_risc_v1
--parameters
HexFile_PathEnable="1"
HexFile_Path="embedded_sw/micro_risc_v1/software/standalone/blink_led/build/blink_led.hex"
APBSlave4_Size="65536"
APBSlave3_Size="65536"
APBSlave2_Size="65536"
APBSlave1_Size="65536"
APBSlave0_Size="65536"
DEVKIT_CUSTOM="sapphireBoard_rev0"
LDSize="124"
LDStackSize="4"
DEVKIT="0"
DEBUG="1"
IDE_SEL="0"
RISCV_DEBUG_PRIV="1"
HARD_BREAKPOINT="0"
SOFT_TAP="0"
TAP_MODE="0"
TAP_COUNT="2"
TAP_SEL="8"
Frequency="128"
PeriFrequencyEnable="0"
PeriFrequency="50"
APBSlave0_Addr="1048576"
APBSlave2_Addr="0"
APBSlave4_Addr="0"
UART2_FIFODEPTH="128"
UART2_INT_ID="3"
TEST="0"
APBSlave3_Addr="0"
I2C2_Addr="86016"
Base_AXIS="16777216"
Base_M_AXIS="3774873600"
APBSlave0="0"
Base_IM="4177526784"
APBSlave2="0"
Base_IO="4160749568"
Base_M_IO="4160749568"
Base_EM="4096"
APBSlave1_Addr="0"
APBSlave1="0"
APBSlave3="0"
USER_1_INTR_ID="17"
USER_1_INTR="0"
USER_0_INTR_ID="16"
USER_0_INTR="0"
USER_2_INTR="0"
USER_2_INTR_ID="22"
USER_3_INTR="0"
USER_3_INTR_ID="23"
USER_4_INTR="0"
USER_4_INTR_ID="24"
USER_5_INTR="0"
USER_5_INTR_ID="25"
USER_6_INTR="0"
USER_6_INTR_ID="26"
USER_7_INTR="0"
USER_7_INTR_ID="27"
APBSlave4="0"
CustomInstruction="0"
ATMEXT="0"
CMREXT="0"
FPEXT="1"
FPU="0"
LINUX="0"
ICACHEWAY="1"
DCACHEWAY="1"
CpuCount="1"
ICacheSize="4096"
DCacheSize="4096"
Cache="1"
ICache_EN="1"
DCache_EN="1"
DDR="0"
DDR_AXI4="0"
DDRWidth="128"
DDR_IdWidth="8"
DDRSize="3758096384"
OCRSize="8192"
AXISlave="0"
AXISlaveSize="16777216"
GPIO1_Addr="86016"
GPIO0_Addr="86016"
GPIO1_INT_ID1="15"
GPIO1_INT_ID0="14"
GPIO0_INT_ID1="13"
GPIO0_INT_ID0="1"
GPIO0="1"
GPIO0Width="1"
GPIO1Width="8"
GPIO1="0"
UART0_FIFODEPTH="64"
UART0_INT_ID="2"
UART0_Addr="65536"
IOSize="4096"
UART0_M_Addr="4096"
UART1_M_Addr="8192"
UART2_M_Addr="12288"
SPI0_M_Addr="24576"
SPI1_M_Addr="16384"
SPI2_M_Addr="20480"
I2C0_M_Addr="40960"
I2C1_M_Addr="45056"
I2C2_M_Addr="49152"
GPIO0_M_Addr="53248"
GPIO1_M_Addr="57344"
APBSlave0_M_Addr="1048576"
APBSlave1_M_Addr="2097152"
APBSlave2_M_Addr="3145728"
APBSlave3_M_Addr="4194304"
APBSlave4_M_Addr="5242880"
UART0="1"
UART2_Addr="86016"
UART2="0"
UART1_FIFODEPTH="128"
UART1_INT_ID="2"
UART1_Addr="86016"
UART1="0"
SPI2="0"
SPI2DW="8"
SPI2SS="1"
SPI2_FIFODEPTH="256"
SPI1_INT_ID="5"
SPI1="0"
SPI1DW="8"
SPI1SS="1"
SPI1_FIFODEPTH="256"
SPI0_INT_ID="4"
SPI0_Addr="81920"
SPI0="0"
SPI0DW="8"
SPI0SS="1"
SPI0_FIFODEPTH="256"
I2C2_INT_ID="10"
ADDR_Scheme="0"
I2C2="0"
I2C1_Addr="86016"
I2C1="0"
SPI2_INT_ID="6"
SPI2_Addr="81920"
SPI1_Addr="81920"
I2C0_Addr="86016"
I2C1_INT_ID="9"
I2C0_INT_ID="8"
I2C0="0"
AXIMasterWidth_1="32"
AXIMaster_1="0"
AXIMasterWidth="32"
AXIMaster="1"
USER_TIMER0="0"
USER_TIMER0_CNT_WIDTH="12"
USER_TIMER0_PS_WIDTH="8"
USER_TIMER0_INT_ID="19"
USER_TIMER0_Addr="86016"
USER_TIMER0_M_Addr="61440"
USER_TIMER1="0"
USER_TIMER1_CNT_WIDTH="12"
USER_TIMER1_PS_WIDTH="8"
USER_TIMER1_INT_ID="20"
USER_TIMER1_Addr="86016"
USER_TIMER1_M_Addr="65536"
USER_TIMER2="0"
USER_TIMER2_CNT_WIDTH="12"
USER_TIMER2_PS_WIDTH="8"
USER_TIMER2_INT_ID="21"
USER_TIMER2_Addr="86016"
USER_TIMER2_M_Addr="69632"
WDT0="0"
WDT0_PS_WIDTH="24"
WDT0_TIMER_WIDTH="16"
WDT0_Addr="86016"
WDT0_M_Addr="73728"
WDT0_INT_ID="32"
RAM_OPT="0"
SOC_MODE="1"
MULDIV_EXT="0"
BARREL_SHIFTER="0"
REDUCED_CSR="1"
DDRCLK_DOMAIN="1"
DDR_OPT="1"
SW_REMOVED="0"
[2025-08-08 23:05:24] [INFO    ] [efx_ipmgr.builder] [id-1754687078] [BUILDER_INVOKE_BUILD_COMMAND] stdout: 
[2025-08-08 23:05:24] [INFO    ] [efx_ipmgr.builder] [id-1754687078] [BUILDER_INVOKE_BUILD_COMMAND-DONE] Build Command Execution: Success
[2025-08-08 23:05:24] [DEBUG   ] [efx_ipmgr.builder] [id-1754687078] [BUILDER_RUN] file_name = /home/olle/efinity_p2/BRAM/ip/micro_risc_v1/Testbench/micro_risc_v12
[2025-08-08 23:05:24] [DEBUG   ] [efx_ipmgr.builder] [id-1754687078] [BUILDER_RUN] resolved_name = /home/olle/efinity_p2/BRAM/ip/micro_risc_v1/Testbench/micro_risc_v12
[2025-08-08 23:05:28] [INFO    ] [efx_ipmgr.api_v2] [id-1754687078] [GENERATE_PICKLE-BEGIN] Beginning pickle generation to /home/olle/efinity_p2/BRAM/ip/micro_risc_v1/ipm
[2025-08-08 23:05:28] [INFO    ] [efx_ipmgr.api_v2] [id-1754687078] [GENERATE_PICKLE-DONE] Pickle generation success!
[2025-08-08 23:05:28] [INFO    ] [efx_ipmgr.api_v2] [id-1754687078] [GENERATE_IP-DONE] Done Generate IP
[2025-08-08 23:05:28] [INFO    ] [efx_ipmgr.api_v2] [id-1754687078] [JSON_ENCODER] Saved settings.json encoded as = {
    "gen_name": "micro_risc_v1",
    "vlnv": {
        "vendor": "efinixinc.com",
        "library": "soc",
        "name": "efx_soc",
        "version": "3.2.2"
    },
    "sw_version": "2025.1.110.2.15",
    "base_path": "/home/olle/efinity_p2/BRAM/ip",
    "generated_date": "2025-08-08T21:05:28.772370+00:00",
    "params": {
        "HexFile_PathEnable": "1'b1",
        "HexFile_Path": "\"embedded_sw/micro_risc_v1/software/standalone/blink_led/build/blink_led.hex\"",
        "APBSlave0_Size": "65536",
        "DEVKIT_CUSTOM": "\"sapphireBoard_rev0\"",
        "LDSize": "124",
        "LDStackSize": "4",
        "DEVKIT": "0",
        "DEBUG": "1'b1",
        "IDE_SEL": "1'b0",
        "RISCV_DEBUG_PRIV": "1'b1",
        "HARD_BREAKPOINT": "0",
        "SOFT_TAP": "1'b0",
        "TAP_MODE": "1'b0",
        "TAP_COUNT": "2",
        "TAP_SEL": "8",
        "Frequency": "128",
        "PeriFrequencyEnable": "1'b0",
        "PeriFrequency": "50",
        "UART2_FIFODEPTH": "128",
        "UART2_INT_ID": "3",
        "TEST": "1'b0",
        "Base_M_AXIS": "32'd3774873600",
        "APBSlave0": "1'b0",
        "APBSlave2": "1'b0",
        "Base_M_IO": "32'd4160749568",
        "APBSlave1": "1'b0",
        "APBSlave3": "1'b0",
        "USER_1_INTR_ID": "17",
        "USER_1_INTR": "1'b0",
        "USER_0_INTR_ID": "16",
        "USER_0_INTR": "1'b0",
        "USER_2_INTR": "1'b0",
        "USER_2_INTR_ID": "22",
        "USER_3_INTR": "1'b0",
        "USER_3_INTR_ID": "23",
        "USER_4_INTR": "1'b0",
        "USER_4_INTR_ID": "24",
        "USER_5_INTR": "1'b0",
        "USER_5_INTR_ID": "25",
        "USER_6_INTR": "1'b0",
        "USER_6_INTR_ID": "26",
        "USER_7_INTR": "1'b0",
        "USER_7_INTR_ID": "27",
        "APBSlave4": "1'b0",
        "CustomInstruction": "1'b0",
        "ATMEXT": "1'b0",
        "CMREXT": "1'b0",
        "FPEXT": "1'b1",
        "FPU": "1'b0",
        "LINUX": "1'b0",
        "ICACHEWAY": "1",
        "DCACHEWAY": "1",
        "CpuCount": "1",
        "ICacheSize": "4096",
        "DCacheSize": "4096",
        "Cache": "1'b1",
        "ICache_EN": "1'b1",
        "DCache_EN": "1'b1",
        "DDR": "1'b0",
        "DDR_AXI4": "1'b0",
        "DDRWidth": "128",
        "DDR_IdWidth": "8",
        "DDRSize": "32'd3758096384",
        "OCRSize": "8192",
        "AXISlave": "1'b0",
        "AXISlaveSize": "16777216",
        "GPIO1_INT_ID1": "15",
        "GPIO1_INT_ID0": "14",
        "GPIO0_INT_ID1": "13",
        "GPIO0_INT_ID0": "1",
        "GPIO0": "1'b1",
        "GPIO0Width": "1",
        "GPIO1Width": "8",
        "GPIO1": "1'b0",
        "UART0_FIFODEPTH": "64",
        "UART0_INT_ID": "2",
        "UART0_M_Addr": "32'd4096",
        "UART1_M_Addr": "32'd8192",
        "UART2_M_Addr": "32'd12288",
        "SPI0_M_Addr": "32'd24576",
        "SPI1_M_Addr": "32'd16384",
        "SPI2_M_Addr": "32'd20480",
        "I2C0_M_Addr": "32'd40960",
        "I2C1_M_Addr": "32'd45056",
        "I2C2_M_Addr": "32'd49152",
        "GPIO0_M_Addr": "32'd53248",
        "GPIO1_M_Addr": "32'd57344",
        "APBSlave0_M_Addr": "32'd1048576",
        "APBSlave1_M_Addr": "32'd2097152",
        "APBSlave2_M_Addr": "32'd3145728",
        "APBSlave3_M_Addr": "32'd4194304",
        "APBSlave4_M_Addr": "32'd5242880",
        "UART0": "1'b1",
        "UART2": "1'b0",
        "UART1_FIFODEPTH": "128",
        "UART1_INT_ID": "2",
        "UART1": "1'b0",
        "SPI2": "1'b0",
        "SPI2DW": "8",
        "SPI2SS": "1",
        "SPI2_FIFODEPTH": "256",
        "SPI1_INT_ID": "5",
        "SPI1": "1'b0",
        "SPI1DW": "8",
        "SPI1SS": "1",
        "SPI1_FIFODEPTH": "256",
        "SPI0_INT_ID": "4",
        "SPI0": "1'b0",
        "SPI0DW": "8",
        "SPI0SS": "1",
        "SPI0_FIFODEPTH": "256",
        "I2C2_INT_ID": "10",
        "ADDR_Scheme": "1'b0",
        "I2C2": "1'b0",
        "I2C1": "1'b0",
        "SPI2_INT_ID": "6",
        "I2C1_INT_ID": "9",
        "I2C0_INT_ID": "8",
        "I2C0": "1'b0",
        "AXIMasterWidth_1": "32",
        "AXIMaster_1": "1'b0",
        "AXIMasterWidth": "32",
        "AXIMaster": "1'b1",
        "USER_TIMER0": "1'b0",
        "USER_TIMER0_CNT_WIDTH": "12",
        "USER_TIMER0_PS_WIDTH": "8",
        "USER_TIMER0_INT_ID": "19",
        "USER_TIMER0_M_Addr": "32'd61440",
        "USER_TIMER1": "1'b0",
        "USER_TIMER1_CNT_WIDTH": "12",
        "USER_TIMER1_PS_WIDTH": "8",
        "USER_TIMER1_INT_ID": "20",
        "USER_TIMER1_M_Addr": "32'd65536",
        "USER_TIMER2": "1'b0",
        "USER_TIMER2_CNT_WIDTH": "12",
        "USER_TIMER2_PS_WIDTH": "8",
        "USER_TIMER2_INT_ID": "21",
        "USER_TIMER2_M_Addr": "32'd69632",
        "WDT0": "1'b0",
        "WDT0_PS_WIDTH": "24",
        "WDT0_TIMER_WIDTH": "16",
        "WDT0_M_Addr": "32'd73728",
        "WDT0_INT_ID": "32",
        "RAM_OPT": "1'b0",
        "SOC_MODE": "1",
        "MULDIV_EXT": "1'b0",
        "BARREL_SHIFTER": "1'b0",
        "REDUCED_CSR": "1'b1",
        "DDRCLK_DOMAIN": "1",
        "DDR_OPT": "1",
        "SW_REMOVED": "1'b0"
    },
    "output_info": {
        "external_script_generator": [],
        "external_source_source": [
            "micro_risc_v1/micro_risc_v1_tmpl.v",
            "micro_risc_v1/micro_risc_v1.v",
            "micro_risc_v1/micro_risc_v1_define.vh",
            "micro_risc_v1/micro_risc_v1_tmpl.vhd"
        ],
        "external_script_script": [],
        "external_script_embedded_sw": [],
        "external_example_design": [
            "micro_risc_v1/T120F324_devkit/design_modules.v",
            "micro_risc_v1/T120F324_devkit/ddr_reset_sequencer.v",
            "micro_risc_v1/T120F324_devkit/soc.hex",
            "micro_risc_v1/T120F324_devkit/micro_risc_v1.v",
            "micro_risc_v1/T120F324_devkit/micro_risc_v1_define.vh",
            "micro_risc_v1/T120F324_devkit/soc.xml"
        ],
        "external_example_design_ti": [
            "micro_risc_v1/Ti60F225_devkit/design_modules.v",
            "micro_risc_v1/Ti60F225_devkit/hbram_top.v",
            "micro_risc_v1/Ti60F225_devkit/hbram_top_define.vh",
            "micro_risc_v1/Ti60F225_devkit/soc.hex",
            "micro_risc_v1/Ti60F225_devkit/micro_risc_v1.v",
            "micro_risc_v1/Ti60F225_devkit/micro_risc_v1_define.vh",
            "micro_risc_v1/Ti60F225_devkit/soc.xml"
        ],
        "external_example_design_ti180": [
            "micro_risc_v1/Ti180J484_devkit/design_modules.v",
            "micro_risc_v1/Ti180J484_devkit/micro_risc_v1.v",
            "micro_risc_v1/Ti180J484_devkit/micro_risc_v1_define.vh",
            "micro_risc_v1/Ti180J484_devkit/soc.xml"
        ],
        "external_example_design_tz170": [
            "micro_risc_v1/Tz170J484_devkit/design_modules.v",
            "micro_risc_v1/Tz170J484_devkit/micro_risc_v1.v",
            "micro_risc_v1/Tz170J484_devkit/micro_risc_v1_define.vh",
            "micro_risc_v1/Tz170J484_devkit/soc.xml"
        ],
        "external_testbench_testbench": [
            "micro_risc_v1/Testbench/MEM_IM.TXT",
            "micro_risc_v1/Testbench/SECSI.TXT",
            "micro_risc_v1/Testbench/SFDP.TXT",
            "micro_risc_v1/Testbench/SREG.TXT",
            "micro_risc_v1/Testbench/README",
            "micro_risc_v1/Testbench/tb_soc.do",
            "micro_risc_v1/Testbench/modelsim.do",
            "micro_risc_v1/Testbench/wave.do",
            "micro_risc_v1/Testbench/aldec.do",
            "micro_risc_v1/Testbench/design_modules.v",
            "micro_risc_v1/Testbench/sim_modules.v",
            "micro_risc_v1/Testbench/W25Q32JVxxIM.v",
            "micro_risc_v1/Testbench/micro_risc_v1.v",
            "micro_risc_v1/Testbench/micro_risc_v1_define.vh"
        ],
        "external_testbench_modelsim": [
            "micro_risc_v1/Testbench/modelsim/micro_risc_v1.v"
        ],
        "external_testbench_aldec": [
            "micro_risc_v1/Testbench/aldec/micro_risc_v1.v"
        ],
        "external_testbench_ncsim": [
            "micro_risc_v1/Testbench/ncsim/micro_risc_v1.v"
        ],
        "external_testbench_synopsys": [
            "micro_risc_v1/Testbench/synopsys/micro_risc_v1.v"
        ]
    },
    "ooc_synthesis": {}
}
[2025-08-08 23:05:28] [INFO    ] [gui.api_wrapper] [id-1754687078] [GENERATE-AFTER] Generated external script generator successfully
[2025-08-08 23:05:28] [INFO    ] [gui.api_wrapper] [id-1754687078] [GENERATE-AFTER] Generated external source source successfully
[2025-08-08 23:05:28] [INFO    ] [gui.api_wrapper] [id-1754687078] [GENERATE-AFTER] Generated external script script successfully
[2025-08-08 23:05:28] [INFO    ] [gui.api_wrapper] [id-1754687078] [GENERATE-AFTER] Generated external script embedded sw successfully
[2025-08-08 23:05:28] [INFO    ] [gui.api_wrapper] [id-1754687078] [GENERATE-AFTER] Generated external example design successfully
[2025-08-08 23:05:28] [INFO    ] [gui.api_wrapper] [id-1754687078] [GENERATE-AFTER] Generated external example design ti successfully
[2025-08-08 23:05:28] [INFO    ] [gui.api_wrapper] [id-1754687078] [GENERATE-AFTER] Generated external example design ti180 successfully
[2025-08-08 23:05:28] [INFO    ] [gui.api_wrapper] [id-1754687078] [GENERATE-AFTER] Generated external example design tz170 successfully
[2025-08-08 23:05:28] [INFO    ] [gui.api_wrapper] [id-1754687078] [GENERATE-AFTER] Generated external testbench testbench successfully
[2025-08-08 23:05:28] [INFO    ] [gui.api_wrapper] [id-1754687078] [GENERATE-AFTER] Generated external testbench modelsim successfully
[2025-08-08 23:05:28] [INFO    ] [gui.api_wrapper] [id-1754687078] [GENERATE-AFTER] Generated external testbench aldec successfully
[2025-08-08 23:05:28] [INFO    ] [gui.api_wrapper] [id-1754687078] [GENERATE-AFTER] Generated external testbench ncsim successfully
[2025-08-08 23:05:28] [INFO    ] [gui.api_wrapper] [id-1754687078] [GENERATE-AFTER] Generated external testbench synopsys successfully
[2025-08-08 23:05:28] [INFO    ] [gui.ip_config_window] [id-1754687078] [IP-CONFIG-GENERATE-DONE] Result returned from GenerateIpRunnable..
[2025-08-08 23:05:28] [INFO    ] [gui.ip_config_window] [id-1754687078] [IP-CONFIG-GENERATE-DONE] Generate status: Success
[2025-08-08 23:05:28] [INFO    ] [gui.ip_config_window] [id-1754687078] [IP-CONFIG-GENERATE-STOP] IP Generation thread finished run
[2025-08-08 23:05:37] [INFO    ] [gui.ip_config_window] [id-1754687078] [IP-CONFIG-STOP] IP Config Window has closed
[2025-08-08 23:05:37] [INFO    ] [common.efinity_grpc_watcher] [id-1754687078] [WATCHER-STOP-BEGIN] Stopping Efinity grpc watch...
[2025-08-08 23:05:37] [INFO    ] [common.efinity_grpc_watcher] [id-1754687078] [WATCHER-STOP-DONE] Efinity grpc watch stopped
[2025-08-08 23:05:37] [INFO    ] [common.efinity_grpc_watcher] [id-1754687078] [WATCHER-RUN] Cancelling ping stream as ipm is closing.
[2025-08-08 23:05:37] [INFO    ] [common.console] [id-1754687078] [CONSOLE-STOP] Exec Stop Process thread = <PyQt6.QtCore.QThread object at 0x7c75923cbb50>
[2025-08-08 23:05:37] [INFO    ] [common.console] [id-1754687078] [CONSOLE-STOP] Console message consumer thread stops.
[2025-08-08 23:05:38] [INFO    ] [common.console] [id-1754687078] [CONSOLE-DISCONNECTED] Consumer_obj disconnected on finish
[2025-08-08 23:22:22] [INFO    ] [common.console] [id-1754688140] ----------------------------NEW SESSION STARTING------------------------------
[2025-08-08 23:22:22] [INFO    ] [common.console] [id-1754688140] [CONSOLE-START] Console message consumer thread starts...
[2025-08-08 23:22:22] [INFO    ] [common.console] [id-1754688140] [CONSOLE-START] Exec Start Process thread = <PyQt6.QtCore.QThread object at 0x7885c03dfb50>
[2025-08-08 23:22:22] [INFO    ] [__main__] [id-1754688140] [MAIN-BEGIN] IP Manager has started running
[2025-08-08 23:22:22] [INFO    ] [gui.api_wrapper] [id-1754688140] [GET_SETTINGS_JSON-BEGIN] Getting parsed settings json...
[2025-08-08 23:22:22] [INFO    ] [efx_ipmgr.api_v2] [id-1754688140] [JSON_DECODER-DONE] Decoding done
[2025-08-08 23:22:22] [INFO    ] [gui.ip_config_window] [id-1754688140] [IP-CONFIG-START-BEGIN] Initializing IP Config Window...
[2025-08-08 23:22:22] [INFO    ] [gui.api_wrapper] [id-1754688140] [GET_SETTINGS_JSON] IP Gen dict = {
    "gen_name": "micro_risc_v1",
    "vlnv": {
        "vendor": "efinixinc.com",
        "library": "soc",
        "name": "efx_soc",
        "version": "3.2.2"
    },
    "sw_version": "2025.1.110.2.15",
    "base_path": "/home/olle/efinity_p2/BRAM/ip",
    "generated_date": "2025-08-08T21:05:28.772370+00:00",
    "params": {
        "HexFile_PathEnable": "1'b1",
        "HexFile_Path": "\"embedded_sw/micro_risc_v1/software/standalone/blink_led/build/blink_led.hex\"",
        "APBSlave0_Size": "65536",
        "DEVKIT_CUSTOM": "\"sapphireBoard_rev0\"",
        "LDSize": "124",
        "LDStackSize": "4",
        "DEVKIT": "0",
        "DEBUG": "1'b1",
        "IDE_SEL": "1'b0",
        "RISCV_DEBUG_PRIV": "1'b1",
        "HARD_BREAKPOINT": "0",
        "SOFT_TAP": "1'b0",
        "TAP_MODE": "1'b0",
        "TAP_COUNT": "2",
        "TAP_SEL": "8",
        "Frequency": "128",
        "PeriFrequencyEnable": "1'b0",
        "PeriFrequency": "50",
        "UART2_FIFODEPTH": "128",
        "UART2_INT_ID": "3",
        "TEST": "1'b0",
        "Base_M_AXIS": "32'd3774873600",
        "APBSlave0": "1'b0",
        "APBSlave2": "1'b0",
        "Base_M_IO": "32'd4160749568",
        "APBSlave1": "1'b0",
        "APBSlave3": "1'b0",
        "USER_1_INTR_ID": "17",
        "USER_1_INTR": "1'b0",
        "USER_0_INTR_ID": "16",
        "USER_0_INTR": "1'b0",
        "USER_2_INTR": "1'b0",
        "USER_2_INTR_ID": "22",
        "USER_3_INTR": "1'b0",
        "USER_3_INTR_ID": "23",
        "USER_4_INTR": "1'b0",
        "USER_4_INTR_ID": "24",
        "USER_5_INTR": "1'b0",
        "USER_5_INTR_ID": "25",
        "USER_6_INTR": "1'b0",
        "USER_6_INTR_ID": "26",
        "USER_7_INTR": "1'b0",
        "USER_7_INTR_ID": "27",
        "APBSlave4": "1'b0",
        "CustomInstruction": "1'b0",
        "ATMEXT": "1'b0",
        "CMREXT": "1'b0",
        "FPEXT": "1'b1",
        "FPU": "1'b0",
        "LINUX": "1'b0",
        "ICACHEWAY": "1",
        "DCACHEWAY": "1",
        "CpuCount": "1",
        "ICacheSize": "4096",
        "DCacheSize": "4096",
        "Cache": "1'b1",
        "ICache_EN": "1'b1",
        "DCache_EN": "1'b1",
        "DDR": "1'b0",
        "DDR_AXI4": "1'b0",
        "DDRWidth": "128",
        "DDR_IdWidth": "8",
        "DDRSize": "32'd3758096384",
        "OCRSize": "8192",
        "AXISlave": "1'b0",
        "AXISlaveSize": "16777216",
        "GPIO1_INT_ID1": "15",
        "GPIO1_INT_ID0": "14",
        "GPIO0_INT_ID1": "13",
        "GPIO0_INT_ID0": "1",
        "GPIO0": "1'b1",
        "GPIO0Width": "1",
        "GPIO1Width": "8",
        "GPIO1": "1'b0",
        "UART0_FIFODEPTH": "64",
        "UART0_INT_ID": "2",
        "UART0_M_Addr": "32'd4096",
        "UART1_M_Addr": "32'd8192",
        "UART2_M_Addr": "32'd12288",
        "SPI0_M_Addr": "32'd24576",
        "SPI1_M_Addr": "32'd16384",
        "SPI2_M_Addr": "32'd20480",
        "I2C0_M_Addr": "32'd40960",
        "I2C1_M_Addr": "32'd45056",
        "I2C2_M_Addr": "32'd49152",
        "GPIO0_M_Addr": "32'd53248",
        "GPIO1_M_Addr": "32'd57344",
        "APBSlave0_M_Addr": "32'd1048576",
        "APBSlave1_M_Addr": "32'd2097152",
        "APBSlave2_M_Addr": "32'd3145728",
        "APBSlave3_M_Addr": "32'd4194304",
        "APBSlave4_M_Addr": "32'd5242880",
        "UART0": "1'b1",
        "UART2": "1'b0",
        "UART1_FIFODEPTH": "128",
        "UART1_INT_ID": "2",
        "UART1": "1'b0",
        "SPI2": "1'b0",
        "SPI2DW": "8",
        "SPI2SS": "1",
        "SPI2_FIFODEPTH": "256",
        "SPI1_INT_ID": "5",
        "SPI1": "1'b0",
        "SPI1DW": "8",
        "SPI1SS": "1",
        "SPI1_FIFODEPTH": "256",
        "SPI0_INT_ID": "4",
        "SPI0": "1'b0",
        "SPI0DW": "8",
        "SPI0SS": "1",
        "SPI0_FIFODEPTH": "256",
        "I2C2_INT_ID": "10",
        "ADDR_Scheme": "1'b0",
        "I2C2": "1'b0",
        "I2C1": "1'b0",
        "SPI2_INT_ID": "6",
        "I2C1_INT_ID": "9",
        "I2C0_INT_ID": "8",
        "I2C0": "1'b0",
        "AXIMasterWidth_1": "32",
        "AXIMaster_1": "1'b0",
        "AXIMasterWidth": "32",
        "AXIMaster": "1'b1",
        "USER_TIMER0": "1'b0",
        "USER_TIMER0_CNT_WIDTH": "12",
        "USER_TIMER0_PS_WIDTH": "8",
        "USER_TIMER0_INT_ID": "19",
        "USER_TIMER0_M_Addr": "32'd61440",
        "USER_TIMER1": "1'b0",
        "USER_TIMER1_CNT_WIDTH": "12",
        "USER_TIMER1_PS_WIDTH": "8",
        "USER_TIMER1_INT_ID": "20",
        "USER_TIMER1_M_Addr": "32'd65536",
        "USER_TIMER2": "1'b0",
        "USER_TIMER2_CNT_WIDTH": "12",
        "USER_TIMER2_PS_WIDTH": "8",
        "USER_TIMER2_INT_ID": "21",
        "USER_TIMER2_M_Addr": "32'd69632",
        "WDT0": "1'b0",
        "WDT0_PS_WIDTH": "24",
        "WDT0_TIMER_WIDTH": "16",
        "WDT0_M_Addr": "32'd73728",
        "WDT0_INT_ID": "32",
        "RAM_OPT": "1'b0",
        "SOC_MODE": "1",
        "MULDIV_EXT": "1'b0",
        "BARREL_SHIFTER": "1'b0",
        "REDUCED_CSR": "1'b1",
        "DDRCLK_DOMAIN": "1",
        "DDR_OPT": "1",
        "SW_REMOVED": "1'b0"
    },
    "output_info": {
        "external_script_generator": [],
        "external_source_source": [
            "micro_risc_v1/micro_risc_v1_tmpl.v",
            "micro_risc_v1/micro_risc_v1.v",
            "micro_risc_v1/micro_risc_v1_define.vh",
            "micro_risc_v1/micro_risc_v1_tmpl.vhd"
        ],
        "external_script_script": [],
        "external_script_embedded_sw": [],
        "external_example_design": [
            "micro_risc_v1/T120F324_devkit/design_modules.v",
            "micro_risc_v1/T120F324_devkit/ddr_reset_sequencer.v",
            "micro_risc_v1/T120F324_devkit/soc.hex",
            "micro_risc_v1/T120F324_devkit/micro_risc_v1.v",
            "micro_risc_v1/T120F324_devkit/micro_risc_v1_define.vh",
            "micro_risc_v1/T120F324_devkit/soc.xml"
        ],
        "external_example_design_ti": [
            "micro_risc_v1/Ti60F225_devkit/design_modules.v",
            "micro_risc_v1/Ti60F225_devkit/hbram_top.v",
            "micro_risc_v1/Ti60F225_devkit/hbram_top_define.vh",
            "micro_risc_v1/Ti60F225_devkit/soc.hex",
            "micro_risc_v1/Ti60F225_devkit/micro_risc_v1.v",
            "micro_risc_v1/Ti60F225_devkit/micro_risc_v1_define.vh",
            "micro_risc_v1/Ti60F225_devkit/soc.xml"
        ],
        "external_example_design_ti180": [
            "micro_risc_v1/Ti180J484_devkit/design_modules.v",
            "micro_risc_v1/Ti180J484_devkit/micro_risc_v1.v",
            "micro_risc_v1/Ti180J484_devkit/micro_risc_v1_define.vh",
            "micro_risc_v1/Ti180J484_devkit/soc.xml"
        ],
        "external_example_design_tz170": [
            "micro_risc_v1/Tz170J484_devkit/design_modules.v",
            "micro_risc_v1/Tz170J484_devkit/micro_risc_v1.v",
            "micro_risc_v1/Tz170J484_devkit/micro_risc_v1_define.vh",
            "micro_risc_v1/Tz170J484_devkit/soc.xml"
        ],
        "external_testbench_testbench": [
            "micro_risc_v1/Testbench/MEM_IM.TXT",
            "micro_risc_v1/Testbench/SECSI.TXT",
            "micro_risc_v1/Testbench/SFDP.TXT",
            "micro_risc_v1/Testbench/SREG.TXT",
            "micro_risc_v1/Testbench/README",
            "micro_risc_v1/Testbench/tb_soc.do",
            "micro_risc_v1/Testbench/modelsim.do",
            "micro_risc_v1/Testbench/wave.do",
            "micro_risc_v1/Testbench/aldec.do",
            "micro_risc_v1/Testbench/design_modules.v",
            "micro_risc_v1/Testbench/sim_modules.v",
            "micro_risc_v1/Testbench/W25Q32JVxxIM.v",
            "micro_risc_v1/Testbench/micro_risc_v1.v",
            "micro_risc_v1/Testbench/micro_risc_v1_define.vh"
        ],
        "external_testbench_modelsim": [
            "micro_risc_v1/Testbench/modelsim/micro_risc_v1.v"
        ],
        "external_testbench_aldec": [
            "micro_risc_v1/Testbench/aldec/micro_risc_v1.v"
        ],
        "external_testbench_ncsim": [
            "micro_risc_v1/Testbench/ncsim/micro_risc_v1.v"
        ],
        "external_testbench_synopsys": [
            "micro_risc_v1/Testbench/synopsys/micro_risc_v1.v"
        ]
    },
    "ooc_synthesis": {}
}
[2025-08-08 23:22:22] [INFO    ] [gui.api_wrapper] [id-1754688140] [GET_SETTINGS_JSON-DONE] Successfully parsed settings_json
[2025-08-08 23:22:22] [INFO    ] [common.efinity_grpc_watcher] [id-1754688140] [WATCHER-START-BEGIN] Efinity grpc start monitoring
[2025-08-08 23:22:22] [INFO    ] [efx_ipmgr.api_v2] [id-1754688140] [LOAD_IP-BEGIN] Starting load IP
[2025-08-08 23:22:22] [INFO    ] [efx_ipmgr.api_v2] [id-1754688140] [PICKLE_LOAD-BEGIN] using pickle to load...
[2025-08-08 23:22:23] [INFO    ] [efx_ipmgr.api_v2] [id-1754688140] [PICKLE_LOAD-DONE] Loading with pickle done.
[2025-08-08 23:22:23] [INFO    ] [efx_ipmgr.api_v2] [id-1754688140] [LOAD_IP-DONE] Starting load IP
[2025-08-08 23:22:23] [INFO    ] [gui.api_wrapper] [id-1754688140] [GET_IP_DOCUMENTATION-BEGIN] Getting IP documentation...
[2025-08-08 23:22:23] [INFO    ] [efx_ipmgr.api_v2] [id-1754688140] [GET_IP_DOCUMENTATION] IP Documentation Link: file://${IP_LIBRARY_ROOT}/efx_soc/efx_soc/ipm/doc/topics/hlp-sapphire-soc.html
[2025-08-08 23:22:23] [INFO    ] [efx_ipmgr.api_v2] [id-1754688140] [GET_IP_DOCUMENTATION] Resolved ip documentation uri: /home/olle/efinix/efinity/2025.1/ipm/ip/efx_soc/efx_soc/ipm/doc/topics/hlp-sapphire-soc.html
[2025-08-08 23:22:23] [INFO    ] [gui.api_wrapper] [id-1754688140] [GET_IP_DOCUMENTATION-DONE] IP documentation location successfully loaded
[2025-08-08 23:22:23] [INFO    ] [gui.api_wrapper] [id-1754688140] [GET_PARAMS-BEGIN] Getting IP params...
[2025-08-08 23:22:23] [INFO    ] [gui.api_wrapper] [id-1754688140] [GET_PARAMS-DONE] Choices and params obtained
[2025-08-08 23:22:24] [INFO    ] [gui.ip_config_window] [id-1754688140] [IP-CONFIG-SETUP-PARAMS-BEGIN] Setting up params...
[2025-08-08 23:22:24] [INFO    ] [gui.ip_config_window] [id-1754688140] [IP-CONFIG-SETUP-PARAMS-DONE] Param setup done.
[2025-08-08 23:22:24] [INFO    ] [gui.api_wrapper] [id-1754688140] [GET_FILESETS-BEGIN] Getting ip filesets...
[2025-08-08 23:22:24] [INFO    ] [gui.api_wrapper] [id-1754688140] [GET_FILESETS] IP filesets successfully obtained
[2025-08-08 23:22:24] [INFO    ] [gui.api_wrapper] [id-1754688140] [GET_FILESETS] Cross checking with compulsory table.
[2025-08-08 23:22:24] [INFO    ] [gui.api_wrapper] [id-1754688140] [GET_FILESETS-DONE] GUI Filesets obtained.
[2025-08-08 23:22:24] [INFO    ] [gui.api_wrapper] [id-1754688140] [GET_CONFIG_TEMPLATE-BEGIN] Getting config_template.json file...
[2025-08-08 23:22:24] [INFO    ] [efx_ipmgr.api_v2] [id-1754688140] [GET_IP_GUI_TEMPLATE] GUI Template Link: file://${IP_LIBRARY_ROOT}/efx_soc/efx_soc/ipm/gui/config_template.json
[2025-08-08 23:22:24] [INFO    ] [efx_ipmgr.api_v2] [id-1754688140] [GET_IP_GUI_TEMPLATE] Resolved gui template uri: /home/olle/efinix/efinity/2025.1/ipm/ip/efx_soc/efx_soc/ipm/gui/config_template.json
[2025-08-08 23:22:24] [INFO    ] [gui.api_wrapper] [id-1754688140] [GET_CONFIG_TEMPLATE] UI Path obtained. Loading json file...
[2025-08-08 23:22:24] [INFO    ] [gui.api_wrapper] [id-1754688140] [GET_CONFIG_TEMPLATE-DONE] Config_template.json file successfully loaded.
[2025-08-08 23:22:24] [INFO    ] [gui.ip_config_window] [id-1754688140] [IP-CONFIG-SETUP-BLOCK-DIAGRAM-BEGIN] Setting up block diagram viewer...
[2025-08-08 23:22:24] [INFO    ] [gui.ip_config_window] [id-1754688140] [IP-CONFIG-SETUP-BLOCK-DIAGRAM-DONE] Block diagram viewer set up.
[2025-08-08 23:22:24] [INFO    ] [gui.ip_config_window] [id-1754688140] [IP-CONFIG-START-DONE] IP Config Window initialized
[2025-08-08 23:22:43] [INFO    ] [gui.ip_config_window] [id-1754688140] [IP-CONFIG-STOP] IP Config Window has closed
[2025-08-08 23:22:43] [INFO    ] [common.efinity_grpc_watcher] [id-1754688140] [WATCHER-STOP-BEGIN] Stopping Efinity grpc watch...
[2025-08-08 23:22:43] [INFO    ] [common.efinity_grpc_watcher] [id-1754688140] [WATCHER-STOP-DONE] Efinity grpc watch stopped
[2025-08-08 23:22:43] [INFO    ] [common.efinity_grpc_watcher] [id-1754688140] [WATCHER-RUN] Cancelling ping stream as ipm is closing.
[2025-08-08 23:22:43] [INFO    ] [common.console] [id-1754688140] [CONSOLE-STOP] Exec Stop Process thread = <PyQt6.QtCore.QThread object at 0x7885c03dfb50>
[2025-08-08 23:22:43] [INFO    ] [common.console] [id-1754688140] [CONSOLE-STOP] Console message consumer thread stops.
[2025-08-08 23:22:44] [INFO    ] [common.console] [id-1754688140] [CONSOLE-DISCONNECTED] Consumer_obj disconnected on finish
[2025-08-08 23:22:44] [INFO    ] [common.console] [id-1754688140] [CONSOLE-CLEANUP] Consumer_thread cleanup done
[2025-08-08 23:22:50] [INFO    ] [common.console] [id-1754688167] ----------------------------NEW SESSION STARTING------------------------------
[2025-08-08 23:22:50] [INFO    ] [common.console] [id-1754688167] [CONSOLE-START] Console message consumer thread starts...
[2025-08-08 23:22:50] [INFO    ] [common.console] [id-1754688167] [CONSOLE-START] Exec Start Process thread = <PyQt6.QtCore.QThread object at 0x73b38a7d7b50>
[2025-08-08 23:22:50] [INFO    ] [__main__] [id-1754688167] [MAIN-BEGIN] IP Manager has started running
[2025-08-08 23:22:50] [INFO    ] [gui.api_wrapper] [id-1754688167] [GET_SETTINGS_JSON-BEGIN] Getting parsed settings json...
[2025-08-08 23:22:50] [INFO    ] [efx_ipmgr.api_v2] [id-1754688167] [JSON_DECODER-DONE] Decoding done
[2025-08-08 23:22:50] [INFO    ] [gui.ip_config_window] [id-1754688167] [IP-CONFIG-START-BEGIN] Initializing IP Config Window...
[2025-08-08 23:22:50] [INFO    ] [gui.api_wrapper] [id-1754688167] [GET_SETTINGS_JSON] IP Gen dict = {
    "gen_name": "micro_risc_v1",
    "vlnv": {
        "vendor": "efinixinc.com",
        "library": "soc",
        "name": "efx_soc",
        "version": "3.2.2"
    },
    "sw_version": "2025.1.110.2.15",
    "base_path": "/home/olle/efinity_p2/BRAM/ip",
    "generated_date": "2025-08-08T21:05:28.772370+00:00",
    "params": {
        "HexFile_PathEnable": "1'b1",
        "HexFile_Path": "\"embedded_sw/micro_risc_v1/software/standalone/blink_led/build/blink_led.hex\"",
        "APBSlave0_Size": "65536",
        "DEVKIT_CUSTOM": "\"sapphireBoard_rev0\"",
        "LDSize": "124",
        "LDStackSize": "4",
        "DEVKIT": "0",
        "DEBUG": "1'b1",
        "IDE_SEL": "1'b0",
        "RISCV_DEBUG_PRIV": "1'b1",
        "HARD_BREAKPOINT": "0",
        "SOFT_TAP": "1'b0",
        "TAP_MODE": "1'b0",
        "TAP_COUNT": "2",
        "TAP_SEL": "8",
        "Frequency": "128",
        "PeriFrequencyEnable": "1'b0",
        "PeriFrequency": "50",
        "UART2_FIFODEPTH": "128",
        "UART2_INT_ID": "3",
        "TEST": "1'b0",
        "Base_M_AXIS": "32'd3774873600",
        "APBSlave0": "1'b0",
        "APBSlave2": "1'b0",
        "Base_M_IO": "32'd4160749568",
        "APBSlave1": "1'b0",
        "APBSlave3": "1'b0",
        "USER_1_INTR_ID": "17",
        "USER_1_INTR": "1'b0",
        "USER_0_INTR_ID": "16",
        "USER_0_INTR": "1'b0",
        "USER_2_INTR": "1'b0",
        "USER_2_INTR_ID": "22",
        "USER_3_INTR": "1'b0",
        "USER_3_INTR_ID": "23",
        "USER_4_INTR": "1'b0",
        "USER_4_INTR_ID": "24",
        "USER_5_INTR": "1'b0",
        "USER_5_INTR_ID": "25",
        "USER_6_INTR": "1'b0",
        "USER_6_INTR_ID": "26",
        "USER_7_INTR": "1'b0",
        "USER_7_INTR_ID": "27",
        "APBSlave4": "1'b0",
        "CustomInstruction": "1'b0",
        "ATMEXT": "1'b0",
        "CMREXT": "1'b0",
        "FPEXT": "1'b1",
        "FPU": "1'b0",
        "LINUX": "1'b0",
        "ICACHEWAY": "1",
        "DCACHEWAY": "1",
        "CpuCount": "1",
        "ICacheSize": "4096",
        "DCacheSize": "4096",
        "Cache": "1'b1",
        "ICache_EN": "1'b1",
        "DCache_EN": "1'b1",
        "DDR": "1'b0",
        "DDR_AXI4": "1'b0",
        "DDRWidth": "128",
        "DDR_IdWidth": "8",
        "DDRSize": "32'd3758096384",
        "OCRSize": "8192",
        "AXISlave": "1'b0",
        "AXISlaveSize": "16777216",
        "GPIO1_INT_ID1": "15",
        "GPIO1_INT_ID0": "14",
        "GPIO0_INT_ID1": "13",
        "GPIO0_INT_ID0": "1",
        "GPIO0": "1'b1",
        "GPIO0Width": "1",
        "GPIO1Width": "8",
        "GPIO1": "1'b0",
        "UART0_FIFODEPTH": "64",
        "UART0_INT_ID": "2",
        "UART0_M_Addr": "32'd4096",
        "UART1_M_Addr": "32'd8192",
        "UART2_M_Addr": "32'd12288",
        "SPI0_M_Addr": "32'd24576",
        "SPI1_M_Addr": "32'd16384",
        "SPI2_M_Addr": "32'd20480",
        "I2C0_M_Addr": "32'd40960",
        "I2C1_M_Addr": "32'd45056",
        "I2C2_M_Addr": "32'd49152",
        "GPIO0_M_Addr": "32'd53248",
        "GPIO1_M_Addr": "32'd57344",
        "APBSlave0_M_Addr": "32'd1048576",
        "APBSlave1_M_Addr": "32'd2097152",
        "APBSlave2_M_Addr": "32'd3145728",
        "APBSlave3_M_Addr": "32'd4194304",
        "APBSlave4_M_Addr": "32'd5242880",
        "UART0": "1'b1",
        "UART2": "1'b0",
        "UART1_FIFODEPTH": "128",
        "UART1_INT_ID": "2",
        "UART1": "1'b0",
        "SPI2": "1'b0",
        "SPI2DW": "8",
        "SPI2SS": "1",
        "SPI2_FIFODEPTH": "256",
        "SPI1_INT_ID": "5",
        "SPI1": "1'b0",
        "SPI1DW": "8",
        "SPI1SS": "1",
        "SPI1_FIFODEPTH": "256",
        "SPI0_INT_ID": "4",
        "SPI0": "1'b0",
        "SPI0DW": "8",
        "SPI0SS": "1",
        "SPI0_FIFODEPTH": "256",
        "I2C2_INT_ID": "10",
        "ADDR_Scheme": "1'b0",
        "I2C2": "1'b0",
        "I2C1": "1'b0",
        "SPI2_INT_ID": "6",
        "I2C1_INT_ID": "9",
        "I2C0_INT_ID": "8",
        "I2C0": "1'b0",
        "AXIMasterWidth_1": "32",
        "AXIMaster_1": "1'b0",
        "AXIMasterWidth": "32",
        "AXIMaster": "1'b1",
        "USER_TIMER0": "1'b0",
        "USER_TIMER0_CNT_WIDTH": "12",
        "USER_TIMER0_PS_WIDTH": "8",
        "USER_TIMER0_INT_ID": "19",
        "USER_TIMER0_M_Addr": "32'd61440",
        "USER_TIMER1": "1'b0",
        "USER_TIMER1_CNT_WIDTH": "12",
        "USER_TIMER1_PS_WIDTH": "8",
        "USER_TIMER1_INT_ID": "20",
        "USER_TIMER1_M_Addr": "32'd65536",
        "USER_TIMER2": "1'b0",
        "USER_TIMER2_CNT_WIDTH": "12",
        "USER_TIMER2_PS_WIDTH": "8",
        "USER_TIMER2_INT_ID": "21",
        "USER_TIMER2_M_Addr": "32'd69632",
        "WDT0": "1'b0",
        "WDT0_PS_WIDTH": "24",
        "WDT0_TIMER_WIDTH": "16",
        "WDT0_M_Addr": "32'd73728",
        "WDT0_INT_ID": "32",
        "RAM_OPT": "1'b0",
        "SOC_MODE": "1",
        "MULDIV_EXT": "1'b0",
        "BARREL_SHIFTER": "1'b0",
        "REDUCED_CSR": "1'b1",
        "DDRCLK_DOMAIN": "1",
        "DDR_OPT": "1",
        "SW_REMOVED": "1'b0"
    },
    "output_info": {
        "external_script_generator": [],
        "external_source_source": [
            "micro_risc_v1/micro_risc_v1_tmpl.v",
            "micro_risc_v1/micro_risc_v1.v",
            "micro_risc_v1/micro_risc_v1_define.vh",
            "micro_risc_v1/micro_risc_v1_tmpl.vhd"
        ],
        "external_script_script": [],
        "external_script_embedded_sw": [],
        "external_example_design": [
            "micro_risc_v1/T120F324_devkit/design_modules.v",
            "micro_risc_v1/T120F324_devkit/ddr_reset_sequencer.v",
            "micro_risc_v1/T120F324_devkit/soc.hex",
            "micro_risc_v1/T120F324_devkit/micro_risc_v1.v",
            "micro_risc_v1/T120F324_devkit/micro_risc_v1_define.vh",
            "micro_risc_v1/T120F324_devkit/soc.xml"
        ],
        "external_example_design_ti": [
            "micro_risc_v1/Ti60F225_devkit/design_modules.v",
            "micro_risc_v1/Ti60F225_devkit/hbram_top.v",
            "micro_risc_v1/Ti60F225_devkit/hbram_top_define.vh",
            "micro_risc_v1/Ti60F225_devkit/soc.hex",
            "micro_risc_v1/Ti60F225_devkit/micro_risc_v1.v",
            "micro_risc_v1/Ti60F225_devkit/micro_risc_v1_define.vh",
            "micro_risc_v1/Ti60F225_devkit/soc.xml"
        ],
        "external_example_design_ti180": [
            "micro_risc_v1/Ti180J484_devkit/design_modules.v",
            "micro_risc_v1/Ti180J484_devkit/micro_risc_v1.v",
            "micro_risc_v1/Ti180J484_devkit/micro_risc_v1_define.vh",
            "micro_risc_v1/Ti180J484_devkit/soc.xml"
        ],
        "external_example_design_tz170": [
            "micro_risc_v1/Tz170J484_devkit/design_modules.v",
            "micro_risc_v1/Tz170J484_devkit/micro_risc_v1.v",
            "micro_risc_v1/Tz170J484_devkit/micro_risc_v1_define.vh",
            "micro_risc_v1/Tz170J484_devkit/soc.xml"
        ],
        "external_testbench_testbench": [
            "micro_risc_v1/Testbench/MEM_IM.TXT",
            "micro_risc_v1/Testbench/SECSI.TXT",
            "micro_risc_v1/Testbench/SFDP.TXT",
            "micro_risc_v1/Testbench/SREG.TXT",
            "micro_risc_v1/Testbench/README",
            "micro_risc_v1/Testbench/tb_soc.do",
            "micro_risc_v1/Testbench/modelsim.do",
            "micro_risc_v1/Testbench/wave.do",
            "micro_risc_v1/Testbench/aldec.do",
            "micro_risc_v1/Testbench/design_modules.v",
            "micro_risc_v1/Testbench/sim_modules.v",
            "micro_risc_v1/Testbench/W25Q32JVxxIM.v",
            "micro_risc_v1/Testbench/micro_risc_v1.v",
            "micro_risc_v1/Testbench/micro_risc_v1_define.vh"
        ],
        "external_testbench_modelsim": [
            "micro_risc_v1/Testbench/modelsim/micro_risc_v1.v"
        ],
        "external_testbench_aldec": [
            "micro_risc_v1/Testbench/aldec/micro_risc_v1.v"
        ],
        "external_testbench_ncsim": [
            "micro_risc_v1/Testbench/ncsim/micro_risc_v1.v"
        ],
        "external_testbench_synopsys": [
            "micro_risc_v1/Testbench/synopsys/micro_risc_v1.v"
        ]
    },
    "ooc_synthesis": {}
}
[2025-08-08 23:22:50] [INFO    ] [gui.api_wrapper] [id-1754688167] [GET_SETTINGS_JSON-DONE] Successfully parsed settings_json
[2025-08-08 23:22:50] [INFO    ] [common.efinity_grpc_watcher] [id-1754688167] [WATCHER-START-BEGIN] Efinity grpc start monitoring
[2025-08-08 23:22:50] [INFO    ] [efx_ipmgr.api_v2] [id-1754688167] [LOAD_IP-BEGIN] Starting load IP
[2025-08-08 23:22:50] [INFO    ] [efx_ipmgr.api_v2] [id-1754688167] [PICKLE_LOAD-BEGIN] using pickle to load...
[2025-08-08 23:22:51] [INFO    ] [efx_ipmgr.api_v2] [id-1754688167] [PICKLE_LOAD-DONE] Loading with pickle done.
[2025-08-08 23:22:51] [INFO    ] [efx_ipmgr.api_v2] [id-1754688167] [LOAD_IP-DONE] Starting load IP
[2025-08-08 23:22:51] [INFO    ] [gui.api_wrapper] [id-1754688167] [GET_IP_DOCUMENTATION-BEGIN] Getting IP documentation...
[2025-08-08 23:22:51] [INFO    ] [efx_ipmgr.api_v2] [id-1754688167] [GET_IP_DOCUMENTATION] IP Documentation Link: file://${IP_LIBRARY_ROOT}/efx_soc/efx_soc/ipm/doc/topics/hlp-sapphire-soc.html
[2025-08-08 23:22:51] [INFO    ] [efx_ipmgr.api_v2] [id-1754688167] [GET_IP_DOCUMENTATION] Resolved ip documentation uri: /home/olle/efinix/efinity/2025.1/ipm/ip/efx_soc/efx_soc/ipm/doc/topics/hlp-sapphire-soc.html
[2025-08-08 23:22:51] [INFO    ] [gui.api_wrapper] [id-1754688167] [GET_IP_DOCUMENTATION-DONE] IP documentation location successfully loaded
[2025-08-08 23:22:51] [INFO    ] [gui.api_wrapper] [id-1754688167] [GET_PARAMS-BEGIN] Getting IP params...
[2025-08-08 23:22:51] [INFO    ] [gui.api_wrapper] [id-1754688167] [GET_PARAMS-DONE] Choices and params obtained
[2025-08-08 23:22:51] [INFO    ] [gui.ip_config_window] [id-1754688167] [IP-CONFIG-SETUP-PARAMS-BEGIN] Setting up params...
[2025-08-08 23:22:51] [INFO    ] [gui.ip_config_window] [id-1754688167] [IP-CONFIG-SETUP-PARAMS-DONE] Param setup done.
[2025-08-08 23:22:51] [INFO    ] [gui.api_wrapper] [id-1754688167] [GET_FILESETS-BEGIN] Getting ip filesets...
[2025-08-08 23:22:51] [INFO    ] [gui.api_wrapper] [id-1754688167] [GET_FILESETS] IP filesets successfully obtained
[2025-08-08 23:22:51] [INFO    ] [gui.api_wrapper] [id-1754688167] [GET_FILESETS] Cross checking with compulsory table.
[2025-08-08 23:22:51] [INFO    ] [gui.api_wrapper] [id-1754688167] [GET_FILESETS-DONE] GUI Filesets obtained.
[2025-08-08 23:22:51] [INFO    ] [gui.api_wrapper] [id-1754688167] [GET_CONFIG_TEMPLATE-BEGIN] Getting config_template.json file...
[2025-08-08 23:22:51] [INFO    ] [efx_ipmgr.api_v2] [id-1754688167] [GET_IP_GUI_TEMPLATE] GUI Template Link: file://${IP_LIBRARY_ROOT}/efx_soc/efx_soc/ipm/gui/config_template.json
[2025-08-08 23:22:51] [INFO    ] [efx_ipmgr.api_v2] [id-1754688167] [GET_IP_GUI_TEMPLATE] Resolved gui template uri: /home/olle/efinix/efinity/2025.1/ipm/ip/efx_soc/efx_soc/ipm/gui/config_template.json
[2025-08-08 23:22:51] [INFO    ] [gui.api_wrapper] [id-1754688167] [GET_CONFIG_TEMPLATE] UI Path obtained. Loading json file...
[2025-08-08 23:22:51] [INFO    ] [gui.api_wrapper] [id-1754688167] [GET_CONFIG_TEMPLATE-DONE] Config_template.json file successfully loaded.
[2025-08-08 23:22:51] [INFO    ] [gui.ip_config_window] [id-1754688167] [IP-CONFIG-SETUP-BLOCK-DIAGRAM-BEGIN] Setting up block diagram viewer...
[2025-08-08 23:22:51] [INFO    ] [gui.ip_config_window] [id-1754688167] [IP-CONFIG-SETUP-BLOCK-DIAGRAM-DONE] Block diagram viewer set up.
[2025-08-08 23:22:51] [INFO    ] [gui.ip_config_window] [id-1754688167] [IP-CONFIG-START-DONE] IP Config Window initialized
[2025-08-08 23:23:26] [INFO    ] [gui.ip_config_window] [id-1754688167] [IP-CONFIG-STOP] IP Config Window has closed
[2025-08-08 23:23:26] [INFO    ] [common.efinity_grpc_watcher] [id-1754688167] [WATCHER-STOP-BEGIN] Stopping Efinity grpc watch...
[2025-08-08 23:23:26] [INFO    ] [common.efinity_grpc_watcher] [id-1754688167] [WATCHER-STOP-DONE] Efinity grpc watch stopped
[2025-08-08 23:23:26] [INFO    ] [common.efinity_grpc_watcher] [id-1754688167] [WATCHER-RUN] Cancelling ping stream as ipm is closing.
[2025-08-08 23:23:26] [INFO    ] [common.console] [id-1754688167] [CONSOLE-STOP] Exec Stop Process thread = <PyQt6.QtCore.QThread object at 0x73b38a7d7b50>
[2025-08-08 23:23:26] [INFO    ] [common.console] [id-1754688167] [CONSOLE-STOP] Console message consumer thread stops.
[2025-08-08 23:23:27] [INFO    ] [common.console] [id-1754688167] [CONSOLE-DISCONNECTED] Consumer_obj disconnected on finish
